Gene,Non-unique Gene name,Annotation,No. isolates,No. sequences,Avg sequences per isolate,Genome Fragment,Order within Fragment,Accessory Fragment,Accessory Order with Fragment,QC,Min group size nuc,Max group size nuc,Avg group size nuc,45709_F01_Reference,ASM167680v1_TraditionalKoreanKimichi,ASM211732v1_BrewerySurface,ASM211734v1_WheatBeer,ASM276217v1_FemaleGut,ASM3988027v1_TenebrioMolitorFeces,ASM5041081v1_TomatoeFruit,ASM622820v1_BeerKeg,ASM622828v1_Beer,LBPURC4201_assembly_Sourdough
add,add,Adenosine deaminase,10,10,1.0,1,4672,,,,1044,1044,1044.0,JECDCPOO_00303,KDAEOHOB_00562,OPNKAGHI_02354,KAHEJOMD_00335,HMEEEBGO_01500,KGEHKDDB_00301,GMGKJONF_00331,HLLCJJMH_00347,BMKFACGC_00335,FHDKMCMF_00278
divIB_2~~~divIB_1~~~divIB,divIB_2;divIB_1;divIB,Cell division protein DivIB,10,11,1.1,1,4671,,,,387,870,791.1818181818181,JECDCPOO_01462,KDAEOHOB_01802,OPNKAGHI_01149,KAHEJOMD_01612,HMEEEBGO_00075,KGEHKDDB_01534,GMGKJONF_01585;GMGKJONF_01584,HLLCJJMH_01635,BMKFACGC_01106,FHDKMCMF_01638
group_3099,,hypothetical protein,10,10,1.0,1,4670,,,,291,363,355.8,JECDCPOO_00885,KDAEOHOB_01161,OPNKAGHI_01746,KAHEJOMD_01029,HMEEEBGO_00874,KGEHKDDB_00886,GMGKJONF_00939,HLLCJJMH_00935,BMKFACGC_00967,FHDKMCMF_02209
group_3098,,hypothetical protein,10,10,1.0,1,4669,,,,555,555,555.0,JECDCPOO_02235,KDAEOHOB_02480,OPNKAGHI_00303,KAHEJOMD_02364,HMEEEBGO_02132,KGEHKDDB_02255,GMGKJONF_02321,HLLCJJMH_02339,BMKFACGC_02329,FHDKMCMF_00900
carD,carD,Caffeyl-CoA reductase-Etf complex subunit CarD,10,10,1.0,1,4666,,,,609,795,776.4,JECDCPOO_02024,KDAEOHOB_02290,OPNKAGHI_00504,KAHEJOMD_02161,HMEEEBGO_02344,KGEHKDDB_02070,GMGKJONF_02124,HLLCJJMH_02123,BMKFACGC_02143,FHDKMCMF_01087
group_3095,,hypothetical protein,10,10,1.0,1,4665,,,,321,321,321.0,JECDCPOO_02084,KDAEOHOB_02352,OPNKAGHI_00441,KAHEJOMD_02223,HMEEEBGO_02283,KGEHKDDB_02131,GMGKJONF_02187,HLLCJJMH_02184,BMKFACGC_02206,FHDKMCMF_01027
group_3094,,hypothetical protein,10,10,1.0,1,4664,,,,207,207,207.0,JECDCPOO_00787,KDAEOHOB_01068,OPNKAGHI_01843,KAHEJOMD_00928,HMEEEBGO_00972,KGEHKDDB_00792,GMGKJONF_00842,HLLCJJMH_00840,BMKFACGC_00863,FHDKMCMF_02303
group_3093,,hypothetical protein,10,10,1.0,1,4663,,,,501,555,549.6,JECDCPOO_00286,KDAEOHOB_00544,OPNKAGHI_02378,KAHEJOMD_00318,HMEEEBGO_01517,KGEHKDDB_00284,GMGKJONF_00314,HLLCJJMH_00330,BMKFACGC_00318,FHDKMCMF_00295
addB_2~~~addB_1~~~addB,addB_2;addB_1;addB,ATP-dependent helicase/deoxyribonuclease subunit B,10,11,1.1,1,4661,,,,846,3606,3282.5454545454545,JECDCPOO_02457,KDAEOHOB_00210,OPNKAGHI_02595,KAHEJOMD_02582,HMEEEBGO_01871,KGEHKDDB_02492,GMGKJONF_02533;GMGKJONF_02534,HLLCJJMH_02584,BMKFACGC_02568,FHDKMCMF_00664
group_3092,,hypothetical protein,10,10,1.0,1,4660,,,,126,126,126.0,JECDCPOO_01180,KDAEOHOB_01445,OPNKAGHI_01435,KAHEJOMD_01316,HMEEEBGO_00499,KGEHKDDB_01170,GMGKJONF_01225,HLLCJJMH_01219,BMKFACGC_01409,FHDKMCMF_01924
nagR_1~~~nagR_2,nagR_1;nagR_2,HTH-type transcriptional repressor NagR,10,10,1.0,1,4659,,,,702,729,704.7,JECDCPOO_00586,KDAEOHOB_00844,OPNKAGHI_02065,KAHEJOMD_00627,HMEEEBGO_01208,KGEHKDDB_00596,GMGKJONF_00623,HLLCJJMH_00633,BMKFACGC_00629,FHDKMCMF_02499
hisC~~~norG,hisC;norG,Histidinol-phosphate aminotransferase;HTH-type transcriptional regulator NorG,10,10,1.0,1,4658,,,,1254,1398,1383.6,JECDCPOO_02314,KDAEOHOB_00060,OPNKAGHI_00218,KAHEJOMD_02433,HMEEEBGO_02015,KGEHKDDB_02341,GMGKJONF_02383,HLLCJJMH_02419,BMKFACGC_02402,FHDKMCMF_00825
group_3091,,hypothetical protein,10,10,1.0,1,4657,,,,1128,1128,1128.0,JECDCPOO_02423,KDAEOHOB_00179,OPNKAGHI_00129,KAHEJOMD_02547,HMEEEBGO_01902,KGEHKDDB_02455,GMGKJONF_02500,HLLCJJMH_02506,BMKFACGC_02535,FHDKMCMF_00703
cah,cah,Carbonic anhydrase,10,10,1.0,1,4656,,,,639,639,639.0,JECDCPOO_02425,KDAEOHOB_00180,OPNKAGHI_00127,KAHEJOMD_02548,HMEEEBGO_01901,KGEHKDDB_02456,GMGKJONF_02502,HLLCJJMH_02505,BMKFACGC_02537,FHDKMCMF_00702
hdlIVa,hdl IVa,(S)-2-haloacid dehalogenase 4A,10,10,1.0,1,4655,,,,654,654,654.0,JECDCPOO_02357,KDAEOHOB_00108,OPNKAGHI_00182,KAHEJOMD_02477,HMEEEBGO_01965,KGEHKDDB_02384,GMGKJONF_02436,HLLCJJMH_02464,BMKFACGC_02451,FHDKMCMF_00780
group_3090,,Calcium-transporting ATPase 1,10,11,1.1,1,4654,,,,1266,2649,2408.181818181818,JECDCPOO_01070,KDAEOHOB_01344,OPNKAGHI_01551;OPNKAGHI_01550,KAHEJOMD_01211,HMEEEBGO_00602,KGEHKDDB_01069,GMGKJONF_01121,HLLCJJMH_01118,BMKFACGC_01488,FHDKMCMF_02026
group_3089,,hypothetical protein,10,10,1.0,1,4653,,,,1314,1314,1314.0,JECDCPOO_01072,KDAEOHOB_01346,OPNKAGHI_01548,KAHEJOMD_01213,HMEEEBGO_00600,KGEHKDDB_01071,GMGKJONF_01123,HLLCJJMH_01120,BMKFACGC_01486,FHDKMCMF_02024
group_3087,,hypothetical protein,10,10,1.0,1,4651,,,,288,288,288.0,JECDCPOO_02350,KDAEOHOB_00101,OPNKAGHI_00190,KAHEJOMD_02470,HMEEEBGO_01972,KGEHKDDB_02377,GMGKJONF_02429,HLLCJJMH_02457,BMKFACGC_02444,FHDKMCMF_00787
group_3085,,hypothetical protein,10,10,1.0,1,4649,,,,216,504,448.5,JECDCPOO_00942,KDAEOHOB_01218,OPNKAGHI_01687,KAHEJOMD_01085,HMEEEBGO_00818,KGEHKDDB_00942,GMGKJONF_00995,HLLCJJMH_00991,BMKFACGC_01027,FHDKMCMF_02153
group_3082,,hypothetical protein,10,10,1.0,1,4644,,,,855,906,900.9,JECDCPOO_00845,KDAEOHOB_01126,OPNKAGHI_01783,KAHEJOMD_00989,HMEEEBGO_00914,KGEHKDDB_00850,GMGKJONF_00900,HLLCJJMH_00899,BMKFACGC_00925,FHDKMCMF_02245
tsaD,tsaD,tRNA N6-adenosine threonylcarbamoyltransferase,10,10,1.0,1,4643,,,,1050,1050,1050.0,JECDCPOO_00657,KDAEOHOB_00921,OPNKAGHI_01991,KAHEJOMD_00708,HMEEEBGO_01132,KGEHKDDB_00667,GMGKJONF_00700,HLLCJJMH_00709,BMKFACGC_00706,FHDKMCMF_02428
group_3081,,hypothetical protein,10,10,1.0,1,4642,,,,327,327,327.0,JECDCPOO_02281,KDAEOHOB_00033,OPNKAGHI_00260,KAHEJOMD_02407,HMEEEBGO_02049,KGEHKDDB_02308,GMGKJONF_02357,HLLCJJMH_02386,BMKFACGC_02376,FHDKMCMF_00858
pdhD_1,pdhD_1,Dihydrolipoyl dehydrogenase,10,10,1.0,1,4640,,,,1293,1428,1414.5,JECDCPOO_01421,KDAEOHOB_01761,OPNKAGHI_01193,KAHEJOMD_01569,HMEEEBGO_00117,KGEHKDDB_01493,GMGKJONF_01542,HLLCJJMH_01593,BMKFACGC_01150,FHDKMCMF_01679
comGA,comGA,Competence protein ComGA,10,10,1.0,1,4639,,,,777,966,947.1,JECDCPOO_00892,KDAEOHOB_01168,OPNKAGHI_01738,KAHEJOMD_01036,HMEEEBGO_00867,KGEHKDDB_00893,GMGKJONF_00946,HLLCJJMH_00942,BMKFACGC_00975,FHDKMCMF_02202
pnuC_2,pnuC_2,Nicotinamide riboside transporter PnuC,10,10,1.0,1,4638,,,,621,729,718.2,JECDCPOO_00970,KDAEOHOB_01245,OPNKAGHI_01657,KAHEJOMD_01112,HMEEEBGO_00702,KGEHKDDB_00969,GMGKJONF_01022,HLLCJJMH_01018,BMKFACGC_01598,FHDKMCMF_02126
yagU,yagU;,Inner membrane protein YagU;hypothetical protein,10,12,1.2,1,4637,,,,156,522,435.0,JECDCPOO_00312,KDAEOHOB_00571,OPNKAGHI_02342;OPNKAGHI_02343,KAHEJOMD_00344,HMEEEBGO_01491,KGEHKDDB_00310,GMGKJONF_00341;GMGKJONF_00342,HLLCJJMH_00356,BMKFACGC_00344,FHDKMCMF_00269
ywnH,ywnH,Putative phosphinothricin acetyltransferase YwnH,10,10,1.0,1,4636,,,,498,498,498.0,JECDCPOO_02195,KDAEOHOB_02441,OPNKAGHI_00342,KAHEJOMD_02328,HMEEEBGO_02169,KGEHKDDB_02216,GMGKJONF_02276,HLLCJJMH_02302,BMKFACGC_02289,FHDKMCMF_00937
group_3079,,hypothetical protein,10,10,1.0,1,4635,,,,426,1263,1179.3,JECDCPOO_00469,KDAEOHOB_00728,OPNKAGHI_02192,KAHEJOMD_00506,HMEEEBGO_01332,KGEHKDDB_00467,GMGKJONF_00502,HLLCJJMH_00512,BMKFACGC_00499,FHDKMCMF_00111
group_3078,,hypothetical protein,10,10,1.0,1,4634,,,,933,993,987.0,JECDCPOO_00054,KDAEOHOB_00307,OPNKAGHI_00067,KAHEJOMD_00069,HMEEEBGO_01767,KGEHKDDB_00049,GMGKJONF_00076,HLLCJJMH_00094,BMKFACGC_00060,FHDKMCMF_00530
group_3077,,hypothetical protein,10,10,1.0,1,4633,,,,648,717,654.9,JECDCPOO_02493,KDAEOHOB_00248,OPNKAGHI_02646,KAHEJOMD_02617,HMEEEBGO_01834,KGEHKDDB_02536,GMGKJONF_02572,HLLCJJMH_02633,BMKFACGC_02613,FHDKMCMF_00619
group_3076,,hypothetical protein,10,10,1.0,1,4632,,,,324,381,363.9,JECDCPOO_01182,KDAEOHOB_01447,OPNKAGHI_01433,KAHEJOMD_01318,HMEEEBGO_00497,KGEHKDDB_01172,GMGKJONF_01227,HLLCJJMH_01221,BMKFACGC_01407,FHDKMCMF_01922
ydjH,ydjH,putative sugar kinase YdjH,10,10,1.0,1,4628,,,,879,879,879.0,JECDCPOO_02407,KDAEOHOB_00161,OPNKAGHI_00147,KAHEJOMD_02530,HMEEEBGO_01920,KGEHKDDB_02436,GMGKJONF_02482,HLLCJJMH_02526,BMKFACGC_02517,FHDKMCMF_00724
group_3072,,hypothetical protein,10,10,1.0,1,4627,,,,576,615,579.9,JECDCPOO_01864,KDAEOHOB_02136,OPNKAGHI_00665,KAHEJOMD_01992,HMEEEBGO_02577,KGEHKDDB_01908,GMGKJONF_01959,HLLCJJMH_01954,BMKFACGC_01973,FHDKMCMF_01250
lplJ_2,lplJ_2,Lipoate-protein ligase LplJ,10,10,1.0,1,4626,,,,1020,1020,1020.0,JECDCPOO_01762,KDAEOHOB_02029,OPNKAGHI_00765,KAHEJOMD_01889,HMEEEBGO_02688,KGEHKDDB_01801,GMGKJONF_01857,HLLCJJMH_01846,BMKFACGC_01867,FHDKMCMF_01362
group_3071,,hypothetical protein,10,10,1.0,1,4625,,,,894,927,897.3,JECDCPOO_01126,KDAEOHOB_01393,OPNKAGHI_01497,KAHEJOMD_01260,HMEEEBGO_00552,KGEHKDDB_01118,GMGKJONF_01171,HLLCJJMH_01167,BMKFACGC_01435,FHDKMCMF_01976
fabZ_1~~~fabZ_2,fabZ_1;fabZ_2,3-hydroxyacyl-[acyl-carrier-protein] dehydratase FabZ,10,10,1.0,1,4624,,,,411,411,411.0,JECDCPOO_01088,KDAEOHOB_01362,OPNKAGHI_01533,KAHEJOMD_01229,HMEEEBGO_00584,KGEHKDDB_01087,GMGKJONF_01139,HLLCJJMH_01136,BMKFACGC_01470,FHDKMCMF_02008
agrA,agrA,Accessory gene regulator A,10,10,1.0,1,4622,,,,681,756,748.5,JECDCPOO_00184,KDAEOHOB_00440,OPNKAGHI_02490,KAHEJOMD_00219,HMEEEBGO_01619,KGEHKDDB_00182,GMGKJONF_00208,HLLCJJMH_00226,BMKFACGC_00204,FHDKMCMF_00397
pduO_2~~~pduO_1,pduO_2;pduO_1,Corrinoid adenosyltransferase PduO,10,10,1.0,1,4621,,,,417,507,476.4,JECDCPOO_01710,KDAEOHOB_01957,OPNKAGHI_00817,KAHEJOMD_01838,HMEEEBGO_02742,KGEHKDDB_01753,GMGKJONF_01809,HLLCJJMH_01794,BMKFACGC_01820,FHDKMCMF_01412
group_3069,,hypothetical protein,10,10,1.0,1,4620,,,,1242,1242,1242.0,JECDCPOO_00172,KDAEOHOB_00428,OPNKAGHI_02502,KAHEJOMD_00207,HMEEEBGO_01631,KGEHKDDB_00170,GMGKJONF_00195,HLLCJJMH_00214,BMKFACGC_00192,FHDKMCMF_00409
argP~~~metR,argP;;metR,HTH-type transcriptional regulator ArgP;hypothetical protein;HTH-type transcriptional regulator MetR,10,11,1.1,1,4619,,,,462,909,827.7272727272727,JECDCPOO_02232,KDAEOHOB_02477,OPNKAGHI_00306,KAHEJOMD_02361,HMEEEBGO_02135,KGEHKDDB_02252,GMGKJONF_02317;GMGKJONF_02318,HLLCJJMH_02336,BMKFACGC_02326,FHDKMCMF_00903
group_3068,,hypothetical protein,10,10,1.0,1,4618,,,,945,945,945.0,JECDCPOO_00081,KDAEOHOB_00334,OPNKAGHI_00092,KAHEJOMD_00100,HMEEEBGO_01738,KGEHKDDB_00076,GMGKJONF_00103,HLLCJJMH_00121,BMKFACGC_00094,FHDKMCMF_00503
group_3065,,hypothetical protein,10,10,1.0,1,4614,,,,447,447,447.0,JECDCPOO_01991,KDAEOHOB_02262,OPNKAGHI_00531,KAHEJOMD_02129,HMEEEBGO_02375,KGEHKDDB_02039,GMGKJONF_02097,HLLCJJMH_02087,BMKFACGC_02107,FHDKMCMF_01118
hgdH,hgdH,(R)-2-hydroxyglutarate dehydrogenase,10,10,1.0,1,4613,,,,882,1002,990.0,JECDCPOO_00220,KDAEOHOB_00476,OPNKAGHI_02449,KAHEJOMD_00258,HMEEEBGO_01582,KGEHKDDB_00219,GMGKJONF_00252,HLLCJJMH_00263,BMKFACGC_00241,FHDKMCMF_00360
araD_1,araD_1,L-ribulose-5-phosphate 4-epimerase,10,10,1.0,1,4612,,,,606,729,716.7,JECDCPOO_01853,KDAEOHOB_02120,OPNKAGHI_00676,KAHEJOMD_01981,HMEEEBGO_02596,KGEHKDDB_01892,GMGKJONF_01948,HLLCJJMH_01937,BMKFACGC_01960,FHDKMCMF_01270
rpoE,rpoE,putative DNA-directed RNA polymerase subunit delta,10,10,1.0,1,4611,,,,624,669,664.5,JECDCPOO_00525,KDAEOHOB_00785,OPNKAGHI_02131,KAHEJOMD_00563,HMEEEBGO_01272,KGEHKDDB_00524,GMGKJONF_00559,HLLCJJMH_00569,BMKFACGC_00563,FHDKMCMF_00054
arlR_1~~~arlR_2,arlR_1;arlR_2,Response regulator ArlR,10,10,1.0,1,4609,,,,663,687,684.6,JECDCPOO_00999,KDAEOHOB_01274,OPNKAGHI_01628,KAHEJOMD_01140,HMEEEBGO_00673,KGEHKDDB_00998,GMGKJONF_01051,HLLCJJMH_01047,BMKFACGC_01563,FHDKMCMF_02097
group_3064,,hypothetical protein,10,10,1.0,1,4608,,,,270,270,270.0,JECDCPOO_00027,KDAEOHOB_00282,OPNKAGHI_00025,KAHEJOMD_00027,HMEEEBGO_01795,KGEHKDDB_00024,GMGKJONF_00027,HLLCJJMH_00024,BMKFACGC_00024,FHDKMCMF_00583
group_3063,,Multidrug efflux system ATP-binding protein,10,10,1.0,1,4607,,,,894,894,894.0,JECDCPOO_00153,KDAEOHOB_00409,OPNKAGHI_02522,KAHEJOMD_00179,HMEEEBGO_01658,KGEHKDDB_00151,GMGKJONF_00176,HLLCJJMH_00195,BMKFACGC_00165,FHDKMCMF_00428
stp_3~~~stp_1,stp_3;;stp_1,Multidrug resistance protein Stp;hypothetical protein,10,11,1.1,1,4605,,,,819,1716,1534.909090909091,JECDCPOO_00192,KDAEOHOB_00448,OPNKAGHI_02482;OPNKAGHI_02481,KAHEJOMD_00227,HMEEEBGO_01611,KGEHKDDB_00190,GMGKJONF_00216,HLLCJJMH_00234,BMKFACGC_00212,FHDKMCMF_00389
xylP_5~~~xylP_4,xylP_5;xylP_4,Isoprimeverose transporter,10,10,1.0,1,4604,,,,1329,1380,1374.9,JECDCPOO_02336,KDAEOHOB_00082,OPNKAGHI_00204,KAHEJOMD_02455,HMEEEBGO_01993,KGEHKDDB_02363,GMGKJONF_02403,HLLCJJMH_02442,BMKFACGC_02425,FHDKMCMF_00802
murQ,murQ,N-acetylmuramic acid 6-phosphate etherase,10,10,1.0,1,4603,,,,741,909,892.2,JECDCPOO_01438,KDAEOHOB_01778,OPNKAGHI_01174,KAHEJOMD_01587,HMEEEBGO_00100,KGEHKDDB_01510,GMGKJONF_01559,HLLCJJMH_01610,BMKFACGC_01131,FHDKMCMF_01662
lspA,lspA,Lipoprotein signal peptidase,10,10,1.0,1,4602,,,,465,525,477.0,JECDCPOO_01198,KDAEOHOB_01459,OPNKAGHI_01420,KAHEJOMD_01330,HMEEEBGO_00485,KGEHKDDB_01184,GMGKJONF_01239,HLLCJJMH_01233,BMKFACGC_01395,FHDKMCMF_01910
group_3062,,hypothetical protein,10,10,1.0,1,4601,,,,345,420,382.5,JECDCPOO_01196,KDAEOHOB_01457,OPNKAGHI_01423,KAHEJOMD_01328,HMEEEBGO_00487,KGEHKDDB_01182,GMGKJONF_01237,HLLCJJMH_01231,BMKFACGC_01397,FHDKMCMF_01912
group_3061,,hypothetical protein,10,10,1.0,1,4600,,,,396,903,852.3,JECDCPOO_02030,KDAEOHOB_02296,OPNKAGHI_00501,KAHEJOMD_02167,HMEEEBGO_02338,KGEHKDDB_02076,GMGKJONF_02130,HLLCJJMH_02129,BMKFACGC_02150,FHDKMCMF_01081
def_2,def_2,Peptide deformylase,10,10,1.0,1,4598,,,,276,411,397.5,JECDCPOO_02105,KDAEOHOB_02373,OPNKAGHI_00424,KAHEJOMD_02244,HMEEEBGO_02262,KGEHKDDB_02152,GMGKJONF_02208,HLLCJJMH_02206,BMKFACGC_02231,FHDKMCMF_01003
pcp,pcp,Pyrrolidone-carboxylate peptidase,10,10,1.0,1,4597,,,,615,615,615.0,JECDCPOO_02130,KDAEOHOB_02377,OPNKAGHI_00420,KAHEJOMD_02248,HMEEEBGO_02258,KGEHKDDB_02156,GMGKJONF_02212,HLLCJJMH_02210,BMKFACGC_02236,FHDKMCMF_00999
msrA_2,msrA_2,Peptide methionine sulfoxide reductase MsrA,10,10,1.0,1,4596,,,,528,531,529.8,JECDCPOO_01312,KDAEOHOB_01576,OPNKAGHI_01301,KAHEJOMD_01462,HMEEEBGO_00368,KGEHKDDB_01305,GMGKJONF_01351,HLLCJJMH_01371,BMKFACGC_01267,FHDKMCMF_01785
degV_2~~~degV_3,degV_2;degV_3,Protein DegV,10,10,1.0,1,4594,,,,711,864,848.7,JECDCPOO_01488,KDAEOHOB_01829,OPNKAGHI_01111,KAHEJOMD_01638,HMEEEBGO_00049,KGEHKDDB_01561,GMGKJONF_01611,HLLCJJMH_01662,BMKFACGC_01080,FHDKMCMF_01611
menH_1~~~menH_3,menH_1;menH_3,2-succinyl-6-hydroxy-24-cyclohexadiene-1-carboxylate synthase,10,10,1.0,1,4593,,,,849,945,935.4,JECDCPOO_02264,KDAEOHOB_02510,OPNKAGHI_00273,KAHEJOMD_02394,HMEEEBGO_02103,KGEHKDDB_02280,GMGKJONF_02345,HLLCJJMH_02369,BMKFACGC_02363,FHDKMCMF_00875
group_3057,,hypothetical protein,10,10,1.0,1,4591,,,,630,660,657.0,JECDCPOO_00255,KDAEOHOB_00513,OPNKAGHI_02409,KAHEJOMD_00292,HMEEEBGO_01547,KGEHKDDB_00253,GMGKJONF_00288,HLLCJJMH_00298,BMKFACGC_00282,FHDKMCMF_00326
pduH~~~ddrB,pduH;ddrB,Propanediol dehydratase-reactivating factor small subunit;Diol dehydratase-reactivating factor small subunit,10,10,1.0,1,4590,,,,354,354,354.0,JECDCPOO_01717,KDAEOHOB_01964,OPNKAGHI_00810,KAHEJOMD_01845,HMEEEBGO_02735,KGEHKDDB_01760,GMGKJONF_01816,HLLCJJMH_01801,BMKFACGC_01827,FHDKMCMF_01405
mnmE,mnmE,tRNA modification GTPase MnmE,10,10,1.0,1,4588,,,,1314,1395,1386.9,JECDCPOO_02500,KDAEOHOB_00254,OPNKAGHI_02654,KAHEJOMD_02624,HMEEEBGO_01827,KGEHKDDB_02543,GMGKJONF_02579,HLLCJJMH_02640,BMKFACGC_02620,FHDKMCMF_00612
group_3056,,hypothetical protein,10,10,1.0,1,4587,,,,1032,1032,1032.0,JECDCPOO_00615,KDAEOHOB_00874,OPNKAGHI_02033,KAHEJOMD_00657,HMEEEBGO_01179,KGEHKDDB_00625,GMGKJONF_00652,HLLCJJMH_00666,BMKFACGC_00658,FHDKMCMF_02470
group_3055,lysN_1;lysN_2,2-aminoadipate transaminase,10,10,1.0,1,4586,,,,1107,1212,1201.5,JECDCPOO_02417,KDAEOHOB_00171,OPNKAGHI_00140,KAHEJOMD_02539,HMEEEBGO_01910,KGEHKDDB_02446,GMGKJONF_02492,HLLCJJMH_02515,BMKFACGC_02529,FHDKMCMF_00714
guaA_1~~~guaA_2,guaA_1;guaA_2,GMP synthase [glutamine-hydrolyzing],10,10,1.0,1,4585,,,,675,675,675.0,JECDCPOO_02415,KDAEOHOB_00169,OPNKAGHI_00142,KAHEJOMD_02537,HMEEEBGO_01912,KGEHKDDB_02444,GMGKJONF_02490,HLLCJJMH_02518,BMKFACGC_02522,FHDKMCMF_00716
group_3052,,hypothetical protein,10,10,1.0,1,4582,,,,399,735,699.0,JECDCPOO_00016,KDAEOHOB_00274,OPNKAGHI_00018,KAHEJOMD_00016,HMEEEBGO_01805,KGEHKDDB_00016,GMGKJONF_00017,HLLCJJMH_00016,BMKFACGC_00016,FHDKMCMF_00591
group_3051,,hypothetical protein,10,10,1.0,1,4581,,,,804,804,804.0,JECDCPOO_00178,KDAEOHOB_00434,OPNKAGHI_02496,KAHEJOMD_00213,HMEEEBGO_01625,KGEHKDDB_00176,GMGKJONF_00201,HLLCJJMH_00220,BMKFACGC_00198,FHDKMCMF_00403
group_3049,,hypothetical protein,10,10,1.0,1,4579,,,,549,549,549.0,JECDCPOO_01668,KDAEOHOB_01915,OPNKAGHI_00863,KAHEJOMD_01796,HMEEEBGO_02785,KGEHKDDB_01712,GMGKJONF_01767,HLLCJJMH_01753,BMKFACGC_01777,FHDKMCMF_01453
pcrA,pcrA,ATP-dependent DNA helicase PcrA,10,10,1.0,1,4578,,,,2172,2253,2244.9,JECDCPOO_01734,KDAEOHOB_01981,OPNKAGHI_00793,KAHEJOMD_01862,HMEEEBGO_02718,KGEHKDDB_01777,GMGKJONF_01834,HLLCJJMH_01818,BMKFACGC_01844,FHDKMCMF_01387
copY,copY,Transcriptional repressor CopY,10,10,1.0,1,4577,,,,447,447,447.0,JECDCPOO_00295,KDAEOHOB_00554,OPNKAGHI_02362,KAHEJOMD_00327,HMEEEBGO_01508,KGEHKDDB_00293,GMGKJONF_00323,HLLCJJMH_00339,BMKFACGC_00327,FHDKMCMF_00286
group_3045,,hypothetical protein,10,10,1.0,1,4573,,,,201,231,204.0,JECDCPOO_01660,KDAEOHOB_01907,OPNKAGHI_00872,KAHEJOMD_01788,HMEEEBGO_02793,KGEHKDDB_01704,GMGKJONF_01758,HLLCJJMH_01745,BMKFACGC_01769,FHDKMCMF_01461
group_3043,,hypothetical protein,10,10,1.0,1,4571,,,,105,105,105.0,JECDCPOO_02075,KDAEOHOB_02343,OPNKAGHI_00451,KAHEJOMD_02213,HMEEEBGO_02292,KGEHKDDB_02122,GMGKJONF_02178,HLLCJJMH_02175,BMKFACGC_02197,FHDKMCMF_01036
recU,recU,Holliday junction resolvase RecU,10,10,1.0,1,4570,,,,588,606,604.2,JECDCPOO_01177,KDAEOHOB_01442,OPNKAGHI_01438,KAHEJOMD_01313,HMEEEBGO_00502,KGEHKDDB_01167,GMGKJONF_01222,HLLCJJMH_01216,BMKFACGC_01412,FHDKMCMF_01927
group_3042,ywnA_1,Putative HTH-type transcriptional regulator YwnA,10,10,1.0,1,4569,,,,444,444,444.0,JECDCPOO_00406,KDAEOHOB_00663,OPNKAGHI_02248,KAHEJOMD_00437,HMEEEBGO_01397,KGEHKDDB_00403,GMGKJONF_00438,HLLCJJMH_00449,BMKFACGC_00444,FHDKMCMF_00176
group_3039,,hypothetical protein,10,10,1.0,1,4566,,,,294,324,297.0,JECDCPOO_01528,KDAEOHOB_01869,OPNKAGHI_01076,KAHEJOMD_01746,HMEEEBGO_02835,KGEHKDDB_01662,GMGKJONF_01716,HLLCJJMH_01703,BMKFACGC_01630,FHDKMCMF_01503
rplL,rplL,Large ribosomal subunit protein bL12,10,10,1.0,1,4565,,,,369,369,369.0,JECDCPOO_00636,KDAEOHOB_00895,OPNKAGHI_02012,KAHEJOMD_00682,HMEEEBGO_01158,KGEHKDDB_00646,GMGKJONF_00673,HLLCJJMH_00688,BMKFACGC_00679,FHDKMCMF_02449
pdhI,;pdhI,hypothetical protein;Pyruvate dehydrogenase inhibitor,10,10,1.0,1,4564,,,,186,309,296.7,JECDCPOO_01012,KDAEOHOB_01287,OPNKAGHI_01613,KAHEJOMD_01153,HMEEEBGO_00660,KGEHKDDB_01011,GMGKJONF_01064,HLLCJJMH_01060,BMKFACGC_01550,FHDKMCMF_02084
mutM,mutM,Formamidopyrimidine-DNA glycosylase,10,10,1.0,1,4563,,,,849,861,859.8,JECDCPOO_00975,KDAEOHOB_01250,OPNKAGHI_01652,KAHEJOMD_01117,HMEEEBGO_00697,KGEHKDDB_00974,GMGKJONF_01027,HLLCJJMH_01023,BMKFACGC_01591,FHDKMCMF_02121
fpgS,fpgS,Folylpolyglutamate synthase,10,10,1.0,1,4562,,,,1197,1323,1310.4,JECDCPOO_00833,KDAEOHOB_01114,OPNKAGHI_01795,KAHEJOMD_00977,HMEEEBGO_00926,KGEHKDDB_00838,GMGKJONF_00888,HLLCJJMH_00887,BMKFACGC_00913,FHDKMCMF_02257
pheT_2~~~pheT_1,pheT_2;pheT_1,Phenylalanine--tRNA ligase beta subunit,10,10,1.0,1,4561,,,,591,639,634.2,JECDCPOO_00967,KDAEOHOB_01242,OPNKAGHI_01660,KAHEJOMD_01109,HMEEEBGO_00705,KGEHKDDB_00966,GMGKJONF_01019,HLLCJJMH_01015,BMKFACGC_01601,FHDKMCMF_02129
group_3038,,hypothetical protein,10,10,1.0,1,4560,,,,648,648,648.0,JECDCPOO_01809,KDAEOHOB_02076,OPNKAGHI_00720,KAHEJOMD_01936,HMEEEBGO_02641,KGEHKDDB_01848,GMGKJONF_01904,HLLCJJMH_01893,BMKFACGC_01916,FHDKMCMF_01315
group_3037,,hypothetical protein,10,10,1.0,1,4559,,,,219,276,264.6,JECDCPOO_01351,KDAEOHOB_01690,OPNKAGHI_01264,KAHEJOMD_01500,HMEEEBGO_00250,KGEHKDDB_01424,GMGKJONF_01472,HLLCJJMH_01409,BMKFACGC_01223,FHDKMCMF_01748
group_3035,,hypothetical protein,10,10,1.0,1,4556,,,,489,492,491.7,JECDCPOO_00503,KDAEOHOB_00763,OPNKAGHI_02155,KAHEJOMD_00541,HMEEEBGO_01295,KGEHKDDB_00502,GMGKJONF_00537,HLLCJJMH_00547,BMKFACGC_00539,FHDKMCMF_00076
group_3002,,hypothetical protein,10,10,1.0,1,4523,,,,1443,1461,1459.2,JECDCPOO_00450,KDAEOHOB_00708,OPNKAGHI_02211,KAHEJOMD_00486,HMEEEBGO_01352,KGEHKDDB_00448,GMGKJONF_00483,HLLCJJMH_00493,BMKFACGC_00476,FHDKMCMF_00132
group_2980,,hypothetical protein,10,10,1.0,1,4501,,,,321,321,321.0,JECDCPOO_00504,KDAEOHOB_00764,OPNKAGHI_02154,KAHEJOMD_00542,HMEEEBGO_01294,KGEHKDDB_00503,GMGKJONF_00538,HLLCJJMH_00548,BMKFACGC_00540,FHDKMCMF_00075
group_2960,ywqD,Tyrosine-protein kinase YwqD,10,10,1.0,1,4481,,,,771,771,771.0,JECDCPOO_01759,KDAEOHOB_02026,OPNKAGHI_00768,KAHEJOMD_01886,HMEEEBGO_02691,KGEHKDDB_01798,GMGKJONF_01853,HLLCJJMH_01843,BMKFACGC_01864,FHDKMCMF_01365
group_2954,,hypothetical protein,10,10,1.0,1,4475,,,,288,288,288.0,JECDCPOO_00821,KDAEOHOB_01102,OPNKAGHI_01807,KAHEJOMD_00965,HMEEEBGO_00938,KGEHKDDB_00826,GMGKJONF_00876,HLLCJJMH_00874,BMKFACGC_00900,FHDKMCMF_02269
pyrAA,pyrAA,Carbamoyl phosphate synthase pyrimidine-specific small chain,10,10,1.0,1,4473,,,,1077,1077,1077.0,JECDCPOO_01201,KDAEOHOB_01462,OPNKAGHI_01417,KAHEJOMD_01333,HMEEEBGO_00482,KGEHKDDB_01187,GMGKJONF_01242,HLLCJJMH_01236,BMKFACGC_01392,FHDKMCMF_01907
group_2952,rpmE2,Large ribosomal subunit protein bL31B,10,10,1.0,1,4472,,,,252,252,252.0,JECDCPOO_00534,KDAEOHOB_00794,OPNKAGHI_02120,KAHEJOMD_00573,HMEEEBGO_01263,KGEHKDDB_00533,GMGKJONF_00570,HLLCJJMH_00578,BMKFACGC_00572,FHDKMCMF_00044
group_2951,murA1_1,UDP-N-acetylglucosamine 1-carboxyvinyltransferase,10,10,1.0,1,4471,,,,1287,1287,1287.0,JECDCPOO_00533,KDAEOHOB_00793,OPNKAGHI_02121,KAHEJOMD_00572,HMEEEBGO_01264,KGEHKDDB_00532,GMGKJONF_00569,HLLCJJMH_00577,BMKFACGC_00571,FHDKMCMF_00045
group_2940,,hypothetical protein,10,10,1.0,1,4460,,,,1086,1086,1086.0,JECDCPOO_00369,KDAEOHOB_00627,OPNKAGHI_02283,KAHEJOMD_00401,HMEEEBGO_01433,KGEHKDDB_00367,GMGKJONF_00401,HLLCJJMH_00413,BMKFACGC_00406,FHDKMCMF_00212
group_2920,,hypothetical protein,10,10,1.0,1,4440,,,,1092,1092,1092.0,JECDCPOO_02189,KDAEOHOB_02435,OPNKAGHI_00348,KAHEJOMD_02322,HMEEEBGO_02175,KGEHKDDB_02210,GMGKJONF_02270,HLLCJJMH_02296,BMKFACGC_02283,FHDKMCMF_00943
emrB~~~emrB_2,emrB;emrB_2,Multidrug export protein EmrB,10,10,1.0,1,4439,,,,1497,1497,1497.0,JECDCPOO_01835,KDAEOHOB_02102,OPNKAGHI_00694,KAHEJOMD_01963,HMEEEBGO_02615,KGEHKDDB_01874,GMGKJONF_01930,HLLCJJMH_01919,BMKFACGC_01942,FHDKMCMF_01288
murG,murG,UDP-N-acetylglucosamine--N-acetylmuramyl-(pentapeptide) pyrophosphoryl-undecaprenol N-acetylglucosamine transferase,10,10,1.0,1,4399,,,,1095,1095,1095.0,JECDCPOO_01463,KDAEOHOB_01803,OPNKAGHI_01148,KAHEJOMD_01613,HMEEEBGO_00074,KGEHKDDB_01535,GMGKJONF_01586,HLLCJJMH_01636,BMKFACGC_01105,FHDKMCMF_01637
tagO,tagO,putative undecaprenyl-phosphate N-acetylglucosaminyl 1-phosphate transferase,10,10,1.0,1,4396,,,,1095,1095,1095.0,JECDCPOO_00667,KDAEOHOB_00931,OPNKAGHI_01979,KAHEJOMD_00718,HMEEEBGO_01122,KGEHKDDB_00677,GMGKJONF_00710,HLLCJJMH_00719,BMKFACGC_00717,FHDKMCMF_02418
pepQ,pepQ,Xaa-Pro dipeptidase,10,10,1.0,1,4381,,,,1098,1098,1098.0,JECDCPOO_00886,KDAEOHOB_01162,OPNKAGHI_01745,KAHEJOMD_01030,HMEEEBGO_00873,KGEHKDDB_00887,GMGKJONF_00940,HLLCJJMH_00936,BMKFACGC_00968,FHDKMCMF_02208
group_2851,,Putative 3-methyladenine DNA glycosylase,10,11,1.1,1,4366,,,,303,636,576.2727272727273,JECDCPOO_02040,KDAEOHOB_02306,OPNKAGHI_00489;OPNKAGHI_00490,KAHEJOMD_02177,HMEEEBGO_02326,KGEHKDDB_02086,GMGKJONF_02140,HLLCJJMH_02140,BMKFACGC_02160,FHDKMCMF_01071
ychF,ychF,Ribosome-binding ATPase YchF,10,10,1.0,1,4365,,,,1101,1101,1101.0,JECDCPOO_02205,KDAEOHOB_02451,OPNKAGHI_00332,KAHEJOMD_02338,HMEEEBGO_02159,KGEHKDDB_02226,GMGKJONF_02286,HLLCJJMH_02312,BMKFACGC_02299,FHDKMCMF_00927
trxA_1,trxA_1,Thioredoxin,10,10,1.0,1,4364,,,,231,327,317.4,JECDCPOO_00362,KDAEOHOB_00620,OPNKAGHI_02290,KAHEJOMD_00394,HMEEEBGO_01440,KGEHKDDB_00360,GMGKJONF_00394,HLLCJJMH_00406,BMKFACGC_00399,FHDKMCMF_00219
potA,potA,Spermidine/putrescine import ATP-binding protein PotA,10,10,1.0,1,4296,,,,1113,1113,1113.0,JECDCPOO_01976,KDAEOHOB_02247,OPNKAGHI_00546,KAHEJOMD_02114,HMEEEBGO_02390,KGEHKDDB_02024,GMGKJONF_02081,HLLCJJMH_02072,BMKFACGC_02090,FHDKMCMF_01133
dinB_1,dinB_1,DNA polymerase IV,10,10,1.0,1,4295,,,,1113,1113,1113.0,JECDCPOO_00859,KDAEOHOB_01140,OPNKAGHI_01768,KAHEJOMD_01003,HMEEEBGO_00900,KGEHKDDB_00864,GMGKJONF_00914,HLLCJJMH_00913,BMKFACGC_00939,FHDKMCMF_02231
group_2766,,hypothetical protein,10,10,1.0,1,4276,,,,1326,1326,1326.0,JECDCPOO_00185,KDAEOHOB_00441,OPNKAGHI_02489,KAHEJOMD_00220,HMEEEBGO_01618,KGEHKDDB_00183,GMGKJONF_00209,HLLCJJMH_00227,BMKFACGC_00205,FHDKMCMF_00396
ykoT_1~~~ykoT,ykoT_1;ykoT,putative glycosyltransferase YkoT,10,10,1.0,1,4267,,,,1020,1020,1020.0,JECDCPOO_00327,KDAEOHOB_00586,OPNKAGHI_02326,KAHEJOMD_00359,HMEEEBGO_01476,KGEHKDDB_00325,GMGKJONF_00357,HLLCJJMH_00371,BMKFACGC_00359,FHDKMCMF_00254
mmgC,mmgC,Acyl-CoA dehydrogenase,10,10,1.0,1,4265,,,,1119,1119,1119.0,JECDCPOO_02023,KDAEOHOB_02289,OPNKAGHI_00505,KAHEJOMD_02160,HMEEEBGO_02345,KGEHKDDB_02069,GMGKJONF_02123,HLLCJJMH_02122,BMKFACGC_02142,FHDKMCMF_01088
group_2756,,hypothetical protein,10,10,1.0,1,4264,,,,420,642,619.8,JECDCPOO_01263,KDAEOHOB_01527,OPNKAGHI_01353,KAHEJOMD_01413,HMEEEBGO_00417,KGEHKDDB_01256,GMGKJONF_01301,HLLCJJMH_01321,BMKFACGC_01316,FHDKMCMF_01834
sbcD,sbcD,Nuclease SbcCD subunit D,10,10,1.0,1,4262,,,,1134,1134,1134.0,JECDCPOO_02079,KDAEOHOB_02347,OPNKAGHI_00446,KAHEJOMD_02218,HMEEEBGO_02288,KGEHKDDB_02126,GMGKJONF_02182,HLLCJJMH_02179,BMKFACGC_02201,FHDKMCMF_01032
pduQ_1,pduQ_1,1-propanol dehydrogenase PduQ,10,10,1.0,1,4261,,,,1122,1122,1122.0,JECDCPOO_01708,KDAEOHOB_01955,OPNKAGHI_00819,KAHEJOMD_01836,HMEEEBGO_02744,KGEHKDDB_01751,GMGKJONF_01807,HLLCJJMH_01792,BMKFACGC_01818,FHDKMCMF_01414
group_2754,,hypothetical protein,10,10,1.0,1,4257,,,,534,534,534.0,JECDCPOO_00193,KDAEOHOB_00449,OPNKAGHI_02480,KAHEJOMD_00228,HMEEEBGO_01610,KGEHKDDB_00191,GMGKJONF_00217,HLLCJJMH_00235,BMKFACGC_00213,FHDKMCMF_00388
oppD_2~~~oppD_1~~~oppD,oppD_2;oppD_1;oppD,Oligopeptide transport ATP-binding protein OppD,10,11,1.1,1,4247,,,,498,1014,923.1818181818181,JECDCPOO_00198,KDAEOHOB_00454,OPNKAGHI_02474;OPNKAGHI_02475,KAHEJOMD_00233,HMEEEBGO_01605,KGEHKDDB_00196,GMGKJONF_00223,HLLCJJMH_00240,BMKFACGC_00218,FHDKMCMF_00383
yvdD,yvdD,LOG family protein YvdD,10,10,1.0,1,4246,,,,579,579,579.0,JECDCPOO_00638,KDAEOHOB_00902,OPNKAGHI_02010,KAHEJOMD_00689,HMEEEBGO_01151,KGEHKDDB_00648,GMGKJONF_00681,HLLCJJMH_00690,BMKFACGC_00686,FHDKMCMF_02447
kduI1_1~~~kduI1_2,kduI1_1;kduI1_2,4-deoxy-L-threo-5-hexosulose-uronate ketol-isomerase 1,10,10,1.0,1,4245,,,,369,846,798.3,JECDCPOO_00352,KDAEOHOB_00610,OPNKAGHI_02302,KAHEJOMD_00384,HMEEEBGO_01450,KGEHKDDB_00350,GMGKJONF_00383,HLLCJJMH_00396,BMKFACGC_00390,FHDKMCMF_00229
comFA,comFA,Competence protein ComFA,10,10,1.0,1,4226,,,,1320,1320,1320.0,JECDCPOO_00669,KDAEOHOB_00933,OPNKAGHI_01977,KAHEJOMD_00720,HMEEEBGO_01120,KGEHKDDB_00679,GMGKJONF_00712,HLLCJJMH_00721,BMKFACGC_00719,FHDKMCMF_02416
group_2740,,hypothetical protein,10,11,1.1,1,4225,,,,126,3351,3042.0,JECDCPOO_02063,KDAEOHOB_02331,OPNKAGHI_00465,KAHEJOMD_02200,HMEEEBGO_02304,KGEHKDDB_02110,GMGKJONF_02166;GMGKJONF_02165,HLLCJJMH_02163,BMKFACGC_02184,FHDKMCMF_01048
group_2731,,hypothetical protein,10,10,1.0,1,4214,,,,2721,2721,2721.0,JECDCPOO_00382,KDAEOHOB_00639,OPNKAGHI_02271,KAHEJOMD_00413,HMEEEBGO_01421,KGEHKDDB_00379,GMGKJONF_00413,HLLCJJMH_00425,BMKFACGC_00418,FHDKMCMF_00200
group_2730,,hypothetical protein,10,10,1.0,1,4213,,,,1350,1350,1350.0,JECDCPOO_00328,KDAEOHOB_00587,OPNKAGHI_02325,KAHEJOMD_00360,HMEEEBGO_01475,KGEHKDDB_00326,GMGKJONF_00358,HLLCJJMH_00372,BMKFACGC_00360,FHDKMCMF_00253
group_2727,,hypothetical protein,10,10,1.0,1,4210,,,,297,297,297.0,JECDCPOO_00342,KDAEOHOB_00601,OPNKAGHI_02311,KAHEJOMD_00374,HMEEEBGO_01461,KGEHKDDB_00340,GMGKJONF_00373,HLLCJJMH_00386,BMKFACGC_00378,FHDKMCMF_00239
group_2726,,hypothetical protein,10,11,1.1,1,4209,,,,264,642,575.4545454545455,JECDCPOO_02216,KDAEOHOB_02462,OPNKAGHI_00320,KAHEJOMD_02349,HMEEEBGO_02148,KGEHKDDB_02237,GMGKJONF_02297;GMGKJONF_02298,HLLCJJMH_02323,BMKFACGC_02310,FHDKMCMF_00916
gpmA_6~~~gpmA_2,gpmA_6;gpmA_2,23-bisphosphoglycerate-dependent phosphoglycerate mutase,10,10,1.0,1,4198,,,,552,672,660.0,JECDCPOO_00616,KDAEOHOB_00875,OPNKAGHI_02032,KAHEJOMD_00658,HMEEEBGO_01178,KGEHKDDB_00626,GMGKJONF_00653,HLLCJJMH_00667,BMKFACGC_00659,FHDKMCMF_02469
recA,recA,Protein RecA,10,10,1.0,1,4176,,,,1134,1134,1134.0,JECDCPOO_00848,KDAEOHOB_01129,OPNKAGHI_01780,KAHEJOMD_00992,HMEEEBGO_00911,KGEHKDDB_00853,GMGKJONF_00903,HLLCJJMH_00902,BMKFACGC_00928,FHDKMCMF_02242
group_2688,,hypothetical protein,10,10,1.0,1,4165,,,,309,324,322.5,JECDCPOO_02238,KDAEOHOB_02483,OPNKAGHI_00300,KAHEJOMD_02367,HMEEEBGO_02129,KGEHKDDB_02258,GMGKJONF_02324,HLLCJJMH_02345,BMKFACGC_02332,FHDKMCMF_00897
guaB,guaB,Inosine-5'-monophosphate dehydrogenase,10,10,1.0,1,4162,,,,1140,1140,1140.0,JECDCPOO_02202,KDAEOHOB_02448,OPNKAGHI_00335,KAHEJOMD_02335,HMEEEBGO_02162,KGEHKDDB_02223,GMGKJONF_02283,HLLCJJMH_02309,BMKFACGC_02296,FHDKMCMF_00930
mutY,mutY,Adenine DNA glycosylase,10,10,1.0,1,4161,,,,1140,1140,1140.0,JECDCPOO_02061,KDAEOHOB_02329,OPNKAGHI_00467,KAHEJOMD_02198,HMEEEBGO_02306,KGEHKDDB_02108,GMGKJONF_02163,HLLCJJMH_02161,BMKFACGC_02182,FHDKMCMF_01050
glxK,glxK,Glycerate 3-kinase,10,10,1.0,1,4158,,,,1140,1140,1140.0,JECDCPOO_00448,KDAEOHOB_00706,OPNKAGHI_02212,KAHEJOMD_00484,HMEEEBGO_01354,KGEHKDDB_00446,GMGKJONF_00481,HLLCJJMH_00491,BMKFACGC_00473,FHDKMCMF_00134
tgt,tgt,Queuine tRNA-ribosyltransferase,10,10,1.0,1,4093,,,,1146,1146,1146.0,JECDCPOO_00857,KDAEOHOB_01138,OPNKAGHI_01770,KAHEJOMD_01001,HMEEEBGO_00902,KGEHKDDB_00862,GMGKJONF_00912,HLLCJJMH_00911,BMKFACGC_00937,FHDKMCMF_02233
bglK_2~~~bglK_1,bglK_2;bglK_1,Beta-glucoside kinase,10,10,1.0,1,4092,,,,915,918,916.8,JECDCPOO_00502,KDAEOHOB_00762,OPNKAGHI_02156,KAHEJOMD_00540,HMEEEBGO_01296,KGEHKDDB_00501,GMGKJONF_00536,HLLCJJMH_00546,BMKFACGC_00538,FHDKMCMF_00077
iscS_1,iscS_1,Cysteine desulfurase IscS,10,10,1.0,1,4091,,,,1146,1146,1146.0,JECDCPOO_00829,KDAEOHOB_01110,OPNKAGHI_01799,KAHEJOMD_00973,HMEEEBGO_00930,KGEHKDDB_00834,GMGKJONF_00884,HLLCJJMH_00883,BMKFACGC_00909,FHDKMCMF_02261
fluC1,fluC1,Fluoride-specific ion channel FluC 1,10,10,1.0,1,4089,,,,393,393,393.0,JECDCPOO_00364,KDAEOHOB_00622,OPNKAGHI_02288,KAHEJOMD_00396,HMEEEBGO_01438,KGEHKDDB_00362,GMGKJONF_00396,HLLCJJMH_00408,BMKFACGC_00401,FHDKMCMF_00217
group_2604,,hypothetical protein,10,10,1.0,1,4073,,,,507,507,507.0,JECDCPOO_01211,KDAEOHOB_01472,OPNKAGHI_01408,KAHEJOMD_01343,HMEEEBGO_00472,KGEHKDDB_01197,GMGKJONF_01252,HLLCJJMH_01246,BMKFACGC_01381,FHDKMCMF_01896
group_2599,;dkgA,Aldo-keto reductase/MSMEI_2347;hypothetical protein;25-diketo-D-gluconic acid reductase A,10,11,1.1,1,4068,,,,288,864,729.5454545454545,JECDCPOO_01159,KDAEOHOB_01426,OPNKAGHI_01455;OPNKAGHI_01456,KAHEJOMD_01296,HMEEEBGO_00518,KGEHKDDB_01151,GMGKJONF_01205,HLLCJJMH_01200,BMKFACGC_01429,FHDKMCMF_01943
group_2579,,hypothetical protein,10,10,1.0,1,4048,,,,117,117,117.0,JECDCPOO_02000,KDAEOHOB_02272,OPNKAGHI_00522,KAHEJOMD_02138,HMEEEBGO_02366,KGEHKDDB_02048,GMGKJONF_02106,HLLCJJMH_02099,BMKFACGC_02118,FHDKMCMF_01109
group_2564,,hypothetical protein,10,10,1.0,1,4033,,,,123,123,123.0,JECDCPOO_01471,KDAEOHOB_01811,OPNKAGHI_01140,KAHEJOMD_01621,HMEEEBGO_00066,KGEHKDDB_01543,GMGKJONF_01594,HLLCJJMH_01644,BMKFACGC_01097,FHDKMCMF_01629
group_2563,,hypothetical protein,10,10,1.0,1,4032,,,,123,123,123.0,JECDCPOO_00732,KDAEOHOB_00996,OPNKAGHI_01909,KAHEJOMD_00783,HMEEEBGO_01057,KGEHKDDB_00742,GMGKJONF_00776,HLLCJJMH_00785,BMKFACGC_00784,FHDKMCMF_02353
rpmH,rpmH,Large ribosomal subunit protein bL34,10,10,1.0,1,4017,,,,135,135,135.0,JECDCPOO_02504,KDAEOHOB_00258,OPNKAGHI_02658,KAHEJOMD_02628,HMEEEBGO_01823,KGEHKDDB_02547,GMGKJONF_02583,HLLCJJMH_02644,BMKFACGC_02624,FHDKMCMF_00608
group_2537,,hypothetical protein,10,10,1.0,1,4005,,,,321,480,464.1,JECDCPOO_00451,KDAEOHOB_00709,OPNKAGHI_02210,KAHEJOMD_00487,HMEEEBGO_01351,KGEHKDDB_00449,GMGKJONF_00484,HLLCJJMH_00494,BMKFACGC_00477,FHDKMCMF_00131
group_2535,,hypothetical protein,10,10,1.0,1,4003,,,,1164,1164,1164.0,JECDCPOO_01954,KDAEOHOB_02224,OPNKAGHI_00569,KAHEJOMD_02091,HMEEEBGO_02415,KGEHKDDB_02001,GMGKJONF_02056,HLLCJJMH_02047,BMKFACGC_02066,FHDKMCMF_01158
rpmGA,rpmGA,Large ribosomal subunit protein bL33A,10,10,1.0,1,3995,,,,150,150,150.0,JECDCPOO_01016,KDAEOHOB_01291,OPNKAGHI_01607,KAHEJOMD_01157,HMEEEBGO_00656,KGEHKDDB_01015,GMGKJONF_01068,HLLCJJMH_01064,BMKFACGC_01544,FHDKMCMF_02080
group_2524,,hypothetical protein,10,10,1.0,1,3990,,,,153,153,153.0,JECDCPOO_00849,KDAEOHOB_01130,OPNKAGHI_01778,KAHEJOMD_00993,HMEEEBGO_00910,KGEHKDDB_00854,GMGKJONF_00904,HLLCJJMH_00903,BMKFACGC_00929,FHDKMCMF_02241
group_2522,,hypothetical protein,10,10,1.0,1,3988,,,,579,579,579.0,JECDCPOO_02218,KDAEOHOB_02464,OPNKAGHI_00318,KAHEJOMD_02351,HMEEEBGO_02146,KGEHKDDB_02239,GMGKJONF_02300,HLLCJJMH_02325,BMKFACGC_02313,FHDKMCMF_00914
group_2517,,hypothetical protein,10,10,1.0,1,3983,,,,156,156,156.0,JECDCPOO_01956,KDAEOHOB_02226,OPNKAGHI_00567,KAHEJOMD_02093,HMEEEBGO_02413,KGEHKDDB_02003,GMGKJONF_02058,HLLCJJMH_02049,BMKFACGC_02068,FHDKMCMF_01156
group_2516,,hypothetical protein,10,10,1.0,1,3982,,,,672,672,672.0,JECDCPOO_01191,KDAEOHOB_01452,OPNKAGHI_01428,KAHEJOMD_01323,HMEEEBGO_00492,KGEHKDDB_01177,GMGKJONF_01232,HLLCJJMH_01226,BMKFACGC_01402,FHDKMCMF_01917
napA_1,napA_1,Na(+)/H(+) antiporter,10,10,1.0,1,3979,,,,1167,1167,1167.0,JECDCPOO_00380,KDAEOHOB_00637,OPNKAGHI_02273,KAHEJOMD_00411,HMEEEBGO_01423,KGEHKDDB_00377,GMGKJONF_00411,HLLCJJMH_00423,BMKFACGC_00416,FHDKMCMF_00202
patB,patB,Cystathionine beta-lyase PatB,10,10,1.0,1,3975,,,,1167,1167,1167.0,JECDCPOO_00324,KDAEOHOB_00583,OPNKAGHI_02329,KAHEJOMD_00356,HMEEEBGO_01479,KGEHKDDB_00322,GMGKJONF_00354,HLLCJJMH_00368,BMKFACGC_00356,FHDKMCMF_00257
group_2507,,hypothetical protein,10,10,1.0,1,3971,,,,1167,1167,1167.0,JECDCPOO_00119,KDAEOHOB_00373,OPNKAGHI_02559,KAHEJOMD_00136,HMEEEBGO_01700,KGEHKDDB_00111,GMGKJONF_00139,HLLCJJMH_00158,BMKFACGC_00130,FHDKMCMF_00468
group_2506,,hypothetical protein,10,10,1.0,1,3970,,,,159,159,159.0,JECDCPOO_00136,KDAEOHOB_00392,OPNKAGHI_02544,KAHEJOMD_00159,HMEEEBGO_01681,KGEHKDDB_00130,GMGKJONF_00161,HLLCJJMH_00178,BMKFACGC_00149,FHDKMCMF_00449
maa_5,maa_5,Maltose O-acetyltransferase,10,10,1.0,1,3962,,,,609,609,609.0,JECDCPOO_02045,KDAEOHOB_02311,OPNKAGHI_00484,KAHEJOMD_02182,HMEEEBGO_02321,KGEHKDDB_02091,GMGKJONF_02145,HLLCJJMH_02145,BMKFACGC_02166,FHDKMCMF_01066
galK_2,galK_2,Galactokinase,10,10,1.0,1,3961,,,,1170,1170,1170.0,JECDCPOO_02018,KDAEOHOB_02284,OPNKAGHI_00511,KAHEJOMD_02155,HMEEEBGO_02350,KGEHKDDB_02064,GMGKJONF_02118,HLLCJJMH_02117,BMKFACGC_02137,FHDKMCMF_01093
dhaT,dhaT,13-propanediol dehydrogenase,10,10,1.0,1,3951,,,,1173,1173,1173.0,JECDCPOO_02356,KDAEOHOB_00107,OPNKAGHI_00183,KAHEJOMD_02476,HMEEEBGO_01966,KGEHKDDB_02383,GMGKJONF_02435,HLLCJJMH_02463,BMKFACGC_02450,FHDKMCMF_00781
group_2488,,hypothetical protein,10,10,1.0,1,3948,,,,1173,1173,1173.0,JECDCPOO_01071,KDAEOHOB_01345,OPNKAGHI_01549,KAHEJOMD_01212,HMEEEBGO_00601,KGEHKDDB_01070,GMGKJONF_01122,HLLCJJMH_01119,BMKFACGC_01487,FHDKMCMF_02025
group_2487,,hypothetical protein,10,10,1.0,1,3947,,,,438,438,438.0,JECDCPOO_01834,KDAEOHOB_02101,OPNKAGHI_00695,KAHEJOMD_01962,HMEEEBGO_02616,KGEHKDDB_01873,GMGKJONF_01929,HLLCJJMH_01918,BMKFACGC_01941,FHDKMCMF_01289
group_2482,,hypothetical protein,10,10,1.0,1,3942,,,,1173,1173,1173.0,JECDCPOO_00330,KDAEOHOB_00589,OPNKAGHI_02323,KAHEJOMD_00362,HMEEEBGO_01473,KGEHKDDB_00328,GMGKJONF_00360,HLLCJJMH_00374,BMKFACGC_00362,FHDKMCMF_00251
group_2472,,hypothetical protein,10,10,1.0,1,3932,,,,174,174,174.0,JECDCPOO_02036,KDAEOHOB_02302,OPNKAGHI_00495,KAHEJOMD_02173,HMEEEBGO_02330,KGEHKDDB_02082,GMGKJONF_02136,HLLCJJMH_02136,BMKFACGC_02156,FHDKMCMF_01075
group_2471,,hypothetical protein,10,10,1.0,1,3931,,,,174,174,174.0,JECDCPOO_00753,KDAEOHOB_01017,OPNKAGHI_01887,KAHEJOMD_00805,HMEEEBGO_01036,KGEHKDDB_00763,GMGKJONF_00797,HLLCJJMH_00806,BMKFACGC_00808,FHDKMCMF_02332
group_2469,,hypothetical protein,10,11,1.1,1,3929,,,,234,747,684.8181818181819,JECDCPOO_00505,KDAEOHOB_00765,OPNKAGHI_02153,KAHEJOMD_00543,HMEEEBGO_01293;HMEEEBGO_01292,KGEHKDDB_00504,GMGKJONF_00539,HLLCJJMH_00549,BMKFACGC_00541,FHDKMCMF_00074
group_2461,,hypothetical protein,10,10,1.0,1,3921,,,,177,177,177.0,JECDCPOO_01022,KDAEOHOB_01297,OPNKAGHI_01601,KAHEJOMD_01163,HMEEEBGO_00650,KGEHKDDB_01021,GMGKJONF_01074,HLLCJJMH_01070,BMKFACGC_01538,FHDKMCMF_02074
secE,secE,Protein translocase subunit SecE,10,10,1.0,1,3920,,,,177,177,177.0,JECDCPOO_00631,KDAEOHOB_00890,OPNKAGHI_02017,KAHEJOMD_00677,HMEEEBGO_01163,KGEHKDDB_00641,GMGKJONF_00668,HLLCJJMH_00683,BMKFACGC_00674,FHDKMCMF_02454
group_2452,,hypothetical protein,10,10,1.0,1,3911,,,,180,180,180.0,JECDCPOO_00755,KDAEOHOB_01019,OPNKAGHI_01885,KAHEJOMD_00807,HMEEEBGO_01034,KGEHKDDB_00765,GMGKJONF_00799,HLLCJJMH_00808,BMKFACGC_00810,FHDKMCMF_02330
group_2447,,hypothetical protein,10,10,1.0,1,3906,,,,183,183,183.0,JECDCPOO_02149,KDAEOHOB_02396,OPNKAGHI_00400,KAHEJOMD_02269,HMEEEBGO_02239,KGEHKDDB_02175,GMGKJONF_02233,HLLCJJMH_02229,BMKFACGC_02257,FHDKMCMF_00979
rpmD,rpmD,Large ribosomal subunit protein uL30,10,10,1.0,1,3905,,,,183,183,183.0,JECDCPOO_01786,KDAEOHOB_02053,OPNKAGHI_00744,KAHEJOMD_01913,HMEEEBGO_02664,KGEHKDDB_01825,GMGKJONF_01881,HLLCJJMH_01870,BMKFACGC_01892,FHDKMCMF_01338
group_2445,,hypothetical protein,10,10,1.0,1,3903,,,,183,183,183.0,JECDCPOO_01378,KDAEOHOB_01716,OPNKAGHI_01237,KAHEJOMD_01526,HMEEEBGO_00224,KGEHKDDB_01450,GMGKJONF_01499,HLLCJJMH_01435,BMKFACGC_01195,FHDKMCMF_01722
group_2444,,hypothetical protein,10,10,1.0,1,3902,,,,183,183,183.0,JECDCPOO_00472,KDAEOHOB_00731,OPNKAGHI_02188,KAHEJOMD_00509,HMEEEBGO_01329,KGEHKDDB_00470,GMGKJONF_00505,HLLCJJMH_00515,BMKFACGC_00502,FHDKMCMF_00108
napA_2,napA_2,Na(+)/H(+) antiporter,10,10,1.0,1,3895,,,,1182,1182,1182.0,JECDCPOO_00473,KDAEOHOB_00732,OPNKAGHI_02187,KAHEJOMD_00510,HMEEEBGO_01328,KGEHKDDB_00471,GMGKJONF_00506,HLLCJJMH_00516,BMKFACGC_00503,FHDKMCMF_00107
group_2434,,hypothetical protein,10,10,1.0,1,3891,,,,183,183,183.0,JECDCPOO_00173,KDAEOHOB_00429,OPNKAGHI_02501,KAHEJOMD_00208,HMEEEBGO_01630,KGEHKDDB_00171,GMGKJONF_00196,HLLCJJMH_00215,BMKFACGC_00193,FHDKMCMF_00408
rpmB,rpmB,Large ribosomal subunit protein bL28,10,10,1.0,1,3890,,,,186,186,186.0,JECDCPOO_01059,KDAEOHOB_01333,OPNKAGHI_01563,KAHEJOMD_01200,HMEEEBGO_00613,KGEHKDDB_01058,GMGKJONF_01110,HLLCJJMH_01107,BMKFACGC_01500,FHDKMCMF_02037
group_2426,,hypothetical protein,10,10,1.0,1,3882,,,,384,384,384.0,JECDCPOO_02237,KDAEOHOB_02482,OPNKAGHI_00301,KAHEJOMD_02366,HMEEEBGO_02130,KGEHKDDB_02257,GMGKJONF_02323,HLLCJJMH_02344,BMKFACGC_02331,FHDKMCMF_00898
group_2424,,hypothetical protein,10,10,1.0,1,3880,,,,189,189,189.0,JECDCPOO_01396,KDAEOHOB_01736,OPNKAGHI_01217,KAHEJOMD_01544,HMEEEBGO_00143,KGEHKDDB_01468,GMGKJONF_01517,HLLCJJMH_01568,BMKFACGC_01175,FHDKMCMF_01704
rpsU,rpsU,Small ribosomal subunit protein bS21,10,10,1.0,1,3879,,,,189,189,189.0,JECDCPOO_01305,KDAEOHOB_01569,OPNKAGHI_01309,KAHEJOMD_01455,HMEEEBGO_00375,KGEHKDDB_01298,GMGKJONF_01344,HLLCJJMH_01364,BMKFACGC_01274,FHDKMCMF_01792
group_2423,,putative tautomerase.1,10,10,1.0,1,3878,,,,189,189,189.0,JECDCPOO_01127,KDAEOHOB_01394,OPNKAGHI_01496,KAHEJOMD_01261,HMEEEBGO_00551,KGEHKDDB_01119,GMGKJONF_01172,HLLCJJMH_01168,BMKFACGC_01434,FHDKMCMF_01975
rpmF3,rpmF3,Large ribosomal subunit protein bL32C,10,10,1.0,1,3877,,,,189,189,189.0,JECDCPOO_00994,KDAEOHOB_01269,OPNKAGHI_01633,KAHEJOMD_01135,HMEEEBGO_00678,KGEHKDDB_00993,GMGKJONF_01046,HLLCJJMH_01042,BMKFACGC_01569,FHDKMCMF_02102
group_2422,,hypothetical protein,10,10,1.0,1,3876,,,,189,189,189.0,JECDCPOO_00176,KDAEOHOB_00432,OPNKAGHI_02498,KAHEJOMD_00211,HMEEEBGO_01627,KGEHKDDB_00174,GMGKJONF_00199,HLLCJJMH_00218,BMKFACGC_00196,FHDKMCMF_00405
group_2415,,hypothetical protein,10,10,1.0,1,3869,,,,192,192,192.0,JECDCPOO_02393,KDAEOHOB_00146,OPNKAGHI_00163,KAHEJOMD_02509,HMEEEBGO_01936,KGEHKDDB_02422,GMGKJONF_02468,HLLCJJMH_02540,BMKFACGC_02491,FHDKMCMF_00738
group_2414,,hypothetical protein,10,10,1.0,1,3868,,,,192,192,192.0,JECDCPOO_01951,KDAEOHOB_02221,OPNKAGHI_00572,KAHEJOMD_02088,HMEEEBGO_02418,KGEHKDDB_01998,GMGKJONF_02053,HLLCJJMH_02044,BMKFACGC_02063,FHDKMCMF_01161
yacL,yacL,putative PIN and TRAM-domain containing protein YacL,10,10,1.0,1,3866,,,,1185,1185,1185.0,JECDCPOO_00624,KDAEOHOB_00883,OPNKAGHI_02024,KAHEJOMD_00669,HMEEEBGO_01170,KGEHKDDB_00634,GMGKJONF_00661,HLLCJJMH_00675,BMKFACGC_00667,FHDKMCMF_02461
ybaK,;ybaK,hypothetical protein;Cys-tRNA(Pro)/Cys-tRNA(Cys) deacylase YbaK,10,10,1.0,1,3862,,,,504,588,512.4,JECDCPOO_00179,KDAEOHOB_00435,OPNKAGHI_02495,KAHEJOMD_00214,HMEEEBGO_01624,KGEHKDDB_00177,GMGKJONF_00202,HLLCJJMH_00221,BMKFACGC_00199,FHDKMCMF_00402
ackA_3,ackA_3,Acetate kinase,10,10,1.0,1,3857,,,,1188,1188,1188.0,JECDCPOO_01707,KDAEOHOB_01954,OPNKAGHI_00820,KAHEJOMD_01835,HMEEEBGO_02745,KGEHKDDB_01750,GMGKJONF_01806,HLLCJJMH_01791,BMKFACGC_01817,FHDKMCMF_01415
deoB_1,deoB_1,Phosphopentomutase,10,10,1.0,1,3854,,,,1188,1188,1188.0,JECDCPOO_01700,KDAEOHOB_01947,OPNKAGHI_00827,KAHEJOMD_01828,HMEEEBGO_02752,KGEHKDDB_01743,GMGKJONF_01798,HLLCJJMH_01784,BMKFACGC_01809,FHDKMCMF_01422
rpmC,rpmC,Large ribosomal subunit protein uL29,10,10,1.0,1,3853,,,,195,195,195.0,JECDCPOO_01795,KDAEOHOB_02062,OPNKAGHI_00735,KAHEJOMD_01922,HMEEEBGO_02655,KGEHKDDB_01834,GMGKJONF_01890,HLLCJJMH_01879,BMKFACGC_01902,FHDKMCMF_01329
rpmI,rpmI,Large ribosomal subunit protein bL35,10,10,1.0,1,3852,,,,195,195,195.0,JECDCPOO_00982,KDAEOHOB_01257,OPNKAGHI_01645,KAHEJOMD_01124,HMEEEBGO_00690,KGEHKDDB_00981,GMGKJONF_01034,HLLCJJMH_01030,BMKFACGC_01584,FHDKMCMF_02114
group_2403,,hypothetical protein,10,10,1.0,1,3851,,,,195,195,195.0,JECDCPOO_00949,KDAEOHOB_01225,OPNKAGHI_01680,KAHEJOMD_01092,HMEEEBGO_00722,KGEHKDDB_00949,GMGKJONF_01002,HLLCJJMH_00998,BMKFACGC_01618,FHDKMCMF_02146
ackA_1,ackA_1,Acetate kinase,10,10,1.0,1,3842,,,,1188,1188,1188.0,JECDCPOO_00150,KDAEOHOB_00406,OPNKAGHI_02525,KAHEJOMD_00176,HMEEEBGO_01662,KGEHKDDB_00148,GMGKJONF_00173,HLLCJJMH_00192,BMKFACGC_00162,FHDKMCMF_00431
mprF,mprF,Phosphatidylglycerol lysyltransferase,10,10,1.0,1,3840,,,,2598,2613,2611.5,JECDCPOO_00637,KDAEOHOB_00901,OPNKAGHI_02011,KAHEJOMD_00688,HMEEEBGO_01152,KGEHKDDB_00647,GMGKJONF_00680,HLLCJJMH_00689,BMKFACGC_00685,FHDKMCMF_02448
group_2384,,hypothetical protein,10,10,1.0,1,3829,,,,201,201,201.0,JECDCPOO_01914,KDAEOHOB_02184,OPNKAGHI_00614,KAHEJOMD_02051,HMEEEBGO_02455,KGEHKDDB_01961,GMGKJONF_02016,HLLCJJMH_02007,BMKFACGC_02021,FHDKMCMF_01198
group_2383,,hypothetical protein,10,10,1.0,1,3828,,,,201,201,201.0,JECDCPOO_01849,KDAEOHOB_02116,OPNKAGHI_00680,KAHEJOMD_01977,HMEEEBGO_02600,KGEHKDDB_01888,GMGKJONF_01944,HLLCJJMH_01933,BMKFACGC_01956,FHDKMCMF_01274
group_2381,,hypothetical protein,10,10,1.0,1,3826,,,,201,201,201.0,JECDCPOO_00379,KDAEOHOB_00636,OPNKAGHI_02274,KAHEJOMD_00410,HMEEEBGO_01424,KGEHKDDB_00376,GMGKJONF_00410,HLLCJJMH_00422,BMKFACGC_00415,FHDKMCMF_00203
group_2380,,hypothetical protein,10,10,1.0,1,3825,,,,201,201,201.0,JECDCPOO_01184,KDAEOHOB_01449,OPNKAGHI_01431,KAHEJOMD_01320,HMEEEBGO_00495,KGEHKDDB_01174,GMGKJONF_01229,HLLCJJMH_01223,BMKFACGC_01405,FHDKMCMF_01920
cfa_2,cfa_2,Cyclopropane-fatty-acyl-phospholipid synthase,10,10,1.0,1,3824,,,,1191,1191,1191.0,JECDCPOO_02192,KDAEOHOB_02438,OPNKAGHI_00345,KAHEJOMD_02325,HMEEEBGO_02172,KGEHKDDB_02213,GMGKJONF_02273,HLLCJJMH_02299,BMKFACGC_02286,FHDKMCMF_00940
norA,norA,Quinolone resistance protein NorA,10,10,1.0,1,3819,,,,1191,1191,1191.0,JECDCPOO_00424,KDAEOHOB_00682,OPNKAGHI_02227,KAHEJOMD_00460,HMEEEBGO_01378,KGEHKDDB_00421,GMGKJONF_00456,HLLCJJMH_00467,BMKFACGC_00462,FHDKMCMF_00158
group_2374,,hypothetical protein,10,10,1.0,1,3817,,,,204,204,204.0,JECDCPOO_02427,KDAEOHOB_00182,OPNKAGHI_00125,KAHEJOMD_02550,HMEEEBGO_01899,KGEHKDDB_02458,GMGKJONF_02504,HLLCJJMH_02503,BMKFACGC_02539,FHDKMCMF_00700
group_2373,,hypothetical protein,10,10,1.0,1,3816,,,,204,204,204.0,JECDCPOO_02206,KDAEOHOB_02452,OPNKAGHI_00331,KAHEJOMD_02339,HMEEEBGO_02158,KGEHKDDB_02227,GMGKJONF_02287,HLLCJJMH_02313,BMKFACGC_02300,FHDKMCMF_00926
cspC,cspC,Cold shock protein CspC,10,10,1.0,1,3815,,,,204,204,204.0,JECDCPOO_02058,KDAEOHOB_02326,OPNKAGHI_00471,KAHEJOMD_02195,HMEEEBGO_02309,KGEHKDDB_02105,GMGKJONF_02160,HLLCJJMH_02158,BMKFACGC_02179,FHDKMCMF_01053
group_2363,,hypothetical protein,10,10,1.0,1,3805,,,,207,207,207.0,JECDCPOO_01430,KDAEOHOB_01770,OPNKAGHI_01184,KAHEJOMD_01578,HMEEEBGO_00108,KGEHKDDB_01502,GMGKJONF_01551,HLLCJJMH_01602,BMKFACGC_01140,FHDKMCMF_01670
atpE,atpE,ATP synthase subunit c,10,10,1.0,1,3789,,,,213,213,213.0,JECDCPOO_00801,KDAEOHOB_01082,OPNKAGHI_01828,KAHEJOMD_00943,HMEEEBGO_00958,KGEHKDDB_00806,GMGKJONF_00856,HLLCJJMH_00854,BMKFACGC_00880,FHDKMCMF_02289
rpoZ,rpoZ,DNA-directed RNA polymerase subunit omega,10,10,1.0,1,3777,,,,216,216,216.0,JECDCPOO_01049,KDAEOHOB_01323,OPNKAGHI_01574,KAHEJOMD_01190,HMEEEBGO_00623,KGEHKDDB_01048,GMGKJONF_01100,HLLCJJMH_01097,BMKFACGC_01510,FHDKMCMF_02047
infA,infA,Translation initiation factor IF-1,10,10,1.0,1,3770,,,,219,219,219.0,JECDCPOO_01782,KDAEOHOB_02049,OPNKAGHI_00748,KAHEJOMD_01909,HMEEEBGO_02668,KGEHKDDB_01821,GMGKJONF_01877,HLLCJJMH_01866,BMKFACGC_01888,FHDKMCMF_01342
rpoY,rpoY,DNA-directed RNA polymerase subunit epsilon,10,10,1.0,1,3769,,,,219,219,219.0,JECDCPOO_01427,KDAEOHOB_01767,OPNKAGHI_01187,KAHEJOMD_01575,HMEEEBGO_00111,KGEHKDDB_01499,GMGKJONF_01548,HLLCJJMH_01599,BMKFACGC_01143,FHDKMCMF_01673
group_2323,,hypothetical protein,10,10,1.0,1,3761,,,,222,222,222.0,JECDCPOO_01506,KDAEOHOB_01847,OPNKAGHI_01093,KAHEJOMD_01656,HMEEEBGO_00031,KGEHKDDB_01579,GMGKJONF_01629,HLLCJJMH_01680,BMKFACGC_01062,FHDKMCMF_01593
group_2322,,hypothetical protein,10,10,1.0,1,3760,,,,222,222,222.0,JECDCPOO_01259,KDAEOHOB_01523,OPNKAGHI_01357,KAHEJOMD_01409,HMEEEBGO_00421,KGEHKDDB_01252,GMGKJONF_01297,HLLCJJMH_01317,BMKFACGC_01320,FHDKMCMF_01838
cspB,cspB,Cold shock protein CspB,10,10,1.0,1,3749,,,,225,225,225.0,JECDCPOO_01454,KDAEOHOB_01794,OPNKAGHI_01157,KAHEJOMD_01604,HMEEEBGO_00083,KGEHKDDB_01526,GMGKJONF_01576,HLLCJJMH_01626,BMKFACGC_01114,FHDKMCMF_01646
group_2311,,hypothetical protein,10,10,1.0,1,3748,,,,225,225,225.0,JECDCPOO_01370,KDAEOHOB_01708,OPNKAGHI_01246,KAHEJOMD_01518,HMEEEBGO_00232,KGEHKDDB_01442,GMGKJONF_01490,HLLCJJMH_01427,BMKFACGC_01203,FHDKMCMF_01730
group_2310,,hypothetical protein,10,10,1.0,1,3747,,,,225,225,225.0,JECDCPOO_00812,KDAEOHOB_01093,OPNKAGHI_01817,KAHEJOMD_00956,HMEEEBGO_00947,KGEHKDDB_00817,GMGKJONF_00867,HLLCJJMH_00865,BMKFACGC_00891,FHDKMCMF_02278
group_2309,,hypothetical protein,10,10,1.0,1,3746,,,,225,225,225.0,JECDCPOO_00471,KDAEOHOB_00730,OPNKAGHI_02189,KAHEJOMD_00508,HMEEEBGO_01330,KGEHKDDB_00469,GMGKJONF_00504,HLLCJJMH_00514,BMKFACGC_00501,FHDKMCMF_00109
copZ,copZ,Copper chaperone CopZ,10,10,1.0,1,3740,,,,228,228,228.0,JECDCPOO_00738,KDAEOHOB_01002,OPNKAGHI_01903,KAHEJOMD_00789,HMEEEBGO_01051,KGEHKDDB_00748,GMGKJONF_00782,HLLCJJMH_00791,BMKFACGC_00792,FHDKMCMF_02347
nrdH,nrdH,Glutaredoxin-like protein NrdH,10,10,1.0,1,3739,,,,228,228,228.0,JECDCPOO_00642,KDAEOHOB_00906,OPNKAGHI_02006,KAHEJOMD_00693,HMEEEBGO_01147,KGEHKDDB_00652,GMGKJONF_00685,HLLCJJMH_00694,BMKFACGC_00690,FHDKMCMF_02443
group_2303,,hypothetical protein,10,10,1.0,1,3738,,,,228,228,228.0,JECDCPOO_00555,KDAEOHOB_00815,OPNKAGHI_02096,KAHEJOMD_00596,HMEEEBGO_01240,KGEHKDDB_00565,GMGKJONF_00591,HLLCJJMH_00602,BMKFACGC_00595,FHDKMCMF_00022
group_2302,,hypothetical protein,10,10,1.0,1,3737,,,,228,228,228.0,JECDCPOO_00003,KDAEOHOB_00261,OPNKAGHI_00003,KAHEJOMD_00003,HMEEEBGO_01820,KGEHKDDB_00003,GMGKJONF_00003,HLLCJJMH_00003,BMKFACGC_00003,FHDKMCMF_00605
group_2299,,hypothetical protein,10,10,1.0,1,3734,,,,528,528,528.0,JECDCPOO_00175,KDAEOHOB_00431,OPNKAGHI_02499,KAHEJOMD_00210,HMEEEBGO_01628,KGEHKDDB_00173,GMGKJONF_00198,HLLCJJMH_00217,BMKFACGC_00195,FHDKMCMF_00406
group_2296,,hypothetical protein,10,10,1.0,1,3730,,,,2022,2022,2022.0,JECDCPOO_00177,KDAEOHOB_00433,OPNKAGHI_02497,KAHEJOMD_00212,HMEEEBGO_01626,KGEHKDDB_00175,GMGKJONF_00200,HLLCJJMH_00219,BMKFACGC_00197,FHDKMCMF_00404
group_2294,,hypothetical protein,10,10,1.0,1,3728,,,,243,243,243.0,JECDCPOO_01952,KDAEOHOB_02222,OPNKAGHI_00571,KAHEJOMD_02089,HMEEEBGO_02417,KGEHKDDB_01999,GMGKJONF_02054,HLLCJJMH_02045,BMKFACGC_02064,FHDKMCMF_01160
group_2292,,hypothetical protein,10,10,1.0,1,3726,,,,231,231,231.0,JECDCPOO_01019,KDAEOHOB_01294,OPNKAGHI_01604,KAHEJOMD_01160,HMEEEBGO_00653,KGEHKDDB_01018,GMGKJONF_01071,HLLCJJMH_01067,BMKFACGC_01541,FHDKMCMF_02077
group_2291,,hypothetical protein,10,10,1.0,1,3725,,,,231,231,231.0,JECDCPOO_00808,KDAEOHOB_01089,OPNKAGHI_01821,KAHEJOMD_00952,HMEEEBGO_00951,KGEHKDDB_00813,GMGKJONF_00863,HLLCJJMH_00861,BMKFACGC_00887,FHDKMCMF_02282
group_2290,,hypothetical protein,10,10,1.0,1,3724,,,,231,231,231.0,JECDCPOO_00458,KDAEOHOB_00717,OPNKAGHI_02203,KAHEJOMD_00495,HMEEEBGO_01344,KGEHKDDB_00456,GMGKJONF_00491,HLLCJJMH_00501,BMKFACGC_00486,FHDKMCMF_00123
ydhP,ydhP,Inner membrane transport protein YdhP,10,10,1.0,1,3722,,,,1206,1206,1206.0,JECDCPOO_00410,KDAEOHOB_00667,OPNKAGHI_02242,KAHEJOMD_00441,HMEEEBGO_01392,KGEHKDDB_00407,GMGKJONF_00442,HLLCJJMH_00453,BMKFACGC_00448,FHDKMCMF_00172
opuCA,opuCA,Carnitine transport ATP-binding protein OpuCA,10,10,1.0,1,3718,,,,1206,1206,1206.0,JECDCPOO_00320,KDAEOHOB_00579,OPNKAGHI_02333,KAHEJOMD_00352,HMEEEBGO_01483,KGEHKDDB_00318,GMGKJONF_00350,HLLCJJMH_00364,BMKFACGC_00352,FHDKMCMF_00261
dltC,dltC,D-alanyl carrier protein,10,10,1.0,1,3717,,,,234,234,234.0,JECDCPOO_01335,KDAEOHOB_01674,OPNKAGHI_01280,KAHEJOMD_01484,HMEEEBGO_00266,KGEHKDDB_01408,GMGKJONF_01456,HLLCJJMH_01393,BMKFACGC_01241,FHDKMCMF_01764
ykuJ,ykuJ,putative protein YkuJ,10,10,1.0,1,3710,,,,237,237,237.0,JECDCPOO_01654,KDAEOHOB_01901,OPNKAGHI_00879,KAHEJOMD_01782,HMEEEBGO_02799,KGEHKDDB_01698,GMGKJONF_01752,HLLCJJMH_01739,BMKFACGC_01763,FHDKMCMF_01467
group_2279,,hypothetical protein,10,10,1.0,1,3709,,,,237,237,237.0,JECDCPOO_01521,KDAEOHOB_01862,OPNKAGHI_01084,KAHEJOMD_01671,HMEEEBGO_00016,KGEHKDDB_01594,GMGKJONF_01644,HLLCJJMH_01695,BMKFACGC_01044,FHDKMCMF_01578
secG,secG,putative protein-export membrane protein SecG,10,10,1.0,1,3708,,,,237,237,237.0,JECDCPOO_00712,KDAEOHOB_00976,OPNKAGHI_01932,KAHEJOMD_00763,HMEEEBGO_01077,KGEHKDDB_00722,GMGKJONF_00755,HLLCJJMH_00764,BMKFACGC_00764,FHDKMCMF_02373
veg,veg,Protein Veg,10,10,1.0,1,3707,,,,237,237,237.0,JECDCPOO_00495,KDAEOHOB_00755,OPNKAGHI_02164,KAHEJOMD_00533,HMEEEBGO_01305,KGEHKDDB_00494,GMGKJONF_00528,HLLCJJMH_00539,BMKFACGC_00525,FHDKMCMF_00084
rpsR,rpsR,Small ribosomal subunit protein bS18,10,10,1.0,1,3706,,,,237,237,237.0,JECDCPOO_00009,KDAEOHOB_00267,OPNKAGHI_00010,KAHEJOMD_00009,HMEEEBGO_01814,KGEHKDDB_00009,GMGKJONF_00009,HLLCJJMH_00009,BMKFACGC_00009,FHDKMCMF_00599
group_2271,,hypothetical protein,10,10,1.0,1,3698,,,,240,240,240.0,JECDCPOO_01837,KDAEOHOB_02104,OPNKAGHI_00692,KAHEJOMD_01965,HMEEEBGO_02613,KGEHKDDB_01876,GMGKJONF_01932,HLLCJJMH_01921,BMKFACGC_01944,FHDKMCMF_01286
group_2263,,hypothetical protein,10,10,1.0,1,3690,,,,243,243,243.0,JECDCPOO_00454,KDAEOHOB_00713,OPNKAGHI_02207,KAHEJOMD_00491,HMEEEBGO_01348,KGEHKDDB_00452,GMGKJONF_00487,HLLCJJMH_00497,BMKFACGC_00482,FHDKMCMF_00128
group_2258,,hypothetical protein,10,10,1.0,1,3685,,,,246,246,246.0,JECDCPOO_02020,KDAEOHOB_02286,OPNKAGHI_00509,KAHEJOMD_02157,HMEEEBGO_02348,KGEHKDDB_02066,GMGKJONF_02120,HLLCJJMH_02119,BMKFACGC_02139,FHDKMCMF_01091
group_2257,,hypothetical protein,10,10,1.0,1,3684,,,,246,246,246.0,JECDCPOO_01674,KDAEOHOB_01921,OPNKAGHI_00857,KAHEJOMD_01802,HMEEEBGO_02779,KGEHKDDB_01718,GMGKJONF_01773,HLLCJJMH_01759,BMKFACGC_01783,FHDKMCMF_01447
xseB,xseB,Exodeoxyribonuclease 7 small subunit,10,10,1.0,1,3683,,,,246,246,246.0,JECDCPOO_01040,KDAEOHOB_01315,OPNKAGHI_01583,KAHEJOMD_01182,HMEEEBGO_00632,KGEHKDDB_01039,GMGKJONF_01092,HLLCJJMH_01088,BMKFACGC_01519,FHDKMCMF_02056
group_2252,,hypothetical protein,10,10,1.0,1,3677,,,,1485,1485,1485.0,JECDCPOO_00455,KDAEOHOB_00714,OPNKAGHI_02206,KAHEJOMD_00492,HMEEEBGO_01347,KGEHKDDB_00453,GMGKJONF_00488,HLLCJJMH_00498,BMKFACGC_00483,FHDKMCMF_00127
group_2247,,hypothetical protein,10,10,1.0,1,3672,,,,249,249,249.0,JECDCPOO_01371,KDAEOHOB_01709,OPNKAGHI_01245,KAHEJOMD_01519,HMEEEBGO_00231,KGEHKDDB_01443,GMGKJONF_01491,HLLCJJMH_01428,BMKFACGC_01202,FHDKMCMF_01729
group_2246,,hypothetical protein,10,10,1.0,1,3671,,,,249,249,249.0,JECDCPOO_00339,KDAEOHOB_00598,OPNKAGHI_02314,KAHEJOMD_00371,HMEEEBGO_01464,KGEHKDDB_00337,GMGKJONF_00370,HLLCJJMH_00383,BMKFACGC_00371,FHDKMCMF_00242
group_2238,,hypothetical protein,10,10,1.0,1,3663,,,,252,252,252.0,JECDCPOO_02397,KDAEOHOB_00151,OPNKAGHI_00157,KAHEJOMD_02515,HMEEEBGO_01931,KGEHKDDB_02426,GMGKJONF_02472,HLLCJJMH_02536,BMKFACGC_02495,FHDKMCMF_00734
group_2237,,hypothetical protein,10,10,1.0,1,3662,,,,252,252,252.0,JECDCPOO_02185,KDAEOHOB_02427,OPNKAGHI_00368,KAHEJOMD_02287,HMEEEBGO_02209,KGEHKDDB_02206,GMGKJONF_02266,HLLCJJMH_02263,BMKFACGC_02279,FHDKMCMF_00947
acpP_1,acpP_1,Acyl carrier protein,10,10,1.0,1,3660,,,,252,252,252.0,JECDCPOO_01064,KDAEOHOB_01338,OPNKAGHI_01558,KAHEJOMD_01205,HMEEEBGO_00608,KGEHKDDB_01063,GMGKJONF_01115,HLLCJJMH_01112,BMKFACGC_01495,FHDKMCMF_02032
group_2235,,hypothetical protein,10,10,1.0,1,3659,,,,252,252,252.0,JECDCPOO_00648,KDAEOHOB_00912,OPNKAGHI_02000,KAHEJOMD_00699,HMEEEBGO_01141,KGEHKDDB_00658,GMGKJONF_00691,HLLCJJMH_00700,BMKFACGC_00697,FHDKMCMF_02437
rpsT,rpsT,Small ribosomal subunit protein bS20,10,10,1.0,1,3644,,,,255,255,255.0,JECDCPOO_01405,KDAEOHOB_01745,OPNKAGHI_01208,KAHEJOMD_01553,HMEEEBGO_00134,KGEHKDDB_01477,GMGKJONF_01526,HLLCJJMH_01577,BMKFACGC_01166,FHDKMCMF_01695
group_2220,,hypothetical protein,10,10,1.0,1,3643,,,,294,294,294.0,JECDCPOO_01073,KDAEOHOB_01347,OPNKAGHI_01547,KAHEJOMD_01214,HMEEEBGO_00599,KGEHKDDB_01072,GMGKJONF_01124,HLLCJJMH_01121,BMKFACGC_01485,FHDKMCMF_02023
group_2212,,hypothetical protein,10,10,1.0,1,3635,,,,258,258,258.0,JECDCPOO_02151,KDAEOHOB_02398,OPNKAGHI_00398,KAHEJOMD_02271,HMEEEBGO_02237,KGEHKDDB_02177,GMGKJONF_02235,HLLCJJMH_02231,BMKFACGC_02259,FHDKMCMF_00977
group_2209,,hypothetical protein,10,10,1.0,1,3632,,,,258,258,258.0,JECDCPOO_00474,KDAEOHOB_00733,OPNKAGHI_02186,KAHEJOMD_00511,HMEEEBGO_01327,KGEHKDDB_00472,GMGKJONF_00507,HLLCJJMH_00517,BMKFACGC_00504,FHDKMCMF_00106
khpA,khpA,RNA-binding protein KhpA,10,10,1.0,1,3624,,,,261,261,261.0,JECDCPOO_01075,KDAEOHOB_01349,OPNKAGHI_01545,KAHEJOMD_01216,HMEEEBGO_00597,KGEHKDDB_01074,GMGKJONF_01126,HLLCJJMH_01123,BMKFACGC_01483,FHDKMCMF_02021
mepA_2~~~mepA_1,mepA_2;mepA_1,Multidrug export protein MepA,10,11,1.1,1,3618,,,,270,1338,1184.4545454545455,JECDCPOO_01805,KDAEOHOB_02072,OPNKAGHI_00725;OPNKAGHI_00724,KAHEJOMD_01932,HMEEEBGO_02645,KGEHKDDB_01844,GMGKJONF_01900,HLLCJJMH_01889,BMKFACGC_01912,FHDKMCMF_01319
sbnD_1,sbnD_1,Staphyloferrin B transporter,10,10,1.0,1,3611,,,,1230,1230,1230.0,JECDCPOO_00322,KDAEOHOB_00581,OPNKAGHI_02331,KAHEJOMD_00354,HMEEEBGO_01481,KGEHKDDB_00320,GMGKJONF_00352,HLLCJJMH_00366,BMKFACGC_00354,FHDKMCMF_00259
kefG,kefG,Glutathione-regulated potassium-efflux system ancillary protein KefG,10,10,1.0,1,3610,,,,693,693,693.0,JECDCPOO_02053,KDAEOHOB_02319,OPNKAGHI_00476,KAHEJOMD_02190,HMEEEBGO_02313,KGEHKDDB_02099,GMGKJONF_02153,HLLCJJMH_02153,BMKFACGC_02174,FHDKMCMF_01058
group_2190,,hypothetical protein,10,10,1.0,1,3609,,,,264,264,264.0,JECDCPOO_01986,KDAEOHOB_02257,OPNKAGHI_00536,KAHEJOMD_02124,HMEEEBGO_02380,KGEHKDDB_02034,GMGKJONF_02092,HLLCJJMH_02082,BMKFACGC_02102,FHDKMCMF_01123
group_2189,,hypothetical protein,10,10,1.0,1,3608,,,,264,264,264.0,JECDCPOO_00107,KDAEOHOB_00360,OPNKAGHI_00114,KAHEJOMD_00121,HMEEEBGO_01713,KGEHKDDB_00097,GMGKJONF_00125,HLLCJJMH_00143,BMKFACGC_00117,FHDKMCMF_00482
dnaX,dnaX,DNA polymerase III subunit tau,10,10,1.0,1,3606,,,,1731,1731,1731.0,JECDCPOO_00645,KDAEOHOB_00909,OPNKAGHI_02003,KAHEJOMD_00696,HMEEEBGO_01144,KGEHKDDB_00655,GMGKJONF_00688,HLLCJJMH_00697,BMKFACGC_00694,FHDKMCMF_02440
pduN_2,pduN_2,Bacterial microcompartment shell vertex protein PduN,10,10,1.0,1,3603,,,,267,267,267.0,JECDCPOO_02094,KDAEOHOB_02362,OPNKAGHI_00431,KAHEJOMD_02233,HMEEEBGO_02273,KGEHKDDB_02141,GMGKJONF_02197,HLLCJJMH_02194,BMKFACGC_02219,FHDKMCMF_01014
rpsQ,rpsQ,Small ribosomal subunit protein uS17,10,10,1.0,1,3602,,,,267,267,267.0,JECDCPOO_01794,KDAEOHOB_02061,OPNKAGHI_00736,KAHEJOMD_01921,HMEEEBGO_02656,KGEHKDDB_01833,GMGKJONF_01889,HLLCJJMH_01878,BMKFACGC_01901,FHDKMCMF_01330
ptsH,ptsH,Phosphocarrier protein HPr,10,10,1.0,1,3601,,,,267,267,267.0,JECDCPOO_01659,KDAEOHOB_01906,OPNKAGHI_00873,KAHEJOMD_01787,HMEEEBGO_02794,KGEHKDDB_01703,GMGKJONF_01757,HLLCJJMH_01744,BMKFACGC_01768,FHDKMCMF_01462
rpsN2,rpsN2,Small ribosomal subunit protein uS14A,10,10,1.0,1,3594,,,,270,270,270.0,JECDCPOO_00389,KDAEOHOB_00646,OPNKAGHI_02264,KAHEJOMD_00420,HMEEEBGO_01414,KGEHKDDB_00386,GMGKJONF_00420,HLLCJJMH_00432,BMKFACGC_00425,FHDKMCMF_00193
rpsO,rpsO,Small ribosomal subunit protein uS15,10,10,1.0,1,3592,,,,270,270,270.0,JECDCPOO_01404,KDAEOHOB_01744,OPNKAGHI_01209,KAHEJOMD_01552,HMEEEBGO_00135,KGEHKDDB_01476,GMGKJONF_01525,HLLCJJMH_01576,BMKFACGC_01167,FHDKMCMF_01696
group_2179,,hypothetical protein,10,10,1.0,1,3591,,,,270,270,270.0,JECDCPOO_01364,KDAEOHOB_01703,OPNKAGHI_01251,KAHEJOMD_01513,HMEEEBGO_00237,KGEHKDDB_01437,GMGKJONF_01485,HLLCJJMH_01422,BMKFACGC_01208,FHDKMCMF_01735
nox_2~~~nox_3~~~nox_1,nox_2;nox_3;nox_1,NADH oxidase,10,11,1.1,1,3590,,,,414,1410,1284.5454545454545,JECDCPOO_00361,KDAEOHOB_00619,OPNKAGHI_02292;OPNKAGHI_02291,KAHEJOMD_00393,HMEEEBGO_01441,KGEHKDDB_00359,GMGKJONF_00393,HLLCJJMH_00405,BMKFACGC_00398,FHDKMCMF_00220
group_2169,,hypothetical protein,10,10,1.0,1,3580,,,,273,273,273.0,JECDCPOO_00863,KDAEOHOB_01144,OPNKAGHI_01763,KAHEJOMD_01007,HMEEEBGO_00896,KGEHKDDB_00868,GMGKJONF_00918,HLLCJJMH_00917,BMKFACGC_00943,FHDKMCMF_02227
rqcP,rqcP,RQC P-site tRNA stabilizing factor,10,10,1.0,1,3579,,,,273,273,273.0,JECDCPOO_00564,KDAEOHOB_00824,OPNKAGHI_02087,KAHEJOMD_00605,HMEEEBGO_01231,KGEHKDDB_00574,GMGKJONF_00600,HLLCJJMH_00611,BMKFACGC_00604,FHDKMCMF_00013
group_2163,,hypothetical protein,10,10,1.0,1,3573,,,,606,612,609.0,JECDCPOO_00421,KDAEOHOB_00679,OPNKAGHI_02230,KAHEJOMD_00457,HMEEEBGO_01381,KGEHKDDB_00418,GMGKJONF_00453,HLLCJJMH_00464,BMKFACGC_00459,FHDKMCMF_00161
rpsS,rpsS,Small ribosomal subunit protein uS19,10,10,1.0,1,3571,,,,276,276,276.0,JECDCPOO_01799,KDAEOHOB_02066,OPNKAGHI_00731,KAHEJOMD_01926,HMEEEBGO_02651,KGEHKDDB_01838,GMGKJONF_01894,HLLCJJMH_01883,BMKFACGC_01906,FHDKMCMF_01325
rpsP,rpsP,Small ribosomal subunit protein bS16,10,10,1.0,1,3569,,,,276,276,276.0,JECDCPOO_01074,KDAEOHOB_01348,OPNKAGHI_01546,KAHEJOMD_01215,HMEEEBGO_00598,KGEHKDDB_01073,GMGKJONF_01125,HLLCJJMH_01122,BMKFACGC_01484,FHDKMCMF_02022
hup,hup,DNA-binding protein HU,10,10,1.0,1,3568,,,,276,276,276.0,JECDCPOO_01270,KDAEOHOB_01534,OPNKAGHI_01346,KAHEJOMD_01420,HMEEEBGO_00410,KGEHKDDB_01263,GMGKJONF_01309,HLLCJJMH_01329,BMKFACGC_01309,FHDKMCMF_01827
ftsY,ftsY,Signal recognition particle receptor FtsY,10,10,1.0,1,3567,,,,1344,1464,1428.6,JECDCPOO_01067,KDAEOHOB_01341,OPNKAGHI_01554,KAHEJOMD_01208,HMEEEBGO_00605,KGEHKDDB_01066,GMGKJONF_01118,HLLCJJMH_01115,BMKFACGC_01492,FHDKMCMF_02029
group_2160,,hypothetical protein,10,10,1.0,1,3565,,,,276,276,276.0,JECDCPOO_00350,KDAEOHOB_00609,OPNKAGHI_02304,KAHEJOMD_00382,HMEEEBGO_01452,KGEHKDDB_00348,GMGKJONF_00381,HLLCJJMH_00394,BMKFACGC_00389,FHDKMCMF_00231
ard_4~~~ard_1,ard_4;ard_1,NADH:acrylate oxidoreductase,10,10,1.0,1,3561,,,,1065,1065,1065.0,JECDCPOO_01705,KDAEOHOB_01952,OPNKAGHI_00822,KAHEJOMD_01833,HMEEEBGO_02747,KGEHKDDB_01748,GMGKJONF_01804,HLLCJJMH_01789,BMKFACGC_01815,FHDKMCMF_01417
pduA,pduA,Bacterial microcompartment shell protein PduA,10,10,1.0,1,3553,,,,279,279,279.0,JECDCPOO_01723,KDAEOHOB_01970,OPNKAGHI_00804,KAHEJOMD_01851,HMEEEBGO_02729,KGEHKDDB_01766,GMGKJONF_01822,HLLCJJMH_01807,BMKFACGC_01833,FHDKMCMF_01399
group_2142,,hypothetical protein,10,10,1.0,1,3543,,,,282,282,282.0,JECDCPOO_01419,KDAEOHOB_01759,OPNKAGHI_01195,KAHEJOMD_01567,HMEEEBGO_00119,KGEHKDDB_01491,GMGKJONF_01540,HLLCJJMH_01591,BMKFACGC_01152,FHDKMCMF_01681
group_2137,,hypothetical protein,10,10,1.0,1,3538,,,,285,285,285.0,JECDCPOO_02294,KDAEOHOB_00046,OPNKAGHI_00245,KAHEJOMD_02420,HMEEEBGO_02036,KGEHKDDB_02321,GMGKJONF_02370,HLLCJJMH_02399,BMKFACGC_02389,FHDKMCMF_00845
group_2136,,hypothetical protein,10,10,1.0,1,3537,,,,285,285,285.0,JECDCPOO_01458,KDAEOHOB_01798,OPNKAGHI_01153,KAHEJOMD_01608,HMEEEBGO_00079,KGEHKDDB_01530,GMGKJONF_01580,HLLCJJMH_01631,BMKFACGC_01110,FHDKMCMF_01642
groES,groES,Co-chaperonin GroES,10,10,1.0,1,3536,,,,285,285,285.0,JECDCPOO_00662,KDAEOHOB_00926,OPNKAGHI_01985,KAHEJOMD_00713,HMEEEBGO_01127,KGEHKDDB_00672,GMGKJONF_00705,HLLCJJMH_00714,BMKFACGC_00711,FHDKMCMF_02423
rplW,rplW,Large ribosomal subunit protein uL23,10,10,1.0,1,3534,,,,288,288,288.0,JECDCPOO_01801,KDAEOHOB_02068,OPNKAGHI_00729,KAHEJOMD_01928,HMEEEBGO_02649,KGEHKDDB_01840,GMGKJONF_01896,HLLCJJMH_01885,BMKFACGC_01908,FHDKMCMF_01323
pduJ,pduJ,Bacterial microcompartment shell protein PduJ,10,10,1.0,1,3529,,,,291,291,291.0,JECDCPOO_01715,KDAEOHOB_01962,OPNKAGHI_00812,KAHEJOMD_01843,HMEEEBGO_02737,KGEHKDDB_01758,GMGKJONF_01814,HLLCJJMH_01799,BMKFACGC_01825,FHDKMCMF_01407
cinA,cinA,Putative competence-damage inducible protein,10,10,1.0,1,3516,,,,1251,1251,1251.0,JECDCPOO_00847,KDAEOHOB_01128,OPNKAGHI_01781,KAHEJOMD_00991,HMEEEBGO_00912,KGEHKDDB_00852,GMGKJONF_00902,HLLCJJMH_00901,BMKFACGC_00927,FHDKMCMF_02243
group_2118,,hypothetical protein,10,10,1.0,1,3513,,,,297,297,297.0,JECDCPOO_02050,KDAEOHOB_02316,OPNKAGHI_00479,KAHEJOMD_02187,HMEEEBGO_02316,KGEHKDDB_02096,GMGKJONF_02150,HLLCJJMH_02150,BMKFACGC_02171,FHDKMCMF_01061
group_2117,,hypothetical protein,10,10,1.0,1,3512,,,,297,297,297.0,JECDCPOO_01348,KDAEOHOB_01687,OPNKAGHI_01267,KAHEJOMD_01497,HMEEEBGO_00253,KGEHKDDB_01421,GMGKJONF_01469,HLLCJJMH_01406,BMKFACGC_01226,FHDKMCMF_01751
group_2116,,hypothetical protein,10,10,1.0,1,3511,,,,297,297,297.0,JECDCPOO_00659,KDAEOHOB_00923,OPNKAGHI_01988,KAHEJOMD_00710,HMEEEBGO_01130,KGEHKDDB_00669,GMGKJONF_00702,HLLCJJMH_00711,BMKFACGC_00708,FHDKMCMF_02426
group_2115,,hypothetical protein,10,10,1.0,1,3510,,,,1332,1353,1344.6,JECDCPOO_00416,KDAEOHOB_00673,OPNKAGHI_02236,KAHEJOMD_00447,HMEEEBGO_01386,KGEHKDDB_00413,GMGKJONF_00448,HLLCJJMH_00459,BMKFACGC_00454,FHDKMCMF_00166
rpsF,rpsF,Small ribosomal subunit protein bS6,10,10,1.0,1,3509,,,,297,297,297.0,JECDCPOO_00007,KDAEOHOB_00265,OPNKAGHI_00008,KAHEJOMD_00007,HMEEEBGO_01816,KGEHKDDB_00007,GMGKJONF_00007,HLLCJJMH_00007,BMKFACGC_00007,FHDKMCMF_00601
group_2105,,hypothetical protein,10,10,1.0,1,3499,,,,300,300,300.0,JECDCPOO_01397,KDAEOHOB_01737,OPNKAGHI_01216,KAHEJOMD_01545,HMEEEBGO_00142,KGEHKDDB_01469,GMGKJONF_01518,HLLCJJMH_01569,BMKFACGC_01174,FHDKMCMF_01703
rpmA,rpmA,Large ribosomal subunit protein bL27,10,10,1.0,1,3498,,,,300,300,300.0,JECDCPOO_01033,KDAEOHOB_01308,OPNKAGHI_01590,KAHEJOMD_01175,HMEEEBGO_00639,KGEHKDDB_01032,GMGKJONF_01085,HLLCJJMH_01081,BMKFACGC_01526,FHDKMCMF_02063
nrdE,nrdE,Ribonucleoside-diphosphate reductase subunit alpha,10,10,1.0,1,3491,,,,2166,2166,2166.0,JECDCPOO_00641,KDAEOHOB_00905,OPNKAGHI_02007,KAHEJOMD_00692,HMEEEBGO_01148,KGEHKDDB_00651,GMGKJONF_00684,HLLCJJMH_00693,BMKFACGC_00689,FHDKMCMF_02444
rulQ,rulQ,RNA-binding protein YlxQ,10,10,1.0,1,3490,,,,303,303,303.0,JECDCPOO_01347,KDAEOHOB_01686,OPNKAGHI_01268,KAHEJOMD_01496,HMEEEBGO_00254,KGEHKDDB_01420,GMGKJONF_01468,HLLCJJMH_01405,BMKFACGC_01227,FHDKMCMF_01752
gcvH_1,gcvH_1,Glycine cleavage system H protein,10,10,1.0,1,3487,,,,303,303,303.0,JECDCPOO_00814,KDAEOHOB_01095,OPNKAGHI_01815,KAHEJOMD_00958,HMEEEBGO_00945,KGEHKDDB_00819,GMGKJONF_00869,HLLCJJMH_00867,BMKFACGC_00893,FHDKMCMF_02276
nupG,nupG,Purine nucleoside transport protein NupG,10,10,1.0,1,3486,,,,1260,1260,1260.0,JECDCPOO_02214,KDAEOHOB_02460,OPNKAGHI_00323,KAHEJOMD_02347,HMEEEBGO_02150,KGEHKDDB_02235,GMGKJONF_02295,HLLCJJMH_02321,BMKFACGC_02308,FHDKMCMF_00918
yjeM_4~~~yjeM_3~~~yjeM_1,yjeM_4;yjeM_3;yjeM_1,Inner membrane transporter YjeM,10,11,1.1,1,3485,,,,498,1479,1344.0,JECDCPOO_00134,KDAEOHOB_00390,OPNKAGHI_02547;OPNKAGHI_02546,KAHEJOMD_00153,HMEEEBGO_01683,KGEHKDDB_00128,GMGKJONF_00156,HLLCJJMH_00176,BMKFACGC_00147,FHDKMCMF_00451
group_2089,,hypothetical protein,10,20,2.0,1,3477,,,,225,2247,1131.9,JECDCPOO_01206;JECDCPOO_01205,KDAEOHOB_01466;KDAEOHOB_01467,OPNKAGHI_01413,KAHEJOMD_01338;KAHEJOMD_01337,HMEEEBGO_00477;HMEEEBGO_00478,KGEHKDDB_01192;KGEHKDDB_01191,GMGKJONF_01247;GMGKJONF_01246,HLLCJJMH_01241;HLLCJJMH_01240,BMKFACGC_01388;BMKFACGC_01386;BMKFACGC_01387,FHDKMCMF_01903;FHDKMCMF_01902
tyrS_1,tyrS_1,Tyrosine--tRNA ligase,10,10,1.0,1,3472,,,,1260,1260,1260.0,JECDCPOO_00460,KDAEOHOB_00719,OPNKAGHI_02201,KAHEJOMD_00497,HMEEEBGO_01341,KGEHKDDB_00458,GMGKJONF_00493,HLLCJJMH_00503,BMKFACGC_00488,FHDKMCMF_00120
rpsJ,rpsJ,Small ribosomal subunit protein uS10,10,10,1.0,1,3467,,,,309,309,309.0,JECDCPOO_01804,KDAEOHOB_02071,OPNKAGHI_00726,KAHEJOMD_01931,HMEEEBGO_02646,KGEHKDDB_01843,GMGKJONF_01899,HLLCJJMH_01888,BMKFACGC_01911,FHDKMCMF_01320
rplU,rplU,Large ribosomal subunit protein bL21,10,10,1.0,1,3466,,,,309,309,309.0,JECDCPOO_01031,KDAEOHOB_01306,OPNKAGHI_01592,KAHEJOMD_01173,HMEEEBGO_00641,KGEHKDDB_01030,GMGKJONF_01083,HLLCJJMH_01079,BMKFACGC_01528,FHDKMCMF_02065
group_2082,,hypothetical protein,10,10,1.0,1,3465,,,,876,885,884.1,JECDCPOO_00468,KDAEOHOB_00727,OPNKAGHI_02193,KAHEJOMD_00505,HMEEEBGO_01333,KGEHKDDB_00466,GMGKJONF_00501,HLLCJJMH_00511,BMKFACGC_00496,FHDKMCMF_00112
group_2081,,RNA-binding protein,10,10,1.0,1,3464,,,,309,309,309.0,JECDCPOO_00987,KDAEOHOB_01262,OPNKAGHI_01640,KAHEJOMD_01128,HMEEEBGO_00685,KGEHKDDB_00986,GMGKJONF_01039,HLLCJJMH_01035,BMKFACGC_01576,FHDKMCMF_02109
group_2080,,hypothetical protein,10,10,1.0,1,3463,,,,309,309,309.0,JECDCPOO_00740,KDAEOHOB_01004,OPNKAGHI_01901,KAHEJOMD_00791,HMEEEBGO_01049,KGEHKDDB_00750,GMGKJONF_00784,HLLCJJMH_00793,BMKFACGC_00794,FHDKMCMF_02345
group_2079,,hypothetical protein,10,10,1.0,1,3462,,,,669,669,669.0,JECDCPOO_01828,KDAEOHOB_02095,OPNKAGHI_00701,KAHEJOMD_01956,HMEEEBGO_02622,KGEHKDDB_01867,GMGKJONF_01923,HLLCJJMH_01912,BMKFACGC_01935,FHDKMCMF_01295
rplX,rplX,Large ribosomal subunit protein uL24,10,10,1.0,1,3458,,,,312,312,312.0,JECDCPOO_01792,KDAEOHOB_02059,OPNKAGHI_00738,KAHEJOMD_01919,HMEEEBGO_02658,KGEHKDDB_01831,GMGKJONF_01887,HLLCJJMH_01876,BMKFACGC_01899,FHDKMCMF_01332
group_2075,,hypothetical protein,10,10,1.0,1,3457,,,,312,312,312.0,JECDCPOO_00894,KDAEOHOB_01171,OPNKAGHI_01736,KAHEJOMD_01038,HMEEEBGO_00865,KGEHKDDB_00895,GMGKJONF_00948,HLLCJJMH_00944,BMKFACGC_00977,FHDKMCMF_02200
gatC,gatC,Glutamyl-tRNA(Gln) amidotransferase subunit C,10,10,1.0,1,3456,,,,312,312,312.0,JECDCPOO_01731,KDAEOHOB_01978,OPNKAGHI_00796,KAHEJOMD_01859,HMEEEBGO_02721,KGEHKDDB_01774,GMGKJONF_01831,HLLCJJMH_01815,BMKFACGC_01841,FHDKMCMF_01390
group_2074,,hypothetical protein,10,10,1.0,1,3455,,,,312,312,312.0,JECDCPOO_00865,KDAEOHOB_01146,OPNKAGHI_01761,KAHEJOMD_01009,HMEEEBGO_00894,KGEHKDDB_00870,GMGKJONF_00920,HLLCJJMH_00919,BMKFACGC_00945,FHDKMCMF_02225
gdnD,gdnD,putative guanidinium efflux system subunit GdnD,10,10,1.0,1,3444,,,,315,315,315.0,JECDCPOO_02330,KDAEOHOB_00076,OPNKAGHI_00211,KAHEJOMD_02449,HMEEEBGO_01998,KGEHKDDB_02357,GMGKJONF_02397,HLLCJJMH_02436,BMKFACGC_02418,FHDKMCMF_00808
czrA_2,czrA_2,HTH-type transcriptional repressor CzrA,10,10,1.0,1,3443,,,,315,315,315.0,JECDCPOO_00996,KDAEOHOB_01271,OPNKAGHI_01631,KAHEJOMD_01137,HMEEEBGO_00676,KGEHKDDB_00995,GMGKJONF_01048,HLLCJJMH_01044,BMKFACGC_01567,FHDKMCMF_02100
group_2058,,hypothetical protein,10,10,1.0,1,3437,,,,318,318,318.0,JECDCPOO_02055,KDAEOHOB_02321,OPNKAGHI_00474,KAHEJOMD_02192,HMEEEBGO_02311,KGEHKDDB_02101,GMGKJONF_02155,HLLCJJMH_02155,BMKFACGC_02176,FHDKMCMF_01056
group_2057,,hypothetical protein,10,10,1.0,1,3436,,,,180,180,180.0,JECDCPOO_02052,KDAEOHOB_02318,OPNKAGHI_00477,KAHEJOMD_02189,HMEEEBGO_02314,KGEHKDDB_02098,GMGKJONF_02152,HLLCJJMH_02152,BMKFACGC_02173,FHDKMCMF_01059
group_2056,,hypothetical protein,10,10,1.0,1,3435,,,,318,318,318.0,JECDCPOO_01325,KDAEOHOB_01588,OPNKAGHI_01289,KAHEJOMD_01474,HMEEEBGO_00356,KGEHKDDB_01317,GMGKJONF_01363,HLLCJJMH_01383,BMKFACGC_01255,FHDKMCMF_01773
trxA_2,trxA_2,Thioredoxin,10,10,1.0,1,3434,,,,318,318,318.0,JECDCPOO_00869,KDAEOHOB_01150,OPNKAGHI_01757,KAHEJOMD_01013,HMEEEBGO_00890,KGEHKDDB_00874,GMGKJONF_00924,HLLCJJMH_00923,BMKFACGC_00949,FHDKMCMF_02221
group_2055,,hypothetical protein,10,10,1.0,1,3433,,,,318,318,318.0,JECDCPOO_00268,KDAEOHOB_00526,OPNKAGHI_02397,KAHEJOMD_00300,HMEEEBGO_01534,KGEHKDDB_00266,GMGKJONF_00296,HLLCJJMH_00311,BMKFACGC_00298,FHDKMCMF_00313
group_2052,,Nucleoid-associated protein,10,10,1.0,1,3430,,,,321,321,321.0,JECDCPOO_00646,KDAEOHOB_00910,OPNKAGHI_02002,KAHEJOMD_00697,HMEEEBGO_01143,KGEHKDDB_00656,GMGKJONF_00689,HLLCJJMH_00698,BMKFACGC_00695,FHDKMCMF_02439
serS,serS,Serine--tRNA ligase,10,10,1.0,1,3429,,,,1272,1272,1272.0,JECDCPOO_01823,KDAEOHOB_02090,OPNKAGHI_00706,KAHEJOMD_01951,HMEEEBGO_02627,KGEHKDDB_01862,GMGKJONF_01918,HLLCJJMH_01907,BMKFACGC_01930,FHDKMCMF_01300
group_2050,,hypothetical protein,10,10,1.0,1,3427,,,,321,321,321.0,JECDCPOO_02060,KDAEOHOB_02328,OPNKAGHI_00468,KAHEJOMD_02197,HMEEEBGO_02307,KGEHKDDB_02107,GMGKJONF_02162,HLLCJJMH_02160,BMKFACGC_02181,FHDKMCMF_01051
group_2049,,hypothetical protein,10,10,1.0,1,3426,,,,321,321,321.0,JECDCPOO_00579,KDAEOHOB_00837,OPNKAGHI_02072,KAHEJOMD_00620,HMEEEBGO_01215,KGEHKDDB_00589,GMGKJONF_00616,HLLCJJMH_00626,BMKFACGC_00622,FHDKMCMF_02506
group_2037,,hypothetical protein,10,10,1.0,1,3413,,,,324,324,324.0,JECDCPOO_01544,KDAEOHOB_01885,OPNKAGHI_01060,KAHEJOMD_01762,HMEEEBGO_02819,KGEHKDDB_01678,GMGKJONF_01732,HLLCJJMH_01719,BMKFACGC_01647,FHDKMCMF_01487
group_2036,,hypothetical protein,10,10,1.0,1,3412,,,,324,324,324.0,JECDCPOO_01047,KDAEOHOB_01321,OPNKAGHI_01576,KAHEJOMD_01188,HMEEEBGO_00625,KGEHKDDB_01046,GMGKJONF_01098,HLLCJJMH_01095,BMKFACGC_01512,FHDKMCMF_02049
group_2035,,hypothetical protein,10,10,1.0,1,3411,,,,324,324,324.0,JECDCPOO_00481,KDAEOHOB_00740,OPNKAGHI_02179,KAHEJOMD_00518,HMEEEBGO_01320,KGEHKDDB_00479,GMGKJONF_00514,HLLCJJMH_00524,BMKFACGC_00511,FHDKMCMF_00099
lipM,;lipM,hypothetical protein;putative carboxylic ester hydrolase LipM,10,10,1.0,1,3410,,,,855,855,855.0,JECDCPOO_00367,KDAEOHOB_00625,OPNKAGHI_02285,KAHEJOMD_00399,HMEEEBGO_01435,KGEHKDDB_00365,GMGKJONF_00399,HLLCJJMH_00411,BMKFACGC_00404,FHDKMCMF_00214
group_2030,,hypothetical protein,10,10,1.0,1,3405,,,,327,327,327.0,JECDCPOO_01538,KDAEOHOB_01879,OPNKAGHI_01066,KAHEJOMD_01756,HMEEEBGO_02825,KGEHKDDB_01672,GMGKJONF_01726,HLLCJJMH_01713,BMKFACGC_01640,FHDKMCMF_01493
group_2029,,hypothetical protein,10,10,1.0,1,3404,,,,327,327,327.0,JECDCPOO_00965,KDAEOHOB_01240,OPNKAGHI_01662,KAHEJOMD_01107,HMEEEBGO_00707,KGEHKDDB_00964,GMGKJONF_01017,HLLCJJMH_01013,BMKFACGC_01603,FHDKMCMF_02131
group_2028,,hypothetical protein,10,10,1.0,1,3403,,,,327,327,327.0,JECDCPOO_00489,KDAEOHOB_00749,OPNKAGHI_02171,KAHEJOMD_00527,HMEEEBGO_01311,KGEHKDDB_00488,GMGKJONF_00522,HLLCJJMH_00533,BMKFACGC_00519,FHDKMCMF_00090
codA_1~~~codA,codA_1;codA,Cytosine deaminase,10,10,1.0,1,3402,,,,1239,1269,1242.0,JECDCPOO_02049,KDAEOHOB_02315,OPNKAGHI_00480,KAHEJOMD_02186,HMEEEBGO_02317,KGEHKDDB_02095,GMGKJONF_02149,HLLCJJMH_02149,BMKFACGC_02170,FHDKMCMF_01062
group_2021,,hypothetical protein,10,10,1.0,1,3395,,,,330,330,330.0,JECDCPOO_02329,KDAEOHOB_00075,OPNKAGHI_00212,KAHEJOMD_02448,HMEEEBGO_01999,KGEHKDDB_02356,GMGKJONF_02396,HLLCJJMH_02435,BMKFACGC_02417,FHDKMCMF_00809
group_2020,,hypothetical protein,10,10,1.0,1,3394,,,,330,330,330.0,JECDCPOO_00788,KDAEOHOB_01069,OPNKAGHI_01842,KAHEJOMD_00929,HMEEEBGO_00971,KGEHKDDB_00793,GMGKJONF_00843,HLLCJJMH_00841,BMKFACGC_00864,FHDKMCMF_02302
group_2019,,hypothetical protein,10,10,1.0,1,3393,,,,330,330,330.0,JECDCPOO_00683,KDAEOHOB_00947,OPNKAGHI_01961,KAHEJOMD_00734,HMEEEBGO_01106,KGEHKDDB_00693,GMGKJONF_00726,HLLCJJMH_00735,BMKFACGC_00733,FHDKMCMF_02402
darA,darA,Cyclic di-AMP receptor A,10,10,1.0,1,3392,,,,330,330,330.0,JECDCPOO_00650,KDAEOHOB_00914,OPNKAGHI_01998,KAHEJOMD_00701,HMEEEBGO_01139,KGEHKDDB_00660,GMGKJONF_00693,HLLCJJMH_00702,BMKFACGC_00699,FHDKMCMF_02435
group_2018,,hypothetical protein,10,10,1.0,1,3391,,,,330,330,330.0,JECDCPOO_00073,KDAEOHOB_00326,OPNKAGHI_00084,KAHEJOMD_00090,HMEEEBGO_01746,KGEHKDDB_00068,GMGKJONF_00093,HLLCJJMH_00113,BMKFACGC_00086,FHDKMCMF_00511
group_2016,,hypothetical protein,10,10,1.0,1,3389,,,,864,885,882.9,JECDCPOO_02002,KDAEOHOB_02274,OPNKAGHI_00520,KAHEJOMD_02140,HMEEEBGO_02364,KGEHKDDB_02050,GMGKJONF_02108,HLLCJJMH_02101,BMKFACGC_02121,FHDKMCMF_01107
group_2011,,hypothetical protein,10,10,1.0,1,3384,,,,333,333,333.0,JECDCPOO_01839,KDAEOHOB_02106,OPNKAGHI_00690,KAHEJOMD_01967,HMEEEBGO_02611,KGEHKDDB_01878,GMGKJONF_01934,HLLCJJMH_01923,BMKFACGC_01946,FHDKMCMF_01284
ytpP,ytpP,Thioredoxin-like protein YtpP,10,10,1.0,1,3383,,,,333,333,333.0,JECDCPOO_00966,KDAEOHOB_01241,OPNKAGHI_01661,KAHEJOMD_01108,HMEEEBGO_00706,KGEHKDDB_00965,GMGKJONF_01018,HLLCJJMH_01014,BMKFACGC_01602,FHDKMCMF_02130
group_2010,,hypothetical protein,10,10,1.0,1,3382,,,,1062,1086,1083.6,JECDCPOO_01996,KDAEOHOB_02267,OPNKAGHI_00526,KAHEJOMD_02134,HMEEEBGO_02370,KGEHKDDB_02044,GMGKJONF_02102,HLLCJJMH_02092,BMKFACGC_02114,FHDKMCMF_01113
group_2005,,hypothetical protein,10,10,1.0,1,3377,,,,336,336,336.0,JECDCPOO_01322,KDAEOHOB_01585,OPNKAGHI_01292,KAHEJOMD_01471,HMEEEBGO_00359,KGEHKDDB_01314,GMGKJONF_01360,HLLCJJMH_01380,BMKFACGC_01258,FHDKMCMF_01776
larA,larA,Lactate racemase,10,10,1.0,1,3376,,,,1281,1281,1281.0,JECDCPOO_01968,KDAEOHOB_02238,OPNKAGHI_00555,KAHEJOMD_02105,HMEEEBGO_02401,KGEHKDDB_02015,GMGKJONF_02070,HLLCJJMH_02061,BMKFACGC_02080,FHDKMCMF_01144
group_1999,,hypothetical protein,10,10,1.0,1,3370,,,,339,339,339.0,JECDCPOO_01032,KDAEOHOB_01307,OPNKAGHI_01591,KAHEJOMD_01174,HMEEEBGO_00640,KGEHKDDB_01031,GMGKJONF_01084,HLLCJJMH_01080,BMKFACGC_01527,FHDKMCMF_02064
czrA_1,czrA_1,HTH-type transcriptional repressor CzrA,10,10,1.0,1,3369,,,,339,339,339.0,JECDCPOO_00420,KDAEOHOB_00678,OPNKAGHI_02231,KAHEJOMD_00456,HMEEEBGO_01382,KGEHKDDB_00417,GMGKJONF_00452,HLLCJJMH_00463,BMKFACGC_00458,FHDKMCMF_00162
group_1995,,hypothetical protein,10,10,1.0,1,3365,,,,342,342,342.0,JECDCPOO_01068,KDAEOHOB_01342,OPNKAGHI_01553,KAHEJOMD_01209,HMEEEBGO_00604,KGEHKDDB_01067,GMGKJONF_01119,HLLCJJMH_01116,BMKFACGC_01490,FHDKMCMF_02028
group_1994,,hypothetical protein,10,10,1.0,1,3364,,,,342,342,342.0,JECDCPOO_01509,KDAEOHOB_01850,OPNKAGHI_01090,KAHEJOMD_01659,HMEEEBGO_00028,KGEHKDDB_01582,GMGKJONF_01632,HLLCJJMH_01683,BMKFACGC_01058,FHDKMCMF_01590
group_1993,,hypothetical protein,10,10,1.0,1,3363,,,,342,342,342.0,JECDCPOO_01449,KDAEOHOB_01789,OPNKAGHI_01162,KAHEJOMD_01599,HMEEEBGO_00088,KGEHKDDB_01521,GMGKJONF_01571,HLLCJJMH_01621,BMKFACGC_01119,FHDKMCMF_01651
adh_2~~~adh_3,adh_2;adh_3,NADP-dependent (R)-specific alcohol dehydrogenase,10,11,1.1,1,3362,,,,252,753,684.8181818181819,JECDCPOO_00358,KDAEOHOB_00616,OPNKAGHI_02296,KAHEJOMD_00390,HMEEEBGO_01444,KGEHKDDB_00356,GMGKJONF_00390;GMGKJONF_00389,HLLCJJMH_00402,BMKFACGC_00395,FHDKMCMF_00223
yabA,yabA,Replication initiation control protein YabA,10,10,1.0,1,3361,,,,342,342,342.0,JECDCPOO_00652,KDAEOHOB_00916,OPNKAGHI_01996,KAHEJOMD_00703,HMEEEBGO_01137,KGEHKDDB_00662,GMGKJONF_00695,HLLCJJMH_00704,BMKFACGC_00701,FHDKMCMF_02433
darB,darB,Cyclic di-AMP receptor B,10,10,1.0,1,3357,,,,489,492,490.5,JECDCPOO_00874,KDAEOHOB_01155,OPNKAGHI_01752,KAHEJOMD_01018,HMEEEBGO_00885,KGEHKDDB_00879,GMGKJONF_00929,HLLCJJMH_00928,BMKFACGC_00954,FHDKMCMF_02216
zapA,zapA,Cell division protein ZapA,10,10,1.0,1,3350,,,,261,270,263.7,JECDCPOO_00866,KDAEOHOB_01147,OPNKAGHI_01760,KAHEJOMD_01010,HMEEEBGO_00893,KGEHKDDB_00871,GMGKJONF_00921,HLLCJJMH_00920,BMKFACGC_00946,FHDKMCMF_02224
eutS,eutS,Bacterial microcompartment shell protein EutS,10,10,1.0,1,3349,,,,345,345,345.0,JECDCPOO_01706,KDAEOHOB_01953,OPNKAGHI_00821,KAHEJOMD_01834,HMEEEBGO_02746,KGEHKDDB_01749,GMGKJONF_01805,HLLCJJMH_01790,BMKFACGC_01816,FHDKMCMF_01416
group_1984,,hypothetical protein,10,10,1.0,1,3348,,,,345,345,345.0,JECDCPOO_01501,KDAEOHOB_01842,OPNKAGHI_01098,KAHEJOMD_01651,HMEEEBGO_00036,KGEHKDDB_01574,GMGKJONF_01624,HLLCJJMH_01675,BMKFACGC_01067,FHDKMCMF_01598
group_1973,,hypothetical protein,10,10,1.0,1,3336,,,,348,348,348.0,JECDCPOO_02193,KDAEOHOB_02439,OPNKAGHI_00344,KAHEJOMD_02326,HMEEEBGO_02171,KGEHKDDB_02214,GMGKJONF_02274,HLLCJJMH_02300,BMKFACGC_02287,FHDKMCMF_00939
group_1972,,hypothetical protein,10,10,1.0,1,3335,,,,348,348,348.0,JECDCPOO_01935,KDAEOHOB_02205,OPNKAGHI_00589,KAHEJOMD_02072,HMEEEBGO_02434,KGEHKDDB_01982,GMGKJONF_02037,HLLCJJMH_02028,BMKFACGC_02044,FHDKMCMF_01177
group_1971,,hypothetical protein,10,10,1.0,1,3334,,,,348,348,348.0,JECDCPOO_00100,KDAEOHOB_00353,OPNKAGHI_00112,KAHEJOMD_00119,HMEEEBGO_01719,KGEHKDDB_00095,GMGKJONF_00123,HLLCJJMH_00141,BMKFACGC_00115,FHDKMCMF_00484
group_1967,,hypothetical protein,10,10,1.0,1,3330,,,,351,351,351.0,JECDCPOO_01984,KDAEOHOB_02255,OPNKAGHI_00538,KAHEJOMD_02122,HMEEEBGO_02382,KGEHKDDB_02032,GMGKJONF_02090,HLLCJJMH_02080,BMKFACGC_02098,FHDKMCMF_01125
rbfA,rbfA,Ribosome-binding factor A,10,10,1.0,1,3329,,,,351,351,351.0,JECDCPOO_01345,KDAEOHOB_01684,OPNKAGHI_01270,KAHEJOMD_01494,HMEEEBGO_00256,KGEHKDDB_01418,GMGKJONF_01466,HLLCJJMH_01403,BMKFACGC_01229,FHDKMCMF_01754
group_1966,,hypothetical protein,10,10,1.0,1,3328,,,,351,351,351.0,JECDCPOO_00145,KDAEOHOB_00401,OPNKAGHI_02534,KAHEJOMD_00167,HMEEEBGO_01672,KGEHKDDB_00139,GMGKJONF_00169,HLLCJJMH_00187,BMKFACGC_00157,FHDKMCMF_00440
tmcAL,tmcAL,tRNA(Met) cytidine acetate ligase,10,10,1.0,1,3326,,,,1149,1149,1149.0,JECDCPOO_00992,KDAEOHOB_01267,OPNKAGHI_01635,KAHEJOMD_01133,HMEEEBGO_00680,KGEHKDDB_00991,GMGKJONF_01044,HLLCJJMH_01040,BMKFACGC_01571,FHDKMCMF_02104
comFC,comFC,Competence protein ComFC,10,10,1.0,1,3324,,,,675,675,675.0,JECDCPOO_00670,KDAEOHOB_00934,OPNKAGHI_01976,KAHEJOMD_00721,HMEEEBGO_01119,KGEHKDDB_00680,GMGKJONF_00713,HLLCJJMH_00722,BMKFACGC_00720,FHDKMCMF_02415
gpsB_1,gpsB_1,Cell cycle protein GpsB,10,10,1.0,1,3321,,,,354,354,354.0,JECDCPOO_01179,KDAEOHOB_01444,OPNKAGHI_01436,KAHEJOMD_01315,HMEEEBGO_00500,KGEHKDDB_01169,GMGKJONF_01224,HLLCJJMH_01218,BMKFACGC_01410,FHDKMCMF_01925
group_1961,,hypothetical protein,10,10,1.0,1,3320,,,,354,354,354.0,JECDCPOO_01470,KDAEOHOB_01810,OPNKAGHI_01141,KAHEJOMD_01620,HMEEEBGO_00067,KGEHKDDB_01542,GMGKJONF_01593,HLLCJJMH_01643,BMKFACGC_01098,FHDKMCMF_01630
group_1960,,hypothetical protein,10,10,1.0,1,3319,,,,738,738,738.0,JECDCPOO_00074,KDAEOHOB_00327,OPNKAGHI_00085,KAHEJOMD_00091,HMEEEBGO_01745,KGEHKDDB_00069,GMGKJONF_00094,HLLCJJMH_00114,BMKFACGC_00087,FHDKMCMF_00510
group_1959,,hypothetical protein,10,10,1.0,1,3318,,,,330,402,394.8,JECDCPOO_02088,KDAEOHOB_02356,OPNKAGHI_00437,KAHEJOMD_02227,HMEEEBGO_02279,KGEHKDDB_02135,GMGKJONF_02191,HLLCJJMH_02188,BMKFACGC_02210,FHDKMCMF_01023
rnpA,rnpA,Ribonuclease P protein component,10,10,1.0,1,3307,,,,357,357,357.0,JECDCPOO_02503,KDAEOHOB_00257,OPNKAGHI_02657,KAHEJOMD_02627,HMEEEBGO_01824,KGEHKDDB_02546,GMGKJONF_02582,HLLCJJMH_02643,BMKFACGC_02623,FHDKMCMF_00609
rplV,rplV,Large ribosomal subunit protein uL22,10,10,1.0,1,3306,,,,357,357,357.0,JECDCPOO_01798,KDAEOHOB_02065,OPNKAGHI_00732,KAHEJOMD_01925,HMEEEBGO_02652,KGEHKDDB_01837,GMGKJONF_01893,HLLCJJMH_01882,BMKFACGC_01905,FHDKMCMF_01326
rplR,rplR,Large ribosomal subunit protein uL18,10,10,1.0,1,3305,,,,357,357,357.0,JECDCPOO_01788,KDAEOHOB_02055,OPNKAGHI_00742,KAHEJOMD_01915,HMEEEBGO_02662,KGEHKDDB_01827,GMGKJONF_01883,HLLCJJMH_01872,BMKFACGC_01894,FHDKMCMF_01336
group_1948,,hypothetical protein,10,10,1.0,1,3304,,,,357,357,357.0,JECDCPOO_01703,KDAEOHOB_01950,OPNKAGHI_00824,KAHEJOMD_01831,HMEEEBGO_02749,KGEHKDDB_01746,GMGKJONF_01801,HLLCJJMH_01787,BMKFACGC_01812,FHDKMCMF_01419
rplS,rplS,Large ribosomal subunit protein bL19,10,10,1.0,1,3303,,,,357,357,357.0,JECDCPOO_01078,KDAEOHOB_01352,OPNKAGHI_01542,KAHEJOMD_01219,HMEEEBGO_00594,KGEHKDDB_01077,GMGKJONF_01129,HLLCJJMH_01126,BMKFACGC_01480,FHDKMCMF_02018
rsfS,rsfS,Ribosomal silencing factor RsfS,10,10,1.0,1,3302,,,,357,357,357.0,JECDCPOO_00990,KDAEOHOB_01265,OPNKAGHI_01637,KAHEJOMD_01131,HMEEEBGO_00682,KGEHKDDB_00989,GMGKJONF_01042,HLLCJJMH_01038,BMKFACGC_01573,FHDKMCMF_02106
group_1947,,hypothetical protein,10,10,1.0,1,3301,,,,357,357,357.0,JECDCPOO_00132,KDAEOHOB_00388,OPNKAGHI_02549,KAHEJOMD_00151,HMEEEBGO_01685,KGEHKDDB_00126,GMGKJONF_00154,HLLCJJMH_00174,BMKFACGC_00145,FHDKMCMF_00453
pdp,pdp,Pyrimidine-nucleoside phosphorylase,10,10,1.0,1,3293,,,,1299,1299,1299.0,JECDCPOO_01697,KDAEOHOB_01944,OPNKAGHI_00830,KAHEJOMD_01825,HMEEEBGO_02755,KGEHKDDB_01740,GMGKJONF_01795,HLLCJJMH_01781,BMKFACGC_01806,FHDKMCMF_01425
rplT,rplT,Large ribosomal subunit protein bL20,10,10,1.0,1,3289,,,,360,360,360.0,JECDCPOO_00983,KDAEOHOB_01258,OPNKAGHI_01644,KAHEJOMD_01125,HMEEEBGO_00689,KGEHKDDB_00982,GMGKJONF_01035,HLLCJJMH_01031,BMKFACGC_01583,FHDKMCMF_02113
group_1937,,hypothetical protein,10,10,1.0,1,3288,,,,360,360,360.0,JECDCPOO_00517,KDAEOHOB_00777,OPNKAGHI_02141,KAHEJOMD_00555,HMEEEBGO_01280,KGEHKDDB_00516,GMGKJONF_00551,HLLCJJMH_00561,BMKFACGC_00555,FHDKMCMF_00062
group_1925,,hypothetical protein,10,10,1.0,1,3276,,,,363,363,363.0,JECDCPOO_01965,KDAEOHOB_02235,OPNKAGHI_00558,KAHEJOMD_02102,HMEEEBGO_02404,KGEHKDDB_02012,GMGKJONF_02067,HLLCJJMH_02058,BMKFACGC_02077,FHDKMCMF_01147
group_1923,,hypothetical protein,10,10,1.0,1,3274,,,,363,363,363.0,JECDCPOO_01688,KDAEOHOB_01935,OPNKAGHI_00841,KAHEJOMD_01815,HMEEEBGO_02765,KGEHKDDB_01731,GMGKJONF_01786,HLLCJJMH_01772,BMKFACGC_01796,FHDKMCMF_01434
group_1922,,putative protein,10,10,1.0,1,3273,,,,363,363,363.0,JECDCPOO_01060,KDAEOHOB_01334,OPNKAGHI_01562,KAHEJOMD_01201,HMEEEBGO_00612,KGEHKDDB_01059,GMGKJONF_01111,HLLCJJMH_01108,BMKFACGC_01499,FHDKMCMF_02036
ytcD_1,ytcD_1,putative HTH-type transcriptional regulator YtcD,10,10,1.0,1,3272,,,,363,363,363.0,JECDCPOO_00409,KDAEOHOB_00666,OPNKAGHI_02243,KAHEJOMD_00440,HMEEEBGO_01393,KGEHKDDB_00406,GMGKJONF_00441,HLLCJJMH_00452,BMKFACGC_00447,FHDKMCMF_00173
rps1,rps1,Small ribosomal subunit protein bS1,10,10,1.0,1,3270,,,,1305,1305,1305.0,JECDCPOO_01272,KDAEOHOB_01536,OPNKAGHI_01344,KAHEJOMD_01422,HMEEEBGO_00408,KGEHKDDB_01265,GMGKJONF_01311,HLLCJJMH_01331,BMKFACGC_01307,FHDKMCMF_01825
group_1918,,hypothetical protein,10,10,1.0,1,3267,,,,1305,1305,1305.0,JECDCPOO_00447,KDAEOHOB_00705,OPNKAGHI_02213,KAHEJOMD_00483,HMEEEBGO_01355,KGEHKDDB_00445,GMGKJONF_00480,HLLCJJMH_00490,BMKFACGC_00472,FHDKMCMF_00135
rpsM,rpsM,Small ribosomal subunit protein uS13,10,10,1.0,1,3264,,,,366,366,366.0,JECDCPOO_01781,KDAEOHOB_02048,OPNKAGHI_00749,KAHEJOMD_01908,HMEEEBGO_02669,KGEHKDDB_01820,GMGKJONF_01876,HLLCJJMH_01865,BMKFACGC_01887,FHDKMCMF_01343
der,der,GTPase Der,10,10,1.0,1,3261,,,,1308,1308,1308.0,JECDCPOO_01271,KDAEOHOB_01535,OPNKAGHI_01345,KAHEJOMD_01421,HMEEEBGO_00409,KGEHKDDB_01264,GMGKJONF_01310,HLLCJJMH_01330,BMKFACGC_01308,FHDKMCMF_01826
group_1907,,hypothetical protein,10,10,1.0,1,3253,,,,369,369,369.0,JECDCPOO_01964,KDAEOHOB_02234,OPNKAGHI_00559,KAHEJOMD_02101,HMEEEBGO_02405,KGEHKDDB_02011,GMGKJONF_02066,HLLCJJMH_02057,BMKFACGC_02076,FHDKMCMF_01148
rplN,rplN,Large ribosomal subunit protein uL14,10,10,1.0,1,3252,,,,369,369,369.0,JECDCPOO_01793,KDAEOHOB_02060,OPNKAGHI_00737,KAHEJOMD_01920,HMEEEBGO_02657,KGEHKDDB_01832,GMGKJONF_01888,HLLCJJMH_01877,BMKFACGC_01900,FHDKMCMF_01331
acpS,acpS,Holo-[acyl-carrier-protein] synthase,10,10,1.0,1,3251,,,,369,369,369.0,JECDCPOO_00553,KDAEOHOB_00813,OPNKAGHI_02098,KAHEJOMD_00594,HMEEEBGO_01242,KGEHKDDB_00563,GMGKJONF_00589,HLLCJJMH_00600,BMKFACGC_00593,FHDKMCMF_00024
group_1906,,hypothetical protein,10,10,1.0,1,3250,,,,369,369,369.0,JECDCPOO_00457,KDAEOHOB_00716,OPNKAGHI_02204,KAHEJOMD_00494,HMEEEBGO_01345,KGEHKDDB_00455,GMGKJONF_00490,HLLCJJMH_00500,BMKFACGC_00485,FHDKMCMF_00124
group_1899,,Nucleobase transporter PlAzg2,10,10,1.0,1,3242,,,,1314,1314,1314.0,JECDCPOO_02213,KDAEOHOB_02459,OPNKAGHI_00324,KAHEJOMD_02346,HMEEEBGO_02151,KGEHKDDB_02234,GMGKJONF_02294,HLLCJJMH_02320,BMKFACGC_02307,FHDKMCMF_00919
group_1898,,hypothetical protein,10,10,1.0,1,3241,,,,372,372,372.0,JECDCPOO_00757,KDAEOHOB_01021,OPNKAGHI_01883,KAHEJOMD_00809,HMEEEBGO_01032,KGEHKDDB_00767,GMGKJONF_00801,HLLCJJMH_00810,BMKFACGC_00813,FHDKMCMF_02328
group_1897,,hypothetical protein,10,10,1.0,1,3240,,,,372,372,372.0,JECDCPOO_00684,KDAEOHOB_00948,OPNKAGHI_01960,KAHEJOMD_00735,HMEEEBGO_01105,KGEHKDDB_00694,GMGKJONF_00727,HLLCJJMH_00736,BMKFACGC_00734,FHDKMCMF_02401
group_1896,,hypothetical protein,10,10,1.0,1,3239,,,,372,372,372.0,JECDCPOO_00414,KDAEOHOB_00671,OPNKAGHI_02238,KAHEJOMD_00445,HMEEEBGO_01388,KGEHKDDB_00411,GMGKJONF_00446,HLLCJJMH_00457,BMKFACGC_00452,FHDKMCMF_00168
accA,accA;,Acetyl-coenzyme A carboxylase carboxyl transferase subunit alpha;hypothetical protein,10,11,1.1,1,3237,,,,117,768,687.0,JECDCPOO_01091,KDAEOHOB_01365,OPNKAGHI_01530,KAHEJOMD_01232,HMEEEBGO_00581,KGEHKDDB_01090,GMGKJONF_01142;GMGKJONF_01143,HLLCJJMH_01139,BMKFACGC_01467,FHDKMCMF_02005
group_1891,,hypothetical protein,10,10,1.0,1,3233,,,,1314,1314,1314.0,JECDCPOO_00370,KDAEOHOB_00628,OPNKAGHI_02282,KAHEJOMD_00402,HMEEEBGO_01432,KGEHKDDB_00368,GMGKJONF_00402,HLLCJJMH_00414,BMKFACGC_00407,FHDKMCMF_00211
thiN,thiN,Thiamine pyrophosphokinase,10,10,1.0,1,3230,,,,675,675,675.0,JECDCPOO_01058,KDAEOHOB_01332,OPNKAGHI_01564,KAHEJOMD_01199,HMEEEBGO_00614,KGEHKDDB_01057,GMGKJONF_01109,HLLCJJMH_01106,BMKFACGC_01501,FHDKMCMF_02038
group_1888,,hypothetical protein,10,10,1.0,1,3229,,,,375,375,375.0,JECDCPOO_02460,KDAEOHOB_00213,OPNKAGHI_02598,KAHEJOMD_02585,HMEEEBGO_01868,KGEHKDDB_02495,GMGKJONF_02537,HLLCJJMH_02587,BMKFACGC_02571,FHDKMCMF_00661
group_1887,,hypothetical protein,10,10,1.0,1,3228,,,,375,375,375.0,JECDCPOO_02137,KDAEOHOB_02384,OPNKAGHI_00413,KAHEJOMD_02256,HMEEEBGO_02251,KGEHKDDB_02163,GMGKJONF_02220,HLLCJJMH_02217,BMKFACGC_02243,FHDKMCMF_00991
ytrA,ytrA,HTH-type transcriptional repressor YtrA,10,10,1.0,1,3227,,,,375,375,375.0,JECDCPOO_00443,KDAEOHOB_00701,OPNKAGHI_02217,KAHEJOMD_00479,HMEEEBGO_01359,KGEHKDDB_00441,GMGKJONF_00476,HLLCJJMH_00486,BMKFACGC_00468,FHDKMCMF_00139
group_1886,,hypothetical protein,10,11,1.1,1,3226,,,,183,1338,1211.1818181818182,JECDCPOO_00155,KDAEOHOB_00411,OPNKAGHI_02519;OPNKAGHI_02520,KAHEJOMD_00181,HMEEEBGO_01656,KGEHKDDB_00153,GMGKJONF_00178,HLLCJJMH_00197,BMKFACGC_00167,FHDKMCMF_00426
malL_2~~~malL_1,malL_2;malL_1,Oligo-16-glucosidase,10,10,1.0,1,3223,,,,1638,1638,1638.0,JECDCPOO_00333,KDAEOHOB_00592,OPNKAGHI_02320,KAHEJOMD_00365,HMEEEBGO_01470,KGEHKDDB_00331,GMGKJONF_00363,HLLCJJMH_00377,BMKFACGC_00365,FHDKMCMF_00248
group_1879,,hypothetical protein,10,10,1.0,1,3218,,,,378,378,378.0,JECDCPOO_00375,KDAEOHOB_00632,OPNKAGHI_02278,KAHEJOMD_00406,HMEEEBGO_01428,KGEHKDDB_00372,GMGKJONF_00406,HLLCJJMH_00418,BMKFACGC_00411,FHDKMCMF_00207
yybR_1,yybR_1,putative HTH-type transcriptional regulator YybR,10,10,1.0,1,3207,,,,381,381,381.0,JECDCPOO_01303,KDAEOHOB_01567,OPNKAGHI_01311,KAHEJOMD_01453,HMEEEBGO_00377,KGEHKDDB_01296,GMGKJONF_01342,HLLCJJMH_01362,BMKFACGC_01276,FHDKMCMF_01794
ndoA,ndoA,Endoribonuclease EndoA,10,10,1.0,1,3206,,,,381,381,381.0,JECDCPOO_00556,KDAEOHOB_00816,OPNKAGHI_02095,KAHEJOMD_00597,HMEEEBGO_01239,KGEHKDDB_00566,GMGKJONF_00592,HLLCJJMH_00603,BMKFACGC_00596,FHDKMCMF_00021
mco,mco,Multicopper oxidase mco,10,10,1.0,1,3201,,,,1005,1536,1482.9,JECDCPOO_00419,KDAEOHOB_00677,OPNKAGHI_02232,KAHEJOMD_00450,HMEEEBGO_01383,KGEHKDDB_00416,GMGKJONF_00451,HLLCJJMH_00462,BMKFACGC_00457,FHDKMCMF_00163
zosA,zosA,Zinc-transporting ATPase,10,10,1.0,1,3194,,,,1569,1809,1785.0,JECDCPOO_00417,KDAEOHOB_00674,OPNKAGHI_02234,KAHEJOMD_00448,HMEEEBGO_01385,KGEHKDDB_00414,GMGKJONF_00449,HLLCJJMH_00460,BMKFACGC_00455,FHDKMCMF_00165
group_1858,,Virulence protein,10,10,1.0,1,3193,,,,384,384,384.0,JECDCPOO_01899,KDAEOHOB_02170,OPNKAGHI_00625,KAHEJOMD_02037,HMEEEBGO_02469,KGEHKDDB_01946,GMGKJONF_02002,HLLCJJMH_01992,BMKFACGC_02007,FHDKMCMF_01212
rplQ,rplQ,Large ribosomal subunit protein bL17,10,10,1.0,1,3192,,,,384,384,384.0,JECDCPOO_01778,KDAEOHOB_02045,OPNKAGHI_00752,KAHEJOMD_01905,HMEEEBGO_02672,KGEHKDDB_01817,GMGKJONF_01873,HLLCJJMH_01862,BMKFACGC_01884,FHDKMCMF_01346
group_1857,,hypothetical protein,10,10,1.0,1,3191,,,,384,384,384.0,JECDCPOO_00393,KDAEOHOB_00650,OPNKAGHI_02260,KAHEJOMD_00424,HMEEEBGO_01410,KGEHKDDB_00390,GMGKJONF_00424,HLLCJJMH_00436,BMKFACGC_00429,FHDKMCMF_00189
ytcD_2,ytcD_2,putative HTH-type transcriptional regulator YtcD,10,10,1.0,1,3186,,,,387,387,387.0,JECDCPOO_02351,KDAEOHOB_00102,OPNKAGHI_00189,KAHEJOMD_02471,HMEEEBGO_01971,KGEHKDDB_02378,GMGKJONF_02430,HLLCJJMH_02458,BMKFACGC_02445,FHDKMCMF_00786
glnR,glnR,HTH-type transcriptional regulator GlnR,10,10,1.0,1,3181,,,,390,390,390.0,JECDCPOO_01025,KDAEOHOB_01300,OPNKAGHI_01598,KAHEJOMD_01167,HMEEEBGO_00647,KGEHKDDB_01024,GMGKJONF_01077,HLLCJJMH_01073,BMKFACGC_01535,FHDKMCMF_02071
rpsK,rpsK,Small ribosomal subunit protein uS11,10,10,1.0,1,3180,,,,390,390,390.0,JECDCPOO_01780,KDAEOHOB_02047,OPNKAGHI_00750,KAHEJOMD_01907,HMEEEBGO_02670,KGEHKDDB_01819,GMGKJONF_01875,HLLCJJMH_01864,BMKFACGC_01886,FHDKMCMF_01344
group_1849,,hypothetical protein,10,10,1.0,1,3179,,,,390,390,390.0,JECDCPOO_01390,KDAEOHOB_01730,OPNKAGHI_01223,KAHEJOMD_01538,HMEEEBGO_00149,KGEHKDDB_01462,GMGKJONF_01511,HLLCJJMH_01562,BMKFACGC_01181,FHDKMCMF_01710
yugI,yugI,General stress protein 13,10,10,1.0,1,3178,,,,390,390,390.0,JECDCPOO_00919,KDAEOHOB_01195,OPNKAGHI_01710,KAHEJOMD_01062,HMEEEBGO_00841,KGEHKDDB_00919,GMGKJONF_00972,HLLCJJMH_00968,BMKFACGC_01004,FHDKMCMF_02176
group_1848,,hypothetical protein,10,10,1.0,1,3177,,,,390,390,390.0,JECDCPOO_00314,KDAEOHOB_00573,OPNKAGHI_02339,KAHEJOMD_00346,HMEEEBGO_01489,KGEHKDDB_00312,GMGKJONF_00344,HLLCJJMH_00358,BMKFACGC_00346,FHDKMCMF_00267
group_1847,,hypothetical protein,10,10,1.0,1,3176,,,,390,390,390.0,JECDCPOO_00216,KDAEOHOB_00472,OPNKAGHI_02454,KAHEJOMD_00254,HMEEEBGO_01586,KGEHKDDB_00215,GMGKJONF_00241,HLLCJJMH_00259,BMKFACGC_00237,FHDKMCMF_00364
group_1844,,hypothetical protein,10,10,1.0,1,3173,,,,393,393,393.0,JECDCPOO_02498,KDAEOHOB_00252,OPNKAGHI_02652,KAHEJOMD_02622,HMEEEBGO_01829,KGEHKDDB_02541,GMGKJONF_02577,HLLCJJMH_02638,BMKFACGC_02618,FHDKMCMF_00614
group_1840,,hypothetical protein,10,10,1.0,1,3169,,,,393,393,393.0,JECDCPOO_02041,KDAEOHOB_02307,OPNKAGHI_00488,KAHEJOMD_02178,HMEEEBGO_02325,KGEHKDDB_02087,GMGKJONF_02141,HLLCJJMH_02141,BMKFACGC_02161,FHDKMCMF_01070
rpsI,rpsI,Small ribosomal subunit protein uS9,10,10,1.0,1,3168,,,,393,393,393.0,JECDCPOO_01772,KDAEOHOB_02039,OPNKAGHI_00757,KAHEJOMD_01899,HMEEEBGO_02678,KGEHKDDB_01811,GMGKJONF_01867,HLLCJJMH_01856,BMKFACGC_01877,FHDKMCMF_01352
cdd,cdd,Cytidine deaminase,10,10,1.0,1,3167,,,,393,393,393.0,JECDCPOO_00308,KDAEOHOB_00567,OPNKAGHI_02347,KAHEJOMD_00340,HMEEEBGO_01495,KGEHKDDB_00306,GMGKJONF_00337,HLLCJJMH_00352,BMKFACGC_00340,FHDKMCMF_00273
ribU,ribU,Riboflavin transporter RibU,10,10,1.0,1,3163,,,,582,582,582.0,JECDCPOO_01277,KDAEOHOB_01541,OPNKAGHI_01338,KAHEJOMD_01427,HMEEEBGO_00403,KGEHKDDB_01270,GMGKJONF_01316,HLLCJJMH_01336,BMKFACGC_01302,FHDKMCMF_01820
rbsD,rbsD,D-ribose pyranase,10,10,1.0,1,3162,,,,396,396,396.0,JECDCPOO_01695,KDAEOHOB_01942,OPNKAGHI_00832,KAHEJOMD_01823,HMEEEBGO_02757,KGEHKDDB_01738,GMGKJONF_01793,HLLCJJMH_01779,BMKFACGC_01804,FHDKMCMF_01427
fabD,fabD,Malonyl CoA-acyl carrier protein transacylase,10,10,1.0,1,3161,,,,915,915,915.0,JECDCPOO_01084,KDAEOHOB_01358,OPNKAGHI_01537,KAHEJOMD_01225,HMEEEBGO_00588,KGEHKDDB_01083,GMGKJONF_01135,HLLCJJMH_01132,BMKFACGC_01474,FHDKMCMF_02012
dgkA,dgkA,Undecaprenol kinase,10,10,1.0,1,3160,,,,396,396,396.0,JECDCPOO_01299,KDAEOHOB_01563,OPNKAGHI_01315,KAHEJOMD_01449,HMEEEBGO_00381,KGEHKDDB_01292,GMGKJONF_01338,HLLCJJMH_01358,BMKFACGC_01280,FHDKMCMF_01798
ribT,ribT,Protein RibT,10,10,1.0,1,3159,,,,396,396,396.0,JECDCPOO_01281,KDAEOHOB_01545,OPNKAGHI_01334,KAHEJOMD_01431,HMEEEBGO_00399,KGEHKDDB_01274,GMGKJONF_01320,HLLCJJMH_01340,BMKFACGC_01298,FHDKMCMF_01816
group_1833,,hypothetical protein,10,10,1.0,1,3155,,,,1128,1347,1323.9,JECDCPOO_00186,KDAEOHOB_00442,OPNKAGHI_02488,KAHEJOMD_00221,HMEEEBGO_01617,KGEHKDDB_00184,GMGKJONF_00210,HLLCJJMH_00228,BMKFACGC_00206,FHDKMCMF_00395
group_1829,xylP_2,Isoprimeverose transporter,10,10,1.0,1,3150,,,,1332,1332,1332.0,JECDCPOO_00311,KDAEOHOB_00570,OPNKAGHI_02344,KAHEJOMD_00343,HMEEEBGO_01492,KGEHKDDB_00309,GMGKJONF_00340,HLLCJJMH_00355,BMKFACGC_00343,FHDKMCMF_00270
group_1828,,hypothetical protein,10,10,1.0,1,3149,,,,90,90,90.0,JECDCPOO_00188,KDAEOHOB_00444,OPNKAGHI_02486,KAHEJOMD_00223,HMEEEBGO_01615,KGEHKDDB_00186,GMGKJONF_00212,HLLCJJMH_00230,BMKFACGC_00208,FHDKMCMF_00393
spx_3,spx_3,Global transcriptional regulator Spx,10,10,1.0,1,3148,,,,399,399,399.0,JECDCPOO_02295,KDAEOHOB_00047,OPNKAGHI_00244,KAHEJOMD_02421,HMEEEBGO_02035,KGEHKDDB_02322,GMGKJONF_02371,HLLCJJMH_02400,BMKFACGC_02390,FHDKMCMF_00844
group_1827,,hypothetical protein,10,10,1.0,1,3147,,,,399,399,399.0,JECDCPOO_01842,KDAEOHOB_02109,OPNKAGHI_00687,KAHEJOMD_01970,HMEEEBGO_02607,KGEHKDDB_01881,GMGKJONF_01937,HLLCJJMH_01926,BMKFACGC_01949,FHDKMCMF_01281
rpsH,rpsH,Small ribosomal subunit protein uS8,10,10,1.0,1,3146,,,,399,399,399.0,JECDCPOO_01790,KDAEOHOB_02057,OPNKAGHI_00740,KAHEJOMD_01917,HMEEEBGO_02660,KGEHKDDB_01829,GMGKJONF_01885,HLLCJJMH_01874,BMKFACGC_01896,FHDKMCMF_01334
pdhD_2,pdhD_2,Dihydrolipoyl dehydrogenase,10,10,1.0,1,3145,,,,1335,1335,1335.0,JECDCPOO_02196,KDAEOHOB_02442,OPNKAGHI_00341,KAHEJOMD_02329,HMEEEBGO_02168,KGEHKDDB_02217,GMGKJONF_02277,HLLCJJMH_02303,BMKFACGC_02290,FHDKMCMF_00936
group_1826,,hypothetical protein,10,10,1.0,1,3144,,,,399,399,399.0,JECDCPOO_01383,KDAEOHOB_01723,OPNKAGHI_01231,KAHEJOMD_01531,HMEEEBGO_00156,KGEHKDDB_01455,GMGKJONF_01504,HLLCJJMH_01555,BMKFACGC_01188,FHDKMCMF_01717
pepC,pepC,Aminopeptidase C,10,10,1.0,1,3139,,,,1335,1335,1335.0,JECDCPOO_00618,KDAEOHOB_00877,OPNKAGHI_02030,KAHEJOMD_00660,HMEEEBGO_01176,KGEHKDDB_00628,GMGKJONF_00655,HLLCJJMH_00669,BMKFACGC_00661,FHDKMCMF_02467
birA,birA,Bifunctional ligase/repressor BirA;Biotin--[acetyl-CoA-carboxylase] ligase,10,10,1.0,1,3138,,,,792,792,792.0,JECDCPOO_01093,KDAEOHOB_01367,OPNKAGHI_01528,KAHEJOMD_01234,HMEEEBGO_00579,KGEHKDDB_01092,GMGKJONF_01145,HLLCJJMH_01141,BMKFACGC_01465,FHDKMCMF_02003
group_1821,,hypothetical protein,10,10,1.0,1,3137,,,,402,402,402.0,JECDCPOO_02156,KDAEOHOB_02403,OPNKAGHI_00391,KAHEJOMD_02276,HMEEEBGO_02232,KGEHKDDB_02182,GMGKJONF_02240,HLLCJJMH_02236,BMKFACGC_02264,FHDKMCMF_00972
qorB_2~~~qorB_1,qorB_2;qorB_1,Quinone oxidoreductase 2,10,10,1.0,1,3135,,,,858,906,862.8,JECDCPOO_00405,KDAEOHOB_00662,OPNKAGHI_02249,KAHEJOMD_00436,HMEEEBGO_01398,KGEHKDDB_00402,GMGKJONF_00437,HLLCJJMH_00448,BMKFACGC_00443,FHDKMCMF_00177
noc,noc,Nucleoid occlusion protein,10,10,1.0,1,3132,,,,837,837,837.0,JECDCPOO_02209,KDAEOHOB_02455,OPNKAGHI_00328,KAHEJOMD_02342,HMEEEBGO_02155,KGEHKDDB_02230,GMGKJONF_02290,HLLCJJMH_02316,BMKFACGC_02303,FHDKMCMF_00923
group_1813,,hypothetical protein,10,10,1.0,1,3127,,,,405,405,405.0,JECDCPOO_00884,KDAEOHOB_01160,OPNKAGHI_01747,KAHEJOMD_01028,HMEEEBGO_00875,KGEHKDDB_00885,GMGKJONF_00938,HLLCJJMH_00934,BMKFACGC_00966,FHDKMCMF_02210
group_1812,,hypothetical protein,10,10,1.0,1,3126,,,,405,405,405.0,JECDCPOO_00415,KDAEOHOB_00672,OPNKAGHI_02237,KAHEJOMD_00446,HMEEEBGO_01387,KGEHKDDB_00412,GMGKJONF_00447,HLLCJJMH_00458,BMKFACGC_00453,FHDKMCMF_00167
group_1811,,hypothetical protein,10,11,1.1,1,3125,,,,222,750,579.2727272727273,JECDCPOO_01997,KDAEOHOB_02269;KDAEOHOB_02268,OPNKAGHI_00525,KAHEJOMD_02135,HMEEEBGO_02369,KGEHKDDB_02045,GMGKJONF_02103,HLLCJJMH_02093,BMKFACGC_02115,FHDKMCMF_01112
mrnC,mrnC,Mini-ribonuclease 3,10,10,1.0,1,3119,,,,408,408,408.0,JECDCPOO_00627,KDAEOHOB_00886,OPNKAGHI_02021,KAHEJOMD_00672,HMEEEBGO_01167,KGEHKDDB_00637,GMGKJONF_00664,HLLCJJMH_00678,BMKFACGC_00670,FHDKMCMF_02458
group_1800,,hypothetical protein,10,10,1.0,1,3112,,,,411,411,411.0,JECDCPOO_00565,KDAEOHOB_00825,OPNKAGHI_02086,KAHEJOMD_00606,HMEEEBGO_01230,KGEHKDDB_00575,GMGKJONF_00601,HLLCJJMH_00612,BMKFACGC_00605,FHDKMCMF_00012
rpsL,rpsL,Small ribosomal subunit protein uS12,10,10,1.0,1,3107,,,,414,414,414.0,JECDCPOO_01808,KDAEOHOB_02075,OPNKAGHI_00721,KAHEJOMD_01935,HMEEEBGO_02642,KGEHKDDB_01847,GMGKJONF_01903,HLLCJJMH_01892,BMKFACGC_01915,FHDKMCMF_01316
tagD,tagD,Glycerol-3-phosphate cytidylyltransferase,10,10,1.0,1,3104,,,,417,417,417.0,JECDCPOO_01671,KDAEOHOB_01918,OPNKAGHI_00860,KAHEJOMD_01799,HMEEEBGO_02782,KGEHKDDB_01715,GMGKJONF_01770,HLLCJJMH_01756,BMKFACGC_01780,FHDKMCMF_01450
yibN,yibN,putative protein YibN,10,10,1.0,1,3103,,,,417,417,417.0,JECDCPOO_01021,KDAEOHOB_01296,OPNKAGHI_01602,KAHEJOMD_01162,HMEEEBGO_00651,KGEHKDDB_01020,GMGKJONF_01073,HLLCJJMH_01069,BMKFACGC_01539,FHDKMCMF_02075
rsmB,rsmB,Ribosomal RNA small subunit methyltransferase B,10,10,1.0,1,3102,,,,1344,1344,1344.0,JECDCPOO_01053,KDAEOHOB_01327,OPNKAGHI_01569,KAHEJOMD_01194,HMEEEBGO_00619,KGEHKDDB_01052,GMGKJONF_01104,HLLCJJMH_01101,BMKFACGC_01506,FHDKMCMF_02043
group_1791,,hypothetical protein,10,10,1.0,1,3098,,,,1344,1344,1344.0,JECDCPOO_00476,KDAEOHOB_00735,OPNKAGHI_02184,KAHEJOMD_00513,HMEEEBGO_01325,KGEHKDDB_00474,GMGKJONF_00509,HLLCJJMH_00519,BMKFACGC_00506,FHDKMCMF_00104
group_1788,,hypothetical protein,10,10,1.0,1,3095,,,,420,420,420.0,JECDCPOO_02266,KDAEOHOB_02512,OPNKAGHI_00271,KAHEJOMD_02396,HMEEEBGO_02101,KGEHKDDB_02282,GMGKJONF_02347,HLLCJJMH_02371,BMKFACGC_02365,FHDKMCMF_00873
group_1787,,Alkaline shock protein 23,10,10,1.0,1,3094,,,,420,420,420.0,JECDCPOO_02148,KDAEOHOB_02395,OPNKAGHI_00401,KAHEJOMD_02268,HMEEEBGO_02240,KGEHKDDB_02174,GMGKJONF_02232,HLLCJJMH_02228,BMKFACGC_02256,FHDKMCMF_00980
atpC,atpC,ATP synthase epsilon chain,10,10,1.0,1,3091,,,,420,420,420.0,JECDCPOO_00807,KDAEOHOB_01088,OPNKAGHI_01822,KAHEJOMD_00951,HMEEEBGO_00952,KGEHKDDB_00812,GMGKJONF_00862,HLLCJJMH_00860,BMKFACGC_00886,FHDKMCMF_02283
group_1784,,hypothetical protein,10,10,1.0,1,3090,,,,420,420,420.0,JECDCPOO_00603,KDAEOHOB_00862,OPNKAGHI_02047,KAHEJOMD_00645,HMEEEBGO_01191,KGEHKDDB_00613,GMGKJONF_00640,HLLCJJMH_00654,BMKFACGC_00646,FHDKMCMF_02482
group_1783,,hypothetical protein,10,10,1.0,1,3089,,,,420,420,420.0,JECDCPOO_00201,KDAEOHOB_00457,OPNKAGHI_02471,KAHEJOMD_00236,HMEEEBGO_01602,KGEHKDDB_00199,GMGKJONF_00226,HLLCJJMH_00243,BMKFACGC_00221,FHDKMCMF_00380
group_1779,,putative HTH-type transcriptional regulator,10,10,1.0,1,3085,,,,423,423,423.0,JECDCPOO_02345,KDAEOHOB_00096,OPNKAGHI_00192,KAHEJOMD_02464,HMEEEBGO_01980,KGEHKDDB_02372,GMGKJONF_02416,HLLCJJMH_02451,BMKFACGC_02434,FHDKMCMF_00793
group_1778,,hypothetical protein,10,10,1.0,1,3084,,,,423,423,423.0,JECDCPOO_01893,KDAEOHOB_02164,OPNKAGHI_00632,KAHEJOMD_02031,HMEEEBGO_02475,KGEHKDDB_01940,GMGKJONF_01992,HLLCJJMH_01986,BMKFACGC_02001,FHDKMCMF_01218
ywnA_2,ywnA_2,Putative HTH-type transcriptional regulator YwnA,10,10,1.0,1,3083,,,,423,423,423.0,JECDCPOO_01863,KDAEOHOB_02135,OPNKAGHI_00666,KAHEJOMD_01991,HMEEEBGO_02578,KGEHKDDB_01907,GMGKJONF_01958,HLLCJJMH_01953,BMKFACGC_01972,FHDKMCMF_01251
group_1777,,hypothetical protein,10,10,1.0,1,3082,,,,423,423,423.0,JECDCPOO_01357,KDAEOHOB_01696,OPNKAGHI_01258,KAHEJOMD_01506,HMEEEBGO_00244,KGEHKDDB_01430,GMGKJONF_01478,HLLCJJMH_01415,BMKFACGC_01217,FHDKMCMF_01742
group_1774,,putative threonine/serine exporter,10,10,1.0,1,3079,,,,1350,1350,1350.0,JECDCPOO_01961,KDAEOHOB_02231,OPNKAGHI_00562,KAHEJOMD_02098,HMEEEBGO_02408,KGEHKDDB_02008,GMGKJONF_02063,HLLCJJMH_02054,BMKFACGC_02073,FHDKMCMF_01151
group_1773,,hypothetical protein,10,10,1.0,1,3078,,,,1272,1272,1272.0,JECDCPOO_00296,KDAEOHOB_00555,OPNKAGHI_02361,KAHEJOMD_00328,HMEEEBGO_01507,KGEHKDDB_00294,GMGKJONF_00324,HLLCJJMH_00340,BMKFACGC_00328,FHDKMCMF_00285
accB,accB,Biotin carboxyl carrier protein of acetyl-CoA carboxylase,10,10,1.0,1,3073,,,,426,426,426.0,JECDCPOO_01087,KDAEOHOB_01361,OPNKAGHI_01534,KAHEJOMD_01228,HMEEEBGO_00585,KGEHKDDB_01086,GMGKJONF_01138,HLLCJJMH_01135,BMKFACGC_01471,FHDKMCMF_02009
group_1768,,hypothetical protein,10,10,1.0,1,3072,,,,426,426,426.0,JECDCPOO_00858,KDAEOHOB_01139,OPNKAGHI_01769,KAHEJOMD_01002,HMEEEBGO_00901,KGEHKDDB_00863,GMGKJONF_00913,HLLCJJMH_00912,BMKFACGC_00938,FHDKMCMF_02232
rplK,rplK,Large ribosomal subunit protein uL11,10,10,1.0,1,3071,,,,426,426,426.0,JECDCPOO_00633,KDAEOHOB_00892,OPNKAGHI_02015,KAHEJOMD_00679,HMEEEBGO_01161,KGEHKDDB_00643,GMGKJONF_00670,HLLCJJMH_00685,BMKFACGC_00676,FHDKMCMF_02452
group_1767,,Acid shock protein,10,10,1.0,1,3070,,,,426,426,426.0,JECDCPOO_00133,KDAEOHOB_00389,OPNKAGHI_02548,KAHEJOMD_00152,HMEEEBGO_01684,KGEHKDDB_00127,GMGKJONF_00155,HLLCJJMH_00175,BMKFACGC_00146,FHDKMCMF_00452
group_1762,,hypothetical protein,10,10,1.0,1,3065,,,,1032,1116,1107.6,JECDCPOO_01999,KDAEOHOB_02271,OPNKAGHI_00523,KAHEJOMD_02137,HMEEEBGO_02367,KGEHKDDB_02047,GMGKJONF_02105,HLLCJJMH_02098,BMKFACGC_02117,FHDKMCMF_01110
group_1759,,hypothetical protein,10,11,1.1,1,3062,,,,381,846,765.0,JECDCPOO_00374;JECDCPOO_00373,KDAEOHOB_00631,OPNKAGHI_02279,KAHEJOMD_00405,HMEEEBGO_01429,KGEHKDDB_00371,GMGKJONF_00405,HLLCJJMH_00417,BMKFACGC_00410,FHDKMCMF_00208
group_1758,,hypothetical protein,10,10,1.0,1,3061,,,,429,429,429.0,JECDCPOO_01204,KDAEOHOB_01465,OPNKAGHI_01414,KAHEJOMD_01336,HMEEEBGO_00479,KGEHKDDB_01190,GMGKJONF_01245,HLLCJJMH_01239,BMKFACGC_01389,FHDKMCMF_01904
group_1756,,hypothetical protein,10,10,1.0,1,3059,,,,1935,2082,2040.9,JECDCPOO_00326,KDAEOHOB_00585,OPNKAGHI_02327,KAHEJOMD_00358,HMEEEBGO_01477,KGEHKDDB_00324,GMGKJONF_00356,HLLCJJMH_00370,BMKFACGC_00358,FHDKMCMF_00255
nusB,nusB,Transcription antitermination protein NusB,10,10,1.0,1,3058,,,,429,429,429.0,JECDCPOO_01037,KDAEOHOB_01312,OPNKAGHI_01586,KAHEJOMD_01179,HMEEEBGO_00635,KGEHKDDB_01036,GMGKJONF_01089,HLLCJJMH_01085,BMKFACGC_01522,FHDKMCMF_02059
bacC,bacC,Dihydroanticapsin 7-dehydrogenase,10,10,1.0,1,3055,,,,819,819,819.0,JECDCPOO_02033,KDAEOHOB_02299,OPNKAGHI_00498,KAHEJOMD_02170,HMEEEBGO_02333,KGEHKDDB_02079,GMGKJONF_02133,HLLCJJMH_02133,BMKFACGC_02153,FHDKMCMF_01078
pduV_1,pduV_1,Propanediol utilization protein PduV,10,10,1.0,1,3053,,,,432,432,432.0,JECDCPOO_01726,KDAEOHOB_01973,OPNKAGHI_00801,KAHEJOMD_01854,HMEEEBGO_02726,KGEHKDDB_01769,GMGKJONF_01826,HLLCJJMH_01810,BMKFACGC_01836,FHDKMCMF_01395
mraZ,mraZ,Transcriptional regulator MraZ,10,10,1.0,1,3052,,,,432,432,432.0,JECDCPOO_01469,KDAEOHOB_01809,OPNKAGHI_01142,KAHEJOMD_01619,HMEEEBGO_00068,KGEHKDDB_01541,GMGKJONF_01592,HLLCJJMH_01642,BMKFACGC_01099,FHDKMCMF_01631
sepF,sepF,Cell division protein SepF,10,10,1.0,1,3051,,,,432,432,432.0,JECDCPOO_01459,KDAEOHOB_01799,OPNKAGHI_01152,KAHEJOMD_01609,HMEEEBGO_00078,KGEHKDDB_01531,GMGKJONF_01581,HLLCJJMH_01632,BMKFACGC_01109,FHDKMCMF_01641
rplP,rplP,Large ribosomal subunit protein uL16,10,10,1.0,1,3047,,,,435,435,435.0,JECDCPOO_01796,KDAEOHOB_02063,OPNKAGHI_00734,KAHEJOMD_01923,HMEEEBGO_02654,KGEHKDDB_01835,GMGKJONF_01891,HLLCJJMH_01880,BMKFACGC_01903,FHDKMCMF_01328
rplO,rplO,Large ribosomal subunit protein uL15,10,10,1.0,1,3046,,,,435,435,435.0,JECDCPOO_01785,KDAEOHOB_02052,OPNKAGHI_00745,KAHEJOMD_01912,HMEEEBGO_02665,KGEHKDDB_01824,GMGKJONF_01880,HLLCJJMH_01869,BMKFACGC_01891,FHDKMCMF_01339
group_1751,,hypothetical protein,10,10,1.0,1,3045,,,,435,435,435.0,JECDCPOO_00591,KDAEOHOB_00849,OPNKAGHI_02059,KAHEJOMD_00632,HMEEEBGO_01203,KGEHKDDB_00601,GMGKJONF_00628,HLLCJJMH_00639,BMKFACGC_00634,FHDKMCMF_02494
jefA~~~stp_2,jefA;stp_2,Drug efflux pump JefA;Multidrug resistance protein Stp,10,10,1.0,1,3039,,,,1368,1368,1368.0,JECDCPOO_00882,KDAEOHOB_01158,OPNKAGHI_01749,KAHEJOMD_01026,HMEEEBGO_00877,KGEHKDDB_00882,GMGKJONF_00936,HLLCJJMH_00931,BMKFACGC_00963,FHDKMCMF_02213
mgrA,mgrA,HTH-type transcriptional regulator MgrA,10,10,1.0,1,3036,,,,438,438,438.0,JECDCPOO_00061,KDAEOHOB_00314,OPNKAGHI_00071,KAHEJOMD_00076,HMEEEBGO_01758,KGEHKDDB_00056,GMGKJONF_00081,HLLCJJMH_00101,BMKFACGC_00069,FHDKMCMF_00523
yrrK,yrrK,Putative pre-16S rRNA nuclease,10,10,1.0,1,3035,,,,438,438,438.0,JECDCPOO_00864,KDAEOHOB_01145,OPNKAGHI_01762,KAHEJOMD_01008,HMEEEBGO_00895,KGEHKDDB_00869,GMGKJONF_00919,HLLCJJMH_00918,BMKFACGC_00944,FHDKMCMF_02226
group_1743,,hypothetical protein,10,10,1.0,1,3034,,,,438,438,438.0,JECDCPOO_00388,KDAEOHOB_00645,OPNKAGHI_02265,KAHEJOMD_00419,HMEEEBGO_01415,KGEHKDDB_00385,GMGKJONF_00419,HLLCJJMH_00431,BMKFACGC_00424,FHDKMCMF_00194
group_1742,,Putative universal stress protein,10,10,1.0,1,3033,,,,438,438,438.0,JECDCPOO_00241,KDAEOHOB_00499,OPNKAGHI_02420,KAHEJOMD_00278,HMEEEBGO_01561,KGEHKDDB_00238,GMGKJONF_00274,HLLCJJMH_00284,BMKFACGC_00266,FHDKMCMF_00340
group_1740,,hypothetical protein,10,10,1.0,1,3031,,,,441,441,441.0,JECDCPOO_01373,KDAEOHOB_01711,OPNKAGHI_01243,KAHEJOMD_01521,HMEEEBGO_00229,KGEHKDDB_01445,GMGKJONF_01494,HLLCJJMH_01430,BMKFACGC_01200,FHDKMCMF_01727
group_1739,,putative protein,10,10,1.0,1,3030,,,,441,441,441.0,JECDCPOO_01036,KDAEOHOB_01311,OPNKAGHI_01587,KAHEJOMD_01178,HMEEEBGO_00636,KGEHKDDB_01035,GMGKJONF_01088,HLLCJJMH_01084,BMKFACGC_01523,FHDKMCMF_02060
lrgA,lrgA,Antiholin-like protein LrgA,10,10,1.0,1,3029,,,,441,441,441.0,JECDCPOO_00666,KDAEOHOB_00930,OPNKAGHI_01980,KAHEJOMD_00717,HMEEEBGO_01123,KGEHKDDB_00676,GMGKJONF_00709,HLLCJJMH_00718,BMKFACGC_00716,FHDKMCMF_02419
ywiB,ywiB,putative beta-barrel protein YwiB,10,10,1.0,1,3028,,,,441,441,441.0,JECDCPOO_00524,KDAEOHOB_00784,OPNKAGHI_02132,KAHEJOMD_00562,HMEEEBGO_01273,KGEHKDDB_00523,GMGKJONF_00558,HLLCJJMH_00568,BMKFACGC_00562,FHDKMCMF_00055
group_1736,,hypothetical protein,10,10,1.0,1,3023,,,,444,444,444.0,JECDCPOO_02034,KDAEOHOB_02300,OPNKAGHI_00497,KAHEJOMD_02171,HMEEEBGO_02332,KGEHKDDB_02080,GMGKJONF_02134,HLLCJJMH_02134,BMKFACGC_02154,FHDKMCMF_01077
rplM,rplM,Large ribosomal subunit protein uL13,10,10,1.0,1,3022,,,,444,444,444.0,JECDCPOO_01773,KDAEOHOB_02040,OPNKAGHI_00756,KAHEJOMD_01900,HMEEEBGO_02677,KGEHKDDB_01812,GMGKJONF_01868,HLLCJJMH_01857,BMKFACGC_01878,FHDKMCMF_01351
dtd,dtd,D-aminoacyl-tRNA deacylase,10,10,1.0,1,3020,,,,444,444,444.0,JECDCPOO_01319,KDAEOHOB_01583,OPNKAGHI_01294,KAHEJOMD_01469,HMEEEBGO_00361,KGEHKDDB_01312,GMGKJONF_01358,HLLCJJMH_01378,BMKFACGC_01260,FHDKMCMF_01778
msrB,msrB,Peptide methionine sulfoxide reductase MsrB,10,10,1.0,1,3019,,,,444,444,444.0,JECDCPOO_01237,KDAEOHOB_01501,OPNKAGHI_01377,KAHEJOMD_01372,HMEEEBGO_00443,KGEHKDDB_01226,GMGKJONF_01279,HLLCJJMH_01282,BMKFACGC_01354,FHDKMCMF_01865
group_1734,,hypothetical protein,10,10,1.0,1,3018,,,,444,444,444.0,JECDCPOO_00752,KDAEOHOB_01016,OPNKAGHI_01888,KAHEJOMD_00804,HMEEEBGO_01037,KGEHKDDB_00762,GMGKJONF_00796,HLLCJJMH_00805,BMKFACGC_00807,FHDKMCMF_02333
group_1733,,Flavodoxin,10,10,1.0,1,3017,,,,444,444,444.0,JECDCPOO_00273,KDAEOHOB_00531,OPNKAGHI_02391,KAHEJOMD_00305,HMEEEBGO_01529,KGEHKDDB_00271,GMGKJONF_00301,HLLCJJMH_00316,BMKFACGC_00303,FHDKMCMF_00308
group_1730,,hypothetical protein,10,10,1.0,1,3014,,,,237,237,237.0,JECDCPOO_02233,KDAEOHOB_02478,OPNKAGHI_00305,KAHEJOMD_02362,HMEEEBGO_02134,KGEHKDDB_02253,GMGKJONF_02319,HLLCJJMH_02337,BMKFACGC_02327,FHDKMCMF_00902
yqeY,yqeY,putative protein YqeY,10,10,1.0,1,3011,,,,447,447,447.0,JECDCPOO_01302,KDAEOHOB_01566,OPNKAGHI_01312,KAHEJOMD_01452,HMEEEBGO_00378,KGEHKDDB_01295,GMGKJONF_01341,HLLCJJMH_01361,BMKFACGC_01277,FHDKMCMF_01795
fabZ_1,fabZ_1,3-hydroxyacyl-[acyl-carrier-protein] dehydratase FabZ,10,10,1.0,1,3010,,,,447,447,447.0,JECDCPOO_01080,KDAEOHOB_01354,OPNKAGHI_01541,KAHEJOMD_01221,HMEEEBGO_00592,KGEHKDDB_01079,GMGKJONF_01131,HLLCJJMH_01128,BMKFACGC_01478,FHDKMCMF_02016
group_1727,,hypothetical protein,10,10,1.0,1,3009,,,,447,447,447.0,JECDCPOO_00467,KDAEOHOB_00726,OPNKAGHI_02194,KAHEJOMD_00504,HMEEEBGO_01334,KGEHKDDB_00465,GMGKJONF_00500,HLLCJJMH_00510,BMKFACGC_00495,FHDKMCMF_00113
cpdA,cpdA,3'5'-cyclic adenosine monophosphate phosphodiesterase CpdA,10,10,1.0,1,3008,,,,867,870,869.7,JECDCPOO_02211,KDAEOHOB_02457,OPNKAGHI_00326,KAHEJOMD_02344,HMEEEBGO_02153,KGEHKDDB_02232,GMGKJONF_02292,HLLCJJMH_02318,BMKFACGC_02305,FHDKMCMF_00921
pnuC_2~~~pnuC_1,pnuC_2;pnuC_1,Nicotinamide riboside transporter PnuC,10,10,1.0,1,3006,,,,753,753,753.0,JECDCPOO_00335,KDAEOHOB_00594,OPNKAGHI_02318,KAHEJOMD_00367,HMEEEBGO_01468,KGEHKDDB_00333,GMGKJONF_00365,HLLCJJMH_00379,BMKFACGC_00367,FHDKMCMF_00246
adhR,adhR,HTH-type transcriptional regulator AdhR,10,10,1.0,1,3003,,,,450,450,450.0,JECDCPOO_02442,KDAEOHOB_00195,OPNKAGHI_02579,KAHEJOMD_02566,HMEEEBGO_01886,KGEHKDDB_02477,GMGKJONF_02518,HLLCJJMH_02568,BMKFACGC_02553,FHDKMCMF_00679
group_1723,,hypothetical protein,10,10,1.0,1,3002,,,,450,450,450.0,JECDCPOO_01829,KDAEOHOB_02096,OPNKAGHI_00700,KAHEJOMD_01957,HMEEEBGO_02621,KGEHKDDB_01868,GMGKJONF_01924,HLLCJJMH_01913,BMKFACGC_01936,FHDKMCMF_01294
group_1722,,Flavodoxin,10,10,1.0,1,3001,,,,450,450,450.0,JECDCPOO_01677,KDAEOHOB_01924,OPNKAGHI_00854,KAHEJOMD_01805,HMEEEBGO_02776,KGEHKDDB_01721,GMGKJONF_01776,HLLCJJMH_01762,BMKFACGC_01786,FHDKMCMF_01444
group_1721,,hypothetical protein,10,10,1.0,1,3000,,,,450,450,450.0,JECDCPOO_00754,KDAEOHOB_01018,OPNKAGHI_01886,KAHEJOMD_00806,HMEEEBGO_01035,KGEHKDDB_00764,GMGKJONF_00798,HLLCJJMH_00807,BMKFACGC_00809,FHDKMCMF_02331
group_1716,,hypothetical protein,10,10,1.0,1,2995,,,,453,453,453.0,JECDCPOO_02282,KDAEOHOB_00034,OPNKAGHI_00259,KAHEJOMD_02408,HMEEEBGO_02048,KGEHKDDB_02309,GMGKJONF_02358,HLLCJJMH_02387,BMKFACGC_02377,FHDKMCMF_00857
group_1715,,Putative universal stress protein,10,10,1.0,1,2994,,,,453,453,453.0,JECDCPOO_01683,KDAEOHOB_01930,OPNKAGHI_00846,KAHEJOMD_01811,HMEEEBGO_02770,KGEHKDDB_01727,GMGKJONF_01782,HLLCJJMH_01768,BMKFACGC_01792,FHDKMCMF_01438
group_1713,,hypothetical protein,10,10,1.0,1,2992,,,,453,453,453.0,JECDCPOO_00235,KDAEOHOB_00493,OPNKAGHI_02435,KAHEJOMD_00273,HMEEEBGO_01567,KGEHKDDB_00233,GMGKJONF_00269,HLLCJJMH_00279,BMKFACGC_00260,FHDKMCMF_00345
group_1707,,Putative universal stress protein,10,10,1.0,1,2986,,,,456,456,456.0,JECDCPOO_01387,KDAEOHOB_01727,OPNKAGHI_01226,KAHEJOMD_01535,HMEEEBGO_00152,KGEHKDDB_01459,GMGKJONF_01508,HLLCJJMH_01559,BMKFACGC_01184,FHDKMCMF_01713
argR_1,argR_1,Arginine repressor,10,10,1.0,1,2985,,,,456,456,456.0,JECDCPOO_01043,KDAEOHOB_01318,OPNKAGHI_01580,KAHEJOMD_01185,HMEEEBGO_00629,KGEHKDDB_01042,GMGKJONF_01095,HLLCJJMH_01091,BMKFACGC_01516,FHDKMCMF_02053
group_1706,,Putative universal stress protein,10,10,1.0,1,2984,,,,456,456,456.0,JECDCPOO_00190,KDAEOHOB_00446,OPNKAGHI_02484,KAHEJOMD_00225,HMEEEBGO_01613,KGEHKDDB_00188,GMGKJONF_00214,HLLCJJMH_00232,BMKFACGC_00210,FHDKMCMF_00391
group_1699,,hypothetical protein,10,10,1.0,1,2977,,,,459,459,459.0,JECDCPOO_02043,KDAEOHOB_02309,OPNKAGHI_00486,KAHEJOMD_02180,HMEEEBGO_02323,KGEHKDDB_02089,GMGKJONF_02143,HLLCJJMH_02143,BMKFACGC_02163,FHDKMCMF_01068
zur,zur,Zinc-specific metallo-regulatory protein,10,10,1.0,1,2976,,,,459,459,459.0,JECDCPOO_01891,KDAEOHOB_02162,OPNKAGHI_00634,KAHEJOMD_02029,HMEEEBGO_02477,KGEHKDDB_01938,GMGKJONF_01990,HLLCJJMH_01984,BMKFACGC_01999,FHDKMCMF_01220
rplI,rplI,Large ribosomal subunit protein bL9,10,10,1.0,1,2975,,,,459,459,459.0,JECDCPOO_00018,KDAEOHOB_00276,OPNKAGHI_00020,KAHEJOMD_00018,HMEEEBGO_01803,KGEHKDDB_00018,GMGKJONF_00019,HLLCJJMH_00018,BMKFACGC_00018,FHDKMCMF_00589
group_1694,,hypothetical protein,10,10,1.0,1,2970,,,,462,462,462.0,JECDCPOO_00482,KDAEOHOB_00741,OPNKAGHI_02178,KAHEJOMD_00519,HMEEEBGO_01319,KGEHKDDB_00480,GMGKJONF_00515,HLLCJJMH_00525,BMKFACGC_00512,FHDKMCMF_00098
group_1693,,hypothetical protein,10,10,1.0,1,2969,,,,462,462,462.0,JECDCPOO_00334,KDAEOHOB_00593,OPNKAGHI_02319,KAHEJOMD_00366,HMEEEBGO_01469,KGEHKDDB_00332,GMGKJONF_00364,HLLCJJMH_00378,BMKFACGC_00366,FHDKMCMF_00247
group_1685,,hypothetical protein,10,10,1.0,1,2961,,,,465,465,465.0,JECDCPOO_02487,KDAEOHOB_00242,OPNKAGHI_02639,KAHEJOMD_02611,HMEEEBGO_01840,KGEHKDDB_02530,GMGKJONF_02565,HLLCJJMH_02627,BMKFACGC_02607,FHDKMCMF_00625
ndk,ndk,Nucleoside diphosphate kinase,10,10,1.0,1,2960,,,,465,465,465.0,JECDCPOO_01379,KDAEOHOB_01717,OPNKAGHI_01236,KAHEJOMD_01527,HMEEEBGO_00223,KGEHKDDB_01451,GMGKJONF_01500,HLLCJJMH_01436,BMKFACGC_01194,FHDKMCMF_01721
group_1684,,hypothetical protein,10,10,1.0,1,2959,,,,465,465,465.0,JECDCPOO_00199,KDAEOHOB_00455,OPNKAGHI_02473,KAHEJOMD_00234,HMEEEBGO_01604,KGEHKDDB_00197,GMGKJONF_00224,HLLCJJMH_00241,BMKFACGC_00219,FHDKMCMF_00382
ctsR,ctsR,Transcriptional regulator CtsR,10,10,1.0,1,2952,,,,468,468,468.0,JECDCPOO_01814,KDAEOHOB_02081,OPNKAGHI_00715,KAHEJOMD_01941,HMEEEBGO_02636,KGEHKDDB_01853,GMGKJONF_01909,HLLCJJMH_01898,BMKFACGC_01921,FHDKMCMF_01309
argR_2,argR_2,Arginine repressor,10,10,1.0,1,2950,,,,468,468,468.0,JECDCPOO_01503,KDAEOHOB_01844,OPNKAGHI_01096,KAHEJOMD_01653,HMEEEBGO_00034,KGEHKDDB_01576,GMGKJONF_01626,HLLCJJMH_01677,BMKFACGC_01065,FHDKMCMF_01596
group_1677,,hypothetical protein,10,10,1.0,1,2949,,,,468,468,468.0,JECDCPOO_01081,KDAEOHOB_01355,OPNKAGHI_01540,KAHEJOMD_01222,HMEEEBGO_00591,KGEHKDDB_01080,GMGKJONF_01132,HLLCJJMH_01129,BMKFACGC_01477,FHDKMCMF_02015
msrC,msrC,Free methionine-R-sulfoxide reductase,10,10,1.0,1,2948,,,,468,468,468.0,JECDCPOO_00827,KDAEOHOB_01108,OPNKAGHI_01801,KAHEJOMD_00971,HMEEEBGO_00932,KGEHKDDB_00832,GMGKJONF_00882,HLLCJJMH_00881,BMKFACGC_00907,FHDKMCMF_02263
oppA~~~oppA_1~~~oppA_2,oppA;oppA_1;oppA_2,Oligopeptide-binding protein OppA,10,11,1.1,1,2944,,,,633,1824,1653.0,JECDCPOO_00194,KDAEOHOB_00450,OPNKAGHI_02479,KAHEJOMD_00229,HMEEEBGO_01609,KGEHKDDB_00192,GMGKJONF_00218;GMGKJONF_00219,HLLCJJMH_00236,BMKFACGC_00214,FHDKMCMF_00387
group_1672,,hypothetical protein,10,10,1.0,1,2942,,,,1374,1374,1374.0,JECDCPOO_00386,KDAEOHOB_00643,OPNKAGHI_02267,KAHEJOMD_00417,HMEEEBGO_01417,KGEHKDDB_00383,GMGKJONF_00417,HLLCJJMH_00429,BMKFACGC_00422,FHDKMCMF_00196
group_1670,,hypothetical protein,10,10,1.0,1,2940,,,,471,471,471.0,JECDCPOO_01927,KDAEOHOB_02197,OPNKAGHI_00597,KAHEJOMD_02064,HMEEEBGO_02442,KGEHKDDB_01974,GMGKJONF_02029,HLLCJJMH_02020,BMKFACGC_02036,FHDKMCMF_01185
group_1669,,hypothetical protein,10,10,1.0,1,2939,,,,471,471,471.0,JECDCPOO_01926,KDAEOHOB_02196,OPNKAGHI_00598,KAHEJOMD_02063,HMEEEBGO_02443,KGEHKDDB_01973,GMGKJONF_02028,HLLCJJMH_02019,BMKFACGC_02035,FHDKMCMF_01186
rpsG,rpsG,Small ribosomal subunit protein uS7,10,10,1.0,1,2938,,,,471,471,471.0,JECDCPOO_01807,KDAEOHOB_02074,OPNKAGHI_00722,KAHEJOMD_01934,HMEEEBGO_02643,KGEHKDDB_01846,GMGKJONF_01902,HLLCJJMH_01891,BMKFACGC_01914,FHDKMCMF_01317
sasA_3~~~sasA_2,sasA_3;sasA_2,Adaptive-response sensory-kinase SasA,10,10,1.0,1,2933,,,,1341,1347,1341.6,JECDCPOO_00384,KDAEOHOB_00641,OPNKAGHI_02269,KAHEJOMD_00415,HMEEEBGO_01419,KGEHKDDB_00381,GMGKJONF_00415,HLLCJJMH_00427,BMKFACGC_00420,FHDKMCMF_00198
oppF_1,;oppF_1,hypothetical protein;Oligopeptide transport ATP-binding protein OppF,10,10,1.0,1,2932,,,,579,975,935.4,JECDCPOO_00197,KDAEOHOB_00453,OPNKAGHI_02476,KAHEJOMD_00232,HMEEEBGO_01606,KGEHKDDB_00195,GMGKJONF_00222,HLLCJJMH_00239,BMKFACGC_00217,FHDKMCMF_00384
group_1663,,hypothetical protein,10,10,1.0,1,2930,,,,474,474,474.0,JECDCPOO_02289,KDAEOHOB_00041,OPNKAGHI_00253,KAHEJOMD_02415,HMEEEBGO_02041,KGEHKDDB_02316,GMGKJONF_02365,HLLCJJMH_02394,BMKFACGC_02384,FHDKMCMF_00850
radA,radA,DNA repair protein RadA,10,10,1.0,1,2929,,,,1377,1377,1377.0,JECDCPOO_00623,KDAEOHOB_00882,OPNKAGHI_02025,KAHEJOMD_00668,HMEEEBGO_01171,KGEHKDDB_00633,GMGKJONF_00660,HLLCJJMH_00674,BMKFACGC_00666,FHDKMCMF_02462
gpx1,gpx1,Hydroperoxy fatty acid reductase gpx1,10,10,1.0,1,2928,,,,474,474,474.0,JECDCPOO_02139,KDAEOHOB_02386,OPNKAGHI_00411,KAHEJOMD_02258,HMEEEBGO_02249,KGEHKDDB_02165,GMGKJONF_02222,HLLCJJMH_02219,BMKFACGC_02245,FHDKMCMF_00989
rimP,rimP,Ribosome maturation factor RimP,10,10,1.0,1,2926,,,,474,474,474.0,JECDCPOO_01350,KDAEOHOB_01689,OPNKAGHI_01265,KAHEJOMD_01499,HMEEEBGO_00251,KGEHKDDB_01423,GMGKJONF_01471,HLLCJJMH_01408,BMKFACGC_01224,FHDKMCMF_01749
greA_2,greA_2,Transcription elongation factor GreA,10,10,1.0,1,2925,,,,474,474,474.0,JECDCPOO_01011,KDAEOHOB_01286,OPNKAGHI_01614,KAHEJOMD_01152,HMEEEBGO_00661,KGEHKDDB_01010,GMGKJONF_01063,HLLCJJMH_01059,BMKFACGC_01551,FHDKMCMF_02085
tsaE,tsaE,tRNA threonylcarbamoyladenosine biosynthesis protein TsaE,10,10,1.0,1,2924,,,,474,474,474.0,JECDCPOO_00720,KDAEOHOB_00984,OPNKAGHI_01924,KAHEJOMD_00771,HMEEEBGO_01069,KGEHKDDB_00730,GMGKJONF_00763,HLLCJJMH_00773,BMKFACGC_00772,FHDKMCMF_02365
smpB,smpB,SsrA-binding protein,10,10,1.0,1,2923,,,,474,474,474.0,JECDCPOO_00715,KDAEOHOB_00979,OPNKAGHI_01929,KAHEJOMD_00766,HMEEEBGO_01074,KGEHKDDB_00725,GMGKJONF_00758,HLLCJJMH_00767,BMKFACGC_00767,FHDKMCMF_02370
luxS,luxS,S-ribosylhomocysteine lyase,10,10,1.0,1,2922,,,,474,474,474.0,JECDCPOO_00368,KDAEOHOB_00626,OPNKAGHI_02284,KAHEJOMD_00400,HMEEEBGO_01434,KGEHKDDB_00366,GMGKJONF_00400,HLLCJJMH_00412,BMKFACGC_00405,FHDKMCMF_00213
group_1662,,Putative NrdI-like protein,10,10,1.0,1,2921,,,,474,474,474.0,JECDCPOO_00125,KDAEOHOB_00379,OPNKAGHI_02556,KAHEJOMD_00142,HMEEEBGO_01694,KGEHKDDB_00117,GMGKJONF_00145,HLLCJJMH_00165,BMKFACGC_00136,FHDKMCMF_00462
group_1653,,hypothetical protein,10,10,1.0,1,2909,,,,480,480,480.0,JECDCPOO_02048,KDAEOHOB_02314,OPNKAGHI_00481,KAHEJOMD_02185,HMEEEBGO_02318,KGEHKDDB_02094,GMGKJONF_02148,HLLCJJMH_02148,BMKFACGC_02169,FHDKMCMF_01063
tadA_2,tadA_2,tRNA-specific adenosine deaminase,10,10,1.0,1,2907,,,,480,480,480.0,JECDCPOO_01410,KDAEOHOB_01750,OPNKAGHI_01205,KAHEJOMD_01558,HMEEEBGO_00128,KGEHKDDB_01482,GMGKJONF_01531,HLLCJJMH_01582,BMKFACGC_01161,FHDKMCMF_01690
group_1651,,Putative universal stress protein,10,10,1.0,1,2906,,,,480,480,480.0,JECDCPOO_00820,KDAEOHOB_01101,OPNKAGHI_01808,KAHEJOMD_00964,HMEEEBGO_00939,KGEHKDDB_00825,GMGKJONF_00875,HLLCJJMH_00873,BMKFACGC_00899,FHDKMCMF_02270
group_1650,,Protein SprT-like protein,10,10,1.0,1,2905,,,,480,480,480.0,JECDCPOO_00593,KDAEOHOB_00851,OPNKAGHI_02057,KAHEJOMD_00634,HMEEEBGO_01201,KGEHKDDB_00603,GMGKJONF_00630,HLLCJJMH_00641,BMKFACGC_00636,FHDKMCMF_02492
group_1649,,hypothetical protein,10,10,1.0,1,2904,,,,480,480,480.0,JECDCPOO_00321,KDAEOHOB_00580,OPNKAGHI_02332,KAHEJOMD_00353,HMEEEBGO_01482,KGEHKDDB_00319,GMGKJONF_00351,HLLCJJMH_00365,BMKFACGC_00353,FHDKMCMF_00260
group_1648,,hypothetical protein,10,10,1.0,1,2903,,,,480,480,480.0,JECDCPOO_00202,KDAEOHOB_00458,OPNKAGHI_02470,KAHEJOMD_00237,HMEEEBGO_01601,KGEHKDDB_00200,GMGKJONF_00227,HLLCJJMH_00244,BMKFACGC_00222,FHDKMCMF_00379
acpP_1~~~acpP_2,acpP_1;acpP_2,Acyl carrier protein,10,10,1.0,1,2902,,,,249,249,249.0,JECDCPOO_01083,KDAEOHOB_01357,OPNKAGHI_01538,KAHEJOMD_01224,HMEEEBGO_00589,KGEHKDDB_01082,GMGKJONF_01134,HLLCJJMH_01131,BMKFACGC_01475,FHDKMCMF_02013
group_1647,,3-hydroxybutyryl-CoA dehydrogenase,10,10,1.0,1,2900,,,,915,915,915.0,JECDCPOO_00639,KDAEOHOB_00903,OPNKAGHI_02009,KAHEJOMD_00690,HMEEEBGO_01150,KGEHKDDB_00649,GMGKJONF_00682,HLLCJJMH_00691,BMKFACGC_00687,FHDKMCMF_02446
mntA,mntA,Manganese-binding lipoprotein MntA,10,10,1.0,1,2898,,,,861,936,928.5,JECDCPOO_00509,KDAEOHOB_00769,OPNKAGHI_02149,KAHEJOMD_00547,HMEEEBGO_01288,KGEHKDDB_00508,GMGKJONF_00543,HLLCJJMH_00553,BMKFACGC_00547,FHDKMCMF_00070
group_1639,,Putative universal stress protein,10,10,1.0,1,2891,,,,486,486,486.0,JECDCPOO_02001,KDAEOHOB_02273,OPNKAGHI_00521,KAHEJOMD_02139,HMEEEBGO_02365,KGEHKDDB_02049,GMGKJONF_02107,HLLCJJMH_02100,BMKFACGC_02119,FHDKMCMF_01108
group_1637,,hypothetical protein,10,10,1.0,1,2889,,,,828,828,828.0,JECDCPOO_00888,KDAEOHOB_01164,OPNKAGHI_01743,KAHEJOMD_01032,HMEEEBGO_00871,KGEHKDDB_00889,GMGKJONF_00942,HLLCJJMH_00938,BMKFACGC_00971,FHDKMCMF_02206
coaD,coaD,Phosphopantetheine adenylyltransferase,10,10,1.0,1,2888,,,,486,486,486.0,JECDCPOO_01413,KDAEOHOB_01753,OPNKAGHI_01202,KAHEJOMD_01561,HMEEEBGO_00125,KGEHKDDB_01485,GMGKJONF_01534,HLLCJJMH_01585,BMKFACGC_01158,FHDKMCMF_01687
uxuA_1~~~uxuA,uxuA_1;uxuA,Mannonate dehydratase,10,10,1.0,1,2881,,,,1071,1071,1071.0,JECDCPOO_00167,KDAEOHOB_00423,OPNKAGHI_02507,KAHEJOMD_00202,HMEEEBGO_01636,KGEHKDDB_00165,GMGKJONF_00190,HLLCJJMH_00209,BMKFACGC_00187,FHDKMCMF_00414
pduK,pduK,Bacterial microcompartment shell protein PduK,10,10,1.0,1,2880,,,,489,489,489.0,JECDCPOO_01716,KDAEOHOB_01963,OPNKAGHI_00811,KAHEJOMD_01844,HMEEEBGO_02736,KGEHKDDB_01759,GMGKJONF_01815,HLLCJJMH_01800,BMKFACGC_01826,FHDKMCMF_01406
ybeY,ybeY,Endoribonuclease YbeY,10,10,1.0,1,2879,,,,489,489,489.0,JECDCPOO_01300,KDAEOHOB_01564,OPNKAGHI_01314,KAHEJOMD_01450,HMEEEBGO_00380,KGEHKDDB_01293,GMGKJONF_01339,HLLCJJMH_01359,BMKFACGC_01279,FHDKMCMF_01797
group_1630,kdgK_2,2-dehydro-3-deoxygluconokinase,10,10,1.0,1,2878,,,,963,966,963.3,JECDCPOO_00355,KDAEOHOB_00613,OPNKAGHI_02299,KAHEJOMD_00387,HMEEEBGO_01447,KGEHKDDB_00353,GMGKJONF_00386,HLLCJJMH_00399,BMKFACGC_00393,FHDKMCMF_00226
kduD_1~~~kduD_2,kduD_1;kduD_2,2-dehydro-3-deoxy-D-gluconate 5-dehydrogenase,10,10,1.0,1,2875,,,,816,822,816.6,JECDCPOO_00353,KDAEOHOB_00611,OPNKAGHI_02301,KAHEJOMD_00385,HMEEEBGO_01449,KGEHKDDB_00351,GMGKJONF_00384,HLLCJJMH_00397,BMKFACGC_00391,FHDKMCMF_00228
perR,perR,Peroxide-responsive repressor PerR,10,10,1.0,1,2872,,,,492,492,492.0,JECDCPOO_01995,KDAEOHOB_02266,OPNKAGHI_00527,KAHEJOMD_02133,HMEEEBGO_02371,KGEHKDDB_02043,GMGKJONF_02101,HLLCJJMH_02091,BMKFACGC_02113,FHDKMCMF_01114
group_1622,,hypothetical protein,10,10,1.0,1,2867,,,,495,495,495.0,JECDCPOO_00758,KDAEOHOB_01022,OPNKAGHI_01882,KAHEJOMD_00810,HMEEEBGO_01031,KGEHKDDB_00768,GMGKJONF_00802,HLLCJJMH_00811,BMKFACGC_00814,FHDKMCMF_02327
group_1621,,hypothetical protein,10,10,1.0,1,2866,,,,495,495,495.0,JECDCPOO_00287,KDAEOHOB_00545,OPNKAGHI_02377,KAHEJOMD_00319,HMEEEBGO_01516,KGEHKDDB_00285,GMGKJONF_00315,HLLCJJMH_00331,BMKFACGC_00319,FHDKMCMF_00294
group_1618,,hypothetical protein,10,10,1.0,1,2862,,,,498,498,498.0,JECDCPOO_01426,KDAEOHOB_01766,OPNKAGHI_01188,KAHEJOMD_01574,HMEEEBGO_00112,KGEHKDDB_01498,GMGKJONF_01547,HLLCJJMH_01598,BMKFACGC_01144,FHDKMCMF_01674
group_1617,,hypothetical protein,10,10,1.0,1,2861,,,,498,498,498.0,JECDCPOO_01005,KDAEOHOB_01280,OPNKAGHI_01620,KAHEJOMD_01146,HMEEEBGO_00667,KGEHKDDB_01004,GMGKJONF_01057,HLLCJJMH_01053,BMKFACGC_01557,FHDKMCMF_02091
gcvH_1~~~gcvH_3,gcvH_1;gcvH_3,Glycine cleavage system H protein,10,10,1.0,1,2858,,,,375,375,375.0,JECDCPOO_02066,KDAEOHOB_02334,OPNKAGHI_00462,KAHEJOMD_02203,HMEEEBGO_02301,KGEHKDDB_02113,GMGKJONF_02169,HLLCJJMH_02166,BMKFACGC_02187,FHDKMCMF_01045
group_1610,,hypothetical protein,10,10,1.0,1,2853,,,,168,312,297.6,JECDCPOO_02064,KDAEOHOB_02332,OPNKAGHI_00464,KAHEJOMD_02201,HMEEEBGO_02303,KGEHKDDB_02111,GMGKJONF_02167,HLLCJJMH_02164,BMKFACGC_02185,FHDKMCMF_01047
hmpT,hmpT,Thiamine precursor transporter HmpT,10,10,1.0,1,2852,,,,501,501,501.0,JECDCPOO_02312,KDAEOHOB_00058,OPNKAGHI_00220,KAHEJOMD_02431,HMEEEBGO_02017,KGEHKDDB_02339,GMGKJONF_02381,HLLCJJMH_02417,BMKFACGC_02400,FHDKMCMF_00827
nrdR,nrdR,Transcriptional repressor NrdR,10,10,1.0,1,2851,,,,501,501,501.0,JECDCPOO_00977,KDAEOHOB_01252,OPNKAGHI_01650,KAHEJOMD_01119,HMEEEBGO_00695,KGEHKDDB_00976,GMGKJONF_01029,HLLCJJMH_01025,BMKFACGC_01589,FHDKMCMF_02119
group_1607,,hypothetical protein,10,10,1.0,1,2848,,,,1131,1131,1131.0,JECDCPOO_00608,KDAEOHOB_00867,OPNKAGHI_02042,KAHEJOMD_00650,HMEEEBGO_01186,KGEHKDDB_00618,GMGKJONF_00645,HLLCJJMH_00659,BMKFACGC_00651,FHDKMCMF_02477
manZ,manZ,PTS system mannose-specific EIID component,10,10,1.0,1,2845,,,,828,828,828.0,JECDCPOO_00606,KDAEOHOB_00865,OPNKAGHI_02044,KAHEJOMD_00648,HMEEEBGO_01188,KGEHKDDB_00616,GMGKJONF_00643,HLLCJJMH_00657,BMKFACGC_00649,FHDKMCMF_02479
group_1604,,hypothetical protein,10,10,1.0,1,2844,,,,504,504,504.0,JECDCPOO_02004,KDAEOHOB_02276,OPNKAGHI_00519,KAHEJOMD_02142,HMEEEBGO_02362,KGEHKDDB_02052,GMGKJONF_02109,HLLCJJMH_02105,BMKFACGC_02124,FHDKMCMF_01105
rpsE,rpsE,Small ribosomal subunit protein uS5,10,10,1.0,1,2843,,,,504,504,504.0,JECDCPOO_01787,KDAEOHOB_02054,OPNKAGHI_00743,KAHEJOMD_01914,HMEEEBGO_02663,KGEHKDDB_01826,GMGKJONF_01882,HLLCJJMH_01871,BMKFACGC_01893,FHDKMCMF_01337
group_1603,,hypothetical protein,10,10,1.0,1,2842,,,,504,504,504.0,JECDCPOO_01169,KDAEOHOB_01436,OPNKAGHI_01445,KAHEJOMD_01306,HMEEEBGO_00508,KGEHKDDB_01161,GMGKJONF_01215,HLLCJJMH_01210,BMKFACGC_01418,FHDKMCMF_01933
group_1602,,hypothetical protein,10,10,1.0,1,2841,,,,504,504,504.0,JECDCPOO_00076,KDAEOHOB_00329,OPNKAGHI_00087,KAHEJOMD_00095,HMEEEBGO_01743,KGEHKDDB_00071,GMGKJONF_00098,HLLCJJMH_00116,BMKFACGC_00089,FHDKMCMF_00508
group_1597,,Putative universal stress protein,10,10,1.0,1,2836,,,,507,507,507.0,JECDCPOO_00961,KDAEOHOB_01237,OPNKAGHI_01666,KAHEJOMD_01104,HMEEEBGO_00710,KGEHKDDB_00961,GMGKJONF_01014,HLLCJJMH_01010,BMKFACGC_01606,FHDKMCMF_02134
rplJ,rplJ,Large ribosomal subunit protein uL10,10,10,1.0,1,2835,,,,507,507,507.0,JECDCPOO_00635,KDAEOHOB_00894,OPNKAGHI_02013,KAHEJOMD_00681,HMEEEBGO_01159,KGEHKDDB_00645,GMGKJONF_00672,HLLCJJMH_00687,BMKFACGC_00678,FHDKMCMF_02450
mshD_1,mshD_1,Mycothiol acetyltransferase,10,10,1.0,1,2834,,,,507,507,507.0,JECDCPOO_00587,KDAEOHOB_00845,OPNKAGHI_02064,KAHEJOMD_00628,HMEEEBGO_01207,KGEHKDDB_00597,GMGKJONF_00624,HLLCJJMH_00634,BMKFACGC_00630,FHDKMCMF_02498
group_1593,xylP_3,Isoprimeverose transporter,10,10,1.0,1,2829,,,,1401,1401,1401.0,JECDCPOO_00499,KDAEOHOB_00759,OPNKAGHI_02160,KAHEJOMD_00537,HMEEEBGO_01301,KGEHKDDB_00498,GMGKJONF_00533,HLLCJJMH_00543,BMKFACGC_00534,FHDKMCMF_00080
group_1592,,hypothetical protein,10,10,1.0,1,2828,,,,510,510,510.0,JECDCPOO_00947,KDAEOHOB_01223,OPNKAGHI_01682,KAHEJOMD_01090,HMEEEBGO_00724,KGEHKDDB_00947,GMGKJONF_01000,HLLCJJMH_00996,BMKFACGC_01621,FHDKMCMF_02148
ypjQ,ypjQ,putative protein YpjQ,10,10,1.0,1,2827,,,,510,510,510.0,JECDCPOO_00917,KDAEOHOB_01193,OPNKAGHI_01712,KAHEJOMD_01060,HMEEEBGO_00843,KGEHKDDB_00917,GMGKJONF_00970,HLLCJJMH_00966,BMKFACGC_01002,FHDKMCMF_02178
tpx,tpx,Thiol peroxidase,10,10,1.0,1,2826,,,,510,510,510.0,JECDCPOO_00831,KDAEOHOB_01112,OPNKAGHI_01797,KAHEJOMD_00975,HMEEEBGO_00928,KGEHKDDB_00836,GMGKJONF_00886,HLLCJJMH_00885,BMKFACGC_00911,FHDKMCMF_02259
group_1591,,hypothetical protein,10,10,1.0,1,2825,,,,510,510,510.0,JECDCPOO_00211,KDAEOHOB_00467,OPNKAGHI_02460,KAHEJOMD_00248,HMEEEBGO_01591,KGEHKDDB_00210,GMGKJONF_00236,HLLCJJMH_00254,BMKFACGC_00232,FHDKMCMF_00369
nrdF2,nrdF2,Ribonucleoside-diphosphate reductase subunit beta nrdF2,10,10,1.0,1,2822,,,,996,996,996.0,JECDCPOO_00640,KDAEOHOB_00904,OPNKAGHI_02008,KAHEJOMD_00691,HMEEEBGO_01149,KGEHKDDB_00650,GMGKJONF_00683,HLLCJJMH_00692,BMKFACGC_00688,FHDKMCMF_02445
cspR,cspR,Putative tRNA (cytidine(34)-2'-O)-methyltransferase,10,10,1.0,1,2817,,,,513,513,513.0,JECDCPOO_01473,KDAEOHOB_01813,OPNKAGHI_01138,KAHEJOMD_01623,HMEEEBGO_00064,KGEHKDDB_01545,GMGKJONF_01596,HLLCJJMH_01646,BMKFACGC_01095,FHDKMCMF_01627
nagC_2~~~nagC_1,nagC_2;nagC_1,DNA-binding transcriptional dual regulator NagC,10,10,1.0,1,2813,,,,1164,1164,1164.0,JECDCPOO_02190,KDAEOHOB_02436,OPNKAGHI_00347,KAHEJOMD_02323,HMEEEBGO_02174,KGEHKDDB_02211,GMGKJONF_02271,HLLCJJMH_02297,BMKFACGC_02284,FHDKMCMF_00942
gadB_2,gadB_2,Glutamate decarboxylase,10,10,1.0,1,2809,,,,1407,1407,1407.0,JECDCPOO_01966,KDAEOHOB_02236,OPNKAGHI_00557,KAHEJOMD_02103,HMEEEBGO_02403,KGEHKDDB_02013,GMGKJONF_02068,HLLCJJMH_02059,BMKFACGC_02078,FHDKMCMF_01146
atpF,atpF,ATP synthase subunit b,10,10,1.0,1,2807,,,,516,516,516.0,JECDCPOO_00802,KDAEOHOB_01083,OPNKAGHI_01827,KAHEJOMD_00944,HMEEEBGO_00957,KGEHKDDB_00807,GMGKJONF_00857,HLLCJJMH_00855,BMKFACGC_00881,FHDKMCMF_02288
rnhA_1~~~rnhA_2,rnhA_1;rnhA_2,14.7 kDa ribonuclease H-like protein,10,10,1.0,1,2801,,,,405,405,405.0,JECDCPOO_01195,KDAEOHOB_01456,OPNKAGHI_01424,KAHEJOMD_01327,HMEEEBGO_00488,KGEHKDDB_01181,GMGKJONF_01236,HLLCJJMH_01230,BMKFACGC_01398,FHDKMCMF_01913
group_1572,,hypothetical protein,10,10,1.0,1,2800,,,,588,588,588.0,JECDCPOO_02203,KDAEOHOB_02449,OPNKAGHI_00334,KAHEJOMD_02336,HMEEEBGO_02161,KGEHKDDB_02224,GMGKJONF_02284,HLLCJJMH_02310,BMKFACGC_02297,FHDKMCMF_00929
group_1571,,hypothetical protein,10,10,1.0,1,2799,,,,519,519,519.0,JECDCPOO_01529,KDAEOHOB_01870,OPNKAGHI_01075,KAHEJOMD_01747,HMEEEBGO_02834,KGEHKDDB_01663,GMGKJONF_01717,HLLCJJMH_01704,BMKFACGC_01631,FHDKMCMF_01502
apt,apt,Adenine phosphoribosyltransferase,10,10,1.0,1,2798,,,,519,519,519.0,JECDCPOO_01388,KDAEOHOB_01728,OPNKAGHI_01225,KAHEJOMD_01536,HMEEEBGO_00151,KGEHKDDB_01460,GMGKJONF_01509,HLLCJJMH_01560,BMKFACGC_01183,FHDKMCMF_01712
group_1570,,hypothetical protein,10,10,1.0,1,2797,,,,519,519,519.0,JECDCPOO_00873,KDAEOHOB_01154,OPNKAGHI_01753,KAHEJOMD_01017,HMEEEBGO_00886,KGEHKDDB_00878,GMGKJONF_00928,HLLCJJMH_00927,BMKFACGC_00953,FHDKMCMF_02217
idi,idi,Isopentenyl-diphosphate Delta-isomerase,10,10,1.0,1,2796,,,,519,519,519.0,JECDCPOO_00465,KDAEOHOB_00724,OPNKAGHI_02196,KAHEJOMD_00502,HMEEEBGO_01336,KGEHKDDB_00463,GMGKJONF_00498,HLLCJJMH_00508,BMKFACGC_00493,FHDKMCMF_00115
dppA_7~~~dppA_8,dppA_7;dppA_8,Dipeptide-binding protein,10,10,1.0,1,2795,,,,1656,1656,1656.0,JECDCPOO_02062,KDAEOHOB_02330,OPNKAGHI_00466,KAHEJOMD_02199,HMEEEBGO_02305,KGEHKDDB_02109,GMGKJONF_02164,HLLCJJMH_02162,BMKFACGC_02183,FHDKMCMF_01049
ykoD_1,ykoD_1,Putative HMP/thiamine import ATP-binding protein YkoD,10,10,1.0,1,2794,,,,1410,1410,1410.0,JECDCPOO_01947,KDAEOHOB_02217,OPNKAGHI_00576,KAHEJOMD_02084,HMEEEBGO_02422,KGEHKDDB_01994,GMGKJONF_02049,HLLCJJMH_02040,BMKFACGC_02058,FHDKMCMF_01165
queT,queT,Queuosine precursor transporter QueT,10,10,1.0,1,2792,,,,522,522,522.0,JECDCPOO_02469,KDAEOHOB_00224,OPNKAGHI_02613,KAHEJOMD_02594,HMEEEBGO_01859,KGEHKDDB_02504,GMGKJONF_02547,HLLCJJMH_02596,BMKFACGC_02580,FHDKMCMF_00652
group_1568,,hypothetical protein,10,10,1.0,1,2791,,,,522,522,522.0,JECDCPOO_02364,KDAEOHOB_00115,OPNKAGHI_00176,KAHEJOMD_02484,HMEEEBGO_01958,KGEHKDDB_02391,GMGKJONF_02443,HLLCJJMH_02472,BMKFACGC_02461,FHDKMCMF_00773
group_1567,,hypothetical protein,10,10,1.0,1,2790,,,,522,522,522.0,JECDCPOO_01713,KDAEOHOB_01960,OPNKAGHI_00814,KAHEJOMD_01841,HMEEEBGO_02739,KGEHKDDB_01756,GMGKJONF_01812,HLLCJJMH_01797,BMKFACGC_01823,FHDKMCMF_01409
bioY,bioY,Biotin transporter BioY,10,10,1.0,1,2789,,,,522,522,522.0,JECDCPOO_01094,KDAEOHOB_01368,OPNKAGHI_01527,KAHEJOMD_01235,HMEEEBGO_00578,KGEHKDDB_01093,GMGKJONF_01146,HLLCJJMH_01142,BMKFACGC_01464,FHDKMCMF_02002
group_1566,,Putative universal stress protein,10,10,1.0,1,2788,,,,522,522,522.0,JECDCPOO_00210,KDAEOHOB_00466,OPNKAGHI_02461,KAHEJOMD_00247,HMEEEBGO_01592,KGEHKDDB_00209,GMGKJONF_00235,HLLCJJMH_00253,BMKFACGC_00231,FHDKMCMF_00370
group_1562,,hypothetical protein,10,10,1.0,1,2784,,,,345,345,345.0,JECDCPOO_01953,KDAEOHOB_02223,OPNKAGHI_00570,KAHEJOMD_02090,HMEEEBGO_02416,KGEHKDDB_02000,GMGKJONF_02055,HLLCJJMH_02046,BMKFACGC_02065,FHDKMCMF_01159
group_1560,,hypothetical protein,10,10,1.0,1,2782,,,,525,525,525.0,JECDCPOO_02491,KDAEOHOB_00246,OPNKAGHI_02644,KAHEJOMD_02615,HMEEEBGO_01836,KGEHKDDB_02534,GMGKJONF_02570,HLLCJJMH_02631,BMKFACGC_02611,FHDKMCMF_00621
group_1559,,hypothetical protein,10,10,1.0,1,2781,,,,525,525,525.0,JECDCPOO_00692,KDAEOHOB_00956,OPNKAGHI_01952,KAHEJOMD_00743,HMEEEBGO_01097,KGEHKDDB_00702,GMGKJONF_00735,HLLCJJMH_00744,BMKFACGC_00742,FHDKMCMF_02393
group_1558,,hypothetical protein,10,10,1.0,1,2780,,,,525,525,525.0,JECDCPOO_00274,KDAEOHOB_00532,OPNKAGHI_02390,KAHEJOMD_00306,HMEEEBGO_01528,KGEHKDDB_00272,GMGKJONF_00302,HLLCJJMH_00317,BMKFACGC_00304,FHDKMCMF_00307
group_1557,,hypothetical protein,10,10,1.0,1,2779,,,,525,525,525.0,JECDCPOO_00226,KDAEOHOB_00482,OPNKAGHI_02442,KAHEJOMD_00264,HMEEEBGO_01576,KGEHKDDB_00225,GMGKJONF_00258,HLLCJJMH_00270,BMKFACGC_00249,FHDKMCMF_00354
group_1556,,hypothetical protein,10,10,1.0,1,2778,,,,525,525,525.0,JECDCPOO_00138,KDAEOHOB_00394,OPNKAGHI_02542,KAHEJOMD_00161,HMEEEBGO_01679,KGEHKDDB_00132,GMGKJONF_00163,HLLCJJMH_00180,BMKFACGC_00151,FHDKMCMF_00447
group_1555,ribZ_3,Riboflavin transporter RibZ,10,10,1.0,1,2777,,,,1413,1413,1413.0,JECDCPOO_02035,KDAEOHOB_02301,OPNKAGHI_00496,KAHEJOMD_02172,HMEEEBGO_02331,KGEHKDDB_02081,GMGKJONF_02135,HLLCJJMH_02135,BMKFACGC_02155,FHDKMCMF_01076
group_1554,,hypothetical protein,10,10,1.0,1,2776,,,,177,183,182.4,JECDCPOO_00381,KDAEOHOB_00638,OPNKAGHI_02272,KAHEJOMD_00412,HMEEEBGO_01422,KGEHKDDB_00378,GMGKJONF_00412,HLLCJJMH_00424,BMKFACGC_00417,FHDKMCMF_00201
lacS,lacS,Lactose permease,10,10,1.0,1,2774,,,,1425,1425,1425.0,JECDCPOO_02019,KDAEOHOB_02285,OPNKAGHI_00510,KAHEJOMD_02156,HMEEEBGO_02349,KGEHKDDB_02065,GMGKJONF_02119,HLLCJJMH_02118,BMKFACGC_02138,FHDKMCMF_01092
cysS,cysS,Cysteine--tRNA ligase,10,10,1.0,1,2773,,,,1413,1413,1413.0,JECDCPOO_00626,KDAEOHOB_00885,OPNKAGHI_02022,KAHEJOMD_00671,HMEEEBGO_01168,KGEHKDDB_00636,GMGKJONF_00663,HLLCJJMH_00677,BMKFACGC_00669,FHDKMCMF_02459
pduE,pduE,Propanediol dehydratase small subunit,10,10,1.0,1,2771,,,,528,528,528.0,JECDCPOO_01719,KDAEOHOB_01966,OPNKAGHI_00808,KAHEJOMD_01847,HMEEEBGO_02733,KGEHKDDB_01762,GMGKJONF_01818,HLLCJJMH_01803,BMKFACGC_01829,FHDKMCMF_01403
group_1551,,hypothetical protein,10,10,1.0,1,2770,,,,528,528,528.0,JECDCPOO_00837,KDAEOHOB_01118,OPNKAGHI_01791,KAHEJOMD_00981,HMEEEBGO_00922,KGEHKDDB_00842,GMGKJONF_00892,HLLCJJMH_00891,BMKFACGC_00917,FHDKMCMF_02253
group_1550,,hypothetical protein,10,10,1.0,1,2769,,,,498,498,498.0,JECDCPOO_00151,KDAEOHOB_00407,OPNKAGHI_02524,KAHEJOMD_00177,HMEEEBGO_01661,KGEHKDDB_00149,GMGKJONF_00174,HLLCJJMH_00193,BMKFACGC_00163,FHDKMCMF_00430
ywqN,ywqN,Putative NAD(P)H-dependent FMN-containing oxidoreductase YwqN,10,10,1.0,1,2767,,,,531,531,531.0,JECDCPOO_00025,KDAEOHOB_00280,OPNKAGHI_00023,KAHEJOMD_00024,HMEEEBGO_01797,KGEHKDDB_00022,GMGKJONF_00025,HLLCJJMH_00022,BMKFACGC_00022,FHDKMCMF_00585
group_1546,,hypothetical protein,10,10,1.0,1,2764,,,,531,531,531.0,JECDCPOO_01315,KDAEOHOB_01579,OPNKAGHI_01298,KAHEJOMD_01465,HMEEEBGO_00365,KGEHKDDB_01308,GMGKJONF_01354,HLLCJJMH_01374,BMKFACGC_01264,FHDKMCMF_01782
cysL,cysL,HTH-type transcriptional regulator CysL,10,10,1.0,1,2758,,,,888,888,888.0,JECDCPOO_00423,KDAEOHOB_00681,OPNKAGHI_02228,KAHEJOMD_00459,HMEEEBGO_01379,KGEHKDDB_00420,GMGKJONF_00455,HLLCJJMH_00466,BMKFACGC_00461,FHDKMCMF_00159
group_1540,,hypothetical protein,10,10,1.0,1,2757,,,,534,534,534.0,JECDCPOO_02492,KDAEOHOB_00247,OPNKAGHI_02645,KAHEJOMD_02616,HMEEEBGO_01835,KGEHKDDB_02535,GMGKJONF_02571,HLLCJJMH_02632,BMKFACGC_02612,FHDKMCMF_00620
yvqK_1,yvqK_1,Corrinoid adenosyltransferase,10,10,1.0,1,2756,,,,534,534,534.0,JECDCPOO_02007,KDAEOHOB_02278,OPNKAGHI_00517,KAHEJOMD_02145,HMEEEBGO_02360,KGEHKDDB_02054,GMGKJONF_02111,HLLCJJMH_02107,BMKFACGC_02126,FHDKMCMF_01103
msrA_1,msrA_1,Peptide methionine sulfoxide reductase MsrA,10,10,1.0,1,2755,,,,534,534,534.0,JECDCPOO_01236,KDAEOHOB_01500,OPNKAGHI_01378,KAHEJOMD_01371,HMEEEBGO_00444,KGEHKDDB_01225,GMGKJONF_01278,HLLCJJMH_01281,BMKFACGC_01355,FHDKMCMF_01866
folT,folT,Folate transporter FolT,10,10,1.0,1,2754,,,,534,534,534.0,JECDCPOO_01208,KDAEOHOB_01469,OPNKAGHI_01411,KAHEJOMD_01340,HMEEEBGO_00475,KGEHKDDB_01194,GMGKJONF_01249,HLLCJJMH_01243,BMKFACGC_01384,FHDKMCMF_01900
pyrR,pyrR,Bifunctional protein pyrR,10,10,1.0,1,2753,,,,534,534,534.0,JECDCPOO_01200,KDAEOHOB_01461,OPNKAGHI_01418,KAHEJOMD_01332,HMEEEBGO_00483,KGEHKDDB_01186,GMGKJONF_01241,HLLCJJMH_01235,BMKFACGC_01393,FHDKMCMF_01908
rplF,rplF,Large ribosomal subunit protein uL6,10,10,1.0,1,2749,,,,537,537,537.0,JECDCPOO_01789,KDAEOHOB_02056,OPNKAGHI_00741,KAHEJOMD_01916,HMEEEBGO_02661,KGEHKDDB_01828,GMGKJONF_01884,HLLCJJMH_01873,BMKFACGC_01895,FHDKMCMF_01335
group_1536,,hypothetical protein,10,10,1.0,1,2748,,,,537,537,537.0,JECDCPOO_00867,KDAEOHOB_01148,OPNKAGHI_01759,KAHEJOMD_01011,HMEEEBGO_00892,KGEHKDDB_00872,GMGKJONF_00922,HLLCJJMH_00921,BMKFACGC_00947,FHDKMCMF_02223
polC_1,polC_1,DNA polymerase III PolC-type,10,10,1.0,1,2747,,,,537,537,537.0,JECDCPOO_00723,KDAEOHOB_00987,OPNKAGHI_01921,KAHEJOMD_00774,HMEEEBGO_01066,KGEHKDDB_00733,GMGKJONF_00766,HLLCJJMH_00776,BMKFACGC_00775,FHDKMCMF_02362
padC,padC,Phenolic acid decarboxylase PadC,10,10,1.0,1,2746,,,,537,537,537.0,JECDCPOO_00230,KDAEOHOB_00488,OPNKAGHI_02438,KAHEJOMD_00268,HMEEEBGO_01572,KGEHKDDB_00228,GMGKJONF_00264,HLLCJJMH_00274,BMKFACGC_00255,FHDKMCMF_00350
group_1532,,hypothetical protein,10,10,1.0,1,2742,,,,540,540,540.0,JECDCPOO_02479,KDAEOHOB_00235,OPNKAGHI_02627,KAHEJOMD_02604,HMEEEBGO_01847,KGEHKDDB_02520,GMGKJONF_02558,HLLCJJMH_02617,BMKFACGC_02600,FHDKMCMF_00635
dut,dut,Deoxyuridine 5'-triphosphate nucleotidohydrolase,10,10,1.0,1,2741,,,,540,540,540.0,JECDCPOO_00622,KDAEOHOB_00881,OPNKAGHI_02026,KAHEJOMD_00667,HMEEEBGO_01172,KGEHKDDB_00632,GMGKJONF_00659,HLLCJJMH_00673,BMKFACGC_00665,FHDKMCMF_02463
uidB,uidB,Glucuronide carrier protein,10,10,1.0,1,2737,,,,1419,1419,1419.0,JECDCPOO_00157,KDAEOHOB_00413,OPNKAGHI_02517,KAHEJOMD_00183,HMEEEBGO_01654,KGEHKDDB_00155,GMGKJONF_00180,HLLCJJMH_00199,BMKFACGC_00169,FHDKMCMF_00424
rplE,rplE,Large ribosomal subunit protein uL5,10,10,1.0,1,2736,,,,543,543,543.0,JECDCPOO_01791,KDAEOHOB_02058,OPNKAGHI_00739,KAHEJOMD_01918,HMEEEBGO_02659,KGEHKDDB_01830,GMGKJONF_01886,HLLCJJMH_01875,BMKFACGC_01898,FHDKMCMF_01333
nudF,nudF,ADP-ribose pyrophosphatase,10,10,1.0,1,2734,,,,543,543,543.0,JECDCPOO_01453,KDAEOHOB_01793,OPNKAGHI_01158,KAHEJOMD_01603,HMEEEBGO_00084,KGEHKDDB_01525,GMGKJONF_01575,HLLCJJMH_01625,BMKFACGC_01115,FHDKMCMF_01647
hslV,hslV,ATP-dependent protease subunit HslV,10,10,1.0,1,2733,,,,543,543,543.0,JECDCPOO_01246,KDAEOHOB_01510,OPNKAGHI_01366,KAHEJOMD_01381,HMEEEBGO_00434,KGEHKDDB_01235,GMGKJONF_01288,HLLCJJMH_01291,BMKFACGC_01342,FHDKMCMF_01856
group_1527,,GTP cyclohydrolase 1 type 2,10,10,1.0,1,2732,,,,807,807,807.0,JECDCPOO_01289,KDAEOHOB_01553,OPNKAGHI_01326,KAHEJOMD_01439,HMEEEBGO_00391,KGEHKDDB_01282,GMGKJONF_01328,HLLCJJMH_01348,BMKFACGC_01290,FHDKMCMF_01808
group_1526,,hypothetical protein,10,10,1.0,1,2731,,,,543,543,543.0,JECDCPOO_01029,KDAEOHOB_01304,OPNKAGHI_01594,KAHEJOMD_01171,HMEEEBGO_00643,KGEHKDDB_01028,GMGKJONF_01081,HLLCJJMH_01077,BMKFACGC_01530,FHDKMCMF_02067
group_1525,,hypothetical protein,10,10,1.0,1,2730,,,,543,543,543.0,JECDCPOO_00985,KDAEOHOB_01260,OPNKAGHI_01642,KAHEJOMD_01126,HMEEEBGO_00687,KGEHKDDB_00984,GMGKJONF_01037,HLLCJJMH_01033,BMKFACGC_01578,FHDKMCMF_02111
atpH,atpH,ATP synthase subunit delta,10,10,1.0,1,2729,,,,543,543,543.0,JECDCPOO_00803,KDAEOHOB_01084,OPNKAGHI_01826,KAHEJOMD_00945,HMEEEBGO_00956,KGEHKDDB_00808,GMGKJONF_00858,HLLCJJMH_00856,BMKFACGC_00882,FHDKMCMF_02287
hpt,hpt,Hypoxanthine-guanine phosphoribosyltransferase,10,10,1.0,1,2728,,,,543,543,543.0,JECDCPOO_00568,KDAEOHOB_00828,OPNKAGHI_02083,KAHEJOMD_00609,HMEEEBGO_01226,KGEHKDDB_00578,GMGKJONF_00605,HLLCJJMH_00615,BMKFACGC_00608,FHDKMCMF_00009
hxlB,hxlB,3-hexulose-6-phosphate isomerase,10,10,1.0,1,2727,,,,543,543,543.0,JECDCPOO_00479,KDAEOHOB_00738,OPNKAGHI_02181,KAHEJOMD_00516,HMEEEBGO_01322,KGEHKDDB_00477,GMGKJONF_00512,HLLCJJMH_00522,BMKFACGC_00509,FHDKMCMF_00101
group_1524,,hypothetical protein,10,10,1.0,1,2726,,,,543,543,543.0,JECDCPOO_00080,KDAEOHOB_00333,OPNKAGHI_00091,KAHEJOMD_00099,HMEEEBGO_01739,KGEHKDDB_00075,GMGKJONF_00102,HLLCJJMH_00120,BMKFACGC_00093,FHDKMCMF_00504
deoB_2~~~deoB_1,deoB_2;deoB_1,Phosphopentomutase,10,11,1.1,1,2724,,,,354,825,753.2727272727273,JECDCPOO_02215,KDAEOHOB_02461,OPNKAGHI_00322;OPNKAGHI_00321,KAHEJOMD_02348,HMEEEBGO_02149,KGEHKDDB_02236,GMGKJONF_02296,HLLCJJMH_02322,BMKFACGC_02309,FHDKMCMF_00917
cfiB,cfiB,2-oxoglutarate carboxylase small subunit,10,10,1.0,1,2721,,,,1422,1422,1422.0,JECDCPOO_01089,KDAEOHOB_01363,OPNKAGHI_01532,KAHEJOMD_01230,HMEEEBGO_00583,KGEHKDDB_01088,GMGKJONF_01140,HLLCJJMH_01137,BMKFACGC_01469,FHDKMCMF_02007
group_1521,,hypothetical protein,10,10,1.0,1,2720,,,,546,546,546.0,JECDCPOO_02150,KDAEOHOB_02397,OPNKAGHI_00399,KAHEJOMD_02270,HMEEEBGO_02238,KGEHKDDB_02176,GMGKJONF_02234,HLLCJJMH_02230,BMKFACGC_02258,FHDKMCMF_00978
group_1520,,hypothetical protein,10,10,1.0,1,2719,,,,546,546,546.0,JECDCPOO_01890,KDAEOHOB_02161,OPNKAGHI_00635,KAHEJOMD_02028,HMEEEBGO_02478,KGEHKDDB_01937,GMGKJONF_01989,HLLCJJMH_01983,BMKFACGC_01998,FHDKMCMF_01221
group_1518,,hypothetical protein,10,10,1.0,1,2717,,,,546,546,546.0,JECDCPOO_00629,KDAEOHOB_00888,OPNKAGHI_02019,KAHEJOMD_00674,HMEEEBGO_01165,KGEHKDDB_00639,GMGKJONF_00666,HLLCJJMH_00680,BMKFACGC_00672,FHDKMCMF_02456
group_1517,,hypothetical protein,10,10,1.0,1,2716,,,,546,546,546.0,JECDCPOO_00695,KDAEOHOB_00959,OPNKAGHI_01949,KAHEJOMD_00746,HMEEEBGO_01094,KGEHKDDB_00705,GMGKJONF_00738,HLLCJJMH_00747,BMKFACGC_00745,FHDKMCMF_02390
pepDA_1,pepDA_1,Dipeptidase A,10,10,1.0,1,2715,,,,1422,1422,1422.0,JECDCPOO_00289,KDAEOHOB_00548,OPNKAGHI_02368,KAHEJOMD_00321,HMEEEBGO_01514,KGEHKDDB_00287,GMGKJONF_00317,HLLCJJMH_00333,BMKFACGC_00321,FHDKMCMF_00292
pnp,pnp,Polyribonucleotide nucleotidyltransferase,10,10,1.0,1,2714,,,,546,546,546.0,JECDCPOO_00566,KDAEOHOB_00826,OPNKAGHI_02085,KAHEJOMD_00607,HMEEEBGO_01228,KGEHKDDB_00576,GMGKJONF_00602,HLLCJJMH_00613,BMKFACGC_00606,FHDKMCMF_00011
gshAB,gshAB,Glutathione biosynthesis bifunctional protein GshAB,10,10,1.0,1,2710,,,,1518,1593,1525.5,JECDCPOO_01696,KDAEOHOB_01943,OPNKAGHI_00831,KAHEJOMD_01824,HMEEEBGO_02756,KGEHKDDB_01739,GMGKJONF_01794,HLLCJJMH_01780,BMKFACGC_01805,FHDKMCMF_01426
nusG,nusG,Transcription termination/antitermination protein NusG,10,10,1.0,1,2707,,,,549,549,549.0,JECDCPOO_00632,KDAEOHOB_00891,OPNKAGHI_02016,KAHEJOMD_00678,HMEEEBGO_01162,KGEHKDDB_00642,GMGKJONF_00669,HLLCJJMH_00684,BMKFACGC_00675,FHDKMCMF_02453
group_1509,,hypothetical protein,10,10,1.0,1,2703,,,,552,552,552.0,JECDCPOO_00598,KDAEOHOB_00857,OPNKAGHI_02052,KAHEJOMD_00640,HMEEEBGO_01196,KGEHKDDB_00608,GMGKJONF_00635,HLLCJJMH_00646,BMKFACGC_00641,FHDKMCMF_02487
trtA,trtA,Triuret hydrolase TrtA,10,10,1.0,1,2702,,,,552,552,552.0,JECDCPOO_00267,KDAEOHOB_00525,OPNKAGHI_02398,KAHEJOMD_00299,HMEEEBGO_01535,KGEHKDDB_00265,GMGKJONF_00295,HLLCJJMH_00310,BMKFACGC_00297,FHDKMCMF_00314
uxaC_1,uxaC_1,Uronate isomerase,10,10,1.0,1,2701,,,,1428,1428,1428.0,JECDCPOO_00156,KDAEOHOB_00412,OPNKAGHI_02518,KAHEJOMD_00182,HMEEEBGO_01655,KGEHKDDB_00154,GMGKJONF_00179,HLLCJJMH_00198,BMKFACGC_00168,FHDKMCMF_00425
group_1507,,hypothetical protein,10,10,1.0,1,2699,,,,1260,1464,1345.2,JECDCPOO_02197,KDAEOHOB_02443,OPNKAGHI_00340,KAHEJOMD_02330,HMEEEBGO_02167,KGEHKDDB_02218,GMGKJONF_02278,HLLCJJMH_02304,BMKFACGC_02291,FHDKMCMF_00935
group_1503,,hypothetical protein,10,10,1.0,1,2695,,,,171,171,171.0,JECDCPOO_00619,KDAEOHOB_00878,OPNKAGHI_02029,KAHEJOMD_00661,HMEEEBGO_01175,KGEHKDDB_00629,GMGKJONF_00656,HLLCJJMH_00670,BMKFACGC_00662,FHDKMCMF_02466
group_1502,,hypothetical protein,10,10,1.0,1,2694,,,,555,555,555.0,JECDCPOO_00993,KDAEOHOB_01268,OPNKAGHI_01634,KAHEJOMD_01134,HMEEEBGO_00679,KGEHKDDB_00992,GMGKJONF_01045,HLLCJJMH_01041,BMKFACGC_01570,FHDKMCMF_02103
group_1501,,hypothetical protein,10,10,1.0,1,2693,,,,1233,1233,1233.0,JECDCPOO_00617,KDAEOHOB_00876,OPNKAGHI_02031,KAHEJOMD_00659,HMEEEBGO_01177,KGEHKDDB_00627,GMGKJONF_00654,HLLCJJMH_00668,BMKFACGC_00660,FHDKMCMF_02468
bglR,;bglR,Beta-glucuronidase,10,11,1.1,1,2688,,,,585,1812,1647.2727272727273,JECDCPOO_00159,KDAEOHOB_00415,OPNKAGHI_02515,KAHEJOMD_00186;KAHEJOMD_00185,HMEEEBGO_01652,KGEHKDDB_00157,GMGKJONF_00182,HLLCJJMH_00201,BMKFACGC_00171,FHDKMCMF_00422
group_1494,,Nucleoside triphosphate/diphosphate phosphatase,10,10,1.0,1,2685,,,,558,558,558.0,JECDCPOO_01673,KDAEOHOB_01920,OPNKAGHI_00858,KAHEJOMD_01801,HMEEEBGO_02780,KGEHKDDB_01717,GMGKJONF_01772,HLLCJJMH_01758,BMKFACGC_01782,FHDKMCMF_01448
frr,frr,Ribosome-recycling factor,10,10,1.0,1,2684,,,,558,558,558.0,JECDCPOO_01358,KDAEOHOB_01697,OPNKAGHI_01257,KAHEJOMD_01507,HMEEEBGO_00243,KGEHKDDB_01431,GMGKJONF_01479,HLLCJJMH_01416,BMKFACGC_01216,FHDKMCMF_01741
pth,pth,Peptidyl-tRNA hydrolase,10,10,1.0,1,2683,,,,558,558,558.0,JECDCPOO_00561,KDAEOHOB_00821,OPNKAGHI_02090,KAHEJOMD_00602,HMEEEBGO_01234,KGEHKDDB_00571,GMGKJONF_00597,HLLCJJMH_00608,BMKFACGC_00601,FHDKMCMF_00016
group_1490,,DegV domain-containing protein,10,10,1.0,1,2679,,,,867,867,867.0,JECDCPOO_01962,KDAEOHOB_02232,OPNKAGHI_00561,KAHEJOMD_02099,HMEEEBGO_02407,KGEHKDDB_02009,GMGKJONF_02064,HLLCJJMH_02055,BMKFACGC_02074,FHDKMCMF_01150
group_1489,,hypothetical protein,10,10,1.0,1,2678,,,,561,561,561.0,JECDCPOO_02311,KDAEOHOB_00057,OPNKAGHI_00221,KAHEJOMD_02430,HMEEEBGO_02018,KGEHKDDB_02338,GMGKJONF_02380,HLLCJJMH_02416,BMKFACGC_02399,FHDKMCMF_00828
pduP,pduP,Propanal dehydrogenase (CoA-propanoylating),10,10,1.0,1,2676,,,,1434,1434,1434.0,JECDCPOO_01709,KDAEOHOB_01956,OPNKAGHI_00818,KAHEJOMD_01837,HMEEEBGO_02743,KGEHKDDB_01752,GMGKJONF_01808,HLLCJJMH_01793,BMKFACGC_01819,FHDKMCMF_01413
def_1,def_1,Peptide deformylase,10,10,1.0,1,2675,,,,561,561,561.0,JECDCPOO_01425,KDAEOHOB_01765,OPNKAGHI_01189,KAHEJOMD_01573,HMEEEBGO_00113,KGEHKDDB_01497,GMGKJONF_01546,HLLCJJMH_01597,BMKFACGC_01146,FHDKMCMF_01675
efp,efp,Elongation factor P,10,10,1.0,1,2674,,,,561,561,561.0,JECDCPOO_01035,KDAEOHOB_01310,OPNKAGHI_01588,KAHEJOMD_01177,HMEEEBGO_00637,KGEHKDDB_01034,GMGKJONF_01087,HLLCJJMH_01083,BMKFACGC_01524,FHDKMCMF_02061
hpf,hpf,Ribosome hibernation promotion factor,10,10,1.0,1,2673,,,,561,561,561.0,JECDCPOO_00671,KDAEOHOB_00935,OPNKAGHI_01975,KAHEJOMD_00722,HMEEEBGO_01118,KGEHKDDB_00681,GMGKJONF_00714,HLLCJJMH_00723,BMKFACGC_00721,FHDKMCMF_02414
rsmD,rsmD,Ribosomal RNA small subunit methyltransferase D,10,10,1.0,1,2667,,,,564,564,564.0,JECDCPOO_01414,KDAEOHOB_01754,OPNKAGHI_01201,KAHEJOMD_01562,HMEEEBGO_00124,KGEHKDDB_01486,GMGKJONF_01535,HLLCJJMH_01586,BMKFACGC_01157,FHDKMCMF_01686
infC,infC,Translation initiation factor IF-3,10,10,1.0,1,2666,,,,564,564,564.0,JECDCPOO_00981,KDAEOHOB_01256,OPNKAGHI_01646,KAHEJOMD_01123,HMEEEBGO_00691,KGEHKDDB_00980,GMGKJONF_01033,HLLCJJMH_01029,BMKFACGC_01585,FHDKMCMF_02115
mnmM,mnmM,tRNA (mnm(5)s(2)U34)-methyltransferase,10,10,1.0,1,2660,,,,567,567,567.0,JECDCPOO_00950,KDAEOHOB_01226,OPNKAGHI_01679,KAHEJOMD_01093,HMEEEBGO_00721,KGEHKDDB_00950,GMGKJONF_01003,HLLCJJMH_00999,BMKFACGC_01617,FHDKMCMF_02145
group_1477,,hypothetical protein,10,10,1.0,1,2657,,,,567,567,567.0,JECDCPOO_00015,KDAEOHOB_00273,OPNKAGHI_00017,KAHEJOMD_00015,HMEEEBGO_01808,KGEHKDDB_00015,GMGKJONF_00016,HLLCJJMH_00015,BMKFACGC_00015,FHDKMCMF_00593
ssbA,ssbA,Single-stranded DNA-binding protein A,10,10,1.0,1,2656,,,,567,567,567.0,JECDCPOO_00008,KDAEOHOB_00266,OPNKAGHI_00009,KAHEJOMD_00008,HMEEEBGO_01815,KGEHKDDB_00008,GMGKJONF_00008,HLLCJJMH_00008,BMKFACGC_00008,FHDKMCMF_00600
group_1473,,putative HTH-type transcriptional regulator,10,10,1.0,1,2649,,,,570,570,570.0,JECDCPOO_02087,KDAEOHOB_02355,OPNKAGHI_00438,KAHEJOMD_02226,HMEEEBGO_02280,KGEHKDDB_02134,GMGKJONF_02190,HLLCJJMH_02187,BMKFACGC_02209,FHDKMCMF_01024
group_1472,,hypothetical protein,10,10,1.0,1,2648,,,,570,570,570.0,JECDCPOO_01220,KDAEOHOB_01481,OPNKAGHI_01397,KAHEJOMD_01353,HMEEEBGO_00463,KGEHKDDB_01206,GMGKJONF_01261,HLLCJJMH_01255,BMKFACGC_01372,FHDKMCMF_01886
group_1471,,hypothetical protein,10,10,1.0,1,2647,,,,570,570,570.0,JECDCPOO_00630,KDAEOHOB_00889,OPNKAGHI_02018,KAHEJOMD_00675,HMEEEBGO_01164,KGEHKDDB_00640,GMGKJONF_00667,HLLCJJMH_00681,BMKFACGC_00673,FHDKMCMF_02455
gmk_2,gmk_2,Guanylate kinase,10,10,1.0,1,2643,,,,573,573,573.0,JECDCPOO_01892,KDAEOHOB_02163,OPNKAGHI_00633,KAHEJOMD_02030,HMEEEBGO_02476,KGEHKDDB_01939,GMGKJONF_01991,HLLCJJMH_01985,BMKFACGC_02000,FHDKMCMF_01219
group_1468,,hypothetical protein,10,10,1.0,1,2642,,,,573,573,573.0,JECDCPOO_00751,KDAEOHOB_01015,OPNKAGHI_01889,KAHEJOMD_00803,HMEEEBGO_01038,KGEHKDDB_00761,GMGKJONF_00795,HLLCJJMH_00804,BMKFACGC_00806,FHDKMCMF_02334
rnmV,rnmV,Ribonuclease M5,10,10,1.0,1,2641,,,,573,573,573.0,JECDCPOO_00493,KDAEOHOB_00753,OPNKAGHI_02166,KAHEJOMD_00531,HMEEEBGO_01307,KGEHKDDB_00492,GMGKJONF_00526,HLLCJJMH_00537,BMKFACGC_00523,FHDKMCMF_00086
arlR_2~~~arlR_1,arlR_2;arlR_1,Response regulator ArlR,10,10,1.0,1,2639,,,,693,693,693.0,JECDCPOO_00383,KDAEOHOB_00640,OPNKAGHI_02270,KAHEJOMD_00414,HMEEEBGO_01420,KGEHKDDB_00380,GMGKJONF_00414,HLLCJJMH_00426,BMKFACGC_00419,FHDKMCMF_00199
pduO_2,pduO_2,Corrinoid adenosyltransferase PduO,10,10,1.0,1,2638,,,,576,576,576.0,JECDCPOO_01711,KDAEOHOB_01958,OPNKAGHI_00816,KAHEJOMD_01839,HMEEEBGO_02741,KGEHKDDB_01754,GMGKJONF_01810,HLLCJJMH_01795,BMKFACGC_01821,FHDKMCMF_01411
lemA,lemA,Protein LemA,10,10,1.0,1,2637,,,,576,576,576.0,JECDCPOO_00547,KDAEOHOB_00807,OPNKAGHI_02104,KAHEJOMD_00588,HMEEEBGO_01248,KGEHKDDB_00557,GMGKJONF_00583,HLLCJJMH_00594,BMKFACGC_00587,FHDKMCMF_00031
group_1466,,hypothetical protein,10,10,1.0,1,2636,,,,576,576,576.0,JECDCPOO_00141,KDAEOHOB_00397,OPNKAGHI_02537,KAHEJOMD_00164,HMEEEBGO_01676,KGEHKDDB_00135,GMGKJONF_00166,HLLCJJMH_00183,BMKFACGC_00154,FHDKMCMF_00444
group_1465,,hypothetical protein,10,10,1.0,1,2635,,,,576,576,576.0,JECDCPOO_00115,KDAEOHOB_00369,OPNKAGHI_02564,KAHEJOMD_00132,HMEEEBGO_01704,KGEHKDDB_00107,GMGKJONF_00135,HLLCJJMH_00153,BMKFACGC_00125,FHDKMCMF_00472
group_1458,,hypothetical protein,10,10,1.0,1,2628,,,,579,579,579.0,JECDCPOO_01872,KDAEOHOB_02144,OPNKAGHI_00653,KAHEJOMD_02011,HMEEEBGO_02495,KGEHKDDB_01920,GMGKJONF_01971,HLLCJJMH_01966,BMKFACGC_01981,FHDKMCMF_01238
xpt,xpt,Xanthine phosphoribosyltransferase,10,10,1.0,1,2627,,,,579,579,579.0,JECDCPOO_01736,KDAEOHOB_01983,OPNKAGHI_00791,KAHEJOMD_01864,HMEEEBGO_02716,KGEHKDDB_01779,GMGKJONF_01836,HLLCJJMH_01820,BMKFACGC_01846,FHDKMCMF_01385
fadR,fadR,Fatty acid metabolism regulator protein,10,10,1.0,1,2626,,,,579,579,579.0,JECDCPOO_00250,KDAEOHOB_00508,OPNKAGHI_02414,KAHEJOMD_00287,HMEEEBGO_01552,KGEHKDDB_00248,GMGKJONF_00283,HLLCJJMH_00293,BMKFACGC_00277,FHDKMCMF_00331
ffh,ffh,Signal recognition particle protein,10,10,1.0,1,2625,,,,1449,1449,1449.0,JECDCPOO_01069,KDAEOHOB_01343,OPNKAGHI_01552,KAHEJOMD_01210,HMEEEBGO_00603,KGEHKDDB_01068,GMGKJONF_01120,HLLCJJMH_01117,BMKFACGC_01489,FHDKMCMF_02027
kdgR_2~~~bhcR,kdgR_2;bhcR,HTH-type transcriptional regulator KdgR;HTH-type transcriptional regulator BhcR,10,10,1.0,1,2624,,,,759,759,759.0,JECDCPOO_00348,KDAEOHOB_00607,OPNKAGHI_02305,KAHEJOMD_00380,HMEEEBGO_01454,KGEHKDDB_00346,GMGKJONF_00379,HLLCJJMH_00392,BMKFACGC_00387,FHDKMCMF_00233
grpE,grpE,Protein GrpE,10,10,1.0,1,2611,,,,585,585,585.0,JECDCPOO_01341,KDAEOHOB_01680,OPNKAGHI_01274,KAHEJOMD_01490,HMEEEBGO_00260,KGEHKDDB_01414,GMGKJONF_01462,HLLCJJMH_01399,BMKFACGC_01233,FHDKMCMF_01758
tdk,tdk,Thymidine kinase,10,10,1.0,1,2610,,,,585,585,585.0,JECDCPOO_00794,KDAEOHOB_01075,OPNKAGHI_01835,KAHEJOMD_00936,HMEEEBGO_00965,KGEHKDDB_00799,GMGKJONF_00849,HLLCJJMH_00847,BMKFACGC_00872,FHDKMCMF_02296
spsB_2,spsB_2,Signal peptidase IB,10,10,1.0,1,2608,,,,588,588,588.0,JECDCPOO_02488,KDAEOHOB_00243,OPNKAGHI_02640,KAHEJOMD_02612,HMEEEBGO_01839,KGEHKDDB_02531,GMGKJONF_02566,HLLCJJMH_02628,BMKFACGC_02608,FHDKMCMF_00624
pgsA,pgsA,CDP-diacylglycerol--glycerol-3-phosphate 3-phosphatidyltransferase,10,10,1.0,1,2607,,,,588,588,588.0,JECDCPOO_00846,KDAEOHOB_01127,OPNKAGHI_01782,KAHEJOMD_00990,HMEEEBGO_00913,KGEHKDDB_00851,GMGKJONF_00901,HLLCJJMH_00900,BMKFACGC_00926,FHDKMCMF_02244
uxaC_2,uxaC_2,Uronate isomerase,10,10,1.0,1,2604,,,,1461,1461,1461.0,JECDCPOO_00171,KDAEOHOB_00427,OPNKAGHI_02503,KAHEJOMD_00206,HMEEEBGO_01632,KGEHKDDB_00169,GMGKJONF_00194,HLLCJJMH_00213,BMKFACGC_00191,FHDKMCMF_00410
group_1444,,hypothetical protein,10,10,1.0,1,2603,,,,591,591,591.0,JECDCPOO_00090,KDAEOHOB_00343,OPNKAGHI_00102,KAHEJOMD_00109,HMEEEBGO_01729,KGEHKDDB_00085,GMGKJONF_00112,HLLCJJMH_00130,BMKFACGC_00104,FHDKMCMF_00494
group_1440,,hypothetical protein,10,10,1.0,1,2599,,,,495,498,497.4,JECDCPOO_02248,KDAEOHOB_02493,OPNKAGHI_00289,KAHEJOMD_02377,HMEEEBGO_02119,KGEHKDDB_02269,GMGKJONF_02334,HLLCJJMH_02358,BMKFACGC_02344,FHDKMCMF_00886
fetA,fetA,putative iron export ATP-binding protein FetA,10,10,1.0,1,2593,,,,651,651,651.0,JECDCPOO_02246,KDAEOHOB_02491,OPNKAGHI_00291,KAHEJOMD_02375,HMEEEBGO_02121,KGEHKDDB_02267,GMGKJONF_02332,HLLCJJMH_02356,BMKFACGC_02342,FHDKMCMF_00888
engB,engB,putative GTP-binding protein EngB,10,10,1.0,1,2591,,,,594,594,594.0,JECDCPOO_01398,KDAEOHOB_01738,OPNKAGHI_01215,KAHEJOMD_01546,HMEEEBGO_00141,KGEHKDDB_01470,GMGKJONF_01519,HLLCJJMH_01570,BMKFACGC_01173,FHDKMCMF_01702
group_1434,,Bis(5'-nucleosyl)-tetraphosphatase symmetrical,10,10,1.0,1,2590,,,,594,594,594.0,JECDCPOO_00989,KDAEOHOB_01264,OPNKAGHI_01638,KAHEJOMD_01130,HMEEEBGO_00683,KGEHKDDB_00988,GMGKJONF_01041,HLLCJJMH_01037,BMKFACGC_01574,FHDKMCMF_02107
group_1433,,Putative peptidyl-prolyl cis-trans isomerase,10,10,1.0,1,2589,,,,594,594,594.0,JECDCPOO_00918,KDAEOHOB_01194,OPNKAGHI_01711,KAHEJOMD_01061,HMEEEBGO_00842,KGEHKDDB_00918,GMGKJONF_00971,HLLCJJMH_00967,BMKFACGC_01003,FHDKMCMF_02177
clpP,clpP,ATP-dependent Clp protease proteolytic subunit,10,10,1.0,1,2588,,,,597,597,597.0,JECDCPOO_00699,KDAEOHOB_00963,OPNKAGHI_01945,KAHEJOMD_00750,HMEEEBGO_01090,KGEHKDDB_00709,GMGKJONF_00742,HLLCJJMH_00751,BMKFACGC_00749,FHDKMCMF_02386
group_1430,,hypothetical protein,10,10,1.0,1,2585,,,,555,555,555.0,JECDCPOO_01826,KDAEOHOB_02093,OPNKAGHI_00703,KAHEJOMD_01954,HMEEEBGO_02624,KGEHKDDB_01865,GMGKJONF_01921,HLLCJJMH_01910,BMKFACGC_01933,FHDKMCMF_01297
yciB,yciB,Putative LD-transpeptidase YciB,10,10,1.0,1,2582,,,,600,600,600.0,JECDCPOO_01897,KDAEOHOB_02168,OPNKAGHI_00628,KAHEJOMD_02035,HMEEEBGO_02471,KGEHKDDB_01944,GMGKJONF_02000,HLLCJJMH_01990,BMKFACGC_02005,FHDKMCMF_01214
rdgB,rdgB,dITP/XTP pyrophosphatase,10,10,1.0,1,2581,,,,600,600,600.0,JECDCPOO_00872,KDAEOHOB_01153,OPNKAGHI_01754,KAHEJOMD_01016,HMEEEBGO_00887,KGEHKDDB_00877,GMGKJONF_00927,HLLCJJMH_00926,BMKFACGC_00952,FHDKMCMF_02218
recR,recR,Recombination protein RecR,10,10,1.0,1,2580,,,,600,600,600.0,JECDCPOO_00647,KDAEOHOB_00911,OPNKAGHI_02001,KAHEJOMD_00698,HMEEEBGO_01142,KGEHKDDB_00657,GMGKJONF_00690,HLLCJJMH_00699,BMKFACGC_00696,FHDKMCMF_02438
scpB,scpB,Segregation and condensation protein B,10,10,1.0,1,2573,,,,603,603,603.0,JECDCPOO_01279,KDAEOHOB_01543,OPNKAGHI_01336,KAHEJOMD_01429,HMEEEBGO_00401,KGEHKDDB_01272,GMGKJONF_01318,HLLCJJMH_01338,BMKFACGC_01300,FHDKMCMF_01818
group_1421,,hypothetical protein,10,10,1.0,1,2572,,,,603,603,603.0,JECDCPOO_01193,KDAEOHOB_01454,OPNKAGHI_01426,KAHEJOMD_01325,HMEEEBGO_00490,KGEHKDDB_01179,GMGKJONF_01234,HLLCJJMH_01228,BMKFACGC_01400,FHDKMCMF_01915
rpsD,rpsD,Small ribosomal subunit protein uS4,10,10,1.0,1,2568,,,,606,606,606.0,JECDCPOO_00826,KDAEOHOB_01107,OPNKAGHI_01802,KAHEJOMD_00970,HMEEEBGO_00933,KGEHKDDB_00831,GMGKJONF_00881,HLLCJJMH_00880,BMKFACGC_00906,FHDKMCMF_02264
ccpA_1,ccpA_1,Catabolite control protein A,10,10,1.0,1,2567,,,,1002,1002,1002.0,JECDCPOO_00887,KDAEOHOB_01163,OPNKAGHI_01744,KAHEJOMD_01031,HMEEEBGO_00872,KGEHKDDB_00888,GMGKJONF_00941,HLLCJJMH_00937,BMKFACGC_00969,FHDKMCMF_02207
group_1417,,hypothetical protein,10,10,1.0,1,2564,,,,609,609,609.0,JECDCPOO_00903,KDAEOHOB_01179,OPNKAGHI_01727,KAHEJOMD_01046,HMEEEBGO_00857,KGEHKDDB_00903,GMGKJONF_00956,HLLCJJMH_00952,BMKFACGC_00985,FHDKMCMF_02192
ruvA,ruvA,Holliday junction branch migration complex subunit RuvA,10,10,1.0,1,2563,,,,609,609,609.0,JECDCPOO_00854,KDAEOHOB_01135,OPNKAGHI_01773,KAHEJOMD_00998,HMEEEBGO_00905,KGEHKDDB_00859,GMGKJONF_00909,HLLCJJMH_00908,BMKFACGC_00934,FHDKMCMF_02236
rimI_1,rimI_1,[Ribosomal protein bS18]-alanine N-acetyltransferase,10,10,1.0,1,2562,,,,609,609,609.0,JECDCPOO_00656,KDAEOHOB_00920,OPNKAGHI_01992,KAHEJOMD_00707,HMEEEBGO_01133,KGEHKDDB_00666,GMGKJONF_00699,HLLCJJMH_00708,BMKFACGC_00705,FHDKMCMF_02429
group_1411,,hypothetical protein,10,10,1.0,1,2556,,,,612,612,612.0,JECDCPOO_00703,KDAEOHOB_00967,OPNKAGHI_01941,KAHEJOMD_00754,HMEEEBGO_01086,KGEHKDDB_00713,GMGKJONF_00746,HLLCJJMH_00755,BMKFACGC_00755,FHDKMCMF_02382
ppaX,ppaX,Pyrophosphatase PpaX,10,10,1.0,1,2555,,,,612,612,612.0,JECDCPOO_00602,KDAEOHOB_00861,OPNKAGHI_02048,KAHEJOMD_00644,HMEEEBGO_01192,KGEHKDDB_00612,GMGKJONF_00639,HLLCJJMH_00653,BMKFACGC_00645,FHDKMCMF_02483
dinB_2,dinB_2,DNA polymerase IV,10,10,1.0,1,2553,,,,1299,1299,1299.0,JECDCPOO_02239,KDAEOHOB_02484,OPNKAGHI_00299,KAHEJOMD_02368,HMEEEBGO_02128,KGEHKDDB_02259,GMGKJONF_02325,HLLCJJMH_02346,BMKFACGC_02333,FHDKMCMF_00896
gmk_1,gmk_1,Guanylate kinase,10,10,1.0,1,2548,,,,615,615,615.0,JECDCPOO_01048,KDAEOHOB_01322,OPNKAGHI_01575,KAHEJOMD_01189,HMEEEBGO_00624,KGEHKDDB_01047,GMGKJONF_01099,HLLCJJMH_01096,BMKFACGC_01511,FHDKMCMF_02048
group_1399,,hypothetical protein,10,10,1.0,1,2541,,,,1476,1476,1476.0,JECDCPOO_00331,KDAEOHOB_00590,OPNKAGHI_02322,KAHEJOMD_00363,HMEEEBGO_01472,KGEHKDDB_00329,GMGKJONF_00361,HLLCJJMH_00375,BMKFACGC_00363,FHDKMCMF_00250
group_1397,,hypothetical protein,10,10,1.0,1,2539,,,,618,618,618.0,JECDCPOO_01274,KDAEOHOB_01538,OPNKAGHI_01342,KAHEJOMD_01424,HMEEEBGO_00406,KGEHKDDB_01267,GMGKJONF_01313,HLLCJJMH_01333,BMKFACGC_01305,FHDKMCMF_01823
yjmB,yjmB,putative symporter YjmB,10,10,1.0,1,2536,,,,1479,1479,1479.0,JECDCPOO_00169,KDAEOHOB_00425,OPNKAGHI_02505,KAHEJOMD_00204,HMEEEBGO_01634,KGEHKDDB_00167,GMGKJONF_00192,HLLCJJMH_00211,BMKFACGC_00189,FHDKMCMF_00412
argO,argO,Arginine exporter protein ArgO,10,10,1.0,1,2534,,,,618,618,618.0,JECDCPOO_00060,KDAEOHOB_00313,OPNKAGHI_00070,KAHEJOMD_00075,HMEEEBGO_01759,KGEHKDDB_00055,GMGKJONF_00080,HLLCJJMH_00100,BMKFACGC_00068,FHDKMCMF_00524
rhaS~~~rhaS_2,rhaS;rhaS_2,HTH-type transcriptional activator RhaS,10,10,1.0,1,2527,,,,861,861,861.0,JECDCPOO_00425,KDAEOHOB_00683,OPNKAGHI_02226,KAHEJOMD_00461,HMEEEBGO_01377,KGEHKDDB_00422,GMGKJONF_00457,HLLCJJMH_00468,BMKFACGC_00463,FHDKMCMF_00157
group_1388,,hypothetical protein,10,10,1.0,1,2525,,,,624,624,624.0,JECDCPOO_01918,KDAEOHOB_02188,OPNKAGHI_00610,KAHEJOMD_02055,HMEEEBGO_02451,KGEHKDDB_01965,GMGKJONF_02020,HLLCJJMH_02011,BMKFACGC_02025,FHDKMCMF_01194
rplD,rplD,Large ribosomal subunit protein uL4,10,10,1.0,1,2524,,,,624,624,624.0,JECDCPOO_01802,KDAEOHOB_02069,OPNKAGHI_00728,KAHEJOMD_01929,HMEEEBGO_02648,KGEHKDDB_01841,GMGKJONF_01897,HLLCJJMH_01886,BMKFACGC_01909,FHDKMCMF_01322
rmpA,rmpA,3-hexulose-6-phosphate synthase,10,10,1.0,1,2523,,,,624,624,624.0,JECDCPOO_00478,KDAEOHOB_00737,OPNKAGHI_02182,KAHEJOMD_00515,HMEEEBGO_01323,KGEHKDDB_00476,GMGKJONF_00511,HLLCJJMH_00521,BMKFACGC_00508,FHDKMCMF_00102
group_1387,,hypothetical protein,10,10,1.0,1,2522,,,,624,624,624.0,JECDCPOO_00214,KDAEOHOB_00470,OPNKAGHI_02457,KAHEJOMD_00252,HMEEEBGO_01588,KGEHKDDB_00213,GMGKJONF_00239,HLLCJJMH_00257,BMKFACGC_00235,FHDKMCMF_00366
pduL_1,pduL_1,Phosphate propanoyltransferase,10,10,1.0,1,2514,,,,627,627,627.0,JECDCPOO_01714,KDAEOHOB_01961,OPNKAGHI_00813,KAHEJOMD_01842,HMEEEBGO_02738,KGEHKDDB_01757,GMGKJONF_01813,HLLCJJMH_01798,BMKFACGC_01824,FHDKMCMF_01408
opuCB,opuCB,Carnitine transport permease protein OpuCB,10,10,1.0,1,2513,,,,627,627,627.0,JECDCPOO_00319,KDAEOHOB_00578,OPNKAGHI_02334,KAHEJOMD_00351,HMEEEBGO_01484,KGEHKDDB_00317,GMGKJONF_00349,HLLCJJMH_00363,BMKFACGC_00351,FHDKMCMF_00262
lpa,lpa,Lipoamidase,10,10,1.0,1,2509,,,,1488,1488,1488.0,JECDCPOO_01440,KDAEOHOB_01780,OPNKAGHI_01172,KAHEJOMD_01589,HMEEEBGO_00098,KGEHKDDB_01512,GMGKJONF_01561,HLLCJJMH_01612,BMKFACGC_01129,FHDKMCMF_01660
coaE,coaE,Dephospho-CoA kinase,10,10,1.0,1,2508,,,,630,630,630.0,JECDCPOO_00976,KDAEOHOB_01251,OPNKAGHI_01651,KAHEJOMD_01118,HMEEEBGO_00696,KGEHKDDB_00975,GMGKJONF_01028,HLLCJJMH_01024,BMKFACGC_01590,FHDKMCMF_02120
group_1380,,hypothetical protein,10,10,1.0,1,2507,,,,501,501,501.0,JECDCPOO_02338,KDAEOHOB_00088,OPNKAGHI_00198,KAHEJOMD_02457,HMEEEBGO_01987,KGEHKDDB_02365,GMGKJONF_02409,HLLCJJMH_02444,BMKFACGC_02427,FHDKMCMF_00800
upp,upp,Uracil phosphoribosyltransferase,10,10,1.0,1,2506,,,,630,630,630.0,JECDCPOO_00799,KDAEOHOB_01080,OPNKAGHI_01830,KAHEJOMD_00941,HMEEEBGO_00960,KGEHKDDB_00804,GMGKJONF_00854,HLLCJJMH_00852,BMKFACGC_00878,FHDKMCMF_02291
group_1377,,hypothetical protein,10,10,1.0,1,2502,,,,633,633,633.0,JECDCPOO_02310,KDAEOHOB_00055,OPNKAGHI_00222,KAHEJOMD_02429,HMEEEBGO_02020,KGEHKDDB_02337,GMGKJONF_02379,HLLCJJMH_02415,BMKFACGC_02398,FHDKMCMF_00829
group_1376,,Deoxyguanosine kinase,10,10,1.0,1,2501,,,,633,633,633.0,JECDCPOO_01824,KDAEOHOB_02091,OPNKAGHI_00705,KAHEJOMD_01952,HMEEEBGO_02626,KGEHKDDB_01863,GMGKJONF_01919,HLLCJJMH_01908,BMKFACGC_01931,FHDKMCMF_01299
nadD,nadD,Nicotinate-nucleotide adenylyltransferase,10,10,1.0,1,2499,,,,633,633,633.0,JECDCPOO_00988,KDAEOHOB_01263,OPNKAGHI_01639,KAHEJOMD_01129,HMEEEBGO_00684,KGEHKDDB_00987,GMGKJONF_01040,HLLCJJMH_01036,BMKFACGC_01575,FHDKMCMF_02108
spsB_1,spsB_1,Signal peptidase IB,10,10,1.0,1,2497,,,,585,585,585.0,JECDCPOO_00307,KDAEOHOB_00566,OPNKAGHI_02348,KAHEJOMD_00339,HMEEEBGO_01496,KGEHKDDB_00305,GMGKJONF_00336,HLLCJJMH_00351,BMKFACGC_00339,FHDKMCMF_00274
gltX_2,gltX_2,Glutamate--tRNA ligase,10,10,1.0,1,2495,,,,1491,1491,1491.0,JECDCPOO_00625,KDAEOHOB_00884,OPNKAGHI_02023,KAHEJOMD_00670,HMEEEBGO_01169,KGEHKDDB_00635,GMGKJONF_00662,HLLCJJMH_00676,BMKFACGC_00668,FHDKMCMF_02460
group_1373,,hypothetical protein,10,10,1.0,1,2494,,,,753,753,753.0,JECDCPOO_00305,KDAEOHOB_00564,OPNKAGHI_02350,KAHEJOMD_00337,HMEEEBGO_01498,KGEHKDDB_00303,GMGKJONF_00334,HLLCJJMH_00349,BMKFACGC_00337,FHDKMCMF_00276
glnQ_2,glnQ_2,Glutamine transport ATP-binding protein GlnQ,10,10,1.0,1,2491,,,,636,636,636.0,JECDCPOO_00841,KDAEOHOB_01122,OPNKAGHI_01787,KAHEJOMD_00985,HMEEEBGO_00918,KGEHKDDB_00846,GMGKJONF_00896,HLLCJJMH_00895,BMKFACGC_00921,FHDKMCMF_02249
group_1370,,hypothetical protein,10,10,1.0,1,2489,,,,636,636,636.0,JECDCPOO_00070,KDAEOHOB_00323,OPNKAGHI_00080,KAHEJOMD_00085,HMEEEBGO_01749,KGEHKDDB_00065,GMGKJONF_00090,HLLCJJMH_00110,BMKFACGC_00080,FHDKMCMF_00514
group_1364,,hypothetical protein,10,10,1.0,1,2483,,,,639,639,639.0,JECDCPOO_02098,KDAEOHOB_02366,OPNKAGHI_00427,KAHEJOMD_02237,HMEEEBGO_02269,KGEHKDDB_02145,GMGKJONF_02201,HLLCJJMH_02198,BMKFACGC_02224,FHDKMCMF_01010
glnM,glnM,putative glutamine ABC transporter permease protein GlnM,10,10,1.0,1,2482,,,,639,639,639.0,JECDCPOO_01886,KDAEOHOB_02157,OPNKAGHI_00639,KAHEJOMD_02024,HMEEEBGO_02482,KGEHKDDB_01933,GMGKJONF_01985,HLLCJJMH_01979,BMKFACGC_01994,FHDKMCMF_01225
spxH,spxH,ClpXP adapter protein SpxH,10,10,1.0,1,2481,,,,639,639,639.0,JECDCPOO_01487,KDAEOHOB_01828,OPNKAGHI_01112,KAHEJOMD_01637,HMEEEBGO_00050,KGEHKDDB_01560,GMGKJONF_01610,HLLCJJMH_01661,BMKFACGC_01081,FHDKMCMF_01612
rex,rex,Redox-sensing transcriptional repressor Rex,10,10,1.0,1,2480,,,,639,639,639.0,JECDCPOO_00661,KDAEOHOB_00925,OPNKAGHI_01986,KAHEJOMD_00712,HMEEEBGO_01128,KGEHKDDB_00671,GMGKJONF_00704,HLLCJJMH_00713,BMKFACGC_00710,FHDKMCMF_02424
group_1363,,hypothetical protein,10,10,1.0,1,2479,,,,639,639,639.0,JECDCPOO_00466,KDAEOHOB_00725,OPNKAGHI_02195,KAHEJOMD_00503,HMEEEBGO_01335,KGEHKDDB_00464,GMGKJONF_00499,HLLCJJMH_00509,BMKFACGC_00494,FHDKMCMF_00114
group_1362,,hypothetical protein,10,10,1.0,1,2478,,,,639,639,639.0,JECDCPOO_00269,KDAEOHOB_00527,OPNKAGHI_02396,KAHEJOMD_00301,HMEEEBGO_01533,KGEHKDDB_00267,GMGKJONF_00297,HLLCJJMH_00312,BMKFACGC_00299,FHDKMCMF_00312
lysP,lysP,Lysine-specific permease LysP,10,10,1.0,1,2477,,,,1500,1500,1500.0,JECDCPOO_01825,KDAEOHOB_02092,OPNKAGHI_00704,KAHEJOMD_01953,HMEEEBGO_02625,KGEHKDDB_01864,GMGKJONF_01920,HLLCJJMH_01909,BMKFACGC_01932,FHDKMCMF_01298
group_1361,,hypothetical protein,10,10,1.0,1,2476,,,,420,420,420.0,JECDCPOO_00338,KDAEOHOB_00597,OPNKAGHI_02315,KAHEJOMD_00370,HMEEEBGO_01465,KGEHKDDB_00336,GMGKJONF_00369,HLLCJJMH_00382,BMKFACGC_00370,FHDKMCMF_00243
plsC,plsC,1-acyl-sn-glycerol-3-phosphate acyltransferase,10,10,1.0,1,2473,,,,642,642,642.0,JECDCPOO_01366,KDAEOHOB_01705,OPNKAGHI_01249,KAHEJOMD_01515,HMEEEBGO_00235,KGEHKDDB_01439,GMGKJONF_01487,HLLCJJMH_01424,BMKFACGC_01206,FHDKMCMF_01733
pgpB,pgpB,Phosphatidylglycerophosphatase B,10,10,1.0,1,2472,,,,642,642,642.0,JECDCPOO_00951,KDAEOHOB_01227,OPNKAGHI_01678,KAHEJOMD_01094,HMEEEBGO_00720,KGEHKDDB_00951,GMGKJONF_01004,HLLCJJMH_01000,BMKFACGC_01616,FHDKMCMF_02144
artQ,artQ,Arginine transport system permease protein ArtQ,10,10,1.0,1,2471,,,,642,642,642.0,JECDCPOO_00840,KDAEOHOB_01121,OPNKAGHI_01788,KAHEJOMD_00984,HMEEEBGO_00919,KGEHKDDB_00845,GMGKJONF_00895,HLLCJJMH_00894,BMKFACGC_00920,FHDKMCMF_02250
yfbR,yfbR,5'-deoxynucleotidase YfbR,10,10,1.0,1,2470,,,,642,642,642.0,JECDCPOO_00691,KDAEOHOB_00955,OPNKAGHI_01953,KAHEJOMD_00742,HMEEEBGO_01098,KGEHKDDB_00701,GMGKJONF_00734,HLLCJJMH_00743,BMKFACGC_00741,FHDKMCMF_02394
group_1358,,hypothetical protein,10,10,1.0,1,2469,,,,642,642,642.0,JECDCPOO_00557,KDAEOHOB_00817,OPNKAGHI_02094,KAHEJOMD_00598,HMEEEBGO_01238,KGEHKDDB_00567,GMGKJONF_00593,HLLCJJMH_00604,BMKFACGC_00597,FHDKMCMF_00020
gadC_1,gadC_1,Glutamate/gamma-aminobutyrate antiporter,10,10,1.0,1,2468,,,,1506,1506,1506.0,JECDCPOO_00091,KDAEOHOB_00344,OPNKAGHI_00103,KAHEJOMD_00110,HMEEEBGO_01728,KGEHKDDB_00086,GMGKJONF_00113,HLLCJJMH_00131,BMKFACGC_00105,FHDKMCMF_00493
baiA,baiA,3alpha-hydroxysteroid dehydrogenase,10,10,1.0,1,2467,,,,717,726,717.9,JECDCPOO_00400,KDAEOHOB_00657,OPNKAGHI_02251,KAHEJOMD_00431,HMEEEBGO_01403,KGEHKDDB_00397,GMGKJONF_00432,HLLCJJMH_00443,BMKFACGC_00438,FHDKMCMF_00182
group_1357,,Oligosaccharide 4-alpha-D-glucosyltransferase,10,10,1.0,1,2466,,,,2496,2496,2496.0,JECDCPOO_00158,KDAEOHOB_00414,OPNKAGHI_02516,KAHEJOMD_00184,HMEEEBGO_01653,KGEHKDDB_00156,GMGKJONF_00181,HLLCJJMH_00200,BMKFACGC_00170,FHDKMCMF_00423
galE,galE,UDP-glucose 4-epimerase,10,10,1.0,1,2465,,,,1005,1005,1005.0,JECDCPOO_02017,KDAEOHOB_02283,OPNKAGHI_00512,KAHEJOMD_02154,HMEEEBGO_02351,KGEHKDDB_02063,GMGKJONF_02117,HLLCJJMH_02116,BMKFACGC_02136,FHDKMCMF_01094
indB,indB,putative phosphatase IndB,10,10,1.0,1,2463,,,,645,645,645.0,JECDCPOO_02485,KDAEOHOB_00240,OPNKAGHI_02637,KAHEJOMD_02609,HMEEEBGO_01842,KGEHKDDB_02528,GMGKJONF_02563,HLLCJJMH_02625,BMKFACGC_02605,FHDKMCMF_00627
pdeK_1,pdeK_1,putative cyclic di-GMP phosphodiesterase PdeK,10,10,1.0,1,2458,,,,648,648,648.0,JECDCPOO_00609,KDAEOHOB_00868,OPNKAGHI_02041,KAHEJOMD_00651,HMEEEBGO_01185,KGEHKDDB_00619,GMGKJONF_00646,HLLCJJMH_00660,BMKFACGC_00652,FHDKMCMF_02476
nnr,nnr,Bifunctional NAD(P)H-hydrate repair enzyme Nnr,10,10,1.0,1,2457,,,,648,648,648.0,JECDCPOO_02283,KDAEOHOB_00035,OPNKAGHI_00258,KAHEJOMD_02409,HMEEEBGO_02047,KGEHKDDB_02310,GMGKJONF_02359,HLLCJJMH_02388,BMKFACGC_02378,FHDKMCMF_00856
mntR,mntR,HTH-type transcriptional regulator MntR,10,10,1.0,1,2456,,,,648,648,648.0,JECDCPOO_01831,KDAEOHOB_02098,OPNKAGHI_00698,KAHEJOMD_01959,HMEEEBGO_02619,KGEHKDDB_01870,GMGKJONF_01926,HLLCJJMH_01915,BMKFACGC_01938,FHDKMCMF_01292
xylB_2,xylB_2,Xylulose kinase,10,10,1.0,1,2455,,,,1509,1509,1509.0,JECDCPOO_00205,KDAEOHOB_00461,OPNKAGHI_02466,KAHEJOMD_00241,HMEEEBGO_01598,KGEHKDDB_00204,GMGKJONF_00230,HLLCJJMH_00248,BMKFACGC_00226,FHDKMCMF_00375
group_1352,,Deoxyguanosine kinase,10,10,1.0,1,2454,,,,648,648,648.0,JECDCPOO_01537,KDAEOHOB_01878,OPNKAGHI_01067,KAHEJOMD_01755,HMEEEBGO_02826,KGEHKDDB_01671,GMGKJONF_01725,HLLCJJMH_01712,BMKFACGC_01639,FHDKMCMF_01494
trmB,trmB,tRNA (guanine-N(7)-)-methyltransferase,10,10,1.0,1,2453,,,,648,648,648.0,JECDCPOO_01491,KDAEOHOB_01832,OPNKAGHI_01108,KAHEJOMD_01641,HMEEEBGO_00046,KGEHKDDB_01564,GMGKJONF_01614,HLLCJJMH_01665,BMKFACGC_01077,FHDKMCMF_01608
ywnA_4~~~ywnA_3,ywnA_4;ywnA_3,Putative HTH-type transcriptional regulator YwnA,10,10,1.0,1,2452,,,,435,435,435.0,JECDCPOO_02451,KDAEOHOB_00204,OPNKAGHI_02589,KAHEJOMD_02575,HMEEEBGO_01877,KGEHKDDB_02486,GMGKJONF_02527,HLLCJJMH_02577,BMKFACGC_02562,FHDKMCMF_00670
group_1351,,hypothetical protein,10,11,1.1,1,2451,,,,246,741,669.2727272727273,JECDCPOO_00399,KDAEOHOB_00656,OPNKAGHI_02252,KAHEJOMD_00430,HMEEEBGO_01404,KGEHKDDB_00396,GMGKJONF_00431,HLLCJJMH_00442,BMKFACGC_00437;BMKFACGC_00436,FHDKMCMF_00183
nth_1,nth_1,Endonuclease III,10,10,1.0,1,2450,,,,648,648,648.0,JECDCPOO_00258,KDAEOHOB_00516,OPNKAGHI_02406,KAHEJOMD_00295,HMEEEBGO_01544,KGEHKDDB_00256,GMGKJONF_00291,HLLCJJMH_00301,BMKFACGC_00285,FHDKMCMF_00323
cca,cca,CCA-adding enzyme,10,10,1.0,1,2449,,,,1194,1194,1194.0,JECDCPOO_01267,KDAEOHOB_01531,OPNKAGHI_01349,KAHEJOMD_01417,HMEEEBGO_00413,KGEHKDDB_01260,GMGKJONF_01306,HLLCJJMH_01326,BMKFACGC_01312,FHDKMCMF_01830
group_1350,,hypothetical protein,10,10,1.0,1,2447,,,,372,372,372.0,JECDCPOO_00299,KDAEOHOB_00558,OPNKAGHI_02358,KAHEJOMD_00331,HMEEEBGO_01504,KGEHKDDB_00297,GMGKJONF_00327,HLLCJJMH_00343,BMKFACGC_00331,FHDKMCMF_00282
group_1349,,hypothetical protein,10,10,1.0,1,2445,,,,651,651,651.0,JECDCPOO_02447,KDAEOHOB_00200,OPNKAGHI_02585,KAHEJOMD_02571,HMEEEBGO_01881,KGEHKDDB_02482,GMGKJONF_02523,HLLCJJMH_02573,BMKFACGC_02558,FHDKMCMF_00674
aqpZ2,aqpZ2,Aquaporin Z 2,10,10,1.0,1,2444,,,,651,651,651.0,JECDCPOO_02129,KDAEOHOB_02376,OPNKAGHI_00421,KAHEJOMD_02247,HMEEEBGO_02259,KGEHKDDB_02155,GMGKJONF_02211,HLLCJJMH_02209,BMKFACGC_02234,FHDKMCMF_01000
gpmA_4,gpmA_4,23-bisphosphoglycerate-dependent phosphoglycerate mutase,10,10,1.0,1,2442,,,,651,651,651.0,JECDCPOO_01876,KDAEOHOB_02148,OPNKAGHI_00649,KAHEJOMD_02015,HMEEEBGO_02491,KGEHKDDB_01924,GMGKJONF_01975,HLLCJJMH_01970,BMKFACGC_01985,FHDKMCMF_01234
rplC,rplC,Large ribosomal subunit protein uL3,10,10,1.0,1,2441,,,,651,651,651.0,JECDCPOO_01803,KDAEOHOB_02070,OPNKAGHI_00727,KAHEJOMD_01930,HMEEEBGO_02647,KGEHKDDB_01842,GMGKJONF_01898,HLLCJJMH_01887,BMKFACGC_01910,FHDKMCMF_01321
group_1347,,hypothetical protein,10,10,1.0,1,2439,,,,651,651,651.0,JECDCPOO_00240,KDAEOHOB_00498,OPNKAGHI_02421,KAHEJOMD_00277,HMEEEBGO_01562,KGEHKDDB_00237,GMGKJONF_00273,HLLCJJMH_00283,BMKFACGC_00265,FHDKMCMF_00341
mreB,mreB,Cell shape-determining protein MreB,10,10,1.0,1,2438,,,,1005,1005,1005.0,JECDCPOO_00835,KDAEOHOB_01116,OPNKAGHI_01793,KAHEJOMD_00979,HMEEEBGO_00924,KGEHKDDB_00840,GMGKJONF_00890,HLLCJJMH_00889,BMKFACGC_00915,FHDKMCMF_02255
tenA,tenA,Aminopyrimidine aminohydrolase,10,10,1.0,1,2435,,,,654,654,654.0,JECDCPOO_01949,KDAEOHOB_02219,OPNKAGHI_00574,KAHEJOMD_02086,HMEEEBGO_02420,KGEHKDDB_01996,GMGKJONF_02051,HLLCJJMH_02042,BMKFACGC_02060,FHDKMCMF_01163
ykoC,ykoC,Putative HMP/thiamine permease protein YkoC,10,10,1.0,1,2434,,,,654,654,654.0,JECDCPOO_01948,KDAEOHOB_02218,OPNKAGHI_00575,KAHEJOMD_02085,HMEEEBGO_02421,KGEHKDDB_01995,GMGKJONF_02050,HLLCJJMH_02041,BMKFACGC_02059,FHDKMCMF_01164
rpe,rpe,Ribulose-phosphate 3-epimerase,10,10,1.0,1,2433,,,,654,654,654.0,JECDCPOO_01057,KDAEOHOB_01331,OPNKAGHI_01565,KAHEJOMD_01198,HMEEEBGO_00615,KGEHKDDB_01056,GMGKJONF_01108,HLLCJJMH_01105,BMKFACGC_01502,FHDKMCMF_02039
glnP,glnP,putative glutamine ABC transporter permease protein GlnP,10,10,1.0,1,2430,,,,657,657,657.0,JECDCPOO_01885,KDAEOHOB_02156,OPNKAGHI_00640,KAHEJOMD_02023,HMEEEBGO_02483,KGEHKDDB_01932,GMGKJONF_01984,HLLCJJMH_01978,BMKFACGC_01993,FHDKMCMF_01226
pspA,pspA,Phosphoserine phosphatase 1,10,10,1.0,1,2429,,,,657,657,657.0,JECDCPOO_01447,KDAEOHOB_01787,OPNKAGHI_01165,KAHEJOMD_01596,HMEEEBGO_00091,KGEHKDDB_01519,GMGKJONF_01568,HLLCJJMH_01619,BMKFACGC_01122,FHDKMCMF_01653
group_1344,,hypothetical protein,10,10,1.0,1,2428,,,,657,657,657.0,JECDCPOO_00225,KDAEOHOB_00481,OPNKAGHI_02443,KAHEJOMD_00263,HMEEEBGO_01577,KGEHKDDB_00224,GMGKJONF_00257,HLLCJJMH_00269,BMKFACGC_00246,FHDKMCMF_00355
yedJ,yedJ,putative protein YedJ,10,10,1.0,1,2427,,,,657,657,657.0,JECDCPOO_00154,KDAEOHOB_00410,OPNKAGHI_02521,KAHEJOMD_00180,HMEEEBGO_01657,KGEHKDDB_00152,GMGKJONF_00177,HLLCJJMH_00196,BMKFACGC_00166,FHDKMCMF_00427
rpsC,rpsC,Small ribosomal subunit protein uS3,10,10,1.0,1,2423,,,,660,660,660.0,JECDCPOO_01797,KDAEOHOB_02064,OPNKAGHI_00733,KAHEJOMD_01924,HMEEEBGO_02653,KGEHKDDB_01836,GMGKJONF_01892,HLLCJJMH_01881,BMKFACGC_01904,FHDKMCMF_01327
adk,adk,Adenylate kinase,10,10,1.0,1,2422,,,,660,660,660.0,JECDCPOO_01783,KDAEOHOB_02050,OPNKAGHI_00747,KAHEJOMD_01910,HMEEEBGO_02667,KGEHKDDB_01822,GMGKJONF_01878,HLLCJJMH_01867,BMKFACGC_01889,FHDKMCMF_01341
yjbM,yjbM,GTP pyrophosphokinase YjbM,10,10,1.0,1,2421,,,,660,660,660.0,JECDCPOO_01486,KDAEOHOB_01827,OPNKAGHI_01113,KAHEJOMD_01636,HMEEEBGO_00051,KGEHKDDB_01559,GMGKJONF_01609,HLLCJJMH_01660,BMKFACGC_01082,FHDKMCMF_01613
tmk,tmk,Thymidylate kinase,10,10,1.0,1,2420,,,,660,660,660.0,JECDCPOO_00649,KDAEOHOB_00913,OPNKAGHI_01999,KAHEJOMD_00700,HMEEEBGO_01140,KGEHKDDB_00659,GMGKJONF_00692,HLLCJJMH_00701,BMKFACGC_00698,FHDKMCMF_02436
group_1341,,putative ABC transporter ATP-binding protein,10,10,1.0,1,2419,,,,660,660,660.0,JECDCPOO_00332,KDAEOHOB_00591,OPNKAGHI_02321,KAHEJOMD_00364,HMEEEBGO_01471,KGEHKDDB_00330,GMGKJONF_00362,HLLCJJMH_00376,BMKFACGC_00364,FHDKMCMF_00249
group_1337,,hypothetical protein,10,10,1.0,1,2414,,,,186,252,238.5,JECDCPOO_02013,KDAEOHOB_02280,OPNKAGHI_00515,KAHEJOMD_02151,HMEEEBGO_02354,KGEHKDDB_02060,GMGKJONF_02113,HLLCJJMH_02113,BMKFACGC_02133,FHDKMCMF_01097
gpmA_5,gpmA_5,23-bisphosphoglycerate-dependent phosphoglycerate mutase,10,10,1.0,1,2413,,,,663,663,663.0,JECDCPOO_01929,KDAEOHOB_02199,OPNKAGHI_00595,KAHEJOMD_02066,HMEEEBGO_02440,KGEHKDDB_01976,GMGKJONF_02031,HLLCJJMH_02022,BMKFACGC_02038,FHDKMCMF_01183
ktrC,ktrC,Ktr system potassium uptake protein C,10,10,1.0,1,2412,,,,663,663,663.0,JECDCPOO_01769,KDAEOHOB_02036,OPNKAGHI_00761,KAHEJOMD_01896,HMEEEBGO_02681,KGEHKDDB_01808,GMGKJONF_01864,HLLCJJMH_01853,BMKFACGC_01874,FHDKMCMF_01355
gpmA_3,gpmA_3,23-bisphosphoglycerate-dependent phosphoglycerate mutase,10,10,1.0,1,2411,,,,663,663,663.0,JECDCPOO_01377,KDAEOHOB_01715,OPNKAGHI_01238,KAHEJOMD_01525,HMEEEBGO_00225,KGEHKDDB_01449,GMGKJONF_01498,HLLCJJMH_01434,BMKFACGC_01196,FHDKMCMF_01723
group_1336,,hypothetical protein,10,10,1.0,1,2410,,,,663,663,663.0,JECDCPOO_00905,KDAEOHOB_01181,OPNKAGHI_01725,KAHEJOMD_01048,HMEEEBGO_00855,KGEHKDDB_00905,GMGKJONF_00958,HLLCJJMH_00954,BMKFACGC_00987,FHDKMCMF_02190
pdeG,pdeG,putative cyclic di-GMP phosphodiesterase PdeG,10,10,1.0,1,2409,,,,663,663,663.0,JECDCPOO_00785,KDAEOHOB_01066,OPNKAGHI_01845,KAHEJOMD_00926,HMEEEBGO_00974,KGEHKDDB_00790,GMGKJONF_00840,HLLCJJMH_00838,BMKFACGC_00861,FHDKMCMF_02305
opuCD,opuCD,Glycine betaine/carnitine/choline transport system permease protein OpuCD,10,10,1.0,1,2408,,,,663,663,663.0,JECDCPOO_00317,KDAEOHOB_00576,OPNKAGHI_02336,KAHEJOMD_00349,HMEEEBGO_01486,KGEHKDDB_00315,GMGKJONF_00347,HLLCJJMH_00361,BMKFACGC_00349,FHDKMCMF_00264
gpmA_1,gpmA_1,23-bisphosphoglycerate-dependent phosphoglycerate mutase,10,10,1.0,1,2407,,,,663,663,663.0,JECDCPOO_00162,KDAEOHOB_00418,OPNKAGHI_02512,KAHEJOMD_00197,HMEEEBGO_01641,KGEHKDDB_00160,GMGKJONF_00185,HLLCJJMH_00204,BMKFACGC_00182,FHDKMCMF_00419
group_1334,,hypothetical protein,10,11,1.1,1,2405,,,,885,2118,1913.1818181818182,JECDCPOO_00398,KDAEOHOB_00655,OPNKAGHI_02253,KAHEJOMD_00429,HMEEEBGO_01405,KGEHKDDB_00395,GMGKJONF_00430;GMGKJONF_00429,HLLCJJMH_00441,BMKFACGC_00435,FHDKMCMF_00184
dedA,dedA,DedA family protein,10,10,1.0,1,2401,,,,666,666,666.0,JECDCPOO_00916,KDAEOHOB_01192,OPNKAGHI_01713,KAHEJOMD_01059,HMEEEBGO_00844,KGEHKDDB_00916,GMGKJONF_00969,HLLCJJMH_00965,BMKFACGC_01001,FHDKMCMF_02179
group_1329,,hypothetical protein,10,11,1.1,1,2398,,,,246,606,552.0,JECDCPOO_01812,KDAEOHOB_02079,OPNKAGHI_00717,KAHEJOMD_01939,HMEEEBGO_02638,KGEHKDDB_01851,GMGKJONF_01907,HLLCJJMH_01896,BMKFACGC_01919,FHDKMCMF_01312;FHDKMCMF_01311
group_1327,,hypothetical protein,10,10,1.0,1,2396,,,,762,843,825.6,JECDCPOO_00397,KDAEOHOB_00654,OPNKAGHI_02254,KAHEJOMD_00428,HMEEEBGO_01406,KGEHKDDB_00394,GMGKJONF_00428,HLLCJJMH_00440,BMKFACGC_00434,FHDKMCMF_00185
fra,fra,Intracellular iron chaperone frataxin,10,10,1.0,1,2393,,,,375,375,375.0,JECDCPOO_00208,KDAEOHOB_00464,OPNKAGHI_02463,KAHEJOMD_00245,HMEEEBGO_01594,KGEHKDDB_00207,GMGKJONF_00233,HLLCJJMH_00251,BMKFACGC_00229,FHDKMCMF_00372
group_1325,,hypothetical protein,10,10,1.0,1,2392,,,,672,672,672.0,JECDCPOO_02445,KDAEOHOB_00198,OPNKAGHI_02583,KAHEJOMD_02569,HMEEEBGO_01883,KGEHKDDB_02480,GMGKJONF_02521,HLLCJJMH_02571,BMKFACGC_02556,FHDKMCMF_00676
ycjU,ycjU,Beta-phosphoglucomutase,10,10,1.0,1,2391,,,,672,672,672.0,JECDCPOO_01535,KDAEOHOB_01876,OPNKAGHI_01069,KAHEJOMD_01753,HMEEEBGO_02828,KGEHKDDB_01669,GMGKJONF_01723,HLLCJJMH_01710,BMKFACGC_01637,FHDKMCMF_01496
minC,minC,septum site-determining protein MinC,10,10,1.0,1,2390,,,,672,672,672.0,JECDCPOO_00838,KDAEOHOB_01119,OPNKAGHI_01790,KAHEJOMD_00982,HMEEEBGO_00921,KGEHKDDB_00843,GMGKJONF_00893,HLLCJJMH_00892,BMKFACGC_00918,FHDKMCMF_02252
ywaC,ywaC,GTP pyrophosphokinase YwaC,10,10,1.0,1,2389,,,,672,672,672.0,JECDCPOO_00378,KDAEOHOB_00635,OPNKAGHI_02275,KAHEJOMD_00409,HMEEEBGO_01425,KGEHKDDB_00375,GMGKJONF_00409,HLLCJJMH_00421,BMKFACGC_00414,FHDKMCMF_00204
group_1324,,hypothetical protein,10,10,1.0,1,2388,,,,672,672,672.0,JECDCPOO_00181,KDAEOHOB_00437,OPNKAGHI_02493,KAHEJOMD_00216,HMEEEBGO_01622,KGEHKDDB_00179,GMGKJONF_00204,HLLCJJMH_00223,BMKFACGC_00201,FHDKMCMF_00400
udk,udk,Uridine kinase,10,10,1.0,1,2384,,,,675,675,675.0,JECDCPOO_01010,KDAEOHOB_01285,OPNKAGHI_01615,KAHEJOMD_01151,HMEEEBGO_00662,KGEHKDDB_01009,GMGKJONF_01062,HLLCJJMH_01058,BMKFACGC_01552,FHDKMCMF_02086
yeiL,yeiL,Regulatory protein YeiL,10,10,1.0,1,2378,,,,681,681,681.0,JECDCPOO_02354,KDAEOHOB_00105,OPNKAGHI_00185,KAHEJOMD_02474,HMEEEBGO_01968,KGEHKDDB_02381,GMGKJONF_02433,HLLCJJMH_02461,BMKFACGC_02448,FHDKMCMF_00783
metP,metP,Methionine import system permease protein MetP,10,10,1.0,1,2377,,,,681,681,681.0,JECDCPOO_02070,KDAEOHOB_02338,OPNKAGHI_00458,KAHEJOMD_02208,HMEEEBGO_02297,KGEHKDDB_02117,GMGKJONF_02173,HLLCJJMH_02170,BMKFACGC_02192,FHDKMCMF_01041
group_1317,,hypothetical protein,10,10,1.0,1,2376,,,,681,681,681.0,JECDCPOO_01531,KDAEOHOB_01872,OPNKAGHI_01073,KAHEJOMD_01749,HMEEEBGO_02832,KGEHKDDB_01665,GMGKJONF_01719,HLLCJJMH_01706,BMKFACGC_01633,FHDKMCMF_01500
group_1316,,hypothetical protein,10,10,1.0,1,2375,,,,681,681,681.0,JECDCPOO_01446,KDAEOHOB_01786,OPNKAGHI_01166,KAHEJOMD_01595,HMEEEBGO_00092,KGEHKDDB_01518,GMGKJONF_01567,HLLCJJMH_01618,BMKFACGC_01123,FHDKMCMF_01654
cmk,cmk,Cytidylate kinase,10,10,1.0,1,2374,,,,681,681,681.0,JECDCPOO_01273,KDAEOHOB_01537,OPNKAGHI_01343,KAHEJOMD_01423,HMEEEBGO_00407,KGEHKDDB_01266,GMGKJONF_01312,HLLCJJMH_01332,BMKFACGC_01306,FHDKMCMF_01824
gluP,gluP,Rhomboid protease GluP,10,10,1.0,1,2373,,,,681,681,681.0,JECDCPOO_01018,KDAEOHOB_01293,OPNKAGHI_01605,KAHEJOMD_01159,HMEEEBGO_00654,KGEHKDDB_01017,GMGKJONF_01070,HLLCJJMH_01066,BMKFACGC_01542,FHDKMCMF_02078
phoU,phoU,Phosphate-specific transport system accessory protein PhoU,10,10,1.0,1,2372,,,,681,681,681.0,JECDCPOO_00682,KDAEOHOB_00946,OPNKAGHI_01962,KAHEJOMD_00733,HMEEEBGO_01107,KGEHKDDB_00692,GMGKJONF_00725,HLLCJJMH_00734,BMKFACGC_00732,FHDKMCMF_02403
hrtA,hrtA,Putative hemin import ATP-binding protein HrtA,10,10,1.0,1,2364,,,,684,684,684.0,JECDCPOO_02362,KDAEOHOB_00113,OPNKAGHI_00178,KAHEJOMD_02482,HMEEEBGO_01960,KGEHKDDB_02389,GMGKJONF_02441,HLLCJJMH_02470,BMKFACGC_02459,FHDKMCMF_00775
group_1309,,hypothetical protein,10,10,1.0,1,2363,,,,684,684,684.0,JECDCPOO_00418,KDAEOHOB_00676,OPNKAGHI_02233,KAHEJOMD_00449,HMEEEBGO_01384,KGEHKDDB_00415,GMGKJONF_00450,HLLCJJMH_00461,BMKFACGC_00456,FHDKMCMF_00164
larR,larR,Lactate racemization regulatory protein,10,10,1.0,1,2357,,,,687,687,687.0,JECDCPOO_01967,KDAEOHOB_02237,OPNKAGHI_00556,KAHEJOMD_02104,HMEEEBGO_02402,KGEHKDDB_02014,GMGKJONF_02069,HLLCJJMH_02060,BMKFACGC_02079,FHDKMCMF_01145
rpiA,rpiA,Ribose-5-phosphate isomerase A,10,10,1.0,1,2355,,,,687,687,687.0,JECDCPOO_00620,KDAEOHOB_00879,OPNKAGHI_02028,KAHEJOMD_00665,HMEEEBGO_01174,KGEHKDDB_00630,GMGKJONF_00657,HLLCJJMH_00671,BMKFACGC_00663,FHDKMCMF_02465
group_1304,,hypothetical protein,10,10,1.0,1,2354,,,,690,690,690.0,JECDCPOO_01994,KDAEOHOB_02265,OPNKAGHI_00528,KAHEJOMD_02132,HMEEEBGO_02372,KGEHKDDB_02042,GMGKJONF_02100,HLLCJJMH_02090,BMKFACGC_02112,FHDKMCMF_01115
group_1300,,hypothetical protein,10,10,1.0,1,2350,,,,1542,1542,1542.0,JECDCPOO_00315,KDAEOHOB_00574,OPNKAGHI_02338,KAHEJOMD_00347,HMEEEBGO_01488,KGEHKDDB_00313,GMGKJONF_00345,HLLCJJMH_00359,BMKFACGC_00347,FHDKMCMF_00266
vanRc,vanRc,Regulatory protein VanRc,10,10,1.0,1,2348,,,,690,690,690.0,JECDCPOO_02201,KDAEOHOB_02447,OPNKAGHI_00336,KAHEJOMD_02334,HMEEEBGO_02163,KGEHKDDB_02222,GMGKJONF_02282,HLLCJJMH_02308,BMKFACGC_02295,FHDKMCMF_00931
xylB_1,xylB_1,Xylulose kinase,10,10,1.0,1,2346,,,,1542,1542,1542.0,JECDCPOO_00164,KDAEOHOB_00420,OPNKAGHI_02510,KAHEJOMD_00199,HMEEEBGO_01639,KGEHKDDB_00162,GMGKJONF_00187,HLLCJJMH_00206,BMKFACGC_00184,FHDKMCMF_00417
group_1297,,hypothetical protein,10,10,1.0,1,2345,,,,690,690,690.0,JECDCPOO_01900,KDAEOHOB_02171,OPNKAGHI_00624,KAHEJOMD_02038,HMEEEBGO_02468,KGEHKDDB_01947,GMGKJONF_02003,HLLCJJMH_01993,BMKFACGC_02008,FHDKMCMF_01211
deoC,deoC,Deoxyribose-phosphate aldolase,10,10,1.0,1,2344,,,,690,690,690.0,JECDCPOO_01701,KDAEOHOB_01948,OPNKAGHI_00826,KAHEJOMD_01829,HMEEEBGO_02751,KGEHKDDB_01744,GMGKJONF_01799,HLLCJJMH_01785,BMKFACGC_01810,FHDKMCMF_01421
tcyB,tcyB,L-cystine transport system permease protein TcyB,10,10,1.0,1,2343,,,,690,690,690.0,JECDCPOO_01442,KDAEOHOB_01782,OPNKAGHI_01170,KAHEJOMD_01591,HMEEEBGO_00096,KGEHKDDB_01514,GMGKJONF_01563,HLLCJJMH_01614,BMKFACGC_01127,FHDKMCMF_01658
rnc,rnc,Ribonuclease 3,10,10,1.0,1,2342,,,,690,690,690.0,JECDCPOO_01065,KDAEOHOB_01339,OPNKAGHI_01557,KAHEJOMD_01206,HMEEEBGO_00607,KGEHKDDB_01064,GMGKJONF_01116,HLLCJJMH_01113,BMKFACGC_01494,FHDKMCMF_02031
gpmA_6,gpmA_6,23-bisphosphoglycerate-dependent phosphoglycerate mutase,10,10,1.0,1,2336,,,,693,693,693.0,JECDCPOO_02187,KDAEOHOB_02433,OPNKAGHI_00350,KAHEJOMD_02320,HMEEEBGO_02177,KGEHKDDB_02208,GMGKJONF_02268,HLLCJJMH_02294,BMKFACGC_02281,FHDKMCMF_00945
group_1292,,hypothetical protein,10,10,1.0,1,2335,,,,693,693,693.0,JECDCPOO_01988,KDAEOHOB_02259,OPNKAGHI_00534,KAHEJOMD_02126,HMEEEBGO_02378,KGEHKDDB_02036,GMGKJONF_02094,HLLCJJMH_02084,BMKFACGC_02104,FHDKMCMF_01121
mtnN,mtnN,5'-methylthioadenosine/S-adenosylhomocysteine nucleosidase,10,10,1.0,1,2333,,,,693,693,693.0,JECDCPOO_01451,KDAEOHOB_01791,OPNKAGHI_01160,KAHEJOMD_01601,HMEEEBGO_00086,KGEHKDDB_01523,GMGKJONF_01573,HLLCJJMH_01623,BMKFACGC_01117,FHDKMCMF_01649
group_1290,,hypothetical protein,10,10,1.0,1,2332,,,,693,693,693.0,JECDCPOO_01443,KDAEOHOB_01783,OPNKAGHI_01169,KAHEJOMD_01592,HMEEEBGO_00095,KGEHKDDB_01515,GMGKJONF_01564,HLLCJJMH_01615,BMKFACGC_01126,FHDKMCMF_01657
dnaD,dnaD,Replicative helicase loading/DNA remodeling protein DnaD,10,10,1.0,1,2329,,,,696,696,696.0,JECDCPOO_01171,KDAEOHOB_01438,OPNKAGHI_01442,KAHEJOMD_01309,HMEEEBGO_00506,KGEHKDDB_01163,GMGKJONF_01218,HLLCJJMH_01212,BMKFACGC_01416,FHDKMCMF_01931
fnr,fnr,Anaerobic regulatory protein,10,10,1.0,1,2326,,,,699,699,699.0,JECDCPOO_01519,KDAEOHOB_01860,OPNKAGHI_01086,KAHEJOMD_01669,HMEEEBGO_00018,KGEHKDDB_01592,GMGKJONF_01642,HLLCJJMH_01693,BMKFACGC_01046,FHDKMCMF_01580
rplA,rplA,Large ribosomal subunit protein uL1,10,10,1.0,1,2325,,,,699,699,699.0,JECDCPOO_00634,KDAEOHOB_00893,OPNKAGHI_02014,KAHEJOMD_00680,HMEEEBGO_01160,KGEHKDDB_00644,GMGKJONF_00671,HLLCJJMH_00686,BMKFACGC_00677,FHDKMCMF_02451
mntB,mntB,Manganese transport system ATP-binding protein MntB,10,10,1.0,1,2324,,,,699,699,699.0,JECDCPOO_00510,KDAEOHOB_00770,OPNKAGHI_02148,KAHEJOMD_00548,HMEEEBGO_01287,KGEHKDDB_00509,GMGKJONF_00544,HLLCJJMH_00554,BMKFACGC_00548,FHDKMCMF_00069
cobB,cobB,NAD-dependent protein deacetylase,10,10,1.0,1,2323,,,,699,699,699.0,JECDCPOO_00488,KDAEOHOB_00748,OPNKAGHI_02172,KAHEJOMD_00526,HMEEEBGO_01312,KGEHKDDB_00487,GMGKJONF_00521,HLLCJJMH_00532,BMKFACGC_00518,FHDKMCMF_00091
rny_1,rny_1,Ribonuclease Y,10,10,1.0,1,2321,,,,1560,1560,1560.0,JECDCPOO_00850,KDAEOHOB_01131,OPNKAGHI_01777,KAHEJOMD_00994,HMEEEBGO_00909,KGEHKDDB_00855,GMGKJONF_00905,HLLCJJMH_00904,BMKFACGC_00930,FHDKMCMF_02240
rspR,rspR,HTH-type transcriptional repressor RspR,10,10,1.0,1,2316,,,,702,702,702.0,JECDCPOO_00166,KDAEOHOB_00422,OPNKAGHI_02508,KAHEJOMD_00201,HMEEEBGO_01637,KGEHKDDB_00164,GMGKJONF_00189,HLLCJJMH_00208,BMKFACGC_00186,FHDKMCMF_00415
ybhL,ybhL,Inner membrane protein YbhL,10,10,1.0,1,2313,,,,705,705,705.0,JECDCPOO_00971,KDAEOHOB_01246,OPNKAGHI_01656,KAHEJOMD_01113,HMEEEBGO_00701,KGEHKDDB_00970,GMGKJONF_01023,HLLCJJMH_01019,BMKFACGC_01597,FHDKMCMF_02125
gatD,gatD,Lipid II isoglutaminyl synthase (glutamine-hydrolyzing) subunit GatD,10,10,1.0,1,2312,,,,705,705,705.0,JECDCPOO_00792,KDAEOHOB_01073,OPNKAGHI_01837,KAHEJOMD_00934,HMEEEBGO_00967,KGEHKDDB_00797,GMGKJONF_00847,HLLCJJMH_00845,BMKFACGC_00870,FHDKMCMF_02298
group_1281,,hypothetical protein,10,10,1.0,1,2310,,,,708,708,708.0,JECDCPOO_01993,KDAEOHOB_02264,OPNKAGHI_00529,KAHEJOMD_02131,HMEEEBGO_02373,KGEHKDDB_02041,GMGKJONF_02099,HLLCJJMH_02089,BMKFACGC_02111,FHDKMCMF_01116
glpF,glpF,Glycerol uptake facilitator protein,10,10,1.0,1,2309,,,,708,708,708.0,JECDCPOO_01725,KDAEOHOB_01972,OPNKAGHI_00802,KAHEJOMD_01853,HMEEEBGO_02727,KGEHKDDB_01768,GMGKJONF_01825,HLLCJJMH_01809,BMKFACGC_01835,FHDKMCMF_01396
deoD,deoD,Purine nucleoside phosphorylase DeoD-type,10,10,1.0,1,2308,,,,708,708,708.0,JECDCPOO_01699,KDAEOHOB_01946,OPNKAGHI_00828,KAHEJOMD_01827,HMEEEBGO_02753,KGEHKDDB_01742,GMGKJONF_01797,HLLCJJMH_01783,BMKFACGC_01808,FHDKMCMF_01423
group_1280,,hypothetical protein,10,10,1.0,1,2307,,,,708,708,708.0,JECDCPOO_01541,KDAEOHOB_01882,OPNKAGHI_01063,KAHEJOMD_01759,HMEEEBGO_02822,KGEHKDDB_01675,GMGKJONF_01729,HLLCJJMH_01716,BMKFACGC_01644,FHDKMCMF_01490
trmK,trmK,tRNA (adenine(22)-N(1))-methyltransferase,10,10,1.0,1,2306,,,,708,708,708.0,JECDCPOO_01290,KDAEOHOB_01554,OPNKAGHI_01325,KAHEJOMD_01440,HMEEEBGO_00390,KGEHKDDB_01283,GMGKJONF_01329,HLLCJJMH_01349,BMKFACGC_01289,FHDKMCMF_01807
phoP,phoP,Alkaline phosphatase synthesis transcriptional regulatory protein PhoP,10,10,1.0,1,2305,,,,708,708,708.0,JECDCPOO_00675,KDAEOHOB_00939,OPNKAGHI_01969,KAHEJOMD_00726,HMEEEBGO_01114,KGEHKDDB_00685,GMGKJONF_00718,HLLCJJMH_00727,BMKFACGC_00725,FHDKMCMF_02410
ytrB_2,ytrB_2,ABC transporter ATP-binding protein YtrB,10,10,1.0,1,2299,,,,711,711,711.0,JECDCPOO_02136,KDAEOHOB_02383,OPNKAGHI_00414,KAHEJOMD_02255,HMEEEBGO_02252,KGEHKDDB_02162,GMGKJONF_02219,HLLCJJMH_02216,BMKFACGC_02242,FHDKMCMF_00992
ygaZ_1,ygaZ_1,Inner membrane protein YgaZ,10,10,1.0,1,2298,,,,711,711,711.0,JECDCPOO_01838,KDAEOHOB_02105,OPNKAGHI_00691,KAHEJOMD_01966,HMEEEBGO_02612,KGEHKDDB_01877,GMGKJONF_01933,HLLCJJMH_01922,BMKFACGC_01945,FHDKMCMF_01285
gpsB_2,gpsB_2,Cell cycle adapter protein GpsB,10,10,1.0,1,2296,,,,711,711,711.0,JECDCPOO_01456,KDAEOHOB_01796,OPNKAGHI_01155,KAHEJOMD_01606,HMEEEBGO_00081,KGEHKDDB_01528,GMGKJONF_01578,HLLCJJMH_01628,BMKFACGC_01112,FHDKMCMF_01644
group_1269,,Aspartate racemase,10,10,1.0,1,2291,,,,714,714,714.0,JECDCPOO_01516,KDAEOHOB_01857,OPNKAGHI_01089,KAHEJOMD_01666,HMEEEBGO_00021,KGEHKDDB_01589,GMGKJONF_01639,HLLCJJMH_01690,BMKFACGC_01049,FHDKMCMF_01583
group_1268,,hypothetical protein,10,10,1.0,1,2290,,,,849,852,849.3,JECDCPOO_00366,KDAEOHOB_00624,OPNKAGHI_02286,KAHEJOMD_00398,HMEEEBGO_01436,KGEHKDDB_00364,GMGKJONF_00398,HLLCJJMH_00410,BMKFACGC_00403,FHDKMCMF_00215
menG,menG,Demethylmenaquinone methyltransferase,10,10,1.0,1,2284,,,,717,717,717.0,JECDCPOO_02038,KDAEOHOB_02304,OPNKAGHI_00493,KAHEJOMD_02175,HMEEEBGO_02328,KGEHKDDB_02084,GMGKJONF_02138,HLLCJJMH_02138,BMKFACGC_02158,FHDKMCMF_01073
pduB,pduB,Bacterial microcompartment shell protein PduB,10,10,1.0,1,2283,,,,717,717,717.0,JECDCPOO_01722,KDAEOHOB_01969,OPNKAGHI_00805,KAHEJOMD_01850,HMEEEBGO_02730,KGEHKDDB_01765,GMGKJONF_01821,HLLCJJMH_01806,BMKFACGC_01832,FHDKMCMF_01400
walR,walR,Transcriptional regulatory protein WalR,10,10,1.0,1,2282,,,,717,717,717.0,JECDCPOO_00036,KDAEOHOB_00287,OPNKAGHI_00030,KAHEJOMD_00033,HMEEEBGO_01790,KGEHKDDB_00029,GMGKJONF_00032,HLLCJJMH_00029,BMKFACGC_00029,FHDKMCMF_00578
pduD,pduD,Propanediol dehydratase medium subunit,10,10,1.0,1,2273,,,,720,720,720.0,JECDCPOO_01720,KDAEOHOB_01967,OPNKAGHI_00807,KAHEJOMD_01848,HMEEEBGO_02732,KGEHKDDB_01763,GMGKJONF_01819,HLLCJJMH_01804,BMKFACGC_01830,FHDKMCMF_01402
group_1256,,Phosphoserine phosphatase,10,10,1.0,1,2272,,,,720,720,720.0,JECDCPOO_01362,KDAEOHOB_01701,OPNKAGHI_01253,KAHEJOMD_01511,HMEEEBGO_00239,KGEHKDDB_01435,GMGKJONF_01483,HLLCJJMH_01420,BMKFACGC_01212,FHDKMCMF_01737
atpB,atpB,ATP synthase subunit a,10,10,1.0,1,2271,,,,720,720,720.0,JECDCPOO_00800,KDAEOHOB_01081,OPNKAGHI_01829,KAHEJOMD_00942,HMEEEBGO_00959,KGEHKDDB_00805,GMGKJONF_00855,HLLCJJMH_00853,BMKFACGC_00879,FHDKMCMF_02290
uxaE,uxaE,Tagaturonate/fructuronate epimerase,10,10,1.0,1,2270,,,,1581,1581,1581.0,JECDCPOO_00170,KDAEOHOB_00426,OPNKAGHI_02504,KAHEJOMD_00205,HMEEEBGO_01633,KGEHKDDB_00168,GMGKJONF_00193,HLLCJJMH_00212,BMKFACGC_00190,FHDKMCMF_00411
exuR,exuR,putative HTH-type transcriptional repressor ExuR,10,10,1.0,1,2268,,,,1008,1008,1008.0,JECDCPOO_00168,KDAEOHOB_00424,OPNKAGHI_02506,KAHEJOMD_00203,HMEEEBGO_01635,KGEHKDDB_00166,GMGKJONF_00191,HLLCJJMH_00210,BMKFACGC_00188,FHDKMCMF_00413
pyrH,pyrH,Uridylate kinase,10,10,1.0,1,2266,,,,723,723,723.0,JECDCPOO_01359,KDAEOHOB_01698,OPNKAGHI_01256,KAHEJOMD_01508,HMEEEBGO_00242,KGEHKDDB_01432,GMGKJONF_01480,HLLCJJMH_01417,BMKFACGC_01215,FHDKMCMF_01740
rluB,rluB,Ribosomal large subunit pseudouridine synthase B,10,10,1.0,1,2265,,,,723,723,723.0,JECDCPOO_01278,KDAEOHOB_01542,OPNKAGHI_01337,KAHEJOMD_01428,HMEEEBGO_00402,KGEHKDDB_01271,GMGKJONF_01317,HLLCJJMH_01337,BMKFACGC_01301,FHDKMCMF_01819
tsaB,tsaB,tRNA threonylcarbamoyladenosine biosynthesis protein TsaB,10,10,1.0,1,2264,,,,723,723,723.0,JECDCPOO_00655,KDAEOHOB_00919,OPNKAGHI_01993,KAHEJOMD_00706,HMEEEBGO_01134,KGEHKDDB_00665,GMGKJONF_00698,HLLCJJMH_00707,BMKFACGC_00704,FHDKMCMF_02430
aimA,aimA,Glutamate/serine transporter AimA,10,10,1.0,1,2262,,,,1590,1590,1590.0,JECDCPOO_01992,KDAEOHOB_02263,OPNKAGHI_00530,KAHEJOMD_02130,HMEEEBGO_02374,KGEHKDDB_02040,GMGKJONF_02098,HLLCJJMH_02088,BMKFACGC_02110,FHDKMCMF_01117
fabG,fabG,3-oxoacyl-[acyl-carrier-protein] reductase FabG,10,10,1.0,1,2259,,,,726,726,726.0,JECDCPOO_01085,KDAEOHOB_01359,OPNKAGHI_01536,KAHEJOMD_01226,HMEEEBGO_00587,KGEHKDDB_01084,GMGKJONF_01136,HLLCJJMH_01133,BMKFACGC_01473,FHDKMCMF_02011
rsmG,rsmG,Ribosomal RNA small subunit methyltransferase G,10,10,1.0,1,2255,,,,729,729,729.0,JECDCPOO_02210,KDAEOHOB_02456,OPNKAGHI_00327,KAHEJOMD_02343,HMEEEBGO_02154,KGEHKDDB_02231,GMGKJONF_02291,HLLCJJMH_02317,BMKFACGC_02304,FHDKMCMF_00922
group_1249,,putative oxidoreductase,10,10,1.0,1,2254,,,,729,729,729.0,JECDCPOO_02145,KDAEOHOB_02392,OPNKAGHI_00404,KAHEJOMD_02265,HMEEEBGO_02243,KGEHKDDB_02171,GMGKJONF_02229,HLLCJJMH_02225,BMKFACGC_02252,FHDKMCMF_00983
group_1247,,hypothetical protein,10,10,1.0,1,2251,,,,732,732,732.0,JECDCPOO_02204,KDAEOHOB_02450,OPNKAGHI_00333,KAHEJOMD_02337,HMEEEBGO_02160,KGEHKDDB_02225,GMGKJONF_02285,HLLCJJMH_02311,BMKFACGC_02298,FHDKMCMF_00928
group_1245,,Putative glutamine amidotransferase,10,10,1.0,1,2249,,,,735,735,735.0,JECDCPOO_00256,KDAEOHOB_00514,OPNKAGHI_02408,KAHEJOMD_00293,HMEEEBGO_01546,KGEHKDDB_00254,GMGKJONF_00289,HLLCJJMH_00299,BMKFACGC_00283,FHDKMCMF_00325
ecsA,ecsA,ABC-type transporter ATP-binding protein EcsA,10,10,1.0,1,2247,,,,738,738,738.0,JECDCPOO_01494,KDAEOHOB_01835,OPNKAGHI_01105,KAHEJOMD_01644,HMEEEBGO_00043,KGEHKDDB_01567,GMGKJONF_01617,HLLCJJMH_01668,BMKFACGC_01074,FHDKMCMF_01605
lvr,lvr,Levodione reductase,10,10,1.0,1,2244,,,,738,738,738.0,JECDCPOO_01217,KDAEOHOB_01478,OPNKAGHI_01400,KAHEJOMD_01350,HMEEEBGO_00466,KGEHKDDB_01203,GMGKJONF_01258,HLLCJJMH_01252,BMKFACGC_01375,FHDKMCMF_01889
yebC,yebC,putative transcriptional regulatory protein YebC,10,10,1.0,1,2243,,,,738,738,738.0,JECDCPOO_00891,KDAEOHOB_01167,OPNKAGHI_01740,KAHEJOMD_01035,HMEEEBGO_00868,KGEHKDDB_00892,GMGKJONF_00945,HLLCJJMH_00941,BMKFACGC_00974,FHDKMCMF_02203
yaaA,yaaA,DNA-binding and peroxide stress resistance protein YaaA,10,10,1.0,1,2241,,,,741,741,741.0,JECDCPOO_02401,KDAEOHOB_00155,OPNKAGHI_00153,KAHEJOMD_02524,HMEEEBGO_01927,KGEHKDDB_02430,GMGKJONF_02476,HLLCJJMH_02532,BMKFACGC_02503,FHDKMCMF_00730
glnQ_3,glnQ_3,Glutamine transport ATP-binding protein GlnQ,10,10,1.0,1,2240,,,,741,741,741.0,JECDCPOO_01888,KDAEOHOB_02159,OPNKAGHI_00637,KAHEJOMD_02026,HMEEEBGO_02480,KGEHKDDB_01935,GMGKJONF_01987,HLLCJJMH_01981,BMKFACGC_01996,FHDKMCMF_01223
group_1241,,putative protein,10,10,1.0,1,2239,,,,741,741,741.0,JECDCPOO_00943,KDAEOHOB_01219,OPNKAGHI_01686,KAHEJOMD_01086,HMEEEBGO_00817,KGEHKDDB_00943,GMGKJONF_00996,HLLCJJMH_00992,BMKFACGC_01028,FHDKMCMF_02152
artM,artM,Arginine transport ATP-binding protein ArtM,10,10,1.0,1,2238,,,,741,741,741.0,JECDCPOO_00889,KDAEOHOB_01165,OPNKAGHI_01742,KAHEJOMD_01033,HMEEEBGO_00870,KGEHKDDB_00890,GMGKJONF_00943,HLLCJJMH_00939,BMKFACGC_00972,FHDKMCMF_02205
group_1240,,hypothetical protein,10,10,1.0,1,2237,,,,741,741,741.0,JECDCPOO_00654,KDAEOHOB_00918,OPNKAGHI_01994,KAHEJOMD_00705,HMEEEBGO_01135,KGEHKDDB_00664,GMGKJONF_00697,HLLCJJMH_00706,BMKFACGC_00703,FHDKMCMF_02431
adh_1,adh_1,NADP-dependent (R)-specific alcohol dehydrogenase,10,10,1.0,1,2236,,,,741,741,741.0,JECDCPOO_00187,KDAEOHOB_00443,OPNKAGHI_02487,KAHEJOMD_00222,HMEEEBGO_01616,KGEHKDDB_00185,GMGKJONF_00211,HLLCJJMH_00229,BMKFACGC_00207,FHDKMCMF_00394
yfiC,yfiC,tRNA1(Val) (adenine(37)-N6)-methyltransferase,10,10,1.0,1,2229,,,,747,747,747.0,JECDCPOO_01365,KDAEOHOB_01704,OPNKAGHI_01250,KAHEJOMD_01514,HMEEEBGO_00236,KGEHKDDB_01438,GMGKJONF_01486,HLLCJJMH_01423,BMKFACGC_01207,FHDKMCMF_01734
stp_3,stp_3,Serine/threonine phosphatase stp,10,10,1.0,1,2228,,,,747,747,747.0,JECDCPOO_01054,KDAEOHOB_01328,OPNKAGHI_01568,KAHEJOMD_01195,HMEEEBGO_00618,KGEHKDDB_01053,GMGKJONF_01105,HLLCJJMH_01102,BMKFACGC_01505,FHDKMCMF_02042
group_1231,,hypothetical protein,10,10,1.0,1,2225,,,,750,750,750.0,JECDCPOO_01916,KDAEOHOB_02186,OPNKAGHI_00612,KAHEJOMD_02053,HMEEEBGO_02453,KGEHKDDB_01963,GMGKJONF_02018,HLLCJJMH_02009,BMKFACGC_02023,FHDKMCMF_01196
group_1230,,hypothetical protein,10,10,1.0,1,2224,,,,750,750,750.0,JECDCPOO_00475,KDAEOHOB_00734,OPNKAGHI_02185,KAHEJOMD_00512,HMEEEBGO_01326,KGEHKDDB_00473,GMGKJONF_00508,HLLCJJMH_00518,BMKFACGC_00505,FHDKMCMF_00105
group_1227,,hypothetical protein,10,10,1.0,1,2221,,,,753,753,753.0,JECDCPOO_02140,KDAEOHOB_02387,OPNKAGHI_00410,KAHEJOMD_02259,HMEEEBGO_02248,KGEHKDDB_02166,GMGKJONF_02223,HLLCJJMH_02220,BMKFACGC_02246,FHDKMCMF_00988
group_1224,,hypothetical protein,10,10,1.0,1,2218,,,,756,756,756.0,JECDCPOO_02135,KDAEOHOB_02382,OPNKAGHI_00415,KAHEJOMD_02254,HMEEEBGO_02253,KGEHKDDB_02161,GMGKJONF_02218,HLLCJJMH_02215,BMKFACGC_02241,FHDKMCMF_00993
group_1223,,hypothetical protein,10,10,1.0,1,2217,,,,756,756,756.0,JECDCPOO_01393,KDAEOHOB_01733,OPNKAGHI_01220,KAHEJOMD_01541,HMEEEBGO_00146,KGEHKDDB_01465,GMGKJONF_01514,HLLCJJMH_01565,BMKFACGC_01178,FHDKMCMF_01707
UgpQ,UgpQ,Glycerophosphodiester phosphodiesterase,10,10,1.0,1,2216,,,,756,756,756.0,JECDCPOO_01023,KDAEOHOB_01298,OPNKAGHI_01600,KAHEJOMD_01164,HMEEEBGO_00649,KGEHKDDB_01022,GMGKJONF_01075,HLLCJJMH_01071,BMKFACGC_01537,FHDKMCMF_02073
group_1222,,hypothetical protein,10,10,1.0,1,2215,,,,756,756,756.0,JECDCPOO_00953,KDAEOHOB_01229,OPNKAGHI_01676,KAHEJOMD_01096,HMEEEBGO_00718,KGEHKDDB_00953,GMGKJONF_01006,HLLCJJMH_01002,BMKFACGC_01614,FHDKMCMF_02142
group_1221,,hypothetical protein,10,10,1.0,1,2214,,,,756,756,756.0,JECDCPOO_00213,KDAEOHOB_00469,OPNKAGHI_02458,KAHEJOMD_00251,HMEEEBGO_01589,KGEHKDDB_00212,GMGKJONF_00238,HLLCJJMH_00256,BMKFACGC_00234,FHDKMCMF_00367
fetB,fetB,putative iron export permease protein FetB,10,10,1.0,1,2208,,,,759,759,759.0,JECDCPOO_02245,KDAEOHOB_02490,OPNKAGHI_00292,KAHEJOMD_02374,HMEEEBGO_02122,KGEHKDDB_02266,GMGKJONF_02331,HLLCJJMH_02355,BMKFACGC_02341,FHDKMCMF_00889
group_1215,,hypothetical protein,10,10,1.0,1,2207,,,,759,759,759.0,JECDCPOO_01941,KDAEOHOB_02211,OPNKAGHI_00583,KAHEJOMD_02078,HMEEEBGO_02428,KGEHKDDB_01988,GMGKJONF_02043,HLLCJJMH_02034,BMKFACGC_02051,FHDKMCMF_01171
group_1214,,hypothetical protein,10,10,1.0,1,2206,,,,759,759,759.0,JECDCPOO_01932,KDAEOHOB_02202,OPNKAGHI_00592,KAHEJOMD_02069,HMEEEBGO_02437,KGEHKDDB_01979,GMGKJONF_02034,HLLCJJMH_02025,BMKFACGC_02041,FHDKMCMF_01180
fabI,fabI,Enoyl-[acyl-carrier-protein] reductase [NADH] FabI,10,10,1.0,1,2205,,,,759,759,759.0,JECDCPOO_01092,KDAEOHOB_01366,OPNKAGHI_01529,KAHEJOMD_01233,HMEEEBGO_00580,KGEHKDDB_01091,GMGKJONF_01144,HLLCJJMH_01140,BMKFACGC_01466,FHDKMCMF_02004
pstB3_2,pstB3_2,Phosphate import ATP-binding protein PstB 3,10,10,1.0,1,2204,,,,759,759,759.0,JECDCPOO_00681,KDAEOHOB_00945,OPNKAGHI_01963,KAHEJOMD_00732,HMEEEBGO_01108,KGEHKDDB_00691,GMGKJONF_00724,HLLCJJMH_00733,BMKFACGC_00731,FHDKMCMF_02404
bceA,bceA,Bacitracin export ATP-binding protein BceA,10,10,1.0,1,2203,,,,759,759,759.0,JECDCPOO_00412,KDAEOHOB_00669,OPNKAGHI_02240,KAHEJOMD_00443,HMEEEBGO_01390,KGEHKDDB_00409,GMGKJONF_00444,HLLCJJMH_00455,BMKFACGC_00450,FHDKMCMF_00170
adh_3,adh_3,NADP-dependent (R)-specific alcohol dehydrogenase,10,10,1.0,1,2202,,,,759,759,759.0,JECDCPOO_00376,KDAEOHOB_00633,OPNKAGHI_02277,KAHEJOMD_00407,HMEEEBGO_01427,KGEHKDDB_00373,GMGKJONF_00407,HLLCJJMH_00419,BMKFACGC_00412,FHDKMCMF_00206
larB,larB,Pyridinium-35-biscarboxylic acid mononucleotide synthase,10,10,1.0,1,2198,,,,762,762,762.0,JECDCPOO_01969,KDAEOHOB_02239,OPNKAGHI_00554,KAHEJOMD_02106,HMEEEBGO_02400,KGEHKDDB_02016,GMGKJONF_02071,HLLCJJMH_02062,BMKFACGC_02081,FHDKMCMF_01143
budC,budC,Diacetyl reductase [(S)-acetoin forming],10,10,1.0,1,2196,,,,762,762,762.0,JECDCPOO_01921,KDAEOHOB_02191,OPNKAGHI_00607,KAHEJOMD_02058,HMEEEBGO_02448,KGEHKDDB_01968,GMGKJONF_02023,HLLCJJMH_02014,BMKFACGC_02028,FHDKMCMF_01191
group_1209,,hypothetical protein,10,10,1.0,1,2195,,,,762,762,762.0,JECDCPOO_01830,KDAEOHOB_02097,OPNKAGHI_00699,KAHEJOMD_01958,HMEEEBGO_02620,KGEHKDDB_01869,GMGKJONF_01925,HLLCJJMH_01914,BMKFACGC_01937,FHDKMCMF_01293
exoA,exoA,Exodeoxyribonuclease,10,10,1.0,1,2193,,,,765,765,765.0,JECDCPOO_00724,KDAEOHOB_00988,OPNKAGHI_01920,KAHEJOMD_00775,HMEEEBGO_01065,KGEHKDDB_00734,GMGKJONF_00767,HLLCJJMH_00777,BMKFACGC_00776,FHDKMCMF_02361
tpiA,tpiA,Triosephosphate isomerase,10,10,1.0,1,2192,,,,765,765,765.0,JECDCPOO_00708,KDAEOHOB_00972,OPNKAGHI_01936,KAHEJOMD_00759,HMEEEBGO_01081,KGEHKDDB_00718,GMGKJONF_00751,HLLCJJMH_00760,BMKFACGC_00760,FHDKMCMF_02377
group_1207,,3beta-hydroxysteroid dehydrogenase 2,10,10,1.0,1,2191,,,,765,765,765.0,JECDCPOO_00404,KDAEOHOB_00661,OPNKAGHI_02250,KAHEJOMD_00435,HMEEEBGO_01399,KGEHKDDB_00401,GMGKJONF_00436,HLLCJJMH_00447,BMKFACGC_00442,FHDKMCMF_00178
khpB,khpB,RNA-binding protein KhpB,10,10,1.0,1,2189,,,,768,768,768.0,JECDCPOO_02501,KDAEOHOB_00255,OPNKAGHI_02655,KAHEJOMD_02625,HMEEEBGO_01826,KGEHKDDB_02544,GMGKJONF_02580,HLLCJJMH_02641,BMKFACGC_02621,FHDKMCMF_00611
soj,soj,Sporulation initiation inhibitor protein Soj,10,10,1.0,1,2187,,,,768,768,768.0,JECDCPOO_02208,KDAEOHOB_02454,OPNKAGHI_00329,KAHEJOMD_02341,HMEEEBGO_02156,KGEHKDDB_02229,GMGKJONF_02289,HLLCJJMH_02315,BMKFACGC_02302,FHDKMCMF_00924
ectP~~~betL,ectP;betL,Ectoine/glycine betaine/proline transporter EctP;Glycine betaine transporter BetL,10,11,1.1,1,2186,,,,294,1581,1438.909090909091,JECDCPOO_02044,KDAEOHOB_02310,OPNKAGHI_00485,KAHEJOMD_02181,HMEEEBGO_02322,KGEHKDDB_02090,GMGKJONF_02144,HLLCJJMH_02144,BMKFACGC_02165;BMKFACGC_02164,FHDKMCMF_01067
group_1205,,Putative TrmH family tRNA/rRNA methyltransferase,10,10,1.0,1,2185,,,,768,768,768.0,JECDCPOO_00628,KDAEOHOB_00887,OPNKAGHI_02020,KAHEJOMD_00673,HMEEEBGO_01166,KGEHKDDB_00638,GMGKJONF_00665,HLLCJJMH_00679,BMKFACGC_00671,FHDKMCMF_02457
pucI,;pucI,hypothetical protein;Allantoin permease,10,11,1.1,1,2182,,,,528,1404,1265.4545454545455,JECDCPOO_00453,KDAEOHOB_00712,OPNKAGHI_02208,KAHEJOMD_00490;KAHEJOMD_00489,HMEEEBGO_01349,KGEHKDDB_00451,GMGKJONF_00486,HLLCJJMH_00496,BMKFACGC_00479,FHDKMCMF_00129
thiQ,thiQ,Thiamine import ATP-binding protein ThiQ,10,10,1.0,1,2178,,,,771,771,771.0,JECDCPOO_01908,KDAEOHOB_02178,OPNKAGHI_00615,KAHEJOMD_02045,HMEEEBGO_02461,KGEHKDDB_01954,GMGKJONF_02010,HLLCJJMH_02001,BMKFACGC_02015,FHDKMCMF_01204
group_1201,,Putative bifunctional phosphatase/peptidyl-prolyl cis-trans isomerase,10,10,1.0,1,2177,,,,771,771,771.0,JECDCPOO_01536,KDAEOHOB_01877,OPNKAGHI_01068,KAHEJOMD_01754,HMEEEBGO_02827,KGEHKDDB_01670,GMGKJONF_01724,HLLCJJMH_01711,BMKFACGC_01638,FHDKMCMF_01495
rlmP,rlmP,23S rRNA (guanosine(2553)-2'-O)-methyltransferase RlmP,10,10,1.0,1,2176,,,,771,771,771.0,JECDCPOO_01004,KDAEOHOB_01279,OPNKAGHI_01621,KAHEJOMD_01145,HMEEEBGO_00668,KGEHKDDB_01003,GMGKJONF_01056,HLLCJJMH_01052,BMKFACGC_01558,FHDKMCMF_02092
ybiT,ybiT,putative ATP-binding protein YbiT,10,10,1.0,1,2175,,,,1632,1632,1632.0,JECDCPOO_00426,KDAEOHOB_00684,OPNKAGHI_02225,KAHEJOMD_00462,HMEEEBGO_01376,KGEHKDDB_00423,GMGKJONF_00458,HLLCJJMH_00469,BMKFACGC_00464,FHDKMCMF_00156
kduD_1,kduD_1,2-dehydro-3-deoxy-D-gluconate 5-dehydrogenase,10,10,1.0,1,2172,,,,774,774,774.0,JECDCPOO_00129,KDAEOHOB_00383,OPNKAGHI_02552,KAHEJOMD_00146,HMEEEBGO_01690,KGEHKDDB_00121,GMGKJONF_00149,HLLCJJMH_00169,BMKFACGC_00140,FHDKMCMF_00458
kdgT,kdgT,2-keto-3-deoxygluconate permease,10,10,1.0,1,2170,,,,1011,1011,1011.0,JECDCPOO_00354,KDAEOHOB_00612,OPNKAGHI_02300,KAHEJOMD_00386,HMEEEBGO_01448,KGEHKDDB_00352,GMGKJONF_00385,HLLCJJMH_00398,BMKFACGC_00392,FHDKMCMF_00227
group_1193,,hypothetical protein,10,10,1.0,1,2165,,,,777,777,777.0,JECDCPOO_01846,KDAEOHOB_02113,OPNKAGHI_00683,KAHEJOMD_01974,HMEEEBGO_02603,KGEHKDDB_01885,GMGKJONF_01941,HLLCJJMH_01930,BMKFACGC_01953,FHDKMCMF_01277
group_1192,,hypothetical protein,10,10,1.0,1,2164,,,,777,777,777.0,JECDCPOO_00581,KDAEOHOB_00839,OPNKAGHI_02070,KAHEJOMD_00622,HMEEEBGO_01213,KGEHKDDB_00591,GMGKJONF_00618,HLLCJJMH_00628,BMKFACGC_00624,FHDKMCMF_02504
dtd3,dtd3,D-aminoacyl-tRNA deacylase,10,10,1.0,1,2163,,,,777,777,777.0,JECDCPOO_00492,KDAEOHOB_00752,OPNKAGHI_02167,KAHEJOMD_00530,HMEEEBGO_01308,KGEHKDDB_00491,GMGKJONF_00525,HLLCJJMH_00536,BMKFACGC_00522,FHDKMCMF_00087
butA,butA,Diacetyl reductase [(S)-acetoin forming],10,10,1.0,1,2160,,,,780,780,780.0,JECDCPOO_00207,KDAEOHOB_00463,OPNKAGHI_02464,KAHEJOMD_00244,HMEEEBGO_01596,KGEHKDDB_00206,GMGKJONF_00232,HLLCJJMH_00250,BMKFACGC_00228,FHDKMCMF_00373
group_1189,,hypothetical protein,10,10,1.0,1,2158,,,,783,783,783.0,JECDCPOO_02324,KDAEOHOB_00070,OPNKAGHI_00216,KAHEJOMD_02443,HMEEEBGO_02004,KGEHKDDB_02351,GMGKJONF_02391,HLLCJJMH_02430,BMKFACGC_02412,FHDKMCMF_00814
group_1188,,hypothetical protein,10,10,1.0,1,2157,,,,783,783,783.0,JECDCPOO_01998,KDAEOHOB_02270,OPNKAGHI_00524,KAHEJOMD_02136,HMEEEBGO_02368,KGEHKDDB_02046,GMGKJONF_02104,HLLCJJMH_02097,BMKFACGC_02116,FHDKMCMF_01111
recO,recO,DNA repair protein RecO,10,10,1.0,1,2156,,,,783,783,783.0,JECDCPOO_01297,KDAEOHOB_01561,OPNKAGHI_01317,KAHEJOMD_01447,HMEEEBGO_00383,KGEHKDDB_01290,GMGKJONF_01336,HLLCJJMH_01356,BMKFACGC_01282,FHDKMCMF_01800
manY,manY,PTS system mannose-specific EIIC component,10,10,1.0,1,2152,,,,786,786,786.0,JECDCPOO_00605,KDAEOHOB_00864,OPNKAGHI_02045,KAHEJOMD_00647,HMEEEBGO_01189,KGEHKDDB_00615,GMGKJONF_00642,HLLCJJMH_00656,BMKFACGC_00648,FHDKMCMF_02480
group_1186,,hypothetical protein,10,10,1.0,1,2151,,,,786,786,786.0,JECDCPOO_00549,KDAEOHOB_00809,OPNKAGHI_02102,KAHEJOMD_00590,HMEEEBGO_01246,KGEHKDDB_00559,GMGKJONF_00585,HLLCJJMH_00596,BMKFACGC_00589,FHDKMCMF_00029
thiM,thiM,Hydroxyethylthiazole kinase,10,10,1.0,1,2145,,,,789,789,789.0,JECDCPOO_02243,KDAEOHOB_02488,OPNKAGHI_00294,KAHEJOMD_02372,HMEEEBGO_02124,KGEHKDDB_02264,GMGKJONF_02329,HLLCJJMH_02350,BMKFACGC_02339,FHDKMCMF_00891
map_2,map_2,Methionine aminopeptidase,10,10,1.0,1,2144,,,,789,789,789.0,JECDCPOO_02143,KDAEOHOB_02390,OPNKAGHI_00406,KAHEJOMD_02262,HMEEEBGO_02245,KGEHKDDB_02169,GMGKJONF_02226,HLLCJJMH_02223,BMKFACGC_02249,FHDKMCMF_00985
uppS,uppS,Ditranspolycis-undecaprenyl-diphosphate synthase ((2E6E)-farnesyl-diphosphate specific),10,10,1.0,1,2142,,,,789,789,789.0,JECDCPOO_01356,KDAEOHOB_01695,OPNKAGHI_01259,KAHEJOMD_01505,HMEEEBGO_00245,KGEHKDDB_01429,GMGKJONF_01477,HLLCJJMH_01414,BMKFACGC_01218,FHDKMCMF_01743
scpA_2,scpA_2,Segregation and condensation protein A,10,10,1.0,1,2141,,,,789,789,789.0,JECDCPOO_01280,KDAEOHOB_01544,OPNKAGHI_01335,KAHEJOMD_01430,HMEEEBGO_00400,KGEHKDDB_01273,GMGKJONF_01319,HLLCJJMH_01339,BMKFACGC_01299,FHDKMCMF_01817
srrA,srrA,Transcriptional regulatory protein SrrA,10,10,1.0,1,2140,,,,789,789,789.0,JECDCPOO_00773,KDAEOHOB_01034,OPNKAGHI_01856,KAHEJOMD_00837,HMEEEBGO_01007,KGEHKDDB_00778,GMGKJONF_00828,HLLCJJMH_00824,BMKFACGC_00846,FHDKMCMF_02317
ccrZ,ccrZ,Cell cycle regulator CcrZ,10,10,1.0,1,2139,,,,792,792,792.0,JECDCPOO_01492,KDAEOHOB_01833,OPNKAGHI_01107,KAHEJOMD_01642,HMEEEBGO_00045,KGEHKDDB_01565,GMGKJONF_01615,HLLCJJMH_01666,BMKFACGC_01076,FHDKMCMF_01607
suhB,suhB,Inositol-1-monophosphatase,10,10,1.0,1,2138,,,,792,792,792.0,JECDCPOO_01418,KDAEOHOB_01758,OPNKAGHI_01196,KAHEJOMD_01566,HMEEEBGO_00120,KGEHKDDB_01490,GMGKJONF_01539,HLLCJJMH_01590,BMKFACGC_01153,FHDKMCMF_01682
group_1181,,hypothetical protein,10,10,1.0,1,2137,,,,792,792,792.0,JECDCPOO_01355,KDAEOHOB_01694,OPNKAGHI_01260,KAHEJOMD_01504,HMEEEBGO_00246,KGEHKDDB_01428,GMGKJONF_01476,HLLCJJMH_01413,BMKFACGC_01219,FHDKMCMF_01744
pdxK,pdxK,Pyridoxine kinase,10,10,1.0,1,2136,,,,795,795,795.0,JECDCPOO_02313,KDAEOHOB_00059,OPNKAGHI_00219,KAHEJOMD_02432,HMEEEBGO_02016,KGEHKDDB_02340,GMGKJONF_02382,HLLCJJMH_02418,BMKFACGC_02401,FHDKMCMF_00826
rnhA_2,rnhA_2,Ribonuclease H,10,10,1.0,1,2135,,,,795,795,795.0,JECDCPOO_02047,KDAEOHOB_02313,OPNKAGHI_00482,KAHEJOMD_02184,HMEEEBGO_02319,KGEHKDDB_02093,GMGKJONF_02147,HLLCJJMH_02147,BMKFACGC_02168,FHDKMCMF_01064
ped,ped,(S)-1-Phenylethanol dehydrogenase,10,10,1.0,1,2134,,,,795,795,795.0,JECDCPOO_00912,KDAEOHOB_01188,OPNKAGHI_01717,KAHEJOMD_01055,HMEEEBGO_00848,KGEHKDDB_00912,GMGKJONF_00965,HLLCJJMH_00961,BMKFACGC_00994,FHDKMCMF_02183
yutF,yutF,5'-nucleotidase YutF,10,10,1.0,1,2133,,,,795,795,795.0,JECDCPOO_00906,KDAEOHOB_01182,OPNKAGHI_01724,KAHEJOMD_01049,HMEEEBGO_00854,KGEHKDDB_00906,GMGKJONF_00959,HLLCJJMH_00955,BMKFACGC_00988,FHDKMCMF_02189
ymdB,ymdB,2'3'-cyclic-nucleotide 2'-phosphodiesterase,10,10,1.0,1,2132,,,,795,795,795.0,JECDCPOO_00851,KDAEOHOB_01132,OPNKAGHI_01776,KAHEJOMD_00995,HMEEEBGO_00908,KGEHKDDB_00856,GMGKJONF_00906,HLLCJJMH_00905,BMKFACGC_00931,FHDKMCMF_02239
map_1,map_1,Methionine aminopeptidase 1,10,10,1.0,1,2128,,,,798,798,798.0,JECDCPOO_02037,KDAEOHOB_02303,OPNKAGHI_00494,KAHEJOMD_02174,HMEEEBGO_02329,KGEHKDDB_02083,GMGKJONF_02137,HLLCJJMH_02137,BMKFACGC_02157,FHDKMCMF_01074
truA,truA,tRNA pseudouridine synthase A,10,10,1.0,1,2127,,,,798,798,798.0,JECDCPOO_01774,KDAEOHOB_02041,OPNKAGHI_00755,KAHEJOMD_01901,HMEEEBGO_02676,KGEHKDDB_01813,GMGKJONF_01869,HLLCJJMH_01858,BMKFACGC_01879,FHDKMCMF_01350
znuB,znuB,High-affinity zinc uptake system membrane protein ZnuB,10,10,1.0,1,2126,,,,798,798,798.0,JECDCPOO_00511,KDAEOHOB_00771,OPNKAGHI_02147,KAHEJOMD_00549,HMEEEBGO_01286,KGEHKDDB_00510,GMGKJONF_00545,HLLCJJMH_00555,BMKFACGC_00549,FHDKMCMF_00068
ygaZ_2,ygaZ_2,Inner membrane protein YgaZ,10,10,1.0,1,2123,,,,801,801,801.0,JECDCPOO_02194,KDAEOHOB_02440,OPNKAGHI_00343,KAHEJOMD_02327,HMEEEBGO_02170,KGEHKDDB_02215,GMGKJONF_02275,HLLCJJMH_02301,BMKFACGC_02288,FHDKMCMF_00938
group_1175,,hypothetical protein,10,10,1.0,1,2121,,,,783,981,961.2,JECDCPOO_00507,KDAEOHOB_00767,OPNKAGHI_02151,KAHEJOMD_00545,HMEEEBGO_01290,KGEHKDDB_00506,GMGKJONF_00541,HLLCJJMH_00551,BMKFACGC_00543,FHDKMCMF_00072
metQ,metQ,D-methionine-binding lipoprotein MetQ,10,10,1.0,1,2118,,,,804,804,804.0,JECDCPOO_02072,KDAEOHOB_02340,OPNKAGHI_00455,KAHEJOMD_02210,HMEEEBGO_02295,KGEHKDDB_02119,GMGKJONF_02175,HLLCJJMH_02172,BMKFACGC_02194,FHDKMCMF_01039
pstB3_3,pstB3_3,Phosphate import ATP-binding protein PstB 3,10,10,1.0,1,2117,,,,804,804,804.0,JECDCPOO_01980,KDAEOHOB_02251,OPNKAGHI_00542,KAHEJOMD_02118,HMEEEBGO_02386,KGEHKDDB_02028,GMGKJONF_02086,HLLCJJMH_02076,BMKFACGC_02094,FHDKMCMF_01129
potC,potC,Spermidine/putrescine transport system permease protein PotC,10,10,1.0,1,2116,,,,804,804,804.0,JECDCPOO_01978,KDAEOHOB_02249,OPNKAGHI_00544,KAHEJOMD_02116,HMEEEBGO_02388,KGEHKDDB_02026,GMGKJONF_02083,HLLCJJMH_02074,BMKFACGC_02092,FHDKMCMF_01131
ppnKA,ppnKA,NAD kinase 1,10,10,1.0,1,2114,,,,804,804,804.0,JECDCPOO_01485,KDAEOHOB_01826,OPNKAGHI_01114,KAHEJOMD_01635,HMEEEBGO_00052,KGEHKDDB_01558,GMGKJONF_01608,HLLCJJMH_01659,BMKFACGC_01083,FHDKMCMF_01614
rpsB,rpsB,Small ribosomal subunit protein uS2,10,10,1.0,1,2113,,,,804,804,804.0,JECDCPOO_01361,KDAEOHOB_01700,OPNKAGHI_01254,KAHEJOMD_01510,HMEEEBGO_00240,KGEHKDDB_01434,GMGKJONF_01482,HLLCJJMH_01419,BMKFACGC_01213,FHDKMCMF_01738
proC,proC,Pyrroline-5-carboxylate reductase,10,10,1.0,1,2112,,,,804,804,804.0,JECDCPOO_00584,KDAEOHOB_00842,OPNKAGHI_02067,KAHEJOMD_00625,HMEEEBGO_01210,KGEHKDDB_00594,GMGKJONF_00621,HLLCJJMH_00631,BMKFACGC_00627,FHDKMCMF_02501
yidA_3,yidA_3,Sugar phosphatase YidA,10,10,1.0,1,2110,,,,807,807,807.0,JECDCPOO_02142,KDAEOHOB_02389,OPNKAGHI_00407,KAHEJOMD_02261,HMEEEBGO_02246,KGEHKDDB_02168,GMGKJONF_02225,HLLCJJMH_02222,BMKFACGC_02248,FHDKMCMF_00986
group_1170,,Aldo-keto reductase/MSMEI_2347,10,10,1.0,1,2109,,,,807,807,807.0,JECDCPOO_01963,KDAEOHOB_02233,OPNKAGHI_00560,KAHEJOMD_02100,HMEEEBGO_02406,KGEHKDDB_02010,GMGKJONF_02065,HLLCJJMH_02056,BMKFACGC_02075,FHDKMCMF_01149
minD,minD,Septum site-determining protein MinD,10,10,1.0,1,2108,,,,807,807,807.0,JECDCPOO_00839,KDAEOHOB_01120,OPNKAGHI_01789,KAHEJOMD_00983,HMEEEBGO_00920,KGEHKDDB_00844,GMGKJONF_00894,HLLCJJMH_00893,BMKFACGC_00919,FHDKMCMF_02251
lrgB,lrgB,Antiholin-like protein LrgB,10,10,1.0,1,2107,,,,807,807,807.0,JECDCPOO_00665,KDAEOHOB_00929,OPNKAGHI_01981,KAHEJOMD_00716,HMEEEBGO_01124,KGEHKDDB_00675,GMGKJONF_00708,HLLCJJMH_00717,BMKFACGC_00715,FHDKMCMF_02420
group_1166,,hypothetical protein,10,10,1.0,1,2103,,,,810,810,810.0,JECDCPOO_02379,KDAEOHOB_00132,OPNKAGHI_00170,KAHEJOMD_02499,HMEEEBGO_01950,KGEHKDDB_02408,GMGKJONF_02458,HLLCJJMH_02555,BMKFACGC_02477,FHDKMCMF_00756
tagG,tagG,Teichoic acid translocation permease protein TagG,10,10,1.0,1,2102,,,,810,810,810.0,JECDCPOO_01309,KDAEOHOB_01573,OPNKAGHI_01305,KAHEJOMD_01459,HMEEEBGO_00371,KGEHKDDB_01302,GMGKJONF_01348,HLLCJJMH_01368,BMKFACGC_01270,FHDKMCMF_01788
yitU,yitU,5-amino-6-(5-phospho-D-ribitylamino)uracil phosphatase YitU,10,10,1.0,1,2098,,,,813,813,813.0,JECDCPOO_01162,KDAEOHOB_01429,OPNKAGHI_01452,KAHEJOMD_01299,HMEEEBGO_00515,KGEHKDDB_01154,GMGKJONF_01208,HLLCJJMH_01203,BMKFACGC_01425,FHDKMCMF_01940
yidA_2,yidA_2,Sugar phosphatase YidA,10,10,1.0,1,2095,,,,816,816,816.0,JECDCPOO_01937,KDAEOHOB_02207,OPNKAGHI_00587,KAHEJOMD_02074,HMEEEBGO_02432,KGEHKDDB_01984,GMGKJONF_02039,HLLCJJMH_02030,BMKFACGC_02046,FHDKMCMF_01175
yidA_1,yidA_1,Sugar phosphatase YidA,10,10,1.0,1,2094,,,,816,816,816.0,JECDCPOO_00521,KDAEOHOB_00781,OPNKAGHI_02135,KAHEJOMD_00559,HMEEEBGO_01276,KGEHKDDB_00520,GMGKJONF_00555,HLLCJJMH_00565,BMKFACGC_00559,FHDKMCMF_00058
group_1160,,hypothetical protein,10,10,1.0,1,2090,,,,819,819,819.0,JECDCPOO_00118,KDAEOHOB_00372,OPNKAGHI_02560,KAHEJOMD_00135,HMEEEBGO_01701,KGEHKDDB_00110,GMGKJONF_00138,HLLCJJMH_00157,BMKFACGC_00129,FHDKMCMF_00469
ybiV_1,ybiV_1,Sugar phosphatase YbiV,10,10,1.0,1,2089,,,,819,819,819.0,JECDCPOO_00392,KDAEOHOB_00649,OPNKAGHI_02261,KAHEJOMD_00423,HMEEEBGO_01411,KGEHKDDB_00389,GMGKJONF_00423,HLLCJJMH_00435,BMKFACGC_00428,FHDKMCMF_00190
ybiV_3,ybiV_3,Sugar phosphatase YbiV,10,10,1.0,1,2086,,,,822,822,822.0,JECDCPOO_01940,KDAEOHOB_02210,OPNKAGHI_00584,KAHEJOMD_02077,HMEEEBGO_02429,KGEHKDDB_01987,GMGKJONF_02042,HLLCJJMH_02033,BMKFACGC_02050,FHDKMCMF_01172
group_1157,,hypothetical protein,10,10,1.0,1,2085,,,,822,822,822.0,JECDCPOO_00750,KDAEOHOB_01014,OPNKAGHI_01890,KAHEJOMD_00802,HMEEEBGO_01039,KGEHKDDB_00760,GMGKJONF_00794,HLLCJJMH_00803,BMKFACGC_00805,FHDKMCMF_02335
menB,menB,14-dihydroxy-2-naphthoyl-CoA synthase,10,10,1.0,1,2084,,,,822,822,822.0,JECDCPOO_00078,KDAEOHOB_00331,OPNKAGHI_00089,KAHEJOMD_00097,HMEEEBGO_01741,KGEHKDDB_00073,GMGKJONF_00100,HLLCJJMH_00118,BMKFACGC_00091,FHDKMCMF_00506
garB~~~pdhD_3,garB;pdhD_3,Glutathione amide reductase;Dihydrolipoyl dehydrogenase,10,11,1.1,1,2083,,,,576,1335,1217.4545454545455,JECDCPOO_00470,KDAEOHOB_00729,OPNKAGHI_02191;OPNKAGHI_02190,KAHEJOMD_00507,HMEEEBGO_01331,KGEHKDDB_00468,GMGKJONF_00503,HLLCJJMH_00513,BMKFACGC_00500,FHDKMCMF_00110
potB,potB,Spermidine/putrescine transport system permease protein PotB,10,10,1.0,1,2079,,,,825,825,825.0,JECDCPOO_01977,KDAEOHOB_02248,OPNKAGHI_00545,KAHEJOMD_02115,HMEEEBGO_02389,KGEHKDDB_02025,GMGKJONF_02082,HLLCJJMH_02073,BMKFACGC_02091,FHDKMCMF_01132
group_1154,,hypothetical protein,10,10,1.0,1,2078,,,,825,825,825.0,JECDCPOO_00391,KDAEOHOB_00648,OPNKAGHI_02262,KAHEJOMD_00422,HMEEEBGO_01412,KGEHKDDB_00388,GMGKJONF_00422,HLLCJJMH_00434,BMKFACGC_00427,FHDKMCMF_00191
pstB3_1,pstB3_1,Phosphate import ATP-binding protein PstB 3,10,10,1.0,1,2077,,,,825,825,825.0,JECDCPOO_00680,KDAEOHOB_00944,OPNKAGHI_01964,KAHEJOMD_00731,HMEEEBGO_01109,KGEHKDDB_00690,GMGKJONF_00723,HLLCJJMH_00732,BMKFACGC_00730,FHDKMCMF_02405
rqcH,rqcH,Rqc2 RqcH,10,10,1.0,1,2076,,,,1707,1707,1707.0,JECDCPOO_01203,KDAEOHOB_01464,OPNKAGHI_01415,KAHEJOMD_01335,HMEEEBGO_00480,KGEHKDDB_01189,GMGKJONF_01244,HLLCJJMH_01238,BMKFACGC_01390,FHDKMCMF_01905
group_1153,xerC_1,Tyrosine recombinase XerC,10,10,1.0,1,2075,,,,825,825,825.0,JECDCPOO_00302,KDAEOHOB_00561,OPNKAGHI_02355,KAHEJOMD_00334,HMEEEBGO_01501,KGEHKDDB_00300,GMGKJONF_00330,HLLCJJMH_00346,BMKFACGC_00334,FHDKMCMF_00279
group_1151,,hypothetical protein,10,10,1.0,1,2073,,,,828,828,828.0,JECDCPOO_02478,KDAEOHOB_00234,OPNKAGHI_02626,KAHEJOMD_02603,HMEEEBGO_01848,KGEHKDDB_02519,GMGKJONF_02557,HLLCJJMH_02616,BMKFACGC_02599,FHDKMCMF_00636
yqfL,yqfL,Putative pyruvate phosphate dikinase regulatory protein,10,10,1.0,1,2072,,,,828,828,828.0,JECDCPOO_01306,KDAEOHOB_01570,OPNKAGHI_01308,KAHEJOMD_01456,HMEEEBGO_00374,KGEHKDDB_01299,GMGKJONF_01345,HLLCJJMH_01365,BMKFACGC_01273,FHDKMCMF_01791
walJ,walJ,Exodeoxyribonuclease WalJ,10,10,1.0,1,2071,,,,828,828,828.0,JECDCPOO_00040,KDAEOHOB_00291,OPNKAGHI_00034,KAHEJOMD_00037,HMEEEBGO_01786,KGEHKDDB_00033,GMGKJONF_00036,HLLCJJMH_00033,BMKFACGC_00033,FHDKMCMF_00574
group_1147,,hypothetical protein,10,10,1.0,1,2065,,,,1719,1719,1719.0,JECDCPOO_02029,KDAEOHOB_02295,OPNKAGHI_00502,KAHEJOMD_02166,HMEEEBGO_02339,KGEHKDDB_02075,GMGKJONF_02129,HLLCJJMH_02128,BMKFACGC_02149,FHDKMCMF_01082
nadE,nadE,NH(3)-dependent NAD(+) synthetase,10,10,1.0,1,2064,,,,831,831,831.0,JECDCPOO_00590,KDAEOHOB_00848,OPNKAGHI_02060,KAHEJOMD_00631,HMEEEBGO_01204,KGEHKDDB_00600,GMGKJONF_00627,HLLCJJMH_00638,BMKFACGC_00633,FHDKMCMF_02495
yidC2,yidC2,Membrane protein insertase YidC 2,10,10,1.0,1,2060,,,,834,834,834.0,JECDCPOO_02502,KDAEOHOB_00256,OPNKAGHI_02656,KAHEJOMD_02626,HMEEEBGO_01825,KGEHKDDB_02545,GMGKJONF_02581,HLLCJJMH_02642,BMKFACGC_02622,FHDKMCMF_00610
gpmA_7,gpmA_7,23-bisphosphoglycerate-dependent phosphoglycerate mutase,10,10,1.0,1,2059,,,,834,834,834.0,JECDCPOO_02332,KDAEOHOB_00078,OPNKAGHI_00209,KAHEJOMD_02451,HMEEEBGO_01996,KGEHKDDB_02359,GMGKJONF_02399,HLLCJJMH_02438,BMKFACGC_02420,FHDKMCMF_00806
accD,accD,Acetyl-coenzyme A carboxylase carboxyl transferase subunit beta,10,10,1.0,1,2058,,,,834,834,834.0,JECDCPOO_01090,KDAEOHOB_01364,OPNKAGHI_01531,KAHEJOMD_01231,HMEEEBGO_00582,KGEHKDDB_01089,GMGKJONF_01141,HLLCJJMH_01138,BMKFACGC_01468,FHDKMCMF_02006
larE,larE,Pyridinium-35-bisthiocarboxylic acid mononucleotide synthase,10,10,1.0,1,2056,,,,837,837,837.0,JECDCPOO_01971,KDAEOHOB_02241,OPNKAGHI_00552,KAHEJOMD_02108,HMEEEBGO_02398,KGEHKDDB_02018,GMGKJONF_02073,HLLCJJMH_02064,BMKFACGC_02083,FHDKMCMF_01141
glnH_2,glnH_2,ABC transporter glutamine-binding protein GlnH,10,10,1.0,1,2055,,,,837,837,837.0,JECDCPOO_01887,KDAEOHOB_02158,OPNKAGHI_00638,KAHEJOMD_02025,HMEEEBGO_02481,KGEHKDDB_01934,GMGKJONF_01986,HLLCJJMH_01980,BMKFACGC_01995,FHDKMCMF_01224
ecfA1,ecfA1,Energy-coupling factor transporter ATP-binding protein EcfA1,10,10,1.0,1,2050,,,,840,840,840.0,JECDCPOO_01777,KDAEOHOB_02044,OPNKAGHI_00753,KAHEJOMD_01904,HMEEEBGO_02673,KGEHKDDB_01816,GMGKJONF_01872,HLLCJJMH_01861,BMKFACGC_01882,FHDKMCMF_01347
ytbE_2,ytbE_2,putative oxidoreductase YtbE,10,10,1.0,1,2049,,,,840,840,840.0,JECDCPOO_00913,KDAEOHOB_01189,OPNKAGHI_01716,KAHEJOMD_01056,HMEEEBGO_00847,KGEHKDDB_00913,GMGKJONF_00966,HLLCJJMH_00962,BMKFACGC_00995,FHDKMCMF_02182
group_1141,,putative hydrolase,10,10,1.0,1,2048,,,,840,840,840.0,JECDCPOO_00597,KDAEOHOB_00856,OPNKAGHI_02053,KAHEJOMD_00639,HMEEEBGO_01197,KGEHKDDB_00607,GMGKJONF_00634,HLLCJJMH_00645,BMKFACGC_00640,FHDKMCMF_02488
lipL,lipL,Octanoyl-[GcvH]:protein N-octanoyltransferase,10,10,1.0,1,2047,,,,840,840,840.0,JECDCPOO_00523,KDAEOHOB_00783,OPNKAGHI_02133,KAHEJOMD_00561,HMEEEBGO_01274,KGEHKDDB_00522,GMGKJONF_00557,HLLCJJMH_00567,BMKFACGC_00561,FHDKMCMF_00056
purR,purR,Purine biosynthesis transcriptional repressor PurR,10,10,1.0,1,2046,,,,840,840,840.0,JECDCPOO_00514,KDAEOHOB_00774,OPNKAGHI_02144,KAHEJOMD_00552,HMEEEBGO_01283,KGEHKDDB_00513,GMGKJONF_00548,HLLCJJMH_00558,BMKFACGC_00552,FHDKMCMF_00065
dkgB,dkgB,25-diketo-D-gluconic acid reductase B,10,10,1.0,1,2041,,,,843,843,843.0,JECDCPOO_02090,KDAEOHOB_02358,OPNKAGHI_00435,KAHEJOMD_02229,HMEEEBGO_02277,KGEHKDDB_02137,GMGKJONF_02193,HLLCJJMH_02190,BMKFACGC_02213,FHDKMCMF_01021
glnH_1,glnH_1,Glutamine-binding periplasmic protein,10,10,1.0,1,2039,,,,843,843,843.0,JECDCPOO_00842,KDAEOHOB_01123,OPNKAGHI_01786,KAHEJOMD_00986,HMEEEBGO_00917,KGEHKDDB_00847,GMGKJONF_00897,HLLCJJMH_00896,BMKFACGC_00922,FHDKMCMF_02248
pdxI,pdxI,Pyridoxine 4-dehydrogenase,10,10,1.0,1,2038,,,,843,843,843.0,JECDCPOO_00117,KDAEOHOB_00371,OPNKAGHI_02561,KAHEJOMD_00134,HMEEEBGO_01702,KGEHKDDB_00109,GMGKJONF_00137,HLLCJJMH_00156,BMKFACGC_00127,FHDKMCMF_00470
yvgN_2,yvgN_2,Glyoxal reductase,10,10,1.0,1,2036,,,,846,846,846.0,JECDCPOO_02260,KDAEOHOB_02506,OPNKAGHI_00277,KAHEJOMD_02390,HMEEEBGO_02107,KGEHKDDB_02276,GMGKJONF_02341,HLLCJJMH_02365,BMKFACGC_02359,FHDKMCMF_00879
group_1138,,hypothetical protein,10,10,1.0,1,2034,,,,846,846,846.0,JECDCPOO_00490,KDAEOHOB_00750,OPNKAGHI_02170,KAHEJOMD_00528,HMEEEBGO_01310,KGEHKDDB_00489,GMGKJONF_00523,HLLCJJMH_00534,BMKFACGC_00520,FHDKMCMF_00089
ytbE_1,ytbE_1,putative oxidoreductase YtbE,10,10,1.0,1,2033,,,,846,846,846.0,JECDCPOO_00297,KDAEOHOB_00556,OPNKAGHI_02360,KAHEJOMD_00329,HMEEEBGO_01506,KGEHKDDB_00295,GMGKJONF_00325,HLLCJJMH_00341,BMKFACGC_00329,FHDKMCMF_00284
rplB,rplB,Large ribosomal subunit protein uL2,10,10,1.0,1,2025,,,,849,849,849.0,JECDCPOO_01800,KDAEOHOB_02067,OPNKAGHI_00730,KAHEJOMD_01927,HMEEEBGO_02650,KGEHKDDB_01839,GMGKJONF_01895,HLLCJJMH_01884,BMKFACGC_01907,FHDKMCMF_01324
yeaE,yeaE,Methylglyoxal reductase YeaE,10,10,1.0,1,2023,,,,849,849,849.0,JECDCPOO_00902,KDAEOHOB_01178,OPNKAGHI_01728,KAHEJOMD_01045,HMEEEBGO_00858,KGEHKDDB_00902,GMGKJONF_00955,HLLCJJMH_00951,BMKFACGC_00984,FHDKMCMF_02193
yvgN_1,yvgN_1,Glyoxal reductase,10,10,1.0,1,2022,,,,849,849,849.0,JECDCPOO_00135,KDAEOHOB_00391,OPNKAGHI_02545,KAHEJOMD_00158,HMEEEBGO_01682,KGEHKDDB_00129,GMGKJONF_00160,HLLCJJMH_00177,BMKFACGC_00148,FHDKMCMF_00450
group_1129,,putative protein,10,10,1.0,1,2021,,,,849,849,849.0,JECDCPOO_00072,KDAEOHOB_00325,OPNKAGHI_00083,KAHEJOMD_00089,HMEEEBGO_01747,KGEHKDDB_00067,GMGKJONF_00092,HLLCJJMH_00112,BMKFACGC_00085,FHDKMCMF_00512
group_1125,,hypothetical protein,10,10,1.0,1,2015,,,,852,852,852.0,JECDCPOO_02267,KDAEOHOB_02513,OPNKAGHI_00270,KAHEJOMD_02397,HMEEEBGO_02100,KGEHKDDB_02283,GMGKJONF_02348,HLLCJJMH_02372,BMKFACGC_02366,FHDKMCMF_00872
group_1123,,hypothetical protein,10,10,1.0,1,2013,,,,852,852,852.0,JECDCPOO_01679,KDAEOHOB_01926,OPNKAGHI_00852,KAHEJOMD_01807,HMEEEBGO_02774,KGEHKDDB_01723,GMGKJONF_01778,HLLCJJMH_01764,BMKFACGC_01788,FHDKMCMF_01442
lytH,lytH,putative cell wall amidase LytH,10,10,1.0,1,2012,,,,852,852,852.0,JECDCPOO_01316,KDAEOHOB_01580,OPNKAGHI_01297,KAHEJOMD_01466,HMEEEBGO_00364,KGEHKDDB_01309,GMGKJONF_01355,HLLCJJMH_01375,BMKFACGC_01263,FHDKMCMF_01781
mreC,mreC,Cell shape-determining protein MreC,10,10,1.0,1,2011,,,,852,852,852.0,JECDCPOO_00836,KDAEOHOB_01117,OPNKAGHI_01792,KAHEJOMD_00980,HMEEEBGO_00923,KGEHKDDB_00841,GMGKJONF_00891,HLLCJJMH_00890,BMKFACGC_00916,FHDKMCMF_02254
group_1122,,hypothetical protein,10,10,1.0,1,2009,,,,855,855,855.0,JECDCPOO_02257,KDAEOHOB_02503,OPNKAGHI_00281,KAHEJOMD_02387,HMEEEBGO_02110,KGEHKDDB_02273,GMGKJONF_02338,HLLCJJMH_02362,BMKFACGC_02355,FHDKMCMF_00882
rlmA,rlmA,23S rRNA (guanine(745)-N(1))-methyltransferase,10,10,1.0,1,2008,,,,855,855,855.0,JECDCPOO_01474,KDAEOHOB_01814,OPNKAGHI_01137,KAHEJOMD_01624,HMEEEBGO_00063,KGEHKDDB_01546,GMGKJONF_01597,HLLCJJMH_01647,BMKFACGC_01094,FHDKMCMF_01626
degV_1,degV_1,Protein DegV,10,10,1.0,1,2007,,,,855,855,855.0,JECDCPOO_00360,KDAEOHOB_00618,OPNKAGHI_02293,KAHEJOMD_00392,HMEEEBGO_01442,KGEHKDDB_00358,GMGKJONF_00392,HLLCJJMH_00404,BMKFACGC_00397,FHDKMCMF_00221
qorB_2,qorB_2,Quinone oxidoreductase 2,10,10,1.0,1,2004,,,,858,858,858.0,JECDCPOO_02452,KDAEOHOB_00205,OPNKAGHI_02590,KAHEJOMD_02576,HMEEEBGO_01876,KGEHKDDB_02487,GMGKJONF_02528,HLLCJJMH_02578,BMKFACGC_02563,FHDKMCMF_00669
gltC_1,gltC_1,Transcriptional dual regulator GltC,10,10,1.0,1,2003,,,,858,858,858.0,JECDCPOO_00372,KDAEOHOB_00630,OPNKAGHI_02280,KAHEJOMD_00404,HMEEEBGO_01430,KGEHKDDB_00370,GMGKJONF_00404,HLLCJJMH_00416,BMKFACGC_00409,FHDKMCMF_00209
group_1119,,hypothetical protein,10,10,1.0,1,2002,,,,858,858,858.0,JECDCPOO_00325,KDAEOHOB_00584,OPNKAGHI_02328,KAHEJOMD_00357,HMEEEBGO_01478,KGEHKDDB_00323,GMGKJONF_00355,HLLCJJMH_00369,BMKFACGC_00357,FHDKMCMF_00256
cdaA,cdaA,Cyclic di-AMP synthase CdaA,10,10,1.0,1,2000,,,,861,861,861.0,JECDCPOO_00728,KDAEOHOB_00992,OPNKAGHI_01915,KAHEJOMD_00779,HMEEEBGO_01061,KGEHKDDB_00738,GMGKJONF_00772,HLLCJJMH_00781,BMKFACGC_00780,FHDKMCMF_02357
aroE,aroE,Shikimate dehydrogenase (NADP(+)),10,10,1.0,1,1997,,,,861,861,861.0,JECDCPOO_02032,KDAEOHOB_02298,OPNKAGHI_00499,KAHEJOMD_02169,HMEEEBGO_02334,KGEHKDDB_02078,GMGKJONF_02132,HLLCJJMH_02132,BMKFACGC_02152,FHDKMCMF_01079
pyk,pyk,Pyruvate kinase,10,10,1.0,1,1996,,,,1758,1758,1758.0,JECDCPOO_01284,KDAEOHOB_01548,OPNKAGHI_01331,KAHEJOMD_01434,HMEEEBGO_00396,KGEHKDDB_01277,GMGKJONF_01323,HLLCJJMH_01343,BMKFACGC_01295,FHDKMCMF_01813
rbgA,rbgA,Ribosome biogenesis GTPase A,10,10,1.0,1,1995,,,,861,861,861.0,JECDCPOO_01251,KDAEOHOB_01515,OPNKAGHI_01361,KAHEJOMD_01386,HMEEEBGO_00429,KGEHKDDB_01240,GMGKJONF_01293,HLLCJJMH_01296,BMKFACGC_01336,FHDKMCMF_01851
ypsC,ypsC,Putative RNA methyltransferase YpsC,10,10,1.0,1,1991,,,,1143,1143,1143.0,JECDCPOO_01181,KDAEOHOB_01446,OPNKAGHI_01434,KAHEJOMD_01317,HMEEEBGO_00498,KGEHKDDB_01171,GMGKJONF_01226,HLLCJJMH_01220,BMKFACGC_01408,FHDKMCMF_01923
rhaR_4,rhaR_4,HTH-type transcriptional activator RhaR,10,10,1.0,1,1988,,,,864,864,864.0,JECDCPOO_02399,KDAEOHOB_00153,OPNKAGHI_00155,KAHEJOMD_02517,HMEEEBGO_01929,KGEHKDDB_02428,GMGKJONF_02474,HLLCJJMH_02534,BMKFACGC_02497,FHDKMCMF_00732
lgt,lgt,Phosphatidylglycerol--prolipoprotein diacylglyceryl transferase,10,10,1.0,1,1987,,,,864,864,864.0,JECDCPOO_00686,KDAEOHOB_00950,OPNKAGHI_01958,KAHEJOMD_00737,HMEEEBGO_01103,KGEHKDDB_00696,GMGKJONF_00729,HLLCJJMH_00738,BMKFACGC_00736,FHDKMCMF_02399
ykwC,ykwC,putative oxidoreductase YkwC,10,10,1.0,1,1985,,,,867,867,867.0,JECDCPOO_01915,KDAEOHOB_02185,OPNKAGHI_00613,KAHEJOMD_02052,HMEEEBGO_02454,KGEHKDDB_01962,GMGKJONF_02017,HLLCJJMH_02008,BMKFACGC_02022,FHDKMCMF_01197
group_1111,,putative ketoamine kinase,10,10,1.0,1,1984,,,,867,867,867.0,JECDCPOO_01317,KDAEOHOB_01581,OPNKAGHI_01296,KAHEJOMD_01467,HMEEEBGO_00363,KGEHKDDB_01310,GMGKJONF_01356,HLLCJJMH_01376,BMKFACGC_01262,FHDKMCMF_01780
degV_2,degV_2,Protein DegV,10,10,1.0,1,1983,,,,867,867,867.0,JECDCPOO_01207,KDAEOHOB_01468,OPNKAGHI_01412,KAHEJOMD_01339,HMEEEBGO_00476,KGEHKDDB_01193,GMGKJONF_01248,HLLCJJMH_01242,BMKFACGC_01385,FHDKMCMF_01901
folD,folD,Bifunctional protein FolD protein,10,10,1.0,1,1981,,,,867,867,867.0,JECDCPOO_01038,KDAEOHOB_01313,OPNKAGHI_01585,KAHEJOMD_01180,HMEEEBGO_00634,KGEHKDDB_01037,GMGKJONF_01090,HLLCJJMH_01086,BMKFACGC_01521,FHDKMCMF_02058
glcU,glcU,putative glucose uptake protein GlcU,10,10,1.0,1,1980,,,,867,867,867.0,JECDCPOO_00776,KDAEOHOB_01037,OPNKAGHI_01853,KAHEJOMD_00840,HMEEEBGO_01004,KGEHKDDB_00781,GMGKJONF_00831,HLLCJJMH_00827,BMKFACGC_00849,FHDKMCMF_02314
lacX_2,lacX_2,Protein LacX plasmid,10,10,1.0,1,1971,,,,873,873,873.0,JECDCPOO_01244,KDAEOHOB_01508,OPNKAGHI_01368,KAHEJOMD_01379,HMEEEBGO_00436,KGEHKDDB_01233,GMGKJONF_01286,HLLCJJMH_01289,BMKFACGC_01344,FHDKMCMF_01858
group_1102,,hypothetical protein,10,10,1.0,1,1969,,,,873,873,873.0,JECDCPOO_01027,KDAEOHOB_01302,OPNKAGHI_01596,KAHEJOMD_01169,HMEEEBGO_00645,KGEHKDDB_01026,GMGKJONF_01079,HLLCJJMH_01075,BMKFACGC_01532,FHDKMCMF_02069
group_1101,,hypothetical protein,10,10,1.0,1,1968,,,,873,873,873.0,JECDCPOO_00261,KDAEOHOB_00519,OPNKAGHI_02399,KAHEJOMD_00298,HMEEEBGO_01541,KGEHKDDB_00259,GMGKJONF_00294,HLLCJJMH_00304,BMKFACGC_00288,FHDKMCMF_00320
gmuE,gmuE,Putative fructokinase,10,10,1.0,1,1967,,,,876,876,876.0,JECDCPOO_02326,KDAEOHOB_00072,OPNKAGHI_00214,KAHEJOMD_02445,HMEEEBGO_02002,KGEHKDDB_02353,GMGKJONF_02393,HLLCJJMH_02432,BMKFACGC_02414,FHDKMCMF_00812
yckB,yckB,putative ABC transporter extracellular-binding protein YckB,10,10,1.0,1,1963,,,,879,879,879.0,JECDCPOO_01441,KDAEOHOB_01781,OPNKAGHI_01171,KAHEJOMD_01590,HMEEEBGO_00097,KGEHKDDB_01513,GMGKJONF_01562,HLLCJJMH_01613,BMKFACGC_01128,FHDKMCMF_01659
lacX_1,lacX_1,Protein LacX plasmid,10,10,1.0,1,1962,,,,879,879,879.0,JECDCPOO_00161,KDAEOHOB_00417,OPNKAGHI_02513,KAHEJOMD_00196,HMEEEBGO_01642,KGEHKDDB_00159,GMGKJONF_00184,HLLCJJMH_00203,BMKFACGC_00181,FHDKMCMF_00420
group_1097,,ADP-polyphosphate phosphotransferase,10,10,1.0,1,1959,,,,882,882,882.0,JECDCPOO_01376,KDAEOHOB_01714,OPNKAGHI_01239,KAHEJOMD_01524,HMEEEBGO_00226,KGEHKDDB_01448,GMGKJONF_01497,HLLCJJMH_01433,BMKFACGC_01197,FHDKMCMF_01724
cvfB,cvfB,Conserved virulence factor B,10,10,1.0,1,1958,,,,882,882,882.0,JECDCPOO_01283,KDAEOHOB_01547,OPNKAGHI_01332,KAHEJOMD_01433,HMEEEBGO_00397,KGEHKDDB_01276,GMGKJONF_01322,HLLCJJMH_01342,BMKFACGC_01296,FHDKMCMF_01814
ykuT,ykuT,putative MscS family protein YkuT,10,10,1.0,1,1957,,,,882,882,882.0,JECDCPOO_00883,KDAEOHOB_01159,OPNKAGHI_01748,KAHEJOMD_01027,HMEEEBGO_00876,KGEHKDDB_00884,GMGKJONF_00937,HLLCJJMH_00933,BMKFACGC_00965,FHDKMCMF_02211
pstS1_1,pstS1_1,Phosphate-binding protein PstS 1,10,10,1.0,1,1956,,,,882,882,882.0,JECDCPOO_00677,KDAEOHOB_00941,OPNKAGHI_01967,KAHEJOMD_00728,HMEEEBGO_01112,KGEHKDDB_00687,GMGKJONF_00720,HLLCJJMH_00729,BMKFACGC_00727,FHDKMCMF_02408
rsmI,rsmI,Ribosomal RNA small subunit methyltransferase I,10,10,1.0,1,1955,,,,882,882,882.0,JECDCPOO_00653,KDAEOHOB_00917,OPNKAGHI_01995,KAHEJOMD_00704,HMEEEBGO_01136,KGEHKDDB_00663,GMGKJONF_00696,HLLCJJMH_00705,BMKFACGC_00702,FHDKMCMF_02432
thrB_1,thrB_1,Homoserine kinase,10,10,1.0,1,1954,,,,882,882,882.0,JECDCPOO_00594,KDAEOHOB_00852,OPNKAGHI_02056,KAHEJOMD_00635,HMEEEBGO_01200,KGEHKDDB_00604,GMGKJONF_00631,HLLCJJMH_00642,BMKFACGC_00637,FHDKMCMF_02491
group_1093,,hypothetical protein,10,10,1.0,1,1950,,,,297,297,297.0,JECDCPOO_00881,KDAEOHOB_01157,OPNKAGHI_01750,KAHEJOMD_01025,HMEEEBGO_00878,KGEHKDDB_00881,GMGKJONF_00935,HLLCJJMH_00930,BMKFACGC_00962,FHDKMCMF_02214
spo0J,spo0J,Stage 0 sporulation protein J,10,10,1.0,1,1949,,,,885,885,885.0,JECDCPOO_02207,KDAEOHOB_02453,OPNKAGHI_00330,KAHEJOMD_02340,HMEEEBGO_02157,KGEHKDDB_02228,GMGKJONF_02288,HLLCJJMH_02314,BMKFACGC_02301,FHDKMCMF_00925
tsf,tsf,Elongation factor Ts,10,10,1.0,1,1948,,,,885,885,885.0,JECDCPOO_01360,KDAEOHOB_01699,OPNKAGHI_01255,KAHEJOMD_01509,HMEEEBGO_00241,KGEHKDDB_01433,GMGKJONF_01481,HLLCJJMH_01418,BMKFACGC_01214,FHDKMCMF_01739
group_1092,,hypothetical protein,10,10,1.0,1,1947,,,,885,885,885.0,JECDCPOO_00819,KDAEOHOB_01100,OPNKAGHI_01809,KAHEJOMD_00963,HMEEEBGO_00940,KGEHKDDB_00824,GMGKJONF_00874,HLLCJJMH_00872,BMKFACGC_00898,FHDKMCMF_02271
yvcJ,yvcJ,Nucleotide-binding protein YvcJ,10,10,1.0,1,1946,,,,885,885,885.0,JECDCPOO_00696,KDAEOHOB_00960,OPNKAGHI_01948,KAHEJOMD_00747,HMEEEBGO_01093,KGEHKDDB_00706,GMGKJONF_00739,HLLCJJMH_00748,BMKFACGC_00746,FHDKMCMF_02389
group_1091,,hypothetical protein,10,10,1.0,1,1945,,,,885,885,885.0,JECDCPOO_00679,KDAEOHOB_00943,OPNKAGHI_01965,KAHEJOMD_00730,HMEEEBGO_01110,KGEHKDDB_00689,GMGKJONF_00722,HLLCJJMH_00731,BMKFACGC_00729,FHDKMCMF_02406
mlhB,mlhB,Monoterpene epsilon-lactone hydrolase,10,10,1.0,1,1944,,,,885,885,885.0,JECDCPOO_00253,KDAEOHOB_00511,OPNKAGHI_02411,KAHEJOMD_00290,HMEEEBGO_01549,KGEHKDDB_00251,GMGKJONF_00286,HLLCJJMH_00296,BMKFACGC_00280,FHDKMCMF_00328
gltC_3,gltC_3,Transcriptional dual regulator GltC,10,10,1.0,1,1940,,,,888,888,888.0,JECDCPOO_02378,KDAEOHOB_00129,OPNKAGHI_00171,KAHEJOMD_02498,HMEEEBGO_01953,KGEHKDDB_02405,GMGKJONF_02457,HLLCJJMH_02487,BMKFACGC_02476,FHDKMCMF_00759
hslO,hslO,33 kDa chaperonin,10,10,1.0,1,1938,,,,888,888,888.0,JECDCPOO_00570,KDAEOHOB_00830,OPNKAGHI_02081,KAHEJOMD_00611,HMEEEBGO_01224,KGEHKDDB_00580,GMGKJONF_00607,HLLCJJMH_00617,BMKFACGC_00611,FHDKMCMF_00007
hsrA,hsrA,putative transport protein HsrA,10,10,1.0,1,1937,,,,1278,1395,1383.3,JECDCPOO_00174,KDAEOHOB_00430,OPNKAGHI_02500,KAHEJOMD_00209,HMEEEBGO_01629,KGEHKDDB_00172,GMGKJONF_00197,HLLCJJMH_00216,BMKFACGC_00194,FHDKMCMF_00407
group_1088,,hypothetical protein,10,10,1.0,1,1936,,,,891,891,891.0,JECDCPOO_02394,KDAEOHOB_00147,OPNKAGHI_00162,KAHEJOMD_02510,HMEEEBGO_01935,KGEHKDDB_02423,GMGKJONF_02469,HLLCJJMH_02539,BMKFACGC_02492,FHDKMCMF_00737
pstS1_2,pstS1_2,Phosphate-binding protein PstS 1,10,10,1.0,1,1935,,,,891,891,891.0,JECDCPOO_01983,KDAEOHOB_02254,OPNKAGHI_00539,KAHEJOMD_02121,HMEEEBGO_02383,KGEHKDDB_02031,GMGKJONF_02089,HLLCJJMH_02079,BMKFACGC_02097,FHDKMCMF_01126
pstA,pstA,Phosphate transport system permease protein PstA,10,10,1.0,1,1934,,,,891,891,891.0,JECDCPOO_01981,KDAEOHOB_02252,OPNKAGHI_00541,KAHEJOMD_02119,HMEEEBGO_02385,KGEHKDDB_02029,GMGKJONF_02087,HLLCJJMH_02077,BMKFACGC_02095,FHDKMCMF_01128
rsmA,rsmA,Ribosomal RNA small subunit methyltransferase A,10,10,1.0,1,1932,,,,891,891,891.0,JECDCPOO_00494,KDAEOHOB_00754,OPNKAGHI_02165,KAHEJOMD_00532,HMEEEBGO_01306,KGEHKDDB_00493,GMGKJONF_00527,HLLCJJMH_00538,BMKFACGC_00524,FHDKMCMF_00085
ruvB,ruvB,Holliday junction branch migration complex subunit RuvB,10,10,1.0,1,1931,,,,1017,1017,1017.0,JECDCPOO_00855,KDAEOHOB_01136,OPNKAGHI_01772,KAHEJOMD_00999,HMEEEBGO_00904,KGEHKDDB_00860,GMGKJONF_00910,HLLCJJMH_00909,BMKFACGC_00935,FHDKMCMF_02235
group_1086,,hypothetical protein,10,11,1.1,1,1929,,,,105,366,335.1818181818182,JECDCPOO_01950,KDAEOHOB_02220,OPNKAGHI_00573,KAHEJOMD_02087,HMEEEBGO_02419,KGEHKDDB_01997,GMGKJONF_02052,HLLCJJMH_02043,BMKFACGC_02061;BMKFACGC_02062,FHDKMCMF_01162
group_1080,,Multidrug efflux system ATP-binding protein,10,10,1.0,1,1921,,,,894,894,894.0,JECDCPOO_01958,KDAEOHOB_02228,OPNKAGHI_00565,KAHEJOMD_02095,HMEEEBGO_02411,KGEHKDDB_02005,GMGKJONF_02060,HLLCJJMH_02051,BMKFACGC_02070,FHDKMCMF_01154
isdE,isdE,High-affinity heme uptake system protein IsdE,10,10,1.0,1,1920,,,,894,894,894.0,JECDCPOO_00744,KDAEOHOB_01008,OPNKAGHI_01897,KAHEJOMD_00795,HMEEEBGO_01045,KGEHKDDB_00754,GMGKJONF_00788,HLLCJJMH_00797,BMKFACGC_00799,FHDKMCMF_02341
ytrB_1,ytrB_1,ABC transporter ATP-binding protein YtrB,10,10,1.0,1,1919,,,,894,894,894.0,JECDCPOO_00444,KDAEOHOB_00702,OPNKAGHI_02216,KAHEJOMD_00480,HMEEEBGO_01358,KGEHKDDB_00442,GMGKJONF_00477,HLLCJJMH_00487,BMKFACGC_00469,FHDKMCMF_00138
bceB,bceB,Bacitracin export permease protein BceB,10,10,1.0,1,1915,,,,1812,1812,1812.0,JECDCPOO_00413,KDAEOHOB_00670,OPNKAGHI_02239,KAHEJOMD_00444,HMEEEBGO_01389,KGEHKDDB_00410,GMGKJONF_00445,HLLCJJMH_00456,BMKFACGC_00451,FHDKMCMF_00169
czcD,czcD,Cadmium cobalt and zinc/H(+)-K(+) antiporter,10,10,1.0,1,1913,,,,897,897,897.0,JECDCPOO_01832,KDAEOHOB_02099,OPNKAGHI_00697,KAHEJOMD_01960,HMEEEBGO_02618,KGEHKDDB_01871,GMGKJONF_01927,HLLCJJMH_01916,BMKFACGC_01939,FHDKMCMF_01291
xerD,xerD,Tyrosine recombinase XerD,10,10,1.0,1,1912,,,,897,897,897.0,JECDCPOO_01282,KDAEOHOB_01546,OPNKAGHI_01333,KAHEJOMD_01432,HMEEEBGO_00398,KGEHKDDB_01275,GMGKJONF_01321,HLLCJJMH_01341,BMKFACGC_01297,FHDKMCMF_01815
rsgA,rsgA,Small ribosomal subunit biogenesis GTPase RsgA,10,10,1.0,1,1911,,,,897,897,897.0,JECDCPOO_01056,KDAEOHOB_01330,OPNKAGHI_01566,KAHEJOMD_01197,HMEEEBGO_00616,KGEHKDDB_01055,GMGKJONF_01107,HLLCJJMH_01104,BMKFACGC_01503,FHDKMCMF_02040
htpX,htpX,Protease HtpX,10,10,1.0,1,1910,,,,897,897,897.0,JECDCPOO_00548,KDAEOHOB_00808,OPNKAGHI_02103,KAHEJOMD_00589,HMEEEBGO_01247,KGEHKDDB_00558,GMGKJONF_00584,HLLCJJMH_00595,BMKFACGC_00588,FHDKMCMF_00030
group_1073,,hypothetical protein,10,10,1.0,1,1905,,,,900,900,900.0,JECDCPOO_01484,KDAEOHOB_01825,OPNKAGHI_01115,KAHEJOMD_01634,HMEEEBGO_00053,KGEHKDDB_01557,GMGKJONF_01607,HLLCJJMH_01658,BMKFACGC_01084,FHDKMCMF_01615
group_1072,,hypothetical protein,10,10,1.0,1,1904,,,,903,903,903.0,JECDCPOO_01907,KDAEOHOB_02177,OPNKAGHI_00616,KAHEJOMD_02044,HMEEEBGO_02462,KGEHKDDB_01953,GMGKJONF_02009,HLLCJJMH_02000,BMKFACGC_02014,FHDKMCMF_01205
group_1071,,Farnesyl diphosphate synthase,10,10,1.0,1,1903,,,,903,903,903.0,JECDCPOO_01041,KDAEOHOB_01316,OPNKAGHI_01582,KAHEJOMD_01183,HMEEEBGO_00631,KGEHKDDB_01040,GMGKJONF_01093,HLLCJJMH_01089,BMKFACGC_01518,FHDKMCMF_02055
yidC,yidC,Membrane protein insertase YidC,10,10,1.0,1,1902,,,,903,903,903.0,JECDCPOO_01002,KDAEOHOB_01277,OPNKAGHI_01623,KAHEJOMD_01143,HMEEEBGO_00670,KGEHKDDB_01001,GMGKJONF_01054,HLLCJJMH_01050,BMKFACGC_01560,FHDKMCMF_02094
group_1070,,6-phosphogluconate dehydrogenase NAD(+)-dependent decarboxylating,10,10,1.0,1,1901,,,,903,903,903.0,JECDCPOO_00165,KDAEOHOB_00421,OPNKAGHI_02509,KAHEJOMD_00200,HMEEEBGO_01638,KGEHKDDB_00163,GMGKJONF_00188,HLLCJJMH_00207,BMKFACGC_00185,FHDKMCMF_00416
group_1067,,hypothetical protein,10,10,1.0,1,1896,,,,906,906,906.0,JECDCPOO_02455,KDAEOHOB_00208,OPNKAGHI_02593,KAHEJOMD_02579,HMEEEBGO_01873,KGEHKDDB_02490,GMGKJONF_02531,HLLCJJMH_02582,BMKFACGC_02566,FHDKMCMF_00666
era,era,GTPase Era,10,10,1.0,1,1895,,,,906,906,906.0,JECDCPOO_01298,KDAEOHOB_01562,OPNKAGHI_01316,KAHEJOMD_01448,HMEEEBGO_00382,KGEHKDDB_01291,GMGKJONF_01337,HLLCJJMH_01357,BMKFACGC_01281,FHDKMCMF_01799
gtaB,gtaB,UTP--glucose-1-phosphate uridylyltransferase,10,10,1.0,1,1894,,,,906,906,906.0,JECDCPOO_00688,KDAEOHOB_00952,OPNKAGHI_01956,KAHEJOMD_00739,HMEEEBGO_01101,KGEHKDDB_00698,GMGKJONF_00731,HLLCJJMH_00740,BMKFACGC_00738,FHDKMCMF_02397
group_1066,,hypothetical protein,10,10,1.0,1,1893,,,,909,909,909.0,JECDCPOO_00371,KDAEOHOB_00629,OPNKAGHI_02281,KAHEJOMD_00403,HMEEEBGO_01431,KGEHKDDB_00369,GMGKJONF_00403,HLLCJJMH_00415,BMKFACGC_00408,FHDKMCMF_00210
ldh_2,ldh_2,L-lactate dehydrogenase,10,10,1.0,1,1889,,,,909,909,909.0,JECDCPOO_01420,KDAEOHOB_01760,OPNKAGHI_01194,KAHEJOMD_01568,HMEEEBGO_00118,KGEHKDDB_01492,GMGKJONF_01541,HLLCJJMH_01592,BMKFACGC_01151,FHDKMCMF_01680
fpaP,fpaP,Proline iminopeptidase,10,10,1.0,1,1886,,,,912,912,912.0,JECDCPOO_01896,KDAEOHOB_02167,OPNKAGHI_00629,KAHEJOMD_02034,HMEEEBGO_02472,KGEHKDDB_01943,GMGKJONF_01995,HLLCJJMH_01989,BMKFACGC_02004,FHDKMCMF_01215
group_1061,,hypothetical protein,10,10,1.0,1,1885,,,,912,912,912.0,JECDCPOO_01678,KDAEOHOB_01925,OPNKAGHI_00853,KAHEJOMD_01806,HMEEEBGO_02775,KGEHKDDB_01722,GMGKJONF_01777,HLLCJJMH_01763,BMKFACGC_01787,FHDKMCMF_01443
truB,truB,tRNA pseudouridine synthase B,10,10,1.0,1,1884,,,,912,912,912.0,JECDCPOO_01344,KDAEOHOB_01683,OPNKAGHI_01271,KAHEJOMD_01493,HMEEEBGO_00257,KGEHKDDB_01417,GMGKJONF_01465,HLLCJJMH_01402,BMKFACGC_01230,FHDKMCMF_01755
menA_2,menA_2,14-dihydroxy-2-naphthoate octaprenyltransferase,10,10,1.0,1,1881,,,,915,915,915.0,JECDCPOO_02467,KDAEOHOB_00222,OPNKAGHI_02611,KAHEJOMD_02592,HMEEEBGO_01861,KGEHKDDB_02502,GMGKJONF_02545,HLLCJJMH_02594,BMKFACGC_02578,FHDKMCMF_00654
rihC_2,rihC_2,Non-specific ribonucleoside hydrolase RihC,10,10,1.0,1,1880,,,,915,915,915.0,JECDCPOO_02212,KDAEOHOB_02458,OPNKAGHI_00325,KAHEJOMD_02345,HMEEEBGO_02152,KGEHKDDB_02233,GMGKJONF_02293,HLLCJJMH_02319,BMKFACGC_02306,FHDKMCMF_00920
group_1059,,hypothetical protein,10,10,1.0,1,1878,,,,915,915,915.0,JECDCPOO_00094,KDAEOHOB_00347,OPNKAGHI_00106,KAHEJOMD_00113,HMEEEBGO_01725,KGEHKDDB_00089,GMGKJONF_00117,HLLCJJMH_00135,BMKFACGC_00109,FHDKMCMF_00490
group_1057,,hypothetical protein,10,10,1.0,1,1875,,,,918,918,918.0,JECDCPOO_01989,KDAEOHOB_02260,OPNKAGHI_00533,KAHEJOMD_02127,HMEEEBGO_02377,KGEHKDDB_02037,GMGKJONF_02095,HLLCJJMH_02085,BMKFACGC_02105,FHDKMCMF_01120
group_1055,,hypothetical protein,10,10,1.0,1,1873,,,,918,918,918.0,JECDCPOO_00336,KDAEOHOB_00595,OPNKAGHI_02317,KAHEJOMD_00368,HMEEEBGO_01467,KGEHKDDB_00334,GMGKJONF_00366,HLLCJJMH_00380,BMKFACGC_00368,FHDKMCMF_00245
rbsK,rbsK,Ribokinase,10,10,1.0,1,1871,,,,921,921,921.0,JECDCPOO_01435,KDAEOHOB_01775,OPNKAGHI_01178,KAHEJOMD_01584,HMEEEBGO_00103,KGEHKDDB_01507,GMGKJONF_01556,HLLCJJMH_01607,BMKFACGC_01134,FHDKMCMF_01665
group_1053,,hypothetical protein,10,10,1.0,1,1870,,,,921,921,921.0,JECDCPOO_01261,KDAEOHOB_01525,OPNKAGHI_01355,KAHEJOMD_01411,HMEEEBGO_00419,KGEHKDDB_01254,GMGKJONF_01299,HLLCJJMH_01319,BMKFACGC_01318,FHDKMCMF_01836
ppx_1,ppx_1,Exopolyphosphatase,10,10,1.0,1,1868,,,,921,921,921.0,JECDCPOO_00485,KDAEOHOB_00745,OPNKAGHI_02175,KAHEJOMD_00523,HMEEEBGO_01315,KGEHKDDB_00484,GMGKJONF_00518,HLLCJJMH_00529,BMKFACGC_00515,FHDKMCMF_00094
coaA,coaA,Pantothenate kinase,10,10,1.0,1,1863,,,,924,924,924.0,JECDCPOO_01873,KDAEOHOB_02145,OPNKAGHI_00652,KAHEJOMD_02012,HMEEEBGO_02494,KGEHKDDB_01921,GMGKJONF_01972,HLLCJJMH_01967,BMKFACGC_01982,FHDKMCMF_01237
glyQ,glyQ,Glycine--tRNA ligase alpha subunit,10,10,1.0,1,1862,,,,924,924,924.0,JECDCPOO_01296,KDAEOHOB_01560,OPNKAGHI_01318,KAHEJOMD_01446,HMEEEBGO_00384,KGEHKDDB_01289,GMGKJONF_01335,HLLCJJMH_01355,BMKFACGC_01283,FHDKMCMF_01801
kimA,kimA,Potassium transporter KimA,10,10,1.0,1,1861,,,,1836,1836,1836.0,JECDCPOO_00664,KDAEOHOB_00928,OPNKAGHI_01982,KAHEJOMD_00715,HMEEEBGO_01125,KGEHKDDB_00674,GMGKJONF_00707,HLLCJJMH_00716,BMKFACGC_00713,FHDKMCMF_02421
group_1048,,hypothetical protein,10,10,1.0,1,1858,,,,927,927,927.0,JECDCPOO_02191,KDAEOHOB_02437,OPNKAGHI_00346,KAHEJOMD_02324,HMEEEBGO_02173,KGEHKDDB_02212,GMGKJONF_02272,HLLCJJMH_02298,BMKFACGC_02285,FHDKMCMF_00941
rluD_2,rluD_2,Ribosomal large subunit pseudouridine synthase D,10,10,1.0,1,1856,,,,927,927,927.0,JECDCPOO_01199,KDAEOHOB_01460,OPNKAGHI_01419,KAHEJOMD_01331,HMEEEBGO_00484,KGEHKDDB_01185,GMGKJONF_01240,HLLCJJMH_01234,BMKFACGC_01394,FHDKMCMF_01909
group_1045,,hypothetical protein,10,10,1.0,1,1854,,,,927,927,927.0,JECDCPOO_02081,KDAEOHOB_02349,OPNKAGHI_00444,KAHEJOMD_02220,HMEEEBGO_02286,KGEHKDDB_02128,GMGKJONF_02184,HLLCJJMH_02181,BMKFACGC_02203,FHDKMCMF_01030
dnaI,dnaI,Replicative helicase loader DnaI,10,10,1.0,1,1853,,,,927,927,927.0,JECDCPOO_00979,KDAEOHOB_01254,OPNKAGHI_01648,KAHEJOMD_01121,HMEEEBGO_00693,KGEHKDDB_00978,GMGKJONF_01031,HLLCJJMH_01027,BMKFACGC_01587,FHDKMCMF_02117
pstC1,pstC1,Phosphate transport system permease protein PstC 1,10,10,1.0,1,1852,,,,927,927,927.0,JECDCPOO_00678,KDAEOHOB_00942,OPNKAGHI_01966,KAHEJOMD_00729,HMEEEBGO_01111,KGEHKDDB_00688,GMGKJONF_00721,HLLCJJMH_00730,BMKFACGC_00728,FHDKMCMF_02407
scpA_1,scpA_1,Kumamolisin-As,10,10,1.0,1,1847,,,,1842,1842,1842.0,JECDCPOO_00254,KDAEOHOB_00512,OPNKAGHI_02410,KAHEJOMD_00291,HMEEEBGO_01548,KGEHKDDB_00252,GMGKJONF_00287,HLLCJJMH_00297,BMKFACGC_00281,FHDKMCMF_00327
panE,panE,2-dehydropantoate 2-reductase,10,10,1.0,1,1846,,,,930,930,930.0,JECDCPOO_02293,KDAEOHOB_00045,OPNKAGHI_00246,KAHEJOMD_02419,HMEEEBGO_02037,KGEHKDDB_02320,GMGKJONF_02369,HLLCJJMH_02398,BMKFACGC_02388,FHDKMCMF_00846
dppB,dppB,Dipeptide transport system permease protein DppB,10,10,1.0,1,1845,,,,930,930,930.0,JECDCPOO_01880,KDAEOHOB_02152,OPNKAGHI_00645,KAHEJOMD_02019,HMEEEBGO_02487,KGEHKDDB_01928,GMGKJONF_01979,HLLCJJMH_01974,BMKFACGC_01989,FHDKMCMF_01230
nfo,nfo,putative endonuclease 4,10,10,1.0,1,1844,,,,930,930,930.0,JECDCPOO_01307,KDAEOHOB_01571,OPNKAGHI_01307,KAHEJOMD_01457,HMEEEBGO_00373,KGEHKDDB_01300,GMGKJONF_01346,HLLCJJMH_01366,BMKFACGC_01272,FHDKMCMF_01790
ppaC,ppaC,putative manganese-dependent inorganic pyrophosphatase,10,10,1.0,1,1843,,,,930,930,930.0,JECDCPOO_01239,KDAEOHOB_01503,OPNKAGHI_01375,KAHEJOMD_01374,HMEEEBGO_00441,KGEHKDDB_01228,GMGKJONF_01281,HLLCJJMH_01284,BMKFACGC_01349,FHDKMCMF_01863
btuD_1,btuD_1,Vitamin B12 import ATP-binding protein BtuD,10,10,1.0,1,1841,,,,930,930,930.0,JECDCPOO_00282,KDAEOHOB_00540,OPNKAGHI_02382,KAHEJOMD_00314,HMEEEBGO_01520,KGEHKDDB_00280,GMGKJONF_00310,HLLCJJMH_00326,BMKFACGC_00314,FHDKMCMF_00299
rihA_2,rihA_2,Pyrimidine-specific ribonucleoside hydrolase RihA,10,10,1.0,1,1838,,,,933,933,933.0,JECDCPOO_02300,KDAEOHOB_00052,OPNKAGHI_00233,KAHEJOMD_02426,HMEEEBGO_02030,KGEHKDDB_02327,GMGKJONF_02376,HLLCJJMH_02405,BMKFACGC_02395,FHDKMCMF_00839
group_1037,,hypothetical protein,10,10,1.0,1,1837,,,,933,933,933.0,JECDCPOO_01889,KDAEOHOB_02160,OPNKAGHI_00636,KAHEJOMD_02027,HMEEEBGO_02479,KGEHKDDB_01936,GMGKJONF_01988,HLLCJJMH_01982,BMKFACGC_01997,FHDKMCMF_01222
opuCC,opuCC,Glycine betaine/carnitine/choline-binding protein OpuCC,10,10,1.0,1,1836,,,,933,933,933.0,JECDCPOO_00318,KDAEOHOB_00577,OPNKAGHI_02335,KAHEJOMD_00350,HMEEEBGO_01485,KGEHKDDB_00316,GMGKJONF_00348,HLLCJJMH_00362,BMKFACGC_00350,FHDKMCMF_00263
menH_1,menH_1,2-succinyl-6-hydroxy-24-cyclohexadiene-1-carboxylate synthase,10,10,1.0,1,1835,,,,933,933,933.0,JECDCPOO_00251,KDAEOHOB_00509,OPNKAGHI_02413,KAHEJOMD_00288,HMEEEBGO_01551,KGEHKDDB_00249,GMGKJONF_00284,HLLCJJMH_00294,BMKFACGC_00278,FHDKMCMF_00330
prsA_2,prsA_2,Foldase protein PrsA,10,10,1.0,1,1832,,,,936,936,936.0,JECDCPOO_01497,KDAEOHOB_01838,OPNKAGHI_01102,KAHEJOMD_01647,HMEEEBGO_00040,KGEHKDDB_01570,GMGKJONF_01620,HLLCJJMH_01671,BMKFACGC_01071,FHDKMCMF_01602
rihB,rihB,Pyrimidine-specific ribonucleoside hydrolase RihB,10,10,1.0,1,1829,,,,936,936,936.0,JECDCPOO_02353,KDAEOHOB_00104,OPNKAGHI_00186,KAHEJOMD_02473,HMEEEBGO_01969,KGEHKDDB_02380,GMGKJONF_02432,HLLCJJMH_02460,BMKFACGC_02447,FHDKMCMF_00784
group_1033,xerC_2,Tyrosine recombinase XerC,10,10,1.0,1,1828,,,,936,936,936.0,JECDCPOO_01247,KDAEOHOB_01511,OPNKAGHI_01365,KAHEJOMD_01382,HMEEEBGO_00433,KGEHKDDB_01236,GMGKJONF_01289,HLLCJJMH_01292,BMKFACGC_01341,FHDKMCMF_01855
ppx_2,ppx_2,Exopolyphosphatase,10,10,1.0,1,1827,,,,936,936,936.0,JECDCPOO_00747,KDAEOHOB_01011,OPNKAGHI_01893,KAHEJOMD_00799,HMEEEBGO_01042,KGEHKDDB_00757,GMGKJONF_00791,HLLCJJMH_00800,BMKFACGC_00802,FHDKMCMF_02338
hprK,hprK,HPr kinase/phosphorylase,10,10,1.0,1,1826,,,,936,936,936.0,JECDCPOO_00685,KDAEOHOB_00949,OPNKAGHI_01959,KAHEJOMD_00736,HMEEEBGO_01104,KGEHKDDB_00695,GMGKJONF_00728,HLLCJJMH_00737,BMKFACGC_00735,FHDKMCMF_02400
group_1031,,hypothetical protein,10,10,1.0,1,1824,,,,939,939,939.0,JECDCPOO_01268,KDAEOHOB_01532,OPNKAGHI_01348,KAHEJOMD_01418,HMEEEBGO_00412,KGEHKDDB_01261,GMGKJONF_01307,HLLCJJMH_01327,BMKFACGC_01311,FHDKMCMF_01829
ddrA,ddrA,Diol dehydratase-reactivating factor large subunit,10,10,1.0,1,1822,,,,1851,1851,1851.0,JECDCPOO_01718,KDAEOHOB_01965,OPNKAGHI_00809,KAHEJOMD_01846,HMEEEBGO_02734,KGEHKDDB_01761,GMGKJONF_01817,HLLCJJMH_01802,BMKFACGC_01828,FHDKMCMF_01404
whiA,whiA,putative cell division protein WhiA,10,10,1.0,1,1821,,,,939,939,939.0,JECDCPOO_00698,KDAEOHOB_00962,OPNKAGHI_01946,KAHEJOMD_00749,HMEEEBGO_01091,KGEHKDDB_00708,GMGKJONF_00741,HLLCJJMH_00750,BMKFACGC_00748,FHDKMCMF_02387
group_1030,,hypothetical protein,10,10,1.0,1,1820,,,,939,939,939.0,JECDCPOO_00445,KDAEOHOB_00703,OPNKAGHI_02215,KAHEJOMD_00481,HMEEEBGO_01357,KGEHKDDB_00443,GMGKJONF_00478,HLLCJJMH_00488,BMKFACGC_00470,FHDKMCMF_00137
group_1027,,hypothetical protein,10,10,1.0,1,1816,,,,942,942,942.0,JECDCPOO_01028,KDAEOHOB_01303,OPNKAGHI_01595,KAHEJOMD_01170,HMEEEBGO_00644,KGEHKDDB_01027,GMGKJONF_01080,HLLCJJMH_01076,BMKFACGC_01531,FHDKMCMF_02068
trxB,trxB,Thioredoxin reductase,10,10,1.0,1,1815,,,,942,942,942.0,JECDCPOO_00689,KDAEOHOB_00953,OPNKAGHI_01955,KAHEJOMD_00740,HMEEEBGO_01100,KGEHKDDB_00699,GMGKJONF_00732,HLLCJJMH_00741,BMKFACGC_00739,FHDKMCMF_02396
dnaG,dnaG,DNA primase,10,10,1.0,1,1812,,,,1866,1866,1866.0,JECDCPOO_01294,KDAEOHOB_01558,OPNKAGHI_01320,KAHEJOMD_01444,HMEEEBGO_00386,KGEHKDDB_01287,GMGKJONF_01333,HLLCJJMH_01353,BMKFACGC_01285,FHDKMCMF_01803
yicL_1,yicL_1,putative inner membrane transporter YicL,10,10,1.0,1,1810,,,,945,945,945.0,JECDCPOO_00293,KDAEOHOB_00552,OPNKAGHI_02364,KAHEJOMD_00325,HMEEEBGO_01510,KGEHKDDB_00291,GMGKJONF_00321,HLLCJJMH_00337,BMKFACGC_00325,FHDKMCMF_00288
arcC1_2,arcC1_2,Carbamate kinase 1,10,10,1.0,1,1809,,,,945,945,945.0,JECDCPOO_02381,KDAEOHOB_00134,OPNKAGHI_00168,KAHEJOMD_02501,HMEEEBGO_01948,KGEHKDDB_02410,GMGKJONF_02460,HLLCJJMH_02553,BMKFACGC_02479,FHDKMCMF_00754
rsmH,rsmH,Ribosomal RNA small subunit methyltransferase H,10,10,1.0,1,1806,,,,945,945,945.0,JECDCPOO_01468,KDAEOHOB_01808,OPNKAGHI_01143,KAHEJOMD_01618,HMEEEBGO_00069,KGEHKDDB_01540,GMGKJONF_01591,HLLCJJMH_01641,BMKFACGC_01100,FHDKMCMF_01632
fmt,fmt,Methionyl-tRNA formyltransferase,10,10,1.0,1,1805,,,,945,945,945.0,JECDCPOO_01052,KDAEOHOB_01326,OPNKAGHI_01570,KAHEJOMD_01193,HMEEEBGO_00620,KGEHKDDB_01051,GMGKJONF_01103,HLLCJJMH_01100,BMKFACGC_01507,FHDKMCMF_02044
tri1,tri1,ADP-ribosylarginine hydrolase Tri1,10,10,1.0,1,1804,,,,945,945,945.0,JECDCPOO_00063,KDAEOHOB_00316,OPNKAGHI_00073,KAHEJOMD_00078,HMEEEBGO_01756,KGEHKDDB_00058,GMGKJONF_00083,HLLCJJMH_00103,BMKFACGC_00071,FHDKMCMF_00521
ghrA,ghrA,Glyoxylate/hydroxypyruvate reductase A,10,10,1.0,1,1801,,,,948,948,948.0,JECDCPOO_01743,KDAEOHOB_01990,OPNKAGHI_00783,KAHEJOMD_01871,HMEEEBGO_02709,KGEHKDDB_01786,GMGKJONF_01843,HLLCJJMH_01827,BMKFACGC_01853,FHDKMCMF_01378
ribCF,ribCF,Bifunctional riboflavin kinase/FMN adenylyltransferase,10,10,1.0,1,1800,,,,948,948,948.0,JECDCPOO_01343,KDAEOHOB_01682,OPNKAGHI_01272,KAHEJOMD_01492,HMEEEBGO_00258,KGEHKDDB_01416,GMGKJONF_01464,HLLCJJMH_01401,BMKFACGC_01231,FHDKMCMF_01756
group_1023,,hypothetical protein,10,10,1.0,1,1799,,,,948,948,948.0,JECDCPOO_01215,KDAEOHOB_01476,OPNKAGHI_01402,KAHEJOMD_01348,HMEEEBGO_00468,KGEHKDDB_01201,GMGKJONF_01256,HLLCJJMH_01250,BMKFACGC_01377,FHDKMCMF_01892
galK_1,galK_1,Galactokinase,10,10,1.0,1,1798,,,,948,948,948.0,JECDCPOO_01167,KDAEOHOB_01434,OPNKAGHI_01447,KAHEJOMD_01304,HMEEEBGO_00510,KGEHKDDB_01159,GMGKJONF_01213,HLLCJJMH_01208,BMKFACGC_01420,FHDKMCMF_01935
rpoA,rpoA,DNA-directed RNA polymerase subunit alpha,10,10,1.0,1,1794,,,,951,951,951.0,JECDCPOO_01779,KDAEOHOB_02046,OPNKAGHI_00751,KAHEJOMD_01906,HMEEEBGO_02671,KGEHKDDB_01818,GMGKJONF_01874,HLLCJJMH_01863,BMKFACGC_01885,FHDKMCMF_01345
prmA,prmA,Ribosomal protein L11 methyltransferase,10,10,1.0,1,1792,,,,951,951,951.0,JECDCPOO_01324,KDAEOHOB_01587,OPNKAGHI_01290,KAHEJOMD_01473,HMEEEBGO_00357,KGEHKDDB_01316,GMGKJONF_01362,HLLCJJMH_01382,BMKFACGC_01256,FHDKMCMF_01774
oppC,oppC,Oligopeptide transport system permease protein OppC,10,10,1.0,1,1791,,,,951,951,951.0,JECDCPOO_00195,KDAEOHOB_00451,OPNKAGHI_02478,KAHEJOMD_00230,HMEEEBGO_01608,KGEHKDDB_00193,GMGKJONF_00220,HLLCJJMH_00237,BMKFACGC_00215,FHDKMCMF_00386
group_1019,,hypothetical protein,10,10,1.0,1,1789,,,,954,954,954.0,JECDCPOO_01982,KDAEOHOB_02253,OPNKAGHI_00540,KAHEJOMD_02120,HMEEEBGO_02384,KGEHKDDB_02030,GMGKJONF_02088,HLLCJJMH_02078,BMKFACGC_02096,FHDKMCMF_01127
rnz,rnz,Ribonuclease Z,10,10,1.0,1,1788,,,,954,954,954.0,JECDCPOO_01391,KDAEOHOB_01731,OPNKAGHI_01222,KAHEJOMD_01539,HMEEEBGO_00148,KGEHKDDB_01463,GMGKJONF_01512,HLLCJJMH_01563,BMKFACGC_01180,FHDKMCMF_01709
smoB_1,smoB_1,6-dehydroglucose reductase,10,10,1.0,1,1786,,,,954,954,954.0,JECDCPOO_00411,KDAEOHOB_00668,OPNKAGHI_02241,KAHEJOMD_00442,HMEEEBGO_01391,KGEHKDDB_00408,GMGKJONF_00443,HLLCJJMH_00454,BMKFACGC_00449,FHDKMCMF_00171
dyp,dyp,Dye-decolorizing peroxidase,10,10,1.0,1,1785,,,,954,954,954.0,JECDCPOO_00323,KDAEOHOB_00582,OPNKAGHI_02330,KAHEJOMD_00355,HMEEEBGO_01480,KGEHKDDB_00321,GMGKJONF_00353,HLLCJJMH_00367,BMKFACGC_00355,FHDKMCMF_00258
aes,aes,Acetyl esterase,10,10,1.0,1,1784,,,,954,954,954.0,JECDCPOO_00062,KDAEOHOB_00315,OPNKAGHI_00072,KAHEJOMD_00077,HMEEEBGO_01757,KGEHKDDB_00057,GMGKJONF_00082,HLLCJJMH_00102,BMKFACGC_00070,FHDKMCMF_00522
rihA_1,rihA_1,Pyrimidine-specific ribonucleoside hydrolase RihA,10,10,1.0,1,1780,,,,957,957,957.0,JECDCPOO_01934,KDAEOHOB_02204,OPNKAGHI_00590,KAHEJOMD_02071,HMEEEBGO_02435,KGEHKDDB_01981,GMGKJONF_02036,HLLCJJMH_02027,BMKFACGC_02043,FHDKMCMF_01178
ldh_1,ldh_1,L-lactate dehydrogenase,10,10,1.0,1,1779,,,,957,957,957.0,JECDCPOO_00560,KDAEOHOB_00820,OPNKAGHI_02091,KAHEJOMD_00601,HMEEEBGO_01235,KGEHKDDB_00570,GMGKJONF_00596,HLLCJJMH_00607,BMKFACGC_00600,FHDKMCMF_00017
oppF_2,oppF_2,Oligopeptide transport ATP-binding protein OppF,10,10,1.0,1,1777,,,,960,960,960.0,JECDCPOO_01877,KDAEOHOB_02149,OPNKAGHI_00648,KAHEJOMD_02016,HMEEEBGO_02490,KGEHKDDB_01925,GMGKJONF_01976,HLLCJJMH_01971,BMKFACGC_01986,FHDKMCMF_01233
ytlR,ytlR,Putative lipid kinase YtlR,10,10,1.0,1,1776,,,,960,960,960.0,JECDCPOO_01429,KDAEOHOB_01769,OPNKAGHI_01185,KAHEJOMD_01577,HMEEEBGO_00109,KGEHKDDB_01501,GMGKJONF_01550,HLLCJJMH_01601,BMKFACGC_01141,FHDKMCMF_01671
deoR,deoR,Deoxyribonucleoside regulator,10,10,1.0,1,1774,,,,963,963,963.0,JECDCPOO_01698,KDAEOHOB_01945,OPNKAGHI_00829,KAHEJOMD_01826,HMEEEBGO_02754,KGEHKDDB_01741,GMGKJONF_01796,HLLCJJMH_01782,BMKFACGC_01807,FHDKMCMF_01424
group_1015,,Putative 2-hydroxyacid dehydrogenase,10,10,1.0,1,1773,,,,963,963,963.0,JECDCPOO_01533,KDAEOHOB_01874,OPNKAGHI_01071,KAHEJOMD_01751,HMEEEBGO_02830,KGEHKDDB_01667,GMGKJONF_01721,HLLCJJMH_01708,BMKFACGC_01635,FHDKMCMF_01498
kdgK_3,kdgK_3,2-dehydro-3-deoxygluconokinase,10,10,1.0,1,1771,,,,963,963,963.0,JECDCPOO_00477,KDAEOHOB_00736,OPNKAGHI_02183,KAHEJOMD_00514,HMEEEBGO_01324,KGEHKDDB_00475,GMGKJONF_00510,HLLCJJMH_00520,BMKFACGC_00507,FHDKMCMF_00103
lacM,lacM,Beta-galactosidase small subunit,10,10,1.0,1,1770,,,,966,966,966.0,JECDCPOO_02449,KDAEOHOB_00202,OPNKAGHI_02587,KAHEJOMD_02573,HMEEEBGO_01879,KGEHKDDB_02484,GMGKJONF_02525,HLLCJJMH_02575,BMKFACGC_02560,FHDKMCMF_00672
carE,carE,Caffeyl-CoA reductase-Etf complex subunit CarE,10,10,1.0,1,1769,,,,966,966,966.0,JECDCPOO_02025,KDAEOHOB_02291,OPNKAGHI_00503,KAHEJOMD_02162,HMEEEBGO_02343,KGEHKDDB_02071,GMGKJONF_02125,HLLCJJMH_02124,BMKFACGC_02144,FHDKMCMF_01086
group_1013,,hypothetical protein,10,10,1.0,1,1768,,,,966,966,966.0,JECDCPOO_01904,KDAEOHOB_02174,OPNKAGHI_00620,KAHEJOMD_02041,HMEEEBGO_02465,KGEHKDDB_01950,GMGKJONF_02006,HLLCJJMH_01996,BMKFACGC_02011,FHDKMCMF_01208
hdfR_3,hdfR_3,HTH-type transcriptional regulator HdfR,10,10,1.0,1,1767,,,,966,966,966.0,JECDCPOO_01240,KDAEOHOB_01504,OPNKAGHI_01374,KAHEJOMD_01375,HMEEEBGO_00440,KGEHKDDB_01229,GMGKJONF_01282,HLLCJJMH_01285,BMKFACGC_01348,FHDKMCMF_01862
group_1012,,hypothetical protein,10,10,1.0,1,1766,,,,966,966,966.0,JECDCPOO_00487,KDAEOHOB_00747,OPNKAGHI_02173,KAHEJOMD_00525,HMEEEBGO_01313,KGEHKDDB_00486,GMGKJONF_00520,HLLCJJMH_00531,BMKFACGC_00517,FHDKMCMF_00092
malR,malR,HTH-type transcriptional regulator MalR,10,10,1.0,1,1765,,,,966,966,966.0,JECDCPOO_00385,KDAEOHOB_00642,OPNKAGHI_02268,KAHEJOMD_00416,HMEEEBGO_01418,KGEHKDDB_00382,GMGKJONF_00416,HLLCJJMH_00428,BMKFACGC_00421,FHDKMCMF_00197
oppB,oppB,Oligopeptide transport system permease protein OppB,10,10,1.0,1,1764,,,,969,969,969.0,JECDCPOO_00196,KDAEOHOB_00452,OPNKAGHI_02477,KAHEJOMD_00231,HMEEEBGO_01607,KGEHKDDB_00194,GMGKJONF_00221,HLLCJJMH_00238,BMKFACGC_00216,FHDKMCMF_00385
cdaR_2,cdaR_2,CdaA regulatory protein CdaR,10,10,1.0,1,1762,,,,969,969,969.0,JECDCPOO_00729,KDAEOHOB_00993,OPNKAGHI_01914,KAHEJOMD_00780,HMEEEBGO_01060,KGEHKDDB_00739,GMGKJONF_00773,HLLCJJMH_00782,BMKFACGC_00781,FHDKMCMF_02356
group_1010,,hypothetical protein,10,10,1.0,1,1761,,,,972,972,972.0,JECDCPOO_02376,KDAEOHOB_00127,OPNKAGHI_00173,KAHEJOMD_02496,HMEEEBGO_01955,KGEHKDDB_02403,GMGKJONF_02455,HLLCJJMH_02485,BMKFACGC_02474,FHDKMCMF_00761
mraY,mraY,Phospho-N-acetylmuramoyl-pentapeptide-transferase,10,10,1.0,1,1760,,,,972,972,972.0,JECDCPOO_01465,KDAEOHOB_01805,OPNKAGHI_01146,KAHEJOMD_01615,HMEEEBGO_00072,KGEHKDDB_01537,GMGKJONF_01588,HLLCJJMH_01638,BMKFACGC_01103,FHDKMCMF_01635
glcK,glcK,Glucokinase,10,10,1.0,1,1759,,,,972,972,972.0,JECDCPOO_01020,KDAEOHOB_01295,OPNKAGHI_01603,KAHEJOMD_01161,HMEEEBGO_00652,KGEHKDDB_01019,GMGKJONF_01072,HLLCJJMH_01068,BMKFACGC_01540,FHDKMCMF_02076
group_1009,,hypothetical protein,10,10,1.0,1,1758,,,,972,972,972.0,JECDCPOO_00816,KDAEOHOB_01097,OPNKAGHI_01813,KAHEJOMD_00960,HMEEEBGO_00943,KGEHKDDB_00821,GMGKJONF_00871,HLLCJJMH_00869,BMKFACGC_00895,FHDKMCMF_02274
yhaM,yhaM,3'-5' exoribonuclease YhaM,10,10,1.0,1,1755,,,,975,975,975.0,JECDCPOO_01498,KDAEOHOB_01839,OPNKAGHI_01101,KAHEJOMD_01648,HMEEEBGO_00039,KGEHKDDB_01571,GMGKJONF_01621,HLLCJJMH_01672,BMKFACGC_01070,FHDKMCMF_01601
nrnA,nrnA,putative bifunctional oligoribonuclease and PAP phosphatase NrnA,10,10,1.0,1,1754,,,,975,975,975.0,JECDCPOO_00860,KDAEOHOB_01141,OPNKAGHI_01767,KAHEJOMD_01004,HMEEEBGO_00899,KGEHKDDB_00865,GMGKJONF_00915,HLLCJJMH_00914,BMKFACGC_00940,FHDKMCMF_02230
pta,pta,Phosphate acetyltransferase,10,10,1.0,1,1753,,,,975,975,975.0,JECDCPOO_00719,KDAEOHOB_00983,OPNKAGHI_01925,KAHEJOMD_00770,HMEEEBGO_01070,KGEHKDDB_00729,GMGKJONF_00762,HLLCJJMH_00772,BMKFACGC_00771,FHDKMCMF_02366
mneS,mneS,Manganese efflux system protein MneS,10,10,1.0,1,1749,,,,978,978,978.0,JECDCPOO_02355,KDAEOHOB_00106,OPNKAGHI_00184,KAHEJOMD_02475,HMEEEBGO_01967,KGEHKDDB_02382,GMGKJONF_02434,HLLCJJMH_02462,BMKFACGC_02449,FHDKMCMF_00782
group_1004,ccpA_2,Catabolite control protein A,10,10,1.0,1,1748,,,,978,978,978.0,JECDCPOO_02309,KDAEOHOB_00054,OPNKAGHI_00223,KAHEJOMD_02428,HMEEEBGO_02021,KGEHKDDB_02336,GMGKJONF_02378,HLLCJJMH_02414,BMKFACGC_02397,FHDKMCMF_00830
yxeI_1,yxeI_1,Penicillin V acylase,10,10,1.0,1,1747,,,,978,978,978.0,JECDCPOO_01920,KDAEOHOB_02190,OPNKAGHI_00608,KAHEJOMD_02057,HMEEEBGO_02449,KGEHKDDB_01967,GMGKJONF_02022,HLLCJJMH_02013,BMKFACGC_02027,FHDKMCMF_01192
hepT,hepT,Heptaprenyl diphosphate synthase component 2,10,10,1.0,1,1746,,,,978,978,978.0,JECDCPOO_01738,KDAEOHOB_01985,OPNKAGHI_00788,KAHEJOMD_01866,HMEEEBGO_02714,KGEHKDDB_01781,GMGKJONF_01838,HLLCJJMH_01822,BMKFACGC_01848,FHDKMCMF_01383
pdhB,pdhB,Pyruvate dehydrogenase E1 component subunit beta,10,10,1.0,1,1745,,,,978,978,978.0,JECDCPOO_01423,KDAEOHOB_01763,OPNKAGHI_01191,KAHEJOMD_01571,HMEEEBGO_00115,KGEHKDDB_01495,GMGKJONF_01544,HLLCJJMH_01595,BMKFACGC_01148,FHDKMCMF_01677
group_1000,,Extracellular exo-alpha-(1->5)-L-arabinofuranosidase,10,10,1.0,1,1741,,,,981,981,981.0,JECDCPOO_01859,KDAEOHOB_02131,OPNKAGHI_00670,KAHEJOMD_01987,HMEEEBGO_02582,KGEHKDDB_01903,GMGKJONF_01954,HLLCJJMH_01948,BMKFACGC_01968,FHDKMCMF_01255
prs_1,prs_1,Ribose-phosphate pyrophosphokinase,10,10,1.0,1,1740,,,,981,981,981.0,JECDCPOO_00516,KDAEOHOB_00776,OPNKAGHI_02142,KAHEJOMD_00554,HMEEEBGO_01281,KGEHKDDB_00515,GMGKJONF_00550,HLLCJJMH_00560,BMKFACGC_00554,FHDKMCMF_00063
iolS_2,iolS_2,Aldo-keto reductase IolS,10,10,1.0,1,1735,,,,984,984,984.0,JECDCPOO_02462,KDAEOHOB_00215,OPNKAGHI_02600,KAHEJOMD_02587,HMEEEBGO_01866,KGEHKDDB_02497,GMGKJONF_02539,HLLCJJMH_02589,BMKFACGC_02573,FHDKMCMF_00659
yxeI_2,yxeI_2,Penicillin V acylase,10,10,1.0,1,1734,,,,984,984,984.0,JECDCPOO_02077,KDAEOHOB_02345,OPNKAGHI_00449,KAHEJOMD_02216,HMEEEBGO_02290,KGEHKDDB_02124,GMGKJONF_02180,HLLCJJMH_02177,BMKFACGC_02199,FHDKMCMF_01034
iolS_1,iolS_1,Aldo-keto reductase IolS,10,10,1.0,1,1733,,,,984,984,984.0,JECDCPOO_02067,KDAEOHOB_02335,OPNKAGHI_00461,KAHEJOMD_02204,HMEEEBGO_02300,KGEHKDDB_02114,GMGKJONF_02170,HLLCJJMH_02167,BMKFACGC_02188,FHDKMCMF_01044
nixA,nixA,Nickel transporter NixA,10,10,1.0,1,1732,,,,984,984,984.0,JECDCPOO_01973,KDAEOHOB_02243,OPNKAGHI_00550,KAHEJOMD_02110,HMEEEBGO_02396,KGEHKDDB_02020,GMGKJONF_02075,HLLCJJMH_02066,BMKFACGC_02085,FHDKMCMF_01139
fabH,fabH,Beta-ketoacyl-[acyl-carrier-protein] synthase III,10,10,1.0,1,1731,,,,984,984,984.0,JECDCPOO_01082,KDAEOHOB_01356,OPNKAGHI_01539,KAHEJOMD_01223,HMEEEBGO_00590,KGEHKDDB_01081,GMGKJONF_01133,HLLCJJMH_01130,BMKFACGC_01476,FHDKMCMF_02014
prs_2,prs_2,Ribose-phosphate pyrophosphokinase,10,10,1.0,1,1726,,,,987,987,987.0,JECDCPOO_01444,KDAEOHOB_01784,OPNKAGHI_01168,KAHEJOMD_01593,HMEEEBGO_00094,KGEHKDDB_01516,GMGKJONF_01565,HLLCJJMH_01616,BMKFACGC_01125,FHDKMCMF_01656
group_992,,PhoH-like protein,10,10,1.0,1,1725,,,,987,987,987.0,JECDCPOO_01301,KDAEOHOB_01565,OPNKAGHI_01313,KAHEJOMD_01451,HMEEEBGO_00379,KGEHKDDB_01294,GMGKJONF_01340,HLLCJJMH_01360,BMKFACGC_01278,FHDKMCMF_01796
guaC,guaC,GMP reductase,10,10,1.0,1,1724,,,,987,987,987.0,JECDCPOO_00244,KDAEOHOB_00502,OPNKAGHI_02418,KAHEJOMD_00281,HMEEEBGO_01558,KGEHKDDB_00241,GMGKJONF_00277,HLLCJJMH_00287,BMKFACGC_00271,FHDKMCMF_00337
group_991,,hypothetical protein,10,10,1.0,1,1723,,,,990,990,990.0,JECDCPOO_01919,KDAEOHOB_02189,OPNKAGHI_00609,KAHEJOMD_02056,HMEEEBGO_02450,KGEHKDDB_01966,GMGKJONF_02021,HLLCJJMH_02012,BMKFACGC_02026,FHDKMCMF_01193
gpr_2,gpr_2,L-glyceraldehyde 3-phosphate reductase,10,10,1.0,1,1722,,,,990,990,990.0,JECDCPOO_01437,KDAEOHOB_01777,OPNKAGHI_01175,KAHEJOMD_01586,HMEEEBGO_00101,KGEHKDDB_01509,GMGKJONF_01558,HLLCJJMH_01609,BMKFACGC_01132,FHDKMCMF_01663
group_990,,Hydroxypyruvate reductase,10,10,1.0,1,1721,,,,993,993,993.0,JECDCPOO_00163,KDAEOHOB_00419,OPNKAGHI_02511,KAHEJOMD_00198,HMEEEBGO_01640,KGEHKDDB_00161,GMGKJONF_00186,HLLCJJMH_00205,BMKFACGC_00183,FHDKMCMF_00418
group_982,,hypothetical protein,10,10,1.0,1,1711,,,,447,459,448.2,JECDCPOO_01102,KDAEOHOB_01376,OPNKAGHI_01521,KAHEJOMD_01243,HMEEEBGO_00570,KGEHKDDB_01101,GMGKJONF_01154,HLLCJJMH_01150,BMKFACGC_01455,FHDKMCMF_01993
yumC,yumC,Ferredoxin--NADP reductase 2,10,10,1.0,1,1710,,,,996,996,996.0,JECDCPOO_01931,KDAEOHOB_02201,OPNKAGHI_00593,KAHEJOMD_02068,HMEEEBGO_02438,KGEHKDDB_01978,GMGKJONF_02033,HLLCJJMH_02024,BMKFACGC_02040,FHDKMCMF_01181
group_981,,hypothetical protein,10,10,1.0,1,1709,,,,996,996,996.0,JECDCPOO_01906,KDAEOHOB_02176,OPNKAGHI_00617,KAHEJOMD_02043,HMEEEBGO_02463,KGEHKDDB_01952,GMGKJONF_02008,HLLCJJMH_01999,BMKFACGC_02013,FHDKMCMF_01206
group_978,,putative HTH-type transcriptional regulator;hypothetical protein,10,10,1.0,1,1705,,,,447,549,457.2,JECDCPOO_01103,KDAEOHOB_01377,OPNKAGHI_01520,KAHEJOMD_01244,HMEEEBGO_00569,KGEHKDDB_01102,GMGKJONF_01155,HLLCJJMH_01151,BMKFACGC_01454,FHDKMCMF_01992
dus,dus,putative tRNA-dihydrouridine synthase,10,10,1.0,1,1704,,,,996,996,996.0,JECDCPOO_00271,KDAEOHOB_00529,OPNKAGHI_02394,KAHEJOMD_00303,HMEEEBGO_01531,KGEHKDDB_00269,GMGKJONF_00299,HLLCJJMH_00314,BMKFACGC_00301,FHDKMCMF_00310
group_977,,hypothetical protein,10,10,1.0,1,1702,,,,312,315,312.3,JECDCPOO_01106,KDAEOHOB_01380,OPNKAGHI_01519,KAHEJOMD_01247,HMEEEBGO_00566,KGEHKDDB_01105,GMGKJONF_01158,HLLCJJMH_01154,BMKFACGC_01451,FHDKMCMF_01989
prfB,prfB,Peptide chain release factor 2,10,10,1.0,1,1701,,,,999,999,999.0,JECDCPOO_00673,KDAEOHOB_00937,OPNKAGHI_01972,KAHEJOMD_00724,HMEEEBGO_01116,KGEHKDDB_00683,GMGKJONF_00716,HLLCJJMH_00725,BMKFACGC_00723,FHDKMCMF_02412
ccpA_3,ccpA_3,Catabolite control protein A,10,10,1.0,1,1700,,,,999,999,999.0,JECDCPOO_02340,KDAEOHOB_00090,OPNKAGHI_00196,KAHEJOMD_02459,HMEEEBGO_01985,KGEHKDDB_02367,GMGKJONF_02411,HLLCJJMH_02446,BMKFACGC_02429,FHDKMCMF_00798
ldhD,ldhD,D-lactate/D-glycerate dehydrogenase,10,10,1.0,1,1697,,,,999,999,999.0,JECDCPOO_01363,KDAEOHOB_01702,OPNKAGHI_01252,KAHEJOMD_01512,HMEEEBGO_00238,KGEHKDDB_01436,GMGKJONF_01484,HLLCJJMH_01421,BMKFACGC_01211,FHDKMCMF_01736
neoA,neoA,2-deoxy-scyllo-inosamine dehydrogenase,10,10,1.0,1,1686,,,,1002,1002,1002.0,JECDCPOO_02325,KDAEOHOB_00071,OPNKAGHI_00215,KAHEJOMD_02444,HMEEEBGO_02003,KGEHKDDB_02352,GMGKJONF_02392,HLLCJJMH_02431,BMKFACGC_02413,FHDKMCMF_00813
yajO,yajO,1-deoxyxylulose-5-phosphate synthase YajO,10,10,1.0,1,1674,,,,1008,1023,1021.5,JECDCPOO_01115,KDAEOHOB_01382,OPNKAGHI_01510,KAHEJOMD_01249,HMEEEBGO_00564,KGEHKDDB_01107,GMGKJONF_01160,HLLCJJMH_01156,BMKFACGC_01446,FHDKMCMF_01987
asnA,asnA,Aspartate--ammonia ligase,10,10,1.0,1,1671,,,,1008,1008,1008.0,JECDCPOO_01764,KDAEOHOB_02031,OPNKAGHI_00762,KAHEJOMD_01891,HMEEEBGO_02686,KGEHKDDB_01803,GMGKJONF_01859,HLLCJJMH_01848,BMKFACGC_01869,FHDKMCMF_01360
cydB,cydB,Cytochrome bd-I ubiquinol oxidase subunit 2,10,10,1.0,1,1656,,,,1011,1011,1011.0,JECDCPOO_01741,KDAEOHOB_01988,OPNKAGHI_00785,KAHEJOMD_01869,HMEEEBGO_02711,KGEHKDDB_01784,GMGKJONF_01841,HLLCJJMH_01825,BMKFACGC_01851,FHDKMCMF_01380
group_939,,Putative gluconeogenesis factor,10,10,1.0,1,1655,,,,1011,1011,1011.0,JECDCPOO_00697,KDAEOHOB_00961,OPNKAGHI_01947,KAHEJOMD_00748,HMEEEBGO_01092,KGEHKDDB_00707,GMGKJONF_00740,HLLCJJMH_00749,BMKFACGC_00747,FHDKMCMF_02388
gap,gap,Glyceraldehyde-3-phosphate dehydrogenase,10,10,1.0,1,1654,,,,1011,1011,1011.0,JECDCPOO_00706,KDAEOHOB_00970,OPNKAGHI_01938,KAHEJOMD_00757,HMEEEBGO_01083,KGEHKDDB_00716,GMGKJONF_00749,HLLCJJMH_00758,BMKFACGC_00758,FHDKMCMF_02379
pgdA,pgdA,Peptidoglycan-N-acetylglucosamine deacetylase PgdA,10,10,1.0,1,1645,,,,1014,1014,1014.0,JECDCPOO_02459,KDAEOHOB_00212,OPNKAGHI_02597,KAHEJOMD_02584,HMEEEBGO_01869,KGEHKDDB_02494,GMGKJONF_02536,HLLCJJMH_02586,BMKFACGC_02570,FHDKMCMF_00662
gpsA,gpsA,Glycerol-3-phosphate dehydrogenase [NAD(P)+],10,10,1.0,1,1643,,,,1014,1014,1014.0,JECDCPOO_00687,KDAEOHOB_00951,OPNKAGHI_01957,KAHEJOMD_00738,HMEEEBGO_01102,KGEHKDDB_00697,GMGKJONF_00730,HLLCJJMH_00739,BMKFACGC_00737,FHDKMCMF_02398
ywlC,ywlC,Threonylcarbamoyl-AMP synthase,10,10,1.0,1,1630,,,,1017,1017,1017.0,JECDCPOO_00797,KDAEOHOB_01078,OPNKAGHI_01832,KAHEJOMD_00939,HMEEEBGO_00962,KGEHKDDB_00802,GMGKJONF_00852,HLLCJJMH_00850,BMKFACGC_00875,FHDKMCMF_02293
dagK_2,dagK_2,Diacylglycerol kinase,10,10,1.0,1,1621,,,,1020,1020,1020.0,JECDCPOO_01728,KDAEOHOB_01975,OPNKAGHI_00799,KAHEJOMD_01856,HMEEEBGO_02724,KGEHKDDB_01771,GMGKJONF_01828,HLLCJJMH_01812,BMKFACGC_01838,FHDKMCMF_01393
gpr_1,gpr_1,L-glyceraldehyde 3-phosphate reductase,10,10,1.0,1,1620,,,,1020,1020,1020.0,JECDCPOO_00722,KDAEOHOB_00986,OPNKAGHI_01922,KAHEJOMD_00773,HMEEEBGO_01067,KGEHKDDB_00732,GMGKJONF_00765,HLLCJJMH_00775,BMKFACGC_00774,FHDKMCMF_02363
yfeW_1,yfeW_1,Putative D-alanyl-D-alanine carboxypeptidase,10,10,1.0,1,1617,,,,1020,1020,1020.0,JECDCPOO_00791,KDAEOHOB_01072,OPNKAGHI_01838,KAHEJOMD_00933,HMEEEBGO_00968,KGEHKDDB_00796,GMGKJONF_00846,HLLCJJMH_00844,BMKFACGC_00868,FHDKMCMF_02299
group_905,,hypothetical protein,10,10,1.0,1,1610,,,,594,594,594.0,JECDCPOO_02435,KDAEOHOB_00190,OPNKAGHI_02572,KAHEJOMD_02561,HMEEEBGO_01891,KGEHKDDB_02466,GMGKJONF_02513,HLLCJJMH_02495,BMKFACGC_02548,FHDKMCMF_00692
cpoA,cpoA,Alpha-galactosylglucosyldiacylglycerol synthase,10,10,1.0,1,1608,,,,1023,1023,1023.0,JECDCPOO_01656,KDAEOHOB_01903,OPNKAGHI_00876,KAHEJOMD_01784,HMEEEBGO_02797,KGEHKDDB_01700,GMGKJONF_01754,HLLCJJMH_01741,BMKFACGC_01765,FHDKMCMF_01465
group_903,,hypothetical protein,10,10,1.0,1,1606,,,,1023,1023,1023.0,JECDCPOO_00899,KDAEOHOB_01175,OPNKAGHI_01731,KAHEJOMD_01042,HMEEEBGO_00861,KGEHKDDB_00899,GMGKJONF_00952,HLLCJJMH_00948,BMKFACGC_00981,FHDKMCMF_02196
dppC,dppC,Dipeptide transport system permease protein DppC,10,10,1.0,1,1602,,,,1026,1026,1026.0,JECDCPOO_01879,KDAEOHOB_02151,OPNKAGHI_00646,KAHEJOMD_02018,HMEEEBGO_02488,KGEHKDDB_01927,GMGKJONF_01978,HLLCJJMH_01973,BMKFACGC_01988,FHDKMCMF_01231
holA,holA,DNA polymerase III subunit delta,10,10,1.0,1,1592,,,,1029,1029,1029.0,JECDCPOO_01408,KDAEOHOB_01748,OPNKAGHI_01207,KAHEJOMD_01556,HMEEEBGO_00130,KGEHKDDB_01480,GMGKJONF_01529,HLLCJJMH_01580,BMKFACGC_01163,FHDKMCMF_01692
cggR,cggR,Central glycolytic genes regulator,10,10,1.0,1,1590,,,,1029,1029,1029.0,JECDCPOO_00705,KDAEOHOB_00969,OPNKAGHI_01939,KAHEJOMD_00756,HMEEEBGO_01084,KGEHKDDB_00715,GMGKJONF_00748,HLLCJJMH_00757,BMKFACGC_00757,FHDKMCMF_02380
group_890,,hypothetical protein,10,11,1.1,1,1584,,,,240,603,547.0909090909091,JECDCPOO_02436,KDAEOHOB_00191,OPNKAGHI_02573;OPNKAGHI_02574,KAHEJOMD_02562,HMEEEBGO_01890,KGEHKDDB_02467,GMGKJONF_02514,HLLCJJMH_02494,BMKFACGC_02549,FHDKMCMF_00691
group_889,,Maltose epimerase,10,10,1.0,1,1583,,,,1032,1032,1032.0,JECDCPOO_00390,KDAEOHOB_00647,OPNKAGHI_02263,KAHEJOMD_00421,HMEEEBGO_01413,KGEHKDDB_00387,GMGKJONF_00421,HLLCJJMH_00433,BMKFACGC_00426,FHDKMCMF_00192
spx_3~~~spx_1,spx_3;spx_1,Global transcriptional regulator Spx,10,10,1.0,1,1576,,,,429,429,429.0,JECDCPOO_00395,KDAEOHOB_00652,OPNKAGHI_02257,KAHEJOMD_00426,HMEEEBGO_01408,KGEHKDDB_00392,GMGKJONF_00426,HLLCJJMH_00438,BMKFACGC_00432,FHDKMCMF_00187
queA,queA,S-adenosylmethionine:tRNA ribosyltransferase-isomerase,10,10,1.0,1,1574,,,,1035,1035,1035.0,JECDCPOO_00856,KDAEOHOB_01137,OPNKAGHI_01771,KAHEJOMD_01000,HMEEEBGO_00903,KGEHKDDB_00861,GMGKJONF_00911,HLLCJJMH_00910,BMKFACGC_00936,FHDKMCMF_02234
tagU_2~~~tagU_4,tagU_2;tagU_4,Polyisoprenyl-teichoic acid--peptidoglycan teichoic acid transferase TagU,10,10,1.0,1,1570,,,,1068,1074,1070.7,JECDCPOO_01745,KDAEOHOB_02011,OPNKAGHI_00780,KAHEJOMD_01876,HMEEEBGO_02706,KGEHKDDB_01789,GMGKJONF_01845,HLLCJJMH_01830,BMKFACGC_01855,FHDKMCMF_01375
plsX,plsX,Phosphate acyltransferase,10,10,1.0,1,1566,,,,1038,1038,1038.0,JECDCPOO_01063,KDAEOHOB_01337,OPNKAGHI_01559,KAHEJOMD_01204,HMEEEBGO_00609,KGEHKDDB_01062,GMGKJONF_01114,HLLCJJMH_01111,BMKFACGC_01496,FHDKMCMF_02033
hrcA,hrcA,Heat-inducible transcription repressor HrcA,10,10,1.0,1,1565,,,,1038,1038,1038.0,JECDCPOO_01342,KDAEOHOB_01681,OPNKAGHI_01273,KAHEJOMD_01491,HMEEEBGO_00259,KGEHKDDB_01415,GMGKJONF_01463,HLLCJJMH_01400,BMKFACGC_01232,FHDKMCMF_01757
murJ_1~~~murJ_2~~~murJ_3,murJ_1;murJ_2;murJ_3,Lipid II flippase MurJ,10,11,1.1,1,1563,,,,675,1605,1454.4545454545455,JECDCPOO_02290,KDAEOHOB_00042,OPNKAGHI_00250;OPNKAGHI_00251,KAHEJOMD_02416,HMEEEBGO_02040,KGEHKDDB_02317,GMGKJONF_02366,HLLCJJMH_02395,BMKFACGC_02385,FHDKMCMF_00849
lplA,lplA,Lipoate--protein ligase,10,10,1.0,1,1562,,,,1041,1041,1041.0,JECDCPOO_02065,KDAEOHOB_02333,OPNKAGHI_00463,KAHEJOMD_02202,HMEEEBGO_02302,KGEHKDDB_02112,GMGKJONF_02168,HLLCJJMH_02165,BMKFACGC_02186,FHDKMCMF_01046
xylT_1~~~xylT_3,xylT_1;xylT_3,D-xylose transporter,10,10,1.0,1,1554,,,,1281,1416,1359.3,JECDCPOO_02361,KDAEOHOB_00112,OPNKAGHI_00180,KAHEJOMD_02481,HMEEEBGO_01961,KGEHKDDB_02388,GMGKJONF_02440,HLLCJJMH_02468,BMKFACGC_02456,FHDKMCMF_00776
adh_5,adh_5,Alcohol dehydrogenase,10,10,1.0,1,1553,,,,1044,1044,1044.0,JECDCPOO_02440,KDAEOHOB_00193,OPNKAGHI_02577,KAHEJOMD_02564,HMEEEBGO_01888,KGEHKDDB_02475,GMGKJONF_02516,HLLCJJMH_02566,BMKFACGC_02551,FHDKMCMF_00681
ptcA,ptcA,Putrescine carbamoyltransferase,10,10,1.0,1,1552,,,,1044,1044,1044.0,JECDCPOO_02384,KDAEOHOB_00137,OPNKAGHI_00165,KAHEJOMD_02504,HMEEEBGO_01945,KGEHKDDB_02413,GMGKJONF_02463,HLLCJJMH_02550,BMKFACGC_02482,FHDKMCMF_00751
tpdA,tpdA,Cysteinylglycine-S-conjugate dipeptidase,10,10,1.0,1,1550,,,,1356,1356,1356.0,JECDCPOO_00762,KDAEOHOB_01024,OPNKAGHI_01877,KAHEJOMD_00814,HMEEEBGO_01029,KGEHKDDB_00772,GMGKJONF_00804,HLLCJJMH_00815,BMKFACGC_00818,FHDKMCMF_02323
pheS,pheS,Phenylalanine--tRNA ligase alpha subunit,10,10,1.0,1,1544,,,,1047,1047,1047.0,JECDCPOO_01007,KDAEOHOB_01282,OPNKAGHI_01618,KAHEJOMD_01148,HMEEEBGO_00665,KGEHKDDB_01006,GMGKJONF_01059,HLLCJJMH_01055,BMKFACGC_01555,FHDKMCMF_02089
ypuA,ypuA,putative protein YpuA,10,10,1.0,1,1538,,,,1050,1050,1050.0,JECDCPOO_01432,KDAEOHOB_01772,OPNKAGHI_01182,KAHEJOMD_01580,HMEEEBGO_00106,KGEHKDDB_01504,GMGKJONF_01553,HLLCJJMH_01604,BMKFACGC_01137,FHDKMCMF_01668
group_857,,hypothetical protein,10,10,1.0,1,1536,,,,1050,1050,1050.0,JECDCPOO_02097,KDAEOHOB_02365,OPNKAGHI_00428,KAHEJOMD_02236,HMEEEBGO_02270,KGEHKDDB_02144,GMGKJONF_02200,HLLCJJMH_02197,BMKFACGC_02223,FHDKMCMF_01011
ylbL,ylbL,putative protein YlbL,10,10,1.0,1,1534,,,,1050,1050,1050.0,JECDCPOO_01412,KDAEOHOB_01752,OPNKAGHI_01203,KAHEJOMD_01560,HMEEEBGO_00126,KGEHKDDB_01484,GMGKJONF_01533,HLLCJJMH_01584,BMKFACGC_01159,FHDKMCMF_01688
group_852,,hypothetical protein,10,11,1.1,1,1529,,,,1197,2430,2203.090909090909,JECDCPOO_00539,KDAEOHOB_00799,OPNKAGHI_02114,KAHEJOMD_00578,HMEEEBGO_01258,KGEHKDDB_00538,GMGKJONF_00575,HLLCJJMH_00584,BMKFACGC_00578;BMKFACGC_00577,FHDKMCMF_00039
ddpX,ddpX,D-alanyl-D-alanine dipeptidase,10,10,1.0,1,1520,,,,564,564,564.0,JECDCPOO_02286,KDAEOHOB_00038,OPNKAGHI_00257,KAHEJOMD_02412,HMEEEBGO_02044,KGEHKDDB_02313,GMGKJONF_02362,HLLCJJMH_02391,BMKFACGC_02381,FHDKMCMF_00853
group_842,,hypothetical protein,10,13,1.3,1,1518,,,,195,2151,1635.4615384615386,JECDCPOO_00545,KDAEOHOB_00805,OPNKAGHI_02108;OPNKAGHI_02107;OPNKAGHI_02106,KAHEJOMD_00586,HMEEEBGO_01250,KGEHKDDB_00555,GMGKJONF_00581,HLLCJJMH_00592,BMKFACGC_00584;BMKFACGC_00585,FHDKMCMF_00033
group_838,,hypothetical protein,10,10,1.0,1,1514,,,,345,435,370.8,JECDCPOO_01231,KDAEOHOB_01493,OPNKAGHI_01385,KAHEJOMD_01366,HMEEEBGO_00450,KGEHKDDB_01217,GMGKJONF_01273,HLLCJJMH_01268,BMKFACGC_01360,FHDKMCMF_01874
group_831,,hypothetical protein,10,10,1.0,1,1507,,,,1059,1059,1059.0,JECDCPOO_02363,KDAEOHOB_00114,OPNKAGHI_00177,KAHEJOMD_02483,HMEEEBGO_01959,KGEHKDDB_02390,GMGKJONF_02442,HLLCJJMH_02471,BMKFACGC_02460,FHDKMCMF_00774
group_830,,hypothetical protein,10,10,1.0,1,1506,,,,423,423,423.0,JECDCPOO_00540,KDAEOHOB_00800,OPNKAGHI_02113,KAHEJOMD_00579,HMEEEBGO_01257,KGEHKDDB_00539,GMGKJONF_00576,HLLCJJMH_00585,BMKFACGC_00579,FHDKMCMF_00038
group_829,,hypothetical protein,10,10,1.0,1,1505,,,,624,624,624.0,JECDCPOO_00537,KDAEOHOB_00797,OPNKAGHI_02116,KAHEJOMD_00576,HMEEEBGO_01260,KGEHKDDB_00536,GMGKJONF_00573,HLLCJJMH_00581,BMKFACGC_00575,FHDKMCMF_00041
ypdF,ypdF,Aminopeptidase YpdF,10,10,1.0,1,1503,,,,1065,1065,1065.0,JECDCPOO_01034,KDAEOHOB_01309,OPNKAGHI_01589,KAHEJOMD_01176,HMEEEBGO_00638,KGEHKDDB_01033,GMGKJONF_01086,HLLCJJMH_01082,BMKFACGC_01525,FHDKMCMF_02062
steT_1~~~steT_2,steT_1;;steT_2,Serine/threonine exchanger SteT;hypothetical protein,10,11,1.1,1,1502,,,,531,1362,1230.5454545454545,JECDCPOO_02271,KDAEOHOB_02517,OPNKAGHI_00264;OPNKAGHI_00265,KAHEJOMD_02401,HMEEEBGO_02096,KGEHKDDB_02287,GMGKJONF_02352,HLLCJJMH_02376,BMKFACGC_02370,FHDKMCMF_00868
penA,penA,Penicillin-binding protein 2B,10,10,1.0,1,1501,,,,2115,2115,2115.0,JECDCPOO_01015,KDAEOHOB_01290,OPNKAGHI_01610,KAHEJOMD_01156,HMEEEBGO_00657,KGEHKDDB_01014,GMGKJONF_01067,HLLCJJMH_01063,BMKFACGC_01545,FHDKMCMF_02081
xerS,xerS,Tyrosine recombinase XerS,10,10,1.0,1,1500,,,,1065,1065,1065.0,JECDCPOO_01234,KDAEOHOB_01498,OPNKAGHI_01381,KAHEJOMD_01369,HMEEEBGO_00446,KGEHKDDB_01223,GMGKJONF_01276,HLLCJJMH_01276,BMKFACGC_01357,FHDKMCMF_01868
group_811,,hypothetical protein,10,10,1.0,1,1482,,,,642,642,642.0,JECDCPOO_02222,KDAEOHOB_02468,OPNKAGHI_00314,KAHEJOMD_02355,HMEEEBGO_02142,KGEHKDDB_02243,GMGKJONF_02304,HLLCJJMH_02329,BMKFACGC_02317,FHDKMCMF_00910
ctpF_1~~~ctpF_2~~~ctpF,ctpF_1;;ctpF_2;ctpF,putative cation-transporting ATPase F;hypothetical protein,10,12,1.2,1,1481,,,,249,2748,2289.5,JECDCPOO_00288,KDAEOHOB_00546,OPNKAGHI_02375;OPNKAGHI_02376;OPNKAGHI_02374,KAHEJOMD_00320,HMEEEBGO_01515,KGEHKDDB_00286,GMGKJONF_00316,HLLCJJMH_00332,BMKFACGC_00320,FHDKMCMF_00293
group_808,,hypothetical protein,10,11,1.1,1,1478,,,,192,627,570.2727272727273,JECDCPOO_02287,KDAEOHOB_00039,OPNKAGHI_00256;OPNKAGHI_00255,KAHEJOMD_02413,HMEEEBGO_02043,KGEHKDDB_02314,GMGKJONF_02363,HLLCJJMH_02392,BMKFACGC_02382,FHDKMCMF_00852
group_806,,Phosphomevalonate kinase,10,10,1.0,1,1476,,,,1074,1074,1074.0,JECDCPOO_01165,KDAEOHOB_01432,OPNKAGHI_01449,KAHEJOMD_01302,HMEEEBGO_00512,KGEHKDDB_01157,GMGKJONF_01211,HLLCJJMH_01206,BMKFACGC_01422,FHDKMCMF_01937
group_805,,hypothetical protein,10,10,1.0,1,1475,,,,1074,1074,1074.0,JECDCPOO_00219,KDAEOHOB_00475,OPNKAGHI_02450,KAHEJOMD_00257,HMEEEBGO_01583,KGEHKDDB_00218,GMGKJONF_00251,HLLCJJMH_00262,BMKFACGC_00240,FHDKMCMF_00361
group_799,,hypothetical protein,10,10,1.0,1,1469,,,,414,492,484.2,JECDCPOO_01230,KDAEOHOB_01492,OPNKAGHI_01386,KAHEJOMD_01365,HMEEEBGO_00451,KGEHKDDB_01216,GMGKJONF_01272,HLLCJJMH_01267,BMKFACGC_01361,FHDKMCMF_01875
group_794,,hypothetical protein,10,12,1.2,1,1461,,,,336,1275,1052.0,JECDCPOO_01232,KDAEOHOB_01494,OPNKAGHI_01383;OPNKAGHI_01384,KAHEJOMD_01367,HMEEEBGO_00449;HMEEEBGO_00448,KGEHKDDB_01218,GMGKJONF_01274,HLLCJJMH_01269,BMKFACGC_01359,FHDKMCMF_01873
prfA,prfA,Peptide chain release factor 1,10,10,1.0,1,1459,,,,1086,1086,1086.0,JECDCPOO_00795,KDAEOHOB_01076,OPNKAGHI_01834,KAHEJOMD_00937,HMEEEBGO_00964,KGEHKDDB_00800,GMGKJONF_00850,HLLCJJMH_00848,BMKFACGC_00873,FHDKMCMF_02295
btuD_2,btuD_2,Vitamin B12 import ATP-binding protein BtuD,10,10,1.0,1,1458,,,,1086,1086,1086.0,JECDCPOO_00739,KDAEOHOB_01003,OPNKAGHI_01902,KAHEJOMD_00790,HMEEEBGO_01050,KGEHKDDB_00749,GMGKJONF_00783,HLLCJJMH_00792,BMKFACGC_00793,FHDKMCMF_02346
rhaR_2,rhaR_2,HTH-type transcriptional activator RhaR,10,10,1.0,1,1454,,,,1089,1089,1089.0,JECDCPOO_01724,KDAEOHOB_01971,OPNKAGHI_00803,KAHEJOMD_01852,HMEEEBGO_02728,KGEHKDDB_01767,GMGKJONF_01824,HLLCJJMH_01808,BMKFACGC_01834,FHDKMCMF_01397
group_788,,hypothetical protein,10,13,1.3,1,1450,,,,243,1182,904.3846153846154,JECDCPOO_00084,KDAEOHOB_00337,OPNKAGHI_00098;OPNKAGHI_00097;OPNKAGHI_00096,KAHEJOMD_00103,HMEEEBGO_01735,KGEHKDDB_00079,GMGKJONF_00106,HLLCJJMH_00124,BMKFACGC_00097;BMKFACGC_00098,FHDKMCMF_00500
group_787,,hypothetical protein,10,10,1.0,1,1449,,,,573,573,573.0,JECDCPOO_00066,KDAEOHOB_00319,OPNKAGHI_00076,KAHEJOMD_00081,HMEEEBGO_01753,KGEHKDDB_00061,GMGKJONF_00086,HLLCJJMH_00106,BMKFACGC_00074,FHDKMCMF_00518
group_786,,hypothetical protein,10,10,1.0,1,1448,,,,1092,1092,1092.0,JECDCPOO_01662,KDAEOHOB_01909,OPNKAGHI_00870,KAHEJOMD_01790,HMEEEBGO_02791,KGEHKDDB_01706,GMGKJONF_01760,HLLCJJMH_01747,BMKFACGC_01771,FHDKMCMF_01459
aguA_2,aguA_2,Putative agmatine deiminase,10,10,1.0,1,1439,,,,1095,1095,1095.0,JECDCPOO_02382,KDAEOHOB_00135,OPNKAGHI_00167,KAHEJOMD_02502,HMEEEBGO_01947,KGEHKDDB_02411,GMGKJONF_02461,HLLCJJMH_02552,BMKFACGC_02480,FHDKMCMF_00753
group_777,,hypothetical protein,10,10,1.0,1,1438,,,,684,690,684.9,JECDCPOO_00541,KDAEOHOB_00801,OPNKAGHI_02112,KAHEJOMD_00580,HMEEEBGO_01256,KGEHKDDB_00540,GMGKJONF_00577,HLLCJJMH_00586,BMKFACGC_00580,FHDKMCMF_00037
group_775,,hypothetical protein,10,10,1.0,1,1436,,,,825,825,825.0,JECDCPOO_01123,KDAEOHOB_01390,OPNKAGHI_01502,KAHEJOMD_01257,HMEEEBGO_00555,KGEHKDDB_01115,GMGKJONF_01168,HLLCJJMH_01164,BMKFACGC_01438,FHDKMCMF_01979
group_774,,hypothetical protein,10,10,1.0,1,1435,,,,576,576,576.0,JECDCPOO_00536,KDAEOHOB_00796,OPNKAGHI_02117,KAHEJOMD_00575,HMEEEBGO_01261,KGEHKDDB_00535,GMGKJONF_00572,HLLCJJMH_00580,BMKFACGC_00574,FHDKMCMF_00042
group_770,,hypothetical protein,10,10,1.0,1,1431,,,,2226,2226,2226.0,JECDCPOO_00909,KDAEOHOB_01185,OPNKAGHI_01721,KAHEJOMD_01052,HMEEEBGO_00851,KGEHKDDB_00909,GMGKJONF_00962,HLLCJJMH_00958,BMKFACGC_00991,FHDKMCMF_02186
drrB1,drrB1,Daunorubicin resistance ABC transporter permease protein DrrB1,10,10,1.0,1,1429,,,,729,777,770.1,JECDCPOO_02466,KDAEOHOB_00221,OPNKAGHI_02608,KAHEJOMD_02591,HMEEEBGO_01862,KGEHKDDB_02501,GMGKJONF_02544,HLLCJJMH_02593,BMKFACGC_02577,FHDKMCMF_00655
group_767,,hypothetical protein,10,10,1.0,1,1427,,,,417,417,417.0,JECDCPOO_02420,KDAEOHOB_00176,OPNKAGHI_00133,KAHEJOMD_02544,HMEEEBGO_01906,KGEHKDDB_02451,GMGKJONF_02497,HLLCJJMH_02510,BMKFACGC_02532,FHDKMCMF_00707
dppD,dppD,Dipeptide transport ATP-binding protein DppD,10,10,1.0,1,1426,,,,1101,1101,1101.0,JECDCPOO_01878,KDAEOHOB_02150,OPNKAGHI_00647,KAHEJOMD_02017,HMEEEBGO_02489,KGEHKDDB_01926,GMGKJONF_01977,HLLCJJMH_01972,BMKFACGC_01987,FHDKMCMF_01232
group_765,,hypothetical protein,10,10,1.0,1,1423,,,,2049,2172,2079.6,JECDCPOO_00052,KDAEOHOB_00305,OPNKAGHI_00065,KAHEJOMD_00067,HMEEEBGO_01769,KGEHKDDB_00047,GMGKJONF_00074,HLLCJJMH_00092,BMKFACGC_00058,FHDKMCMF_00532
group_764,,hypothetical protein,10,11,1.1,1,1422,,,,519,1725,1569.2727272727273,JECDCPOO_02106,KDAEOHOB_02374,OPNKAGHI_00422;OPNKAGHI_00423,KAHEJOMD_02245,HMEEEBGO_02261,KGEHKDDB_02153,GMGKJONF_02209,HLLCJJMH_02207,BMKFACGC_02232,FHDKMCMF_01002
group_763,,hypothetical protein,10,10,1.0,1,1421,,,,210,291,218.1,JECDCPOO_01014,KDAEOHOB_01289,OPNKAGHI_01611,KAHEJOMD_01155,HMEEEBGO_00658,KGEHKDDB_01013,GMGKJONF_01066,HLLCJJMH_01062,BMKFACGC_01548,FHDKMCMF_02082
group_749,,hypothetical protein,10,10,1.0,1,1403,,,,264,264,264.0,JECDCPOO_02495,KDAEOHOB_00250,OPNKAGHI_02649,KAHEJOMD_02619,HMEEEBGO_01832,KGEHKDDB_02538,GMGKJONF_02574,HLLCJJMH_02635,BMKFACGC_02615,FHDKMCMF_00617
aguA_1,aguA_1,Putative agmatine deiminase,10,10,1.0,1,1401,,,,1113,1113,1113.0,JECDCPOO_02380,KDAEOHOB_00133,OPNKAGHI_00169,KAHEJOMD_02500,HMEEEBGO_01949,KGEHKDDB_02409,GMGKJONF_02459,HLLCJJMH_02554,BMKFACGC_02478,FHDKMCMF_00755
trcR~~~mprA_1~~~mprA,trcR;mprA_1;mprA,Transcriptional regulatory protein TrcR;Response regulator MprA,10,10,1.0,1,1400,,,,285,702,660.3,JECDCPOO_00341,KDAEOHOB_00600,OPNKAGHI_02312,KAHEJOMD_00373,HMEEEBGO_01462,KGEHKDDB_00339,GMGKJONF_00372,HLLCJJMH_00385,BMKFACGC_00373,FHDKMCMF_00240
pdhA,pdhA,Pyruvate dehydrogenase E1 component subunit alpha,10,10,1.0,1,1388,,,,1116,1116,1116.0,JECDCPOO_01424,KDAEOHOB_01764,OPNKAGHI_01190,KAHEJOMD_01572,HMEEEBGO_00114,KGEHKDDB_01496,GMGKJONF_01545,HLLCJJMH_01596,BMKFACGC_01147,FHDKMCMF_01676
group_734,,Type IV pilus assembly protein PilC;hypothetical protein,10,11,1.1,1,1380,,,,354,981,853.9090909090909,JECDCPOO_00893,KDAEOHOB_01170;KDAEOHOB_01169,OPNKAGHI_01737,KAHEJOMD_01037,HMEEEBGO_00866,KGEHKDDB_00894,GMGKJONF_00947,HLLCJJMH_00943,BMKFACGC_00976,FHDKMCMF_02201
alr,alr,Alanine racemase,10,10,1.0,1,1379,,,,1122,1122,1122.0,JECDCPOO_00554,KDAEOHOB_00814,OPNKAGHI_02097,KAHEJOMD_00595,HMEEEBGO_01241,KGEHKDDB_00564,GMGKJONF_00590,HLLCJJMH_00601,BMKFACGC_00594,FHDKMCMF_00023
dagK_2~~~dagK_1,;dagK_2;dagK_1,hypothetical protein;Diacylglycerol kinase,10,11,1.1,1,1378,,,,198,891,810.2727272727273,JECDCPOO_01384,KDAEOHOB_01724,OPNKAGHI_01229;OPNKAGHI_01230,KAHEJOMD_01532,HMEEEBGO_00155,KGEHKDDB_01456,GMGKJONF_01505,HLLCJJMH_01556,BMKFACGC_01187,FHDKMCMF_01716
thiO,thiO,Glycine oxidase,10,10,1.0,1,1370,,,,1125,1125,1125.0,JECDCPOO_01194,KDAEOHOB_01455,OPNKAGHI_01425,KAHEJOMD_01326,HMEEEBGO_00489,KGEHKDDB_01180,GMGKJONF_01235,HLLCJJMH_01229,BMKFACGC_01399,FHDKMCMF_01914
sigA,sigA,RNA polymerase sigma factor SigA,10,10,1.0,1,1368,,,,1125,1125,1125.0,JECDCPOO_01293,KDAEOHOB_01557,OPNKAGHI_01321,KAHEJOMD_01443,HMEEEBGO_00387,KGEHKDDB_01286,GMGKJONF_01332,HLLCJJMH_01352,BMKFACGC_01286,FHDKMCMF_01804
group_725,,hypothetical protein,10,10,1.0,1,1367,,,,1125,1125,1125.0,JECDCPOO_00285,KDAEOHOB_00543,OPNKAGHI_02379,KAHEJOMD_00317,HMEEEBGO_01518,KGEHKDDB_00283,GMGKJONF_00313,HLLCJJMH_00329,BMKFACGC_00317,FHDKMCMF_00296
cycA_2~~~cycA_1,cycA_2;cycA_1,D-serine/D-alanine/glycine transporter,10,11,1.1,1,1366,,,,465,1359,1237.3636363636363,JECDCPOO_00964,KDAEOHOB_01239,OPNKAGHI_01663;OPNKAGHI_01664,KAHEJOMD_01106,HMEEEBGO_00708,KGEHKDDB_00963,GMGKJONF_01016,HLLCJJMH_01012,BMKFACGC_01604,FHDKMCMF_02132
group_719,,hypothetical protein,10,10,1.0,1,1360,,,,423,423,423.0,JECDCPOO_00183,KDAEOHOB_00439,OPNKAGHI_02491,KAHEJOMD_00218,HMEEEBGO_01620,KGEHKDDB_00181,GMGKJONF_00206,HLLCJJMH_00225,BMKFACGC_00203,FHDKMCMF_00398
group_718,,hypothetical protein,10,10,1.0,1,1359,,,,795,795,795.0,JECDCPOO_02221,KDAEOHOB_02467,OPNKAGHI_00315,KAHEJOMD_02354,HMEEEBGO_02143,KGEHKDDB_02242,GMGKJONF_02303,HLLCJJMH_02328,BMKFACGC_02316,FHDKMCMF_00911
recS_1~~~recS_2~~~recS,recS_1;recS_2;recS,putative ATP-dependent DNA helicase RecS,10,11,1.1,1,1358,,,,468,1443,1314.2727272727273,JECDCPOO_01275,KDAEOHOB_01539,OPNKAGHI_01341;OPNKAGHI_01340,KAHEJOMD_01425,HMEEEBGO_00405,KGEHKDDB_01268,GMGKJONF_01314,HLLCJJMH_01334,BMKFACGC_01304,FHDKMCMF_01822
ecfT_1~~~ecfT_2,ecfT_1;ecfT_2,Energy-coupling factor transporter transmembrane protein EcfT,10,10,1.0,1,1356,,,,888,888,888.0,JECDCPOO_02100,KDAEOHOB_02368,OPNKAGHI_00425,KAHEJOMD_02239,HMEEEBGO_02267,KGEHKDDB_02147,GMGKJONF_02203,HLLCJJMH_02200,BMKFACGC_02226,FHDKMCMF_01008
group_717,,hypothetical protein,10,11,1.1,1,1355,,,,309,1197,1115.1818181818182,JECDCPOO_02483,KDAEOHOB_00237,OPNKAGHI_02629;OPNKAGHI_02635,KAHEJOMD_02606,HMEEEBGO_01845,KGEHKDDB_02524,GMGKJONF_02560,HLLCJJMH_02621,BMKFACGC_02603,FHDKMCMF_00631
smc_5~~~smc_1,smc_5;smc_1,Chromosome partition protein Smc,10,10,1.0,1,1354,,,,2796,2796,2796.0,JECDCPOO_00611,KDAEOHOB_00870,OPNKAGHI_02039,KAHEJOMD_00653,HMEEEBGO_01183,KGEHKDDB_00621,GMGKJONF_00648,HLLCJJMH_00662,BMKFACGC_00654,FHDKMCMF_02474
glpK_2~~~glpK_3~~~glpK_1,glpK_2;glpK_3;glpK_1,Glycerol kinase,10,11,1.1,1,1353,,,,180,1581,1387.6363636363637,JECDCPOO_00259,KDAEOHOB_00517,OPNKAGHI_02405;OPNKAGHI_02404,KAHEJOMD_00296,HMEEEBGO_01543,KGEHKDDB_00257,GMGKJONF_00292,HLLCJJMH_00302,BMKFACGC_00286,FHDKMCMF_00322
group_715,,hypothetical protein,10,11,1.1,1,1351,,,,351,855,777.5454545454545,JECDCPOO_02039,KDAEOHOB_02305,OPNKAGHI_00491;OPNKAGHI_00492,KAHEJOMD_02176,HMEEEBGO_02327,KGEHKDDB_02085,GMGKJONF_02139,HLLCJJMH_02139,BMKFACGC_02159,FHDKMCMF_01072
dacA_1~~~dacA_2,dacA_1;dacA_2,D-alanyl-D-alanine carboxypeptidase DacA,10,10,1.0,1,1350,,,,1320,1320,1320.0,JECDCPOO_02199,KDAEOHOB_02445,OPNKAGHI_00338,KAHEJOMD_02332,HMEEEBGO_02165,KGEHKDDB_02220,GMGKJONF_02280,HLLCJJMH_02306,BMKFACGC_02293,FHDKMCMF_00933
smc_3~~~smc_4~~~smc_2,smc_3;smc_4;smc_2,Chromosome partition protein Smc,10,11,1.1,1,1349,,,,1485,3552,3230.4545454545455,JECDCPOO_01066,KDAEOHOB_01340,OPNKAGHI_01556;OPNKAGHI_01555,KAHEJOMD_01207,HMEEEBGO_00606,KGEHKDDB_01065,GMGKJONF_01117,HLLCJJMH_01114,BMKFACGC_01493,FHDKMCMF_02030
group_714,,hypothetical protein,10,10,1.0,1,1348,,,,1035,1035,1035.0,JECDCPOO_01276,KDAEOHOB_01540,OPNKAGHI_01339,KAHEJOMD_01426,HMEEEBGO_00404,KGEHKDDB_01269,GMGKJONF_01315,HLLCJJMH_01335,BMKFACGC_01303,FHDKMCMF_01821
mntH_3~~~mntH_2,mntH_3;mntH_2,Divalent metal cation transporter MntH,10,11,1.1,1,1347,,,,252,1380,1254.8181818181818,JECDCPOO_00359,KDAEOHOB_00617,OPNKAGHI_02295;OPNKAGHI_02294,KAHEJOMD_00391,HMEEEBGO_01443,KGEHKDDB_00357,GMGKJONF_00391,HLLCJJMH_00403,BMKFACGC_00396,FHDKMCMF_00222
group_712,,hypothetical protein,10,11,1.1,1,1344,,,,117,714,619.9090909090909,JECDCPOO_02133,KDAEOHOB_02380,OPNKAGHI_00417,KAHEJOMD_02252;KAHEJOMD_02251,HMEEEBGO_02255,KGEHKDDB_02159,GMGKJONF_02216,HLLCJJMH_02213,BMKFACGC_02239,FHDKMCMF_00995
group_708,,putative glycosyltransferase,10,10,1.0,1,1339,,,,942,942,942.0,JECDCPOO_01681,KDAEOHOB_01928,OPNKAGHI_00850,KAHEJOMD_01809,HMEEEBGO_02772,KGEHKDDB_01725,GMGKJONF_01780,HLLCJJMH_01766,BMKFACGC_01790,FHDKMCMF_01440
group_706,,hypothetical protein,10,11,1.1,1,1337,,,,111,405,368.1818181818182,JECDCPOO_01001,KDAEOHOB_01276,OPNKAGHI_01626;OPNKAGHI_01625,KAHEJOMD_01142,HMEEEBGO_00671,KGEHKDDB_01000,GMGKJONF_01053,HLLCJJMH_01049,BMKFACGC_01561,FHDKMCMF_02095
group_705,,hypothetical protein,10,19,1.9,1,1335,,,,771,1953,1038.157894736842,JECDCPOO_00743;JECDCPOO_00742,KDAEOHOB_01007;KDAEOHOB_01006,OPNKAGHI_01898;OPNKAGHI_01899,KAHEJOMD_00794;KAHEJOMD_00793,HMEEEBGO_01046;HMEEEBGO_01047,KGEHKDDB_00752;KGEHKDDB_00753,GMGKJONF_00787,HLLCJJMH_00796;HLLCJJMH_00795,BMKFACGC_00797;BMKFACGC_00798,FHDKMCMF_02342;FHDKMCMF_02343
group_704,,hypothetical protein,10,10,1.0,1,1334,,,,576,678,636.6,JECDCPOO_01229,KDAEOHOB_01491,OPNKAGHI_01387,KAHEJOMD_01364,HMEEEBGO_00452,KGEHKDDB_01215,GMGKJONF_01271,HLLCJJMH_01266,BMKFACGC_01362,FHDKMCMF_01876
mltG,mltG,Endolytic murein transglycosylase,10,10,1.0,1,1331,,,,1137,1137,1137.0,JECDCPOO_01009,KDAEOHOB_01284,OPNKAGHI_01616,KAHEJOMD_01150,HMEEEBGO_00663,KGEHKDDB_01008,GMGKJONF_01061,HLLCJJMH_01057,BMKFACGC_01553,FHDKMCMF_02087
group_699,,hypothetical protein,10,10,1.0,1,1325,,,,315,315,315.0,JECDCPOO_00065,KDAEOHOB_00318,OPNKAGHI_00075,KAHEJOMD_00080,HMEEEBGO_01754,KGEHKDDB_00060,GMGKJONF_00085,HLLCJJMH_00105,BMKFACGC_00073,FHDKMCMF_00519
dnaN,dnaN,Beta sliding clamp,10,10,1.0,1,1324,,,,1140,1140,1140.0,JECDCPOO_00002,KDAEOHOB_00260,OPNKAGHI_00002,KAHEJOMD_00002,HMEEEBGO_01821,KGEHKDDB_00002,GMGKJONF_00002,HLLCJJMH_00002,BMKFACGC_00002,FHDKMCMF_00606
ddl,ddl,D-alanine--D-alanine ligase,10,10,1.0,1,1323,,,,1143,1143,1143.0,JECDCPOO_00817,KDAEOHOB_01098,OPNKAGHI_01812,KAHEJOMD_00961,HMEEEBGO_00942,KGEHKDDB_00822,GMGKJONF_00872,HLLCJJMH_00870,BMKFACGC_00896,FHDKMCMF_02273
yqeH,yqeH,putative protein YqeH,10,10,1.0,1,1322,,,,1143,1143,1143.0,JECDCPOO_00986,KDAEOHOB_01261,OPNKAGHI_01641,KAHEJOMD_01127,HMEEEBGO_00686,KGEHKDDB_00985,GMGKJONF_01038,HLLCJJMH_01034,BMKFACGC_01577,FHDKMCMF_02110
dapE_4,dapE_4,putative succinyl-diaminopimelate desuccinylase,10,10,1.0,1,1318,,,,1143,1143,1143.0,JECDCPOO_02458,KDAEOHOB_00211,OPNKAGHI_02596,KAHEJOMD_02583,HMEEEBGO_01870,KGEHKDDB_02493,GMGKJONF_02535,HLLCJJMH_02585,BMKFACGC_02569,FHDKMCMF_00663
yhhT,yhhT,Putative transport protein YhhT,10,10,1.0,1,1317,,,,1143,1143,1143.0,JECDCPOO_01672,KDAEOHOB_01919,OPNKAGHI_00859,KAHEJOMD_01800,HMEEEBGO_02781,KGEHKDDB_01716,GMGKJONF_01771,HLLCJJMH_01757,BMKFACGC_01781,FHDKMCMF_01449
nagA,nagA,N-acetylglucosamine-6-phosphate deacetylase,10,10,1.0,1,1313,,,,1143,1143,1143.0,JECDCPOO_00585,KDAEOHOB_00843,OPNKAGHI_02066,KAHEJOMD_00626,HMEEEBGO_01209,KGEHKDDB_00595,GMGKJONF_00622,HLLCJJMH_00632,BMKFACGC_00628,FHDKMCMF_02500
purK,purK,N5-carboxyaminoimidazole ribonucleotide synthase,10,10,1.0,1,1307,,,,1146,1146,1146.0,JECDCPOO_01735,KDAEOHOB_01982,OPNKAGHI_00792,KAHEJOMD_01863,HMEEEBGO_02717,KGEHKDDB_01778,GMGKJONF_01835,HLLCJJMH_01819,BMKFACGC_01845,FHDKMCMF_01386
yerH,yerH,putative lipoprotein YerH,10,10,1.0,1,1306,,,,1146,1146,1146.0,JECDCPOO_01732,KDAEOHOB_01979,OPNKAGHI_00795,KAHEJOMD_01860,HMEEEBGO_02720,KGEHKDDB_01775,GMGKJONF_01832,HLLCJJMH_01816,BMKFACGC_01842,FHDKMCMF_01389
dnaJ,dnaJ,Chaperone protein DnaJ,10,10,1.0,1,1298,,,,1149,1149,1149.0,JECDCPOO_01339,KDAEOHOB_01678,OPNKAGHI_01276,KAHEJOMD_01488,HMEEEBGO_00262,KGEHKDDB_01412,GMGKJONF_01460,HLLCJJMH_01397,BMKFACGC_01235,FHDKMCMF_01760
rlmI,rlmI,Ribosomal RNA large subunit methyltransferase I,10,10,1.0,1,1296,,,,1149,1149,1149.0,JECDCPOO_00775,KDAEOHOB_01036,OPNKAGHI_01854,KAHEJOMD_00839,HMEEEBGO_01005,KGEHKDDB_00780,GMGKJONF_00830,HLLCJJMH_00826,BMKFACGC_00848,FHDKMCMF_02315
axeA1,;axeA1,hypothetical protein;Acetylxylan esterase,10,10,1.0,1,1291,,,,795,795,795.0,JECDCPOO_01827,KDAEOHOB_02094,OPNKAGHI_00702,KAHEJOMD_01955,HMEEEBGO_02623,KGEHKDDB_01866,GMGKJONF_01922,HLLCJJMH_01911,BMKFACGC_01934,FHDKMCMF_01296
group_676,,hypothetical protein,10,11,1.1,1,1290,,,,663,1959,1695.5454545454545,JECDCPOO_00910,KDAEOHOB_01186,OPNKAGHI_01719;OPNKAGHI_01720,KAHEJOMD_01053,HMEEEBGO_00850,KGEHKDDB_00910,GMGKJONF_00963,HLLCJJMH_00959,BMKFACGC_00992,FHDKMCMF_02185
yjeM_2~~~yjeM_1,yjeM_2;yjeM_1,Inner membrane transporter YjeM,10,11,1.1,1,1288,,,,741,1509,1372.090909090909,JECDCPOO_01124,KDAEOHOB_01391,OPNKAGHI_01500;OPNKAGHI_01499,KAHEJOMD_01258,HMEEEBGO_00554,KGEHKDDB_01116,GMGKJONF_01169,HLLCJJMH_01165,BMKFACGC_01437,FHDKMCMF_01978
maa_4~~~maa_2,maa_4;maa_2,Maltose O-acetyltransferase,10,10,1.0,1,1287,,,,576,576,576.0,JECDCPOO_00291,KDAEOHOB_00550,OPNKAGHI_02366,KAHEJOMD_00323,HMEEEBGO_01512,KGEHKDDB_00289,GMGKJONF_00319,HLLCJJMH_00335,BMKFACGC_00323,FHDKMCMF_00290
group_674,,hypothetical protein,10,10,1.0,1,1286,,,,2274,2304,2301.0,JECDCPOO_00736,KDAEOHOB_01000,OPNKAGHI_01905,KAHEJOMD_00787,HMEEEBGO_01053,KGEHKDDB_00746,GMGKJONF_00780,HLLCJJMH_00789,BMKFACGC_00790,FHDKMCMF_02349
pvdT~~~macB~~~yknY,;pvdT;macB;yknY,hypothetical protein;Pyoverdine export ATP-binding/permease protein PvdT;Macrolide export ATP-binding/permease protein MacB;putative ABC transporter ATP-binding protein YknY,10,13,1.3,1,1284,,,,147,1926,1466.3076923076924,JECDCPOO_02240,KDAEOHOB_02485,OPNKAGHI_00298;OPNKAGHI_00297,KAHEJOMD_02369,HMEEEBGO_02127,KGEHKDDB_02260;KGEHKDDB_02261,GMGKJONF_02326,HLLCJJMH_02347,BMKFACGC_02336;BMKFACGC_02335,FHDKMCMF_00894
thiE,thiE,Thiamine-phosphate synthase,10,10,1.0,1,1283,,,,654,654,654.0,JECDCPOO_02241,KDAEOHOB_02486,OPNKAGHI_00296,KAHEJOMD_02370,HMEEEBGO_02126,KGEHKDDB_02262,GMGKJONF_02327,HLLCJJMH_02348,BMKFACGC_02337,FHDKMCMF_00893
recF,recF,DNA replication and repair protein RecF,10,10,1.0,1,1282,,,,1155,1155,1155.0,JECDCPOO_00004,KDAEOHOB_00262,OPNKAGHI_00004,KAHEJOMD_00004,HMEEEBGO_01819,KGEHKDDB_00004,GMGKJONF_00004,HLLCJJMH_00004,BMKFACGC_00004,FHDKMCMF_00604
agaA_1~~~melA~~~agaA~~~agaA_2,agaA_1;melA;agaA;agaA_2,Alpha-galactosidase AgaA;Alpha-galactosidase Mel36A,10,12,1.2,1,1281,,,,603,2385,1863.25,JECDCPOO_01869,KDAEOHOB_02141,OPNKAGHI_00657;OPNKAGHI_00656;OPNKAGHI_00658,KAHEJOMD_02001,HMEEEBGO_02572,KGEHKDDB_01917,GMGKJONF_01968,HLLCJJMH_01963,BMKFACGC_01978,FHDKMCMF_01241
group_669,,hypothetical protein,10,11,1.1,1,1277,,,,585,1710,1540.909090909091,JECDCPOO_00528,KDAEOHOB_00788,OPNKAGHI_02127;OPNKAGHI_02126,KAHEJOMD_00567,HMEEEBGO_01269,KGEHKDDB_00527,GMGKJONF_00563,HLLCJJMH_00572,BMKFACGC_00566,FHDKMCMF_00051
group_668,,hypothetical protein,10,11,1.1,1,1274,,,,141,690,607.6363636363636,JECDCPOO_00958,KDAEOHOB_01234,OPNKAGHI_01670;OPNKAGHI_01669,KAHEJOMD_01101,HMEEEBGO_00713,KGEHKDDB_00958,GMGKJONF_01011,HLLCJJMH_01007,BMKFACGC_01609,FHDKMCMF_02137
group_667,,hypothetical protein,10,11,1.1,1,1273,,,,195,765,695.7272727272727,JECDCPOO_00955,KDAEOHOB_01231,OPNKAGHI_01673;OPNKAGHI_01674,KAHEJOMD_01098,HMEEEBGO_00716,KGEHKDDB_00955,GMGKJONF_01008,HLLCJJMH_01004,BMKFACGC_01612,FHDKMCMF_02140
yjaB,yjaB,Peptidyl-lysine N-acetyltransferase YjaB,10,10,1.0,1,1272,,,,432,432,432.0,JECDCPOO_00067,KDAEOHOB_00320,OPNKAGHI_00077,KAHEJOMD_00082,HMEEEBGO_01752,KGEHKDDB_00062,GMGKJONF_00087,HLLCJJMH_00107,BMKFACGC_00075,FHDKMCMF_00517
group_663,,hypothetical protein,10,10,1.0,1,1268,,,,417,417,417.0,JECDCPOO_00518,KDAEOHOB_00778,OPNKAGHI_02138,KAHEJOMD_00556,HMEEEBGO_01279,KGEHKDDB_00517,GMGKJONF_00552,HLLCJJMH_00562,BMKFACGC_00556,FHDKMCMF_00061
group_661,,hypothetical protein,10,10,1.0,1,1265,,,,537,537,537.0,JECDCPOO_01925,KDAEOHOB_02195,OPNKAGHI_00603,KAHEJOMD_02062,HMEEEBGO_02444,KGEHKDDB_01972,GMGKJONF_02027,HLLCJJMH_02018,BMKFACGC_02034,FHDKMCMF_01187
bglA_2~~~bglA_1~~~bglA,bglA_2;bglA_1;bglA,Aryl-phospho-beta-D-glucosidase BglA,10,11,1.1,1,1261,,,,393,1476,1342.090909090909,JECDCPOO_00501,KDAEOHOB_00761,OPNKAGHI_02157;OPNKAGHI_02158,KAHEJOMD_00539,HMEEEBGO_01297,KGEHKDDB_00500,GMGKJONF_00535,HLLCJJMH_00545,BMKFACGC_00537,FHDKMCMF_00078
brnQ_1,;brnQ_1,hypothetical protein;Branched-chain amino acid permease BrnQ,10,11,1.1,1,1259,,,,324,1383,1254.2727272727273,JECDCPOO_02269,KDAEOHOB_02515,OPNKAGHI_00268;OPNKAGHI_00267,KAHEJOMD_02399,HMEEEBGO_02098,KGEHKDDB_02285,GMGKJONF_02350,HLLCJJMH_02374,BMKFACGC_02368,FHDKMCMF_00870
bglK_1~~~bglK_2,bglK_1;bglK_2,Beta-glucoside kinase,10,10,1.0,1,1258,,,,894,894,894.0,JECDCPOO_02270,KDAEOHOB_02516,OPNKAGHI_00266,KAHEJOMD_02400,HMEEEBGO_02097,KGEHKDDB_02286,GMGKJONF_02351,HLLCJJMH_02375,BMKFACGC_02369,FHDKMCMF_00869
group_650,,hypothetical protein,10,10,1.0,1,1249,,,,1167,1167,1167.0,JECDCPOO_02426,KDAEOHOB_00181,OPNKAGHI_00126,KAHEJOMD_02549,HMEEEBGO_01900,KGEHKDDB_02457,GMGKJONF_02503,HLLCJJMH_02504,BMKFACGC_02538,FHDKMCMF_00701
assT~~~assT_2,assT;;assT_2,Arylsulfate sulfotransferase AssT;hypothetical protein,10,11,1.1,1,1244,,,,351,1695,1535.1818181818182,JECDCPOO_02298,KDAEOHOB_00050,OPNKAGHI_00236;OPNKAGHI_00235,KAHEJOMD_02424,HMEEEBGO_02032,KGEHKDDB_02325,GMGKJONF_02374,HLLCJJMH_02403,BMKFACGC_02393,FHDKMCMF_00841
group_645,,hypothetical protein,10,11,1.1,1,1242,,,,249,2136,1941.2727272727273,JECDCPOO_00544,KDAEOHOB_00804,OPNKAGHI_02109,KAHEJOMD_00585;KAHEJOMD_00584,HMEEEBGO_01251,KGEHKDDB_00554,GMGKJONF_00580,HLLCJJMH_00589,BMKFACGC_00583,FHDKMCMF_00034
group_644,,hypothetical protein,10,10,1.0,1,1241,,,,675,675,675.0,JECDCPOO_00542,KDAEOHOB_00802,OPNKAGHI_02111,KAHEJOMD_00581,HMEEEBGO_01255,KGEHKDDB_00541,GMGKJONF_00578,HLLCJJMH_00587,BMKFACGC_00581,FHDKMCMF_00036
thlA,thlA,Acetyl-CoA acetyltransferase,10,10,1.0,1,1240,,,,1170,1170,1170.0,JECDCPOO_02392,KDAEOHOB_00145,OPNKAGHI_00164,KAHEJOMD_02508,HMEEEBGO_01937,KGEHKDDB_02421,GMGKJONF_02467,HLLCJJMH_02541,BMKFACGC_02490,FHDKMCMF_00739
group_643,,hypothetical protein,10,10,1.0,1,1239,,,,420,420,420.0,JECDCPOO_00237,KDAEOHOB_00495,OPNKAGHI_02424,KAHEJOMD_00274,HMEEEBGO_01565,KGEHKDDB_00234,GMGKJONF_00270,HLLCJJMH_00280,BMKFACGC_00262,FHDKMCMF_00344
mvaS,mvaS,Hydroxymethylglutaryl-CoA synthase,10,10,1.0,1,1238,,,,1170,1170,1170.0,JECDCPOO_01375,KDAEOHOB_01713,OPNKAGHI_01240,KAHEJOMD_01523,HMEEEBGO_00227,KGEHKDDB_01447,GMGKJONF_01496,HLLCJJMH_01432,BMKFACGC_01198,FHDKMCMF_01725
prsA_1~~~prsA_2,prsA_1;prsA_2,Foldase protein PrsA,10,11,1.1,1,1235,,,,477,924,813.5454545454545,JECDCPOO_00051,KDAEOHOB_00303,OPNKAGHI_00064,KAHEJOMD_00066,HMEEEBGO_01770,KGEHKDDB_00045,GMGKJONF_00072;GMGKJONF_00073,HLLCJJMH_00090,BMKFACGC_00057,FHDKMCMF_00534
group_639,,hypothetical protein,10,10,1.0,1,1233,,,,423,426,423.3,JECDCPOO_01120,KDAEOHOB_01387,OPNKAGHI_01505,KAHEJOMD_01254,HMEEEBGO_00559,KGEHKDDB_01112,GMGKJONF_01165,HLLCJJMH_01161,BMKFACGC_01441,FHDKMCMF_01982
group_638,,hypothetical protein,10,10,1.0,1,1232,,,,597,597,597.0,JECDCPOO_01122,KDAEOHOB_01389,OPNKAGHI_01503,KAHEJOMD_01256,HMEEEBGO_00556,KGEHKDDB_01114,GMGKJONF_01167,HLLCJJMH_01163,BMKFACGC_01439,FHDKMCMF_01980
brnQ_3~~~brnQ_2,brnQ_3;brnQ_2,Branched-chain amino acid permease BrnQ,10,11,1.1,1,1231,,,,480,1350,1200.8181818181818,JECDCPOO_02494,KDAEOHOB_00249,OPNKAGHI_02647;OPNKAGHI_02648,KAHEJOMD_02618,HMEEEBGO_01833,KGEHKDDB_02537,GMGKJONF_02573,HLLCJJMH_02634,BMKFACGC_02614,FHDKMCMF_00618
xylB_2~~~xylB_3~~~xylB_5,xylB_2;xylB_3;xylB_5,Xylulose kinase,10,11,1.1,1,1230,,,,417,1548,1394.4545454545455,JECDCPOO_01691,KDAEOHOB_01938,OPNKAGHI_00837;OPNKAGHI_00838,KAHEJOMD_01819,HMEEEBGO_02762,KGEHKDDB_01734,GMGKJONF_01789,HLLCJJMH_01775,BMKFACGC_01799,FHDKMCMF_01431
group_637,,hypothetical protein,10,10,1.0,1,1229,,,,534,534,534.0,JECDCPOO_02132,KDAEOHOB_02379,OPNKAGHI_00418,KAHEJOMD_02250,HMEEEBGO_02256,KGEHKDDB_02158,GMGKJONF_02215,HLLCJJMH_02212,BMKFACGC_02238,FHDKMCMF_00996
tadA_2~~~tadA_1,tadA_2;tadA_1,tRNA-specific adenosine deaminase,10,10,1.0,1,1228,,,,552,552,552.0,JECDCPOO_00644,KDAEOHOB_00908,OPNKAGHI_02004,KAHEJOMD_00695,HMEEEBGO_01145,KGEHKDDB_00654,GMGKJONF_00687,HLLCJJMH_00696,BMKFACGC_00693,FHDKMCMF_02441
strA,;strA,hypothetical protein;Sortase A,10,11,1.1,1,1226,,,,303,714,648.0,JECDCPOO_00535,KDAEOHOB_00795,OPNKAGHI_02118;OPNKAGHI_02119,KAHEJOMD_00574,HMEEEBGO_01262,KGEHKDDB_00534,GMGKJONF_00571,HLLCJJMH_00579,BMKFACGC_00573,FHDKMCMF_00043
group_633,,hypothetical protein,10,10,1.0,1,1223,,,,579,579,579.0,JECDCPOO_00497,KDAEOHOB_00757,OPNKAGHI_02162,KAHEJOMD_00535,HMEEEBGO_01303,KGEHKDDB_00496,GMGKJONF_00531,HLLCJJMH_00541,BMKFACGC_00527,FHDKMCMF_00082
group_631,,hypothetical protein,10,10,1.0,1,1221,,,,1179,1179,1179.0,JECDCPOO_01944,KDAEOHOB_02214,OPNKAGHI_00580,KAHEJOMD_02081,HMEEEBGO_02425,KGEHKDDB_01991,GMGKJONF_02046,HLLCJJMH_02037,BMKFACGC_02055,FHDKMCMF_01168
group_629,,Alpha-monoglucosyldiacylglycerol synthase,10,10,1.0,1,1219,,,,1179,1179,1179.0,JECDCPOO_01657,KDAEOHOB_01904,OPNKAGHI_00875,KAHEJOMD_01785,HMEEEBGO_02796,KGEHKDDB_01701,GMGKJONF_01755,HLLCJJMH_01742,BMKFACGC_01766,FHDKMCMF_01464
group_628,,hypothetical protein,10,10,1.0,1,1218,,,,399,399,399.0,JECDCPOO_01868,KDAEOHOB_02140,OPNKAGHI_00659,KAHEJOMD_01996,HMEEEBGO_02573,KGEHKDDB_01912,GMGKJONF_01963,HLLCJJMH_01958,BMKFACGC_01977,FHDKMCMF_01246
group_627,,hypothetical protein,10,10,1.0,1,1217,,,,450,450,450.0,JECDCPOO_00895,KDAEOHOB_01172,OPNKAGHI_01735,KAHEJOMD_01039,HMEEEBGO_00864,KGEHKDDB_00896,GMGKJONF_00949,HLLCJJMH_00945,BMKFACGC_00978,FHDKMCMF_02199
yfmL,yfmL,putative ATP-dependent RNA helicase YfmL,10,10,1.0,1,1216,,,,1326,1326,1326.0,JECDCPOO_01686,KDAEOHOB_01933,OPNKAGHI_00843,KAHEJOMD_01813,HMEEEBGO_02768,KGEHKDDB_01729,GMGKJONF_01784,HLLCJJMH_01770,BMKFACGC_01794,FHDKMCMF_01436
group_626,,hypothetical protein,10,10,1.0,1,1214,,,,108,108,108.0,JECDCPOO_01328,KDAEOHOB_01591,OPNKAGHI_01286,KAHEJOMD_01477,HMEEEBGO_00353,KGEHKDDB_01320,GMGKJONF_01366,HLLCJJMH_01386,BMKFACGC_01252,FHDKMCMF_01770
group_625,,hypothetical protein,10,10,1.0,1,1213,,,,126,207,198.9,JECDCPOO_01380,KDAEOHOB_01718,OPNKAGHI_01234,KAHEJOMD_01528,HMEEEBGO_00222,KGEHKDDB_01452,GMGKJONF_01501,HLLCJJMH_01437,BMKFACGC_01193,FHDKMCMF_01720
yueI,yueI,putative protein YueI,10,10,1.0,1,1208,,,,456,456,456.0,JECDCPOO_00823,KDAEOHOB_01104,OPNKAGHI_01805,KAHEJOMD_00967,HMEEEBGO_00936,KGEHKDDB_00828,GMGKJONF_00878,HLLCJJMH_00877,BMKFACGC_00902,FHDKMCMF_02267
group_620,,hypothetical protein,10,10,1.0,1,1207,,,,231,465,441.6,JECDCPOO_01160,KDAEOHOB_01427,OPNKAGHI_01454,KAHEJOMD_01297,HMEEEBGO_00517,KGEHKDDB_01152,GMGKJONF_01206,HLLCJJMH_01201,BMKFACGC_01428,FHDKMCMF_01942
group_619,,hypothetical protein,10,10,1.0,1,1206,,,,570,570,570.0,JECDCPOO_00717,KDAEOHOB_00981,OPNKAGHI_01927,KAHEJOMD_00768,HMEEEBGO_01072,KGEHKDDB_00727,GMGKJONF_00760,HLLCJJMH_00770,BMKFACGC_00769,FHDKMCMF_02368
group_618,,hypothetical protein,10,10,1.0,1,1204,,,,384,438,432.6,JECDCPOO_00600,KDAEOHOB_00859,OPNKAGHI_02050,KAHEJOMD_00642,HMEEEBGO_01194,KGEHKDDB_00610,GMGKJONF_00637,HLLCJJMH_00648,BMKFACGC_00643,FHDKMCMF_02485
nlhH,;nlhH,hypothetical protein;Carboxylesterase NlhH,10,11,1.1,1,1202,,,,525,1053,957.5454545454545,JECDCPOO_02335,KDAEOHOB_00081,OPNKAGHI_00206;OPNKAGHI_00205,KAHEJOMD_02454,HMEEEBGO_01994,KGEHKDDB_02362,GMGKJONF_02402,HLLCJJMH_02441,BMKFACGC_02424,FHDKMCMF_00803
group_616,,putative protein,10,10,1.0,1,1201,,,,1185,1185,1185.0,JECDCPOO_00013,KDAEOHOB_00271,OPNKAGHI_00015,KAHEJOMD_00013,HMEEEBGO_01810,KGEHKDDB_00013,GMGKJONF_00014,HLLCJJMH_00013,BMKFACGC_00013,FHDKMCMF_00595
group_615,,hypothetical protein,10,10,1.0,1,1200,,,,381,381,381.0,JECDCPOO_02220,KDAEOHOB_02466,OPNKAGHI_00316,KAHEJOMD_02353,HMEEEBGO_02144,KGEHKDDB_02241,GMGKJONF_02302,HLLCJJMH_02327,BMKFACGC_02315,FHDKMCMF_00912
yxdL,;yxdL,putative ABC transporter ATP-binding protein;hypothetical protein;ABC transporter ATP-binding protein YxdL,10,11,1.1,1,1196,,,,279,699,635.4545454545455,JECDCPOO_01901,KDAEOHOB_02172,OPNKAGHI_00623;OPNKAGHI_00622,KAHEJOMD_02039,HMEEEBGO_02467,KGEHKDDB_01948,GMGKJONF_02004,HLLCJJMH_01994,BMKFACGC_02009,FHDKMCMF_01210
metK,metK,S-adenosylmethionine synthase,10,10,1.0,1,1195,,,,1188,1188,1188.0,JECDCPOO_01540,KDAEOHOB_01881,OPNKAGHI_01064,KAHEJOMD_01758,HMEEEBGO_02823,KGEHKDDB_01674,GMGKJONF_01728,HLLCJJMH_01715,BMKFACGC_01643,FHDKMCMF_01491
mecA,mecA,Adapter protein MecA,10,10,1.0,1,1194,,,,723,726,725.7,JECDCPOO_00945,KDAEOHOB_01221,OPNKAGHI_01684,KAHEJOMD_01088,HMEEEBGO_00814,KGEHKDDB_00945,GMGKJONF_00998,HLLCJJMH_00994,BMKFACGC_01030,FHDKMCMF_02150
ard_3,ard_3,NADH:acrylate oxidoreductase,10,10,1.0,1,1192,,,,1191,1191,1191.0,JECDCPOO_02349,KDAEOHOB_00100,OPNKAGHI_00191,KAHEJOMD_02469,HMEEEBGO_01973,KGEHKDDB_02376,GMGKJONF_02428,HLLCJJMH_02456,BMKFACGC_02443,FHDKMCMF_00788
group_610,,putative transporter,10,10,1.0,1,1190,,,,1191,1191,1191.0,JECDCPOO_02365,KDAEOHOB_00116,OPNKAGHI_00175,KAHEJOMD_02485,HMEEEBGO_01957,KGEHKDDB_02392,GMGKJONF_02444,HLLCJJMH_02473,BMKFACGC_02462,FHDKMCMF_00772
group_609,,hypothetical protein,10,10,1.0,1,1189,,,,414,642,619.2,JECDCPOO_00908,KDAEOHOB_01184,OPNKAGHI_01722,KAHEJOMD_01051,HMEEEBGO_00852,KGEHKDDB_00908,GMGKJONF_00961,HLLCJJMH_00957,BMKFACGC_00990,FHDKMCMF_02187
ackA_2,ackA_2,Acetate kinase,10,10,1.0,1,1188,,,,1191,1191,1191.0,JECDCPOO_00900,KDAEOHOB_01176,OPNKAGHI_01730,KAHEJOMD_01043,HMEEEBGO_00860,KGEHKDDB_00900,GMGKJONF_00953,HLLCJJMH_00949,BMKFACGC_00982,FHDKMCMF_02195
nagC_2,nagC_2,DNA-binding transcriptional dual regulator NagC,10,10,1.0,1,1187,,,,1194,1194,1194.0,JECDCPOO_02259,KDAEOHOB_02505,OPNKAGHI_00278,KAHEJOMD_02389,HMEEEBGO_02108,KGEHKDDB_02275,GMGKJONF_02340,HLLCJJMH_02364,BMKFACGC_02358,FHDKMCMF_00880
tuf,tuf,Elongation factor Tu,10,10,1.0,1,1186,,,,1191,1191,1191.0,JECDCPOO_01401,KDAEOHOB_01741,OPNKAGHI_01212,KAHEJOMD_01549,HMEEEBGO_00138,KGEHKDDB_01473,GMGKJONF_01522,HLLCJJMH_01573,BMKFACGC_01170,FHDKMCMF_01699
isdF~~~btuC,isdF;btuC,putative heme-iron transport system permease protein IsdF;Vitamin B12 import system permease protein BtuC,10,12,1.2,1,1185,,,,369,969,806.5,JECDCPOO_00745,KDAEOHOB_01009,OPNKAGHI_01895;OPNKAGHI_01896,KAHEJOMD_00797;KAHEJOMD_00796,HMEEEBGO_01044,KGEHKDDB_00755,GMGKJONF_00789,HLLCJJMH_00798,BMKFACGC_00800,FHDKMCMF_02340
hdfR_2,hdfR_2,HTH-type transcriptional regulator HdfR,10,10,1.0,1,1183,,,,906,906,906.0,JECDCPOO_01227,KDAEOHOB_01489,OPNKAGHI_01389,KAHEJOMD_01362,HMEEEBGO_00455,KGEHKDDB_01213,GMGKJONF_01269,HLLCJJMH_01264,BMKFACGC_01365,FHDKMCMF_01878
group_607,,hypothetical protein,10,11,1.1,1,1182,,,,261,915,831.2727272727273,JECDCPOO_02152,KDAEOHOB_02399,OPNKAGHI_00396;OPNKAGHI_00397,KAHEJOMD_02272,HMEEEBGO_02236,KGEHKDDB_02178,GMGKJONF_02236,HLLCJJMH_02232,BMKFACGC_02260,FHDKMCMF_00976
drrA1~~~drrA,drrA1;drrA,Daunorubicin resistance ATP-binding protein DrrA1;Daunorubicin/doxorubicin resistance ATP-binding protein DrrA,10,10,1.0,1,1181,,,,936,975,939.9,JECDCPOO_02465,KDAEOHOB_00220,OPNKAGHI_02607,KAHEJOMD_02590,HMEEEBGO_01863,KGEHKDDB_02500,GMGKJONF_02543,HLLCJJMH_02592,BMKFACGC_02576,FHDKMCMF_00656
group_606,,hypothetical protein,10,10,1.0,1,1179,,,,354,966,904.8,JECDCPOO_00783,KDAEOHOB_01064,OPNKAGHI_01847,KAHEJOMD_00924,HMEEEBGO_00976,KGEHKDDB_00788,GMGKJONF_00838,HLLCJJMH_00836,BMKFACGC_00857,FHDKMCMF_02307
entS,entS,Enterobactin exporter EntS,10,10,1.0,1,1178,,,,1194,1194,1194.0,JECDCPOO_01841,KDAEOHOB_02108,OPNKAGHI_00688,KAHEJOMD_01969,HMEEEBGO_02608,KGEHKDDB_01880,GMGKJONF_01936,HLLCJJMH_01925,BMKFACGC_01948,FHDKMCMF_01282
sbcC_1~~~sbcC_2~~~sbcC,sbcC_1;sbcC_2;sbcC,Nuclease SbcCD subunit C,10,11,1.1,1,1177,,,,213,3150,2858.7272727272725,JECDCPOO_02078,KDAEOHOB_02346,OPNKAGHI_00448;OPNKAGHI_00447,KAHEJOMD_02217,HMEEEBGO_02289,KGEHKDDB_02125,GMGKJONF_02181,HLLCJJMH_02178,BMKFACGC_02200,FHDKMCMF_01033
group_605,,hypothetical protein,10,10,1.0,1,1176,,,,2067,2193,2150.7,JECDCPOO_00278,KDAEOHOB_00536,OPNKAGHI_02386,KAHEJOMD_00310,HMEEEBGO_01524,KGEHKDDB_00276,GMGKJONF_00306,HLLCJJMH_00322,BMKFACGC_00308,FHDKMCMF_00303
group_604,,hypothetical protein,10,10,1.0,1,1175,,,,966,1137,1085.1,JECDCPOO_02236,KDAEOHOB_02481,OPNKAGHI_00302,KAHEJOMD_02365,HMEEEBGO_02131,KGEHKDDB_02256,GMGKJONF_02322,HLLCJJMH_02343,BMKFACGC_02330,FHDKMCMF_00899
group_603,,hypothetical protein,10,10,1.0,1,1174,,,,195,195,195.0,JECDCPOO_02234,KDAEOHOB_02479,OPNKAGHI_00304,KAHEJOMD_02363,HMEEEBGO_02133,KGEHKDDB_02254,GMGKJONF_02320,HLLCJJMH_02338,BMKFACGC_02328,FHDKMCMF_00901
group_602,,hypothetical protein,10,10,1.0,1,1173,,,,423,423,423.0,JECDCPOO_02085,KDAEOHOB_02353,OPNKAGHI_00440,KAHEJOMD_02224,HMEEEBGO_02282,KGEHKDDB_02132,GMGKJONF_02188,HLLCJJMH_02185,BMKFACGC_02207,FHDKMCMF_01026
lacA~~~lacA_2,lacA;lacA_2,Galactoside O-acetyltransferase,10,10,1.0,1,1171,,,,618,618,618.0,JECDCPOO_02422,KDAEOHOB_00178,OPNKAGHI_00130,KAHEJOMD_02546,HMEEEBGO_01903,KGEHKDDB_02454,GMGKJONF_02499,HLLCJJMH_02507,BMKFACGC_02534,FHDKMCMF_00704
group_600,,hypothetical protein,10,10,1.0,1,1170,,,,1161,1164,1163.4,JECDCPOO_02421,KDAEOHOB_00177,OPNKAGHI_00132,KAHEJOMD_02545,HMEEEBGO_01905,KGEHKDDB_02452,GMGKJONF_02498,HLLCJJMH_02509,BMKFACGC_02533,FHDKMCMF_00706
group_599,,hypothetical protein,10,10,1.0,1,1168,,,,546,546,546.0,JECDCPOO_01119,KDAEOHOB_01386,OPNKAGHI_01506,KAHEJOMD_01253,HMEEEBGO_00560,KGEHKDDB_01111,GMGKJONF_01164,HLLCJJMH_01160,BMKFACGC_01442,FHDKMCMF_01983
iscS_2,iscS_2,Cysteine desulfurase IscS,10,10,1.0,1,1167,,,,1197,1197,1197.0,JECDCPOO_01450,KDAEOHOB_01790,OPNKAGHI_01161,KAHEJOMD_01600,HMEEEBGO_00087,KGEHKDDB_01522,GMGKJONF_01572,HLLCJJMH_01622,BMKFACGC_01118,FHDKMCMF_01650
group_598,,hypothetical protein,10,10,1.0,1,1166,,,,1293,1293,1293.0,JECDCPOO_02275,KDAEOHOB_02519,OPNKAGHI_00262,KAHEJOMD_02405,HMEEEBGO_02092,KGEHKDDB_02291,GMGKJONF_02355,HLLCJJMH_02380,BMKFACGC_02374,FHDKMCMF_00864
group_597,,hypothetical protein,10,10,1.0,1,1164,,,,96,297,274.5,JECDCPOO_00053,KDAEOHOB_00306,OPNKAGHI_00066,KAHEJOMD_00068,HMEEEBGO_01768,KGEHKDDB_00048,GMGKJONF_00075,HLLCJJMH_00093,BMKFACGC_00059,FHDKMCMF_00531
bcaP_3~~~bcaP_2,bcaP_3;bcaP_2,Branched-chain amino acid permease BcaP,10,11,1.1,1,1163,,,,495,1413,1285.6363636363637,JECDCPOO_01763,KDAEOHOB_02030,OPNKAGHI_00764;OPNKAGHI_00763,KAHEJOMD_01890,HMEEEBGO_02687,KGEHKDDB_01802,GMGKJONF_01858,HLLCJJMH_01847,BMKFACGC_01868,FHDKMCMF_01361
tagU_1~~~tagU_3,tagU_1;tagU_3,Polyisoprenyl-teichoic acid--peptidoglycan teichoic acid transferase TagU,10,10,1.0,1,1162,,,,1056,1056,1056.0,JECDCPOO_01761,KDAEOHOB_02028,OPNKAGHI_00766,KAHEJOMD_01888,HMEEEBGO_02689,KGEHKDDB_01800,GMGKJONF_01856,HLLCJJMH_01845,BMKFACGC_01866,FHDKMCMF_01363
stp_1~~~stp_4,stp_1;;stp_4,Multidrug resistance protein Stp;hypothetical protein,10,11,1.1,1,1161,,,,669,1542,1404.5454545454545,JECDCPOO_02154,KDAEOHOB_02401,OPNKAGHI_00393;OPNKAGHI_00394,KAHEJOMD_02274,HMEEEBGO_02234,KGEHKDDB_02180,GMGKJONF_02238,HLLCJJMH_02234,BMKFACGC_02262,FHDKMCMF_00974
group_595,,hypothetical protein;Multidrug efflux system permease protein,10,11,1.1,1,1158,,,,696,1623,1492.3636363636363,JECDCPOO_00152,KDAEOHOB_00408,OPNKAGHI_02523,KAHEJOMD_00178,HMEEEBGO_01659;HMEEEBGO_01660,KGEHKDDB_00150,GMGKJONF_00175,HLLCJJMH_00194,BMKFACGC_00164,FHDKMCMF_00429
thyA_1~~~thyA_2~~~thyA,thyA_1;thyA_2;thyA,Thymidylate synthase,10,11,1.1,1,1157,,,,390,951,854.7272727272727,JECDCPOO_01265,KDAEOHOB_01529,OPNKAGHI_01351,KAHEJOMD_01415,HMEEEBGO_00415,KGEHKDDB_01258,GMGKJONF_01304;GMGKJONF_01303,HLLCJJMH_01324,BMKFACGC_01314,FHDKMCMF_01832
fhs1_1~~~fhs1_2~~~fhs1,fhs1_1;fhs1_2;fhs1,Formate--tetrahydrofolate ligase 1,10,11,1.1,1,1156,,,,420,1656,1506.2727272727273,JECDCPOO_01197,KDAEOHOB_01458,OPNKAGHI_01422;OPNKAGHI_01421,KAHEJOMD_01329,HMEEEBGO_00486,KGEHKDDB_01183,GMGKJONF_01238,HLLCJJMH_01232,BMKFACGC_01396,FHDKMCMF_01911
group_594,,hypothetical protein,10,10,1.0,1,1155,,,,1203,1203,1203.0,JECDCPOO_00941,KDAEOHOB_01217,OPNKAGHI_01688,KAHEJOMD_01084,HMEEEBGO_00819,KGEHKDDB_00941,GMGKJONF_00994,HLLCJJMH_00990,BMKFACGC_01026,FHDKMCMF_02154
pgk,pgk,Phosphoglycerate kinase,10,10,1.0,1,1154,,,,1203,1203,1203.0,JECDCPOO_00707,KDAEOHOB_00971,OPNKAGHI_01937,KAHEJOMD_00758,HMEEEBGO_01082,KGEHKDDB_00717,GMGKJONF_00750,HLLCJJMH_00759,BMKFACGC_00759,FHDKMCMF_02378
rodA_1,rodA_1,Peptidoglycan glycosyltransferase RodA,10,10,1.0,1,1152,,,,1206,1206,1206.0,JECDCPOO_00813,KDAEOHOB_01094,OPNKAGHI_01816,KAHEJOMD_00957,HMEEEBGO_00946,KGEHKDDB_00818,GMGKJONF_00868,HLLCJJMH_00866,BMKFACGC_00892,FHDKMCMF_02277
nusA,nusA,Transcription termination/antitermination protein NusA,10,10,1.0,1,1149,,,,1206,1206,1206.0,JECDCPOO_01349,KDAEOHOB_01688,OPNKAGHI_01266,KAHEJOMD_01498,HMEEEBGO_00252,KGEHKDDB_01422,GMGKJONF_01470,HLLCJJMH_01407,BMKFACGC_01225,FHDKMCMF_01750
tagB,tagB,Teichoic acid glycerol-phosphate primase,10,10,1.0,1,1146,,,,1206,1206,1206.0,JECDCPOO_01310,KDAEOHOB_01574,OPNKAGHI_01304,KAHEJOMD_01460,HMEEEBGO_00370,KGEHKDDB_01303,GMGKJONF_01349,HLLCJJMH_01369,BMKFACGC_01269,FHDKMCMF_01787
dltB,dltB,Teichoic acid D-alanyltransferase,10,10,1.0,1,1141,,,,1209,1209,1209.0,JECDCPOO_01336,KDAEOHOB_01675,OPNKAGHI_01279,KAHEJOMD_01485,HMEEEBGO_00265,KGEHKDDB_01409,GMGKJONF_01457,HLLCJJMH_01394,BMKFACGC_01240,FHDKMCMF_01763
group_587,,hypothetical protein,10,10,1.0,1,1140,,,,2637,2664,2639.7,JECDCPOO_01013,KDAEOHOB_01288,OPNKAGHI_01612,KAHEJOMD_01154,HMEEEBGO_00659,KGEHKDDB_01012,GMGKJONF_01065,HLLCJJMH_01061,BMKFACGC_01549,FHDKMCMF_02083
group_584,,Type II NADH:quinone oxidoreductase,10,10,1.0,1,1135,,,,1212,1212,1212.0,JECDCPOO_00344,KDAEOHOB_00603,OPNKAGHI_02309,KAHEJOMD_00376,HMEEEBGO_01459,KGEHKDDB_00342,GMGKJONF_00375,HLLCJJMH_00388,BMKFACGC_00380,FHDKMCMF_00237
thiI,thiI,putative tRNA sulfurtransferase,10,10,1.0,1,1131,,,,1218,1218,1218.0,JECDCPOO_00830,KDAEOHOB_01111,OPNKAGHI_01798,KAHEJOMD_00974,HMEEEBGO_00929,KGEHKDDB_00835,GMGKJONF_00885,HLLCJJMH_00884,BMKFACGC_00910,FHDKMCMF_02260
group_575,,hypothetical protein,10,10,1.0,1,1125,,,,96,429,395.7,JECDCPOO_01525,KDAEOHOB_01866,OPNKAGHI_01081,KAHEJOMD_01678,HMEEEBGO_00010,KGEHKDDB_01598,GMGKJONF_01648,HLLCJJMH_01700,BMKFACGC_01627,FHDKMCMF_01572
ywqE,ywqE,Tyrosine-protein phosphatase YwqE,10,10,1.0,1,1123,,,,783,789,784.2,JECDCPOO_01758,KDAEOHOB_02025,OPNKAGHI_00769,KAHEJOMD_01885,HMEEEBGO_02692,KGEHKDDB_01797,GMGKJONF_01852,HLLCJJMH_01842,BMKFACGC_01863,FHDKMCMF_01366
yhaP,yhaP,putative protein YhaP,10,10,1.0,1,1121,,,,1221,1221,1221.0,JECDCPOO_01959,KDAEOHOB_02229,OPNKAGHI_00564,KAHEJOMD_02096,HMEEEBGO_02410,KGEHKDDB_02006,GMGKJONF_02061,HLLCJJMH_02052,BMKFACGC_02071,FHDKMCMF_01153
fabF,fabF,3-oxoacyl-[acyl-carrier-protein] synthase 2,10,10,1.0,1,1117,,,,1227,1227,1227.0,JECDCPOO_01086,KDAEOHOB_01360,OPNKAGHI_01535,KAHEJOMD_01227,HMEEEBGO_00586,KGEHKDDB_01085,GMGKJONF_01137,HLLCJJMH_01134,BMKFACGC_01472,FHDKMCMF_02010
niaP,niaP,Niacin transporter NiaP,10,10,1.0,1,1116,,,,1224,1224,1224.0,JECDCPOO_02404,KDAEOHOB_00158,OPNKAGHI_00150,KAHEJOMD_02527,HMEEEBGO_01924,KGEHKDDB_02433,GMGKJONF_02479,HLLCJJMH_02529,BMKFACGC_02514,FHDKMCMF_00727
group_569,tagF,Teichoic acid poly(glycerol phosphate) polymerase,10,10,1.0,1,1114,,,,1224,1224,1224.0,JECDCPOO_01308,KDAEOHOB_01572,OPNKAGHI_01306,KAHEJOMD_01458,HMEEEBGO_00372,KGEHKDDB_01301,GMGKJONF_01347,HLLCJJMH_01367,BMKFACGC_01271,FHDKMCMF_01789
group_564,,hypothetical protein,10,10,1.0,1,1108,,,,282,372,363.0,JECDCPOO_02251,KDAEOHOB_02496,OPNKAGHI_00287,KAHEJOMD_02380,HMEEEBGO_02116,KGEHKDDB_02272,GMGKJONF_02337,HLLCJJMH_02361,BMKFACGC_02348,FHDKMCMF_00883
group_561,,hypothetical protein,10,10,1.0,1,1104,,,,171,171,171.0,JECDCPOO_01850,KDAEOHOB_02117,OPNKAGHI_00679,KAHEJOMD_01978,HMEEEBGO_02599,KGEHKDDB_01889,GMGKJONF_01945,HLLCJJMH_01934,BMKFACGC_01957,FHDKMCMF_01273
gcvH_2,gcvH_2,Glycine cleavage system H protein,10,10,1.0,1,1100,,,,318,318,318.0,JECDCPOO_01848,KDAEOHOB_02115,OPNKAGHI_00681,KAHEJOMD_01976,HMEEEBGO_02601,KGEHKDDB_01887,GMGKJONF_01943,HLLCJJMH_01932,BMKFACGC_01955,FHDKMCMF_01275
group_558,,hypothetical protein,10,10,1.0,1,1099,,,,543,543,543.0,JECDCPOO_01189,KDAEOHOB_01450,OPNKAGHI_01430,KAHEJOMD_01321,HMEEEBGO_00494,KGEHKDDB_01175,GMGKJONF_01230,HLLCJJMH_01224,BMKFACGC_01404,FHDKMCMF_01919
group_557,,hypothetical protein,10,10,1.0,1,1098,,,,435,435,435.0,JECDCPOO_02428,KDAEOHOB_00183,OPNKAGHI_00124,KAHEJOMD_02551,HMEEEBGO_01898,KGEHKDDB_02459,GMGKJONF_02505,HLLCJJMH_02502,BMKFACGC_02540,FHDKMCMF_00699
group_556,,hypothetical protein,10,10,1.0,1,1097,,,,240,240,240.0,JECDCPOO_02057,KDAEOHOB_02323,OPNKAGHI_00472,KAHEJOMD_02194,4_refound_21,KGEHKDDB_02104,GMGKJONF_02157,HLLCJJMH_02157,BMKFACGC_02178,FHDKMCMF_01054
coaBC_2~~~coaBC_1~~~coaBC,coaBC_2;coaBC_1;coaBC,Coenzyme A biosynthesis bifunctional protein CoaBC,10,11,1.1,1,1094,,,,573,1212,1102.090909090909,JECDCPOO_01050,KDAEOHOB_01324,OPNKAGHI_01573;OPNKAGHI_01572,KAHEJOMD_01191,HMEEEBGO_00622,KGEHKDDB_01049,GMGKJONF_01101,HLLCJJMH_01098,BMKFACGC_01509,FHDKMCMF_02046
sbnD_2,sbnD_2,Staphyloferrin B transporter,10,10,1.0,1,1092,,,,1236,1236,1236.0,JECDCPOO_00377,KDAEOHOB_00634,OPNKAGHI_02276,KAHEJOMD_00408,HMEEEBGO_01426,KGEHKDDB_00374,GMGKJONF_00408,HLLCJJMH_00420,BMKFACGC_00413,FHDKMCMF_00205
group_551,,hypothetical protein,10,10,1.0,1,1090,,,,549,552,551.7,JECDCPOO_00737,KDAEOHOB_01001,OPNKAGHI_01904,KAHEJOMD_00788,HMEEEBGO_01052,KGEHKDDB_00747,GMGKJONF_00781,HLLCJJMH_00790,BMKFACGC_00791,FHDKMCMF_02348
group_550,,hypothetical protein,10,10,1.0,1,1089,,,,1803,1803,1803.0,JECDCPOO_01522,KDAEOHOB_01863,OPNKAGHI_01083,KAHEJOMD_01672,HMEEEBGO_00015,KGEHKDDB_01595,GMGKJONF_01645,HLLCJJMH_01696,BMKFACGC_01043,FHDKMCMF_01577
pynA,pynA;,Pyrimidine 5'-nucleotidase PynA;Phosphoserine phosphatase,10,10,1.0,1,1088,,,,603,855,693.0,JECDCPOO_02496,KDAEOHOB_00251,OPNKAGHI_02650,KAHEJOMD_02620,HMEEEBGO_01831,KGEHKDDB_02539,GMGKJONF_02575,HLLCJJMH_02636,BMKFACGC_02616,FHDKMCMF_00616
ltaS1_2~~~ltaS1_1,ltaS1_2;;ltaS1_1,Lipoteichoic acid synthase 1;hypothetical protein,10,11,1.1,1,1087,,,,423,2058,1871.1818181818182,JECDCPOO_01653,KDAEOHOB_01900,OPNKAGHI_00881;OPNKAGHI_00880,KAHEJOMD_01781,HMEEEBGO_02800,KGEHKDDB_01697,GMGKJONF_01751,HLLCJJMH_01738,BMKFACGC_01762,FHDKMCMF_01468
group_549,,hypothetical protein,10,11,1.1,1,1086,,,,159,1035,941.1818181818181,JECDCPOO_01655,KDAEOHOB_01902,OPNKAGHI_00877;OPNKAGHI_00878,KAHEJOMD_01783,HMEEEBGO_02798,KGEHKDDB_01699,GMGKJONF_01753,HLLCJJMH_01740,BMKFACGC_01764,FHDKMCMF_01466
group_547,,putative protein;hypothetical protein,10,11,1.1,1,1084,,,,555,1188,1080.2727272727273,JECDCPOO_00010,KDAEOHOB_00268,OPNKAGHI_00011;OPNKAGHI_00012,KAHEJOMD_00010,HMEEEBGO_01813,KGEHKDDB_00010,GMGKJONF_00010,HLLCJJMH_00010,BMKFACGC_00010,FHDKMCMF_00598
group_546,,hypothetical protein,10,10,1.0,1,1083,,,,726,726,726.0,JECDCPOO_01836,KDAEOHOB_02103,OPNKAGHI_00693,KAHEJOMD_01964,HMEEEBGO_02614,KGEHKDDB_01875,GMGKJONF_01931,HLLCJJMH_01920,BMKFACGC_01943,FHDKMCMF_01287
yafP,yafP,putative N-acetyltransferase YafP,10,10,1.0,1,1082,,,,474,534,483.0,JECDCPOO_02186,KDAEOHOB_02428,OPNKAGHI_00367,KAHEJOMD_02288,HMEEEBGO_02208,KGEHKDDB_02207,GMGKJONF_02267,HLLCJJMH_02264,BMKFACGC_02280,FHDKMCMF_00946
sasA_4~~~sasA_1,sasA_4;sasA_1,Adaptive-response sensory-kinase SasA,10,10,1.0,1,1081,,,,1116,1365,1340.1,JECDCPOO_00340,KDAEOHOB_00599,OPNKAGHI_02313,KAHEJOMD_00372,HMEEEBGO_01463,KGEHKDDB_00338,GMGKJONF_00371,HLLCJJMH_00384,BMKFACGC_00372,FHDKMCMF_00241
pbpX,pbpX,Putative penicillin-binding protein PbpX,10,10,1.0,1,1080,,,,1179,1179,1179.0,JECDCPOO_01675,KDAEOHOB_01922,OPNKAGHI_00856,KAHEJOMD_01803,HMEEEBGO_02778,KGEHKDDB_01719,GMGKJONF_01774,HLLCJJMH_01760,BMKFACGC_01784,FHDKMCMF_01446
group_545,,hypothetical protein,10,10,1.0,1,1079,,,,267,267,267.0,JECDCPOO_02396,KDAEOHOB_00150,OPNKAGHI_00158,KAHEJOMD_02514,HMEEEBGO_01932,KGEHKDDB_02425,GMGKJONF_02471,HLLCJJMH_02537,BMKFACGC_02494,FHDKMCMF_00735
pepT,pepT,Peptidase T,10,10,1.0,1,1072,,,,1242,1242,1242.0,JECDCPOO_01288,KDAEOHOB_01552,OPNKAGHI_01327,KAHEJOMD_01438,HMEEEBGO_00392,KGEHKDDB_01281,GMGKJONF_01327,HLLCJJMH_01347,BMKFACGC_01291,FHDKMCMF_01809
ard_3~~~ard_2,ard_3;ard_2,NADH:acrylate oxidoreductase,10,10,1.0,1,1069,,,,969,969,969.0,JECDCPOO_02093,KDAEOHOB_02361,OPNKAGHI_00432,KAHEJOMD_02232,HMEEEBGO_02274,KGEHKDDB_02140,GMGKJONF_02196,HLLCJJMH_02193,BMKFACGC_02218,FHDKMCMF_01015
rhaR_2~~~rhaR_3,rhaR_2;rhaR_3,HTH-type transcriptional activator RhaR,10,10,1.0,1,1068,,,,924,1029,934.5,JECDCPOO_02095,KDAEOHOB_02363,OPNKAGHI_00430,KAHEJOMD_02234,HMEEEBGO_02272,KGEHKDDB_02142,GMGKJONF_02198,HLLCJJMH_02195,BMKFACGC_02220,FHDKMCMF_01013
thiD_2~~~thiD_1,thiD_2;thiD_1,Hydroxymethylpyrimidine/phosphomethylpyrimidine kinase,10,10,1.0,1,1065,,,,816,816,816.0,JECDCPOO_02051,KDAEOHOB_02317,OPNKAGHI_00478,KAHEJOMD_02188,HMEEEBGO_02315,KGEHKDDB_02097,GMGKJONF_02151,HLLCJJMH_02151,BMKFACGC_02172,FHDKMCMF_01060
yycB_2~~~yycB_3~~~yycB_1,yycB_2;yycB_3;yycB_1,putative transporter YycB,10,11,1.1,1,1060,,,,426,1179,1071.8181818181818,JECDCPOO_00658,KDAEOHOB_00922,OPNKAGHI_01989;OPNKAGHI_01990,KAHEJOMD_00709,HMEEEBGO_01131,KGEHKDDB_00668,GMGKJONF_00701,HLLCJJMH_00710,BMKFACGC_00707,FHDKMCMF_02427
ybiV_2,ybiV_2,Sugar phosphatase YbiV,10,10,1.0,1,1055,,,,810,816,814.8,JECDCPOO_00995,KDAEOHOB_01270,OPNKAGHI_01632,KAHEJOMD_01136,HMEEEBGO_00677,KGEHKDDB_00994,GMGKJONF_01047,HLLCJJMH_01043,BMKFACGC_01568,FHDKMCMF_02101
group_528,,hypothetical protein,10,10,1.0,1,1052,,,,438,738,695.4,JECDCPOO_00741,KDAEOHOB_01005,OPNKAGHI_01900,KAHEJOMD_00792,HMEEEBGO_01048,KGEHKDDB_00751,GMGKJONF_00786,HLLCJJMH_00794,BMKFACGC_00796,FHDKMCMF_02344
group_527,,D-aspartate ligase,10,10,1.0,1,1051,,,,1257,1257,1257.0,JECDCPOO_01517,KDAEOHOB_01858,OPNKAGHI_01088,KAHEJOMD_01667,HMEEEBGO_00020,KGEHKDDB_01590,GMGKJONF_01640,HLLCJJMH_01691,BMKFACGC_01048,FHDKMCMF_01582
clpX,clpX,ATP-dependent Clp protease ATP-binding subunit ClpX,10,10,1.0,1,1050,,,,1257,1257,1257.0,JECDCPOO_01399,KDAEOHOB_01739,OPNKAGHI_01214,KAHEJOMD_01547,HMEEEBGO_00140,KGEHKDDB_01471,GMGKJONF_01520,HLLCJJMH_01571,BMKFACGC_01172,FHDKMCMF_01701
mscL_1~~~mscL,mscL_1;mscL,Large-conductance mechanosensitive channel,10,10,1.0,1,1049,,,,321,384,377.7,JECDCPOO_01326,KDAEOHOB_01589,OPNKAGHI_01288,KAHEJOMD_01475,HMEEEBGO_00355,KGEHKDDB_01318,GMGKJONF_01364,HLLCJJMH_01384,BMKFACGC_01254,FHDKMCMF_01772
mhqD,;mhqD,hypothetical protein;Putative hydrolase MhqD,10,11,1.1,1,1048,,,,111,609,555.8181818181819,JECDCPOO_02059,KDAEOHOB_02327,OPNKAGHI_00470;OPNKAGHI_00469,KAHEJOMD_02196,HMEEEBGO_02308,KGEHKDDB_02106,GMGKJONF_02161,HLLCJJMH_02159,BMKFACGC_02180,FHDKMCMF_01052
ftsZ,ftsZ,Cell division protein FtsZ,10,10,1.0,1,1047,,,,1260,1260,1260.0,JECDCPOO_01460,KDAEOHOB_01800,OPNKAGHI_01151,KAHEJOMD_01610,HMEEEBGO_00077,KGEHKDDB_01532,GMGKJONF_01582,HLLCJJMH_01633,BMKFACGC_01108,FHDKMCMF_01640
group_526,,hypothetical protein,10,10,1.0,1,1046,,,,1260,1260,1260.0,JECDCPOO_01507,KDAEOHOB_01848,OPNKAGHI_01092,KAHEJOMD_01657,HMEEEBGO_00030,KGEHKDDB_01580,GMGKJONF_01630,HLLCJJMH_01681,BMKFACGC_01061,FHDKMCMF_01592
group_525,,hypothetical protein,10,10,1.0,1,1045,,,,537,537,537.0,JECDCPOO_01545,KDAEOHOB_01886,OPNKAGHI_01059,KAHEJOMD_01763,HMEEEBGO_02818,KGEHKDDB_01679,GMGKJONF_01733,HLLCJJMH_01720,BMKFACGC_01649,FHDKMCMF_01486
group_524,,hypothetical protein,10,10,1.0,1,1044,,,,570,570,570.0,JECDCPOO_01543,KDAEOHOB_01884,OPNKAGHI_01061,KAHEJOMD_01761,HMEEEBGO_02820,KGEHKDDB_01677,GMGKJONF_01731,HLLCJJMH_01718,BMKFACGC_01646,FHDKMCMF_01488
group_523,,hypothetical protein,10,10,1.0,1,1043,,,,411,471,449.4,JECDCPOO_01046,KDAEOHOB_01320,OPNKAGHI_01577,KAHEJOMD_01187,HMEEEBGO_00626,KGEHKDDB_01045,GMGKJONF_01097,HLLCJJMH_01094,BMKFACGC_01513,FHDKMCMF_02050
ypiA,ypiA,TPR repeat-containing protein YpiA,10,10,1.0,1,1042,,,,1260,1260,1260.0,JECDCPOO_01269,KDAEOHOB_01533,OPNKAGHI_01347,KAHEJOMD_01419,HMEEEBGO_00411,KGEHKDDB_01262,GMGKJONF_01308,HLLCJJMH_01328,BMKFACGC_01310,FHDKMCMF_01828
group_520,,putative ABC transporter ATP-binding protein,10,13,1.3,1,1039,,,,306,1734,1328.5384615384614,JECDCPOO_00789,KDAEOHOB_01070,OPNKAGHI_01840;OPNKAGHI_01841,KAHEJOMD_00931;KAHEJOMD_00930,HMEEEBGO_00970,KGEHKDDB_00794,GMGKJONF_00844,HLLCJJMH_00842,BMKFACGC_00865;BMKFACGC_00866,FHDKMCMF_02301
group_511,,hypothetical protein,10,10,1.0,1,1029,,,,1215,1215,1215.0,JECDCPOO_01500,KDAEOHOB_01841,OPNKAGHI_01099,KAHEJOMD_01650,HMEEEBGO_00037,KGEHKDDB_01573,GMGKJONF_01623,HLLCJJMH_01674,BMKFACGC_01068,FHDKMCMF_01599
yhfK_1~~~yhfK_2,yhfK_1;yhfK_2,putative sugar epimerase YhfK,10,10,1.0,1,1027,,,,642,642,642.0,JECDCPOO_00101,KDAEOHOB_00354,OPNKAGHI_00113,KAHEJOMD_00120,HMEEEBGO_01718,KGEHKDDB_00096,GMGKJONF_00124,HLLCJJMH_00142,BMKFACGC_00116,FHDKMCMF_00483
group_509,,hypothetical protein,10,10,1.0,1,1026,,,,108,108,108.0,JECDCPOO_00144,KDAEOHOB_00400,OPNKAGHI_02535,KAHEJOMD_00166,HMEEEBGO_01673,KGEHKDDB_00138,GMGKJONF_00168,HLLCJJMH_00186,BMKFACGC_00156,FHDKMCMF_00441
ubiE_2~~~desVI,ubiE_2;desVI,Ubiquinone/menaquinone biosynthesis C-methyltransferase UbiE;dTDP-3-amino-346-trideoxy-alpha-D-glucopyranose NN-dimethyltransferase,10,10,1.0,1,1023,,,,744,744,744.0,JECDCPOO_00991,KDAEOHOB_01266,OPNKAGHI_01636,KAHEJOMD_01132,HMEEEBGO_00681,KGEHKDDB_00990,GMGKJONF_01043,HLLCJJMH_01039,BMKFACGC_01572,FHDKMCMF_02105
group_506,,hypothetical protein,10,12,1.2,1,1021,,,,276,933,771.0,JECDCPOO_00408,KDAEOHOB_00665,OPNKAGHI_02244;OPNKAGHI_02245,KAHEJOMD_00439,HMEEEBGO_01394;HMEEEBGO_01395,KGEHKDDB_00405,GMGKJONF_00440,HLLCJJMH_00451,BMKFACGC_00446,FHDKMCMF_00174
group_505,,hypothetical protein,10,10,1.0,1,1020,,,,1815,1815,1815.0,JECDCPOO_00394,KDAEOHOB_00651,OPNKAGHI_02259,KAHEJOMD_00425,HMEEEBGO_01409,KGEHKDDB_00391,GMGKJONF_00425,HLLCJJMH_00437,BMKFACGC_00430,FHDKMCMF_00188
group_504,,hypothetical protein,10,10,1.0,1,1019,,,,762,762,762.0,JECDCPOO_01689,KDAEOHOB_01936,OPNKAGHI_00840,KAHEJOMD_01816,HMEEEBGO_02764,KGEHKDDB_01732,GMGKJONF_01787,HLLCJJMH_01773,BMKFACGC_01797,FHDKMCMF_01433
group_502,,hypothetical protein,10,10,1.0,1,1017,,,,264,264,264.0,JECDCPOO_00363,KDAEOHOB_00621,OPNKAGHI_02289,KAHEJOMD_00395,HMEEEBGO_01439,KGEHKDDB_00361,GMGKJONF_00395,HLLCJJMH_00407,BMKFACGC_00400,FHDKMCMF_00218
group_500,,hypothetical protein,10,10,1.0,1,1015,,,,240,240,240.0,JECDCPOO_00309,KDAEOHOB_00568,OPNKAGHI_02346,KAHEJOMD_00341,HMEEEBGO_01494,KGEHKDDB_00307,GMGKJONF_00338,HLLCJJMH_00353,BMKFACGC_00341,FHDKMCMF_00272
mccF,;mccF,hypothetical protein;Microcin C7 self-immunity protein MccF,10,11,1.1,1,1012,,,,348,1083,979.9090909090909,JECDCPOO_02352,KDAEOHOB_00103,OPNKAGHI_00187;OPNKAGHI_00188,KAHEJOMD_02472,HMEEEBGO_01970,KGEHKDDB_02379,GMGKJONF_02431,HLLCJJMH_02459,BMKFACGC_02446,FHDKMCMF_00785
licC,licC,Lichenan permease IIC component,10,10,1.0,1,1011,,,,1278,1278,1278.0,JECDCPOO_01939,KDAEOHOB_02209,OPNKAGHI_00585,KAHEJOMD_02076,HMEEEBGO_02430,KGEHKDDB_01986,GMGKJONF_02041,HLLCJJMH_02032,BMKFACGC_02049,FHDKMCMF_01173
hflX,hflX,GTPase HflX,10,10,1.0,1,1010,,,,1278,1278,1278.0,JECDCPOO_01884,KDAEOHOB_02155,OPNKAGHI_00641,KAHEJOMD_02022,HMEEEBGO_02484,KGEHKDDB_01931,GMGKJONF_01983,HLLCJJMH_01977,BMKFACGC_01992,FHDKMCMF_01227
rasP,rasP,Regulator of sigma-W protease RasP,10,10,1.0,1,1008,,,,1278,1278,1278.0,JECDCPOO_01354,KDAEOHOB_01693,OPNKAGHI_01261,KAHEJOMD_01503,HMEEEBGO_00247,KGEHKDDB_01427,GMGKJONF_01475,HLLCJJMH_01412,BMKFACGC_01220,FHDKMCMF_01745
paiA,paiA,Spermidine/spermine N(1)-acetyltransferase,10,10,1.0,1,1007,,,,519,519,519.0,JECDCPOO_01843,KDAEOHOB_02110,OPNKAGHI_00686,KAHEJOMD_01971,HMEEEBGO_02606,KGEHKDDB_01882,GMGKJONF_01938,HLLCJJMH_01927,BMKFACGC_01950,FHDKMCMF_01280
group_495,,hypothetical protein,10,10,1.0,1,1005,,,,717,717,717.0,JECDCPOO_02157,KDAEOHOB_02404,OPNKAGHI_00390,KAHEJOMD_02277,HMEEEBGO_02231,KGEHKDDB_02183,GMGKJONF_02241,HLLCJJMH_02237,BMKFACGC_02265,FHDKMCMF_00971
group_494,,hypothetical protein,10,10,1.0,1,1004,,,,567,576,567.9,JECDCPOO_02155,KDAEOHOB_02402,OPNKAGHI_00392,KAHEJOMD_02275,HMEEEBGO_02233,KGEHKDDB_02181,GMGKJONF_02239,HLLCJJMH_02235,BMKFACGC_02263,FHDKMCMF_00973
group_491,,hypothetical protein,10,10,1.0,1,1001,,,,651,657,654.9,JECDCPOO_02344,KDAEOHOB_00095,OPNKAGHI_00193,KAHEJOMD_02463,HMEEEBGO_01981,KGEHKDDB_02371,GMGKJONF_02415,HLLCJJMH_02450,BMKFACGC_02433,FHDKMCMF_00794
recQ_2~~~recQ_1~~~recQ,recQ_2;recQ_1;recQ,ATP-dependent DNA helicase RecQ,10,11,1.1,1,995,,,,771,1776,1617.8181818181818,JECDCPOO_01862,KDAEOHOB_02134,OPNKAGHI_00667,KAHEJOMD_01990,HMEEEBGO_02579,KGEHKDDB_01906,GMGKJONF_01957,HLLCJJMH_01951;HLLCJJMH_01952,BMKFACGC_01971,FHDKMCMF_01252
gltT,gltT,Proton/sodium-glutamate symport protein,10,10,1.0,1,994,,,,1287,1287,1287.0,JECDCPOO_00098,KDAEOHOB_00351,OPNKAGHI_00110,KAHEJOMD_00117,HMEEEBGO_01721,KGEHKDDB_00093,GMGKJONF_00121,HLLCJJMH_00139,BMKFACGC_00113,FHDKMCMF_00486
group_486,,hypothetical protein,10,11,1.1,1,992,,,,276,1947,1765.090909090909,JECDCPOO_02429,KDAEOHOB_00184,OPNKAGHI_00123,KAHEJOMD_02552,HMEEEBGO_01897,KGEHKDDB_02460,GMGKJONF_02506,HLLCJJMH_02501,BMKFACGC_02541;BMKFACGC_02542,FHDKMCMF_00698
purA,purA,Adenylosuccinate synthetase,10,10,1.0,1,991,,,,1287,1287,1287.0,JECDCPOO_00245,KDAEOHOB_00503,OPNKAGHI_02417,KAHEJOMD_00282,HMEEEBGO_01557,KGEHKDDB_00242,GMGKJONF_00278,HLLCJJMH_00288,BMKFACGC_00272,FHDKMCMF_00336
mntH_4~~~mntH_1,mntH_4;mntH_1,Divalent metal cation transporter MntH,10,10,1.0,1,990,,,,1455,1581,1563.6,JECDCPOO_00242,KDAEOHOB_00500,OPNKAGHI_02419,KAHEJOMD_00279,HMEEEBGO_01560,KGEHKDDB_00239,GMGKJONF_00275,HLLCJJMH_00285,BMKFACGC_00267,FHDKMCMF_00339
group_485,,hypothetical protein,10,10,1.0,1,989,,,,591,591,591.0,JECDCPOO_01374,KDAEOHOB_01712,OPNKAGHI_01242,KAHEJOMD_01522,HMEEEBGO_00228,KGEHKDDB_01446,GMGKJONF_01495,HLLCJJMH_01431,BMKFACGC_01199,FHDKMCMF_01726
group_483,,hypothetical protein,10,11,1.1,1,987,,,,153,654,594.8181818181819,JECDCPOO_02443,KDAEOHOB_00196,OPNKAGHI_02581;OPNKAGHI_02580,KAHEJOMD_02567,HMEEEBGO_01885,KGEHKDDB_02478,GMGKJONF_02519,HLLCJJMH_02569,BMKFACGC_02554,FHDKMCMF_00678
recX,recX,Regulatory protein RecX,10,10,1.0,1,986,,,,801,801,801.0,JECDCPOO_01676,KDAEOHOB_01923,OPNKAGHI_00855,KAHEJOMD_01804,HMEEEBGO_02777,KGEHKDDB_01720,GMGKJONF_01775,HLLCJJMH_01761,BMKFACGC_01785,FHDKMCMF_01445
rafB,rafB,Raffinose permease,10,10,1.0,1,985,,,,1290,1290,1290.0,JECDCPOO_01860,KDAEOHOB_02132,OPNKAGHI_00669,KAHEJOMD_01988,HMEEEBGO_02581,KGEHKDDB_01904,GMGKJONF_01955,HLLCJJMH_01949,BMKFACGC_01969,FHDKMCMF_01254
dltD,dltD,Protein DltD,10,10,1.0,1,984,,,,1290,1290,1290.0,JECDCPOO_01334,KDAEOHOB_01673,OPNKAGHI_01281,KAHEJOMD_01483,HMEEEBGO_00267,KGEHKDDB_01407,GMGKJONF_01455,HLLCJJMH_01392,BMKFACGC_01242,FHDKMCMF_01765
group_482,,hypothetical protein,10,10,1.0,1,983,,,,1290,1290,1290.0,JECDCPOO_00844,KDAEOHOB_01125,OPNKAGHI_01784,KAHEJOMD_00988,HMEEEBGO_00915,KGEHKDDB_00849,GMGKJONF_00899,HLLCJJMH_00898,BMKFACGC_00924,FHDKMCMF_02246
rluD_3~~~rluD_1,rluD_3;rluD_1,Ribosomal large subunit pseudouridine synthase D,10,10,1.0,1,982,,,,888,888,888.0,JECDCPOO_00189,KDAEOHOB_00445,OPNKAGHI_02485,KAHEJOMD_00224,HMEEEBGO_01614,KGEHKDDB_00187,GMGKJONF_00213,HLLCJJMH_00231,BMKFACGC_00209,FHDKMCMF_00392
mneS_2~~~mneS_1,mneS_2;;mneS_1,Manganese efflux system protein MneS;hypothetical protein,10,10,1.0,1,981,,,,447,972,694.8,JECDCPOO_00191,KDAEOHOB_00447,OPNKAGHI_02483,KAHEJOMD_00226,HMEEEBGO_01612,KGEHKDDB_00189,GMGKJONF_00215,HLLCJJMH_00233,BMKFACGC_00211,FHDKMCMF_00390
group_481,,hypothetical protein,10,10,1.0,1,980,,,,1296,1296,1296.0,JECDCPOO_00843,KDAEOHOB_01124,OPNKAGHI_01785,KAHEJOMD_00987,HMEEEBGO_00916,KGEHKDDB_00848,GMGKJONF_00898,HLLCJJMH_00897,BMKFACGC_00923,FHDKMCMF_02247
yhaZ,yhaZ,putative protein YhaZ,10,10,1.0,1,975,,,,459,1077,586.8,JECDCPOO_02411,KDAEOHOB_00165,OPNKAGHI_00143,KAHEJOMD_02534,HMEEEBGO_01916,KGEHKDDB_02440,GMGKJONF_02486,HLLCJJMH_02522,BMKFACGC_02521,FHDKMCMF_00720
hisS,hisS,Histidine--tRNA ligase,10,10,1.0,1,974,,,,1296,1296,1296.0,JECDCPOO_01314,KDAEOHOB_01578,OPNKAGHI_01299,KAHEJOMD_01464,HMEEEBGO_00366,KGEHKDDB_01307,GMGKJONF_01353,HLLCJJMH_01373,BMKFACGC_01265,FHDKMCMF_01783
nfrA1,nfrA1,FMN reductase (NADPH),10,10,1.0,1,972,,,,747,747,747.0,JECDCPOO_00124,KDAEOHOB_00378,OPNKAGHI_02557,KAHEJOMD_00141,HMEEEBGO_01695,KGEHKDDB_00116,GMGKJONF_00144,HLLCJJMH_00164,BMKFACGC_00135,FHDKMCMF_00463
purB,purB,Adenylosuccinate lyase,10,10,1.0,1,968,,,,1299,1299,1299.0,JECDCPOO_00246,KDAEOHOB_00504,OPNKAGHI_02416,KAHEJOMD_00283,HMEEEBGO_01556,KGEHKDDB_00243,GMGKJONF_00279,HLLCJJMH_00289,BMKFACGC_00273,FHDKMCMF_00335
yxeI_1~~~yxeI_3,yxeI_1;yxeI_3,Penicillin V acylase,10,10,1.0,1,967,,,,492,957,910.5,JECDCPOO_02288,KDAEOHOB_00040,OPNKAGHI_00254,KAHEJOMD_02414,HMEEEBGO_02042,KGEHKDDB_02315,GMGKJONF_02364,HLLCJJMH_02393,BMKFACGC_02383,FHDKMCMF_00851
group_475,,hypothetical protein,10,10,1.0,1,966,,,,912,963,957.9,JECDCPOO_02138,KDAEOHOB_02385,OPNKAGHI_00412,KAHEJOMD_02257,HMEEEBGO_02250,KGEHKDDB_02164,GMGKJONF_02221,HLLCJJMH_02218,BMKFACGC_02244,FHDKMCMF_00990
group_473,,hypothetical protein,10,10,1.0,1,963,,,,1302,1302,1302.0,JECDCPOO_00038,KDAEOHOB_00289,OPNKAGHI_00032,KAHEJOMD_00035,HMEEEBGO_01788,KGEHKDDB_00031,GMGKJONF_00034,HLLCJJMH_00031,BMKFACGC_00031,FHDKMCMF_00576
secY,secY,Protein translocase subunit SecY,10,10,1.0,1,959,,,,1311,1311,1311.0,JECDCPOO_01784,KDAEOHOB_02051,OPNKAGHI_00746,KAHEJOMD_01911,HMEEEBGO_02666,KGEHKDDB_01823,GMGKJONF_01879,HLLCJJMH_01868,BMKFACGC_01890,FHDKMCMF_01340
aspB,;aspB,Aspartate aminotransferase;Asparagine--oxo-acid transaminase,10,13,1.3,1,957,,,,444,1182,912.6923076923077,JECDCPOO_01170,KDAEOHOB_01437,OPNKAGHI_01443;OPNKAGHI_01444,KAHEJOMD_01307;KAHEJOMD_01308,HMEEEBGO_00507,KGEHKDDB_01162,GMGKJONF_01217;GMGKJONF_01216,HLLCJJMH_01211,BMKFACGC_01417,FHDKMCMF_01932
murA1_2,murA1_2,UDP-N-acetylglucosamine 1-carboxyvinyltransferase 1,10,10,1.0,1,956,,,,1308,1308,1308.0,JECDCPOO_00809,KDAEOHOB_01090,OPNKAGHI_01820,KAHEJOMD_00953,HMEEEBGO_00950,KGEHKDDB_00814,GMGKJONF_00864,HLLCJJMH_00862,BMKFACGC_00888,FHDKMCMF_02281
pbuG,pbuG,Guanine/hypoxanthine permease PbuG,10,10,1.0,1,954,,,,1311,1311,1311.0,JECDCPOO_02463,KDAEOHOB_00216,OPNKAGHI_02601,KAHEJOMD_02588,HMEEEBGO_01865,KGEHKDDB_02498,GMGKJONF_02540,HLLCJJMH_02590,BMKFACGC_02574,FHDKMCMF_00658
nth_2~~~nth_3~~~nth_1,nth_2;nth_3;nth_1,Endonuclease III,10,11,1.1,1,953,,,,195,654,594.2727272727273,JECDCPOO_01212,KDAEOHOB_01473,OPNKAGHI_01407,KAHEJOMD_01344;KAHEJOMD_01345,HMEEEBGO_00471,KGEHKDDB_01198,GMGKJONF_01253,HLLCJJMH_01247,BMKFACGC_01380,FHDKMCMF_01895
tig,tig,Trigger factor,10,10,1.0,1,952,,,,1311,1311,1311.0,JECDCPOO_01400,KDAEOHOB_01740,OPNKAGHI_01213,KAHEJOMD_01548,HMEEEBGO_00139,KGEHKDDB_01472,GMGKJONF_01521,HLLCJJMH_01572,BMKFACGC_01171,FHDKMCMF_01700
ald_1~~~ald_2~~~ald,ald_1;ald_2;ald,Alanine dehydrogenase,10,11,1.1,1,950,,,,156,1110,1008.0,JECDCPOO_00962;JECDCPOO_00963,KDAEOHOB_01238,OPNKAGHI_01665,KAHEJOMD_01105,HMEEEBGO_00709,KGEHKDDB_00962,GMGKJONF_01015,HLLCJJMH_01011,BMKFACGC_01605,FHDKMCMF_02133
pdeK_1~~~pdeK_2,pdeK_1;pdeK_2,putative cyclic di-GMP phosphodiesterase PdeK,10,10,1.0,1,949,,,,807,816,815.1,JECDCPOO_00946,KDAEOHOB_01222,OPNKAGHI_01683,KAHEJOMD_01089,HMEEEBGO_00725,KGEHKDDB_00946,GMGKJONF_00999,HLLCJJMH_00995,BMKFACGC_01622,FHDKMCMF_02149
rarA_2,rarA_2,Replication-associated recombination protein A,10,10,1.0,1,944,,,,1320,1320,1320.0,JECDCPOO_02261,KDAEOHOB_02507,OPNKAGHI_00276,KAHEJOMD_02391,HMEEEBGO_02106,KGEHKDDB_02277,GMGKJONF_02342,HLLCJJMH_02366,BMKFACGC_02360,FHDKMCMF_00878
group_463,,hypothetical protein,10,10,1.0,1,943,,,,468,468,468.0,JECDCPOO_01546,KDAEOHOB_01887,OPNKAGHI_01058,KAHEJOMD_01764,HMEEEBGO_02817,KGEHKDDB_01680,GMGKJONF_01734,HLLCJJMH_01721,BMKFACGC_01650,FHDKMCMF_01485
pdhC,pdhC,Dihydrolipoyllysine-residue acetyltransferase component of pyruvate dehydrogenase complex,10,10,1.0,1,942,,,,1320,1320,1320.0,JECDCPOO_01422,KDAEOHOB_01762,OPNKAGHI_01192,KAHEJOMD_01570,HMEEEBGO_00116,KGEHKDDB_01494,GMGKJONF_01543,HLLCJJMH_01594,BMKFACGC_01149,FHDKMCMF_01678
group_462,,hypothetical protein,10,10,1.0,1,941,,,,195,195,195.0,JECDCPOO_00229,KDAEOHOB_00487,OPNKAGHI_02439,KAHEJOMD_00267,HMEEEBGO_01573,KGEHKDDB_00227,GMGKJONF_00263,HLLCJJMH_00273,BMKFACGC_00254,FHDKMCMF_00351
padR,padR,Negative transcriptional regulator PadR,10,10,1.0,1,938,,,,462,501,485.4,JECDCPOO_00231,KDAEOHOB_00489,OPNKAGHI_02437,KAHEJOMD_00269,HMEEEBGO_01571,KGEHKDDB_00229,GMGKJONF_00265,HLLCJJMH_00275,BMKFACGC_00256,FHDKMCMF_00349
eno1,eno1,Enolase 1,10,10,1.0,1,934,,,,1320,1320,1320.0,JECDCPOO_00709,KDAEOHOB_00973,OPNKAGHI_01935,KAHEJOMD_00760,HMEEEBGO_01080,KGEHKDDB_00719,GMGKJONF_00752,HLLCJJMH_00761,BMKFACGC_00761,FHDKMCMF_02376
group_456,,hypothetical protein,10,10,1.0,1,933,,,,288,288,288.0,JECDCPOO_01415,KDAEOHOB_01755,OPNKAGHI_01200,KAHEJOMD_01563,HMEEEBGO_00123,KGEHKDDB_01487,GMGKJONF_01536,HLLCJJMH_01587,BMKFACGC_01156,FHDKMCMF_01685
yfkJ,yfkJ,Low molecular weight protein-tyrosine-phosphatase YfkJ,10,10,1.0,1,927,,,,459,471,469.8,JECDCPOO_00546,KDAEOHOB_00806,OPNKAGHI_02105,KAHEJOMD_00587,HMEEEBGO_01249,KGEHKDDB_00556,GMGKJONF_00582,HLLCJJMH_00593,BMKFACGC_00586,FHDKMCMF_00032
group_451,,hypothetical protein,10,10,1.0,1,926,,,,648,651,650.7,JECDCPOO_00143,KDAEOHOB_00399,OPNKAGHI_02536,KAHEJOMD_00165,HMEEEBGO_01674,KGEHKDDB_00137,GMGKJONF_00167,HLLCJJMH_00185,BMKFACGC_00155,FHDKMCMF_00442
calB_2~~~calB_1~~~calB,calB_2;calB_1;calB,Coniferyl aldehyde dehydrogenase,10,12,1.2,1,925,,,,606,1428,1185.5,JECDCPOO_00116,KDAEOHOB_00370,OPNKAGHI_02563;OPNKAGHI_02562,KAHEJOMD_00133,HMEEEBGO_01703,KGEHKDDB_00108,GMGKJONF_00136,HLLCJJMH_00154;HLLCJJMH_00155,BMKFACGC_00126,FHDKMCMF_00471
rimM,rimM,Ribosome maturation factor RimM,10,10,1.0,1,924,,,,519,519,519.0,JECDCPOO_01076,KDAEOHOB_01350,OPNKAGHI_01544,KAHEJOMD_01217,HMEEEBGO_00596,KGEHKDDB_01075,GMGKJONF_01127,HLLCJJMH_01124,BMKFACGC_01482,FHDKMCMF_02020
group_450,,hypothetical protein,10,10,1.0,1,923,,,,267,267,267.0,JECDCPOO_02217,KDAEOHOB_02463,OPNKAGHI_00319,KAHEJOMD_02350,HMEEEBGO_02147,KGEHKDDB_02238,GMGKJONF_02299,HLLCJJMH_02324,BMKFACGC_02312,FHDKMCMF_00915
menA_2~~~menA_1,menA_2;menA_1,14-dihydroxy-2-naphthoate octaprenyltransferase,10,11,1.1,1,922,,,,447,909,826.6363636363636,JECDCPOO_01737,KDAEOHOB_01984,OPNKAGHI_00790;OPNKAGHI_00789,KAHEJOMD_01865,HMEEEBGO_02715,KGEHKDDB_01780,GMGKJONF_01837,HLLCJJMH_01821,BMKFACGC_01847,FHDKMCMF_01384
murI,murI,Glutamate racemase,10,10,1.0,1,921,,,,831,831,831.0,JECDCPOO_00871,KDAEOHOB_01152,OPNKAGHI_01755,KAHEJOMD_01015,HMEEEBGO_00888,KGEHKDDB_00876,GMGKJONF_00926,HLLCJJMH_00925,BMKFACGC_00951,FHDKMCMF_02219
ftsA,ftsA,Cell division protein FtsA,10,10,1.0,1,917,,,,1329,1329,1329.0,JECDCPOO_01461,KDAEOHOB_01801,OPNKAGHI_01150,KAHEJOMD_01611,HMEEEBGO_00076,KGEHKDDB_01533,GMGKJONF_01583,HLLCJJMH_01634,BMKFACGC_01107,FHDKMCMF_01639
group_447,,hypothetical protein;putative HTH-type transcriptional regulator,10,10,1.0,1,916,,,,363,447,438.6,JECDCPOO_00700,KDAEOHOB_00964,OPNKAGHI_01944,KAHEJOMD_00751,HMEEEBGO_01089,KGEHKDDB_00710,GMGKJONF_00743,HLLCJJMH_00752,BMKFACGC_00750,FHDKMCMF_02385
slmA,slmA,Nucleoid occlusion factor SlmA,10,10,1.0,1,915,,,,525,525,525.0,JECDCPOO_01192,KDAEOHOB_01453,OPNKAGHI_01427,KAHEJOMD_01324,HMEEEBGO_00491,KGEHKDDB_01178,GMGKJONF_01233,HLLCJJMH_01227,BMKFACGC_01401,FHDKMCMF_01916
uup~~~ettA_1~~~ettA_2,uup;ettA_1;ettA_2,ATP-binding protein Uup;Energy-dependent translational throttle protein EttA,10,11,1.1,1,914,,,,207,1557,1415.4545454545455,JECDCPOO_01898,KDAEOHOB_02169,OPNKAGHI_00627;OPNKAGHI_00626,KAHEJOMD_02036,HMEEEBGO_02470,KGEHKDDB_01945,GMGKJONF_02001,HLLCJJMH_01991,BMKFACGC_02006,FHDKMCMF_01213
pepE,pepE,Aminopeptidase E,10,10,1.0,1,913,,,,1332,1332,1332.0,JECDCPOO_02486,KDAEOHOB_00241,OPNKAGHI_02638,KAHEJOMD_02610,HMEEEBGO_01841,KGEHKDDB_02529,GMGKJONF_02564,HLLCJJMH_02626,BMKFACGC_02606,FHDKMCMF_00626
group_446,,hypothetical protein,10,10,1.0,1,912,,,,288,336,331.2,JECDCPOO_00825,KDAEOHOB_01106,OPNKAGHI_01803,KAHEJOMD_00969,HMEEEBGO_00934,KGEHKDDB_00830,GMGKJONF_00880,HLLCJJMH_00879,BMKFACGC_00905,FHDKMCMF_02265
murC,murC,UDP-N-acetylmuramate--L-alanine ligase,10,10,1.0,1,911,,,,1332,1332,1332.0,JECDCPOO_00969,KDAEOHOB_01244,OPNKAGHI_01658,KAHEJOMD_01111,HMEEEBGO_00703,KGEHKDDB_00968,GMGKJONF_01021,HLLCJJMH_01017,BMKFACGC_01599,FHDKMCMF_02127
adhR_1~~~adhR_2,adhR_1;adhR_2,HTH-type transcriptional regulator AdhR,10,10,1.0,1,910,,,,354,354,354.0,0_refound_4,KDAEOHOB_01381,OPNKAGHI_01511,KAHEJOMD_01248,HMEEEBGO_00565,KGEHKDDB_01106,GMGKJONF_01159,HLLCJJMH_01155,BMKFACGC_01447,FHDKMCMF_01988
group_445,,hypothetical protein,10,10,1.0,1,908,,,,714,714,714.0,JECDCPOO_00701,KDAEOHOB_00965,OPNKAGHI_01943,KAHEJOMD_00752,HMEEEBGO_01088,KGEHKDDB_00711,GMGKJONF_00744,HLLCJJMH_00753,BMKFACGC_00753,FHDKMCMF_02384
group_442,,hypothetical protein,10,10,1.0,1,905,,,,1338,1338,1338.0,JECDCPOO_00316,KDAEOHOB_00575,OPNKAGHI_02337,KAHEJOMD_00348,HMEEEBGO_01487,KGEHKDDB_00314,GMGKJONF_00346,HLLCJJMH_00360,BMKFACGC_00348,FHDKMCMF_00265
vmlR_1,vmlR_1,Ribosome protection protein VmlR,10,10,1.0,1,903,,,,1494,1494,1494.0,JECDCPOO_00059,KDAEOHOB_00310,OPNKAGHI_00069,KAHEJOMD_00072,HMEEEBGO_01762,KGEHKDDB_00052,GMGKJONF_00079,HLLCJJMH_00097,BMKFACGC_00065,FHDKMCMF_00527
group_440,,hypothetical protein,10,10,1.0,1,902,,,,570,570,570.0,JECDCPOO_00610,KDAEOHOB_00869,OPNKAGHI_02040,KAHEJOMD_00652,HMEEEBGO_01184,KGEHKDDB_00620,GMGKJONF_00647,HLLCJJMH_00661,BMKFACGC_00653,FHDKMCMF_02475
dfrA,dfrA,Dihydrofolate reductase,10,10,1.0,1,901,,,,492,492,492.0,JECDCPOO_01264,KDAEOHOB_01528,OPNKAGHI_01352,KAHEJOMD_01414,HMEEEBGO_00416,KGEHKDDB_01257,GMGKJONF_01302,HLLCJJMH_01323,BMKFACGC_01315,FHDKMCMF_01833
dppA_5~~~dppA_4,dppA_5;dppA_4,Dipeptide-binding protein,10,10,1.0,1,899,,,,876,1641,1564.5,JECDCPOO_00069,KDAEOHOB_00322,OPNKAGHI_00079,KAHEJOMD_00084,HMEEEBGO_01750,KGEHKDDB_00064,GMGKJONF_00089,HLLCJJMH_00109,BMKFACGC_00079,FHDKMCMF_00515
ykoD_1~~~ykoD_2,ykoD_1;ykoD_2,Putative HMP/thiamine import ATP-binding protein YkoD,10,10,1.0,1,898,,,,1653,1653,1653.0,JECDCPOO_02099,KDAEOHOB_02367,OPNKAGHI_00426,KAHEJOMD_02238,HMEEEBGO_02268,KGEHKDDB_02146,GMGKJONF_02202,HLLCJJMH_02199,BMKFACGC_02225,FHDKMCMF_01009
group_436,,hypothetical protein,10,10,1.0,1,895,,,,306,306,306.0,JECDCPOO_02484,KDAEOHOB_00238,OPNKAGHI_02636,KAHEJOMD_02607,HMEEEBGO_01844,KGEHKDDB_02525,GMGKJONF_02561,HLLCJJMH_02622,BMKFACGC_02604,FHDKMCMF_00630
group_435,,hypothetical protein,10,11,1.1,1,893,,,,204,516,451.90909090909093,JECDCPOO_01096,KDAEOHOB_01370,OPNKAGHI_01522;OPNKAGHI_01523,KAHEJOMD_01237,HMEEEBGO_00576,KGEHKDDB_01095,GMGKJONF_01148,HLLCJJMH_01144,BMKFACGC_01462,FHDKMCMF_02000
glnA,glnA,Glutamine synthetase,10,10,1.0,1,891,,,,1341,1341,1341.0,JECDCPOO_01026,KDAEOHOB_01301,OPNKAGHI_01597,KAHEJOMD_01168,HMEEEBGO_00646,KGEHKDDB_01025,GMGKJONF_01078,HLLCJJMH_01074,BMKFACGC_01534,FHDKMCMF_02070
group_433,,hypothetical protein,10,10,1.0,1,890,,,,579,618,590.7,JECDCPOO_00224,KDAEOHOB_00480,OPNKAGHI_02444,KAHEJOMD_00262,HMEEEBGO_01578,KGEHKDDB_00223,GMGKJONF_00256,HLLCJJMH_00268,BMKFACGC_00245,FHDKMCMF_00356
group_432,,Acetyltransferase,10,10,1.0,1,889,,,,432,432,432.0,JECDCPOO_01928,KDAEOHOB_02198,OPNKAGHI_00596,KAHEJOMD_02065,HMEEEBGO_02441,KGEHKDDB_01975,GMGKJONF_02030,HLLCJJMH_02021,BMKFACGC_02037,FHDKMCMF_01184
phoR,phoR,Alkaline phosphatase synthesis sensor protein PhoR,10,10,1.0,1,887,,,,1344,1344,1344.0,JECDCPOO_00676,KDAEOHOB_00940,OPNKAGHI_01968,KAHEJOMD_00727,HMEEEBGO_01113,KGEHKDDB_00686,GMGKJONF_00719,HLLCJJMH_00728,BMKFACGC_00726,FHDKMCMF_02409
ybiR,ybiR,Inner membrane protein YbiR,10,10,1.0,1,886,,,,945,1104,1088.1,JECDCPOO_00784,KDAEOHOB_01065,OPNKAGHI_01846,KAHEJOMD_00925,HMEEEBGO_00975,KGEHKDDB_00789,GMGKJONF_00839,HLLCJJMH_00837,BMKFACGC_00860,FHDKMCMF_02306
group_430,,hypothetical protein,10,10,1.0,1,885,,,,1125,1125,1125.0,JECDCPOO_00786,KDAEOHOB_01067,OPNKAGHI_01844,KAHEJOMD_00927,HMEEEBGO_00973,KGEHKDDB_00791,GMGKJONF_00841,HLLCJJMH_00839,BMKFACGC_00862,FHDKMCMF_02304
htrA,htrA,Serine protease Do-like HtrA,10,10,1.0,1,884,,,,1344,1344,1344.0,JECDCPOO_00041,KDAEOHOB_00292,OPNKAGHI_00035,KAHEJOMD_00038,HMEEEBGO_01785,KGEHKDDB_00034,GMGKJONF_00037,HLLCJJMH_00034,BMKFACGC_00034,FHDKMCMF_00573
greA_2~~~greA_1,greA_2;greA_1,Transcription elongation factor GreA,10,10,1.0,1,883,,,,483,483,483.0,JECDCPOO_00182,KDAEOHOB_00438,OPNKAGHI_02492,KAHEJOMD_00217,HMEEEBGO_01621,KGEHKDDB_00180,GMGKJONF_00205,HLLCJJMH_00224,BMKFACGC_00202,FHDKMCMF_00399
group_429,,hypothetical protein,10,10,1.0,1,882,,,,858,858,858.0,JECDCPOO_02444,KDAEOHOB_00197,OPNKAGHI_02582,KAHEJOMD_02568,HMEEEBGO_01884,KGEHKDDB_02479,GMGKJONF_02520,HLLCJJMH_02570,BMKFACGC_02555,FHDKMCMF_00677
metN~~~metN2,metN;metN2,Methionine import ATP-binding protein MetN;Methionine import ATP-binding protein MetN 2,10,11,1.1,1,881,,,,165,1065,968.4545454545455,JECDCPOO_02071,KDAEOHOB_02339,OPNKAGHI_00456;OPNKAGHI_00457,KAHEJOMD_02209,HMEEEBGO_02296,KGEHKDDB_02118,GMGKJONF_02174,HLLCJJMH_02171,BMKFACGC_02193,FHDKMCMF_01040
pgi,pgi,Glucose-6-phosphate isomerase,10,10,1.0,1,880,,,,1347,1347,1347.0,JECDCPOO_00777,KDAEOHOB_01038,OPNKAGHI_01852,KAHEJOMD_00841,HMEEEBGO_01003,KGEHKDDB_00782,GMGKJONF_00832,HLLCJJMH_00828,BMKFACGC_00850,FHDKMCMF_02313
yqgN,yqgN,putative protein YqgN,10,10,1.0,1,879,,,,549,549,549.0,JECDCPOO_01017,KDAEOHOB_01292,OPNKAGHI_01606,KAHEJOMD_01158,HMEEEBGO_00655,KGEHKDDB_01016,GMGKJONF_01069,HLLCJJMH_01065,BMKFACGC_01543,FHDKMCMF_02079
pgtP,pgtP,Phosphoglycerate transporter protein,10,10,1.0,1,878,,,,1347,1347,1347.0,JECDCPOO_00120,KDAEOHOB_00374,OPNKAGHI_02558,KAHEJOMD_00137,HMEEEBGO_01699,KGEHKDDB_00112,GMGKJONF_00140,HLLCJJMH_00159,BMKFACGC_00131,FHDKMCMF_00467
sasA_1~~~sasA_4,sasA_1;sasA_4,Adaptive-response sensory-kinase SasA,10,10,1.0,1,877,,,,1164,1167,1166.7,JECDCPOO_02200,KDAEOHOB_02446,OPNKAGHI_00337,KAHEJOMD_02333,HMEEEBGO_02164,KGEHKDDB_02221,GMGKJONF_02281,HLLCJJMH_02307,BMKFACGC_02294,FHDKMCMF_00932
group_427,,hypothetical protein,10,10,1.0,1,875,,,,294,297,296.7,JECDCPOO_01452,KDAEOHOB_01792,OPNKAGHI_01159,KAHEJOMD_01602,HMEEEBGO_00085,KGEHKDDB_01524,GMGKJONF_01574,HLLCJJMH_01624,BMKFACGC_01116,FHDKMCMF_01648
fucP_2,fucP_2,L-fucose-proton symporter,10,10,1.0,1,874,,,,1350,1350,1350.0,JECDCPOO_01694,KDAEOHOB_01941,OPNKAGHI_00833,KAHEJOMD_01822,HMEEEBGO_02758,KGEHKDDB_01737,GMGKJONF_01792,HLLCJJMH_01778,BMKFACGC_01803,FHDKMCMF_01428
amt,amt,Ammonium transporter,10,10,1.0,1,872,,,,1350,1350,1350.0,JECDCPOO_01183,KDAEOHOB_01448,OPNKAGHI_01432,KAHEJOMD_01319,HMEEEBGO_00496,KGEHKDDB_01173,GMGKJONF_01228,HLLCJJMH_01222,BMKFACGC_01406,FHDKMCMF_01921
group_424,,Nucleobase transporter PlUacP,10,10,1.0,1,870,,,,684,1350,1283.4,JECDCPOO_00972,KDAEOHOB_01247,OPNKAGHI_01655,KAHEJOMD_01114,HMEEEBGO_00700,KGEHKDDB_00971,GMGKJONF_01024,HLLCJJMH_01020,BMKFACGC_01596,FHDKMCMF_02124
murT,murT,Lipid II isoglutaminyl synthase (glutamine-hydrolyzing) subunit MurT,10,10,1.0,1,869,,,,1350,1350,1350.0,JECDCPOO_00793,KDAEOHOB_01074,OPNKAGHI_01836,KAHEJOMD_00935,HMEEEBGO_00966,KGEHKDDB_00798,GMGKJONF_00848,HLLCJJMH_00846,BMKFACGC_00871,FHDKMCMF_02297
group_423,,hypothetical protein,10,10,1.0,1,868,,,,342,342,342.0,JECDCPOO_01542,KDAEOHOB_01883,OPNKAGHI_01062,KAHEJOMD_01760,HMEEEBGO_02821,KGEHKDDB_01676,GMGKJONF_01730,HLLCJJMH_01717,BMKFACGC_01645,FHDKMCMF_01489
xylA,xylA,Xylose isomerase,10,10,1.0,1,866,,,,1350,1350,1350.0,JECDCPOO_00204,KDAEOHOB_00460,OPNKAGHI_02467,KAHEJOMD_00240,HMEEEBGO_01599,KGEHKDDB_00203,GMGKJONF_00229,HLLCJJMH_00247,BMKFACGC_00225,FHDKMCMF_00376
group_422,,hypothetical protein,10,11,1.1,1,865,,,,195,1002,911.7272727272727,JECDCPOO_00030,KDAEOHOB_00285,OPNKAGHI_00028,KAHEJOMD_00030;KAHEJOMD_00031,HMEEEBGO_01792,KGEHKDDB_00027,GMGKJONF_00030,HLLCJJMH_00027,BMKFACGC_00027,FHDKMCMF_00580
group_421,,hypothetical protein,10,10,1.0,1,864,,,,147,330,311.7,JECDCPOO_01942,KDAEOHOB_02212,OPNKAGHI_00582,KAHEJOMD_02079,HMEEEBGO_02427,KGEHKDDB_01989,GMGKJONF_02044,HLLCJJMH_02035,BMKFACGC_02052,FHDKMCMF_01170
ntpJ,ntpJ,Potassium/sodium uptake protein NtpJ,10,10,1.0,1,863,,,,1353,1353,1353.0,JECDCPOO_01770,KDAEOHOB_02037,OPNKAGHI_00760,KAHEJOMD_01897,HMEEEBGO_02680,KGEHKDDB_01809,GMGKJONF_01865,HLLCJJMH_01854,BMKFACGC_01875,FHDKMCMF_01354
group_420,,hypothetical protein,10,10,1.0,1,862,,,,252,252,252.0,JECDCPOO_00257,KDAEOHOB_00515,OPNKAGHI_02407,KAHEJOMD_00294,HMEEEBGO_01545,KGEHKDDB_00255,GMGKJONF_00290,HLLCJJMH_00300,BMKFACGC_00284,FHDKMCMF_00324
pyrE,pyrE,Orotate phosphoribosyltransferase,10,10,1.0,1,861,,,,639,639,639.0,JECDCPOO_02402,KDAEOHOB_00156,OPNKAGHI_00152,KAHEJOMD_02525,HMEEEBGO_01926,KGEHKDDB_02431,GMGKJONF_02477,HLLCJJMH_02531,BMKFACGC_02512,FHDKMCMF_00729
gntT_1,gntT_1,High-affinity gluconate transporter,10,10,1.0,1,859,,,,1356,1356,1356.0,JECDCPOO_01682,KDAEOHOB_01929,OPNKAGHI_00847,KAHEJOMD_01810,HMEEEBGO_02771,KGEHKDDB_01726,GMGKJONF_01781,HLLCJJMH_01767,BMKFACGC_01791,FHDKMCMF_01439
yfeW_2,;yfeW_2,hypothetical protein;Putative D-alanyl-D-alanine carboxypeptidase,10,10,1.0,1,858,,,,1314,1314,1314.0,JECDCPOO_01917,KDAEOHOB_02187,OPNKAGHI_00611,KAHEJOMD_02054,HMEEEBGO_02452,KGEHKDDB_01964,GMGKJONF_02019,HLLCJJMH_02010,BMKFACGC_02024,FHDKMCMF_01195
group_418,,hypothetical protein,10,10,1.0,1,857,,,,783,783,783.0,JECDCPOO_02134,KDAEOHOB_02381,OPNKAGHI_00416,KAHEJOMD_02253,HMEEEBGO_02254,KGEHKDDB_02160,GMGKJONF_02217,HLLCJJMH_02214,BMKFACGC_02240,FHDKMCMF_00994
miaA~~~miaA_2~~~miaA_1,miaA;miaA_2;miaA_1,tRNA dimethylallyltransferase,10,11,1.1,1,856,,,,333,924,842.1818181818181,JECDCPOO_01024,KDAEOHOB_01299,OPNKAGHI_01599,KAHEJOMD_01165;KAHEJOMD_01166,HMEEEBGO_00648,KGEHKDDB_01023,GMGKJONF_01076,HLLCJJMH_01072,BMKFACGC_01536,FHDKMCMF_02072
xseA,xseA,Exodeoxyribonuclease 7 large subunit,10,10,1.0,1,855,,,,1356,1356,1356.0,JECDCPOO_01039,KDAEOHOB_01314,OPNKAGHI_01584,KAHEJOMD_01181,HMEEEBGO_00633,KGEHKDDB_01038,GMGKJONF_01091,HLLCJJMH_01087,BMKFACGC_01520,FHDKMCMF_02057
group_417,,hypothetical protein,10,10,1.0,1,854,,,,1356,1356,1356.0,JECDCPOO_00131,KDAEOHOB_00387,OPNKAGHI_02550,KAHEJOMD_00150,HMEEEBGO_01686,KGEHKDDB_00125,GMGKJONF_00153,HLLCJJMH_00173,BMKFACGC_00144,FHDKMCMF_00454
glmM,glmM,Phosphoglucosamine mutase,10,10,1.0,1,853,,,,1356,1356,1356.0,JECDCPOO_00730,KDAEOHOB_00994,OPNKAGHI_01913,KAHEJOMD_00781,HMEEEBGO_01059,KGEHKDDB_00740,GMGKJONF_00774,HLLCJJMH_00783,BMKFACGC_00782,FHDKMCMF_02355
rimI_2,;rimI_2,hypothetical protein;[Ribosomal protein bS18]-alanine N-acetyltransferase,10,11,1.1,1,852,,,,114,588,537.5454545454545,JECDCPOO_01845,KDAEOHOB_02112,OPNKAGHI_00685;OPNKAGHI_00684,KAHEJOMD_01973,HMEEEBGO_02604,KGEHKDDB_01884,GMGKJONF_01940,HLLCJJMH_01929,BMKFACGC_01952,FHDKMCMF_01278
rluD_1~~~rluD_3,rluD_1;rluD_3,Ribosomal large subunit pseudouridine synthase D,10,10,1.0,1,849,,,,885,885,885.0,JECDCPOO_01847,KDAEOHOB_02114,OPNKAGHI_00682,KAHEJOMD_01975,HMEEEBGO_02602,KGEHKDDB_01886,GMGKJONF_01942,HLLCJJMH_01931,BMKFACGC_01954,FHDKMCMF_01276
dnaA,dnaA,Chromosomal replication initiator protein DnaA,10,10,1.0,1,848,,,,1359,1359,1359.0,JECDCPOO_00001,KDAEOHOB_00259,OPNKAGHI_00001,KAHEJOMD_00001,HMEEEBGO_01822,KGEHKDDB_00001,GMGKJONF_00001,HLLCJJMH_00001,BMKFACGC_00001,FHDKMCMF_00607
thiD_2,thiD_2,Hydroxymethylpyrimidine/phosphomethylpyrimidine kinase,10,10,1.0,1,846,,,,816,816,816.0,JECDCPOO_02242,KDAEOHOB_02487,OPNKAGHI_00295,KAHEJOMD_02371,HMEEEBGO_02125,KGEHKDDB_02263,GMGKJONF_02328,HLLCJJMH_02349,BMKFACGC_02338,FHDKMCMF_00892
group_414,,hypothetical protein,10,10,1.0,1,845,,,,696,696,696.0,JECDCPOO_02144,KDAEOHOB_02391,OPNKAGHI_00405,KAHEJOMD_02263,HMEEEBGO_02244,KGEHKDDB_02170,GMGKJONF_02227,HLLCJJMH_02224,BMKFACGC_02250,FHDKMCMF_00984
potD,potD;,Spermidine/putrescine-binding periplasmic protein;hypothetical protein,10,11,1.1,1,844,,,,399,1071,973.9090909090909,JECDCPOO_01979,KDAEOHOB_02250,OPNKAGHI_00543,KAHEJOMD_02117,HMEEEBGO_02387,KGEHKDDB_02027,GMGKJONF_02085;GMGKJONF_02084,HLLCJJMH_02075,BMKFACGC_02093,FHDKMCMF_01130
group_413,,hypothetical protein,10,10,1.0,1,843,,,,1227,1227,1227.0,JECDCPOO_01493,KDAEOHOB_01834,OPNKAGHI_01106,KAHEJOMD_01643,HMEEEBGO_00044,KGEHKDDB_01566,GMGKJONF_01616,HLLCJJMH_01667,BMKFACGC_01075,FHDKMCMF_01606
group_412,,hypothetical protein,10,10,1.0,1,842,,,,186,189,187.5,JECDCPOO_00512,KDAEOHOB_00772,OPNKAGHI_02146,KAHEJOMD_00550,HMEEEBGO_01285,KGEHKDDB_00511,GMGKJONF_00546,HLLCJJMH_00556,BMKFACGC_00550,FHDKMCMF_00067
ecfT_1~~~ecfT_2~~~ecfA2,ecfT_1;ecfT_2;ecfA2,Energy-coupling factor transporter transmembrane protein EcfT;Energy-coupling factor transporter ATP-binding protein EcfA2,10,19,1.9,1,839,,,,801,1467,870.1578947368421,JECDCPOO_01776;JECDCPOO_01775,KDAEOHOB_02043;KDAEOHOB_02042,OPNKAGHI_00754,KAHEJOMD_01902;KAHEJOMD_01903,HMEEEBGO_02675;HMEEEBGO_02674,KGEHKDDB_01814;KGEHKDDB_01815,GMGKJONF_01870;GMGKJONF_01871,HLLCJJMH_01859;HLLCJJMH_01860,BMKFACGC_01880;BMKFACGC_01881,FHDKMCMF_01349;FHDKMCMF_01348
rsmF,rsmF,Ribosomal RNA small subunit methyltransferase F,10,10,1.0,1,838,,,,1362,1362,1362.0,JECDCPOO_01163,KDAEOHOB_01430,OPNKAGHI_01451,KAHEJOMD_01300,HMEEEBGO_00514,KGEHKDDB_01155,GMGKJONF_01209,HLLCJJMH_01204,BMKFACGC_01424,FHDKMCMF_01939
tag_2~~~tag_1,tag_2;;tag_1,DNA-3-methyladenine glycosylase 1;hypothetical protein,10,11,1.1,1,836,,,,264,549,504.27272727272725,JECDCPOO_02073,KDAEOHOB_02341,OPNKAGHI_00453;OPNKAGHI_00454,KAHEJOMD_02211,HMEEEBGO_02294,KGEHKDDB_02120,GMGKJONF_02176,HLLCJJMH_02173,BMKFACGC_02195,FHDKMCMF_01038
group_406,,hypothetical protein,10,10,1.0,1,832,,,,654,663,657.6,JECDCPOO_01936,KDAEOHOB_02206,OPNKAGHI_00588,KAHEJOMD_02073,HMEEEBGO_02433,KGEHKDDB_01983,GMGKJONF_02038,HLLCJJMH_02029,BMKFACGC_02045,FHDKMCMF_01176
thrP,thrP,Threonine/serine transporter ThrP,10,10,1.0,1,831,,,,1368,1368,1368.0,JECDCPOO_00275,KDAEOHOB_00533,OPNKAGHI_02389,KAHEJOMD_00307,HMEEEBGO_01527,KGEHKDDB_00273,GMGKJONF_00303,HLLCJJMH_00318,BMKFACGC_00305,FHDKMCMF_00306
group_405,,hypothetical protein,10,10,1.0,1,830,,,,441,441,441.0,JECDCPOO_00513,KDAEOHOB_00773,OPNKAGHI_02145,KAHEJOMD_00551,HMEEEBGO_01284,KGEHKDDB_00512,GMGKJONF_00547,HLLCJJMH_00557,BMKFACGC_00551,FHDKMCMF_00066
group_403,,hypothetical protein,10,10,1.0,1,828,,,,531,531,531.0,JECDCPOO_02331,KDAEOHOB_00077,OPNKAGHI_00210,KAHEJOMD_02450,HMEEEBGO_01997,KGEHKDDB_02358,GMGKJONF_02398,HLLCJJMH_02437,BMKFACGC_02419,FHDKMCMF_00807
group_402,,putative RNA methyltransferase,10,10,1.0,1,827,,,,1368,1368,1368.0,JECDCPOO_01727,KDAEOHOB_01974,OPNKAGHI_00800,KAHEJOMD_01855,HMEEEBGO_02725,KGEHKDDB_01770,GMGKJONF_01827,HLLCJJMH_01811,BMKFACGC_01837,FHDKMCMF_01394
group_401,,hypothetical protein,10,10,1.0,1,826,,,,1167,1242,1234.5,JECDCPOO_02089,KDAEOHOB_02357,OPNKAGHI_00436,KAHEJOMD_02228,HMEEEBGO_02278,KGEHKDDB_02136,GMGKJONF_02192,HLLCJJMH_02189,BMKFACGC_02211,FHDKMCMF_01022
pbuE_1,;pbuE_1,hypothetical protein;Purine efflux pump PbuE,10,10,1.0,1,825,,,,312,1185,1097.7,JECDCPOO_02091,KDAEOHOB_02359,OPNKAGHI_00434,KAHEJOMD_02230,HMEEEBGO_02276,KGEHKDDB_02138,GMGKJONF_02194,HLLCJJMH_02191,BMKFACGC_02214,FHDKMCMF_01020
group_399,,hypothetical protein,10,11,1.1,1,821,,,,327,1275,1156.3636363636363,JECDCPOO_00071,KDAEOHOB_00324,OPNKAGHI_00081;OPNKAGHI_00082,KAHEJOMD_00086,HMEEEBGO_01748,KGEHKDDB_00066,GMGKJONF_00091,HLLCJJMH_00111,BMKFACGC_00081,FHDKMCMF_00513
group_398,,hypothetical protein,10,10,1.0,1,819,,,,1074,1074,1074.0,JECDCPOO_02268,KDAEOHOB_02514,OPNKAGHI_00269,KAHEJOMD_02398,HMEEEBGO_02099,KGEHKDDB_02284,GMGKJONF_02349,HLLCJJMH_02373,BMKFACGC_02367,FHDKMCMF_00871
mnaA_2~~~mnaA,mnaA_2;mnaA,UDP-N-acetylglucosamine 2-epimerase,10,10,1.0,1,818,,,,1131,1131,1131.0,JECDCPOO_01680,KDAEOHOB_01927,OPNKAGHI_00851,KAHEJOMD_01808,HMEEEBGO_02773,KGEHKDDB_01724,GMGKJONF_01779,HLLCJJMH_01765,BMKFACGC_01789,FHDKMCMF_01441
group_397,,hypothetical protein,10,12,1.2,1,817,,,,96,726,601.5,JECDCPOO_02258,KDAEOHOB_02504,OPNKAGHI_00280;OPNKAGHI_00279,KAHEJOMD_02388,HMEEEBGO_02109,KGEHKDDB_02274,GMGKJONF_02339,HLLCJJMH_02363,BMKFACGC_02357;BMKFACGC_02356,FHDKMCMF_00881
dnaB,dnaB,Replicative helicase loading/DNA remodeling protein DnaB,10,10,1.0,1,816,,,,1371,1371,1371.0,JECDCPOO_00978,KDAEOHOB_01253,OPNKAGHI_01649,KAHEJOMD_01120,HMEEEBGO_00694,KGEHKDDB_00977,GMGKJONF_01030,HLLCJJMH_01026,BMKFACGC_01588,FHDKMCMF_02118
rnhB,rnhB,Ribonuclease HII,10,10,1.0,1,815,,,,804,804,804.0,JECDCPOO_01250,KDAEOHOB_01514,OPNKAGHI_01362,KAHEJOMD_01385,HMEEEBGO_00430,KGEHKDDB_01239,GMGKJONF_01292,HLLCJJMH_01295,BMKFACGC_01337,FHDKMCMF_01852
group_394,,hypothetical protein,10,10,1.0,1,811,,,,1374,1374,1374.0,JECDCPOO_02408,KDAEOHOB_00162,OPNKAGHI_00146,KAHEJOMD_02531,HMEEEBGO_01919,KGEHKDDB_02437,GMGKJONF_02483,HLLCJJMH_02525,BMKFACGC_02518,FHDKMCMF_00723
group_393,,hypothetical protein,10,10,1.0,1,810,,,,423,423,423.0,JECDCPOO_02327,KDAEOHOB_00073,OPNKAGHI_00213,KAHEJOMD_02446,HMEEEBGO_02001,KGEHKDDB_02354,GMGKJONF_02394,HLLCJJMH_02433,BMKFACGC_02415,FHDKMCMF_00811
group_392,,hypothetical protein,10,10,1.0,1,809,,,,309,414,403.5,JECDCPOO_02398,KDAEOHOB_00152,OPNKAGHI_00156,KAHEJOMD_02516,HMEEEBGO_01930,KGEHKDDB_02427,GMGKJONF_02473,HLLCJJMH_02535,BMKFACGC_02496,FHDKMCMF_00733
mupP,mupP,N-acetylmuramic acid 6-phosphate phosphatase,10,10,1.0,1,808,,,,642,642,642.0,JECDCPOO_01318,KDAEOHOB_01582,OPNKAGHI_01295,KAHEJOMD_01468,HMEEEBGO_00362,KGEHKDDB_01311,GMGKJONF_01357,HLLCJJMH_01377,BMKFACGC_01261,FHDKMCMF_01779
group_391,,hypothetical protein,10,10,1.0,1,805,,,,930,1035,1024.5,JECDCPOO_00260,KDAEOHOB_00518,OPNKAGHI_02400,KAHEJOMD_00297,HMEEEBGO_01542,KGEHKDDB_00258,GMGKJONF_00293,HLLCJJMH_00303,BMKFACGC_00287,FHDKMCMF_00321
prkC,prkC,Serine/threonine-protein kinase PrkC,10,10,1.0,1,802,,,,2010,2010,2010.0,JECDCPOO_01055,KDAEOHOB_01329,OPNKAGHI_01567,KAHEJOMD_01196,HMEEEBGO_00617,KGEHKDDB_01054,GMGKJONF_01106,HLLCJJMH_01103,BMKFACGC_01504,FHDKMCMF_02041
group_390,,hypothetical protein,10,11,1.1,1,801,,,,330,1557,1411.090909090909,JECDCPOO_00818,KDAEOHOB_01099,OPNKAGHI_01810;OPNKAGHI_01811,KAHEJOMD_00962,HMEEEBGO_00941,KGEHKDDB_00823,GMGKJONF_00873,HLLCJJMH_00871,BMKFACGC_00897,FHDKMCMF_02272
murD,murD,UDP-N-acetylmuramoylalanine--D-glutamate ligase,10,10,1.0,1,800,,,,1380,1380,1380.0,JECDCPOO_01464,KDAEOHOB_01804,OPNKAGHI_01147,KAHEJOMD_01614,HMEEEBGO_00073,KGEHKDDB_01536,GMGKJONF_01587,HLLCJJMH_01637,BMKFACGC_01104,FHDKMCMF_01636
dusB~~~dusB_2,dusB;dusB_2,tRNA-dihydrouridine synthase B,10,10,1.0,1,799,,,,837,1023,1004.4,JECDCPOO_00571,KDAEOHOB_00831,OPNKAGHI_02080,KAHEJOMD_00612,HMEEEBGO_01223,KGEHKDDB_00581,GMGKJONF_00608,HLLCJJMH_00618,BMKFACGC_00614,FHDKMCMF_00006
glmU,glmU,Bifunctional protein GlmU,10,10,1.0,1,798,,,,1380,1380,1380.0,JECDCPOO_00515,KDAEOHOB_00775,OPNKAGHI_02143,KAHEJOMD_00553,HMEEEBGO_01282,KGEHKDDB_00514,GMGKJONF_00549,HLLCJJMH_00559,BMKFACGC_00553,FHDKMCMF_00064
group_386,,hypothetical protein,10,10,1.0,1,794,,,,1383,1383,1383.0,JECDCPOO_02341,KDAEOHOB_00091,OPNKAGHI_00195,KAHEJOMD_02460,HMEEEBGO_01984,KGEHKDDB_02368,GMGKJONF_02412,HLLCJJMH_02447,BMKFACGC_02430,FHDKMCMF_00797
acyP~~~yccX,acyP;yccX,Acylphosphatase,10,10,1.0,1,793,,,,210,273,266.7,JECDCPOO_01003,KDAEOHOB_01278,OPNKAGHI_01622,KAHEJOMD_01144,HMEEEBGO_00669,KGEHKDDB_01002,GMGKJONF_01055,HLLCJJMH_01051,BMKFACGC_01559,FHDKMCMF_02093
rhaR_6~~~rhaR_5,rhaR_6;rhaR_5,HTH-type transcriptional activator RhaR,10,10,1.0,1,792,,,,762,762,762.0,JECDCPOO_02454,KDAEOHOB_00207,OPNKAGHI_02592,KAHEJOMD_02578,HMEEEBGO_01874,KGEHKDDB_02489,GMGKJONF_02530,HLLCJJMH_02581,BMKFACGC_02565,FHDKMCMF_00667
group_385,,putative oxidoreductase,10,11,1.1,1,791,,,,318,744,675.8181818181819,JECDCPOO_01228,KDAEOHOB_01490,OPNKAGHI_01388,KAHEJOMD_01363,HMEEEBGO_00454;HMEEEBGO_00453,KGEHKDDB_01214,GMGKJONF_01270,HLLCJJMH_01265,BMKFACGC_01364,FHDKMCMF_01877
group_384,,hypothetical protein,10,10,1.0,1,790,,,,1383,1383,1383.0,JECDCPOO_00904,KDAEOHOB_01180,OPNKAGHI_01726,KAHEJOMD_01047,HMEEEBGO_00856,KGEHKDDB_00904,GMGKJONF_00957,HLLCJJMH_00953,BMKFACGC_00986,FHDKMCMF_02191
group_383,,DegV domain-containing protein,10,10,1.0,1,789,,,,852,852,852.0,JECDCPOO_01262,KDAEOHOB_01526,OPNKAGHI_01354,KAHEJOMD_01412,HMEEEBGO_00418,KGEHKDDB_01255,GMGKJONF_01300,HLLCJJMH_01320,BMKFACGC_01317,FHDKMCMF_01835
group_382,,hypothetical protein,10,10,1.0,1,788,,,,600,600,600.0,JECDCPOO_01260,KDAEOHOB_01524,OPNKAGHI_01356,KAHEJOMD_01410,HMEEEBGO_00420,KGEHKDDB_01253,GMGKJONF_01298,HLLCJJMH_01318,BMKFACGC_01319,FHDKMCMF_01837
gadC_2,gadC_2,Glutamate/gamma-aminobutyrate antiporter,10,10,1.0,1,787,,,,1386,1386,1386.0,JECDCPOO_02383,KDAEOHOB_00136,OPNKAGHI_00166,KAHEJOMD_02503,HMEEEBGO_01946,KGEHKDDB_02412,GMGKJONF_02462,HLLCJJMH_02551,BMKFACGC_02481,FHDKMCMF_00752
group_381,,hypothetical protein,10,10,1.0,1,786,,,,1389,1389,1389.0,JECDCPOO_00559,KDAEOHOB_00819,OPNKAGHI_02092,KAHEJOMD_00600,HMEEEBGO_01236,KGEHKDDB_00569,GMGKJONF_00595,HLLCJJMH_00606,BMKFACGC_00599,FHDKMCMF_00018
fumC,fumC,Fumarate hydratase class II,10,10,1.0,1,785,,,,1386,1386,1386.0,JECDCPOO_00759,KDAEOHOB_01023,OPNKAGHI_01881,KAHEJOMD_00811,HMEEEBGO_01030,KGEHKDDB_00769,GMGKJONF_00803,HLLCJJMH_00812,BMKFACGC_00815,FHDKMCMF_02326
murF,murF,UDP-N-acetylmuramoyl-tripeptide--D-alanyl-D-alanine ligase,10,10,1.0,1,784,,,,1386,1386,1386.0,JECDCPOO_00550,KDAEOHOB_00810,OPNKAGHI_02101,KAHEJOMD_00591,HMEEEBGO_01245,KGEHKDDB_00560,GMGKJONF_00586,HLLCJJMH_00597,BMKFACGC_00590,FHDKMCMF_00028
group_378,,hypothetical protein,10,10,1.0,1,781,,,,951,954,951.3,JECDCPOO_02082,KDAEOHOB_02350,OPNKAGHI_00443,KAHEJOMD_02221,HMEEEBGO_02285,KGEHKDDB_02129,GMGKJONF_02185,HLLCJJMH_02182,BMKFACGC_02204,FHDKMCMF_01029
tag_1~~~tag_2,tag_1;tag_2,DNA-3-methyladenine glycosylase 1,10,10,1.0,1,780,,,,561,561,561.0,JECDCPOO_02080,KDAEOHOB_02348,OPNKAGHI_00445,KAHEJOMD_02219,HMEEEBGO_02287,KGEHKDDB_02127,GMGKJONF_02183,HLLCJJMH_02180,BMKFACGC_02202,FHDKMCMF_01031
group_377,,hypothetical protein,10,10,1.0,1,779,,,,576,591,577.5,JECDCPOO_01238,KDAEOHOB_01502,OPNKAGHI_01376,KAHEJOMD_01373,HMEEEBGO_00442,KGEHKDDB_01227,GMGKJONF_01280,HLLCJJMH_01283,BMKFACGC_01350,FHDKMCMF_01864
group_372,,hypothetical protein,10,10,1.0,1,773,,,,648,648,648.0,JECDCPOO_00292,KDAEOHOB_00551,OPNKAGHI_02365,KAHEJOMD_00324,HMEEEBGO_01511,KGEHKDDB_00290,GMGKJONF_00320,HLLCJJMH_00336,BMKFACGC_00324,FHDKMCMF_00289
group_371,,hypothetical protein,10,10,1.0,1,772,,,,681,681,681.0,JECDCPOO_02299,KDAEOHOB_00051,OPNKAGHI_00234,KAHEJOMD_02425,HMEEEBGO_02031,KGEHKDDB_02326,GMGKJONF_02375,HLLCJJMH_02404,BMKFACGC_02394,FHDKMCMF_00840
group_370,,hypothetical protein,10,10,1.0,1,771,,,,321,321,321.0,JECDCPOO_01496,KDAEOHOB_01837,OPNKAGHI_01103,KAHEJOMD_01646,HMEEEBGO_00041,KGEHKDDB_01569,GMGKJONF_01619,HLLCJJMH_01670,BMKFACGC_01072,FHDKMCMF_01603
fecE,fecE,Fe(3+) dicitrate transport ATP-binding protein FecE,10,10,1.0,1,770,,,,759,759,759.0,JECDCPOO_00746,KDAEOHOB_01010,OPNKAGHI_01894,KAHEJOMD_00798,HMEEEBGO_01043,KGEHKDDB_00756,GMGKJONF_00790,HLLCJJMH_00799,BMKFACGC_00801,FHDKMCMF_02339
bcaP_3,bcaP_3,Branched-chain amino acid permease BcaP,10,10,1.0,1,767,,,,1395,1395,1395.0,JECDCPOO_01894,KDAEOHOB_02165,OPNKAGHI_00631,KAHEJOMD_02032,HMEEEBGO_02474,KGEHKDDB_01941,GMGKJONF_01993,HLLCJJMH_01987,BMKFACGC_02002,FHDKMCMF_01217
dinG_1~~~dinG_2,dinG_1;dinG_2,3'-5' exonuclease DinG,10,10,1.0,1,766,,,,2841,2865,2848.2,JECDCPOO_01168,KDAEOHOB_01435,OPNKAGHI_01446,KAHEJOMD_01305,HMEEEBGO_00509,KGEHKDDB_01160,GMGKJONF_01214,HLLCJJMH_01209,BMKFACGC_01419,FHDKMCMF_01934
maa_1~~~lacA_2~~~lacA_1,maa_1;lacA_2;lacA_1,Maltose O-acetyltransferase;Galactoside O-acetyltransferase,10,10,1.0,1,764,,,,597,600,598.2,JECDCPOO_00064,KDAEOHOB_00317,OPNKAGHI_00074,KAHEJOMD_00079,HMEEEBGO_01755,KGEHKDDB_00059,GMGKJONF_00084,HLLCJJMH_00104,BMKFACGC_00072,FHDKMCMF_00520
group_367,,hypothetical protein,10,11,1.1,1,761,,,,156,519,461.45454545454544,JECDCPOO_01216,KDAEOHOB_01477,OPNKAGHI_01401,KAHEJOMD_01349,HMEEEBGO_00467,KGEHKDDB_01202,GMGKJONF_01257,HLLCJJMH_01251,BMKFACGC_01376,FHDKMCMF_01890;FHDKMCMF_01891
group_365,,Putative dipeptidase,10,10,1.0,1,759,,,,1401,1401,1401.0,JECDCPOO_00960,KDAEOHOB_01236,OPNKAGHI_01667,KAHEJOMD_01103,HMEEEBGO_00711,KGEHKDDB_00960,GMGKJONF_01013,HLLCJJMH_01009,BMKFACGC_01607,FHDKMCMF_02135
group_364,,hypothetical protein,10,10,1.0,1,758,,,,276,276,276.0,JECDCPOO_01392,KDAEOHOB_01732,OPNKAGHI_01221,KAHEJOMD_01540,HMEEEBGO_00147,KGEHKDDB_01464,GMGKJONF_01513,HLLCJJMH_01564,BMKFACGC_01179,FHDKMCMF_01708
group_363,,hypothetical protein,10,10,1.0,1,757,,,,246,249,246.3,JECDCPOO_01532,KDAEOHOB_01873,OPNKAGHI_01072,KAHEJOMD_01750,HMEEEBGO_02831,KGEHKDDB_01666,GMGKJONF_01720,HLLCJJMH_01707,BMKFACGC_01634,FHDKMCMF_01499
mvaA,mvaA,3-hydroxy-3-methylglutaryl-coenzyme A reductase,10,10,1.0,1,756,,,,1263,1263,1263.0,JECDCPOO_00486,KDAEOHOB_00746,OPNKAGHI_02174,KAHEJOMD_00524,HMEEEBGO_01314,KGEHKDDB_00485,GMGKJONF_00519,HLLCJJMH_00530,BMKFACGC_00516,FHDKMCMF_00093
pepDA_5,pepDA_5,Dipeptidase A,10,10,1.0,1,755,,,,1404,1404,1404.0,JECDCPOO_01865,KDAEOHOB_02137,OPNKAGHI_00664,KAHEJOMD_01993,HMEEEBGO_02576,KGEHKDDB_01909,GMGKJONF_01960,HLLCJJMH_01955,BMKFACGC_01974,FHDKMCMF_01249
group_362,,hypothetical protein,10,10,1.0,1,754,,,,996,996,996.0,JECDCPOO_00508,KDAEOHOB_00768,OPNKAGHI_02150,KAHEJOMD_00546,HMEEEBGO_01289,KGEHKDDB_00507,GMGKJONF_00542,HLLCJJMH_00552,BMKFACGC_00546,FHDKMCMF_00071
mepA_1,mepA_1,Multidrug export protein MepA,10,10,1.0,1,753,,,,1407,1407,1407.0,JECDCPOO_00601,KDAEOHOB_00860,OPNKAGHI_02049,KAHEJOMD_00643,HMEEEBGO_01193,KGEHKDDB_00611,GMGKJONF_00638,HLLCJJMH_00652,BMKFACGC_00644,FHDKMCMF_02484
pbpB,pbpB,Penicillin-binding protein 2B,10,10,1.0,1,751,,,,1896,2160,2133.6,JECDCPOO_01466,KDAEOHOB_01806,OPNKAGHI_01145,KAHEJOMD_01616,HMEEEBGO_00071,KGEHKDDB_01538,GMGKJONF_01589,HLLCJJMH_01639,BMKFACGC_01102,FHDKMCMF_01634
smc_2~~~smc_3,smc_2;smc_3,Chromosome partition protein Smc,10,10,1.0,1,750,,,,2625,2625,2625.0,JECDCPOO_01499,KDAEOHOB_01840,OPNKAGHI_01100,KAHEJOMD_01649,HMEEEBGO_00038,KGEHKDDB_01572,GMGKJONF_01622,HLLCJJMH_01673,BMKFACGC_01069,FHDKMCMF_01600
bcaP_1,bcaP_1,Branched-chain amino acid permease BcaP,10,10,1.0,1,749,,,,1407,1407,1407.0,JECDCPOO_00911,KDAEOHOB_01187,OPNKAGHI_01718,KAHEJOMD_01054,HMEEEBGO_00849,KGEHKDDB_00911,GMGKJONF_00964,HLLCJJMH_00960,BMKFACGC_00993,FHDKMCMF_02184
ung,ung,Uracil-DNA glycosylase,10,10,1.0,1,748,,,,438,720,691.8,JECDCPOO_00718,KDAEOHOB_00982,OPNKAGHI_01926,KAHEJOMD_00769,HMEEEBGO_01071,KGEHKDDB_00728,GMGKJONF_00761,HLLCJJMH_00771,BMKFACGC_00770,FHDKMCMF_02367
group_361,,hypothetical protein,10,10,1.0,1,746,,,,891,891,891.0,JECDCPOO_01858,KDAEOHOB_02130,OPNKAGHI_00671,KAHEJOMD_01986,HMEEEBGO_02583,KGEHKDDB_01902,GMGKJONF_01953,HLLCJJMH_01947,BMKFACGC_01967,FHDKMCMF_01256
group_360,,hypothetical protein,10,10,1.0,1,745,,,,600,600,600.0,JECDCPOO_02461,KDAEOHOB_00214,OPNKAGHI_02599,KAHEJOMD_02586,HMEEEBGO_01867,KGEHKDDB_02496,GMGKJONF_02538,HLLCJJMH_02588,BMKFACGC_02572,FHDKMCMF_00660
minJ,;minJ,hypothetical protein;Cell division topological determinant MinJ,10,11,1.1,1,744,,,,351,1155,1047.2727272727273,JECDCPOO_00674,KDAEOHOB_00938,OPNKAGHI_01970;OPNKAGHI_01971,KAHEJOMD_00725,HMEEEBGO_01115,KGEHKDDB_00684,GMGKJONF_00717,HLLCJJMH_00726,BMKFACGC_00724,FHDKMCMF_02411
pepDA_3,pepDA_3,Dipeptidase A,10,10,1.0,1,743,,,,1410,1410,1410.0,JECDCPOO_01520,KDAEOHOB_01861,OPNKAGHI_01085,KAHEJOMD_01670,HMEEEBGO_00017,KGEHKDDB_01593,GMGKJONF_01643,HLLCJJMH_01694,BMKFACGC_01045,FHDKMCMF_01579
gadB_1,gadB_1,Glutamate decarboxylase,10,10,1.0,1,742,,,,1410,1410,1410.0,JECDCPOO_00092,KDAEOHOB_00345,OPNKAGHI_00104,KAHEJOMD_00111,HMEEEBGO_01727,KGEHKDDB_00087,GMGKJONF_00114,HLLCJJMH_00132,BMKFACGC_00106,FHDKMCMF_00492
group_359,,hypothetical protein,10,10,1.0,1,741,,,,942,975,945.3,JECDCPOO_00270,KDAEOHOB_00528,OPNKAGHI_02395,KAHEJOMD_00302,HMEEEBGO_01532,KGEHKDDB_00268,GMGKJONF_00298,HLLCJJMH_00313,BMKFACGC_00300,FHDKMCMF_00311
fabV_2~~~fabV_1~~~fabV,fabV_2;fabV_1;fabV,Enoyl-[acyl-carrier-protein] reductase [NADH],10,11,1.1,1,740,,,,603,1200,1096.090909090909,JECDCPOO_00272,KDAEOHOB_00530,OPNKAGHI_02392;OPNKAGHI_02393,KAHEJOMD_00304,HMEEEBGO_01530,KGEHKDDB_00270,GMGKJONF_00300,HLLCJJMH_00315,BMKFACGC_00302,FHDKMCMF_00309
frlR,frlR,putative fructoselysine utilization operon transcriptional repressor,10,10,1.0,1,737,,,,693,693,693.0,JECDCPOO_02410,KDAEOHOB_00164,OPNKAGHI_00144,KAHEJOMD_02533,HMEEEBGO_01917,KGEHKDDB_02439,GMGKJONF_02485,HLLCJJMH_02523,BMKFACGC_02520,FHDKMCMF_00721
group_357,,hypothetical protein,10,10,1.0,1,735,,,,495,495,495.0,JECDCPOO_02375,KDAEOHOB_00126,OPNKAGHI_00174,KAHEJOMD_02495,HMEEEBGO_01956,KGEHKDDB_02402,GMGKJONF_02454,HLLCJJMH_02484,BMKFACGC_02473,FHDKMCMF_00762
gabD1_2,gabD1_2,Succinate-semialdehyde dehydrogenase [NADP(+)] 1,10,10,1.0,1,733,,,,1416,1416,1416.0,JECDCPOO_00347,KDAEOHOB_00606,OPNKAGHI_02306,KAHEJOMD_00379,HMEEEBGO_01455,KGEHKDDB_00345,GMGKJONF_00378,HLLCJJMH_00391,BMKFACGC_00384,FHDKMCMF_00234
group_354,,hypothetical protein,10,10,1.0,1,729,,,,654,654,654.0,JECDCPOO_00997,KDAEOHOB_01272,OPNKAGHI_01630,KAHEJOMD_01138,HMEEEBGO_00675,KGEHKDDB_00996,GMGKJONF_01049,HLLCJJMH_01045,BMKFACGC_01566,FHDKMCMF_02099
pepDA_2,pepDA_2,Dipeptidase A,10,10,1.0,1,727,,,,1416,1416,1416.0,JECDCPOO_01125,KDAEOHOB_01392,OPNKAGHI_01498,KAHEJOMD_01259,HMEEEBGO_00553,KGEHKDDB_01117,GMGKJONF_01170,HLLCJJMH_01166,BMKFACGC_01436,FHDKMCMF_01977
mshD_2,mshD_2,Mycothiol acetyltransferase,10,10,1.0,1,726,,,,519,519,519.0,JECDCPOO_00721,KDAEOHOB_00985,OPNKAGHI_01923,KAHEJOMD_00772,HMEEEBGO_01068,KGEHKDDB_00731,GMGKJONF_00764,HLLCJJMH_00774,BMKFACGC_00773,FHDKMCMF_02364
group_352,,hypothetical protein,10,10,1.0,1,725,,,,423,423,423.0,JECDCPOO_00897,KDAEOHOB_01174,OPNKAGHI_01733,KAHEJOMD_01041,HMEEEBGO_00862,KGEHKDDB_00898,GMGKJONF_00951,HLLCJJMH_00947,BMKFACGC_00980,FHDKMCMF_02197
comEC,comEC,ComE operon protein 3,10,10,1.0,1,722,,,,2268,2268,2268.0,JECDCPOO_01409,KDAEOHOB_01749,OPNKAGHI_01206,KAHEJOMD_01557,HMEEEBGO_00129,KGEHKDDB_01481,GMGKJONF_01530,HLLCJJMH_01581,BMKFACGC_01162,FHDKMCMF_01691
ykfC,ykfC,Gamma-D-glutamyl-L-lysine dipeptidyl-peptidase,10,10,1.0,1,720,,,,891,891,891.0,JECDCPOO_01433,KDAEOHOB_01773,OPNKAGHI_01181,KAHEJOMD_01581,HMEEEBGO_00105,KGEHKDDB_01505,GMGKJONF_01554,HLLCJJMH_01605,BMKFACGC_01136,FHDKMCMF_01667
yneA,yneA,Cell division suppressor protein YneA,10,10,1.0,1,719,,,,1599,1599,1599.0,JECDCPOO_01431,KDAEOHOB_01771,OPNKAGHI_01183,KAHEJOMD_01579,HMEEEBGO_00107,KGEHKDDB_01503,GMGKJONF_01552,HLLCJJMH_01603,BMKFACGC_01139,FHDKMCMF_01669
group_348,,hypothetical protein,10,10,1.0,1,718,,,,222,231,222.9,JECDCPOO_02439,KDAEOHOB_00192,OPNKAGHI_02576,KAHEJOMD_02563,HMEEEBGO_01889,KGEHKDDB_02474,GMGKJONF_02515,HLLCJJMH_02565,BMKFACGC_02550,FHDKMCMF_00682
gatB,gatB,Aspartyl/glutamyl-tRNA(Asn/Gln) amidotransferase subunit B,10,10,1.0,1,717,,,,1422,1422,1422.0,JECDCPOO_01729,KDAEOHOB_01976,OPNKAGHI_00798,KAHEJOMD_01857,HMEEEBGO_02723,KGEHKDDB_01772,GMGKJONF_01829,HLLCJJMH_01813,BMKFACGC_01839,FHDKMCMF_01392
yodB,yodB,HTH-type transcriptional regulator YodB,10,10,1.0,1,715,,,,375,375,375.0,JECDCPOO_01006,KDAEOHOB_01281,OPNKAGHI_01619,KAHEJOMD_01147,HMEEEBGO_00666,KGEHKDDB_01005,GMGKJONF_01058,HLLCJJMH_01054,BMKFACGC_01556,FHDKMCMF_02090
group_346,,hypothetical protein,10,10,1.0,1,714,,,,708,708,708.0,JECDCPOO_02096,KDAEOHOB_02364,OPNKAGHI_00429,KAHEJOMD_02235,HMEEEBGO_02271,KGEHKDDB_02143,GMGKJONF_02199,HLLCJJMH_02196,BMKFACGC_02222,FHDKMCMF_01012
araA,araA,L-arabinose isomerase,10,10,1.0,1,712,,,,1425,1425,1425.0,JECDCPOO_01852,KDAEOHOB_02119,OPNKAGHI_00677,KAHEJOMD_01980,HMEEEBGO_02597,KGEHKDDB_01891,GMGKJONF_01947,HLLCJJMH_01936,BMKFACGC_01959,FHDKMCMF_01271
group_344,,hypothetical protein,10,10,1.0,1,711,,,,627,696,689.1,JECDCPOO_01411,KDAEOHOB_01751,OPNKAGHI_01204,KAHEJOMD_01559,HMEEEBGO_00127,KGEHKDDB_01483,GMGKJONF_01532,HLLCJJMH_01583,BMKFACGC_01160,FHDKMCMF_01689
thrB_1~~~thrB_2,thrB_1;thrB_2,Homoserine kinase,10,10,1.0,1,709,,,,975,975,975.0,JECDCPOO_01166,KDAEOHOB_01433,OPNKAGHI_01448,KAHEJOMD_01303,HMEEEBGO_00511,KGEHKDDB_01158,GMGKJONF_01212,HLLCJJMH_01207,BMKFACGC_01421,FHDKMCMF_01936
group_342,,hypothetical protein,10,10,1.0,1,708,,,,555,555,555.0,JECDCPOO_01233,KDAEOHOB_01495,OPNKAGHI_01382,KAHEJOMD_01368,HMEEEBGO_00447,KGEHKDDB_01219,GMGKJONF_01275,HLLCJJMH_01270,BMKFACGC_01358,FHDKMCMF_01872
group_341,,hypothetical protein,10,10,1.0,1,707,,,,441,441,441.0,JECDCPOO_01235,KDAEOHOB_01499,OPNKAGHI_01379,KAHEJOMD_01370,HMEEEBGO_00445,KGEHKDDB_01224,GMGKJONF_01277,HLLCJJMH_01280,BMKFACGC_01356,FHDKMCMF_01867
prmC,prmC,Release factor glutamine methyltransferase,10,10,1.0,1,703,,,,852,852,852.0,JECDCPOO_00796,KDAEOHOB_01077,OPNKAGHI_01833,KAHEJOMD_00938,HMEEEBGO_00963,KGEHKDDB_00801,GMGKJONF_00851,HLLCJJMH_00849,BMKFACGC_00874,FHDKMCMF_02294
group_340,,hypothetical protein,10,10,1.0,1,702,,,,1827,1992,1946.1,JECDCPOO_02188,KDAEOHOB_02434,OPNKAGHI_00349,KAHEJOMD_02321,HMEEEBGO_02176,KGEHKDDB_02209,GMGKJONF_02269,HLLCJJMH_02295,BMKFACGC_02282,FHDKMCMF_00944
group_339,,hypothetical protein,10,10,1.0,1,701,,,,660,660,660.0,JECDCPOO_00668,KDAEOHOB_00932,OPNKAGHI_01978,KAHEJOMD_00719,HMEEEBGO_01121,KGEHKDDB_00678,GMGKJONF_00711,HLLCJJMH_00720,BMKFACGC_00718,FHDKMCMF_02417
pepDA_4,pepDA_4,Dipeptidase A,10,10,1.0,1,698,,,,1434,1434,1434.0,JECDCPOO_01664,KDAEOHOB_01911,OPNKAGHI_00868,KAHEJOMD_01792,HMEEEBGO_02789,KGEHKDDB_01708,GMGKJONF_01762,HLLCJJMH_01749,BMKFACGC_01773,FHDKMCMF_01457
group_336,,hypothetical protein,10,10,1.0,1,696,,,,1434,1434,1434.0,JECDCPOO_00734,KDAEOHOB_00998,OPNKAGHI_01907,KAHEJOMD_00785,HMEEEBGO_01055,KGEHKDDB_00744,GMGKJONF_00778,HLLCJJMH_00787,BMKFACGC_00788,FHDKMCMF_02351
farB,farB,Fatty acid resistance protein FarB,10,10,1.0,1,695,,,,1434,1434,1434.0,JECDCPOO_00127,KDAEOHOB_00381,OPNKAGHI_02554,KAHEJOMD_00144,HMEEEBGO_01692,KGEHKDDB_00119,GMGKJONF_00147,HLLCJJMH_00167,BMKFACGC_00138,FHDKMCMF_00460
menE,menE,2-succinylbenzoate--CoA ligase,10,10,1.0,1,694,,,,1434,1434,1434.0,JECDCPOO_00079,KDAEOHOB_00332,OPNKAGHI_00090,KAHEJOMD_00098,HMEEEBGO_01740,KGEHKDDB_00074,GMGKJONF_00101,HLLCJJMH_00119,BMKFACGC_00092,FHDKMCMF_00505
dacA_2,dacA_2,D-alanyl-D-alanine carboxypeptidase DacA,10,10,1.0,1,689,,,,924,972,928.8,JECDCPOO_01945,KDAEOHOB_02215,OPNKAGHI_00579,KAHEJOMD_02082,HMEEEBGO_02424,KGEHKDDB_01992,GMGKJONF_02047,HLLCJJMH_02038,BMKFACGC_02056,FHDKMCMF_01167
kdgK_3~~~kdgK_1,kdgK_3;kdgK_1,2-dehydro-3-deoxygluconokinase,10,10,1.0,1,687,,,,981,981,981.0,JECDCPOO_00149,KDAEOHOB_00405,OPNKAGHI_02526,KAHEJOMD_00175,HMEEEBGO_01663,KGEHKDDB_00147,GMGKJONF_00172,HLLCJJMH_00191,BMKFACGC_00161,FHDKMCMF_00432
group_330,,hypothetical protein,10,10,1.0,1,686,,,,642,642,642.0,JECDCPOO_00329,KDAEOHOB_00588,OPNKAGHI_02324,KAHEJOMD_00361,HMEEEBGO_01474,KGEHKDDB_00327,GMGKJONF_00359,HLLCJJMH_00373,BMKFACGC_00361,FHDKMCMF_00252
ogt,ogt,Methylated-DNA--protein-cysteine methyltransferase,10,10,1.0,1,682,,,,510,519,518.1,JECDCPOO_00345,KDAEOHOB_00604,OPNKAGHI_02308,KAHEJOMD_00377,HMEEEBGO_01457,KGEHKDDB_00343,GMGKJONF_00376,HLLCJJMH_00389,BMKFACGC_00381,FHDKMCMF_00236
cycA_3~~~cycA_1,cycA_3;cycA_1,D-serine/D-alanine/glycine transporter,10,10,1.0,1,681,,,,1215,1404,1385.1,JECDCPOO_00901,KDAEOHOB_01177,OPNKAGHI_01729,KAHEJOMD_01044,HMEEEBGO_00859,KGEHKDDB_00901,GMGKJONF_00954,HLLCJJMH_00950,BMKFACGC_00983,FHDKMCMF_02194
gnd,gnd,6-phosphogluconate dehydrogenase decarboxylating,10,10,1.0,1,679,,,,1443,1443,1443.0,JECDCPOO_00109,KDAEOHOB_00363,OPNKAGHI_00117,KAHEJOMD_00125,HMEEEBGO_01710,KGEHKDDB_00101,GMGKJONF_00129,HLLCJJMH_00147,BMKFACGC_00119,FHDKMCMF_00478
yhfK_2,yhfK_2,putative sugar epimerase YhfK,10,10,1.0,1,678,,,,642,657,643.5,JECDCPOO_00343,KDAEOHOB_00602,OPNKAGHI_02310,KAHEJOMD_00375,HMEEEBGO_01460,KGEHKDDB_00341,GMGKJONF_00374,HLLCJJMH_00387,BMKFACGC_00379,FHDKMCMF_00238
group_325,,hypothetical protein,10,11,1.1,1,676,,,,366,876,786.8181818181819,JECDCPOO_01311,KDAEOHOB_01575,OPNKAGHI_01303;OPNKAGHI_01302,KAHEJOMD_01461,HMEEEBGO_00369,KGEHKDDB_01304,GMGKJONF_01350,HLLCJJMH_01370,BMKFACGC_01268,FHDKMCMF_01786
appC,appC,Cytochrome bd-II ubiquinol oxidase subunit 1,10,10,1.0,1,673,,,,1452,1452,1452.0,JECDCPOO_01742,KDAEOHOB_01989,OPNKAGHI_00784,KAHEJOMD_01870,HMEEEBGO_02710,KGEHKDDB_01785,GMGKJONF_01842,HLLCJJMH_01826,BMKFACGC_01852,FHDKMCMF_01379
group_322,,hypothetical protein,10,10,1.0,1,672,,,,720,720,720.0,JECDCPOO_02405,KDAEOHOB_00159,OPNKAGHI_00149,KAHEJOMD_02528,HMEEEBGO_01923,KGEHKDDB_02434,GMGKJONF_02480,HLLCJJMH_02528,BMKFACGC_02515,FHDKMCMF_00726
pyrF,pyrF,Orotidine 5'-phosphate decarboxylase,10,10,1.0,1,671,,,,702,720,718.2,JECDCPOO_02403,KDAEOHOB_00157,OPNKAGHI_00151,KAHEJOMD_02526,HMEEEBGO_01925,KGEHKDDB_02432,GMGKJONF_02478,HLLCJJMH_02530,BMKFACGC_02513,FHDKMCMF_00728
clsA,clsA,Major cardiolipin synthase ClsA,10,10,1.0,1,668,,,,1458,1458,1458.0,JECDCPOO_02476,KDAEOHOB_00232,OPNKAGHI_02624,KAHEJOMD_02601,HMEEEBGO_01850,KGEHKDDB_02517,GMGKJONF_02555,HLLCJJMH_02614,BMKFACGC_02597,FHDKMCMF_00638
dppA_8~~~dppA_7,;dppA_8;dppA_7,hypothetical protein;Dipeptide-binding protein,10,11,1.1,1,664,,,,246,1626,1467.2727272727273,JECDCPOO_01883,KDAEOHOB_02154,OPNKAGHI_00642;OPNKAGHI_00643,KAHEJOMD_02021,HMEEEBGO_02485,KGEHKDDB_01930,GMGKJONF_01982,HLLCJJMH_01976,BMKFACGC_01991,FHDKMCMF_01228
ahpC,;ahpC,Peroxiredoxin;Alkyl hydroperoxide reductase C,10,10,1.0,1,663,,,,531,564,560.7,JECDCPOO_00099,KDAEOHOB_00352,OPNKAGHI_00111,KAHEJOMD_00118,HMEEEBGO_01720,KGEHKDDB_00094,GMGKJONF_00122,HLLCJJMH_00140,BMKFACGC_00114,FHDKMCMF_00485
yycI,yycI,Two-component system WalR/WalK regulatory protein YycI,10,10,1.0,1,661,,,,855,855,855.0,JECDCPOO_00039,KDAEOHOB_00290,OPNKAGHI_00033,KAHEJOMD_00036,HMEEEBGO_01787,KGEHKDDB_00032,GMGKJONF_00035,HLLCJJMH_00032,BMKFACGC_00032,FHDKMCMF_00575
group_315,,hypothetical protein,10,10,1.0,1,659,,,,546,624,616.2,JECDCPOO_00310,KDAEOHOB_00569,OPNKAGHI_02345,KAHEJOMD_00342,HMEEEBGO_01493,KGEHKDDB_00308,GMGKJONF_00339,HLLCJJMH_00354,BMKFACGC_00342,FHDKMCMF_00271
rlmCD,rlmCD,23S rRNA (uracil-C(5))-methyltransferase RlmCD,10,10,1.0,1,658,,,,1464,1464,1464.0,JECDCPOO_02247,KDAEOHOB_02492,OPNKAGHI_00290,KAHEJOMD_02376,HMEEEBGO_02120,KGEHKDDB_02268,GMGKJONF_02333,HLLCJJMH_02357,BMKFACGC_02343,FHDKMCMF_00887
group_314,,hypothetical protein,10,10,1.0,1,657,,,,2610,2934,2764.2,JECDCPOO_00968,KDAEOHOB_01243,OPNKAGHI_01659,KAHEJOMD_01110,HMEEEBGO_00704,KGEHKDDB_00967,GMGKJONF_01020,HLLCJJMH_01016,BMKFACGC_01600,FHDKMCMF_02128
kdgR_3~~~kdgR_1,kdgR_3;kdgR_1,HTH-type transcriptional regulator KdgR,10,10,1.0,1,651,,,,969,969,969.0,JECDCPOO_00130,KDAEOHOB_00384,OPNKAGHI_02551,KAHEJOMD_00147,HMEEEBGO_01689,KGEHKDDB_00122,GMGKJONF_00150,HLLCJJMH_00170,BMKFACGC_00141,FHDKMCMF_00457
rlmH,rlmH,Ribosomal RNA large subunit methyltransferase H,10,10,1.0,1,650,,,,375,480,469.5,JECDCPOO_00042,KDAEOHOB_00293,OPNKAGHI_00036,KAHEJOMD_00039,HMEEEBGO_01784,KGEHKDDB_00035,GMGKJONF_00039,HLLCJJMH_00035,BMKFACGC_00035,FHDKMCMF_00572
yvyI_2~~~yvyI_1~~~yvyI,yvyI_2;yvyI_1;yvyI,Putative mannose-6-phosphate isomerase YvyI,10,11,1.1,1,648,,,,273,969,877.0909090909091,JECDCPOO_01771,KDAEOHOB_02038,OPNKAGHI_00759;OPNKAGHI_00758,KAHEJOMD_01898,HMEEEBGO_02679,KGEHKDDB_01810,GMGKJONF_01866,HLLCJJMH_01855,BMKFACGC_01876,FHDKMCMF_01353
gatA,gatA,Glutamyl-tRNA(Gln) amidotransferase subunit A,10,10,1.0,1,647,,,,1470,1470,1470.0,JECDCPOO_01730,KDAEOHOB_01977,OPNKAGHI_00797,KAHEJOMD_01858,HMEEEBGO_02722,KGEHKDDB_01773,GMGKJONF_01830,HLLCJJMH_01814,BMKFACGC_01840,FHDKMCMF_01391
rcsC,rcsC,Sensor histidine kinase RcsC,10,10,1.0,1,646,,,,1470,1470,1470.0,JECDCPOO_00774,KDAEOHOB_01035,OPNKAGHI_01855,KAHEJOMD_00838,HMEEEBGO_01006,KGEHKDDB_00779,GMGKJONF_00829,HLLCJJMH_00825,BMKFACGC_00847,FHDKMCMF_02316
group_306,,hypothetical protein,10,10,1.0,1,643,,,,663,678,664.5,JECDCPOO_00276,KDAEOHOB_00534,OPNKAGHI_02388,KAHEJOMD_00308,HMEEEBGO_01526,KGEHKDDB_00274,GMGKJONF_00304,HLLCJJMH_00319,BMKFACGC_00306,FHDKMCMF_00305
fni,fni,Isopentenyl-diphosphate delta-isomerase,10,10,1.0,1,642,,,,1038,1038,1038.0,JECDCPOO_01164,KDAEOHOB_01431,OPNKAGHI_01450,KAHEJOMD_01301,HMEEEBGO_00513,KGEHKDDB_01156,GMGKJONF_01210,HLLCJJMH_01205,BMKFACGC_01423,FHDKMCMF_01938
mdtP_2,mdtP_2,Multidrug transporter protein MdtP,10,10,1.0,1,637,,,,1476,1476,1476.0,JECDCPOO_01539,KDAEOHOB_01880,OPNKAGHI_01065,KAHEJOMD_01757,HMEEEBGO_02824,KGEHKDDB_01673,GMGKJONF_01727,HLLCJJMH_01714,BMKFACGC_01641,FHDKMCMF_01492
group_304,,hypothetical protein,10,10,1.0,1,636,,,,120,120,120.0,JECDCPOO_00558,KDAEOHOB_00818,OPNKAGHI_02093,KAHEJOMD_00599,HMEEEBGO_01237,KGEHKDDB_00568,GMGKJONF_00594,HLLCJJMH_00605,BMKFACGC_00598,FHDKMCMF_00019
mltF,mltF,Membrane-bound lytic murein transglycosylase F,10,10,1.0,1,635,,,,1479,1479,1479.0,JECDCPOO_00890,KDAEOHOB_01166,OPNKAGHI_01741,KAHEJOMD_01034,HMEEEBGO_00869,KGEHKDDB_00891,GMGKJONF_00944,HLLCJJMH_00940,BMKFACGC_00973,FHDKMCMF_02204
nnrD,nnrD,ADP-dependent (S)-NAD(P)H-hydrate dehydratase,10,10,1.0,1,633,,,,834,834,834.0,JECDCPOO_00959,KDAEOHOB_01235,OPNKAGHI_01668,KAHEJOMD_01102,HMEEEBGO_00712,KGEHKDDB_00959,GMGKJONF_01012,HLLCJJMH_01008,BMKFACGC_01608,FHDKMCMF_02136
nanK,nanK,N-acetylmannosamine kinase,10,10,1.0,1,632,,,,612,1161,1106.1,JECDCPOO_00500,KDAEOHOB_00760,OPNKAGHI_02159,KAHEJOMD_00538,HMEEEBGO_01298,KGEHKDDB_00499,GMGKJONF_00534,HLLCJJMH_00544,BMKFACGC_00535,FHDKMCMF_00079
arcD1_2~~~arcD1~~~arcD1_1,arcD1_2;;arcD1;arcD1_1,Arginine/ornithine antiporter ArcD1;hypothetical protein,10,11,1.1,1,631,,,,321,1617,1428.2727272727273,JECDCPOO_01866,KDAEOHOB_02138,OPNKAGHI_00663;OPNKAGHI_00662,KAHEJOMD_01994,HMEEEBGO_02575,KGEHKDDB_01910,GMGKJONF_01961,HLLCJJMH_01956,BMKFACGC_01975,FHDKMCMF_01248
group_302,,hypothetical protein,10,10,1.0,1,630,,,,996,996,996.0,JECDCPOO_00290,KDAEOHOB_00549,OPNKAGHI_02367,KAHEJOMD_00322,HMEEEBGO_01513,KGEHKDDB_00288,GMGKJONF_00318,HLLCJJMH_00334,BMKFACGC_00322,FHDKMCMF_00291
group_300,,hypothetical protein,10,10,1.0,1,628,,,,1005,1005,1005.0,JECDCPOO_02409,KDAEOHOB_00163,OPNKAGHI_00145,KAHEJOMD_02532,HMEEEBGO_01918,KGEHKDDB_02438,GMGKJONF_02484,HLLCJJMH_02524,BMKFACGC_02519,FHDKMCMF_00722
pncB2,pncB2,Nicotinate phosphoribosyltransferase pncB2,10,10,1.0,1,626,,,,1491,1491,1491.0,JECDCPOO_00589,KDAEOHOB_00847,OPNKAGHI_02061,KAHEJOMD_00630,HMEEEBGO_01205,KGEHKDDB_00599,GMGKJONF_00626,HLLCJJMH_00636,BMKFACGC_00632,FHDKMCMF_02496
maa_3,maa_3,Maltose O-acetyltransferase,10,10,1.0,1,625,,,,564,564,564.0,JECDCPOO_01851,KDAEOHOB_02118,OPNKAGHI_00678,KAHEJOMD_01979,HMEEEBGO_02598,KGEHKDDB_01890,GMGKJONF_01946,HLLCJJMH_01935,BMKFACGC_01958,FHDKMCMF_01272
abfA_1,abfA_1,Intracellular exo-alpha-(1->5)-L-arabinofuranosidase,10,10,1.0,1,624,,,,1491,1491,1491.0,JECDCPOO_01861,KDAEOHOB_02133,OPNKAGHI_00668,KAHEJOMD_01989,HMEEEBGO_02580,KGEHKDDB_01905,GMGKJONF_01956,HLLCJJMH_01950,BMKFACGC_01970,FHDKMCMF_01253
zwf,zwf,Glucose-6-phosphate 1-dehydrogenase,10,10,1.0,1,623,,,,1488,1488,1488.0,JECDCPOO_00113,KDAEOHOB_00367,OPNKAGHI_00121,KAHEJOMD_00130,HMEEEBGO_01706,KGEHKDDB_00105,GMGKJONF_00133,HLLCJJMH_00151,BMKFACGC_00123,FHDKMCMF_00474
cadA,cadA,putative cadmium-transporting ATPase,10,10,1.0,1,622,,,,1902,1902,1902.0,JECDCPOO_00735,KDAEOHOB_00999,OPNKAGHI_01906,KAHEJOMD_00786,HMEEEBGO_01054,KGEHKDDB_00745,GMGKJONF_00779,HLLCJJMH_00788,BMKFACGC_00789,FHDKMCMF_02350
nagB,nagB,Glucosamine-6-phosphate deaminase,10,10,1.0,1,620,,,,723,732,730.2,JECDCPOO_00733,KDAEOHOB_00997,OPNKAGHI_01908,KAHEJOMD_00784,HMEEEBGO_01056,KGEHKDDB_00743,GMGKJONF_00777,HLLCJJMH_00786,BMKFACGC_00785,FHDKMCMF_02352
group_298,,hypothetical protein,10,10,1.0,1,619,,,,180,180,180.0,JECDCPOO_00128,KDAEOHOB_00382,OPNKAGHI_02553,KAHEJOMD_00145,HMEEEBGO_01691,KGEHKDDB_00120,GMGKJONF_00148,HLLCJJMH_00168,BMKFACGC_00139,FHDKMCMF_00459
vmlR_2,vmlR_2,Ribosome protection protein VmlR,10,10,1.0,1,618,,,,1521,1521,1521.0,JECDCPOO_00126,KDAEOHOB_00380,OPNKAGHI_02555,KAHEJOMD_00143,HMEEEBGO_01693,KGEHKDDB_00118,GMGKJONF_00146,HLLCJJMH_00166,BMKFACGC_00137,FHDKMCMF_00461
group_296,,hypothetical protein,10,10,1.0,1,616,,,,429,429,429.0,JECDCPOO_00110,KDAEOHOB_00364,OPNKAGHI_00118,KAHEJOMD_00126,HMEEEBGO_01709,KGEHKDDB_00102,GMGKJONF_00130,HLLCJJMH_00148,BMKFACGC_00120,FHDKMCMF_00477
group_294,,hypothetical protein,10,10,1.0,1,614,,,,156,156,156.0,JECDCPOO_02477,KDAEOHOB_00233,OPNKAGHI_02625,KAHEJOMD_02602,HMEEEBGO_01849,KGEHKDDB_02518,GMGKJONF_02556,HLLCJJMH_02615,BMKFACGC_02598,FHDKMCMF_00637
group_293,;rhaR_6,hypothetical protein;HTH-type transcriptional activator RhaR,10,10,1.0,1,613,,,,114,906,826.8,JECDCPOO_02475,KDAEOHOB_00231,OPNKAGHI_02623,KAHEJOMD_02600,HMEEEBGO_01851,KGEHKDDB_02516,GMGKJONF_02554,HLLCJJMH_02613,BMKFACGC_02596,FHDKMCMF_00639
group_292,,hypothetical protein,10,10,1.0,1,612,,,,168,168,168.0,JECDCPOO_00227,KDAEOHOB_00485,OPNKAGHI_02441,KAHEJOMD_00265,HMEEEBGO_01575,5_refound_23,GMGKJONF_00261,HLLCJJMH_00271,BMKFACGC_00252,FHDKMCMF_00353
glpK_2,glpK_2,Glycerol kinase,10,10,1.0,1,610,,,,1503,1503,1503.0,JECDCPOO_01128,KDAEOHOB_01395,OPNKAGHI_01495,KAHEJOMD_01262,HMEEEBGO_00550,KGEHKDDB_01120,GMGKJONF_01173,HLLCJJMH_01169,BMKFACGC_01433,FHDKMCMF_01974
group_291,,hypothetical protein,10,11,1.1,1,609,,,,222,1734,1451.4545454545455,JECDCPOO_00112,KDAEOHOB_00366,OPNKAGHI_00120,KAHEJOMD_00129;KAHEJOMD_00128,HMEEEBGO_01707,KGEHKDDB_00104,GMGKJONF_00132,HLLCJJMH_00150,BMKFACGC_00122,FHDKMCMF_00475
yokD,yokD,SPbeta prophage-derived aminoglycoside N(3')-acetyltransferase-like protein YokD,10,10,1.0,1,608,,,,666,858,810.0,JECDCPOO_00114,KDAEOHOB_00368,OPNKAGHI_00122,KAHEJOMD_00131,HMEEEBGO_01705,KGEHKDDB_00106,GMGKJONF_00134,HLLCJJMH_00152,BMKFACGC_00124,FHDKMCMF_00473
group_288,,hypothetical protein,10,11,1.1,1,604,,,,231,576,523.6363636363636,JECDCPOO_01129,KDAEOHOB_01396,OPNKAGHI_01494,KAHEJOMD_01264;KAHEJOMD_01263,HMEEEBGO_00549,KGEHKDDB_01121,GMGKJONF_01174,HLLCJJMH_01170,BMKFACGC_01432,FHDKMCMF_01973
lysS,lysS,Lysine--tRNA ligase,10,10,1.0,1,602,,,,1509,1509,1509.0,JECDCPOO_00083,KDAEOHOB_00336,OPNKAGHI_00095,KAHEJOMD_00102,HMEEEBGO_01736,KGEHKDDB_00078,GMGKJONF_00105,HLLCJJMH_00123,BMKFACGC_00096,FHDKMCMF_00501
murE_2~~~murE_1~~~murE,murE_2;murE_1;murE,UDP-N-acetylmuramoyl-L-alanyl-D-glutamate--26-diaminopimelate ligase;UDP-N-acetylmuramoyl-L-alanyl-D-glutamate--L-lysine ligase,10,11,1.1,1,601,,,,468,1515,1377.5454545454545,JECDCPOO_00082,KDAEOHOB_00335,OPNKAGHI_00093;OPNKAGHI_00094,KAHEJOMD_00101,HMEEEBGO_01737,KGEHKDDB_00077,GMGKJONF_00104,HLLCJJMH_00122,BMKFACGC_00095,FHDKMCMF_00502
group_286,,hypothetical protein,10,10,1.0,1,599,,,,150,150,150.0,JECDCPOO_01338,KDAEOHOB_01677,OPNKAGHI_01277,KAHEJOMD_01487,HMEEEBGO_00263,KGEHKDDB_01411,GMGKJONF_01459,HLLCJJMH_01396,BMKFACGC_01238,FHDKMCMF_01761
group_282,,hypothetical protein,10,10,1.0,1,594,,,,1068,1113,1102.5,JECDCPOO_00710,KDAEOHOB_00974,OPNKAGHI_01934,KAHEJOMD_00761,HMEEEBGO_01079,KGEHKDDB_00720,GMGKJONF_00753,HLLCJJMH_00762,BMKFACGC_00762,FHDKMCMF_02375
group_280,,hypothetical protein,10,10,1.0,1,592,,,,1143,1143,1143.0,JECDCPOO_00552,KDAEOHOB_00812,OPNKAGHI_02099,KAHEJOMD_00593,HMEEEBGO_01243,KGEHKDDB_00562,GMGKJONF_00588,HLLCJJMH_00599,BMKFACGC_00592,FHDKMCMF_00025
group_279,,hypothetical protein,10,10,1.0,1,591,,,,2118,2127,2126.1,JECDCPOO_01666,KDAEOHOB_01913,OPNKAGHI_00865,KAHEJOMD_01794,HMEEEBGO_02787,KGEHKDDB_01710,GMGKJONF_01765,HLLCJJMH_01751,BMKFACGC_01775,FHDKMCMF_01455
dcuR,dcuR;,Transcriptional regulatory protein DcuR;hypothetical protein,10,11,1.1,1,590,,,,285,717,655.9090909090909,JECDCPOO_00222,KDAEOHOB_00478,OPNKAGHI_02447;OPNKAGHI_02446,KAHEJOMD_00260,HMEEEBGO_01580,KGEHKDDB_00221,GMGKJONF_00254,HLLCJJMH_00265,BMKFACGC_00243,FHDKMCMF_00358
group_277,,hypothetical protein,10,12,1.2,1,588,,,,318,2124,1163.0,JECDCPOO_00527,KDAEOHOB_00787,OPNKAGHI_02128;OPNKAGHI_02129,KAHEJOMD_00566;KAHEJOMD_00565,HMEEEBGO_01270,KGEHKDDB_00526,GMGKJONF_00561,HLLCJJMH_00571,BMKFACGC_00565,FHDKMCMF_00052
group_276,,hypothetical protein,10,10,1.0,1,587,,,,246,246,246.0,JECDCPOO_00029,KDAEOHOB_00284,OPNKAGHI_00027,KAHEJOMD_00029,HMEEEBGO_01793,KGEHKDDB_00026,GMGKJONF_00029,HLLCJJMH_00026,BMKFACGC_00026,FHDKMCMF_00581
group_275,,hypothetical protein,10,10,1.0,1,586,,,,777,786,781.5,JECDCPOO_00012,KDAEOHOB_00270,OPNKAGHI_00014,KAHEJOMD_00012,HMEEEBGO_01811,KGEHKDDB_00012,GMGKJONF_00012,HLLCJJMH_00012,BMKFACGC_00012,FHDKMCMF_00596
group_273,,hypothetical protein,10,10,1.0,1,584,,,,699,699,699.0,JECDCPOO_02263,KDAEOHOB_02509,OPNKAGHI_00274,KAHEJOMD_02393,HMEEEBGO_02104,KGEHKDDB_02279,GMGKJONF_02344,HLLCJJMH_02368,BMKFACGC_02362,FHDKMCMF_00876
xylP_6~~~xylP_5,xylP_6;xylP_5,Isoprimeverose transporter,10,10,1.0,1,583,,,,1329,1476,1461.3,JECDCPOO_02474,KDAEOHOB_00230,OPNKAGHI_02620,KAHEJOMD_02599,HMEEEBGO_01852,KGEHKDDB_02515,GMGKJONF_02553,HLLCJJMH_02612,BMKFACGC_02595,FHDKMCMF_00640
group_272,,hypothetical protein,10,10,1.0,1,582,,,,1821,1821,1821.0,JECDCPOO_02472,KDAEOHOB_00227,OPNKAGHI_02618,KAHEJOMD_02597,HMEEEBGO_01855,KGEHKDDB_02513,GMGKJONF_02550,HLLCJJMH_02610,BMKFACGC_02592,FHDKMCMF_00642
group_269,,hypothetical protein,10,10,1.0,1,577,,,,321,321,321.0,JECDCPOO_00956,KDAEOHOB_01232,OPNKAGHI_01672,KAHEJOMD_01099,HMEEEBGO_00715,KGEHKDDB_00956,GMGKJONF_01009,HLLCJJMH_01005,BMKFACGC_01611,FHDKMCMF_02139
group_268,,hypothetical protein,10,10,1.0,1,576,,,,423,423,423.0,JECDCPOO_00529,KDAEOHOB_00789,OPNKAGHI_02125,KAHEJOMD_00568,HMEEEBGO_01268,KGEHKDDB_00528,GMGKJONF_00564,HLLCJJMH_00573,BMKFACGC_00567,FHDKMCMF_00050
group_267,,hypothetical protein,10,10,1.0,1,575,,,,513,513,513.0,JECDCPOO_00068,KDAEOHOB_00321,OPNKAGHI_00078,KAHEJOMD_00083,HMEEEBGO_01751,KGEHKDDB_00063,GMGKJONF_00088,HLLCJJMH_00108,BMKFACGC_00076,FHDKMCMF_00516
dltA,dltA,D-alanine--D-alanyl carrier protein ligase,10,10,1.0,1,573,,,,1527,1527,1527.0,JECDCPOO_01337,KDAEOHOB_01676,OPNKAGHI_01278,KAHEJOMD_01486,HMEEEBGO_00264,KGEHKDDB_01410,GMGKJONF_01458,HLLCJJMH_01395,BMKFACGC_01239,FHDKMCMF_01762
aldC,aldC,Alpha-acetolactate decarboxylase,10,10,1.0,1,572,,,,636,714,706.2,JECDCPOO_00531,KDAEOHOB_00791,OPNKAGHI_02123,KAHEJOMD_00570,HMEEEBGO_01266,KGEHKDDB_00530,GMGKJONF_00566,HLLCJJMH_00575,BMKFACGC_00569,FHDKMCMF_00048
group_265,,hypothetical protein,10,10,1.0,1,570,,,,1533,1533,1533.0,JECDCPOO_02400,KDAEOHOB_00154,OPNKAGHI_00154,KAHEJOMD_02518,HMEEEBGO_01928,KGEHKDDB_02429,GMGKJONF_02475,HLLCJJMH_02533,BMKFACGC_02498,FHDKMCMF_00731
group_259,,hypothetical protein,10,10,1.0,1,562,,,,1095,1095,1095.0,JECDCPOO_01490,KDAEOHOB_01831,OPNKAGHI_01109,KAHEJOMD_01640,HMEEEBGO_00047,KGEHKDDB_01563,GMGKJONF_01613,HLLCJJMH_01664,BMKFACGC_01078,FHDKMCMF_01609
gppA,gppA,Guanosine-5'-triphosphate3'-diphosphate pyrophosphatase,10,10,1.0,1,561,,,,1539,1539,1539.0,JECDCPOO_00749,KDAEOHOB_01013,OPNKAGHI_01891,KAHEJOMD_00801,HMEEEBGO_01040,KGEHKDDB_00759,GMGKJONF_00793,HLLCJJMH_00802,BMKFACGC_00804,FHDKMCMF_02336
atpA,atpA,ATP synthase subunit alpha,10,10,1.0,1,557,,,,1542,1542,1542.0,JECDCPOO_00804,KDAEOHOB_01085,OPNKAGHI_01825,KAHEJOMD_00946,HMEEEBGO_00955,KGEHKDDB_00809,GMGKJONF_00859,HLLCJJMH_00857,BMKFACGC_00883,FHDKMCMF_02286
obg,obg,GTPase Obg,10,10,1.0,1,556,,,,1296,1353,1301.7,JECDCPOO_01394,KDAEOHOB_01734,OPNKAGHI_01219,KAHEJOMD_01542,HMEEEBGO_00145,KGEHKDDB_01466,GMGKJONF_01515,HLLCJJMH_01566,BMKFACGC_01177,FHDKMCMF_01706
ftsW_1~~~ftsW_2~~~ftsW,ftsW_1;ftsW_2;ftsW,peptidoglycan glycosyltransferase FtsW;putative peptidoglycan glycosyltransferase FtsW,10,11,1.1,1,555,,,,252,1155,1044.5454545454545,JECDCPOO_01416,KDAEOHOB_01756,OPNKAGHI_01199;OPNKAGHI_01198,KAHEJOMD_01564,HMEEEBGO_00122,KGEHKDDB_01488,GMGKJONF_01537,HLLCJJMH_01588,BMKFACGC_01155,FHDKMCMF_01684
group_256,,hypothetical protein,10,10,1.0,1,554,,,,930,930,930.0,JECDCPOO_01402,KDAEOHOB_01742,OPNKAGHI_01211,KAHEJOMD_01550,HMEEEBGO_00137,KGEHKDDB_01474,GMGKJONF_01523,HLLCJJMH_01574,BMKFACGC_01169,FHDKMCMF_01698
group_254,,hypothetical protein,10,10,1.0,1,552,,,,231,492,443.4,JECDCPOO_00049,KDAEOHOB_00301,OPNKAGHI_00061,KAHEJOMD_00064,HMEEEBGO_01772,KGEHKDDB_00043,GMGKJONF_00069,HLLCJJMH_00088,BMKFACGC_00055,FHDKMCMF_00536
clcA,clcA,H(+)/Cl(-) exchange transporter ClcA,10,10,1.0,1,548,,,,1557,1557,1557.0,JECDCPOO_00711,KDAEOHOB_00975,OPNKAGHI_01933,KAHEJOMD_00762,HMEEEBGO_01078,KGEHKDDB_00721,GMGKJONF_00754,HLLCJJMH_00763,BMKFACGC_00763,FHDKMCMF_02374
bcrR,bcrR;,HTH-type transcriptional activator BcrR;hypothetical protein,10,10,1.0,1,545,,,,231,363,334.8,JECDCPOO_02291,KDAEOHOB_00043,OPNKAGHI_00248,KAHEJOMD_02417,HMEEEBGO_02039,KGEHKDDB_02318,GMGKJONF_02367,HLLCJJMH_02396,BMKFACGC_02386,FHDKMCMF_00848
group_248,,hypothetical protein,10,10,1.0,1,541,,,,891,930,894.9,JECDCPOO_01249,KDAEOHOB_01513,OPNKAGHI_01363,KAHEJOMD_01384,HMEEEBGO_00431,KGEHKDDB_01238,GMGKJONF_01291,HLLCJJMH_01294,BMKFACGC_01339,FHDKMCMF_01853
group_247,,hypothetical protein,10,10,1.0,1,540,,,,885,885,885.0,JECDCPOO_01670,KDAEOHOB_01917,OPNKAGHI_00861,KAHEJOMD_01798,HMEEEBGO_02783,KGEHKDDB_01714,GMGKJONF_01769,HLLCJJMH_01755,BMKFACGC_01779,FHDKMCMF_01451
guaA_1,guaA_1,GMP synthase [glutamine-hydrolyzing],10,10,1.0,1,539,,,,1566,1566,1566.0,JECDCPOO_01871,KDAEOHOB_02143,OPNKAGHI_00654,KAHEJOMD_02010,HMEEEBGO_02496,KGEHKDDB_01919,GMGKJONF_01970,HLLCJJMH_01965,BMKFACGC_01980,FHDKMCMF_01239
mbl,mbl,Cell shape-determining protein Mbl,10,10,1.0,1,538,,,,1008,1008,1008.0,JECDCPOO_00810,KDAEOHOB_01091,OPNKAGHI_01819,KAHEJOMD_00954,HMEEEBGO_00949,KGEHKDDB_00815,GMGKJONF_00865,HLLCJJMH_00863,BMKFACGC_00889,FHDKMCMF_02280
group_246,,hypothetical protein,10,10,1.0,1,537,,,,663,672,666.6,JECDCPOO_00727,KDAEOHOB_00991,OPNKAGHI_01916,KAHEJOMD_00778,HMEEEBGO_01062,KGEHKDDB_00737,GMGKJONF_00771,HLLCJJMH_00780,BMKFACGC_00779,FHDKMCMF_02358
nox_1~~~nox_2,nox_1;;nox_2,NADH oxidase;hypothetical protein,10,12,1.2,1,535,,,,207,1353,1125.0,JECDCPOO_01665,KDAEOHOB_01912,OPNKAGHI_00867;OPNKAGHI_00866,KAHEJOMD_01793,HMEEEBGO_02788,KGEHKDDB_01709,GMGKJONF_01763;GMGKJONF_01764,HLLCJJMH_01750,BMKFACGC_01774,FHDKMCMF_01456
cshA,cshA,ATP-dependent RNA helicase CshA,10,10,1.0,1,532,,,,1572,1572,1572.0,JECDCPOO_00551,KDAEOHOB_00811,OPNKAGHI_02100,KAHEJOMD_00592,HMEEEBGO_01244,KGEHKDDB_00561,GMGKJONF_00587,HLLCJJMH_00598,BMKFACGC_00591,FHDKMCMF_00027
est,est,Carboxylesterase,10,10,1.0,1,531,,,,615,759,744.6,JECDCPOO_00713,KDAEOHOB_00977,OPNKAGHI_01931,KAHEJOMD_00764,HMEEEBGO_01076,KGEHKDDB_00723,GMGKJONF_00756,HLLCJJMH_00765,BMKFACGC_00765,FHDKMCMF_02372
parE_2~~~parE_1~~~parE,parE_2;parE_1;parE,DNA topoisomerase 4 subunit B;DNA topoisomerase IV subunit B ParE,10,11,1.1,1,530,,,,288,1968,1792.6363636363637,JECDCPOO_01242,KDAEOHOB_01506,OPNKAGHI_01371;OPNKAGHI_01372,KAHEJOMD_01377,HMEEEBGO_00438,KGEHKDDB_01231,GMGKJONF_01284,HLLCJJMH_01287,BMKFACGC_01346,FHDKMCMF_01860
gmuR,gmuR,HTH-type transcriptional regulator GmuR,10,10,1.0,1,528,,,,693,729,725.4,JECDCPOO_00519,KDAEOHOB_00779,OPNKAGHI_02137,KAHEJOMD_00557,HMEEEBGO_01278,KGEHKDDB_00518,GMGKJONF_00553,HLLCJJMH_00563,BMKFACGC_00557,FHDKMCMF_00060
yfkN,yfkN,Trifunctional nucleotide phosphoesterase protein YfkN,10,10,1.0,1,527,,,,1578,1578,1578.0,JECDCPOO_02297,KDAEOHOB_00049,OPNKAGHI_00242,KAHEJOMD_02423,HMEEEBGO_02033,KGEHKDDB_02324,GMGKJONF_02373,HLLCJJMH_02402,BMKFACGC_02392,FHDKMCMF_00842
prfC,prfC,Peptide chain release factor 3,10,10,1.0,1,526,,,,1578,1578,1578.0,JECDCPOO_01667,KDAEOHOB_01914,OPNKAGHI_00864,KAHEJOMD_01795,HMEEEBGO_02786,KGEHKDDB_01711,GMGKJONF_01766,HLLCJJMH_01752,BMKFACGC_01776,FHDKMCMF_01454
group_242,,hypothetical protein,10,10,1.0,1,524,,,,1689,1794,1783.5,JECDCPOO_00139,KDAEOHOB_00395,OPNKAGHI_02539,KAHEJOMD_00162,HMEEEBGO_01678,KGEHKDDB_00133,GMGKJONF_00164,HLLCJJMH_00181,BMKFACGC_00152,FHDKMCMF_00446
guaD,guaD,Guanine deaminase,10,10,1.0,1,523,,,,1347,1347,1347.0,JECDCPOO_00973,KDAEOHOB_01248,OPNKAGHI_01654,KAHEJOMD_01115,HMEEEBGO_00699,KGEHKDDB_00972,GMGKJONF_01025,HLLCJJMH_01021,BMKFACGC_01593,FHDKMCMF_02123
murJ_1,murJ_1,lipid II flippase MurJ,10,10,1.0,1,522,,,,1581,1581,1581.0,JECDCPOO_00563,KDAEOHOB_00823,OPNKAGHI_02088,KAHEJOMD_00604,HMEEEBGO_01232,KGEHKDDB_00573,GMGKJONF_00599,HLLCJJMH_00610,BMKFACGC_00603,FHDKMCMF_00014
ribZ_2,ribZ_2,Riboflavin transporter RibZ,10,10,1.0,1,521,,,,1284,1437,1421.7,JECDCPOO_01924,KDAEOHOB_02194,OPNKAGHI_00604,KAHEJOMD_02061,HMEEEBGO_02445,KGEHKDDB_01971,GMGKJONF_02026,HLLCJJMH_02017,BMKFACGC_02031,FHDKMCMF_01188
group_241,,hypothetical protein,10,10,1.0,1,520,,,,237,237,237.0,JECDCPOO_01922,KDAEOHOB_02192,OPNKAGHI_00606,KAHEJOMD_02059,HMEEEBGO_02447,KGEHKDDB_01969,GMGKJONF_02024,HLLCJJMH_02015,BMKFACGC_02029,FHDKMCMF_01190
group_236,,hypothetical protein,10,10,1.0,1,515,,,,483,483,483.0,JECDCPOO_00779,KDAEOHOB_01040,OPNKAGHI_01850,KAHEJOMD_00843,HMEEEBGO_01001,KGEHKDDB_00784,GMGKJONF_00834,HLLCJJMH_00830,BMKFACGC_00853,FHDKMCMF_02311
tal,tal,Transaldolase,10,10,1.0,1,514,,,,729,729,729.0,JECDCPOO_01285,KDAEOHOB_01549,OPNKAGHI_01330,KAHEJOMD_01435,HMEEEBGO_00395,KGEHKDDB_01278,GMGKJONF_01324,HLLCJJMH_01344,BMKFACGC_01294,FHDKMCMF_01812
group_235,,hypothetical protein,10,11,1.1,1,513,,,,201,507,454.90909090909093,JECDCPOO_01292,KDAEOHOB_01556,OPNKAGHI_01323;OPNKAGHI_01322,KAHEJOMD_01442,HMEEEBGO_00388,KGEHKDDB_01285,GMGKJONF_01331,HLLCJJMH_01351,BMKFACGC_01287,FHDKMCMF_01805
dcuS,dcuS,Sensor histidine kinase DcuS,10,10,1.0,1,512,,,,1593,1593,1593.0,JECDCPOO_00221,KDAEOHOB_00477,OPNKAGHI_02448,KAHEJOMD_00259,HMEEEBGO_01581,KGEHKDDB_00220,GMGKJONF_00253,HLLCJJMH_00264,BMKFACGC_00242,FHDKMCMF_00359
group_234,,hypothetical protein,10,11,1.1,1,511,,,,195,777,706.6363636363636,JECDCPOO_00396,KDAEOHOB_00653,OPNKAGHI_02256;OPNKAGHI_02255,KAHEJOMD_00427,HMEEEBGO_01407,KGEHKDDB_00393,GMGKJONF_00427,HLLCJJMH_00439,BMKFACGC_00433,FHDKMCMF_00186
dppA_2,dppA_2,Dipeptide-binding protein,10,10,1.0,1,509,,,,1602,1602,1602.0,JECDCPOO_00014,KDAEOHOB_00272,OPNKAGHI_00016,KAHEJOMD_00014,HMEEEBGO_01809,KGEHKDDB_00014,GMGKJONF_00015,HLLCJJMH_00014,BMKFACGC_00014,FHDKMCMF_00594
ganR,ganR,HTH-type transcriptional regulator GanR,10,10,1.0,1,508,,,,1011,1011,1011.0,JECDCPOO_02015,KDAEOHOB_02281,OPNKAGHI_00514,KAHEJOMD_02152,HMEEEBGO_02353,KGEHKDDB_02061,GMGKJONF_02114,HLLCJJMH_02114,BMKFACGC_02134,FHDKMCMF_01096
group_233,,hypothetical protein,10,10,1.0,1,506,,,,1011,1011,1011.0,JECDCPOO_01955,KDAEOHOB_02225,OPNKAGHI_00568,KAHEJOMD_02092,HMEEEBGO_02414,KGEHKDDB_02002,GMGKJONF_02057,HLLCJJMH_02048,BMKFACGC_02067,FHDKMCMF_01157
dtpT,dtpT,Di-/tripeptide transporter,10,10,1.0,1,505,,,,1608,1608,1608.0,JECDCPOO_00580,KDAEOHOB_00838,OPNKAGHI_02071,KAHEJOMD_00621,HMEEEBGO_01214,KGEHKDDB_00590,GMGKJONF_00617,HLLCJJMH_00627,BMKFACGC_00623,FHDKMCMF_02505
pyrG,pyrG,CTP synthase,10,10,1.0,1,504,,,,1608,1608,1608.0,JECDCPOO_00526,KDAEOHOB_00786,OPNKAGHI_02130,KAHEJOMD_00564,HMEEEBGO_01271,KGEHKDDB_00525,GMGKJONF_00560,HLLCJJMH_00570,BMKFACGC_00564,FHDKMCMF_00053
rny_2,rny_2,Ribonuclease Y,10,10,1.0,1,503,,,,1617,1617,1617.0,JECDCPOO_02262,KDAEOHOB_02508,OPNKAGHI_00275,KAHEJOMD_02392,HMEEEBGO_02105,KGEHKDDB_02278,GMGKJONF_02343,HLLCJJMH_02367,BMKFACGC_02361,FHDKMCMF_00877
dppA_1,dppA_1,Dipeptide-binding protein,10,10,1.0,1,502,,,,1608,1608,1608.0,JECDCPOO_00011,KDAEOHOB_00269,OPNKAGHI_00013,KAHEJOMD_00011,HMEEEBGO_01812,KGEHKDDB_00011,GMGKJONF_00011,HLLCJJMH_00011,BMKFACGC_00011,FHDKMCMF_00597
dppA_3,dppA_3,Dipeptide-binding protein,10,10,1.0,1,500,,,,1611,1611,1611.0,JECDCPOO_00028,KDAEOHOB_00283,OPNKAGHI_00026,KAHEJOMD_00028,HMEEEBGO_01794,KGEHKDDB_00025,GMGKJONF_00028,HLLCJJMH_00025,BMKFACGC_00025,FHDKMCMF_00582
fluC2,fluC2,Fluoride-specific ion channel FluC 2,10,10,1.0,1,496,,,,357,357,357.0,JECDCPOO_00365,KDAEOHOB_00623,OPNKAGHI_02287,KAHEJOMD_00397,HMEEEBGO_01437,KGEHKDDB_00363,GMGKJONF_00397,HLLCJJMH_00409,BMKFACGC_00402,FHDKMCMF_00216
xynB_3,xynB_3,Beta-xylosidase,10,10,1.0,1,490,,,,1623,1623,1623.0,JECDCPOO_02473,KDAEOHOB_00229,OPNKAGHI_02619,KAHEJOMD_02598,HMEEEBGO_01853,KGEHKDDB_02514,GMGKJONF_02552,HLLCJJMH_02611,BMKFACGC_02594,FHDKMCMF_00641
groEL,groEL,Chaperonin GroEL,10,10,1.0,1,488,,,,1626,1626,1626.0,JECDCPOO_00663,KDAEOHOB_00927,OPNKAGHI_01984,KAHEJOMD_00714,HMEEEBGO_01126,KGEHKDDB_00673,GMGKJONF_00706,HLLCJJMH_00715,BMKFACGC_00712,FHDKMCMF_02422
mleS,mleS,Malolactic enzyme,10,10,1.0,1,477,,,,1635,1635,1635.0,JECDCPOO_02377,KDAEOHOB_00128,OPNKAGHI_00172,KAHEJOMD_02497,HMEEEBGO_01954,KGEHKDDB_02404,GMGKJONF_02456,HLLCJJMH_02486,BMKFACGC_02475,FHDKMCMF_00760
murJ_2,murJ_2,Lipid II flippase MurJ,10,10,1.0,1,476,,,,1635,1635,1635.0,JECDCPOO_00957,KDAEOHOB_01233,OPNKAGHI_01671,KAHEJOMD_01100,HMEEEBGO_00714,KGEHKDDB_00957,GMGKJONF_01010,HLLCJJMH_01006,BMKFACGC_01610,FHDKMCMF_02138
uxuB,uxuB,D-mannonate oxidoreductase,10,10,1.0,1,474,,,,1638,1638,1638.0,JECDCPOO_00160,KDAEOHOB_00416,OPNKAGHI_02514,KAHEJOMD_00195,HMEEEBGO_01643,KGEHKDDB_00158,GMGKJONF_00183,HLLCJJMH_00202,BMKFACGC_00180,FHDKMCMF_00421
dppA_9,dppA_9,Dipeptide-binding protein,10,10,1.0,1,472,,,,1641,1641,1641.0,JECDCPOO_02074,KDAEOHOB_02342,OPNKAGHI_00452,KAHEJOMD_02212,HMEEEBGO_02293,KGEHKDDB_02121,GMGKJONF_02177,HLLCJJMH_02174,BMKFACGC_02196,FHDKMCMF_01037
dppA_10,dppA_10,Dipeptide-binding protein,10,10,1.0,1,470,,,,1644,1644,1644.0,JECDCPOO_02337,KDAEOHOB_00087,OPNKAGHI_00199,KAHEJOMD_02456,HMEEEBGO_01988,KGEHKDDB_02364,GMGKJONF_02408,HLLCJJMH_02443,BMKFACGC_02426,FHDKMCMF_00801
dppA_5,dppA_5,Dipeptide-binding protein,10,10,1.0,1,468,,,,1650,1650,1650.0,JECDCPOO_01439,KDAEOHOB_01779,OPNKAGHI_01173,KAHEJOMD_01588,HMEEEBGO_00099,KGEHKDDB_01511,GMGKJONF_01560,HLLCJJMH_01611,BMKFACGC_01130,FHDKMCMF_01661
group_212,,hypothetical protein,10,10,1.0,1,466,,,,747,1845,1727.1,JECDCPOO_02227,KDAEOHOB_02470,OPNKAGHI_00309,KAHEJOMD_02356,HMEEEBGO_02139,KGEHKDDB_02245,GMGKJONF_02305,HLLCJJMH_02332,BMKFACGC_02320,FHDKMCMF_00907
pduC,pduC,Propanediol dehydratase large subunit,10,10,1.0,1,465,,,,1677,1677,1677.0,JECDCPOO_01721,KDAEOHOB_01968,OPNKAGHI_00806,KAHEJOMD_01849,HMEEEBGO_02731,KGEHKDDB_01764,GMGKJONF_01820,HLLCJJMH_01805,BMKFACGC_01831,FHDKMCMF_01401
cutC,;cutC,hypothetical protein;PF03932 family protein CutC,10,11,1.1,1,462,,,,270,633,573.8181818181819,JECDCPOO_01476,KDAEOHOB_01816,OPNKAGHI_01133;OPNKAGHI_01134,KAHEJOMD_01626,HMEEEBGO_00061,KGEHKDDB_01548,GMGKJONF_01599,HLLCJJMH_01649,BMKFACGC_01092,FHDKMCMF_01624
malL_2,malL_2,Oligo-16-glucosidase,10,10,1.0,1,459,,,,1674,1674,1674.0,JECDCPOO_02342,KDAEOHOB_00092,OPNKAGHI_00194,KAHEJOMD_02461,HMEEEBGO_01983,KGEHKDDB_02369,GMGKJONF_02413,HLLCJJMH_02448,BMKFACGC_02431,FHDKMCMF_00796
rnjA,rnjA,Ribonuclease J1,10,10,1.0,1,458,,,,1680,1680,1680.0,JECDCPOO_01428,KDAEOHOB_01768,OPNKAGHI_01186,KAHEJOMD_01576,HMEEEBGO_00110,KGEHKDDB_01500,GMGKJONF_01549,HLLCJJMH_01600,BMKFACGC_01142,FHDKMCMF_01672
alsS,alsS,Acetolactate synthase,10,10,1.0,1,455,,,,1680,1680,1680.0,JECDCPOO_00530,KDAEOHOB_00790,OPNKAGHI_02124,KAHEJOMD_00569,HMEEEBGO_01267,KGEHKDDB_00529,GMGKJONF_00565,HLLCJJMH_00574,BMKFACGC_00568,FHDKMCMF_00049
tagF,;tagF,hypothetical protein;Teichoic acid poly(glycerol phosphate) polymerase,10,11,1.1,1,452,,,,927,2307,2102.4545454545455,JECDCPOO_00407,KDAEOHOB_00664,OPNKAGHI_02247;OPNKAGHI_02246,KAHEJOMD_00438,HMEEEBGO_01396,KGEHKDDB_00404,GMGKJONF_00439,HLLCJJMH_00450,BMKFACGC_00445,FHDKMCMF_00175
group_205,,putative protein,10,10,1.0,1,451,,,,1698,1698,1698.0,JECDCPOO_01061,KDAEOHOB_01335,OPNKAGHI_01561,KAHEJOMD_01202,HMEEEBGO_00611,KGEHKDDB_01060,GMGKJONF_01112,HLLCJJMH_01109,BMKFACGC_01498,FHDKMCMF_02035
oatA_1~~~oatA_2~~~oatA,oatA_1;oatA_2;;oatA,O-acetyltransferase OatA;Peptidoglycan O-acetyltransferase OatA;hypothetical protein,10,12,1.2,1,450,,,,129,1941,1604.25,JECDCPOO_00304,KDAEOHOB_00563,OPNKAGHI_02351;OPNKAGHI_02352;OPNKAGHI_02353,KAHEJOMD_00336,HMEEEBGO_01499,KGEHKDDB_00302,GMGKJONF_00333,HLLCJJMH_00348,BMKFACGC_00336,FHDKMCMF_00277
argS,argS,Arginine--tRNA ligase,10,10,1.0,1,449,,,,1692,1692,1692.0,JECDCPOO_01504,KDAEOHOB_01845,OPNKAGHI_01095,KAHEJOMD_01654,HMEEEBGO_00033,KGEHKDDB_01577,GMGKJONF_01627,HLLCJJMH_01678,BMKFACGC_01064,FHDKMCMF_01595
clahy,cla-hy,Linoleate hydratase,10,10,1.0,1,447,,,,1695,1695,1695.0,JECDCPOO_00306,KDAEOHOB_00565,OPNKAGHI_02349,KAHEJOMD_00338,HMEEEBGO_01497,KGEHKDDB_00304,GMGKJONF_00335,HLLCJJMH_00350,BMKFACGC_00338,FHDKMCMF_00275
group_200,,hypothetical protein,10,11,1.1,1,443,,,,276,1044,926.4545454545455,JECDCPOO_00543,KDAEOHOB_00803,OPNKAGHI_02110,KAHEJOMD_00582;KAHEJOMD_00583,HMEEEBGO_01254,KGEHKDDB_00553,GMGKJONF_00579,HLLCJJMH_00588,BMKFACGC_00582,FHDKMCMF_00035
recN,recN,DNA repair protein RecN,10,10,1.0,1,442,,,,1701,1701,1701.0,JECDCPOO_01044,KDAEOHOB_01319,OPNKAGHI_01579,KAHEJOMD_01186,HMEEEBGO_00628,KGEHKDDB_01043,GMGKJONF_01096,HLLCJJMH_01092,BMKFACGC_01515,FHDKMCMF_02052
group_199,,hypothetical protein,10,10,1.0,1,441,,,,189,207,192.6,JECDCPOO_02250,KDAEOHOB_02495,OPNKAGHI_00288,KAHEJOMD_02379,HMEEEBGO_02117,KGEHKDDB_02271,GMGKJONF_02336,HLLCJJMH_02360,BMKFACGC_02346,FHDKMCMF_00884
atpB_2~~~atpD,atpB_2;atpD,ATP synthase subunit beta,10,11,1.1,1,439,,,,369,1416,1290.8181818181818,JECDCPOO_00806,KDAEOHOB_01087,OPNKAGHI_01823,KAHEJOMD_00950;KAHEJOMD_00949,HMEEEBGO_00953,KGEHKDDB_00811,GMGKJONF_00861,HLLCJJMH_00859,BMKFACGC_00885,FHDKMCMF_02284
pepN_2~~~pepN_1~~~pepN,pepN_2;pepN_1;pepN,Aminopeptidase N,10,11,1.1,1,437,,,,213,2535,2307.0,JECDCPOO_01867,KDAEOHOB_02139,OPNKAGHI_00660;OPNKAGHI_00661,KAHEJOMD_01995,HMEEEBGO_02574,KGEHKDDB_01911,GMGKJONF_01962,HLLCJJMH_01957,BMKFACGC_01976,FHDKMCMF_01247
holB,holB,DNA polymerase III subunit delta',10,10,1.0,1,434,,,,1014,1014,1014.0,JECDCPOO_00651,KDAEOHOB_00915,OPNKAGHI_01997,KAHEJOMD_00702,HMEEEBGO_01138,KGEHKDDB_00661,GMGKJONF_00694,HLLCJJMH_00703,BMKFACGC_00700,FHDKMCMF_02434
proS,proS,Proline--tRNA ligase,10,10,1.0,1,432,,,,1710,1710,1710.0,JECDCPOO_01353,KDAEOHOB_01692,OPNKAGHI_01262,KAHEJOMD_01502,HMEEEBGO_00248,KGEHKDDB_01426,GMGKJONF_01474,HLLCJJMH_01411,BMKFACGC_01221,FHDKMCMF_01746
lplJ_1,lplJ_1,Lipoate-protein ligase LplJ,10,10,1.0,1,431,,,,1014,1014,1014.0,JECDCPOO_00200,KDAEOHOB_00456,OPNKAGHI_02472,KAHEJOMD_00235,HMEEEBGO_01603,KGEHKDDB_00198,GMGKJONF_00225,HLLCJJMH_00242,BMKFACGC_00220,FHDKMCMF_00381
group_194,,hypothetical protein,10,11,1.1,1,430,,,,174,510,463.6363636363636,JECDCPOO_01210,KDAEOHOB_01471,OPNKAGHI_01409,KAHEJOMD_01342,HMEEEBGO_00473,KGEHKDDB_01196,GMGKJONF_01251,HLLCJJMH_01245,BMKFACGC_01382,FHDKMCMF_01898;FHDKMCMF_01897
nhaC_2~~~nhaC_1,nhaC_2;nhaC_1,Na(+)/H(+) antiporter NhaC,10,11,1.1,1,429,,,,495,1443,1312.090909090909,JECDCPOO_00218,KDAEOHOB_00474,OPNKAGHI_02451,KAHEJOMD_00256,HMEEEBGO_01584,KGEHKDDB_00217,GMGKJONF_00243;GMGKJONF_00244,HLLCJJMH_00261,BMKFACGC_00239,FHDKMCMF_00362
group_193,,hypothetical protein,10,10,1.0,1,428,,,,522,552,549.0,JECDCPOO_00147,KDAEOHOB_00403,OPNKAGHI_02528,KAHEJOMD_00173,HMEEEBGO_01666,KGEHKDDB_00145,GMGKJONF_00170,HLLCJJMH_00189,BMKFACGC_00159,FHDKMCMF_00434
ezrA,ezrA,Septation ring formation regulator EzrA,10,10,1.0,1,427,,,,1731,1731,1731.0,JECDCPOO_00828,KDAEOHOB_01109,OPNKAGHI_01800,KAHEJOMD_00972,HMEEEBGO_00931,KGEHKDDB_00833,GMGKJONF_00883,HLLCJJMH_00882,BMKFACGC_00908,FHDKMCMF_02262
group_192,,hypothetical protein,10,10,1.0,1,424,,,,552,552,552.0,JECDCPOO_00238,KDAEOHOB_00496,OPNKAGHI_02423,KAHEJOMD_00275,HMEEEBGO_01564,KGEHKDDB_00235,GMGKJONF_00271,HLLCJJMH_00281,BMKFACGC_00263,FHDKMCMF_00343
group_187,,Putative transport protein;hypothetical protein,10,11,1.1,1,418,,,,288,1188,1079.4545454545455,JECDCPOO_01475,KDAEOHOB_01815,OPNKAGHI_01136;OPNKAGHI_01135,KAHEJOMD_01625,HMEEEBGO_00062,KGEHKDDB_01547,GMGKJONF_01598,HLLCJJMH_01648,BMKFACGC_01093,FHDKMCMF_01625
plsY_2~~~plsY_1~~~plsY,plsY_2;plsY_1;plsY,Glycerol-3-phosphate acyltransferase,10,11,1.1,1,417,,,,279,624,570.2727272727273,JECDCPOO_01243,KDAEOHOB_01507,OPNKAGHI_01370;OPNKAGHI_01369,KAHEJOMD_01378,HMEEEBGO_00437,KGEHKDDB_01232,GMGKJONF_01285,HLLCJJMH_01288,BMKFACGC_01345,FHDKMCMF_01859
cydD,cydD,Glutathione/L-cysteine transport system ATP-binding/permease protein CydD,10,10,1.0,1,415,,,,1734,1734,1734.0,JECDCPOO_01740,KDAEOHOB_01987,OPNKAGHI_00786,KAHEJOMD_01868,HMEEEBGO_02712,KGEHKDDB_01783,GMGKJONF_01840,HLLCJJMH_01824,BMKFACGC_01850,FHDKMCMF_01381
brlR,brlR;,Transcriptional regulator BrlR;hypothetical protein,10,10,1.0,1,414,,,,804,804,804.0,JECDCPOO_01213,KDAEOHOB_01474,OPNKAGHI_01404,KAHEJOMD_01346,HMEEEBGO_00470,KGEHKDDB_01199,GMGKJONF_01254,HLLCJJMH_01248,BMKFACGC_01379,FHDKMCMF_01894
cydC,cydC,Glutathione/L-cysteine transport system ATP-binding/permease protein CydC,10,10,1.0,1,413,,,,1740,1740,1740.0,JECDCPOO_01739,KDAEOHOB_01986,OPNKAGHI_00787,KAHEJOMD_01867,HMEEEBGO_02713,KGEHKDDB_01782,GMGKJONF_01839,HLLCJJMH_01823,BMKFACGC_01849,FHDKMCMF_01382
ptsI_2,ptsI_2,Phosphoenolpyruvate-protein phosphotransferase,10,10,1.0,1,410,,,,1737,1737,1737.0,JECDCPOO_01658,KDAEOHOB_01905,OPNKAGHI_00874,KAHEJOMD_01786,HMEEEBGO_02795,KGEHKDDB_01702,GMGKJONF_01756,HLLCJJMH_01743,BMKFACGC_01767,FHDKMCMF_01463
araJ~~~sotB_1~~~pbuE_2,araJ;sotB_1;pbuE_2,Putative transporter AraJ;sugar efflux transporter;Purine efflux pump PbuE,10,11,1.1,1,407,,,,249,1197,1088.4545454545455,JECDCPOO_02092,KDAEOHOB_02360,OPNKAGHI_00433,KAHEJOMD_02231,HMEEEBGO_02275,KGEHKDDB_02139,GMGKJONF_02195,HLLCJJMH_02192,BMKFACGC_02215,FHDKMCMF_01017;FHDKMCMF_01016
pox5,pox5,Pyruvate oxidase,10,10,1.0,1,406,,,,1761,1761,1761.0,JECDCPOO_00337,KDAEOHOB_00596,OPNKAGHI_02316,KAHEJOMD_00369,HMEEEBGO_01466,KGEHKDDB_00335,GMGKJONF_00367,HLLCJJMH_00381,BMKFACGC_00369,FHDKMCMF_00244
yicL_2,;yicL_2,hypothetical protein;putative inner membrane transporter YicL,10,11,1.1,1,404,,,,255,987,897.5454545454545,JECDCPOO_02069,KDAEOHOB_02337,OPNKAGHI_00459,KAHEJOMD_02206;KAHEJOMD_02207,HMEEEBGO_02298,KGEHKDDB_02116,GMGKJONF_02172,HLLCJJMH_02169,BMKFACGC_02190,FHDKMCMF_01042
adhA_1,adhA_1,Alcohol dehydrogenase 1,10,10,1.0,1,403,,,,969,1011,1006.8,JECDCPOO_00280,KDAEOHOB_00538,OPNKAGHI_02384,KAHEJOMD_00312,HMEEEBGO_01522,KGEHKDDB_00278,GMGKJONF_00308,HLLCJJMH_00324,BMKFACGC_00311,FHDKMCMF_00301
group_183,,hypothetical protein;Endoglucanase,10,10,1.0,1,400,,,,1020,1125,1114.5,JECDCPOO_02083,KDAEOHOB_02351,OPNKAGHI_00442,KAHEJOMD_02222,HMEEEBGO_02284,KGEHKDDB_02130,GMGKJONF_02186,HLLCJJMH_02183,BMKFACGC_02205,FHDKMCMF_01028
group_181,,hypothetical protein,10,10,1.0,1,398,,,,1107,1128,1125.9,JECDCPOO_00050,KDAEOHOB_00302,OPNKAGHI_00063,KAHEJOMD_00065,HMEEEBGO_01771,KGEHKDDB_00044,GMGKJONF_00071,HLLCJJMH_00089,BMKFACGC_00056,FHDKMCMF_00535
addA_2~~~addA_1~~~addA,addA_2;addA_1;addA,ATP-dependent helicase/nuclease subunit A,10,11,1.1,1,397,,,,507,3789,3444.2727272727275,JECDCPOO_02456,KDAEOHOB_00209,OPNKAGHI_02594,KAHEJOMD_02580;KAHEJOMD_02581,HMEEEBGO_01872,KGEHKDDB_02491,GMGKJONF_02532,HLLCJJMH_02583,BMKFACGC_02567,FHDKMCMF_00665
pip_2~~~pip~~~pip_1,pip_2;pip;pip_1,Proline iminopeptidase,10,11,1.1,1,394,,,,195,900,819.8181818181819,JECDCPOO_02406,KDAEOHOB_00160,OPNKAGHI_00148,KAHEJOMD_02529,HMEEEBGO_01921;HMEEEBGO_01922,KGEHKDDB_02435,GMGKJONF_02481,HLLCJJMH_02527,BMKFACGC_02516,FHDKMCMF_00725
npr_1~~~npr_2~~~npr,npr_1;npr_2;npr,NADH peroxidase,10,11,1.1,1,393,,,,546,1263,1147.090909090909,JECDCPOO_01121,KDAEOHOB_01388,OPNKAGHI_01504,KAHEJOMD_01255,HMEEEBGO_00557;HMEEEBGO_00558,KGEHKDDB_01113,GMGKJONF_01166,HLLCJJMH_01162,BMKFACGC_01440,FHDKMCMF_01981
uvrA_4~~~uvrA_3~~~uvrA_1,uvrA_4;uvrA_3;uvrA_1,UvrABC system protein A,10,11,1.1,1,389,,,,1038,2277,2066.7272727272725,JECDCPOO_00313,KDAEOHOB_00572,OPNKAGHI_02341;OPNKAGHI_02340,KAHEJOMD_00345,HMEEEBGO_01490,KGEHKDDB_00311,GMGKJONF_00343,HLLCJJMH_00357,BMKFACGC_00345,FHDKMCMF_00268
yheH,yheH,putative multidrug resistance ABC transporter ATP-binding/permease protein YheH,10,10,1.0,1,387,,,,1794,1794,1794.0,JECDCPOO_01367,KDAEOHOB_01706,OPNKAGHI_01248,KAHEJOMD_01516,HMEEEBGO_00234,KGEHKDDB_01440,GMGKJONF_01488,HLLCJJMH_01425,BMKFACGC_01205,FHDKMCMF_01732
group_175,,hypothetical protein,10,11,1.1,1,386,,,,324,1335,1209.5454545454545,JECDCPOO_00223,KDAEOHOB_00479,OPNKAGHI_02445,KAHEJOMD_00261,HMEEEBGO_01579,KGEHKDDB_00222,GMGKJONF_00255,HLLCJJMH_00266;HLLCJJMH_00267,BMKFACGC_00244,FHDKMCMF_00357
adhA_2,adhA_2,Alcohol dehydrogenase 1,10,10,1.0,1,385,,,,1017,1017,1017.0,JECDCPOO_00998,KDAEOHOB_01273,OPNKAGHI_01629,KAHEJOMD_01139,HMEEEBGO_00674,KGEHKDDB_00997,GMGKJONF_01050,HLLCJJMH_01046,BMKFACGC_01565,FHDKMCMF_02098
ykoE,;ykoE,hypothetical protein;Putative HMP/thiamine permease protein YkoE,10,11,1.1,1,384,,,,165,564,512.7272727272727,JECDCPOO_01946,KDAEOHOB_02216,OPNKAGHI_00578;OPNKAGHI_00577,KAHEJOMD_02083,HMEEEBGO_02423,KGEHKDDB_01993,GMGKJONF_02048,HLLCJJMH_02039,BMKFACGC_02057,FHDKMCMF_01166
aspS,aspS,Aspartate--tRNA ligase,10,10,1.0,1,383,,,,1803,1803,1803.0,JECDCPOO_01313,KDAEOHOB_01577,OPNKAGHI_01300,KAHEJOMD_01463,HMEEEBGO_00367,KGEHKDDB_01306,GMGKJONF_01352,HLLCJJMH_01372,BMKFACGC_01266,FHDKMCMF_01784
pepF1,pepF1,Oligoendopeptidase F plasmid,10,10,1.0,1,382,,,,1806,1806,1806.0,JECDCPOO_01489,KDAEOHOB_01830,OPNKAGHI_01110,KAHEJOMD_01639,HMEEEBGO_00048,KGEHKDDB_01562,GMGKJONF_01612,HLLCJJMH_01663,BMKFACGC_01079,FHDKMCMF_01610
steT_3~~~steT_2~~~steT_1,;steT_3;steT_2;steT_1,hypothetical protein;Serine/threonine exchanger SteT,10,12,1.2,1,380,,,,162,1320,1095.5,JECDCPOO_01693,KDAEOHOB_01940,OPNKAGHI_00835;OPNKAGHI_00834,KAHEJOMD_01821,HMEEEBGO_02759;HMEEEBGO_02760,KGEHKDDB_01736,GMGKJONF_01791,HLLCJJMH_01777,BMKFACGC_01802,FHDKMCMF_01429
group_173,,hypothetical protein,10,10,1.0,1,379,,,,1809,1809,1809.0,JECDCPOO_02265,KDAEOHOB_02511,OPNKAGHI_00272,KAHEJOMD_02395,HMEEEBGO_02102,KGEHKDDB_02281,GMGKJONF_02346,HLLCJJMH_02370,BMKFACGC_02364,FHDKMCMF_00874
idnT~~~gntT_2,idnT;gntT_2,Gnt-II system L-idonate transporter;High-affinity gluconate transporter,10,11,1.1,1,378,,,,636,1359,1235.7272727272727,JECDCPOO_01692,KDAEOHOB_01939,OPNKAGHI_00836,KAHEJOMD_01820,HMEEEBGO_02761,KGEHKDDB_01735,GMGKJONF_01790,HLLCJJMH_01776,BMKFACGC_01800;BMKFACGC_01801,FHDKMCMF_01430
atpG_2~~~atpG_1~~~atpG,atpG_2;atpG_1;atpG,ATP synthase gamma chain,10,11,1.1,1,377,,,,306,900,822.0,JECDCPOO_00805,KDAEOHOB_01086,OPNKAGHI_01824,KAHEJOMD_00947;KAHEJOMD_00948,HMEEEBGO_00954,KGEHKDDB_00810,GMGKJONF_00860,HLLCJJMH_00858,BMKFACGC_00884,FHDKMCMF_02285
sasA_2~~~sasA_3,sasA_2;sasA_3,Adaptive-response sensory-kinase SasA,10,10,1.0,1,374,,,,1389,1611,1588.8,JECDCPOO_01000,KDAEOHOB_01275,OPNKAGHI_01627,KAHEJOMD_01141,HMEEEBGO_00672,KGEHKDDB_00999,GMGKJONF_01052,HLLCJJMH_01048,BMKFACGC_01562,FHDKMCMF_02096
group_171,,hypothetical protein,10,11,1.1,1,373,,,,261,1176,1069.090909090909,JECDCPOO_00026,KDAEOHOB_00281,OPNKAGHI_00024,KAHEJOMD_00026;KAHEJOMD_00025,HMEEEBGO_01796,KGEHKDDB_00023,GMGKJONF_00026,HLLCJJMH_00023,BMKFACGC_00023,FHDKMCMF_00584
yhjX,yhjX;,putative MFS-type transporter YhjX;hypothetical protein,10,11,1.1,1,372,,,,570,1224,1117.090909090909,JECDCPOO_02031,KDAEOHOB_02297,OPNKAGHI_00500,KAHEJOMD_02168,HMEEEBGO_02335,KGEHKDDB_02077,GMGKJONF_02131,HLLCJJMH_02130;HLLCJJMH_02131,BMKFACGC_02151,FHDKMCMF_01080
trpS2,trpS2,Tryptophan--tRNA ligase 2,10,10,1.0,1,371,,,,1017,1017,1017.0,JECDCPOO_00484,KDAEOHOB_00744,OPNKAGHI_02176,KAHEJOMD_00522,HMEEEBGO_01316,KGEHKDDB_00483,GMGKJONF_00517,HLLCJJMH_00528,BMKFACGC_00514,FHDKMCMF_00095
uvrC,uvrC,UvrABC system protein C,10,10,1.0,1,370,,,,1818,1818,1818.0,JECDCPOO_01395,KDAEOHOB_01735,OPNKAGHI_01218,KAHEJOMD_01543,HMEEEBGO_00144,KGEHKDDB_01467,GMGKJONF_01516,HLLCJJMH_01567,BMKFACGC_01176,FHDKMCMF_01705
lmrA_2~~~lmrA_1~~~lmrA,lmrA_2;lmrA_1;lmrA,Multidrug resistance ABC transporter ATP-binding and permease protein,10,12,1.2,1,369,,,,567,1770,1476.25,JECDCPOO_02131,KDAEOHOB_02378,OPNKAGHI_00419,KAHEJOMD_02249,HMEEEBGO_02257,KGEHKDDB_02157,GMGKJONF_02213;GMGKJONF_02214,HLLCJJMH_02211,BMKFACGC_02237,FHDKMCMF_00997;FHDKMCMF_00998
glmS,glmS,Glutamine--fructose-6-phosphate aminotransferase [isomerizing],10,10,1.0,1,368,,,,1818,1818,1818.0,JECDCPOO_00731,KDAEOHOB_00995,OPNKAGHI_01912,KAHEJOMD_00782,HMEEEBGO_01058,KGEHKDDB_00741,GMGKJONF_00775,HLLCJJMH_00784,BMKFACGC_00783,FHDKMCMF_02354
fusA_2~~~tetO,fusA_2;;tetO,Elongation factor G;hypothetical protein;Tetracycline resistance protein TetO,10,11,1.1,1,366,,,,636,1959,1755.0,JECDCPOO_02416,KDAEOHOB_00170,OPNKAGHI_00141,KAHEJOMD_02538,HMEEEBGO_01911,KGEHKDDB_02445,GMGKJONF_02491,HLLCJJMH_02516;HLLCJJMH_02517,BMKFACGC_02523,FHDKMCMF_00715
bglB_1~~~bglB_2,bglB_1;bglB_2,Thermostable beta-glucosidase B,10,11,1.1,1,363,,,,438,2256,2045.4545454545455,JECDCPOO_02076,KDAEOHOB_02344,OPNKAGHI_00450,KAHEJOMD_02214;KAHEJOMD_02215,HMEEEBGO_02291,KGEHKDDB_02123,GMGKJONF_02179,HLLCJJMH_02176,BMKFACGC_02198,FHDKMCMF_01035
rnj2,rnj2,Ribonuclease J 2,10,10,1.0,1,359,,,,1833,1833,1833.0,JECDCPOO_01403,KDAEOHOB_01743,OPNKAGHI_01210,KAHEJOMD_01551,HMEEEBGO_00136,KGEHKDDB_01475,GMGKJONF_01524,HLLCJJMH_01575,BMKFACGC_01168,FHDKMCMF_01697
lepA,lepA,Elongation factor 4,10,10,1.0,1,358,,,,1833,1833,1833.0,JECDCPOO_01333,KDAEOHOB_01672,OPNKAGHI_01282,KAHEJOMD_01482,HMEEEBGO_00268,KGEHKDDB_01406,GMGKJONF_01454,HLLCJJMH_01391,BMKFACGC_01243,FHDKMCMF_01766
group_159,,Fatty acid ABC transporter ATP-binding/permease protein,10,10,1.0,1,350,,,,1842,1842,1842.0,JECDCPOO_00790,KDAEOHOB_01071,OPNKAGHI_01839,KAHEJOMD_00932,HMEEEBGO_00969,KGEHKDDB_00795,GMGKJONF_00845,HLLCJJMH_00843,BMKFACGC_00867,FHDKMCMF_02300
ywqC,ywqC;,putative capsular polysaccharide biosynthesis protein YwqC;hypothetical protein,10,11,1.1,1,349,,,,123,792,720.0,JECDCPOO_01760,KDAEOHOB_02027,OPNKAGHI_00767,KAHEJOMD_01887,HMEEEBGO_02690,KGEHKDDB_01799,GMGKJONF_01854;GMGKJONF_01855,HLLCJJMH_01844,BMKFACGC_01865,FHDKMCMF_01364
group_157,,hypothetical protein,10,10,1.0,1,347,,,,252,252,252.0,JECDCPOO_01329,KDAEOHOB_01592,OPNKAGHI_01284,KAHEJOMD_01478,HMEEEBGO_00352,KGEHKDDB_01321,GMGKJONF_01367,HLLCJJMH_01387,BMKFACGC_01251,FHDKMCMF_01769
bipA_2,bipA_2,Large ribosomal subunit assembly factor BipA,10,10,1.0,1,344,,,,1845,1845,1845.0,JECDCPOO_01417,KDAEOHOB_01757,OPNKAGHI_01197,KAHEJOMD_01565,HMEEEBGO_00121,KGEHKDDB_01489,GMGKJONF_01538,HLLCJJMH_01589,BMKFACGC_01154,FHDKMCMF_01683
group_151,,hypothetical protein,10,10,1.0,1,339,,,,1854,1854,1854.0,JECDCPOO_01875,KDAEOHOB_02147,OPNKAGHI_00650,KAHEJOMD_02014,HMEEEBGO_02492,KGEHKDDB_01923,GMGKJONF_01974,HLLCJJMH_01969,BMKFACGC_01984,FHDKMCMF_01235
walK,walK,Sensor protein kinase WalK,10,10,1.0,1,337,,,,1857,1857,1857.0,JECDCPOO_00037,KDAEOHOB_00288,OPNKAGHI_00031,KAHEJOMD_00034,HMEEEBGO_01789,KGEHKDDB_00030,GMGKJONF_00033,HLLCJJMH_00030,BMKFACGC_00030,FHDKMCMF_00577
dnaK,dnaK,Chaperone protein DnaK,10,10,1.0,1,336,,,,1860,1860,1860.0,JECDCPOO_01340,KDAEOHOB_01679,OPNKAGHI_01275,KAHEJOMD_01489,HMEEEBGO_00261,KGEHKDDB_01413,GMGKJONF_01461,HLLCJJMH_01398,BMKFACGC_01234,FHDKMCMF_01759
group_146,,hypothetical protein,10,10,1.0,1,332,,,,465,465,465.0,JECDCPOO_00228,KDAEOHOB_00486,OPNKAGHI_02440,KAHEJOMD_00266,HMEEEBGO_01574,KGEHKDDB_00226,GMGKJONF_00262,HLLCJJMH_00272,BMKFACGC_00253,FHDKMCMF_00352
group_145,,Cell wall protein,10,10,1.0,1,330,,,,1884,1884,1884.0,JECDCPOO_00048,KDAEOHOB_00300,OPNKAGHI_00060,KAHEJOMD_00063,HMEEEBGO_01773,KGEHKDDB_00042,GMGKJONF_00068,HLLCJJMH_00087,BMKFACGC_00054,FHDKMCMF_00537
asnB,asnB,Asparagine synthetase [glutamine-hydrolyzing] 1,10,10,1.0,1,329,,,,1887,1887,1887.0,JECDCPOO_01518,KDAEOHOB_01859,OPNKAGHI_01087,KAHEJOMD_01668,HMEEEBGO_00019,KGEHKDDB_01591,GMGKJONF_01641,HLLCJJMH_01692,BMKFACGC_01047,FHDKMCMF_01581
lacL,lacL,Beta-galactosidase large subunit,10,10,1.0,1,328,,,,1887,1887,1887.0,JECDCPOO_02450,KDAEOHOB_00203,OPNKAGHI_02588,KAHEJOMD_02574,HMEEEBGO_01878,KGEHKDDB_02485,GMGKJONF_02526,HLLCJJMH_02576,BMKFACGC_02561,FHDKMCMF_00671
icaA,;icaA,hypothetical protein;Poly-beta-16-N-acetyl-D-glucosamine synthase,10,11,1.1,1,327,,,,327,1323,1193.4545454545455,JECDCPOO_00948,KDAEOHOB_01224,OPNKAGHI_01681,KAHEJOMD_01091,HMEEEBGO_00723,KGEHKDDB_00948,GMGKJONF_01001,HLLCJJMH_00997,BMKFACGC_01620;BMKFACGC_01619,FHDKMCMF_02147
ettA_1,ettA_1,Energy-dependent translational throttle protein EttA,10,10,1.0,1,326,,,,1893,1893,1893.0,JECDCPOO_01266,KDAEOHOB_01530,OPNKAGHI_01350,KAHEJOMD_01416,HMEEEBGO_00414,KGEHKDDB_01259,GMGKJONF_01305,HLLCJJMH_01325,BMKFACGC_01313,FHDKMCMF_01831
yheI_2~~~yheI_1~~~yheI,yheI_2;yheI_1;yheI,putative multidrug resistance ABC transporter ATP-binding/permease protein YheI,10,11,1.1,1,325,,,,318,1761,1597.6363636363637,JECDCPOO_01368;JECDCPOO_01369,KDAEOHOB_01707,OPNKAGHI_01247,KAHEJOMD_01517,HMEEEBGO_00233,KGEHKDDB_01441,GMGKJONF_01489,HLLCJJMH_01426,BMKFACGC_01204,FHDKMCMF_01731
rsmC,rsmC;,Ribosomal RNA small subunit methyltransferase C;hypothetical protein,10,11,1.1,1,324,,,,192,612,551.1818181818181,JECDCPOO_00643,KDAEOHOB_00907,OPNKAGHI_02005,KAHEJOMD_00694,HMEEEBGO_01146,KGEHKDDB_00653,GMGKJONF_00686,HLLCJJMH_00695,BMKFACGC_00691;BMKFACGC_00692,FHDKMCMF_02442
mntH_2~~~mntH_1~~~mntH_3,mntH_2;mntH_1;mntH_3,Divalent metal cation transporter MntH,10,12,1.2,1,322,,,,363,1368,1139.75,JECDCPOO_00459,KDAEOHOB_00718,OPNKAGHI_02202,KAHEJOMD_00496,HMEEEBGO_01342;HMEEEBGO_01343,KGEHKDDB_00457,GMGKJONF_00492,HLLCJJMH_00502,BMKFACGC_00487,FHDKMCMF_00122;FHDKMCMF_00121
mnmG,mnmG,tRNA uridine 5-carboxymethylaminomethyl modification enzyme MnmG,10,10,1.0,1,321,,,,1911,1911,1911.0,JECDCPOO_02499,KDAEOHOB_00253,OPNKAGHI_02653,KAHEJOMD_02623,HMEEEBGO_01828,KGEHKDDB_02542,GMGKJONF_02578,HLLCJJMH_02639,BMKFACGC_02619,FHDKMCMF_00613
ispE_1~~~ispE_2~~~ispE,ispE_1;ispE_2;ispE,Putative 4-diphosphocytidyl-2-C-methyl-D-erythritol kinase;4-diphosphocytidyl-2-C-methyl-D-erythritol kinase,10,11,1.1,1,320,,,,366,855,774.8181818181819,JECDCPOO_00496,KDAEOHOB_00756,OPNKAGHI_02163,KAHEJOMD_00534,HMEEEBGO_01304,KGEHKDDB_00495,GMGKJONF_00530;GMGKJONF_00529,HLLCJJMH_00540,BMKFACGC_00526,FHDKMCMF_00083
pgcA,pgcA;,Phosphoglucomutase;hypothetical protein,10,11,1.1,1,319,,,,426,1731,1541.4545454545455,JECDCPOO_02021,KDAEOHOB_02287,OPNKAGHI_00507;OPNKAGHI_00508,KAHEJOMD_02158,HMEEEBGO_02347,KGEHKDDB_02067,GMGKJONF_02121,HLLCJJMH_02120,BMKFACGC_02140,FHDKMCMF_01090
pacS,pacS,putative copper-transporting ATPase PacS,10,10,1.0,1,318,,,,1926,1926,1926.0,JECDCPOO_00298,KDAEOHOB_00557,OPNKAGHI_02359,KAHEJOMD_00330,HMEEEBGO_01505,KGEHKDDB_00296,GMGKJONF_00326,HLLCJJMH_00342,BMKFACGC_00330,FHDKMCMF_00283
lexA_1~~~lexA_2~~~lexA,lexA_1;lexA_2;lexA,LexA repressor,10,11,1.1,1,317,,,,201,630,570.2727272727273,JECDCPOO_01372,KDAEOHOB_01710,OPNKAGHI_01244,KAHEJOMD_01520,HMEEEBGO_00230,KGEHKDDB_01444,GMGKJONF_01493;GMGKJONF_01492,HLLCJJMH_01429,BMKFACGC_01201,FHDKMCMF_01728
thrS,thrS,Threonine--tRNA ligase,10,10,1.0,1,315,,,,1944,1944,1944.0,JECDCPOO_00980,KDAEOHOB_01255,OPNKAGHI_01647,KAHEJOMD_01122,HMEEEBGO_00692,KGEHKDDB_00979,GMGKJONF_01032,HLLCJJMH_01028,BMKFACGC_01586,FHDKMCMF_02116
gyrB,gyrB,DNA gyrase subunit B,10,10,1.0,1,314,,,,1944,1944,1944.0,JECDCPOO_00005,KDAEOHOB_00263,OPNKAGHI_00005,KAHEJOMD_00005,HMEEEBGO_01818,KGEHKDDB_00005,GMGKJONF_00005,HLLCJJMH_00005,BMKFACGC_00005,FHDKMCMF_00603
yheS,yheS,putative ATP-binding protein YheS,10,10,1.0,1,309,,,,1953,1953,1953.0,JECDCPOO_00660,KDAEOHOB_00924,OPNKAGHI_01987,KAHEJOMD_00711,HMEEEBGO_01129,KGEHKDDB_00670,GMGKJONF_00703,HLLCJJMH_00712,BMKFACGC_00709,FHDKMCMF_02425
pepO,pepO,Neutral endopeptidase,10,10,1.0,1,308,,,,1956,1956,1956.0,JECDCPOO_02005,KDAEOHOB_02277,OPNKAGHI_00518,KAHEJOMD_02143,HMEEEBGO_02361,KGEHKDDB_02053,GMGKJONF_02110,HLLCJJMH_02106,BMKFACGC_02125,FHDKMCMF_01104
rqcP2,;rqcP2,hypothetical protein;Ribosome-associated protein quality control protein P2,10,11,1.1,1,307,,,,264,780,714.5454545454545,JECDCPOO_01457,KDAEOHOB_01797,OPNKAGHI_01154,KAHEJOMD_01607,HMEEEBGO_00080,KGEHKDDB_01529,GMGKJONF_01579,HLLCJJMH_01629;HLLCJJMH_01630,BMKFACGC_01111,FHDKMCMF_01643
group_138,,hypothetical protein,10,10,1.0,1,304,,,,150,150,150.0,JECDCPOO_02056,KDAEOHOB_02322,OPNKAGHI_00473,KAHEJOMD_02193,HMEEEBGO_02310,KGEHKDDB_02102,GMGKJONF_02156,HLLCJJMH_02156,BMKFACGC_02177,FHDKMCMF_01055
group_137,,hypothetical protein,10,10,1.0,1,303,,,,1971,1971,1971.0,JECDCPOO_02292,KDAEOHOB_00044,OPNKAGHI_00247,KAHEJOMD_02418,HMEEEBGO_02038,KGEHKDDB_02319,GMGKJONF_02368,HLLCJJMH_02397,BMKFACGC_02387,FHDKMCMF_00847
group_132,,Maltose epimerase,10,10,1.0,1,297,,,,1023,1023,1023.0,JECDCPOO_02022,KDAEOHOB_02288,OPNKAGHI_00506,KAHEJOMD_02159,HMEEEBGO_02346,KGEHKDDB_02068,GMGKJONF_02122,HLLCJJMH_02121,BMKFACGC_02141,FHDKMCMF_01089
cat,;cat,hypothetical protein;Chloramphenicol acetyltransferase,10,11,1.1,1,295,,,,177,669,608.1818181818181,JECDCPOO_01943,KDAEOHOB_02213,OPNKAGHI_00581,KAHEJOMD_02080,HMEEEBGO_02426,KGEHKDDB_01990,GMGKJONF_02045,HLLCJJMH_02036,BMKFACGC_02053;BMKFACGC_02054,FHDKMCMF_01169
pyrP_2~~~pyrP_1~~~pyrP,pyrP_2;pyrP_1;pyrP,Uracil permease,10,11,1.1,1,294,,,,453,1278,1152.8181818181818,JECDCPOO_01840,KDAEOHOB_02107,OPNKAGHI_00689,KAHEJOMD_01968,HMEEEBGO_02609;HMEEEBGO_02610,KGEHKDDB_01879,GMGKJONF_01935,HLLCJJMH_01924,BMKFACGC_01947,FHDKMCMF_01283
relA_2~~~relA_1~~~relA,relA_2;relA_1;relA,GTP pyrophosphokinase,10,11,1.1,1,292,,,,918,2247,2041.909090909091,JECDCPOO_01320;JECDCPOO_01321,KDAEOHOB_01584,OPNKAGHI_01293,KAHEJOMD_01470,HMEEEBGO_00360,KGEHKDDB_01313,GMGKJONF_01359,HLLCJJMH_01379,BMKFACGC_01259,FHDKMCMF_01777
yyaP,yyaP,putative protein YyaP,10,10,1.0,1,291,,,,435,534,524.1,JECDCPOO_01508,KDAEOHOB_01849,OPNKAGHI_01091,KAHEJOMD_01658,HMEEEBGO_00029,KGEHKDDB_01581,GMGKJONF_01631,HLLCJJMH_01682,BMKFACGC_01059,FHDKMCMF_01591
group_130,,hypothetical protein,10,10,1.0,1,289,,,,204,204,204.0,JECDCPOO_01985,KDAEOHOB_02256,OPNKAGHI_00537,KAHEJOMD_02123,HMEEEBGO_02381,KGEHKDDB_02033,GMGKJONF_02091,HLLCJJMH_02081,BMKFACGC_02099,FHDKMCMF_01124
trmD,trmD,tRNA (guanine-N(1)-)-methyltransferase,10,10,1.0,1,288,,,,588,765,747.3,JECDCPOO_01077,KDAEOHOB_01351,OPNKAGHI_01543,KAHEJOMD_01218,HMEEEBGO_00595,KGEHKDDB_01076,GMGKJONF_01128,HLLCJJMH_01125,BMKFACGC_01481,FHDKMCMF_02019
uvrB,uvrB,UvrABC system protein B,10,10,1.0,1,284,,,,2007,2007,2007.0,JECDCPOO_00693,KDAEOHOB_00957,OPNKAGHI_01951,KAHEJOMD_00744,HMEEEBGO_01096,KGEHKDDB_00703,GMGKJONF_00736,HLLCJJMH_00745,BMKFACGC_00743,FHDKMCMF_02392
group_128,,hypothetical protein,10,10,1.0,1,283,,,,474,570,560.4,JECDCPOO_01178,KDAEOHOB_01443,OPNKAGHI_01437,KAHEJOMD_01314,HMEEEBGO_00501,KGEHKDDB_01168,GMGKJONF_01223,HLLCJJMH_01217,BMKFACGC_01411,FHDKMCMF_01926
ptpB_2,ptpB_2;,Triple specificity protein phosphatase PtpB;hypothetical protein,10,12,1.2,1,282,,,,366,786,659.0,JECDCPOO_01704,KDAEOHOB_01951,OPNKAGHI_00823,KAHEJOMD_01832,HMEEEBGO_02748,KGEHKDDB_01747,GMGKJONF_01802;GMGKJONF_01803,HLLCJJMH_01788,BMKFACGC_01814;BMKFACGC_01813,FHDKMCMF_01418
iolU_1~~~iolU_2~~~iolU,iolU_1;iolU_2;iolU,scyllo-inositol 2-dehydrogenase (NADP(+)) IolU,10,11,1.1,1,281,,,,360,1005,908.4545454545455,JECDCPOO_01687,KDAEOHOB_01934,OPNKAGHI_00842,KAHEJOMD_01814,HMEEEBGO_02767;HMEEEBGO_02766,KGEHKDDB_01730,GMGKJONF_01785,HLLCJJMH_01771,BMKFACGC_01795,FHDKMCMF_01435
gdpP,gdpP,Cyclic-di-AMP phosphodiesterase GdpP,10,10,1.0,1,278,,,,2016,2016,2016.0,JECDCPOO_00017,KDAEOHOB_00275,OPNKAGHI_00019,KAHEJOMD_00017,HMEEEBGO_01804,KGEHKDDB_00017,GMGKJONF_00018,HLLCJJMH_00017,BMKFACGC_00017,FHDKMCMF_00590
mutL,mutL,DNA mismatch repair protein MutL,10,10,1.0,1,277,,,,2019,2019,2019.0,JECDCPOO_00853,KDAEOHOB_01134,OPNKAGHI_01774,KAHEJOMD_00997,HMEEEBGO_00906,KGEHKDDB_00858,GMGKJONF_00908,HLLCJJMH_00907,BMKFACGC_00933,FHDKMCMF_02237
group_125,,hypothetical protein,10,11,1.1,1,276,,,,135,1374,1249.090909090909,JECDCPOO_00456,KDAEOHOB_00715,OPNKAGHI_02205,KAHEJOMD_00493,HMEEEBGO_01346,KGEHKDDB_00454,GMGKJONF_00489,HLLCJJMH_00499,BMKFACGC_00484,FHDKMCMF_00126;FHDKMCMF_00125
group_123,,hypothetical protein,10,10,1.0,1,274,,,,117,117,117.0,JECDCPOO_00756,KDAEOHOB_01020,OPNKAGHI_01884,KAHEJOMD_00808,HMEEEBGO_01033,KGEHKDDB_00766,GMGKJONF_00800,HLLCJJMH_00809,BMKFACGC_00811,FHDKMCMF_02329
group_122,,hypothetical protein,10,10,1.0,1,273,,,,2025,2025,2025.0,JECDCPOO_01669,KDAEOHOB_01916,OPNKAGHI_00862,KAHEJOMD_01797,HMEEEBGO_02784,KGEHKDDB_01713,GMGKJONF_01768,HLLCJJMH_01754,BMKFACGC_01778,FHDKMCMF_01452
ligA,ligA,DNA ligase,10,10,1.0,1,270,,,,2031,2031,2031.0,JECDCPOO_01733,KDAEOHOB_01980,OPNKAGHI_00794,KAHEJOMD_01861,HMEEEBGO_02719,KGEHKDDB_01776,GMGKJONF_01833,HLLCJJMH_01817,BMKFACGC_01843,FHDKMCMF_01388
group_120,,hypothetical protein,10,10,1.0,1,269,,,,321,363,358.8,JECDCPOO_01327,KDAEOHOB_01590,OPNKAGHI_01287,KAHEJOMD_01476,HMEEEBGO_00354,KGEHKDDB_01319,GMGKJONF_01365,HLLCJJMH_01385,BMKFACGC_01253,FHDKMCMF_01771
recG,recG,ATP-dependent DNA helicase RecG,10,10,1.0,1,268,,,,2034,2034,2034.0,JECDCPOO_01062,KDAEOHOB_01336,OPNKAGHI_01560,KAHEJOMD_01203,HMEEEBGO_00610,KGEHKDDB_01061,GMGKJONF_01113,HLLCJJMH_01110,BMKFACGC_01497,FHDKMCMF_02034
morA_2,morA_2;,Morphine 6-dehydrogenase;Aldo-keto reductase/MSMEI_2347,10,11,1.1,1,265,,,,273,903,794.4545454545455,JECDCPOO_00215,KDAEOHOB_00471,OPNKAGHI_02455;OPNKAGHI_02456,KAHEJOMD_00253,HMEEEBGO_01587,KGEHKDDB_00214,GMGKJONF_00240,HLLCJJMH_00258,BMKFACGC_00236,FHDKMCMF_00365
group_118,,hypothetical protein,10,10,1.0,1,264,,,,534,534,534.0,JECDCPOO_00217,KDAEOHOB_00473,OPNKAGHI_02453,KAHEJOMD_00255,HMEEEBGO_01585,KGEHKDDB_00216,GMGKJONF_00242,HLLCJJMH_00260,BMKFACGC_00238,FHDKMCMF_00363
group_117,,hypothetical protein,10,10,1.0,1,263,,,,633,642,636.6,JECDCPOO_02358,KDAEOHOB_00109,OPNKAGHI_00181,KAHEJOMD_02478,HMEEEBGO_01964,KGEHKDDB_02385,GMGKJONF_02437,HLLCJJMH_02465,BMKFACGC_02452,FHDKMCMF_00779
group_114,,hypothetical protein,10,10,1.0,1,260,,,,438,438,438.0,JECDCPOO_01381,KDAEOHOB_01719,OPNKAGHI_01233,KAHEJOMD_01529,HMEEEBGO_00221,KGEHKDDB_01453,GMGKJONF_01502,HLLCJJMH_01442,BMKFACGC_01192,FHDKMCMF_01719
group_110,,Alkaline shock protein 23,10,10,1.0,1,255,,,,366,411,406.5,JECDCPOO_02147,KDAEOHOB_02394,OPNKAGHI_00402,KAHEJOMD_02267,HMEEEBGO_02241,KGEHKDDB_02173,GMGKJONF_02231,HLLCJJMH_02227,BMKFACGC_02255,FHDKMCMF_00981
group_108,,hypothetical protein,10,10,1.0,1,253,,,,213,213,213.0,JECDCPOO_00896,KDAEOHOB_01173,OPNKAGHI_01734,KAHEJOMD_01040,HMEEEBGO_00863,KGEHKDDB_00897,GMGKJONF_00950,HLLCJJMH_00946,BMKFACGC_00979,FHDKMCMF_02198
elaA_1,elaA_1,Protein ElaA,10,10,1.0,1,250,,,,270,438,387.6,JECDCPOO_00111,KDAEOHOB_00365,OPNKAGHI_00119,KAHEJOMD_00127,HMEEEBGO_01708,KGEHKDDB_00103,GMGKJONF_00131,HLLCJJMH_00149,BMKFACGC_00121,FHDKMCMF_00476
copB,copB,Copper-exporting P-type ATPase B,10,10,1.0,1,249,,,,2073,2073,2073.0,JECDCPOO_00294,KDAEOHOB_00553,OPNKAGHI_02363,KAHEJOMD_00326,HMEEEBGO_01509,KGEHKDDB_00292,GMGKJONF_00322,HLLCJJMH_00338,BMKFACGC_00326,FHDKMCMF_00287
group_104,,hypothetical protein,10,10,1.0,1,247,,,,600,600,600.0,JECDCPOO_00824,KDAEOHOB_01105,OPNKAGHI_01804,KAHEJOMD_00968,HMEEEBGO_00935,KGEHKDDB_00829,GMGKJONF_00879,HLLCJJMH_00878,BMKFACGC_00903,FHDKMCMF_02266
rarA_1,rarA_1,Replication-associated recombination protein A,10,10,1.0,1,246,,,,1140,1278,1264.2,JECDCPOO_00822,KDAEOHOB_01103,OPNKAGHI_01806,KAHEJOMD_00966,HMEEEBGO_00937,KGEHKDDB_00827,GMGKJONF_00877,HLLCJJMH_00876,BMKFACGC_00901,FHDKMCMF_02268
group_103,,hypothetical protein,10,10,1.0,1,244,,,,213,213,213.0,JECDCPOO_01386,KDAEOHOB_01726,OPNKAGHI_01227,KAHEJOMD_01534,HMEEEBGO_00153,KGEHKDDB_01458,GMGKJONF_01507,HLLCJJMH_01558,BMKFACGC_01185,FHDKMCMF_01714
glyS,glyS,Glycine--tRNA ligase beta subunit,10,10,1.0,1,242,,,,2076,2076,2076.0,JECDCPOO_01295,KDAEOHOB_01559,OPNKAGHI_01319,KAHEJOMD_01445,HMEEEBGO_00385,KGEHKDDB_01288,GMGKJONF_01334,HLLCJJMH_01354,BMKFACGC_01284,FHDKMCMF_01802
yvdM,yvdM,Beta-phosphoglucomutase,10,10,1.0,1,241,,,,693,693,693.0,JECDCPOO_02042,KDAEOHOB_02308,OPNKAGHI_00487,KAHEJOMD_02179,HMEEEBGO_02324,KGEHKDDB_02088,GMGKJONF_02142,HLLCJJMH_02142,BMKFACGC_02162,FHDKMCMF_01069
group_100,,hypothetical protein,10,10,1.0,1,239,,,,2082,2082,2082.0,JECDCPOO_02296,KDAEOHOB_00048,OPNKAGHI_00243,KAHEJOMD_02422,HMEEEBGO_02034,KGEHKDDB_02323,GMGKJONF_02372,HLLCJJMH_02401,BMKFACGC_02391,FHDKMCMF_00843
dapE_4~~~dapE_3,dapE_4;dapE_3,putative succinyl-diaminopimelate desuccinylase,10,11,1.1,1,238,,,,264,1161,1059.2727272727273,JECDCPOO_01161,KDAEOHOB_01428,OPNKAGHI_01453,KAHEJOMD_01298,HMEEEBGO_00516,KGEHKDDB_01153,GMGKJONF_01207,HLLCJJMH_01202,BMKFACGC_01426;BMKFACGC_01427,FHDKMCMF_01941
pbp2a,pbp2a,Penicillin-binding protein 2a,10,10,1.0,1,236,,,,2097,2097,2097.0,JECDCPOO_01502,KDAEOHOB_01843,OPNKAGHI_01097,KAHEJOMD_01652,HMEEEBGO_00035,KGEHKDDB_01575,GMGKJONF_01625,HLLCJJMH_01676,BMKFACGC_01066,FHDKMCMF_01597
fusA,fusA,elongation factor G FusA,10,10,1.0,1,234,,,,2100,2100,2100.0,JECDCPOO_01806,KDAEOHOB_02073,OPNKAGHI_00723,KAHEJOMD_01933,HMEEEBGO_02644,KGEHKDDB_01845,GMGKJONF_01901,HLLCJJMH_01890,BMKFACGC_01913,FHDKMCMF_01318
ftsH,ftsH,ATP-dependent zinc metalloprotease FtsH,10,10,1.0,1,233,,,,2100,2100,2100.0,JECDCPOO_00569,KDAEOHOB_00829,OPNKAGHI_02082,KAHEJOMD_00610,HMEEEBGO_01225,KGEHKDDB_00579,GMGKJONF_00606,HLLCJJMH_00616,BMKFACGC_00609,FHDKMCMF_00008
glnQ_1~~~glnQ_2,glnQ_1;glnQ_2,Glutamine transport ATP-binding protein GlnQ,10,11,1.1,1,232,,,,258,738,670.0909090909091,JECDCPOO_00716,KDAEOHOB_00980,OPNKAGHI_01928,KAHEJOMD_00767,HMEEEBGO_01073,KGEHKDDB_00726,GMGKJONF_00759,HLLCJJMH_00768;HLLCJJMH_00769,BMKFACGC_00768,FHDKMCMF_02369
group_97,,hypothetical protein,10,11,1.1,1,230,,,,141,441,397.09090909090907,JECDCPOO_00452,KDAEOHOB_00711;KDAEOHOB_00710,OPNKAGHI_02209,KAHEJOMD_00488,HMEEEBGO_01350,KGEHKDDB_00450,GMGKJONF_00485,HLLCJJMH_00495,BMKFACGC_00478,FHDKMCMF_00130
topA,topA,DNA topoisomerase 1,10,10,1.0,1,229,,,,2115,2115,2115.0,JECDCPOO_01248,KDAEOHOB_01512,OPNKAGHI_01364,KAHEJOMD_01383,HMEEEBGO_00432,KGEHKDDB_01237,GMGKJONF_01290,HLLCJJMH_01293,BMKFACGC_01340,FHDKMCMF_01854
cdaR_1,cdaR_1,Carbohydrate diacid regulator,10,10,1.0,1,228,,,,1041,1041,1041.0,JECDCPOO_00446,KDAEOHOB_00704,OPNKAGHI_02214,KAHEJOMD_00482,HMEEEBGO_01356,KGEHKDDB_00444,GMGKJONF_00479,HLLCJJMH_00489,BMKFACGC_00471,FHDKMCMF_00136
kdgA,kdgA,2-dehydro-3-deoxy-phosphogluconate aldolase,10,10,1.0,1,226,,,,639,654,652.5,JECDCPOO_00356,KDAEOHOB_00614,OPNKAGHI_02298,KAHEJOMD_00388,HMEEEBGO_01446,KGEHKDDB_00354,GMGKJONF_00387,HLLCJJMH_00400,BMKFACGC_00394,FHDKMCMF_00225
group_96,,hypothetical protein,10,10,1.0,1,225,,,,396,567,538.8,JECDCPOO_00346,KDAEOHOB_00605,OPNKAGHI_02307,KAHEJOMD_00378,HMEEEBGO_01456,KGEHKDDB_00344,GMGKJONF_00377,HLLCJJMH_00390,BMKFACGC_00382,FHDKMCMF_00235
tagA~~~tarA,tagA;tarA,N-acetylglucosaminyldiphosphoundecaprenol N-acetyl-beta-D-mannosaminyltransferase,10,11,1.1,1,224,,,,351,741,678.5454545454545,JECDCPOO_00588,KDAEOHOB_00846,OPNKAGHI_02063;OPNKAGHI_02062,KAHEJOMD_00629,HMEEEBGO_01206,KGEHKDDB_00598,GMGKJONF_00625,HLLCJJMH_00635,BMKFACGC_00631,FHDKMCMF_02497
group_95,,hypothetical protein,10,10,1.0,1,223,,,,321,333,322.2,JECDCPOO_01095,KDAEOHOB_01369,OPNKAGHI_01526,KAHEJOMD_01236,HMEEEBGO_00577,KGEHKDDB_01094,GMGKJONF_01147,HLLCJJMH_01143,BMKFACGC_01463,FHDKMCMF_02001
dapE_1~~~dapE_2,dapE_1;dapE_2,putative succinyl-diaminopimelate desuccinylase,10,11,1.1,1,222,,,,534,1173,1069.3636363636363,JECDCPOO_00212,KDAEOHOB_00468,OPNKAGHI_02459,KAHEJOMD_00249;KAHEJOMD_00250,HMEEEBGO_01590,KGEHKDDB_00211,GMGKJONF_00237,HLLCJJMH_00255,BMKFACGC_00233,FHDKMCMF_00368
ltaS1_2,ltaS1_2,Lipoteichoic acid synthase 1,10,10,1.0,1,221,,,,2133,2133,2133.0,JECDCPOO_01930,KDAEOHOB_02200,OPNKAGHI_00594,KAHEJOMD_02067,HMEEEBGO_02439,KGEHKDDB_01977,GMGKJONF_02032,HLLCJJMH_02023,BMKFACGC_02039,FHDKMCMF_01182
group_92,,hypothetical protein,10,10,1.0,1,218,,,,438,438,438.0,JECDCPOO_01209,KDAEOHOB_01470,OPNKAGHI_01410,KAHEJOMD_01341,HMEEEBGO_00474,KGEHKDDB_01195,GMGKJONF_01250,HLLCJJMH_01244,BMKFACGC_01383,FHDKMCMF_01899
group_90,,hypothetical protein,10,12,1.2,1,216,,,,594,1209,1008.0,JECDCPOO_02490,KDAEOHOB_00245,OPNKAGHI_02642;OPNKAGHI_02643,KAHEJOMD_02614,HMEEEBGO_01837,KGEHKDDB_02533,GMGKJONF_02568;GMGKJONF_02569,HLLCJJMH_02630,BMKFACGC_02610,FHDKMCMF_00622
dnaC,dnaC,Replicative DNA helicase DnaC,10,10,1.0,1,214,,,,1389,1518,1427.7,JECDCPOO_00024,KDAEOHOB_00279,OPNKAGHI_00022,KAHEJOMD_00023,HMEEEBGO_01798,KGEHKDDB_00021,GMGKJONF_00024,HLLCJJMH_00021,BMKFACGC_00021,FHDKMCMF_00586
group_88,,Zinc-type alcohol dehydrogenase-like protein,10,10,1.0,1,212,,,,1029,1029,1029.0,JECDCPOO_01304,KDAEOHOB_01568,OPNKAGHI_01310,KAHEJOMD_01454,HMEEEBGO_00376,KGEHKDDB_01297,GMGKJONF_01343,HLLCJJMH_01363,BMKFACGC_01275,FHDKMCMF_01793
nhaK_2,nhaK_2,Sodium potassium lithium and rubidium/H(+) antiporter,10,10,1.0,1,211,,,,2133,2133,2133.0,JECDCPOO_00726,KDAEOHOB_00990,OPNKAGHI_01917,KAHEJOMD_00777,HMEEEBGO_01063,KGEHKDDB_00736,GMGKJONF_00770,HLLCJJMH_00779,BMKFACGC_00778,FHDKMCMF_02359
kdgR_2~~~kdgR_1,kdgR_2;kdgR_1,HTH-type transcriptional regulator KdgR,10,10,1.0,1,208,,,,939,987,967.8,JECDCPOO_00480,KDAEOHOB_00739,OPNKAGHI_02180,KAHEJOMD_00517,HMEEEBGO_01321,KGEHKDDB_00478,GMGKJONF_00513,HLLCJJMH_00523,BMKFACGC_00510,FHDKMCMF_00100
group_86,,hypothetical protein,10,10,1.0,1,207,,,,528,528,528.0,JECDCPOO_01030,KDAEOHOB_01305,OPNKAGHI_01593,KAHEJOMD_01172,HMEEEBGO_00642,KGEHKDDB_01029,GMGKJONF_01082,HLLCJJMH_01078,BMKFACGC_01529,FHDKMCMF_02066
kduI1_3~~~kduI1_2~~~kduI1_1,kduI1_3;kduI1_2;kduI1_1,4-deoxy-L-threo-5-hexosulose-uronate ketol-isomerase 1,10,11,1.1,1,206,,,,198,846,773.1818181818181,JECDCPOO_00148,KDAEOHOB_00404,OPNKAGHI_02527,KAHEJOMD_00174,HMEEEBGO_01664;HMEEEBGO_01665,KGEHKDDB_00146,GMGKJONF_00171,HLLCJJMH_00190,BMKFACGC_00160,FHDKMCMF_00433
tilS_2~~~tilS_1~~~tilS,tilS_2;tilS_1;tilS,tRNA(Ile)-lysidine synthase,10,11,1.1,1,205,,,,351,1353,1230.5454545454545,JECDCPOO_00567,KDAEOHOB_00827,OPNKAGHI_02084,KAHEJOMD_00608,HMEEEBGO_01227,KGEHKDDB_00577,GMGKJONF_00603;GMGKJONF_00604,HLLCJJMH_00614,BMKFACGC_00607,FHDKMCMF_00010
group_84,,hypothetical protein,10,10,1.0,1,203,,,,483,588,573.3,JECDCPOO_00599,KDAEOHOB_00858,OPNKAGHI_02051,KAHEJOMD_00641,HMEEEBGO_01195,KGEHKDDB_00609,GMGKJONF_00636,HLLCJJMH_00647,BMKFACGC_00642,FHDKMCMF_02486
secA_2~~~secA_1~~~secA,secA_2;secA_1;secA,Protein translocase subunit SecA,10,11,1.1,1,199,,,,300,2364,2149.3636363636365,JECDCPOO_00672,KDAEOHOB_00936,OPNKAGHI_01974;OPNKAGHI_01973,KAHEJOMD_00723,HMEEEBGO_01117,KGEHKDDB_00682,GMGKJONF_00715,HLLCJJMH_00724,BMKFACGC_00722,FHDKMCMF_02413
ppk,ppk,Polyphosphate kinase,10,10,1.0,1,198,,,,2163,2163,2163.0,JECDCPOO_00748,KDAEOHOB_01012,OPNKAGHI_01892,KAHEJOMD_00800,HMEEEBGO_01041,KGEHKDDB_00758,GMGKJONF_00792,HLLCJJMH_00801,BMKFACGC_00803,FHDKMCMF_02337
treP,treP;,Alphaalpha-trehalose phosphorylase;hypothetical protein,10,11,1.1,1,193,,,,168,2211,2015.1818181818182,JECDCPOO_02334,KDAEOHOB_00080,OPNKAGHI_00207,KAHEJOMD_02453,HMEEEBGO_01995,KGEHKDDB_02361,GMGKJONF_02401,HLLCJJMH_02440,BMKFACGC_02422;BMKFACGC_02423,FHDKMCMF_00804
group_81,,hypothetical protein,10,10,1.0,1,192,,,,429,429,429.0,JECDCPOO_02086,KDAEOHOB_02354,OPNKAGHI_00439,KAHEJOMD_02225,HMEEEBGO_02281,KGEHKDDB_02133,GMGKJONF_02189,HLLCJJMH_02186,BMKFACGC_02208,FHDKMCMF_01025
group_80,,hypothetical protein,10,10,1.0,1,191,,,,546,546,546.0,JECDCPOO_01219,KDAEOHOB_01480,OPNKAGHI_01398,KAHEJOMD_01352,HMEEEBGO_00464,KGEHKDDB_01205,GMGKJONF_01260,HLLCJJMH_01254,BMKFACGC_01373,FHDKMCMF_01887
pduN_2~~~pduN_1,pduN_2;pduN_1,Bacterial microcompartment shell vertex protein PduN,10,10,1.0,1,190,,,,273,273,273.0,JECDCPOO_01712,KDAEOHOB_01959,OPNKAGHI_00815,KAHEJOMD_01840,HMEEEBGO_02740,KGEHKDDB_01755,GMGKJONF_01811,HLLCJJMH_01796,BMKFACGC_01822,FHDKMCMF_01410
yhgF,yhgF,Protein YhgF,10,10,1.0,1,188,,,,2196,2196,2196.0,JECDCPOO_00592,KDAEOHOB_00850,OPNKAGHI_02058,KAHEJOMD_00633,HMEEEBGO_01202,KGEHKDDB_00602,GMGKJONF_00629,HLLCJJMH_00640,BMKFACGC_00635,FHDKMCMF_02493
group_79,,hypothetical protein,10,10,1.0,1,187,,,,258,258,258.0,JECDCPOO_02219,KDAEOHOB_02465,OPNKAGHI_00317,KAHEJOMD_02352,HMEEEBGO_02145,KGEHKDDB_02240,GMGKJONF_02301,HLLCJJMH_02326,BMKFACGC_02314,FHDKMCMF_00913
tagU_3~~~tagU_1,tagU_3;tagU_1,Polyisoprenyl-teichoic acid--peptidoglycan teichoic acid transferase TagU,10,10,1.0,1,185,,,,1116,1116,1116.0,JECDCPOO_00613,KDAEOHOB_00872,OPNKAGHI_02036,KAHEJOMD_00655,HMEEEBGO_01181,KGEHKDDB_00623,GMGKJONF_00650,HLLCJJMH_00664,BMKFACGC_00656,FHDKMCMF_02472
group_77,,hypothetical protein,10,11,1.1,1,184,,,,255,915,831.0,JECDCPOO_00249,KDAEOHOB_00507,OPNKAGHI_02415,KAHEJOMD_00286,HMEEEBGO_01553,KGEHKDDB_00246;KGEHKDDB_00247,GMGKJONF_00282,HLLCJJMH_00292,BMKFACGC_00276,FHDKMCMF_00332
bcr,bcr,Bicyclomycin resistance protein,10,10,1.0,1,181,,,,1257,1296,1264.8,JECDCPOO_02489,KDAEOHOB_00244,OPNKAGHI_02641,KAHEJOMD_02613,HMEEEBGO_01838,KGEHKDDB_02532,GMGKJONF_02567,HLLCJJMH_02629,BMKFACGC_02609,FHDKMCMF_00623
clpE,clpE,ATP-dependent Clp protease ATP-binding subunit ClpE,10,10,1.0,1,178,,,,2238,2238,2238.0,JECDCPOO_01661,KDAEOHOB_01908,OPNKAGHI_00871,KAHEJOMD_01789,HMEEEBGO_02792,KGEHKDDB_01705,GMGKJONF_01759,HLLCJJMH_01746,BMKFACGC_01770,FHDKMCMF_01460
glyA,glyA,Serine hydroxymethyltransferase,10,10,1.0,1,175,,,,1242,1287,1246.5,JECDCPOO_00798,KDAEOHOB_01079,OPNKAGHI_01831,KAHEJOMD_00940,HMEEEBGO_00961,KGEHKDDB_00803,GMGKJONF_00853,HLLCJJMH_00851,BMKFACGC_00877,FHDKMCMF_02292
rtpR,rtpR,Adenosylcobalamin-dependent ribonucleoside-triphosphate reductase,10,10,1.0,1,174,,,,2253,2253,2253.0,JECDCPOO_02012,KDAEOHOB_02279,OPNKAGHI_00516,KAHEJOMD_02150,HMEEEBGO_02355,KGEHKDDB_02059,GMGKJONF_02112,HLLCJJMH_02112,BMKFACGC_02132,FHDKMCMF_01098
group_74,,hypothetical protein,10,10,1.0,1,172,,,,567,567,567.0,JECDCPOO_00239,KDAEOHOB_00497,OPNKAGHI_02422,KAHEJOMD_00276,HMEEEBGO_01563,KGEHKDDB_00236,GMGKJONF_00272,HLLCJJMH_00282,BMKFACGC_00264,FHDKMCMF_00342
malP,malP,Maltose phosphorylase,10,10,1.0,1,171,,,,2271,2271,2271.0,JECDCPOO_00387,KDAEOHOB_00644,OPNKAGHI_02266,KAHEJOMD_00418,HMEEEBGO_01416,KGEHKDDB_00384,GMGKJONF_00418,HLLCJJMH_00430,BMKFACGC_00423,FHDKMCMF_00195
mnmA,mnmA,tRNA-specific 2-thiouridylase MnmA,10,10,1.0,1,169,,,,1128,1185,1173.6,JECDCPOO_01448,KDAEOHOB_01788,OPNKAGHI_01164,KAHEJOMD_01597,HMEEEBGO_00090,KGEHKDDB_01520,GMGKJONF_01569,HLLCJJMH_01620,BMKFACGC_01121,FHDKMCMF_01652
group_73,,hypothetical protein,10,11,1.1,1,168,,,,321,948,860.4545454545455,JECDCPOO_00614,KDAEOHOB_00873,OPNKAGHI_02034;OPNKAGHI_02035,KAHEJOMD_00656,HMEEEBGO_01180,KGEHKDDB_00624,GMGKJONF_00651,HLLCJJMH_00665,BMKFACGC_00657,FHDKMCMF_02471
group_72,,hypothetical protein,10,11,1.1,1,167,,,,249,609,528.8181818181819,JECDCPOO_00277,KDAEOHOB_00535,OPNKAGHI_02387,KAHEJOMD_00309,HMEEEBGO_01525,KGEHKDDB_00275,GMGKJONF_00305,HLLCJJMH_00321;HLLCJJMH_00320,BMKFACGC_00307,FHDKMCMF_00304
group_71,,putative HTH-type transcriptional regulator,10,10,1.0,1,165,,,,354,354,354.0,JECDCPOO_00915,KDAEOHOB_01191,OPNKAGHI_01714,KAHEJOMD_01058,HMEEEBGO_00845,KGEHKDDB_00915,GMGKJONF_00968,HLLCJJMH_00964,BMKFACGC_01000,FHDKMCMF_02180
cueR,cueR;,HTH-type transcriptional regulator CueR;hypothetical protein,10,10,1.0,1,164,,,,372,372,372.0,JECDCPOO_02446,KDAEOHOB_00199,OPNKAGHI_02584,KAHEJOMD_02570,HMEEEBGO_01882,KGEHKDDB_02481,GMGKJONF_02522,HLLCJJMH_02572,BMKFACGC_02557,FHDKMCMF_00675
group_70,,hypothetical protein,10,10,1.0,1,162,,,,351,351,351.0,JECDCPOO_01190,KDAEOHOB_01451,OPNKAGHI_01429,KAHEJOMD_01322,HMEEEBGO_00493,KGEHKDDB_01176,GMGKJONF_01231,HLLCJJMH_01225,BMKFACGC_01403,FHDKMCMF_01918
nagR_1,nagR_1,HTH-type transcriptional repressor NagR,10,10,1.0,1,161,,,,690,726,722.4,JECDCPOO_00180,KDAEOHOB_00436,OPNKAGHI_02494,KAHEJOMD_00215,HMEEEBGO_01623,KGEHKDDB_00178,GMGKJONF_00203,HLLCJJMH_00222,BMKFACGC_00200,FHDKMCMF_00401
xylQ,xylQ,Alpha-xylosidase XylQ,10,10,1.0,1,160,,,,2289,2289,2289.0,JECDCPOO_00498,KDAEOHOB_00758,OPNKAGHI_02161,KAHEJOMD_00536,HMEEEBGO_01302,KGEHKDDB_00497,GMGKJONF_00532,HLLCJJMH_00542,BMKFACGC_00533,FHDKMCMF_00081
helD_2,helD_2,DNA helicase IV,10,10,1.0,1,159,,,,2295,2295,2295.0,JECDCPOO_01874,KDAEOHOB_02146,OPNKAGHI_00651,KAHEJOMD_02013,HMEEEBGO_02493,KGEHKDDB_01922,GMGKJONF_01973,HLLCJJMH_01968,BMKFACGC_01983,FHDKMCMF_01236
group_68,,hypothetical protein,10,10,1.0,1,157,,,,342,342,342.0,JECDCPOO_00621,KDAEOHOB_00880,OPNKAGHI_02027,KAHEJOMD_00666,HMEEEBGO_01173,KGEHKDDB_00631,GMGKJONF_00658,HLLCJJMH_00672,BMKFACGC_00664,FHDKMCMF_02464
ohrR,ohrR,Organic hydroperoxide resistance transcriptional regulator,10,10,1.0,1,156,,,,477,477,477.0,JECDCPOO_01530,KDAEOHOB_01871,OPNKAGHI_01074,KAHEJOMD_01748,HMEEEBGO_02833,KGEHKDDB_01664,GMGKJONF_01718,HLLCJJMH_01705,BMKFACGC_01632,FHDKMCMF_01501
group_67,,hypothetical protein,10,10,1.0,1,155,,,,240,243,240.3,JECDCPOO_01702,KDAEOHOB_01949,OPNKAGHI_00825,KAHEJOMD_01830,HMEEEBGO_02750,KGEHKDDB_01745,GMGKJONF_01800,HLLCJJMH_01786,BMKFACGC_01811,FHDKMCMF_01420
ponA,ponA,Penicillin-binding protein 1A,10,10,1.0,1,154,,,,2307,2307,2307.0,JECDCPOO_01176,KDAEOHOB_01441,OPNKAGHI_01439,KAHEJOMD_01312,HMEEEBGO_00503,KGEHKDDB_01166,GMGKJONF_01221,HLLCJJMH_01215,BMKFACGC_01413,FHDKMCMF_01928
helD_1,helD_1,DNA helicase IV,10,10,1.0,1,153,,,,2307,2307,2307.0,JECDCPOO_00483,KDAEOHOB_00742,OPNKAGHI_02177,KAHEJOMD_00520,HMEEEBGO_01318,KGEHKDDB_00481,GMGKJONF_00516,HLLCJJMH_00526,BMKFACGC_00513,FHDKMCMF_00097
ctpE,ctpE,Calcium-transporting ATPase CtpE,10,10,1.0,1,152,,,,2337,2337,2337.0,JECDCPOO_00137,KDAEOHOB_00393,OPNKAGHI_02543,KAHEJOMD_00160,HMEEEBGO_01680,KGEHKDDB_00131,GMGKJONF_00162,HLLCJJMH_00179,BMKFACGC_00150,FHDKMCMF_00448
recJ,recJ,Single-stranded-DNA-specific exonuclease RecJ,10,10,1.0,1,151,,,,2322,2322,2322.0,JECDCPOO_01389,KDAEOHOB_01729,OPNKAGHI_01224,KAHEJOMD_01537,HMEEEBGO_00150,KGEHKDDB_01461,GMGKJONF_01510,HLLCJJMH_01561,BMKFACGC_01182,FHDKMCMF_01711
bipA_1,bipA_1,Large ribosomal subunit assembly factor BipA,10,10,1.0,1,148,,,,2343,2343,2343.0,JECDCPOO_01346,KDAEOHOB_01685,OPNKAGHI_01269,KAHEJOMD_01495,HMEEEBGO_00255,KGEHKDDB_01419,GMGKJONF_01467,HLLCJJMH_01404,BMKFACGC_01228,FHDKMCMF_01753
spoIIIE,spoIIIE,DNA translocase SpoIIIE,10,10,1.0,1,146,,,,2346,2346,2346.0,JECDCPOO_01472,KDAEOHOB_01812,OPNKAGHI_01139,KAHEJOMD_01622,HMEEEBGO_00065,KGEHKDDB_01544,GMGKJONF_01595,HLLCJJMH_01645,BMKFACGC_01096,FHDKMCMF_01628
group_64,,hypothetical protein,10,11,1.1,1,145,,,,210,966,877.0909090909091,JECDCPOO_01903;JECDCPOO_01902,KDAEOHOB_02173,OPNKAGHI_00621,KAHEJOMD_02040,HMEEEBGO_02466,KGEHKDDB_01949,GMGKJONF_02005,HLLCJJMH_01995,BMKFACGC_02010,FHDKMCMF_01209
mutSB,mutSB,Putative endonuclease MutS2,10,10,1.0,1,144,,,,2364,2364,2364.0,JECDCPOO_00868,KDAEOHOB_01149,OPNKAGHI_01758,KAHEJOMD_01012,HMEEEBGO_00891,KGEHKDDB_00873,GMGKJONF_00923,HLLCJJMH_00922,BMKFACGC_00948,FHDKMCMF_02222
dinG_2,dinG_2,3'-5' exonuclease DinG,10,10,1.0,1,143,,,,2367,2367,2367.0,JECDCPOO_01987,KDAEOHOB_02258,OPNKAGHI_00535,KAHEJOMD_02125,HMEEEBGO_02379,KGEHKDDB_02035,GMGKJONF_02093,HLLCJJMH_02083,BMKFACGC_02103,FHDKMCMF_01122
hxlR,;hxlR,hypothetical protein;HTH-type transcriptional activator HxlR,10,10,1.0,1,140,,,,210,363,347.7,JECDCPOO_02146,KDAEOHOB_02393,OPNKAGHI_00403,KAHEJOMD_02266,HMEEEBGO_02242,KGEHKDDB_02172,GMGKJONF_02230,HLLCJJMH_02226,BMKFACGC_02254,FHDKMCMF_00982
hit,hit,Protein hit,10,10,1.0,1,139,,,,459,459,459.0,JECDCPOO_01495,KDAEOHOB_01836,OPNKAGHI_01104,KAHEJOMD_01645,HMEEEBGO_00042,KGEHKDDB_01568,GMGKJONF_01618,HLLCJJMH_01669,BMKFACGC_01073,FHDKMCMF_01604
group_61,,hypothetical protein,10,10,1.0,1,138,,,,738,738,738.0,JECDCPOO_01218,KDAEOHOB_01479,OPNKAGHI_01399,KAHEJOMD_01351,HMEEEBGO_00465,KGEHKDDB_01204,GMGKJONF_01259,HLLCJJMH_01253,BMKFACGC_01374,FHDKMCMF_01888
rnr,rnr,Ribonuclease R,10,10,1.0,1,137,,,,2394,2394,2394.0,JECDCPOO_00714,KDAEOHOB_00978,OPNKAGHI_01930,KAHEJOMD_00765,HMEEEBGO_01075,KGEHKDDB_00724,GMGKJONF_00757,HLLCJJMH_00766,BMKFACGC_00766,FHDKMCMF_02371
pheT_2,pheT_2,Phenylalanine--tRNA ligase beta subunit,10,10,1.0,1,136,,,,2409,2409,2409.0,JECDCPOO_01008,KDAEOHOB_01283,OPNKAGHI_01617,KAHEJOMD_01149,HMEEEBGO_00664,KGEHKDDB_01007,GMGKJONF_01060,HLLCJJMH_01056,BMKFACGC_01554,FHDKMCMF_02088
spx_2~~~spx_3,spx_2;spx_3,Global transcriptional regulator Spx,10,10,1.0,1,135,,,,279,408,384.0,JECDCPOO_00944,KDAEOHOB_01220,OPNKAGHI_01685,KAHEJOMD_01087,HMEEEBGO_00815,KGEHKDDB_00944,GMGKJONF_00997,HLLCJJMH_00993,BMKFACGC_01029,FHDKMCMF_02151
mdtL,;mdtL,hypothetical protein;Multidrug resistance protein MdtL,10,11,1.1,1,134,,,,501,1176,1072.6363636363637,JECDCPOO_02141,KDAEOHOB_02388,OPNKAGHI_00409;OPNKAGHI_00408,KAHEJOMD_02260,HMEEEBGO_02247,KGEHKDDB_02167,GMGKJONF_02224,HLLCJJMH_02221,BMKFACGC_02247,FHDKMCMF_00987
priA,priA,Replication restart protein PriA,10,10,1.0,1,132,,,,2418,2418,2418.0,JECDCPOO_01051,KDAEOHOB_01325,OPNKAGHI_01571,KAHEJOMD_01192,HMEEEBGO_00621,KGEHKDDB_01050,GMGKJONF_01102,HLLCJJMH_01099,BMKFACGC_01508,FHDKMCMF_02045
murR~~~hexR,murR;hexR,HTH-type transcriptional regulator MurR;HTH-type transcriptional regulator HexR,10,11,1.1,1,130,,,,378,861,783.0,JECDCPOO_01690,KDAEOHOB_01937,OPNKAGHI_00839,KAHEJOMD_01818;KAHEJOMD_01817,HMEEEBGO_02763,KGEHKDDB_01733,GMGKJONF_01788,HLLCJJMH_01774,BMKFACGC_01798,FHDKMCMF_01432
leuS,leuS,Leucine--tRNA ligase,10,10,1.0,1,128,,,,2430,2430,2430.0,JECDCPOO_00952,KDAEOHOB_01228,OPNKAGHI_01677,KAHEJOMD_01095,HMEEEBGO_00719,KGEHKDDB_00952,GMGKJONF_01005,HLLCJJMH_01001,BMKFACGC_01615,FHDKMCMF_02143
pepX,pepX,Xaa-Pro dipeptidyl-peptidase,10,10,1.0,1,126,,,,2436,2436,2436.0,JECDCPOO_01895,KDAEOHOB_02166,OPNKAGHI_00630,KAHEJOMD_02033,HMEEEBGO_02473,KGEHKDDB_01942,GMGKJONF_01994,HLLCJJMH_01988,BMKFACGC_02003,FHDKMCMF_01216
parC,parC,DNA topoisomerase IV subunit A ParC,10,10,1.0,1,125,,,,2448,2448,2448.0,JECDCPOO_01241,KDAEOHOB_01505,OPNKAGHI_01373,KAHEJOMD_01376,HMEEEBGO_00439,KGEHKDDB_01230,GMGKJONF_01283,HLLCJJMH_01286,BMKFACGC_01347,FHDKMCMF_01861
xpkA,xpkA,Xylulose-5-phosphate phosphoketolase,10,10,1.0,1,124,,,,2460,2460,2460.0,JECDCPOO_00520,KDAEOHOB_00780,OPNKAGHI_02136,KAHEJOMD_00558,HMEEEBGO_01277,KGEHKDDB_00519,GMGKJONF_00554,HLLCJJMH_00564,BMKFACGC_00558,FHDKMCMF_00059
fhuC,fhuC,Iron(3+)-hydroxamate import ATP-binding protein FhuC,10,10,1.0,1,123,,,,675,675,675.0,JECDCPOO_00954,KDAEOHOB_01230,OPNKAGHI_01675,KAHEJOMD_01097,HMEEEBGO_00717,KGEHKDDB_00954,GMGKJONF_01007,HLLCJJMH_01003,BMKFACGC_01613,FHDKMCMF_02141
murB_2~~~murB_1~~~murB,murB_2;murB_1;murB,UDP-N-acetylenolpyruvoylglucosamine reductase,10,12,1.2,1,122,,,,402,915,763.0,JECDCPOO_00725,KDAEOHOB_00989,OPNKAGHI_01919;OPNKAGHI_01918,KAHEJOMD_00776,HMEEEBGO_01064,KGEHKDDB_00735,GMGKJONF_00768;GMGKJONF_00769,HLLCJJMH_00778,BMKFACGC_00777,FHDKMCMF_02360
metG_1~~~metG_2~~~metG,metG_1;metG_2;metG,Methionine--tRNA ligase,10,11,1.1,1,119,,,,729,2034,1851.0,JECDCPOO_00491,KDAEOHOB_00751,OPNKAGHI_02169;OPNKAGHI_02168,KAHEJOMD_00529,HMEEEBGO_01309,KGEHKDDB_00490,GMGKJONF_00524,HLLCJJMH_00535,BMKFACGC_00521,FHDKMCMF_00088
xylT_2~~~xylT_1,xylT_2;xylT_1,D-xylose transporter,10,11,1.1,1,117,,,,609,1485,1263.0,JECDCPOO_00206,KDAEOHOB_00462,OPNKAGHI_02465,KAHEJOMD_00242;KAHEJOMD_00243,HMEEEBGO_01597,KGEHKDDB_00205,GMGKJONF_00231,HLLCJJMH_00249,BMKFACGC_00227,FHDKMCMF_00374
group_54,,hypothetical protein,10,10,1.0,1,116,,,,393,393,393.0,JECDCPOO_02323,KDAEOHOB_00069,OPNKAGHI_00217,KAHEJOMD_02442,HMEEEBGO_02005,KGEHKDDB_02350,GMGKJONF_02390,HLLCJJMH_02429,BMKFACGC_02411,FHDKMCMF_00815
clpC,clpC,ATP-dependent Clp protease ATP-binding subunit ClpC,10,10,1.0,1,115,,,,2487,2487,2487.0,JECDCPOO_01813,KDAEOHOB_02080,OPNKAGHI_00716,KAHEJOMD_01940,HMEEEBGO_02637,KGEHKDDB_01852,GMGKJONF_01908,HLLCJJMH_01897,BMKFACGC_01920,FHDKMCMF_01310
recD2,recD2,ATP-dependent RecD2 DNA helicase,10,10,1.0,1,114,,,,2526,2526,2526.0,JECDCPOO_01445,KDAEOHOB_01785,OPNKAGHI_01167,KAHEJOMD_01594,HMEEEBGO_00093,KGEHKDDB_01517,GMGKJONF_01566,HLLCJJMH_01617,BMKFACGC_01124,FHDKMCMF_01655
manX,manX,PTS system mannose-specific EIIAB component,10,10,1.0,1,113,,,,504,504,504.0,JECDCPOO_00604,KDAEOHOB_00863,OPNKAGHI_02046,KAHEJOMD_00646,HMEEEBGO_01190,KGEHKDDB_00614,GMGKJONF_00641,HLLCJJMH_00655,BMKFACGC_00647,FHDKMCMF_02481
uvrA_3,uvrA_3,UvrABC system protein A,10,10,1.0,1,112,,,,2511,2511,2511.0,JECDCPOO_01526,KDAEOHOB_01867,OPNKAGHI_01078,KAHEJOMD_01679,HMEEEBGO_00009,KGEHKDDB_01599,GMGKJONF_01649,HLLCJJMH_01701,BMKFACGC_01628,FHDKMCMF_01571
kdsr_3~~~kdsr_4,kdsr_3;;kdsr_4,3-ketodihydrosphingosine reductase;hypothetical protein,10,10,1.0,1,111,,,,318,837,785.1,JECDCPOO_02244,KDAEOHOB_02489,OPNKAGHI_00293,KAHEJOMD_02373,HMEEEBGO_02123,KGEHKDDB_02265,GMGKJONF_02330,HLLCJJMH_02351,BMKFACGC_02340,FHDKMCMF_00890
group_53,,hypothetical protein,10,10,1.0,1,110,,,,426,480,453.3,JECDCPOO_02046,KDAEOHOB_02312,OPNKAGHI_00483,KAHEJOMD_02183,HMEEEBGO_02320,KGEHKDDB_02092,GMGKJONF_02146,HLLCJJMH_02146,BMKFACGC_02167,FHDKMCMF_01065
group_52,,hypothetical protein,10,10,1.0,1,109,,,,339,630,574.8,JECDCPOO_00907,KDAEOHOB_01183,OPNKAGHI_01723,KAHEJOMD_01050,HMEEEBGO_00853,KGEHKDDB_00907,GMGKJONF_00960,HLLCJJMH_00956,BMKFACGC_00989,FHDKMCMF_02188
gyrA,gyrA,DNA gyrase subunit A GyrA,10,10,1.0,1,108,,,,2535,2535,2535.0,JECDCPOO_00006,KDAEOHOB_00264,OPNKAGHI_00006,KAHEJOMD_00006,HMEEEBGO_01817,KGEHKDDB_00006,GMGKJONF_00006,HLLCJJMH_00006,BMKFACGC_00006,FHDKMCMF_00602
group_50,,hypothetical protein,10,10,1.0,1,106,,,,2562,2562,2562.0,JECDCPOO_00209,KDAEOHOB_00465,OPNKAGHI_02462,KAHEJOMD_00246,HMEEEBGO_01593,KGEHKDDB_00208,GMGKJONF_00234,HLLCJJMH_00252,BMKFACGC_00230,FHDKMCMF_00371
purT,purT,Formate-dependent phosphoribosylglycinamide formyltransferase,10,10,1.0,1,104,,,,2577,2577,2577.0,JECDCPOO_01202,KDAEOHOB_01463,OPNKAGHI_01416,KAHEJOMD_01334,HMEEEBGO_00481,KGEHKDDB_01188,GMGKJONF_01243,HLLCJJMH_01237,BMKFACGC_01391,FHDKMCMF_01906
ubiE,ubiE,Ubiquinone/menaquinone biosynthesis C-methyltransferase UbiE,10,10,1.0,1,103,,,,711,711,711.0,JECDCPOO_01221,KDAEOHOB_01482,OPNKAGHI_01396,KAHEJOMD_01354,HMEEEBGO_00462,KGEHKDDB_01207,GMGKJONF_01262,HLLCJJMH_01256,BMKFACGC_01371,FHDKMCMF_01884
group_48,,hypothetical protein,10,11,1.1,1,101,,,,216,816,744.5454545454545,JECDCPOO_01938,KDAEOHOB_02208,OPNKAGHI_00586,KAHEJOMD_02075,HMEEEBGO_02431,KGEHKDDB_01985,GMGKJONF_02040,HLLCJJMH_02031,BMKFACGC_02048;BMKFACGC_02047,FHDKMCMF_01174
menI,;menI,hypothetical protein;14-dihydroxy-2-naphthoyl-CoA hydrolase,10,10,1.0,1,100,,,,135,366,342.9,JECDCPOO_00077,KDAEOHOB_00330,OPNKAGHI_00088,KAHEJOMD_00096,HMEEEBGO_01742,KGEHKDDB_00072,GMGKJONF_00099,HLLCJJMH_00117,BMKFACGC_00090,FHDKMCMF_00507
icaB_1~~~icaB,icaB_1;icaB,Poly-beta-16-N-acetyl-D-glucosamine N-deacetylase,10,10,1.0,1,99,,,,849,873,853.8,JECDCPOO_00301,KDAEOHOB_00560,OPNKAGHI_02356,KAHEJOMD_00333,HMEEEBGO_01502,KGEHKDDB_00299,GMGKJONF_00329,HLLCJJMH_00345,BMKFACGC_00333,FHDKMCMF_00280
group_46,,Calcium-transporting ATPase 1,10,10,1.0,1,97,,,,2607,2607,2607.0,JECDCPOO_01663,KDAEOHOB_01910,OPNKAGHI_00869,KAHEJOMD_01791,HMEEEBGO_02790,KGEHKDDB_01707,GMGKJONF_01761,HLLCJJMH_01748,BMKFACGC_01772,FHDKMCMF_01458
group_45,,hypothetical protein,10,10,1.0,1,96,,,,525,525,525.0,JECDCPOO_00870,KDAEOHOB_01151,OPNKAGHI_01756,KAHEJOMD_01014,HMEEEBGO_00889,KGEHKDDB_00875,GMGKJONF_00925,HLLCJJMH_00924,BMKFACGC_00950,FHDKMCMF_02220
clpB,clpB,Chaperone protein ClpB,10,10,1.0,1,95,,,,2613,2613,2613.0,JECDCPOO_01287,KDAEOHOB_01551,OPNKAGHI_01328,KAHEJOMD_01437,HMEEEBGO_00393,KGEHKDDB_01280,GMGKJONF_01326,HLLCJJMH_01346,BMKFACGC_01292,FHDKMCMF_01810
larC,larC,Pyridinium-35-bisthiocarboxylic acid mononucleotide nickel insertion protein,10,10,1.0,1,94,,,,1233,1233,1233.0,JECDCPOO_01970,KDAEOHOB_02240,OPNKAGHI_00553,KAHEJOMD_02107,HMEEEBGO_02399,KGEHKDDB_02017,GMGKJONF_02072,HLLCJJMH_02063,BMKFACGC_02082,FHDKMCMF_01142
adhE,adhE,Aldehyde-alcohol dehydrogenase,10,10,1.0,1,93,,,,2622,2622,2622.0,JECDCPOO_00140,KDAEOHOB_00396,OPNKAGHI_02538,KAHEJOMD_00163,HMEEEBGO_01677,KGEHKDDB_00134,GMGKJONF_00165,HLLCJJMH_00182,BMKFACGC_00153,FHDKMCMF_00445
psaA,;psaA,hypothetical protein;Manganese ABC transporter substrate-binding lipoprotein PsaA,10,11,1.1,1,92,,,,318,915,832.0909090909091,JECDCPOO_00612,KDAEOHOB_00871,OPNKAGHI_02037;OPNKAGHI_02038,KAHEJOMD_00654,HMEEEBGO_01182,KGEHKDDB_00622,GMGKJONF_00649,HLLCJJMH_00663,BMKFACGC_00655,FHDKMCMF_02473
group_44,,hypothetical protein,10,10,1.0,1,91,,,,579,858,830.1,JECDCPOO_00914,KDAEOHOB_01190,OPNKAGHI_01715,KAHEJOMD_01057,HMEEEBGO_00846,KGEHKDDB_00914,GMGKJONF_00967,HLLCJJMH_00963,BMKFACGC_00996,FHDKMCMF_02181
graF,;graF,hypothetical protein;Gamma-resorcylate decarboxylase,10,11,1.1,1,89,,,,303,945,859.0909090909091,JECDCPOO_00596,KDAEOHOB_00855,OPNKAGHI_02054,KAHEJOMD_00638;KAHEJOMD_00637,HMEEEBGO_01198,KGEHKDDB_00606,GMGKJONF_00633,HLLCJJMH_00644,BMKFACGC_00639,FHDKMCMF_02489
group_42,,hypothetical protein,10,10,1.0,1,88,,,,1140,1359,1337.1,JECDCPOO_00522,KDAEOHOB_00782,OPNKAGHI_02134,KAHEJOMD_00560,HMEEEBGO_01275,KGEHKDDB_00521,GMGKJONF_00556,HLLCJJMH_00566,BMKFACGC_00560,FHDKMCMF_00057
alaS,alaS,Alanine--tRNA ligase,10,10,1.0,1,87,,,,2640,2640,2640.0,JECDCPOO_00862,KDAEOHOB_01143,OPNKAGHI_01764,KAHEJOMD_01006,HMEEEBGO_00897,KGEHKDDB_00867,GMGKJONF_00917,HLLCJJMH_00916,BMKFACGC_00942,FHDKMCMF_02228
lysN_1~~~lysN_2,lysN_1;;lysN_2,2-aminoadipate transaminase;hypothetical protein,10,11,1.1,1,86,,,,474,1218,1102.6363636363637,JECDCPOO_02231,KDAEOHOB_02475;KDAEOHOB_02476,OPNKAGHI_00307,KAHEJOMD_02360,HMEEEBGO_02136,KGEHKDDB_02251,GMGKJONF_02316,HLLCJJMH_02335,BMKFACGC_02325,FHDKMCMF_00904
polA,polA,DNA polymerase I,10,10,1.0,1,83,,,,2661,2661,2661.0,JECDCPOO_00974,KDAEOHOB_01249,OPNKAGHI_01653,KAHEJOMD_01116,HMEEEBGO_00698,KGEHKDDB_00973,GMGKJONF_01026,HLLCJJMH_01022,BMKFACGC_01592,FHDKMCMF_02122
valS,valS,Valine--tRNA ligase,10,10,1.0,1,82,,,,2667,2667,2667.0,JECDCPOO_00832,KDAEOHOB_01113,OPNKAGHI_01796,KAHEJOMD_00976,HMEEEBGO_00927,KGEHKDDB_00837,GMGKJONF_00887,HLLCJJMH_00886,BMKFACGC_00912,FHDKMCMF_02258
mutS,mutS,DNA mismatch repair protein MutS,10,10,1.0,1,81,,,,2679,2679,2679.0,JECDCPOO_00852,KDAEOHOB_01133,OPNKAGHI_01775,KAHEJOMD_00996,HMEEEBGO_00907,KGEHKDDB_00857,GMGKJONF_00907,HLLCJJMH_00906,BMKFACGC_00932,FHDKMCMF_02238
group_39,,hypothetical protein,10,10,1.0,1,80,,,,93,93,93.0,JECDCPOO_00300,KDAEOHOB_00559,OPNKAGHI_02357,KAHEJOMD_00332,HMEEEBGO_01503,KGEHKDDB_00298,GMGKJONF_00328,HLLCJJMH_00344,BMKFACGC_00332,FHDKMCMF_00281
trePP,trePP,Trehalose 6-phosphate phosphorylase,10,10,1.0,1,78,,,,2715,2715,2715.0,JECDCPOO_01534,KDAEOHOB_01875,OPNKAGHI_01070,KAHEJOMD_01752,HMEEEBGO_02829,KGEHKDDB_01668,GMGKJONF_01722,HLLCJJMH_01709,BMKFACGC_01636,FHDKMCMF_01497
clpY,clpY,ATP-dependent protease ATPase subunit ClpY,10,10,1.0,1,74,,,,1431,1485,1436.4,JECDCPOO_01245,KDAEOHOB_01509,OPNKAGHI_01367,KAHEJOMD_01380,HMEEEBGO_00435,KGEHKDDB_01234,GMGKJONF_01287,HLLCJJMH_01290,BMKFACGC_01343,FHDKMCMF_01857
ydgH,ydgH,Putative membrane protein YdgH,10,10,1.0,1,73,,,,2763,2763,2763.0,JECDCPOO_01923,KDAEOHOB_02193,OPNKAGHI_00605,KAHEJOMD_02060,HMEEEBGO_02446,KGEHKDDB_01970,GMGKJONF_02025,HLLCJJMH_02016,BMKFACGC_02030,FHDKMCMF_01189
group_33,,hypothetical protein,10,10,1.0,1,70,,,,966,1032,1018.8,JECDCPOO_00422,KDAEOHOB_00680,OPNKAGHI_02229,KAHEJOMD_00458,HMEEEBGO_01380,KGEHKDDB_00419,GMGKJONF_00454,HLLCJJMH_00465,BMKFACGC_00460,FHDKMCMF_00160
ileS,ileS,isoleucine--tRNA ligase IleS,10,10,1.0,1,69,,,,2814,2814,2814.0,JECDCPOO_01455,KDAEOHOB_01795,OPNKAGHI_01156,KAHEJOMD_01605,HMEEEBGO_00082,KGEHKDDB_01527,GMGKJONF_01577,HLLCJJMH_01627,BMKFACGC_01113,FHDKMCMF_01645
abfA_2~~~abfA_3,abfA_2;abfA_3,Intracellular exo-alpha-(1->5)-L-arabinofuranosidase,10,11,1.1,1,67,,,,411,1506,1359.5454545454545,JECDCPOO_02395,KDAEOHOB_00148,OPNKAGHI_00161,KAHEJOMD_02512;KAHEJOMD_02511,HMEEEBGO_01934,KGEHKDDB_02424,GMGKJONF_02470,HLLCJJMH_02538,BMKFACGC_02493,FHDKMCMF_00736
uvrA_2,uvrA_2,UvrABC system protein A,10,10,1.0,1,66,,,,2856,2856,2856.0,JECDCPOO_00694,KDAEOHOB_00958,OPNKAGHI_01950,KAHEJOMD_00745,HMEEEBGO_01095,KGEHKDDB_00704,GMGKJONF_00737,HLLCJJMH_00746,BMKFACGC_00744,FHDKMCMF_02391
tkt~~~tkt_1,tkt;;tkt_1,Transketolase;hypothetical protein,10,12,1.2,1,65,,,,285,2025,1694.0,JECDCPOO_01434,KDAEOHOB_01774,OPNKAGHI_01180;OPNKAGHI_01179,KAHEJOMD_01583;KAHEJOMD_01582,HMEEEBGO_00104,KGEHKDDB_01506,GMGKJONF_01555,HLLCJJMH_01606,BMKFACGC_01135,FHDKMCMF_01666
pucK,pucK,Uric acid permease PucK,10,10,1.0,1,64,,,,1404,1497,1413.3,JECDCPOO_01957,KDAEOHOB_02227,OPNKAGHI_00566,KAHEJOMD_02094,HMEEEBGO_02412,KGEHKDDB_02004,GMGKJONF_02059,HLLCJJMH_02050,BMKFACGC_02069,FHDKMCMF_01155
group_32,,hypothetical protein,10,10,1.0,1,62,,,,465,564,554.1,JECDCPOO_01833,KDAEOHOB_02100,OPNKAGHI_00696,KAHEJOMD_01961,HMEEEBGO_02617,KGEHKDDB_01872,GMGKJONF_01928,HLLCJJMH_01917,BMKFACGC_01940,FHDKMCMF_01290
group_29,,hypothetical protein,10,10,1.0,1,58,,,,738,816,808.2,JECDCPOO_01042,KDAEOHOB_01317,OPNKAGHI_01581,KAHEJOMD_01184,HMEEEBGO_00630,KGEHKDDB_01041,GMGKJONF_01094,HLLCJJMH_01090,BMKFACGC_01517,FHDKMCMF_02054
group_27,,hypothetical protein,10,10,1.0,1,55,,,,3018,3018,3018.0,JECDCPOO_00778,KDAEOHOB_01039,OPNKAGHI_01851,KAHEJOMD_00842,HMEEEBGO_01002,KGEHKDDB_00783,GMGKJONF_00833,HLLCJJMH_00829,BMKFACGC_00851,FHDKMCMF_02312
asnS,asnS,Asparagine--tRNA ligase,10,10,1.0,1,54,,,,1557,1623,1570.2,JECDCPOO_02153,KDAEOHOB_02400,OPNKAGHI_00395,KAHEJOMD_02273,HMEEEBGO_02235,KGEHKDDB_02179,GMGKJONF_02237,HLLCJJMH_02233,BMKFACGC_02261,FHDKMCMF_00975
gltX_2~~~gltX_1,gltX_2;gltX_1,Glutamate--tRNA ligase,10,11,1.1,1,53,,,,561,1512,1368.0,JECDCPOO_00093,KDAEOHOB_00346,OPNKAGHI_00105,KAHEJOMD_00112,HMEEEBGO_01726,KGEHKDDB_00088,GMGKJONF_00115,HLLCJJMH_00133;HLLCJJMH_00134,BMKFACGC_00107,FHDKMCMF_00491
degA~~~malR_1,degA;malR_1,HTH-type transcriptional regulator DegA;HTH-type transcriptional regulator MalR,10,11,1.1,1,52,,,,291,1008,912.5454545454545,JECDCPOO_01436,KDAEOHOB_01776,OPNKAGHI_01176;OPNKAGHI_01177,KAHEJOMD_01585,HMEEEBGO_00102,KGEHKDDB_01508,GMGKJONF_01557,HLLCJJMH_01608,BMKFACGC_01133,FHDKMCMF_01664
group_26,,hypothetical protein,10,10,1.0,1,51,,,,3117,3117,3117.0,JECDCPOO_02468,KDAEOHOB_00223,OPNKAGHI_02612,KAHEJOMD_02593,HMEEEBGO_01860,KGEHKDDB_02503,GMGKJONF_02546,HLLCJJMH_02595,BMKFACGC_02579,FHDKMCMF_00653
dppA_6~~~dppA_7,;dppA_6;dppA_7,hypothetical protein;Dipeptide-binding protein,10,11,1.1,1,50,,,,156,1626,1471.090909090909,JECDCPOO_01881;JECDCPOO_01882,KDAEOHOB_02153,OPNKAGHI_00644,KAHEJOMD_02020,HMEEEBGO_02486,KGEHKDDB_01929,GMGKJONF_01980,HLLCJJMH_01975,BMKFACGC_01990,FHDKMCMF_01229
egtUBC,egtUBC,putative ergothioneine transporter EgtUBC,10,10,1.0,1,48,,,,1356,1521,1504.5,JECDCPOO_00283,KDAEOHOB_00541,OPNKAGHI_02381,KAHEJOMD_00315,HMEEEBGO_01519,KGEHKDDB_00281,GMGKJONF_00311,HLLCJJMH_00327,BMKFACGC_00315,FHDKMCMF_00298
ptpB_2~~~ptpB_1,ptpB_2;ptpB_1,Triple specificity protein phosphatase PtpB,10,10,1.0,1,47,,,,795,822,816.6,JECDCPOO_00252,KDAEOHOB_00510,OPNKAGHI_02412,KAHEJOMD_00289,HMEEEBGO_01550,KGEHKDDB_00250,GMGKJONF_00285,HLLCJJMH_00295,BMKFACGC_00279,FHDKMCMF_00329
group_24,,hypothetical protein,10,11,1.1,1,45,,,,258,531,482.1818181818182,JECDCPOO_02464,KDAEOHOB_00219,OPNKAGHI_02606,KAHEJOMD_02589,HMEEEBGO_01864,KGEHKDDB_02499,GMGKJONF_02541;GMGKJONF_02542,HLLCJJMH_02591,BMKFACGC_02575,FHDKMCMF_00657
group_22,,hypothetical protein,10,10,1.0,1,42,,,,3291,3291,3291.0,JECDCPOO_01291,KDAEOHOB_01555,OPNKAGHI_01324,KAHEJOMD_01441,HMEEEBGO_00389,KGEHKDDB_01284,GMGKJONF_01330,HLLCJJMH_01350,BMKFACGC_01288,FHDKMCMF_01806
group_21,,hypothetical protein,10,10,1.0,1,41,,,,129,129,129.0,JECDCPOO_00690,KDAEOHOB_00954,OPNKAGHI_01954,KAHEJOMD_00741,HMEEEBGO_01099,KGEHKDDB_00700,GMGKJONF_00733,HLLCJJMH_00742,BMKFACGC_00740,FHDKMCMF_02395
ftsL,ftsL,Cell division protein FtsL,10,10,1.0,1,39,,,,396,396,396.0,JECDCPOO_01467,KDAEOHOB_01807,OPNKAGHI_01144,KAHEJOMD_01617,HMEEEBGO_00070,KGEHKDDB_01539,GMGKJONF_01590,HLLCJJMH_01640,BMKFACGC_01101,FHDKMCMF_01633
dnaE,dnaE,DNA polymerase III subunit alpha,10,10,1.0,1,38,,,,3366,3366,3366.0,JECDCPOO_01286,KDAEOHOB_01550,OPNKAGHI_01329,KAHEJOMD_01436,HMEEEBGO_00394,KGEHKDDB_01279,GMGKJONF_01325,HLLCJJMH_01345,BMKFACGC_01293,FHDKMCMF_01811
yhfP~~~acuI,yhfP;acuI,Putative quinone oxidoreductase YhfP;Acrylyl-CoA reductase AcuI,10,10,1.0,1,37,,,,945,945,945.0,JECDCPOO_01214,KDAEOHOB_01475,OPNKAGHI_01403,KAHEJOMD_01347,HMEEEBGO_00469,KGEHKDDB_01200,GMGKJONF_01255,HLLCJJMH_01249,BMKFACGC_01378,FHDKMCMF_01893
rsmE,rsmE,Ribosomal RNA small subunit methyltransferase E,10,10,1.0,1,36,,,,627,753,740.4,JECDCPOO_01323,KDAEOHOB_01586,OPNKAGHI_01291,KAHEJOMD_01472,HMEEEBGO_00358,KGEHKDDB_01315,GMGKJONF_01361,HLLCJJMH_01381,BMKFACGC_01257,FHDKMCMF_01775
mfd,mfd,Transcription-repair-coupling factor,10,10,1.0,1,35,,,,3543,3543,3543.0,JECDCPOO_00562,KDAEOHOB_00822,OPNKAGHI_02089,KAHEJOMD_00603,HMEEEBGO_01233,KGEHKDDB_00572,GMGKJONF_00598,HLLCJJMH_00609,BMKFACGC_00602,FHDKMCMF_00015
katA_2~~~katA_1~~~katA,katA_2;katA_1;katA,Vegetative catalase,10,11,1.1,1,34,,,,492,1467,1338.8181818181818,JECDCPOO_01118,KDAEOHOB_01385,OPNKAGHI_01507;OPNKAGHI_01508,KAHEJOMD_01252,HMEEEBGO_00561,KGEHKDDB_01110,GMGKJONF_01163,HLLCJJMH_01159,BMKFACGC_01443,FHDKMCMF_01984
group_19,,hypothetical protein,10,10,1.0,1,33,,,,1002,1002,1002.0,JECDCPOO_02448,KDAEOHOB_00201,OPNKAGHI_02586,KAHEJOMD_02572,HMEEEBGO_01880,KGEHKDDB_02483,GMGKJONF_02524,HLLCJJMH_02574,BMKFACGC_02559,FHDKMCMF_00673
rpoB,rpoB,DNA-directed RNA polymerase subunit beta RpoB,10,10,1.0,1,32,,,,3612,3612,3612.0,JECDCPOO_01811,KDAEOHOB_02078,OPNKAGHI_00718,KAHEJOMD_01938,HMEEEBGO_02639,KGEHKDDB_01850,GMGKJONF_01906,HLLCJJMH_01895,BMKFACGC_01918,FHDKMCMF_01313
degV_1~~~degV_4,degV_1;;degV_4,Protein DegV;hypothetical protein,10,11,1.1,1,31,,,,261,891,810.2727272727273,JECDCPOO_01905,KDAEOHOB_02175,OPNKAGHI_00618;OPNKAGHI_00619,KAHEJOMD_02042,HMEEEBGO_02464,KGEHKDDB_01951,GMGKJONF_02007,HLLCJJMH_01997,BMKFACGC_02012,FHDKMCMF_01207
rpoC,rpoC,DNA-directed RNA polymerase subunit beta RpoC,10,10,1.0,1,30,,,,3648,3648,3648.0,JECDCPOO_01810,KDAEOHOB_02077,OPNKAGHI_00719,KAHEJOMD_01937,HMEEEBGO_02640,KGEHKDDB_01849,GMGKJONF_01905,HLLCJJMH_01894,BMKFACGC_01917,FHDKMCMF_01314
group_17,,hypothetical protein,10,10,1.0,1,28,,,,705,846,831.9,JECDCPOO_00815,KDAEOHOB_01096,OPNKAGHI_01814,KAHEJOMD_00959,HMEEEBGO_00944,KGEHKDDB_00820,GMGKJONF_00870,HLLCJJMH_00868,BMKFACGC_00894,FHDKMCMF_02275
cshB_2~~~cshB_1~~~cshB,cshB_2;cshB_1;cshB,DEAD-box ATP-dependent RNA helicase CshB,10,11,1.1,1,26,,,,495,1359,1235.7272727272727,JECDCPOO_00861,KDAEOHOB_01142,OPNKAGHI_01766;OPNKAGHI_01765,KAHEJOMD_01005,HMEEEBGO_00898,KGEHKDDB_00866,GMGKJONF_00916,HLLCJJMH_00915,BMKFACGC_00941,FHDKMCMF_02229
group_15,,Fluoroquinolones export ATP-binding protein,10,10,1.0,1,25,,,,852,852,852.0,JECDCPOO_00506,KDAEOHOB_00766,OPNKAGHI_02152,KAHEJOMD_00544,HMEEEBGO_01291,KGEHKDDB_00505,GMGKJONF_00540,HLLCJJMH_00550,BMKFACGC_00542,FHDKMCMF_00073
pgl,pgl,6-phosphogluconolactonase,10,10,1.0,1,24,,,,1044,1044,1044.0,JECDCPOO_01990,KDAEOHOB_02261,OPNKAGHI_00532,KAHEJOMD_02128,HMEEEBGO_02376,KGEHKDDB_02038,GMGKJONF_02096,HLLCJJMH_02086,BMKFACGC_02106,FHDKMCMF_01119
polC_2,polC_2,DNA polymerase III PolC-type,10,10,1.0,1,22,,,,4338,4338,4338.0,JECDCPOO_01352,KDAEOHOB_01691,OPNKAGHI_01263,KAHEJOMD_01501,HMEEEBGO_00249,KGEHKDDB_01425,GMGKJONF_01473,HLLCJJMH_01410,BMKFACGC_01222,FHDKMCMF_01747
gla,gla,Glycerol facilitator-aquaporin gla,10,10,1.0,1,21,,,,669,729,680.4,JECDCPOO_01972,KDAEOHOB_02242,OPNKAGHI_00551,KAHEJOMD_02109,HMEEEBGO_02397,KGEHKDDB_02019,GMGKJONF_02074,HLLCJJMH_02065,BMKFACGC_02084,FHDKMCMF_01140
group_13,,hypothetical protein,10,10,1.0,1,20,,,,291,291,291.0,JECDCPOO_02068,KDAEOHOB_02336,OPNKAGHI_00460,KAHEJOMD_02205,HMEEEBGO_02299,KGEHKDDB_02115,GMGKJONF_02171,HLLCJJMH_02168,BMKFACGC_02189,FHDKMCMF_01043
group_12,,hypothetical protein,10,10,1.0,1,19,,,,1044,1044,1044.0,JECDCPOO_01933,KDAEOHOB_02203,OPNKAGHI_00591,KAHEJOMD_02070,HMEEEBGO_02436,KGEHKDDB_01980,GMGKJONF_02035,HLLCJJMH_02026,BMKFACGC_02042,FHDKMCMF_01179
group_9,,hypothetical protein,10,10,1.0,1,16,,,,489,489,489.0,JECDCPOO_02339,KDAEOHOB_00089,OPNKAGHI_00197,KAHEJOMD_02458,HMEEEBGO_01986,KGEHKDDB_02366,GMGKJONF_02410,HLLCJJMH_02445,BMKFACGC_02428,FHDKMCMF_00799
galT_2~~~galT_1~~~galT,galT_2;galT_1;galT,Galactose-1-phosphate uridylyltransferase,10,11,1.1,1,15,,,,636,1464,1331.1818181818182,JECDCPOO_02016,KDAEOHOB_02282,OPNKAGHI_00513,KAHEJOMD_02153,HMEEEBGO_02352,KGEHKDDB_02062,GMGKJONF_02115;GMGKJONF_02116,HLLCJJMH_02115,BMKFACGC_02135,FHDKMCMF_01095
group_8,,hypothetical protein,10,10,1.0,1,14,,,,600,663,656.7,JECDCPOO_00834,KDAEOHOB_01115,OPNKAGHI_01794,KAHEJOMD_00978,HMEEEBGO_00925,KGEHKDDB_00839,GMGKJONF_00889,HLLCJJMH_00888,BMKFACGC_00914,FHDKMCMF_02256
yidD,yidD;,Putative membrane protein insertion efficiency factor,10,10,1.0,1,12,,,,300,315,301.5,JECDCPOO_00811,KDAEOHOB_01092,OPNKAGHI_01818,KAHEJOMD_00955,HMEEEBGO_00948,KGEHKDDB_00816,GMGKJONF_00866,HLLCJJMH_00864,BMKFACGC_00890,FHDKMCMF_02279
group_5,,hypothetical protein,10,10,1.0,1,10,,,,1044,1044,1044.0,JECDCPOO_00607,KDAEOHOB_00866,OPNKAGHI_02043,KAHEJOMD_00649,HMEEEBGO_01187,KGEHKDDB_00617,GMGKJONF_00644,HLLCJJMH_00658,BMKFACGC_00650,FHDKMCMF_02478
group_4,,hypothetical protein,10,10,1.0,1,8,,,,417,417,417.0,JECDCPOO_00281,KDAEOHOB_00539,OPNKAGHI_02383,KAHEJOMD_00313,HMEEEBGO_01521,KGEHKDDB_00279,GMGKJONF_00309,HLLCJJMH_00325,BMKFACGC_00312,FHDKMCMF_00300
dapE_2,dapE_2,putative succinyl-diaminopimelate desuccinylase,10,10,1.0,1,7,,,,1158,1236,1228.2,JECDCPOO_00279,KDAEOHOB_00537,OPNKAGHI_02385,KAHEJOMD_00311,HMEEEBGO_01523,KGEHKDDB_00277,GMGKJONF_00307,HLLCJJMH_00323,BMKFACGC_00309,FHDKMCMF_00302
elaA_2,elaA_2,Protein ElaA,10,10,1.0,1,4,,,,444,444,444.0,JECDCPOO_00234,KDAEOHOB_00492,OPNKAGHI_02436,KAHEJOMD_00272,HMEEEBGO_01568,KGEHKDDB_00232,GMGKJONF_00268,HLLCJJMH_00278,BMKFACGC_00259,FHDKMCMF_00346
nhaK_1,nhaK_1;,Sodium potassium lithium and rubidium/H(+) antiporter;hypothetical protein,9,10,1.1111111111111112,1,4662,,,,201,1608,1448.7,JECDCPOO_00449,KDAEOHOB_00707,,KAHEJOMD_00485,HMEEEBGO_01353,KGEHKDDB_00447,GMGKJONF_00482,HLLCJJMH_00492,BMKFACGC_00474;BMKFACGC_00475,FHDKMCMF_00133
group_3073,,hypothetical protein,9,9,1.0,1,4629,,,,537,537,537.0,JECDCPOO_02360,KDAEOHOB_00111,,KAHEJOMD_02480,HMEEEBGO_01962,KGEHKDDB_02387,GMGKJONF_02439,HLLCJJMH_02467,BMKFACGC_02455,FHDKMCMF_00777
group_3067,,hypothetical protein,9,9,1.0,1,4617,,,,267,267,267.0,JECDCPOO_00284,KDAEOHOB_00542,OPNKAGHI_02380,KAHEJOMD_00316,,KGEHKDDB_00282,GMGKJONF_00312,HLLCJJMH_00328,BMKFACGC_00316,FHDKMCMF_00297
group_3066,,hypothetical protein,9,9,1.0,1,4616,,,,207,207,207.0,JECDCPOO_01480,KDAEOHOB_01820,,KAHEJOMD_01630,HMEEEBGO_00057,KGEHKDDB_01552,GMGKJONF_01603,HLLCJJMH_01653,BMKFACGC_01088,FHDKMCMF_01620
assT_1,;assT_1,hypothetical protein;Arylsulfate sulfotransferase AssT,9,10,1.1111111111111112,1,4610,,,,309,1722,1550.1,JECDCPOO_00440,KDAEOHOB_00698,OPNKAGHI_02221;OPNKAGHI_02220,KAHEJOMD_00476,HMEEEBGO_01362,KGEHKDDB_00437,GMGKJONF_00473,HLLCJJMH_00483,,FHDKMCMF_00142
group_3060,,hypothetical protein,9,9,1.0,1,4599,,,,345,345,345.0,JECDCPOO_02107,KDAEOHOB_02375,,KAHEJOMD_02246,HMEEEBGO_02260,KGEHKDDB_02154,GMGKJONF_02210,HLLCJJMH_02208,BMKFACGC_02233,FHDKMCMF_01001
group_2955,cfa_2,Cyclopropane-fatty-acyl-phospholipid synthase,9,9,1.0,1,4476,,,,1185,1185,1185.0,JECDCPOO_01330,,OPNKAGHI_01057,KAHEJOMD_01479,HMEEEBGO_00351,KGEHKDDB_01322,GMGKJONF_01368,HLLCJJMH_01388,BMKFACGC_01248,FHDKMCMF_01768
group_2857,,hypothetical protein,9,10,1.1111111111111112,1,4372,,,,342,714,635.1,JECDCPOO_00441,KDAEOHOB_00699,OPNKAGHI_02219,KAHEJOMD_00477,HMEEEBGO_01361,KGEHKDDB_00439;KGEHKDDB_00438,GMGKJONF_00474,HLLCJJMH_00484,,FHDKMCMF_00141
group_2606,,hypothetical protein,9,9,1.0,1,4075,,,,303,303,303.0,JECDCPOO_02249,KDAEOHOB_02494,,KAHEJOMD_02378,HMEEEBGO_02118,KGEHKDDB_02270,GMGKJONF_02335,HLLCJJMH_02359,BMKFACGC_02345,FHDKMCMF_00885
group_2533,,hypothetical protein,9,9,1.0,1,4001,,,,516,516,516.0,JECDCPOO_00357,KDAEOHOB_00615,OPNKAGHI_02297,KAHEJOMD_00389,HMEEEBGO_01445,KGEHKDDB_00355,GMGKJONF_00388,HLLCJJMH_00401,,FHDKMCMF_00224
group_2372,,hypothetical protein,9,9,1.0,1,3814,,,,204,204,204.0,JECDCPOO_01130,KDAEOHOB_01397,,KAHEJOMD_01265,HMEEEBGO_00548,KGEHKDDB_01122,GMGKJONF_01175,HLLCJJMH_01171,BMKFACGC_01431,FHDKMCMF_01972
group_2236,,hypothetical protein,9,9,1.0,1,3661,,,,252,252,252.0,JECDCPOO_01139,KDAEOHOB_01406,OPNKAGHI_01478,KAHEJOMD_01275,HMEEEBGO_00538,KGEHKDDB_01131,GMGKJONF_01184,HLLCJJMH_01180,,FHDKMCMF_01963
group_2210,,hypothetical protein,9,9,1.0,1,3633,,,,258,258,258.0,JECDCPOO_01142,KDAEOHOB_01409,OPNKAGHI_01475,KAHEJOMD_01278,HMEEEBGO_00535,KGEHKDDB_01134,GMGKJONF_01187,HLLCJJMH_01183,,FHDKMCMF_01960
group_2202,,hypothetical protein,9,9,1.0,1,3625,,,,261,261,261.0,JECDCPOO_01140,KDAEOHOB_01407,OPNKAGHI_01477,KAHEJOMD_01276,HMEEEBGO_00537,KGEHKDDB_01132,GMGKJONF_01185,HLLCJJMH_01181,,FHDKMCMF_01962
group_2162,,hypothetical protein,9,9,1.0,1,3570,,,,1239,1239,1239.0,JECDCPOO_00401,KDAEOHOB_00658,,KAHEJOMD_00432,HMEEEBGO_01402,KGEHKDDB_00398,GMGKJONF_00433,HLLCJJMH_00444,BMKFACGC_00439,FHDKMCMF_00181
group_2106,,hypothetical protein,9,9,1.0,1,3500,,,,300,300,300.0,JECDCPOO_01514,KDAEOHOB_01855,,KAHEJOMD_01664,HMEEEBGO_00023,KGEHKDDB_01587,GMGKJONF_01637,HLLCJJMH_01688,BMKFACGC_01053,FHDKMCMF_01585
group_2001,,hypothetical protein,9,9,1.0,1,3372,,,,339,339,339.0,JECDCPOO_02027,KDAEOHOB_02293,,KAHEJOMD_02164,HMEEEBGO_02341,KGEHKDDB_02073,GMGKJONF_02127,HLLCJJMH_02126,BMKFACGC_02147,FHDKMCMF_01084
group_1975,,hypothetical protein,9,9,1.0,1,3339,,,,1068,1572,1505.0,JECDCPOO_00984,KDAEOHOB_01259,OPNKAGHI_01643,,HMEEEBGO_00688,KGEHKDDB_00983,GMGKJONF_01036,HLLCJJMH_01032,BMKFACGC_01579,FHDKMCMF_02112
group_1924,,hypothetical protein,9,9,1.0,1,3275,,,,363,363,363.0,JECDCPOO_01912,KDAEOHOB_02182,,KAHEJOMD_02049,HMEEEBGO_02457,KGEHKDDB_01959,GMGKJONF_02014,HLLCJJMH_02005,BMKFACGC_02019,FHDKMCMF_01200
group_1841,,hypothetical protein,9,9,1.0,1,3170,,,,393,393,393.0,JECDCPOO_02359,KDAEOHOB_00110,,KAHEJOMD_02479,HMEEEBGO_01963,KGEHKDDB_02386,GMGKJONF_02438,HLLCJJMH_02466,BMKFACGC_02453,FHDKMCMF_00778
group_1814,,putative HTH-type transcriptional regulator,9,9,1.0,1,3128,,,,405,405,405.0,JECDCPOO_01098,KDAEOHOB_01372,,KAHEJOMD_01239,HMEEEBGO_00574,KGEHKDDB_01097,GMGKJONF_01150,HLLCJJMH_01146,BMKFACGC_01460,FHDKMCMF_01998
lsrR,;lsrR,hypothetical protein;Transcriptional regulator LsrR,9,10,1.1111111111111112,1,3057,,,,408,954,852.6,JECDCPOO_00428,KDAEOHOB_00686,,KAHEJOMD_00464,HMEEEBGO_01374,KGEHKDDB_00425,GMGKJONF_00460;GMGKJONF_00461,HLLCJJMH_00471,BMKFACGC_00466,FHDKMCMF_00154
group_1717,,hypothetical protein,9,9,1.0,1,2996,,,,453,453,453.0,JECDCPOO_02346,KDAEOHOB_00097,,KAHEJOMD_02465,HMEEEBGO_01979,KGEHKDDB_02373,GMGKJONF_02417,HLLCJJMH_02452,BMKFACGC_02440,FHDKMCMF_00792
group_1714,,hypothetical protein,9,9,1.0,1,2993,,,,453,453,453.0,JECDCPOO_01104,KDAEOHOB_01378,,KAHEJOMD_01245,HMEEEBGO_00568,KGEHKDDB_01103,GMGKJONF_01156,HLLCJJMH_01152,BMKFACGC_01453,FHDKMCMF_01991
group_1690,,hypothetical protein,9,9,1.0,1,2966,,,,216,219,216.33333333333334,JECDCPOO_00439,KDAEOHOB_00697,OPNKAGHI_02222,KAHEJOMD_00475,HMEEEBGO_01363,KGEHKDDB_00436,GMGKJONF_00472,HLLCJJMH_00482,,FHDKMCMF_00143
group_1680,,hypothetical protein,9,9,1.0,1,2954,,,,468,468,468.0,JECDCPOO_02432,KDAEOHOB_00187,,KAHEJOMD_02557,HMEEEBGO_01894,KGEHKDDB_02463,GMGKJONF_02510,HLLCJJMH_02498,BMKFACGC_02545,FHDKMCMF_00695
group_1664,,hypothetical protein,9,9,1.0,1,2931,,,,474,474,474.0,JECDCPOO_02441,KDAEOHOB_00194,,KAHEJOMD_02565,HMEEEBGO_01887,KGEHKDDB_02476,GMGKJONF_02517,HLLCJJMH_02567,BMKFACGC_02552,FHDKMCMF_00680
ribH,ribH,67-dimethyl-8-ribityllumazine synthase,9,9,1.0,1,2927,,,,474,474,474.0,JECDCPOO_01765,KDAEOHOB_02032,,KAHEJOMD_01892,HMEEEBGO_02685,KGEHKDDB_01804,GMGKJONF_01860,HLLCJJMH_01849,BMKFACGC_01870,FHDKMCMF_01359
group_1638,,hypothetical protein,9,9,1.0,1,2890,,,,486,486,486.0,JECDCPOO_01844,KDAEOHOB_02111,,KAHEJOMD_01972,HMEEEBGO_02605,KGEHKDDB_01883,GMGKJONF_01939,HLLCJJMH_01928,BMKFACGC_01951,FHDKMCMF_01279
group_1636,,hypothetical protein,9,9,1.0,1,2887,,,,486,486,486.0,JECDCPOO_01117,KDAEOHOB_01384,,KAHEJOMD_01251,HMEEEBGO_00562,KGEHKDDB_01109,GMGKJONF_01162,HLLCJJMH_01158,BMKFACGC_01444,FHDKMCMF_01985
group_1635,,hypothetical protein,9,9,1.0,1,2886,,,,486,486,486.0,JECDCPOO_01099,KDAEOHOB_01373,,KAHEJOMD_01240,HMEEEBGO_00573,KGEHKDDB_01098,GMGKJONF_01151,HLLCJJMH_01147,BMKFACGC_01459,FHDKMCMF_01997
group_1573,,hypothetical protein,9,9,1.0,1,2802,,,,159,159,159.0,JECDCPOO_00880,KDAEOHOB_01156,OPNKAGHI_01751,KAHEJOMD_01024,HMEEEBGO_00879,KGEHKDDB_00880,,HLLCJJMH_00929,BMKFACGC_00961,FHDKMCMF_02215
group_1548,,hypothetical protein,9,9,1.0,1,2766,,,,531,531,531.0,JECDCPOO_02348,KDAEOHOB_00099,,KAHEJOMD_02467,HMEEEBGO_01977,KGEHKDDB_02375,GMGKJONF_02419,HLLCJJMH_02454,BMKFACGC_02442,FHDKMCMF_00790
group_1547,,hypothetical protein,9,9,1.0,1,2765,,,,531,531,531.0,JECDCPOO_01407,KDAEOHOB_01747,,KAHEJOMD_01555,HMEEEBGO_00132,KGEHKDDB_01479,GMGKJONF_01528,HLLCJJMH_01579,BMKFACGC_01164,FHDKMCMF_01693
group_1493,,hypothetical protein,9,9,1.0,1,2682,,,,558,558,558.0,JECDCPOO_00088,KDAEOHOB_00341,,KAHEJOMD_00107,HMEEEBGO_01731,KGEHKDDB_00083,GMGKJONF_00110,HLLCJJMH_00128,BMKFACGC_00102,FHDKMCMF_00496
lpdB,lpdB,Flavin prenyltransferase LpdB,9,9,1.0,1,2668,,,,564,564,564.0,JECDCPOO_02102,KDAEOHOB_02370,,KAHEJOMD_02241,HMEEEBGO_02265,KGEHKDDB_02149,GMGKJONF_02205,HLLCJJMH_02202,BMKFACGC_02228,FHDKMCMF_01006
group_1479,,hypothetical protein,9,9,1.0,1,2659,,,,567,567,567.0,JECDCPOO_00232,KDAEOHOB_00490,,KAHEJOMD_00270,HMEEEBGO_01570,KGEHKDDB_00230,GMGKJONF_00266,HLLCJJMH_00276,BMKFACGC_00257,FHDKMCMF_00348
ribE,ribE,Riboflavin synthase,9,9,1.0,1,2569,,,,606,606,606.0,JECDCPOO_01767,KDAEOHOB_02034,,KAHEJOMD_01894,HMEEEBGO_02683,KGEHKDDB_01806,GMGKJONF_01862,HLLCJJMH_01851,BMKFACGC_01872,FHDKMCMF_01357
group_1405,,hypothetical protein,9,9,1.0,1,2547,,,,615,615,615.0,JECDCPOO_00121,KDAEOHOB_00375,,KAHEJOMD_00138,HMEEEBGO_01698,KGEHKDDB_00113,GMGKJONF_00141,HLLCJJMH_00160,BMKFACGC_00132,FHDKMCMF_00466
azoR,azoR,FMN-dependent NADH:quinone oxidoreductase,9,9,1.0,1,2526,,,,624,624,624.0,JECDCPOO_02433,KDAEOHOB_00188,,KAHEJOMD_02558,HMEEEBGO_01893,KGEHKDDB_02464,GMGKJONF_02511,HLLCJJMH_02497,BMKFACGC_02546,FHDKMCMF_00694
rhaS_1,rhaS_1,HTH-type transcriptional activator RhaS,9,9,1.0,1,2500,,,,816,816,816.0,JECDCPOO_00403,KDAEOHOB_00660,,KAHEJOMD_00434,HMEEEBGO_01400,KGEHKDDB_00400,GMGKJONF_00435,HLLCJJMH_00446,BMKFACGC_00441,FHDKMCMF_00179
group_1371,,hypothetical protein,9,9,1.0,1,2490,,,,636,636,636.0,JECDCPOO_00089,KDAEOHOB_00342,,KAHEJOMD_00108,HMEEEBGO_01730,KGEHKDDB_00084,GMGKJONF_00111,HLLCJJMH_00129,BMKFACGC_00103,FHDKMCMF_00495
nfnB,nfnB,Nitroreductase NfnB,9,9,1.0,1,2440,,,,651,651,651.0,JECDCPOO_01116,KDAEOHOB_01383,,KAHEJOMD_01250,HMEEEBGO_00563,KGEHKDDB_01108,GMGKJONF_01161,HLLCJJMH_01157,BMKFACGC_01445,FHDKMCMF_01986
group_1340,,hypothetical protein,9,9,1.0,1,2418,,,,660,660,660.0,JECDCPOO_00123,KDAEOHOB_00377,,KAHEJOMD_00140,HMEEEBGO_01696,KGEHKDDB_00115,GMGKJONF_00143,HLLCJJMH_00163,BMKFACGC_00134,FHDKMCMF_00464
hchA,hchA,Protein/nucleic acid deglycase HchA,9,9,1.0,1,2381,,,,678,678,678.0,JECDCPOO_02028,KDAEOHOB_02294,,KAHEJOMD_02165,HMEEEBGO_02340,KGEHKDDB_02074,GMGKJONF_02128,HLLCJJMH_02127,BMKFACGC_02148,FHDKMCMF_01083
group_1291,,hypothetical protein,9,9,1.0,1,2334,,,,693,693,693.0,JECDCPOO_01910,KDAEOHOB_02180,,KAHEJOMD_02047,HMEEEBGO_02459,KGEHKDDB_01956,GMGKJONF_02012,HLLCJJMH_02003,BMKFACGC_02017,FHDKMCMF_01202
ybhF,ybhF,putative multidrug ABC transporter ATP-binding protein YbhF,9,9,1.0,1,2260,,,,726,726,726.0,JECDCPOO_01143,KDAEOHOB_01410,OPNKAGHI_01474,KAHEJOMD_01279,HMEEEBGO_00534,KGEHKDDB_01135,GMGKJONF_01188,HLLCJJMH_01184,,FHDKMCMF_01959
group_1243,,putative oxidoreductase,9,9,1.0,1,2245,,,,738,738,738.0,JECDCPOO_01225,KDAEOHOB_01487,,KAHEJOMD_01360,HMEEEBGO_00457,KGEHKDDB_01211,GMGKJONF_01267,HLLCJJMH_01262,BMKFACGC_01367,FHDKMCMF_01880
uup,uup,ATP-binding protein Uup,9,9,1.0,1,2162,,,,780,780,780.0,JECDCPOO_02316,KDAEOHOB_00062,,KAHEJOMD_02435,HMEEEBGO_02013,KGEHKDDB_02343,GMGKJONF_02385,HLLCJJMH_02421,BMKFACGC_02404,FHDKMCMF_00823
group_1191,,hypothetical protein,9,9,1.0,1,2161,,,,780,780,780.0,JECDCPOO_01406,KDAEOHOB_01746,,KAHEJOMD_01554,HMEEEBGO_00133,KGEHKDDB_01478,GMGKJONF_01527,HLLCJJMH_01578,BMKFACGC_01165,FHDKMCMF_01694
ydjP,ydjP,AB hydrolase superfamily protein YdjP,9,9,1.0,1,2155,,,,783,783,783.0,JECDCPOO_00427,KDAEOHOB_00685,,KAHEJOMD_00463,HMEEEBGO_01375,KGEHKDDB_00424,GMGKJONF_00459,HLLCJJMH_00470,BMKFACGC_00465,FHDKMCMF_00155
kdsr_2,kdsr_2,3-ketodihydrosphingosine reductase,9,9,1.0,1,2054,,,,837,837,837.0,JECDCPOO_01097,KDAEOHOB_01371,,KAHEJOMD_01238,HMEEEBGO_00575,KGEHKDDB_01096,GMGKJONF_01149,HLLCJJMH_01145,BMKFACGC_01461,FHDKMCMF_01999
group_1103,,hypothetical protein,9,9,1.0,1,1970,,,,873,873,873.0,JECDCPOO_01157,KDAEOHOB_01424,OPNKAGHI_01458,KAHEJOMD_01294,HMEEEBGO_00520,KGEHKDDB_01149,GMGKJONF_01202,HLLCJJMH_01198,,FHDKMCMF_01945
gltC_2,gltC_2,Transcriptional dual regulator GltC,9,9,1.0,1,1960,,,,882,882,882.0,JECDCPOO_02104,KDAEOHOB_02372,,KAHEJOMD_02243,HMEEEBGO_02263,KGEHKDDB_02151,GMGKJONF_02207,HLLCJJMH_02204,BMKFACGC_02230,FHDKMCMF_01004
group_1040,,hypothetical protein,9,9,1.0,1,1842,,,,930,930,930.0,JECDCPOO_00437,KDAEOHOB_00695,OPNKAGHI_02224,KAHEJOMD_00473,HMEEEBGO_01365,KGEHKDDB_00434,GMGKJONF_00470,HLLCJJMH_00480,,FHDKMCMF_00145
rihC_1,rihC_1,Non-specific ribonucleoside hydrolase RihC,9,9,1.0,1,1814,,,,942,942,942.0,JECDCPOO_00438,KDAEOHOB_00696,OPNKAGHI_02223,KAHEJOMD_00474,HMEEEBGO_01364,KGEHKDDB_00435,GMGKJONF_00471,HLLCJJMH_00481,,FHDKMCMF_00144
group_1025,,Zinc-type alcohol dehydrogenase-like protein,9,9,1.0,1,1808,,,,945,945,945.0,JECDCPOO_02343,KDAEOHOB_00094,,KAHEJOMD_02462,HMEEEBGO_01982,KGEHKDDB_02370,GMGKJONF_02414,HLLCJJMH_02449,BMKFACGC_02432,FHDKMCMF_00795
group_882,,3-beta-hydroxysteroid dehydrogenase,9,9,1.0,1,1572,,,,1035,1035,1035.0,JECDCPOO_00233,KDAEOHOB_00491,,KAHEJOMD_00271,HMEEEBGO_01569,KGEHKDDB_00231,GMGKJONF_00267,HLLCJJMH_00277,BMKFACGC_00258,FHDKMCMF_00347
group_771,,hypothetical protein,9,9,1.0,1,1432,,,,597,1221,1151.6666666666667,JECDCPOO_01131,KDAEOHOB_01398,OPNKAGHI_01493,KAHEJOMD_01266,HMEEEBGO_00547,KGEHKDDB_01123,GMGKJONF_01176,HLLCJJMH_01172,,FHDKMCMF_01971
haox,haox,L-lactate oxidase,9,9,1.0,1,1420,,,,1104,1104,1104.0,JECDCPOO_01146,KDAEOHOB_01413,OPNKAGHI_01470,KAHEJOMD_01282,HMEEEBGO_00531,KGEHKDDB_01138,GMGKJONF_01191,HLLCJJMH_01187,,FHDKMCMF_01956
group_750,,hypothetical protein,9,10,1.1111111111111112,1,1404,,,,219,708,583.8,JECDCPOO_01254,KDAEOHOB_01518,OPNKAGHI_01359;OPNKAGHI_01358,,HMEEEBGO_00426,KGEHKDDB_01247,GMGKJONF_01296,HLLCJJMH_01307,BMKFACGC_01321,FHDKMCMF_01843
gldA,gldA,Glycerol dehydrogenase,9,9,1.0,1,1382,,,,1122,1122,1122.0,JECDCPOO_02328,KDAEOHOB_00074,,KAHEJOMD_02447,HMEEEBGO_02000,KGEHKDDB_02355,GMGKJONF_02395,HLLCJJMH_02434,BMKFACGC_02416,FHDKMCMF_00810
group_696,,hypothetical protein,9,9,1.0,1,1319,,,,1020,1020,1020.0,JECDCPOO_01152,KDAEOHOB_01419,OPNKAGHI_01463,KAHEJOMD_01288,HMEEEBGO_00525,KGEHKDDB_01144,GMGKJONF_01197,HLLCJJMH_01193,,FHDKMCMF_01950
tagU_4,tagU_4,Polyisoprenyl-teichoic acid--peptidoglycan teichoic acid transferase TagU,9,9,1.0,1,1276,,,,1161,1161,1161.0,JECDCPOO_02315,KDAEOHOB_00061,,KAHEJOMD_02434,HMEEEBGO_02014,KGEHKDDB_02342,GMGKJONF_02384,HLLCJJMH_02420,BMKFACGC_02403,FHDKMCMF_00824
group_666,,hypothetical protein,9,11,1.2222222222222223,1,1271,,,,603,4641,3598.909090909091,JECDCPOO_00532,KDAEOHOB_00792,,KAHEJOMD_00571,HMEEEBGO_01265,KGEHKDDB_00531,GMGKJONF_00567;GMGKJONF_00568,HLLCJJMH_00576,BMKFACGC_00570,FHDKMCMF_00046;FHDKMCMF_00047
kup_1~~~kup,kup_1;kup,Low affinity potassium transport system protein Kup,9,9,1.0,1,1266,,,,2022,2028,2027.3333333333333,JECDCPOO_01150,KDAEOHOB_01417,OPNKAGHI_01466,KAHEJOMD_01286,HMEEEBGO_00527,KGEHKDDB_01142,GMGKJONF_01195,HLLCJJMH_01191,,FHDKMCMF_01952
group_656,,hypothetical protein,9,9,1.0,1,1256,,,,1167,1167,1167.0,JECDCPOO_02170,KDAEOHOB_02417,OPNKAGHI_00377,KAHEJOMD_02279,HMEEEBGO_02218,KGEHKDDB_02196,GMGKJONF_02244,HLLCJJMH_02252,,FHDKMCMF_00958
group_623,,hypothetical protein,9,9,1.0,1,1211,,,,600,600,600.0,JECDCPOO_01132,KDAEOHOB_01399,OPNKAGHI_01492,KAHEJOMD_01267,HMEEEBGO_00546,KGEHKDDB_01124,GMGKJONF_01177,HLLCJJMH_01173,,FHDKMCMF_01970
group_622,,hypothetical protein,9,9,1.0,1,1210,,,,429,429,429.0,JECDCPOO_01134,KDAEOHOB_01401,OPNKAGHI_01490,KAHEJOMD_01269,HMEEEBGO_00543,KGEHKDDB_01126,GMGKJONF_01179,HLLCJJMH_01175,,FHDKMCMF_01968
group_617,,hypothetical protein,9,9,1.0,1,1203,,,,144,144,144.0,JECDCPOO_00023,KDAEOHOB_00278,,KAHEJOMD_00022,HMEEEBGO_01799,KGEHKDDB_00020,GMGKJONF_00023,HLLCJJMH_00020,BMKFACGC_00020,FHDKMCMF_00587
group_614,,hypothetical protein,9,9,1.0,1,1199,,,,954,954,954.0,JECDCPOO_02173,KDAEOHOB_02420,OPNKAGHI_00374,KAHEJOMD_02282,HMEEEBGO_02214,KGEHKDDB_02199,GMGKJONF_02247,HLLCJJMH_02255,,FHDKMCMF_00955
lnrN,;lnrN,hypothetical protein;Linearmycin resistance permease protein LnrN,9,10,1.1111111111111112,1,1197,,,,471,1179,1061.4,JECDCPOO_01144,KDAEOHOB_01411,OPNKAGHI_01473;OPNKAGHI_01472,KAHEJOMD_01280,HMEEEBGO_00533,KGEHKDDB_01136,GMGKJONF_01189,HLLCJJMH_01185,,FHDKMCMF_01958
group_611,,hypothetical protein,9,9,1.0,1,1191,,,,162,162,162.0,JECDCPOO_02322,KDAEOHOB_00068,,KAHEJOMD_02441,HMEEEBGO_02006,KGEHKDDB_02349,GMGKJONF_02389,HLLCJJMH_02428,BMKFACGC_02410,FHDKMCMF_00816
ribBA,ribBA,Riboflavin biosynthesis protein RibBA,9,9,1.0,1,1165,,,,1200,1200,1200.0,JECDCPOO_01766,KDAEOHOB_02033,,KAHEJOMD_01893,HMEEEBGO_02684,KGEHKDDB_01805,GMGKJONF_01861,HLLCJJMH_01850,BMKFACGC_01871,FHDKMCMF_01358
group_596,,hypothetical protein,9,15,1.6666666666666667,1,1160,,,,357,1104,496.6,JECDCPOO_01482;JECDCPOO_01481,KDAEOHOB_01821;KDAEOHOB_01822,,KAHEJOMD_01631,HMEEEBGO_00055;HMEEEBGO_00056,KGEHKDDB_01554;KGEHKDDB_01553,GMGKJONF_01604,HLLCJJMH_01654;HLLCJJMH_01655,BMKFACGC_01087,FHDKMCMF_01618;FHDKMCMF_01619
group_570,,hypothetical protein,9,9,1.0,1,1115,,,,624,636,634.6666666666666,JECDCPOO_00538,KDAEOHOB_00798,,KAHEJOMD_00577,HMEEEBGO_01259,KGEHKDDB_00537,GMGKJONF_00574,HLLCJJMH_00583,BMKFACGC_00576,FHDKMCMF_00040
rodA_2,rodA_2,Peptidoglycan glycosyltransferase RodA,9,9,1.0,1,1106,,,,1230,1230,1230.0,JECDCPOO_02318,KDAEOHOB_00064,,KAHEJOMD_02437,HMEEEBGO_02011,KGEHKDDB_02345,GMGKJONF_02387,HLLCJJMH_02424,BMKFACGC_02406,FHDKMCMF_00820
arsC,arsC,Arsenate reductase,9,9,1.0,1,1075,,,,399,399,399.0,JECDCPOO_01138,KDAEOHOB_01405,OPNKAGHI_01479,KAHEJOMD_01274,HMEEEBGO_00539,KGEHKDDB_01130,GMGKJONF_01183,HLLCJJMH_01179,,FHDKMCMF_01964
group_540,,hypothetical protein,9,9,1.0,1,1071,,,,681,681,681.0,JECDCPOO_01141,KDAEOHOB_01408,OPNKAGHI_01476,KAHEJOMD_01277,HMEEEBGO_00536,KGEHKDDB_01133,GMGKJONF_01186,HLLCJJMH_01182,,FHDKMCMF_01961
group_512,,hypothetical protein,9,9,1.0,1,1030,,,,162,372,255.33333333333334,JECDCPOO_00146,KDAEOHOB_00402,OPNKAGHI_02529,KAHEJOMD_00172,HMEEEBGO_01667,KGEHKDDB_00144,,HLLCJJMH_00188,BMKFACGC_00158,FHDKMCMF_00435
group_503,,hypothetical protein,9,9,1.0,1,1018,,,,720,720,720.0,JECDCPOO_00442,KDAEOHOB_00700,OPNKAGHI_02218,KAHEJOMD_00478,HMEEEBGO_01360,KGEHKDDB_00440,GMGKJONF_00475,HLLCJJMH_00485,,FHDKMCMF_00140
group_478,,hypothetical protein,9,10,1.1111111111111112,1,971,,,,837,2661,2365.8,JECDCPOO_02431,KDAEOHOB_00186,,KAHEJOMD_02556;KAHEJOMD_02555,HMEEEBGO_01895,KGEHKDDB_02462,GMGKJONF_02509,HLLCJJMH_02499,BMKFACGC_02544,FHDKMCMF_00696
group_461,,hypothetical protein,9,9,1.0,1,940,,,,375,375,375.0,JECDCPOO_02480,KDAEOHOB_00236,,KAHEJOMD_02605,HMEEEBGO_01846,KGEHKDDB_02521,GMGKJONF_02559,HLLCJJMH_02618,BMKFACGC_02601,FHDKMCMF_00634
emrB_5~~~mdtD~~~emrB_3,emrB_5;mdtD;emrB_3,Multidrug export protein EmrB;Putative multidrug resistance protein MdtD,9,10,1.1111111111111112,1,918,,,,336,1434,1286.1,JECDCPOO_02434,KDAEOHOB_00189,,KAHEJOMD_02559;KAHEJOMD_02560,HMEEEBGO_01892,KGEHKDDB_02465,GMGKJONF_02512,HLLCJJMH_02496,BMKFACGC_02547,FHDKMCMF_00693
efpA,efpA,putative MFS-type transporter EfpA,9,9,1.0,1,894,,,,1338,1338,1338.0,JECDCPOO_00055,KDAEOHOB_00308,,KAHEJOMD_00070,HMEEEBGO_01766,KGEHKDDB_00050,GMGKJONF_00077,HLLCJJMH_00095,BMKFACGC_00061,FHDKMCMF_00529
cmtB,cmtB,Mannitol-specific cryptic phosphotransferase enzyme IIA component,9,9,1.0,1,867,,,,450,450,450.0,JECDCPOO_01515,KDAEOHOB_01856,,KAHEJOMD_01665,HMEEEBGO_00022,KGEHKDDB_01588,GMGKJONF_01638,HLLCJJMH_01689,BMKFACGC_01052,FHDKMCMF_01584
group_404,,hypothetical protein,9,9,1.0,1,829,,,,162,567,522.0,JECDCPOO_02333,KDAEOHOB_00079,OPNKAGHI_00208,KAHEJOMD_02452,,KGEHKDDB_02360,GMGKJONF_02400,HLLCJJMH_02439,BMKFACGC_02421,FHDKMCMF_00805
ulaA,ulaA,Ascorbate-specific PTS system EIIC component,9,9,1.0,1,824,,,,1368,1368,1368.0,JECDCPOO_01513,KDAEOHOB_01854,,KAHEJOMD_01663,HMEEEBGO_00024,KGEHKDDB_01586,GMGKJONF_01636,HLLCJJMH_01687,BMKFACGC_01054,FHDKMCMF_01586
mdtP_3,mdtP_3,Multidrug transporter protein MdtP,9,9,1.0,1,822,,,,1371,1371,1371.0,JECDCPOO_02175,KDAEOHOB_02422,OPNKAGHI_00373,KAHEJOMD_02284,HMEEEBGO_02212,KGEHKDDB_02201,GMGKJONF_02249,HLLCJJMH_02257,,FHDKMCMF_00953
tdh_1~~~adh_4,tdh_1;;adh_4,L-threonine 3-dehydrogenase;hypothetical protein;Alcohol dehydrogenase,9,10,1.1111111111111112,1,807,,,,279,1044,931.5,JECDCPOO_01156,KDAEOHOB_01423,OPNKAGHI_01459,KAHEJOMD_01292;KAHEJOMD_01293,HMEEEBGO_00521,KGEHKDDB_01148,GMGKJONF_01201,HLLCJJMH_01197,,FHDKMCMF_01946
group_387,,hypothetical protein,9,14,1.5555555555555556,1,795,,,,192,783,392.57142857142856,JECDCPOO_01483,KDAEOHOB_01823;KDAEOHOB_01824,,KAHEJOMD_01632,HMEEEBGO_00054,KGEHKDDB_01555;KGEHKDDB_01556,GMGKJONF_01605,HLLCJJMH_01656;HLLCJJMH_01657,BMKFACGC_01085;BMKFACGC_01086,FHDKMCMF_01616;FHDKMCMF_01617
rmlB~~~rmlB_2~~~rmlB_1,rmlB;rmlB_2;rmlB_1,dTDP-glucose 46-dehydratase,9,9,1.0,1,763,,,,870,1008,979.0,JECDCPOO_01744,,OPNKAGHI_00782,KAHEJOMD_01872,HMEEEBGO_02707,KGEHKDDB_01787,GMGKJONF_01844,HLLCJJMH_01828,BMKFACGC_01854,FHDKMCMF_01377
gabD1_1,gabD1_1,Succinate-semialdehyde dehydrogenase [NADP(+)] 1,9,9,1.0,1,736,,,,1413,1413,1413.0,JECDCPOO_00248,KDAEOHOB_00506,,KAHEJOMD_00285,HMEEEBGO_01554,KGEHKDDB_00245,GMGKJONF_00281,HLLCJJMH_00291,BMKFACGC_00275,FHDKMCMF_00333
group_355,,2-haloacrylate reductase;hypothetical protein,9,9,1.0,1,730,,,,960,969,968.0,JECDCPOO_01151,KDAEOHOB_01418,OPNKAGHI_01464,KAHEJOMD_01287,HMEEEBGO_00526,KGEHKDDB_01143,GMGKJONF_01196,HLLCJJMH_01192,,FHDKMCMF_01951
group_353,,hypothetical protein;putative HTH-type transcriptional regulator,9,9,1.0,1,728,,,,447,456,448.0,JECDCPOO_01153,KDAEOHOB_01420,OPNKAGHI_01462,KAHEJOMD_01289,HMEEEBGO_00524,KGEHKDDB_01145,GMGKJONF_01198,HLLCJJMH_01194,,FHDKMCMF_01949
group_338,,hypothetical protein,9,9,1.0,1,699,,,,639,639,639.0,JECDCPOO_01145,KDAEOHOB_01412,OPNKAGHI_01471,KAHEJOMD_01281,HMEEEBGO_00532,KGEHKDDB_01137,GMGKJONF_01190,HLLCJJMH_01186,,FHDKMCMF_01957
group_331,,hypothetical protein,9,9,1.0,1,688,,,,603,603,603.0,JECDCPOO_02171,KDAEOHOB_02418,OPNKAGHI_00376,KAHEJOMD_02280,HMEEEBGO_02217,KGEHKDDB_02197,GMGKJONF_02245,HLLCJJMH_02253,,FHDKMCMF_00957
emrB_1,emrB_1,Multidrug export protein EmrB,9,9,1.0,1,684,,,,1440,1440,1440.0,JECDCPOO_01105,KDAEOHOB_01379,,KAHEJOMD_01246,HMEEEBGO_00567,KGEHKDDB_01104,GMGKJONF_01157,HLLCJJMH_01153,BMKFACGC_01452,FHDKMCMF_01990
group_313,,hypothetical protein,9,9,1.0,1,656,,,,216,216,216.0,JECDCPOO_02169,KDAEOHOB_02416,OPNKAGHI_00378,KAHEJOMD_02278,HMEEEBGO_02219,KGEHKDDB_02195,GMGKJONF_02243,HLLCJJMH_02251,,FHDKMCMF_00959
lpdC,lpdC,Gallate decarboxylase,9,9,1.0,1,652,,,,1467,1467,1467.0,JECDCPOO_02103,KDAEOHOB_02371,,KAHEJOMD_02242,HMEEEBGO_02264,KGEHKDDB_02150,GMGKJONF_02206,HLLCJJMH_02203,BMKFACGC_02229,FHDKMCMF_01005
group_299,,hypothetical protein,9,9,1.0,1,627,,,,576,906,787.0,JECDCPOO_00247,KDAEOHOB_00505,,KAHEJOMD_00284,HMEEEBGO_01555,KGEHKDDB_00244,GMGKJONF_00280,HLLCJJMH_00290,BMKFACGC_00274,FHDKMCMF_00334
group_295,,hypothetical protein,9,9,1.0,1,615,,,,189,636,487.0,JECDCPOO_00108,KDAEOHOB_00362,,KAHEJOMD_00124,HMEEEBGO_01711,KGEHKDDB_00100,GMGKJONF_00128,HLLCJJMH_00146,BMKFACGC_00118,FHDKMCMF_00479
gtfA_1,gtfA_1,UDP-N-acetylglucosamine--peptide N-acetylglucosaminyltransferase GtfA subunit,9,9,1.0,1,611,,,,1506,1506,1506.0,JECDCPOO_01478,KDAEOHOB_01818,,KAHEJOMD_01628,HMEEEBGO_00059,KGEHKDDB_01550,GMGKJONF_01601,HLLCJJMH_01651,BMKFACGC_01090,FHDKMCMF_01622
group_289,,hypothetical protein,9,9,1.0,1,606,,,,603,603,603.0,JECDCPOO_00056,KDAEOHOB_00309,,KAHEJOMD_00071,HMEEEBGO_01765,KGEHKDDB_00051,GMGKJONF_00078,HLLCJJMH_00096,BMKFACGC_00062,FHDKMCMF_00528
group_287,,hypothetical protein,9,9,1.0,1,603,,,,201,201,201.0,JECDCPOO_01477,KDAEOHOB_01817,,KAHEJOMD_01627,HMEEEBGO_00060,KGEHKDDB_01549,GMGKJONF_01600,HLLCJJMH_01650,BMKFACGC_01091,FHDKMCMF_01623
group_281,,hypothetical protein,9,9,1.0,1,593,,,,780,2247,2068.0,JECDCPOO_01870,KDAEOHOB_02142,OPNKAGHI_00655,KAHEJOMD_02009,HMEEEBGO_02571,KGEHKDDB_01918,,HLLCJJMH_01964,BMKFACGC_01979,FHDKMCMF_01240
gtfA_2,gtfA_2,UDP-N-acetylglucosamine--peptide N-acetylglucosaminyltransferase GtfA subunit,9,9,1.0,1,579,,,,1524,1524,1524.0,JECDCPOO_01479,KDAEOHOB_01819,,KAHEJOMD_01629,HMEEEBGO_00058,KGEHKDDB_01551,GMGKJONF_01602,HLLCJJMH_01652,BMKFACGC_01089,FHDKMCMF_01621
group_257,,hypothetical protein,9,10,1.1111111111111112,1,558,,,,600,2205,1622.7,JECDCPOO_01523,KDAEOHOB_01864,,KAHEJOMD_01675;KAHEJOMD_01676,HMEEEBGO_00014,KGEHKDDB_01596,GMGKJONF_01646,HLLCJJMH_01697,BMKFACGC_01042,FHDKMCMF_01576
group_253,,hypothetical protein,9,9,1.0,1,551,,,,453,453,453.0,JECDCPOO_00047,KDAEOHOB_00299,OPNKAGHI_00059,KAHEJOMD_00062,,KGEHKDDB_00041,GMGKJONF_00067,HLLCJJMH_00086,BMKFACGC_00053,FHDKMCMF_00538
yycB_1~~~yycB_2,yycB_1;yycB_2,putative transporter YycB,9,9,1.0,1,544,,,,912,1128,1068.6666666666667,JECDCPOO_01149,KDAEOHOB_01416,OPNKAGHI_01467,KAHEJOMD_01285,HMEEEBGO_00528,KGEHKDDB_01141,GMGKJONF_01194,HLLCJJMH_01190,,FHDKMCMF_01953
group_249,,hypothetical protein,9,9,1.0,1,543,,,,354,354,354.0,JECDCPOO_01147,KDAEOHOB_01414,OPNKAGHI_01469,KAHEJOMD_01283,HMEEEBGO_00530,KGEHKDDB_01139,GMGKJONF_01192,HLLCJJMH_01188,,FHDKMCMF_01955
betI,betI,HTH-type transcriptional regulator BetI,9,9,1.0,1,542,,,,585,585,585.0,JECDCPOO_01137,KDAEOHOB_01404,OPNKAGHI_01480,KAHEJOMD_01273,HMEEEBGO_00540,KGEHKDDB_01129,GMGKJONF_01182,HLLCJJMH_01178,,FHDKMCMF_01965
group_237,,hypothetical protein,9,9,1.0,1,516,,,,1593,1593,1593.0,JECDCPOO_01079,KDAEOHOB_01353,,KAHEJOMD_01220,HMEEEBGO_00593,KGEHKDDB_01078,GMGKJONF_01130,HLLCJJMH_01127,BMKFACGC_01479,FHDKMCMF_02017
group_224,,hypothetical protein,9,9,1.0,1,486,,,,252,252,252.0,JECDCPOO_01524,KDAEOHOB_01865,OPNKAGHI_01082,KAHEJOMD_01677,HMEEEBGO_00011,KGEHKDDB_01597,GMGKJONF_01647,HLLCJJMH_01699,,FHDKMCMF_01573
group_206,xynB_2,Beta-xylosidase,9,9,1.0,1,453,,,,1683,1683,1683.0,JECDCPOO_00402,KDAEOHOB_00659,,KAHEJOMD_00433,HMEEEBGO_01401,KGEHKDDB_00399,GMGKJONF_00434,HLLCJJMH_00445,BMKFACGC_00440,FHDKMCMF_00180
group_195,,hypothetical protein,9,9,1.0,1,435,,,,2049,2136,2126.3333333333335,JECDCPOO_00243,KDAEOHOB_00501,,KAHEJOMD_00280,HMEEEBGO_01559,KGEHKDDB_00240,GMGKJONF_00276,HLLCJJMH_00286,BMKFACGC_00268,FHDKMCMF_00338
ptsI_1,ptsI_1,Phosphoenolpyruvate-protein phosphotransferase,9,9,1.0,1,426,,,,1725,1725,1725.0,JECDCPOO_01511,KDAEOHOB_01852,,KAHEJOMD_01661,HMEEEBGO_00026,KGEHKDDB_01584,GMGKJONF_01634,HLLCJJMH_01685,BMKFACGC_01056,FHDKMCMF_01588
morA,morA;,Morphine 6-dehydrogenase;Aldo-keto reductase/MSMEI_2347,9,10,1.1111111111111112,1,416,,,,240,876,781.8,JECDCPOO_01158,KDAEOHOB_01425,OPNKAGHI_01457,KAHEJOMD_01295,HMEEEBGO_00519,KGEHKDDB_01150,GMGKJONF_01204;GMGKJONF_01203,HLLCJJMH_01199,,FHDKMCMF_01944
group_153,,hypothetical protein,9,9,1.0,1,341,,,,354,552,486.0,JECDCPOO_02321,KDAEOHOB_00067,,KAHEJOMD_02440,HMEEEBGO_02007,KGEHKDDB_02348,GMGKJONF_02388,HLLCJJMH_02427,BMKFACGC_02409,FHDKMCMF_00817
nhaK_3,nhaK_3,Sodium potassium lithium and rubidium/H(+) antiporter,9,9,1.0,1,301,,,,1977,1977,1977.0,JECDCPOO_01148,KDAEOHOB_01415,OPNKAGHI_01468,KAHEJOMD_01284,HMEEEBGO_00529,KGEHKDDB_01140,GMGKJONF_01193,HLLCJJMH_01189,,FHDKMCMF_01954
tdh,tdh;,L-threonine 3-dehydrogenase;hypothetical protein,9,10,1.1111111111111112,1,296,,,,507,1014,914.7,JECDCPOO_02026,KDAEOHOB_02292,,KAHEJOMD_02163,HMEEEBGO_02342,KGEHKDDB_02072,GMGKJONF_02126,HLLCJJMH_02125,BMKFACGC_02146;BMKFACGC_02145,FHDKMCMF_01085
macB,macB,Macrolide export ATP-binding/permease protein MacB,9,9,1.0,1,286,,,,2004,2004,2004.0,JECDCPOO_01136,KDAEOHOB_01403,OPNKAGHI_01481,KAHEJOMD_01272,HMEEEBGO_00541,KGEHKDDB_01128,GMGKJONF_01181,HLLCJJMH_01177,,FHDKMCMF_01966
group_127,,hypothetical protein,9,10,1.1111111111111112,1,280,,,,447,1041,942.0,JECDCPOO_01911,KDAEOHOB_02181,,KAHEJOMD_02048,HMEEEBGO_02458,KGEHKDDB_01958;KGEHKDDB_01957,GMGKJONF_02013,HLLCJJMH_02004,BMKFACGC_02018,FHDKMCMF_01201
tkt_2,tkt_2,Transketolase,9,9,1.0,1,272,,,,2025,2025,2025.0,JECDCPOO_01512,KDAEOHOB_01853,,KAHEJOMD_01662,HMEEEBGO_00025,KGEHKDDB_01585,GMGKJONF_01635,HLLCJJMH_01686,BMKFACGC_01055,FHDKMCMF_01587
group_115,,hypothetical protein,9,9,1.0,1,261,,,,2052,2052,2052.0,JECDCPOO_01510,KDAEOHOB_01851,,KAHEJOMD_01660,HMEEEBGO_00027,KGEHKDDB_01583,GMGKJONF_01633,HLLCJJMH_01684,BMKFACGC_01057,FHDKMCMF_01589
group_107,,hypothetical protein,9,10,1.1111111111111112,1,252,,,,132,1362,1225.8,JECDCPOO_01133,KDAEOHOB_01400,OPNKAGHI_01491,KAHEJOMD_01268,HMEEEBGO_00545;HMEEEBGO_00544,KGEHKDDB_01125,GMGKJONF_01178,HLLCJJMH_01174,,FHDKMCMF_01969
group_106,,hypothetical protein,9,10,1.1111111111111112,1,251,,,,453,1587,1410.9,JECDCPOO_01135,KDAEOHOB_01402,OPNKAGHI_01482,KAHEJOMD_01271;KAHEJOMD_01270,HMEEEBGO_00542,KGEHKDDB_01127,GMGKJONF_01180,HLLCJJMH_01176,,FHDKMCMF_01967
crdA,crdA,NADH:(hydroxy)cinnamate reductase subunit CrdA,9,9,1.0,1,245,,,,555,606,600.3333333333334,JECDCPOO_01101,KDAEOHOB_01375,,KAHEJOMD_01242,HMEEEBGO_00571,KGEHKDDB_01100,GMGKJONF_01153,HLLCJJMH_01149,BMKFACGC_01456,FHDKMCMF_01994
ribZ_1,ribZ_1,Riboflavin transporter RibZ,9,9,1.0,1,227,,,,1404,1434,1430.6666666666667,JECDCPOO_01100,KDAEOHOB_01374,,KAHEJOMD_01241,HMEEEBGO_00572,KGEHKDDB_01099,GMGKJONF_01152,HLLCJJMH_01148,BMKFACGC_01458,FHDKMCMF_01996
group_89,,hypothetical protein,9,9,1.0,1,213,,,,906,906,906.0,JECDCPOO_02347,KDAEOHOB_00098,,KAHEJOMD_02466,HMEEEBGO_01978,KGEHKDDB_02374,GMGKJONF_02418,HLLCJJMH_02453,BMKFACGC_02441,FHDKMCMF_00791
hcaB,hcaB,3-phenylpropionate-dihydrodiol/cinnamic acid-dihydrodiol dehydrogenase,9,9,1.0,1,200,,,,753,825,761.0,JECDCPOO_00087,KDAEOHOB_00340,,KAHEJOMD_00106,HMEEEBGO_01732,KGEHKDDB_00082,GMGKJONF_00109,HLLCJJMH_00127,BMKFACGC_00101,FHDKMCMF_00497
mdtD,mdtD,Putative multidrug resistance protein MdtD,9,9,1.0,1,194,,,,1560,2133,1623.6666666666667,JECDCPOO_02285,KDAEOHOB_00037,,KAHEJOMD_02411,HMEEEBGO_02045,KGEHKDDB_02312,GMGKJONF_02361,HLLCJJMH_02390,BMKFACGC_02380,FHDKMCMF_00854
nhaK_4,nhaK_4;,Sodium potassium lithium and rubidium/H(+) antiporter;hypothetical protein,9,10,1.1111111111111112,1,179,,,,735,2013,1809.0,JECDCPOO_02172,KDAEOHOB_02419,OPNKAGHI_00375,KAHEJOMD_02281,HMEEEBGO_02215;HMEEEBGO_02216,KGEHKDDB_02198,GMGKJONF_02246,HLLCJJMH_02254,,FHDKMCMF_00956
mdtD_1~~~mdtP_1,;mdtD_1;mdtP_1,hypothetical protein;Putative multidrug resistance protein MdtD;Multidrug transporter protein MdtP,9,10,1.1111111111111112,1,177,,,,672,1470,1317.6,JECDCPOO_00122,KDAEOHOB_00376,,KAHEJOMD_00139,HMEEEBGO_01697,KGEHKDDB_00114,GMGKJONF_00142,HLLCJJMH_00162;HLLCJJMH_00161,BMKFACGC_00133,FHDKMCMF_00465
ribD,ribD,Riboflavin biosynthesis protein RibD,9,9,1.0,1,166,,,,1053,1053,1053.0,JECDCPOO_01768,KDAEOHOB_02035,,KAHEJOMD_01895,HMEEEBGO_02682,KGEHKDDB_01807,GMGKJONF_01863,HLLCJJMH_01852,BMKFACGC_01873,FHDKMCMF_01356
group_60,,hypothetical protein,9,9,1.0,1,133,,,,747,747,747.0,JECDCPOO_00349,KDAEOHOB_00608,,KAHEJOMD_00381,HMEEEBGO_01453,KGEHKDDB_00347,GMGKJONF_00380,HLLCJJMH_00393,BMKFACGC_00388,FHDKMCMF_00232
group_58,,hypothetical protein,9,10,1.1111111111111112,1,127,,,,837,2259,2031.9,JECDCPOO_02453,KDAEOHOB_00206,,KAHEJOMD_02577,HMEEEBGO_01875,KGEHKDDB_02488,GMGKJONF_02529,HLLCJJMH_02579;HLLCJJMH_02580,BMKFACGC_02564,FHDKMCMF_00668
group_57,,hypothetical protein,9,9,1.0,1,121,,,,705,705,705.0,JECDCPOO_01909,KDAEOHOB_02179,,KAHEJOMD_02046,HMEEEBGO_02460,KGEHKDDB_01955,GMGKJONF_02011,HLLCJJMH_02002,BMKFACGC_02016,FHDKMCMF_01203
group_55,,hypothetical protein,9,11,1.2222222222222223,1,118,,,,672,1743,1414.090909090909,JECDCPOO_02317,KDAEOHOB_00063,,KAHEJOMD_02436,HMEEEBGO_02012,KGEHKDDB_02344,GMGKJONF_02386,HLLCJJMH_02423;HLLCJJMH_02422,BMKFACGC_02405,FHDKMCMF_00821;FHDKMCMF_00822
group_49,,hypothetical protein,9,9,1.0,1,102,,,,420,420,420.0,JECDCPOO_01975,KDAEOHOB_02244,OPNKAGHI_00549,KAHEJOMD_02111,HMEEEBGO_02395,,GMGKJONF_02076,HLLCJJMH_02068,BMKFACGC_02086,FHDKMCMF_01137
group_37,,hypothetical protein,9,9,1.0,1,77,,,,162,231,200.33333333333334,JECDCPOO_01252,KDAEOHOB_01516,,KAHEJOMD_01387,HMEEEBGO_00428,KGEHKDDB_01245,GMGKJONF_01294,HLLCJJMH_01305,BMKFACGC_01331,FHDKMCMF_01845
lpdD,lpdD,Protein LpdD,9,9,1.0,1,68,,,,411,411,411.0,JECDCPOO_02101,KDAEOHOB_02369,,KAHEJOMD_02240,HMEEEBGO_02266,KGEHKDDB_02148,GMGKJONF_02204,HLLCJJMH_02201,BMKFACGC_02227,FHDKMCMF_01007
hcaR,hcaR,Hca operon transcriptional activator HcaR,9,9,1.0,1,56,,,,852,933,904.0,JECDCPOO_01226,KDAEOHOB_01488,,KAHEJOMD_01361,HMEEEBGO_00456,KGEHKDDB_01212,GMGKJONF_01268,HLLCJJMH_01263,BMKFACGC_01366,FHDKMCMF_01879
group_25,,hypothetical protein,9,9,1.0,1,49,,,,3129,3129,3129.0,JECDCPOO_01913,KDAEOHOB_02183,,KAHEJOMD_02050,HMEEEBGO_02456,KGEHKDDB_01960,GMGKJONF_02015,HLLCJJMH_02006,BMKFACGC_02020,FHDKMCMF_01199
group_18,,hypothetical protein;Potassium channel,9,9,1.0,1,29,,,,513,564,558.3333333333334,JECDCPOO_00780,KDAEOHOB_01041,,KAHEJOMD_00844,HMEEEBGO_01000,KGEHKDDB_00785,GMGKJONF_00835,HLLCJJMH_00831,BMKFACGC_00854,FHDKMCMF_02310
tabA,;tabA,hypothetical protein;Toxin-antitoxin biofilm protein TabA,8,8,1.0,1,4646,,,,315,450,433.125,JECDCPOO_02366,KDAEOHOB_00117,,KAHEJOMD_02486,,KGEHKDDB_02393,GMGKJONF_02445,HLLCJJMH_02474,BMKFACGC_02463,FHDKMCMF_00771
citX,citX,Apo-citrate lyase phosphoribosyl-dephospho-CoA transferase,8,8,1.0,1,4615,,,,543,546,544.5,JECDCPOO_00435,KDAEOHOB_00693,,KAHEJOMD_00471,HMEEEBGO_01367,KGEHKDDB_00432,GMGKJONF_00468,HLLCJJMH_00478,,FHDKMCMF_00147
group_2953,arcA_1,Arginine deiminase,8,8,1.0,1,4474,,,,1233,1233,1233.0,JECDCPOO_02163,KDAEOHOB_02410,OPNKAGHI_00384,,HMEEEBGO_02225,KGEHKDDB_02189,,HLLCJJMH_02243,BMKFACGC_02271,FHDKMCMF_00965
smc_1~~~smc_5~~~smc_4,smc_1;smc_5;smc_4,Chromosome partition protein Smc,8,8,1.0,1,4200,,,,3093,3171,3107.25,JECDCPOO_02198,KDAEOHOB_02444,OPNKAGHI_00339,,HMEEEBGO_02166,KGEHKDDB_02219,GMGKJONF_02279,HLLCJJMH_02305,,FHDKMCMF_00934
group_2490,,hypothetical protein,8,8,1.0,1,3950,,,,168,168,168.0,0_refound_0,KDAEOHOB_00304,,3_refound_14,4_refound_18,KGEHKDDB_00046,,HLLCJJMH_00091,8_refound_26,FHDKMCMF_00533
group_2280,,hypothetical protein,8,8,1.0,1,3711,,,,237,237,237.0,JECDCPOO_02497,,OPNKAGHI_02651,KAHEJOMD_02621,HMEEEBGO_01830,KGEHKDDB_02540,GMGKJONF_02576,HLLCJJMH_02637,BMKFACGC_02617,
citD,citD,Citrate lyase acyl carrier protein,8,8,1.0,1,3519,,,,294,294,294.0,JECDCPOO_00432,KDAEOHOB_00690,,KAHEJOMD_00468,HMEEEBGO_01370,KGEHKDDB_00429,GMGKJONF_00465,HLLCJJMH_00475,,FHDKMCMF_00150
group_2097,,hypothetical protein,8,8,1.0,1,3488,,,,303,303,303.0,JECDCPOO_01155,KDAEOHOB_01422,,KAHEJOMD_01291,HMEEEBGO_00522,KGEHKDDB_01147,GMGKJONF_01200,HLLCJJMH_01196,,FHDKMCMF_01947
yybR_2,yybR_2,putative HTH-type transcriptional regulator YybR,8,8,1.0,1,3338,,,,348,348,348.0,JECDCPOO_02320,KDAEOHOB_00066,,KAHEJOMD_02439,HMEEEBGO_02008,KGEHKDDB_02347,,HLLCJJMH_02426,BMKFACGC_02408,FHDKMCMF_00818
group_1974,,hypothetical protein,8,8,1.0,1,3337,,,,348,348,348.0,JECDCPOO_02284,KDAEOHOB_00036,,KAHEJOMD_02410,HMEEEBGO_02046,KGEHKDDB_02311,GMGKJONF_02360,HLLCJJMH_02389,BMKFACGC_02379,
group_1757,,hypothetical protein,8,8,1.0,1,3060,,,,429,429,429.0,JECDCPOO_01154,KDAEOHOB_01421,,KAHEJOMD_01290,HMEEEBGO_00523,KGEHKDDB_01146,GMGKJONF_01199,HLLCJJMH_01195,,FHDKMCMF_01948
group_1744,,hypothetical protein,8,8,1.0,1,3037,,,,471,747,688.125,JECDCPOO_02003,KDAEOHOB_02275,,KAHEJOMD_02141,HMEEEBGO_02363,KGEHKDDB_02051,,HLLCJJMH_02102,BMKFACGC_02122,FHDKMCMF_01106
group_1695,,hypothetical protein,8,8,1.0,1,2971,,,,462,462,462.0,JECDCPOO_02412,KDAEOHOB_00166,,KAHEJOMD_02535,HMEEEBGO_01915,KGEHKDDB_02441,GMGKJONF_02487,HLLCJJMH_02521,,FHDKMCMF_00719
group_1679,,hypothetical protein,8,8,1.0,1,2953,,,,468,468,468.0,JECDCPOO_02368,KDAEOHOB_00119,,KAHEJOMD_02488,,KGEHKDDB_02395,GMGKJONF_02447,HLLCJJMH_02476,BMKFACGC_02465,FHDKMCMF_00769
group_1577,,hypothetical protein,8,8,1.0,1,2806,,,,516,516,516.0,JECDCPOO_00045,KDAEOHOB_00297,OPNKAGHI_00057,KAHEJOMD_00060,,KGEHKDDB_00039,GMGKJONF_00065,HLLCJJMH_00084,,FHDKMCMF_00540
group_1510,,hypothetical protein,8,8,1.0,1,2704,,,,552,552,552.0,,KDAEOHOB_00385,,KAHEJOMD_00148,HMEEEBGO_01688,KGEHKDDB_00123,GMGKJONF_00151,HLLCJJMH_00171,BMKFACGC_00142,FHDKMCMF_00456
group_1478,,hypothetical protein,8,8,1.0,1,2658,,,,567,567,567.0,JECDCPOO_00075,KDAEOHOB_00328,OPNKAGHI_00086,,HMEEEBGO_01744,KGEHKDDB_00070,,HLLCJJMH_00115,BMKFACGC_00088,FHDKMCMF_00509
gloB,gloB;,Hydroxyacylglutathione hydrolase;hypothetical protein,8,8,1.0,1,2651,,,,225,714,589.875,JECDCPOO_02176,KDAEOHOB_02423,OPNKAGHI_00372,KAHEJOMD_02285,HMEEEBGO_02211,KGEHKDDB_02202,,HLLCJJMH_02258,,FHDKMCMF_00952
citF,citF,Citrate lyase alpha chain,8,8,1.0,1,2362,,,,1539,1539,1539.0,JECDCPOO_00434,KDAEOHOB_00692,,KAHEJOMD_00470,HMEEEBGO_01368,KGEHKDDB_00431,GMGKJONF_00467,HLLCJJMH_00477,,FHDKMCMF_00148
kdsr_3,kdsr_3,3-ketodihydrosphingosine reductase,8,8,1.0,1,2099,,,,813,813,813.0,JECDCPOO_01222,,OPNKAGHI_01395,KAHEJOMD_01355,HMEEEBGO_00461,KGEHKDDB_01208,,HLLCJJMH_01257,BMKFACGC_01370,FHDKMCMF_01883
citG,citG,2-(5''-triphosphoribosyl)-3'-dephosphocoenzyme-A synthase,8,8,1.0,1,1994,,,,861,861,861.0,JECDCPOO_00436,KDAEOHOB_00694,,KAHEJOMD_00472,HMEEEBGO_01366,KGEHKDDB_00433,GMGKJONF_00469,HLLCJJMH_00479,,FHDKMCMF_00146
ulaE,ulaE,L-ribulose-5-phosphate 3-epimerase UlaE,8,8,1.0,1,1939,,,,888,888,888.0,JECDCPOO_02370,KDAEOHOB_00121,,KAHEJOMD_02490,,KGEHKDDB_02397,GMGKJONF_02449,HLLCJJMH_02479,BMKFACGC_02467,FHDKMCMF_00767
group_1081,,NAD-dependent malic enzyme,8,8,1.0,1,1922,,,,1143,1143,1143.0,JECDCPOO_00429,KDAEOHOB_00687,,KAHEJOMD_00465,HMEEEBGO_01373,KGEHKDDB_00426,GMGKJONF_00462,HLLCJJMH_00472,,FHDKMCMF_00153
citE,citE,Citrate lyase subunit beta,8,8,1.0,1,1879,,,,915,915,915.0,JECDCPOO_00433,KDAEOHOB_00691,,KAHEJOMD_00469,HMEEEBGO_01369,KGEHKDDB_00430,GMGKJONF_00466,HLLCJJMH_00476,,FHDKMCMF_00149
arcC1_1,arcC1_1,Carbamate kinase 1,8,8,1.0,1,1807,,,,945,945,945.0,JECDCPOO_02159,KDAEOHOB_02406,OPNKAGHI_00388,,HMEEEBGO_02229,KGEHKDDB_02185,,HLLCJJMH_02239,BMKFACGC_02267,FHDKMCMF_00969
citC,citC,[Citrate [pro-3S]-lyase] ligase,8,8,1.0,1,1787,,,,954,954,954.0,JECDCPOO_00431,KDAEOHOB_00689,,KAHEJOMD_00467,HMEEEBGO_01371,KGEHKDDB_00428,GMGKJONF_00464,HLLCJJMH_00474,,FHDKMCMF_00151
group_1017,,Putative 2-hydroxyacid dehydrogenase,8,8,1.0,1,1782,,,,957,957,957.0,JECDCPOO_02373,KDAEOHOB_00124,,KAHEJOMD_02493,,KGEHKDDB_02400,GMGKJONF_02452,HLLCJJMH_02482,BMKFACGC_02470,FHDKMCMF_00764
group_999,,hypothetical protein,8,8,1.0,1,1739,,,,981,981,981.0,JECDCPOO_00430,KDAEOHOB_00688,,KAHEJOMD_00466,HMEEEBGO_01372,KGEHKDDB_00427,GMGKJONF_00463,HLLCJJMH_00473,,FHDKMCMF_00152
group_958,,hypothetical protein,8,8,1.0,1,1678,,,,1005,1005,1005.0,JECDCPOO_02372,KDAEOHOB_00123,,KAHEJOMD_02492,,KGEHKDDB_02399,GMGKJONF_02451,HLLCJJMH_02481,BMKFACGC_02469,FHDKMCMF_00765
kdgR_3,kdgR_3,HTH-type transcriptional regulator KdgR,8,8,1.0,1,1666,,,,1008,1008,1008.0,JECDCPOO_02374,KDAEOHOB_00125,,KAHEJOMD_02494,,KGEHKDDB_02401,GMGKJONF_02453,HLLCJJMH_02483,BMKFACGC_02471,FHDKMCMF_00763
group_948,,hypothetical protein,8,8,1.0,1,1665,,,,381,414,385.5,JECDCPOO_01628,KDAEOHOB_01662,,KAHEJOMD_00853,HMEEEBGO_00279,KGEHKDDB_01395,GMGKJONF_01445,HLLCJJMH_01513,BMKFACGC_01737,
group_828,,hypothetical protein,8,8,1.0,1,1504,,,,669,1185,1120.5,,KDAEOHOB_00175,OPNKAGHI_00134,KAHEJOMD_02543,HMEEEBGO_01907,KGEHKDDB_02450,GMGKJONF_02496,HLLCJJMH_02511,,FHDKMCMF_00708
group_782,,hypothetical protein,8,9,1.125,1,1444,,,,876,2028,1805.6666666666667,,KDAEOHOB_00174,OPNKAGHI_00135;OPNKAGHI_00136,KAHEJOMD_02542,HMEEEBGO_01908,KGEHKDDB_02449,GMGKJONF_02495,HLLCJJMH_02512,,FHDKMCMF_00711
vioD,vioD,Capreomycidine synthase,8,8,1.0,1,1407,,,,1110,1110,1110.0,JECDCPOO_02160,KDAEOHOB_02407,OPNKAGHI_00387,,HMEEEBGO_02228,KGEHKDDB_02186,,HLLCJJMH_02240,BMKFACGC_02268,FHDKMCMF_00968
group_727,,hypothetical protein;2-hydroxy-14-benzoquinone reductase,8,8,1.0,1,1371,,,,336,600,501.0,JECDCPOO_02430,KDAEOHOB_00185,,KAHEJOMD_02554,HMEEEBGO_01896,KGEHKDDB_02461,GMGKJONF_02508,HLLCJJMH_02500,,FHDKMCMF_00697
group_689,,Putative dipeptidase,8,8,1.0,1,1308,,,,237,1335,1197.75,JECDCPOO_02168,KDAEOHOB_02415,OPNKAGHI_00379,,HMEEEBGO_02220,KGEHKDDB_02194,GMGKJONF_02242,HLLCJJMH_02250,,FHDKMCMF_00960
group_659,,hypothetical protein,8,9,1.125,1,1262,,,,291,1242,1104.6666666666667,,KDAEOHOB_00173,OPNKAGHI_00138;OPNKAGHI_00137,KAHEJOMD_02541,HMEEEBGO_01909,KGEHKDDB_02448,GMGKJONF_02494,HLLCJJMH_02513,,FHDKMCMF_00712
group_591,,hypothetical protein,8,8,1.0,1,1150,,,,138,138,138.0,JECDCPOO_02414,KDAEOHOB_00168,,3_refound_17,HMEEEBGO_01913,KGEHKDDB_02443,GMGKJONF_02489,HLLCJJMH_02519,,FHDKMCMF_00717
uhpC,uhpC,Membrane sensor protein UhpC,8,8,1.0,1,1061,,,,1251,1251,1251.0,JECDCPOO_02367,KDAEOHOB_00118,,KAHEJOMD_02487,,KGEHKDDB_02394,GMGKJONF_02446,HLLCJJMH_02475,BMKFACGC_02464,FHDKMCMF_00770
group_470,,hypothetical protein,8,9,1.125,1,960,,,,339,810,706.6666666666666,JECDCPOO_00203,KDAEOHOB_00459,OPNKAGHI_02468;OPNKAGHI_02469,KAHEJOMD_00238,,KGEHKDDB_00201,,HLLCJJMH_00245,BMKFACGC_00223,FHDKMCMF_00378
group_465,,hypothetical protein,8,8,1.0,1,947,,,,492,570,560.25,JECDCPOO_00046,KDAEOHOB_00298,OPNKAGHI_00058,KAHEJOMD_00061,,KGEHKDDB_00040,GMGKJONF_00066,HLLCJJMH_00085,,FHDKMCMF_00539
group_464,,hypothetical protein,8,8,1.0,1,946,,,,132,420,204.0,JECDCPOO_00044,KDAEOHOB_00296,OPNKAGHI_00056,KAHEJOMD_00059,,KGEHKDDB_00038,GMGKJONF_00064,HLLCJJMH_00083,,FHDKMCMF_00541
group_407,,hypothetical protein;putative HTH-type transcriptional regulator,8,10,1.25,1,834,,,,369,978,758.4,JECDCPOO_01223,,OPNKAGHI_01393;OPNKAGHI_01394,KAHEJOMD_01356,HMEEEBGO_00459;HMEEEBGO_00460,KGEHKDDB_01209,,HLLCJJMH_01258,BMKFACGC_01369,FHDKMCMF_01882
arcR,arcR,HTH-type transcriptional regulator ArcR,8,8,1.0,1,768,,,,681,681,681.0,JECDCPOO_02158,KDAEOHOB_02405,OPNKAGHI_00389,,HMEEEBGO_02230,KGEHKDDB_02184,,HLLCJJMH_02238,BMKFACGC_02266,FHDKMCMF_00970
arcD1_2,arcD1_2,Arginine/ornithine antiporter ArcD1,8,8,1.0,1,747,,,,1413,1413,1413.0,JECDCPOO_02161,KDAEOHOB_02408,OPNKAGHI_00386,,HMEEEBGO_02227,KGEHKDDB_02187,,HLLCJJMH_02241,BMKFACGC_02269,FHDKMCMF_00967
group_310,,hypothetical protein,8,8,1.0,1,653,,,,792,810,807.75,,KDAEOHOB_00386,,KAHEJOMD_00149,HMEEEBGO_01687,KGEHKDDB_00124,GMGKJONF_00152,HLLCJJMH_00172,BMKFACGC_00143,FHDKMCMF_00455
lyx,lyx,L-xylulose/3-keto-L-gulonate kinase,8,8,1.0,1,568,,,,1533,1533,1533.0,JECDCPOO_02371,KDAEOHOB_00122,,KAHEJOMD_02491,,KGEHKDDB_02398,GMGKJONF_02450,HLLCJJMH_02480,BMKFACGC_02468,FHDKMCMF_00766
group_156,,hypothetical protein,8,8,1.0,1,346,,,,1428,1563,1546.125,JECDCPOO_02164,KDAEOHOB_02411,OPNKAGHI_00383,,HMEEEBGO_02224,KGEHKDDB_02190,,HLLCJJMH_02246,BMKFACGC_02272,FHDKMCMF_00964
sotB~~~pbuE_3,sotB;;pbuE_3,sugar efflux transporter;hypothetical protein;Purine efflux pump PbuE,8,9,1.125,1,287,,,,513,1191,1058.6666666666667,JECDCPOO_02319,KDAEOHOB_00065,,KAHEJOMD_02438,HMEEEBGO_02009;HMEEEBGO_02010,KGEHKDDB_02346,,HLLCJJMH_02425,BMKFACGC_02407,FHDKMCMF_00819
araD_2~~~ulaF,araD_2;ulaF,L-ribulose-5-phosphate 4-epimerase AraD;L-ribulose-5-phosphate 4-epimerase UlaF;L-ribulose-5-phosphate 4-epimerase,8,9,1.125,1,235,,,,342,732,651.0,JECDCPOO_02369,KDAEOHOB_00120,,KAHEJOMD_02489,,KGEHKDDB_02396,GMGKJONF_02448,HLLCJJMH_02477;HLLCJJMH_02478,BMKFACGC_02466,FHDKMCMF_00768
arcB,arcB,Ornithine carbamoyltransferase catabolic,8,8,1.0,1,183,,,,1032,1032,1032.0,JECDCPOO_02162,KDAEOHOB_02409,OPNKAGHI_00385,,HMEEEBGO_02226,KGEHKDDB_02188,,HLLCJJMH_02242,BMKFACGC_02270,FHDKMCMF_00966
group_51,,hypothetical protein,8,8,1.0,1,107,,,,2547,2547,2547.0,JECDCPOO_02174,KDAEOHOB_02421,,KAHEJOMD_02283,HMEEEBGO_02213,KGEHKDDB_02200,GMGKJONF_02248,HLLCJJMH_02256,,FHDKMCMF_00954
group_3083,,hypothetical protein,7,7,1.0,1,4645,,,,249,249,249.0,JECDCPOO_02389,KDAEOHOB_00142,,,HMEEEBGO_01940,KGEHKDDB_02418,,HLLCJJMH_02544,BMKFACGC_02487,FHDKMCMF_00742
gadC_2~~~gadC_3,gadC_2;gadC_3,Glutamate/gamma-aminobutyrate antiporter,7,7,1.0,1,4589,,,,1023,1422,1365.0,JECDCPOO_02386,KDAEOHOB_00139,,,HMEEEBGO_01943,KGEHKDDB_02415,,HLLCJJMH_02548,BMKFACGC_02484,FHDKMCMF_00745
group_3053,,hypothetical protein,7,7,1.0,1,4583,,,,744,1269,1194.0,JECDCPOO_00265,KDAEOHOB_00523,,,HMEEEBGO_01537,KGEHKDDB_00263,,HLLCJJMH_00308,BMKFACGC_00292,FHDKMCMF_00316
group_3048,,hypothetical protein,7,7,1.0,1,4576,,,,297,399,340.7142857142857,JECDCPOO_02178,KDAEOHOB_02425,OPNKAGHI_00370,,,KGEHKDDB_02204,GMGKJONF_02259,HLLCJJMH_02261,,FHDKMCMF_00950
group_3044,,hypothetical protein,7,7,1.0,1,4572,,,,471,501,496.7142857142857,JECDCPOO_02011,,,KAHEJOMD_02149,HMEEEBGO_02356,KGEHKDDB_02058,,HLLCJJMH_02111,BMKFACGC_02131,FHDKMCMF_01099
group_2508,,hypothetical protein,7,7,1.0,1,3972,,,,159,159,159.0,JECDCPOO_02391,KDAEOHOB_00144,,,HMEEEBGO_01938,KGEHKDDB_02420,,HLLCJJMH_02542,BMKFACGC_02489,FHDKMCMF_00740
group_2497,,hypothetical protein,7,8,1.1428571428571428,1,3958,,,,132,1137,839.625,,KDAEOHOB_02246,,KAHEJOMD_02113,HMEEEBGO_02392;HMEEEBGO_02393,KGEHKDDB_02023,GMGKJONF_02078,HLLCJJMH_02070,,FHDKMCMF_01135
group_2480,,hypothetical protein,7,7,1.0,1,3940,,,,171,171,171.0,JECDCPOO_02274,,,KAHEJOMD_02404,HMEEEBGO_02093,KGEHKDDB_02290,,HLLCJJMH_02379,BMKFACGC_02373,FHDKMCMF_00865
group_2353,,hypothetical protein,7,7,1.0,1,3795,,,,210,210,210.0,JECDCPOO_01332,,,KAHEJOMD_01481,HMEEEBGO_00349,KGEHKDDB_01324,GMGKJONF_01370,HLLCJJMH_01390,BMKFACGC_01246,
bcrA~~~bcrA_2,bcrA;bcrA_2,Bacitracin transport ATP-binding protein BcrA,7,7,1.0,1,3554,,,,666,693,669.8571428571429,JECDCPOO_02010,,,KAHEJOMD_02148,HMEEEBGO_02357,KGEHKDDB_02057,,HLLCJJMH_02110,BMKFACGC_02130,FHDKMCMF_01100
group_1986,,hypothetical protein,7,7,1.0,1,3352,,,,786,792,791.1428571428571,JECDCPOO_02008,,,KAHEJOMD_02146,HMEEEBGO_02359,KGEHKDDB_02055,,HLLCJJMH_02108,BMKFACGC_02127,FHDKMCMF_01102
group_1938,,hypothetical protein,7,7,1.0,1,3290,,,,360,360,360.0,JECDCPOO_01331,,,KAHEJOMD_01480,HMEEEBGO_00350,KGEHKDDB_01323,GMGKJONF_01369,HLLCJJMH_01389,BMKFACGC_01247,
group_1927,,hypothetical protein,7,7,1.0,1,3278,,,,363,363,363.0,,,OPNKAGHI_01440,KAHEJOMD_01311,,KGEHKDDB_01165,GMGKJONF_01220,HLLCJJMH_01214,BMKFACGC_01414,FHDKMCMF_01929
group_1776,,hypothetical protein,7,7,1.0,1,3081,,,,93,93,93.0,JECDCPOO_00351,,,KAHEJOMD_00383,HMEEEBGO_01451,KGEHKDDB_00349,GMGKJONF_00382,HLLCJJMH_00395,,FHDKMCMF_00230
group_1423,,hypothetical protein,7,7,1.0,1,2575,,,,603,603,603.0,,KDAEOHOB_00311,,KAHEJOMD_00073,HMEEEBGO_01761,KGEHKDDB_00053,,HLLCJJMH_00098,BMKFACGC_00066,FHDKMCMF_00526
group_1298,,hypothetical protein,7,7,1.0,1,2347,,,,690,690,690.0,JECDCPOO_02009,,,KAHEJOMD_02147,HMEEEBGO_02358,KGEHKDDB_02056,,HLLCJJMH_02109,BMKFACGC_02129,FHDKMCMF_01101
group_1152,,hypothetical protein,7,7,1.0,1,2074,,,,828,828,828.0,,KDAEOHOB_02245,,KAHEJOMD_02112,HMEEEBGO_02394,KGEHKDDB_02022,GMGKJONF_02077,HLLCJJMH_02069,,FHDKMCMF_01136
cheB,cheB,Protein-glutamate methylesterase/protein-glutamine glutaminase,7,7,1.0,1,2066,,,,831,831,831.0,JECDCPOO_02166,KDAEOHOB_02413,OPNKAGHI_00381,,HMEEEBGO_02222,KGEHKDDB_02192,,HLLCJJMH_02248,,FHDKMCMF_00962
group_1140,,hypothetical protein,7,7,1.0,1,2042,,,,843,843,843.0,JECDCPOO_02272,,,KAHEJOMD_02402,HMEEEBGO_02095,KGEHKDDB_02288,,HLLCJJMH_02377,BMKFACGC_02371,FHDKMCMF_00867
group_1132,,hypothetical protein,7,7,1.0,1,2027,,,,849,849,849.0,,KDAEOHOB_00239,,KAHEJOMD_02608,HMEEEBGO_01843,KGEHKDDB_02526,GMGKJONF_02562,HLLCJJMH_02623,,FHDKMCMF_00629
group_1131,,hypothetical protein,7,7,1.0,1,2026,,,,849,849,849.0,JECDCPOO_02273,,,KAHEJOMD_02403,HMEEEBGO_02094,KGEHKDDB_02289,,HLLCJJMH_02378,BMKFACGC_02372,FHDKMCMF_00866
rhaR_1,rhaR_1,HTH-type transcriptional activator RhaR,7,7,1.0,1,1974,,,,870,870,870.0,JECDCPOO_00263,KDAEOHOB_00521,,,HMEEEBGO_01539,KGEHKDDB_00261,,HLLCJJMH_00306,BMKFACGC_00290,FHDKMCMF_00318
group_1095,,hypothetical protein,7,7,1.0,1,1952,,,,1017,1017,1017.0,JECDCPOO_01257,KDAEOHOB_01521,,KAHEJOMD_01407,HMEEEBGO_00423,KGEHKDDB_01250,,HLLCJJMH_01313,,FHDKMCMF_01840
group_1056,,hypothetical protein,7,7,1.0,1,1874,,,,918,918,918.0,JECDCPOO_00761,,OPNKAGHI_01879,KAHEJOMD_00813,,KGEHKDDB_00771,,HLLCJJMH_00814,BMKFACGC_00817,FHDKMCMF_02324
deoR_1,deoR_1,Deoxyribonucleoside regulator,7,7,1.0,1,1869,,,,921,921,921.0,JECDCPOO_01255,KDAEOHOB_01519,,KAHEJOMD_01405,HMEEEBGO_00425,KGEHKDDB_01248,,HLLCJJMH_01311,,FHDKMCMF_01842
group_920,,IS30 family transposase ISLpl1;hypothetical protein;IS30 family transposase ISPp1,7,11,1.5714285714285714,1,1629,,,,369,930,721.9090909090909,,KDAEOHOB_00002,OPNKAGHI_02736;OPNKAGHI_02666,,HMEEEBGO_02084,KGEHKDDB_02700;KGEHKDDB_02697,GMGKJONF_00057,,BMKFACGC_02729;BMKFACGC_02235;BMKFACGC_02731,FHDKMCMF_00544
group_881,,hypothetical protein,7,7,1.0,1,1571,,,,123,123,123.0,JECDCPOO_01619,,OPNKAGHI_00915,,HMEEEBGO_02510,KGEHKDDB_01386,GMGKJONF_01434,HLLCJJMH_01505,BMKFACGC_01728,
group_769,,hypothetical protein,7,7,1.0,1,1430,,,,219,219,219.0,JECDCPOO_00022,KDAEOHOB_00277,OPNKAGHI_00021,,,KGEHKDDB_00019,,HLLCJJMH_00019,BMKFACGC_00019,FHDKMCMF_00588
rfbP,rfbP,Undecaprenyl-phosphate galactose phosphotransferase,7,7,1.0,1,1412,,,,669,681,675.8571428571429,JECDCPOO_01757,,OPNKAGHI_00770,KAHEJOMD_01884,,KGEHKDDB_01796,GMGKJONF_01851,HLLCJJMH_01841,,FHDKMCMF_01367
group_709,,hypothetical protein,7,7,1.0,1,1340,,,,210,219,217.71428571428572,JECDCPOO_01224,,,KAHEJOMD_01357,HMEEEBGO_00458,KGEHKDDB_01210,,HLLCJJMH_01259,BMKFACGC_01368,FHDKMCMF_01881
group_621,,hypothetical protein,7,7,1.0,1,1209,,,,288,399,379.2857142857143,JECDCPOO_01385,KDAEOHOB_01725,OPNKAGHI_01228,KAHEJOMD_01533,HMEEEBGO_00154,,GMGKJONF_01506,,BMKFACGC_01186,
group_592,,hypothetical protein,7,7,1.0,1,1151,,,,348,348,348.0,,KDAEOHOB_00172,OPNKAGHI_00139,KAHEJOMD_02540,,KGEHKDDB_02447,GMGKJONF_02493,HLLCJJMH_02514,,FHDKMCMF_00713
group_543,,hypothetical protein,7,7,1.0,1,1076,,,,261,261,261.0,JECDCPOO_02184,KDAEOHOB_02426,OPNKAGHI_00369,KAHEJOMD_02286,HMEEEBGO_02210,,GMGKJONF_02265,,BMKFACGC_02278,
group_541,,hypothetical protein,7,7,1.0,1,1073,,,,222,222,222.0,JECDCPOO_01633,KDAEOHOB_01665,,KAHEJOMD_00849,HMEEEBGO_00276,KGEHKDDB_01398,GMGKJONF_01448,,BMKFACGC_01740,
tyrS_2,tyrS_2,Tyrosine--tRNA ligase,7,7,1.0,1,1053,,,,1257,1257,1257.0,JECDCPOO_02388,KDAEOHOB_00141,,,HMEEEBGO_01941,KGEHKDDB_02417,,HLLCJJMH_02545,BMKFACGC_02486,FHDKMCMF_00743
group_514,,hypothetical protein,7,7,1.0,1,1032,,,,126,126,126.0,0_refound_3,1_refound_8,OPNKAGHI_01163,KAHEJOMD_01598,HMEEEBGO_00089,,GMGKJONF_01570,,BMKFACGC_01120,
glnK,glnK,Sensor histidine kinase GlnK,7,7,1.0,1,979,,,,1299,1299,1299.0,JECDCPOO_02165,KDAEOHOB_02412,OPNKAGHI_00382,,HMEEEBGO_02223,KGEHKDDB_02191,,HLLCJJMH_02247,,FHDKMCMF_00963
emrB_2,emrB_2,Multidrug export protein EmrB,7,7,1.0,1,640,,,,1476,1476,1476.0,,KDAEOHOB_00312,,KAHEJOMD_00074,HMEEEBGO_01760,KGEHKDDB_00054,,HLLCJJMH_00099,BMKFACGC_00067,FHDKMCMF_00525
ylaC,ylaC,RNA polymerase sigma factor YlaC,7,7,1.0,1,639,,,,483,483,483.0,JECDCPOO_00760,,OPNKAGHI_01880,KAHEJOMD_00812,,KGEHKDDB_00770,,HLLCJJMH_00813,BMKFACGC_00816,FHDKMCMF_02325
xylB_4,xylB_4,Xylulose kinase,7,7,1.0,1,605,,,,1509,1509,1509.0,JECDCPOO_01256,KDAEOHOB_01520,,KAHEJOMD_01406,HMEEEBGO_00424,KGEHKDDB_01249,,HLLCJJMH_01312,,FHDKMCMF_01841
group_284,,hypothetical protein,7,7,1.0,1,597,,,,1515,1515,1515.0,JECDCPOO_02167,KDAEOHOB_02414,OPNKAGHI_00380,,HMEEEBGO_02221,KGEHKDDB_02193,,HLLCJJMH_02249,,FHDKMCMF_00961
group_262,,hypothetical protein,7,7,1.0,1,565,,,,1947,2073,1977.857142857143,JECDCPOO_01045,,OPNKAGHI_01578,,HMEEEBGO_00627,KGEHKDDB_01044,,HLLCJJMH_01093,BMKFACGC_01514,FHDKMCMF_02051
group_165,,hypothetical protein,7,7,1.0,1,357,,,,696,2637,1952.5714285714287,JECDCPOO_00043,KDAEOHOB_00294,OPNKAGHI_00052,KAHEJOMD_00056,,KGEHKDDB_00036,,HLLCJJMH_00081,,FHDKMCMF_00543
group_164,,hypothetical protein,7,8,1.1428571428571428,1,356,,,,591,1845,1563.75,,KDAEOHOB_00295,OPNKAGHI_00055,KAHEJOMD_00057;KAHEJOMD_00058,,KGEHKDDB_00037,GMGKJONF_00063,HLLCJJMH_00082,,FHDKMCMF_00542
group_152,,hypothetical protein,7,7,1.0,1,340,,,,261,261,261.0,JECDCPOO_02390,KDAEOHOB_00143,,,HMEEEBGO_01939,KGEHKDDB_02419,,HLLCJJMH_02543,BMKFACGC_02488,FHDKMCMF_00741
tdc,tdc,L-tyrosine decarboxylase,7,7,1.0,1,331,,,,1881,1881,1881.0,JECDCPOO_02387,KDAEOHOB_00140,,,HMEEEBGO_01942,KGEHKDDB_02416,,HLLCJJMH_02546,BMKFACGC_02485,FHDKMCMF_00744
bgaA,bgaA,Beta-galactosidase BgaA,7,7,1.0,1,290,,,,1992,1992,1992.0,JECDCPOO_00264,KDAEOHOB_00522,,,HMEEEBGO_01538,KGEHKDDB_00262,,HLLCJJMH_00307,BMKFACGC_00291,FHDKMCMF_00317
group_101,,hypothetical protein,7,7,1.0,1,240,,,,543,543,543.0,JECDCPOO_02413,,,KAHEJOMD_02536,HMEEEBGO_01914,KGEHKDDB_02442,GMGKJONF_02488,HLLCJJMH_02520,,FHDKMCMF_00718
group_82,,hypothetical protein,7,7,1.0,1,197,,,,1230,1335,1320.0,JECDCPOO_00266,KDAEOHOB_00524,,,HMEEEBGO_01536,KGEHKDDB_00264,,HLLCJJMH_00309,BMKFACGC_00296,FHDKMCMF_00315
bglB_1,bglB_1,Thermostable beta-glucosidase B,7,7,1.0,1,182,,,,2223,2223,2223.0,JECDCPOO_00262,KDAEOHOB_00520,,,HMEEEBGO_01540,KGEHKDDB_00260,,HLLCJJMH_00305,BMKFACGC_00289,FHDKMCMF_00319
group_65,,hypothetical protein,7,7,1.0,1,147,,,,522,522,522.0,,,OPNKAGHI_01441,KAHEJOMD_01310,,KGEHKDDB_01164,GMGKJONF_01219,HLLCJJMH_01213,BMKFACGC_01415,FHDKMCMF_01930
fucP_1,fucP_1,L-fucose-proton symporter,7,7,1.0,1,9,,,,687,1368,1270.7142857142858,JECDCPOO_01258,KDAEOHOB_01522,,KAHEJOMD_01408,HMEEEBGO_00422,KGEHKDDB_01251,,HLLCJJMH_01314,,FHDKMCMF_01839
nhaC_3~~~nhaC_2,nhaC_3;nhaC_2,Na(+)/H(+) antiporter NhaC,7,7,1.0,1,2,,,,420,1431,1286.5714285714287,JECDCPOO_02385,KDAEOHOB_00138,,,HMEEEBGO_01944,KGEHKDDB_02414,,HLLCJJMH_02549,BMKFACGC_02483,FHDKMCMF_00750
group_3088,,hypothetical protein,6,6,1.0,1,4652,,,,186,384,351.0,JECDCPOO_02301,,OPNKAGHI_00232,,HMEEEBGO_02029,KGEHKDDB_02328,,HLLCJJMH_02406,,FHDKMCMF_00838
cbh,cbh,Bile salt hydrolase/transferase,6,6,1.0,1,4648,,,,1050,1050,1050.0,JECDCPOO_00766,KDAEOHOB_01028,,KAHEJOMD_00818,HMEEEBGO_01025,,GMGKJONF_00808,,BMKFACGC_00822,
group_3075,,hypothetical protein,6,6,1.0,1,4631,,,,96,96,96.0,,,2_refound_13,KAHEJOMD_00239,,KGEHKDDB_00202,,HLLCJJMH_00246,BMKFACGC_00224,FHDKMCMF_00377
group_2708,,hypothetical protein,6,6,1.0,1,4188,,,,396,396,396.0,JECDCPOO_02177,KDAEOHOB_02424,OPNKAGHI_00371,,,KGEHKDDB_02203,,HLLCJJMH_02260,,FHDKMCMF_00951
group_2510,,hypothetical protein,6,6,1.0,1,3974,,,,159,159,159.0,,KDAEOHOB_00743,,KAHEJOMD_00521,HMEEEBGO_01317,KGEHKDDB_00482,,HLLCJJMH_00527,,FHDKMCMF_00096
group_2463,,hypothetical protein,6,6,1.0,1,3923,,,,177,177,177.0,JECDCPOO_02252,KDAEOHOB_02497,OPNKAGHI_00286,KAHEJOMD_02381,HMEEEBGO_02115,,,,BMKFACGC_02349,
group_2365,,hypothetical protein,6,6,1.0,1,3807,,,,207,207,207.0,,,OPNKAGHI_00116,KAHEJOMD_00123,,KGEHKDDB_00099,GMGKJONF_00127,HLLCJJMH_00145,,FHDKMCMF_00480
group_1359,,hypothetical protein,6,6,1.0,1,2474,,,,642,642,642.0,,,OPNKAGHI_00115,KAHEJOMD_00122,,KGEHKDDB_00098,GMGKJONF_00126,HLLCJJMH_00144,,FHDKMCMF_00481
trpF,trpF,N-(5'-phosphoribosyl)anthranilate isomerase,6,6,1.0,1,2337,,,,693,693,693.0,JECDCPOO_02305,,OPNKAGHI_00227,,HMEEEBGO_02025,KGEHKDDB_02332,,HLLCJJMH_02410,,FHDKMCMF_00834
group_1233,,hypothetical protein,6,6,1.0,1,2227,,,,747,747,747.0,JECDCPOO_00764,KDAEOHOB_01026,,KAHEJOMD_00816,HMEEEBGO_01027,,GMGKJONF_00806,,BMKFACGC_00820,
psuK,psuK,Pseudouridine kinase,6,6,1.0,1,1781,,,,957,957,957.0,JECDCPOO_02306,,OPNKAGHI_00226,,HMEEEBGO_02024,KGEHKDDB_02333,,HLLCJJMH_02411,,FHDKMCMF_00833
group_980,,hypothetical protein,6,6,1.0,1,1708,,,,996,996,996.0,JECDCPOO_00765,KDAEOHOB_01027,,KAHEJOMD_00817,HMEEEBGO_01026,,GMGKJONF_00807,,BMKFACGC_00821,
group_950,,hypothetical protein,6,6,1.0,1,1668,,,,369,372,370.0,JECDCPOO_01627,KDAEOHOB_01661,,KAHEJOMD_00854,HMEEEBGO_00280,,,HLLCJJMH_01512,BMKFACGC_01736,
group_945,,IS30 family transposase ISLpl1,6,6,1.0,1,1662,,,,705,930,892.5,,,OPNKAGHI_02755,KAHEJOMD_02760,,KGEHKDDB_02618,,HLLCJJMH_02764,BMKFACGC_02780,FHDKMCMF_01767
cytR,cytR,HTH-type transcriptional repressor CytR,6,6,1.0,1,1616,,,,1020,1020,1020.0,JECDCPOO_00763,KDAEOHOB_01025,,KAHEJOMD_00815,HMEEEBGO_01028,,GMGKJONF_00805,,BMKFACGC_00819,
group_885,,hypothetical protein,6,7,1.1666666666666667,1,1579,,,,420,1008,822.4285714285714,JECDCPOO_00768,KDAEOHOB_01030,,KAHEJOMD_00820,HMEEEBGO_01023;HMEEEBGO_01022,,GMGKJONF_00811,,BMKFACGC_00825,
group_876,,hypothetical protein,6,6,1.0,1,1561,,,,192,207,194.5,JECDCPOO_01603,,,KAHEJOMD_02964,HMEEEBGO_00185,,GMGKJONF_01683,HLLCJJMH_01491,,FHDKMCMF_01537
group_874,,hypothetical protein,6,6,1.0,1,1559,,,,174,216,206.0,,,,KAHEJOMD_02963,HMEEEBGO_00188,KGEHKDDB_01633,GMGKJONF_01682,HLLCJJMH_01489,,FHDKMCMF_01539
group_791,,hypothetical protein,6,6,1.0,1,1455,,,,231,234,232.5,JECDCPOO_01592,KDAEOHOB_01635,OPNKAGHI_00935,KAHEJOMD_00885,,KGEHKDDB_01368,GMGKJONF_01407,,,
deoK,deoK,Deoxyribokinase,6,6,1.0,1,1453,,,,1089,1089,1089.0,JECDCPOO_02307,,OPNKAGHI_00225,,HMEEEBGO_02023,KGEHKDDB_02334,,HLLCJJMH_02412,,FHDKMCMF_00832
group_773,,hypothetical protein,6,6,1.0,1,1434,,,,444,477,471.5,JECDCPOO_02254,KDAEOHOB_02500,OPNKAGHI_00283,KAHEJOMD_02384,HMEEEBGO_02113,,,,BMKFACGC_02352,
group_746,,hypothetical protein,6,6,1.0,1,1397,,,,120,219,202.5,JECDCPOO_01634,KDAEOHOB_01666,,,HMEEEBGO_00275,KGEHKDDB_01399,GMGKJONF_01449,,BMKFACGC_01741,
group_724,,hypothetical protein,6,6,1.0,1,1365,,,,372,375,373.0,JECDCPOO_02481,,OPNKAGHI_02628,,,KGEHKDDB_02522,,HLLCJJMH_02619,BMKFACGC_02602,FHDKMCMF_00633
nupC,nupC,Nucleoside permease NupC,6,6,1.0,1,1205,,,,1185,1185,1185.0,JECDCPOO_02302,,OPNKAGHI_00231,,HMEEEBGO_02028,KGEHKDDB_02329,,HLLCJJMH_02407,,FHDKMCMF_00837
arcA_1,arcA_1,Arginine deiminase,6,6,1.0,1,1169,,,,1233,1233,1233.0,JECDCPOO_00767,KDAEOHOB_01029,,KAHEJOMD_00819,HMEEEBGO_01024,,GMGKJONF_00810,,BMKFACGC_00823,
group_437,,hypothetical protein,6,6,1.0,1,896,,,,2598,2982,2694.0,JECDCPOO_00142,KDAEOHOB_00398,,,HMEEEBGO_01675,KGEHKDDB_00136,,HLLCJJMH_00184,,FHDKMCMF_00443
group_232,,IS30 family transposase ISLpl1,6,6,1.0,1,498,,,,930,930,930.0,,,OPNKAGHI_02748,KAHEJOMD_02796,,KGEHKDDB_02567,,HLLCJJMH_02751,BMKFACGC_02787,FHDKMCMF_00592
group_179,,hypothetical protein,6,7,1.1666666666666667,1,395,,,,351,1161,981.8571428571429,JECDCPOO_02303,,OPNKAGHI_00230;OPNKAGHI_00229,,HMEEEBGO_02027,KGEHKDDB_02330,,HLLCJJMH_02408,,FHDKMCMF_00836
group_155,,hypothetical protein,6,6,1.0,1,345,,,,366,612,551.0,JECDCPOO_02253,KDAEOHOB_02498,OPNKAGHI_00285,KAHEJOMD_02382,HMEEEBGO_02114,,,,BMKFACGC_02350,
group_66,,hypothetical protein,6,6,1.0,1,150,,,,627,627,627.0,JECDCPOO_02304,,OPNKAGHI_00228,,HMEEEBGO_02026,KGEHKDDB_02331,,HLLCJJMH_02409,,FHDKMCMF_00835
group_3132,,IS30 family transposase ISLpl1,5,5,1.0,13,1,,,,297,930,803.4,,,,KAHEJOMD_02709,,KGEHKDDB_02621,,HLLCJJMH_02753,BMKFACGC_02674,FHDKMCMF_02702
group_3097,,hypothetical protein,5,5,1.0,1,4668,,,,1458,1458,1458.0,JECDCPOO_00878,,,KAHEJOMD_01022,HMEEEBGO_00881,,GMGKJONF_00933,,BMKFACGC_00958,
group_3096,,hypothetical protein,5,5,1.0,1,4667,,,,120,183,167.25,0_refound_2,,OPNKAGHI_00547,,HMEEEBGO_02391,,GMGKJONF_02080,,BMKFACGC_02087,
group_3054,;rhaR_6,hypothetical protein;HTH-type transcriptional activator RhaR,5,5,1.0,1,4584,,,,459,954,855.0,,KDAEOHOB_02125,,,HMEEEBGO_02591,KGEHKDDB_01897,,HLLCJJMH_01942,,FHDKMCMF_01263
group_2956,,hypothetical protein,5,5,1.0,1,4477,,,,171,171,171.0,JECDCPOO_01556,KDAEOHOB_01603,,,HMEEEBGO_00339,KGEHKDDB_01334,,,BMKFACGC_01037,
group_2481,,hypothetical protein,5,5,1.0,1,3941,,,,171,171,171.0,,KDAEOHOB_00225,OPNKAGHI_02614,KAHEJOMD_02595,,,GMGKJONF_02548,,BMKFACGC_02581,
group_2433,,hypothetical protein,5,5,1.0,1,3889,,,,186,186,186.0,JECDCPOO_00875,,,KAHEJOMD_01019,HMEEEBGO_00884,,GMGKJONF_00930,,BMKFACGC_00955,
group_2405,,hypothetical protein,5,5,1.0,1,3856,,,,195,195,195.0,,KDAEOHOB_02127,,,HMEEEBGO_02589,KGEHKDDB_01899,,HLLCJJMH_01944,,FHDKMCMF_01261
group_2404,,hypothetical protein,5,5,1.0,1,3855,,,,195,195,195.0,,KDAEOHOB_00130,,,HMEEEBGO_01952,KGEHKDDB_02406,,HLLCJJMH_02488,,FHDKMCMF_00758
group_2161,,hypothetical protein,5,5,1.0,1,3566,,,,276,276,276.0,JECDCPOO_00876,,,KAHEJOMD_01020,HMEEEBGO_00883,,GMGKJONF_00931,,BMKFACGC_00956,
group_2143,,hypothetical protein,5,5,1.0,1,3544,,,,282,282,282.0,,,OPNKAGHI_02747,KAHEJOMD_02768,,KGEHKDDB_02615,,HLLCJJMH_02763,BMKFACGC_02788,
group_1987,,hypothetical protein,5,5,1.0,1,3353,,,,345,345,345.0,,,,KAHEJOMD_02000,,KGEHKDDB_01916,GMGKJONF_01967,HLLCJJMH_01962,,FHDKMCMF_01242
group_1815,,hypothetical protein,5,5,1.0,1,3129,,,,405,405,405.0,JECDCPOO_01555,KDAEOHOB_01602,,,HMEEEBGO_00340,KGEHKDDB_01333,,,BMKFACGC_01038,
group_1701,,hypothetical protein,5,5,1.0,1,2979,,,,459,459,459.0,,,,KAHEJOMD_01997,,KGEHKDDB_01913,GMGKJONF_01964,HLLCJJMH_01959,,FHDKMCMF_01245
group_1678,,hypothetical protein,5,5,1.0,1,2951,,,,468,468,468.0,JECDCPOO_01599,,,KAHEJOMD_00878,,,GMGKJONF_01681,HLLCJJMH_01488,,FHDKMCMF_01540
group_1666,,hypothetical protein,5,5,1.0,1,2935,,,,243,258,249.6,,KDAEOHOB_02431,OPNKAGHI_00352,KAHEJOMD_02315,HMEEEBGO_02182,,,HLLCJJMH_02292,,
group_1624,,hypothetical protein,5,5,1.0,1,2869,,,,495,495,495.0,JECDCPOO_02255,KDAEOHOB_02501,,KAHEJOMD_02385,HMEEEBGO_02112,,,,BMKFACGC_02353,
group_1598,,hypothetical protein,5,5,1.0,1,2837,,,,507,507,507.0,JECDCPOO_02256,KDAEOHOB_02502,,KAHEJOMD_02386,HMEEEBGO_02111,,,,BMKFACGC_02354,
yteR,yteR,Unsaturated rhamnogalacturonyl hydrolase YteR,5,5,1.0,1,2571,,,,1122,1122,1122.0,,,OPNKAGHI_02533,KAHEJOMD_00168,HMEEEBGO_01671,KGEHKDDB_00140,,,,FHDKMCMF_00439
group_1420,,hypothetical protein,5,5,1.0,1,2570,,,,843,843,843.0,,,OPNKAGHI_02531,KAHEJOMD_00170,HMEEEBGO_01669,KGEHKDDB_00142,,,,FHDKMCMF_00437
group_1356,,hypothetical protein,5,5,1.0,1,2464,,,,645,645,645.0,,KDAEOHOB_00899,,KAHEJOMD_00686,HMEEEBGO_01154,,GMGKJONF_00677,,BMKFACGC_00683,
melB,melB,Melibiose permease,5,5,1.0,1,2369,,,,1539,1539,1539.0,,,OPNKAGHI_02532,KAHEJOMD_00169,HMEEEBGO_01670,KGEHKDDB_00141,,,,FHDKMCMF_00438
group_1305,,hypothetical protein,5,5,1.0,1,2356,,,,687,687,687.0,JECDCPOO_00877,,,KAHEJOMD_01021,HMEEEBGO_00882,,GMGKJONF_00932,,BMKFACGC_00957,
group_1143,,hypothetical protein,5,5,1.0,1,2052,,,,840,840,840.0,,,,KAHEJOMD_01998,,KGEHKDDB_01914,GMGKJONF_01965,HLLCJJMH_01960,,FHDKMCMF_01244
btr,btr,HTH-type transcriptional activator Btr,5,5,1.0,1,1923,,,,894,894,894.0,,KDAEOHOB_02123,,,HMEEEBGO_02593,KGEHKDDB_01895,,HLLCJJMH_01940,,FHDKMCMF_01267
group_1074,soj_2,Sporulation initiation inhibitor protein Soj,5,5,1.0,1,1906,,,,900,900,900.0,,,OPNKAGHI_02746,KAHEJOMD_02769,,KGEHKDDB_02614,,HLLCJJMH_02762,BMKFACGC_02789,
group_1035,,hypothetical protein,5,5,1.0,1,1833,,,,936,936,936.0,,,,KAHEJOMD_01999,,KGEHKDDB_01915,GMGKJONF_01966,HLLCJJMH_01961,,FHDKMCMF_01243
yfdH,yfdH,Prophage bactoprenol glucosyl transferase,5,5,1.0,1,1817,,,,942,942,942.0,,KDAEOHOB_00898,,KAHEJOMD_00685,HMEEEBGO_01155,,GMGKJONF_00676,,BMKFACGC_00682,
group_1011,gpr_1,L-glyceraldehyde 3-phosphate reductase,5,5,1.0,1,1763,,,,969,969,969.0,,,OPNKAGHI_00131,,HMEEEBGO_01904,KGEHKDDB_02453,,HLLCJJMH_02508,,FHDKMCMF_00705
group_989,,hypothetical protein,5,5,1.0,1,1720,,,,1383,1416,1396.8,JECDCPOO_02229,,,KAHEJOMD_02358,,KGEHKDDB_02248,GMGKJONF_02312,,BMKFACGC_02322,
group_974,,hypothetical protein,5,5,1.0,1,1696,,,,429,429,429.0,,,OPNKAGHI_00962,KAHEJOMD_00912,HMEEEBGO_00733,,GMGKJONF_01380,HLLCJJMH_01528,,
group_973,,hypothetical protein,5,5,1.0,1,1695,,,,168,168,168.0,,,OPNKAGHI_00963,KAHEJOMD_00913,HMEEEBGO_00732,,GMGKJONF_01379,HLLCJJMH_01527,,
group_970,,hypothetical protein,5,5,1.0,1,1691,,,,432,432,432.0,,,OPNKAGHI_00964,KAHEJOMD_00914,HMEEEBGO_00731,,GMGKJONF_01378,HLLCJJMH_01526,,
group_968,,hypothetical protein,5,5,1.0,1,1689,,,,363,384,367.2,,,OPNKAGHI_00965,KAHEJOMD_00915,HMEEEBGO_00730,,GMGKJONF_01377,HLLCJJMH_01525,,
group_967,,hypothetical protein,5,5,1.0,1,1688,,,,519,519,519.0,,,OPNKAGHI_00966,KAHEJOMD_00916,HMEEEBGO_00729,,GMGKJONF_01376,HLLCJJMH_01524,,
group_960,,hypothetical protein,5,6,1.2,1,1680,,,,432,1053,882.5,,,OPNKAGHI_00967;OPNKAGHI_00968,KAHEJOMD_00917,HMEEEBGO_00728,,GMGKJONF_01375,HLLCJJMH_01523,,
group_951,,hypothetical protein,5,5,1.0,1,1669,,,,252,252,252.0,JECDCPOO_01635,,,KAHEJOMD_00852,,KGEHKDDB_01400,GMGKJONF_01450,HLLCJJMH_01515,,
group_937,,hypothetical protein,5,5,1.0,1,1651,,,,555,576,559.2,,KDAEOHOB_01656,,,HMEEEBGO_00285,KGEHKDDB_01389,GMGKJONF_01437,HLLCJJMH_01509,,
group_935,,hypothetical protein,5,5,1.0,1,1648,,,,195,225,207.0,,KDAEOHOB_01657,,,HMEEEBGO_00284,KGEHKDDB_01390,GMGKJONF_01438,HLLCJJMH_01510,,
group_893,,hypothetical protein,5,5,1.0,1,1588,,,,669,681,673.8,,,OPNKAGHI_01866,KAHEJOMD_00826,HMEEEBGO_01018,,GMGKJONF_00816,,BMKFACGC_00836,
group_891,,hypothetical protein,5,5,1.0,1,1586,,,,285,285,285.0,,,OPNKAGHI_01865,KAHEJOMD_00827,HMEEEBGO_01017,,GMGKJONF_00817,,BMKFACGC_00837,
group_887,,hypothetical protein,5,5,1.0,1,1581,,,,519,2064,1136.4,,,,KAHEJOMD_02840,,KGEHKDDB_02680,,HLLCJJMH_02732,BMKFACGC_02766,FHDKMCMF_02565
xerC_5~~~xerC_6~~~xerC_2,xerC_5;xerC_6;xerC_2,Tyrosine recombinase XerC,5,5,1.0,1,1577,,,,1155,1155,1155.0,,,OPNKAGHI_01869,KAHEJOMD_00823,HMEEEBGO_01020,,GMGKJONF_00813,,BMKFACGC_00833,
group_884,,hypothetical protein,5,5,1.0,1,1575,,,,210,240,216.0,,,,KAHEJOMD_02841,,KGEHKDDB_02681,,HLLCJJMH_02733,BMKFACGC_02702,FHDKMCMF_02566
group_879,,hypothetical protein,5,5,1.0,1,1568,,,,201,822,696.0,,,,,HMEEEBGO_00007,KGEHKDDB_01601,GMGKJONF_01652,HLLCJJMH_02743,,FHDKMCMF_02632
group_878,,hypothetical protein,5,5,1.0,1,1567,,,,279,279,279.0,,,,KAHEJOMD_02842,,KGEHKDDB_02682,,HLLCJJMH_02734,BMKFACGC_02703,FHDKMCMF_02567
group_872,,hypothetical protein,5,6,1.2,1,1557,,,,363,945,747.0,JECDCPOO_02471,,,,,KGEHKDDB_02510,,HLLCJJMH_02605;HLLCJJMH_02606,BMKFACGC_02586,FHDKMCMF_00646
group_869,,hypothetical protein,5,5,1.0,1,1551,,,,414,414,414.0,,,OPNKAGHI_01859,KAHEJOMD_00834,HMEEEBGO_01010,,GMGKJONF_00824,,BMKFACGC_00844,
group_801,araR,Arabinose metabolism transcriptional repressor,5,5,1.0,1,1471,,,,1077,1077,1077.0,,KDAEOHOB_02129,,,HMEEEBGO_02584,KGEHKDDB_01901,,HLLCJJMH_01946,,FHDKMCMF_01257
araR,araR,Arabinose metabolism transcriptional repressor,5,5,1.0,1,1460,,,,1086,1086,1086.0,JECDCPOO_01856,,OPNKAGHI_00673,KAHEJOMD_01984,,,GMGKJONF_01951,,BMKFACGC_01963,
group_789,,hypothetical protein,5,5,1.0,1,1451,,,,771,780,774.6,,,OPNKAGHI_01862,KAHEJOMD_00831,HMEEEBGO_01014,,GMGKJONF_00821,,BMKFACGC_00841,
group_776,,hypothetical protein,5,5,1.0,1,1437,,,,345,345,345.0,JECDCPOO_00236,KDAEOHOB_00494,OPNKAGHI_02425,,HMEEEBGO_01566,,,,BMKFACGC_00261,
group_758,,hypothetical protein,5,5,1.0,1,1415,,,,1107,1107,1107.0,JECDCPOO_00879,,,KAHEJOMD_01023,HMEEEBGO_00880,,GMGKJONF_00934,,BMKFACGC_00960,
group_752,,hypothetical protein,5,5,1.0,1,1408,,,,219,219,219.0,JECDCPOO_00769,KDAEOHOB_01031,OPNKAGHI_01871,KAHEJOMD_00821,HMEEEBGO_01021,,,,,
group_733,,hypothetical protein,5,5,1.0,1,1377,,,,1053,1053,1053.0,JECDCPOO_01553,KDAEOHOB_01600,,,HMEEEBGO_00342,KGEHKDDB_01331,,,BMKFACGC_01040,
group_679,,hypothetical protein,5,5,1.0,1,1294,,,,225,225,225.0,,,OPNKAGHI_01863,KAHEJOMD_00830,HMEEEBGO_01015,,GMGKJONF_00820,,BMKFACGC_00840,
group_678,,hypothetical protein,5,5,1.0,1,1293,,,,1401,1410,1404.6,,,OPNKAGHI_01861,KAHEJOMD_00832,HMEEEBGO_01013,,GMGKJONF_00822,,BMKFACGC_00842,
group_675,,hypothetical protein,5,5,1.0,1,1289,,,,1278,1278,1278.0,,,OPNKAGHI_02530,KAHEJOMD_00171,HMEEEBGO_01668,KGEHKDDB_00143,,,,FHDKMCMF_00436
xerC_11~~~xerC_4~~~xerC_5,xerC_11;xerC_4;xerC_5;,Tyrosine recombinase XerC;hypothetical protein,5,6,1.2,1,1143,,,,243,1164,940.0,,,,KAHEJOMD_01744,HMEEEBGO_02837;HMEEEBGO_02838,KGEHKDDB_01660,GMGKJONF_01714,,,FHDKMCMF_01505
group_571,,hypothetical protein,5,5,1.0,1,1118,,,,132,132,132.0,JECDCPOO_01557,KDAEOHOB_01604,,,HMEEEBGO_00338,KGEHKDDB_01335,,,BMKFACGC_01036,
group_553,,hypothetical protein,5,5,1.0,1,1093,,,,108,108,108.0,JECDCPOO_00771,KDAEOHOB_01032,OPNKAGHI_01870,KAHEJOMD_00822,,,GMGKJONF_00812,,,
group_532,,hypothetical protein,5,5,1.0,1,1058,,,,210,261,240.6,JECDCPOO_02179,,,,,KGEHKDDB_02205,GMGKJONF_02260,HLLCJJMH_02262,,FHDKMCMF_00948
group_493,,hypothetical protein,5,5,1.0,1,1003,,,,516,516,516.0,JECDCPOO_01554,KDAEOHOB_01601,,,HMEEEBGO_00341,KGEHKDDB_01332,,,BMKFACGC_01039,
xylP_5,xylP_5,Isoprimeverose transporter,5,5,1.0,1,803,,,,1377,1377,1377.0,,KDAEOHOB_02124,,,HMEEEBGO_02592,KGEHKDDB_01896,,HLLCJJMH_01941,,FHDKMCMF_01266
group_388,,hypothetical protein,5,5,1.0,1,796,,,,1524,1524,1524.0,,,OPNKAGHI_02745,KAHEJOMD_02758,,KGEHKDDB_02613,,HLLCJJMH_02761,BMKFACGC_02768,
xylT_2,xylT_2,D-xylose transporter,5,5,1.0,1,765,,,,1398,1398,1398.0,JECDCPOO_01855,,OPNKAGHI_00674,KAHEJOMD_01983,,,GMGKJONF_01950,,BMKFACGC_01962,
maa_2~~~maa_4~~~maa_3,maa_2;maa_4;maa_3,Maltose O-acetyltransferase,5,5,1.0,1,706,,,,417,588,539.4,JECDCPOO_01857,,OPNKAGHI_00672,KAHEJOMD_01985,,,GMGKJONF_01952,,BMKFACGC_01964,
group_323,,Putative universal stress protein,5,5,1.0,1,674,,,,447,447,447.0,,KDAEOHOB_01637,,KAHEJOMD_00881,HMEEEBGO_00307,KGEHKDDB_01371,,HLLCJJMH_01485,,
group_303,,hypothetical protein,5,5,1.0,1,634,,,,375,375,375.0,,,OPNKAGHI_01860,KAHEJOMD_00833,HMEEEBGO_01012,,GMGKJONF_00823,,BMKFACGC_00843,
xylB_6,xylB_6,Xylulose kinase,5,5,1.0,1,510,,,,1602,1602,1602.0,JECDCPOO_01854,,OPNKAGHI_00675,KAHEJOMD_01982,,,GMGKJONF_01949,,BMKFACGC_01961,
xylB_5,xylB_5,Xylulose kinase,5,5,1.0,1,507,,,,1605,1605,1605.0,,KDAEOHOB_02121,,,HMEEEBGO_02595,KGEHKDDB_01893,,HLLCJJMH_01938,,FHDKMCMF_01269
xylP_6,xylP_6,Isoprimeverose transporter,5,5,1.0,1,467,,,,471,1416,1078.2,,KDAEOHOB_02128,,,HMEEEBGO_02586,KGEHKDDB_01900,,HLLCJJMH_01945,,FHDKMCMF_01258
mprA_2,mprA_2,Response regulator MprA,5,5,1.0,1,365,,,,501,681,645.0,,KDAEOHOB_00896,,KAHEJOMD_00683,HMEEEBGO_01157,,GMGKJONF_00674,,BMKFACGC_00680,
hypBA1,hypBA1,Non-reducing end beta-L-arabinofuranosidase,5,5,1.0,1,306,,,,1962,1962,1962.0,,KDAEOHOB_02126,,,HMEEEBGO_02590,KGEHKDDB_01898,,HLLCJJMH_01943,,FHDKMCMF_01262
group_75,,hypothetical protein,5,6,1.2,1,173,,,,579,2583,2147.0,,KDAEOHOB_00900,,KAHEJOMD_00687,HMEEEBGO_01153,,GMGKJONF_00678;GMGKJONF_00679,,BMKFACGC_00684,
group_62,,hypothetical protein,5,5,1.0,1,141,,,,2376,2376,2376.0,,KDAEOHOB_02122,,,HMEEEBGO_02594,KGEHKDDB_01894,,HLLCJJMH_01939,,FHDKMCMF_01268
xylT_4~~~xylT_2,xylT_4;xylT_2,D-xylose transporter,5,5,1.0,1,105,,,,444,1371,1185.6,,KDAEOHOB_00131,,,HMEEEBGO_01951,KGEHKDDB_02407,,HLLCJJMH_02556,,FHDKMCMF_00757
rcsC_1,rcsC_1,Sensor histidine kinase RcsC,5,5,1.0,1,44,,,,1389,1527,1416.6,,KDAEOHOB_00897,,KAHEJOMD_00684,HMEEEBGO_01156,,GMGKJONF_00675,,BMKFACGC_00681,
group_3102,,hypothetical protein,4,4,1.0,3,2,,,,834,993,909.0,,,OPNKAGHI_02795,KAHEJOMD_02978,,,,HLLCJJMH_02695,,FHDKMCMF_02698
group_3086,,hypothetical protein,4,4,1.0,1,4650,,,,1911,1998,1932.75,JECDCPOO_02482,,,,,KGEHKDDB_02523,,HLLCJJMH_02620,,FHDKMCMF_00632
group_3080,,hypothetical protein,4,4,1.0,1,4641,,,,195,327,294.0,,,,KAHEJOMD_02641,,,,HLLCJJMH_02660,BMKFACGC_02638,FHDKMCMF_02539
group_3047,,hypothetical protein,4,4,1.0,1,4575,,,,306,321,317.25,,,,KAHEJOMD_02651,,,,HLLCJJMH_02672,BMKFACGC_02648,FHDKMCMF_02549
group_3046,,hypothetical protein,4,4,1.0,1,4574,,,,1236,1236,1236.0,,,,KAHEJOMD_02645,,,,HLLCJJMH_02664,BMKFACGC_02642,FHDKMCMF_02543
group_3028,,IS5 family transposase ISLpl3,4,4,1.0,1,4549,,,,432,432,432.0,,,,KAHEJOMD_02880,,KGEHKDDB_02620,,HLLCJJMH_00832,BMKFACGC_00751,
group_2998,,hypothetical protein,4,4,1.0,1,4519,,,,864,864,864.0,,,OPNKAGHI_02754,KAHEJOMD_02761,,,,HLLCJJMH_02770,BMKFACGC_02781,
group_2996,,IS5 family transposase ISCaa8,4,4,1.0,1,4517,,,,339,339,339.0,,,OPNKAGHI_02705,,,KGEHKDDB_02685,,,BMKFACGC_02705,FHDKMCMF_02596
group_2987,,hypothetical protein,4,4,1.0,1,4508,,,,399,399,399.0,,,OPNKAGHI_00950,KAHEJOMD_00900,,,GMGKJONF_01392,,BMKFACGC_01699,
group_2959,,hypothetical protein,4,4,1.0,1,4480,,,,249,249,249.0,JECDCPOO_01626,KDAEOHOB_01660,,,HMEEEBGO_00281,,,HLLCJJMH_01511,,
group_2958,,hypothetical protein,4,4,1.0,1,4479,,,,159,159,159.0,JECDCPOO_01620,,OPNKAGHI_00914,,,,GMGKJONF_01435,,BMKFACGC_01729,
group_2957,,hypothetical protein,4,4,1.0,1,4478,,,,216,216,216.0,JECDCPOO_01593,KDAEOHOB_01636,OPNKAGHI_00934,,,KGEHKDDB_01369,,,,
group_2716,,hypothetical protein,4,4,1.0,1,4197,,,,270,354,312.0,,,OPNKAGHI_00940,KAHEJOMD_00890,,,GMGKJONF_01402,,BMKFACGC_01709,
group_2602,,hypothetical protein,4,4,1.0,1,4071,,,,93,93,93.0,,,2_refound_10,KAHEJOMD_02264,,,GMGKJONF_02228,,BMKFACGC_02251,
group_2591,,hypothetical protein,4,4,1.0,1,4060,,,,105,105,105.0,,1_refound_7,,,4_refound_20,,GMGKJONF_00116,,BMKFACGC_00108,
group_2576,,hypothetical protein,4,4,1.0,1,4045,,,,120,120,120.0,,,,,,5_refound_22,,HLLCJJMH_02608,BMKFACGC_02588,FHDKMCMF_00644
group_2450,,hypothetical protein,4,4,1.0,1,3909,,,,183,183,183.0,,,,KAHEJOMD_02643,,,,HLLCJJMH_02662,BMKFACGC_02640,FHDKMCMF_02541
group_2446,,hypothetical protein,4,4,1.0,1,3904,,,,183,183,183.0,JECDCPOO_01550,KDAEOHOB_01597,,,HMEEEBGO_00345,KGEHKDDB_01328,,,,
group_2317,,hypothetical protein,4,4,1.0,1,3755,,,,225,225,225.0,,,,KAHEJOMD_02638,,,,HLLCJJMH_02657,BMKFACGC_02635,FHDKMCMF_02536
group_2221,,hypothetical protein,4,4,1.0,1,3645,,,,255,255,255.0,JECDCPOO_01630,KDAEOHOB_01664,,,HMEEEBGO_00277,KGEHKDDB_01397,,,,
group_2211,,hypothetical protein,4,4,1.0,1,3634,,,,258,258,258.0,JECDCPOO_01552,KDAEOHOB_01599,,,HMEEEBGO_00343,KGEHKDDB_01330,,,,
cas2,cas2,CRISPR-associated endoribonuclease Cas2,4,4,1.0,1,3476,,,,306,306,306.0,,KDAEOHOB_00084,OPNKAGHI_00202,,HMEEEBGO_01991,,GMGKJONF_02405,,,
group_1998,,hypothetical protein,4,4,1.0,1,3368,,,,342,342,342.0,,,,,,KGEHKDDB_02512,,HLLCJJMH_02609,BMKFACGC_02589,FHDKMCMF_00643
group_1980,,hypothetical protein,4,4,1.0,1,3344,,,,348,348,348.0,,,,KAHEJOMD_02725,,,,HLLCJJMH_02687,BMKFACGC_02688,FHDKMCMF_02517
group_1964,,hypothetical protein,4,4,1.0,1,3325,,,,354,354,354.0,,,,,,KGEHKDDB_02511,,HLLCJJMH_02607,BMKFACGC_02587,FHDKMCMF_00645
group_1837,,hypothetical protein,4,4,1.0,1,3164,,,,396,396,396.0,,,,KAHEJOMD_02642,,,,HLLCJJMH_02661,BMKFACGC_02639,FHDKMCMF_02540
group_1785,,Alkaline shock protein 23,4,4,1.0,1,3092,,,,420,420,420.0,JECDCPOO_01549,KDAEOHOB_01596,,,HMEEEBGO_00346,KGEHKDDB_01327,,,,
group_1719,,hypothetical protein,4,4,1.0,1,2998,,,,453,453,453.0,,,,,,KGEHKDDB_02508,,HLLCJJMH_02603,BMKFACGC_02583,FHDKMCMF_00648
group_1687,,hypothetical protein,4,4,1.0,1,2963,,,,465,465,465.0,,,OPNKAGHI_00942,KAHEJOMD_00892,,,GMGKJONF_01400,,BMKFACGC_01707,
group_1676,,S-layer protein,4,4,1.0,1,2947,,,,1374,1374,1374.0,,KDAEOHOB_02469,,,HMEEEBGO_02141,,,HLLCJJMH_02330,,FHDKMCMF_00909
group_1654,,hypothetical protein,4,4,1.0,1,2911,,,,480,480,480.0,JECDCPOO_02277,,,,,KGEHKDDB_02293,,HLLCJJMH_02382,,FHDKMCMF_00862
group_1519,,hypothetical protein,4,4,1.0,1,2718,,,,546,546,546.0,JECDCPOO_01551,KDAEOHOB_01598,,,HMEEEBGO_00344,KGEHKDDB_01329,,,,
cas9,cas9,CRISPR-associated endonuclease Cas9,4,4,1.0,1,2511,,,,4053,4056,4055.25,,KDAEOHOB_00086,OPNKAGHI_00200,,HMEEEBGO_01989,,GMGKJONF_02407,,,
group_1254,,hypothetical protein,4,4,1.0,1,2267,,,,723,723,723.0,JECDCPOO_02276,,,,,KGEHKDDB_02292,,HLLCJJMH_02381,,FHDKMCMF_00863
group_1234,menH_2,2-succinyl-6-hydroxy-24-cyclohexadiene-1-carboxylate synthase,4,4,1.0,1,2230,,,,747,747,747.0,JECDCPOO_01974,,,,,KGEHKDDB_02021,,HLLCJJMH_02067,,FHDKMCMF_01138
group_1195,,hypothetical protein,4,4,1.0,1,2167,,,,777,777,777.0,,,OPNKAGHI_02752,KAHEJOMD_02763,,,,HLLCJJMH_02768,BMKFACGC_02783,
group_1161,,hypothetical protein,4,4,1.0,1,2091,,,,819,819,819.0,,,OPNKAGHI_02750,KAHEJOMD_02765,,,,HLLCJJMH_02766,BMKFACGC_02785,
group_1158,,hypothetical protein,4,4,1.0,1,2087,,,,822,822,822.0,,KDAEOHOB_00228,,,HMEEEBGO_01854,,GMGKJONF_02551,,BMKFACGC_02593,
group_1099,,hypothetical protein,4,4,1.0,1,1964,,,,879,879,879.0,,,OPNKAGHI_00943,KAHEJOMD_00893,,,GMGKJONF_01399,,BMKFACGC_01706,
cas1,cas1,CRISPR-associated endonuclease Cas1,4,4,1.0,1,1897,,,,906,906,906.0,,KDAEOHOB_00085,OPNKAGHI_00201,,HMEEEBGO_01990,,GMGKJONF_02406,,,
rihC_3,rihC_3,Non-specific ribonucleoside hydrolase RihC,4,4,1.0,1,1823,,,,939,939,939.0,JECDCPOO_02279,,,,,KGEHKDDB_02295,,HLLCJJMH_02384,,FHDKMCMF_00860
gspA,gspA,General stress protein A,4,4,1.0,1,1796,,,,951,951,951.0,,,OPNKAGHI_02753,KAHEJOMD_02762,,,,HLLCJJMH_02769,BMKFACGC_02782,
group_996,,hypothetical protein,4,4,1.0,1,1736,,,,984,984,984.0,,,OPNKAGHI_00779,,,KGEHKDDB_01790,,HLLCJJMH_01831,,FHDKMCMF_01374
group_988,,hypothetical protein,4,4,1.0,1,1719,,,,462,507,495.75,JECDCPOO_02228,,,KAHEJOMD_02357,,,GMGKJONF_02311,,BMKFACGC_02321,
group_985,,hypothetical protein,4,4,1.0,1,1714,,,,318,318,318.0,,,,,HMEEEBGO_01806,,,HLLCJJMH_02757,BMKFACGC_02663,FHDKMCMF_02513
group_984,,IS30 family transposase ISLpl1,4,4,1.0,1,1713,,,,930,930,930.0,,,,,,KGEHKDDB_02702,GMGKJONF_00041,,BMKFACGC_01547,FHDKMCMF_00568
group_976,,hypothetical protein,4,4,1.0,1,1699,,,,942,1896,1412.25,,,OPNKAGHI_00961,KAHEJOMD_00911,HMEEEBGO_00735,,GMGKJONF_01381,,,
group_971,,hypothetical protein,4,4,1.0,1,1693,,,,126,348,264.75,,,,KAHEJOMD_00920,HMEEEBGO_00726,,,HLLCJJMH_01519,BMKFACGC_01624,
group_932,,hypothetical protein,4,4,1.0,1,1642,,,,264,264,264.0,,,,KAHEJOMD_01726,HMEEEBGO_02853,,GMGKJONF_01697,,,FHDKMCMF_01520
group_927,,hypothetical protein,4,4,1.0,1,1637,,,,309,471,349.5,,,OPNKAGHI_02701,,,,,HLLCJJMH_02737,BMKFACGC_02710,FHDKMCMF_02570
group_925,,hypothetical protein,4,4,1.0,1,1635,,,,588,588,588.0,,,,KAHEJOMD_02971,,,,HLLCJJMH_02702,BMKFACGC_02796,FHDKMCMF_02710
group_919,,IS30 family transposase ISSag3,4,4,1.0,1,1628,,,,1026,1026,1026.0,,,,,HMEEEBGO_02083,,GMGKJONF_00056,HLLCJJMH_02205,BMKFACGC_02730,
group_912,,hypothetical protein,4,4,1.0,1,1619,,,,1398,2106,1929.0,,,OPNKAGHI_01874,,,KGEHKDDB_00775,,HLLCJJMH_00821,,FHDKMCMF_02320
group_907,,hypothetical protein,4,4,1.0,1,1612,,,,1521,1524,1521.75,,,,KAHEJOMD_02733,,,,HLLCJJMH_02645,BMKFACGC_02625,FHDKMCMF_02525
rhaR_5~~~araC,rhaR_5;araC,HTH-type transcriptional activator RhaR;Arabinose operon regulatory protein,4,4,1.0,1,1598,,,,945,945,945.0,,,OPNKAGHI_01875,,,KGEHKDDB_00774,,HLLCJJMH_00817,,FHDKMCMF_02321
xylP_3,xylP_3,Isoprimeverose transporter,4,4,1.0,1,1597,,,,1377,1470,1400.25,,,OPNKAGHI_01876,,,KGEHKDDB_00773,,HLLCJJMH_00816,,FHDKMCMF_02322
group_894,,hypothetical protein,4,4,1.0,1,1589,,,,990,993,991.5,,,,KAHEJOMD_02629,,,,HLLCJJMH_02646,BMKFACGC_02626,FHDKMCMF_02526
group_877,;epsF,hypothetical protein;Putative glycosyltransferase EpsF,4,4,1.0,1,1564,,,,132,1128,879.0,,,OPNKAGHI_00774,,,KGEHKDDB_01793,,HLLCJJMH_01835,,FHDKMCMF_01370
group_867,,hypothetical protein,4,4,1.0,1,1548,,,,273,273,273.0,,,,,HMEEEBGO_00008,KGEHKDDB_01600,GMGKJONF_01651,,,FHDKMCMF_02633
group_865,,hypothetical protein,4,4,1.0,1,1546,,,,591,660,642.75,,,OPNKAGHI_00960,KAHEJOMD_00910,,,GMGKJONF_01382,,BMKFACGC_01687,
group_864,,hypothetical protein,4,4,1.0,1,1545,,,,768,1179,1076.25,,,OPNKAGHI_00959,KAHEJOMD_00909,,,GMGKJONF_01383,,BMKFACGC_01688,
group_849,,hypothetical protein,4,4,1.0,1,1526,,,,399,405,400.5,,,OPNKAGHI_00958,KAHEJOMD_00908,,,GMGKJONF_01384,,BMKFACGC_01689,
group_843,,hypothetical protein,4,4,1.0,1,1519,,,,450,456,454.5,,,,KAHEJOMD_02635,,,,HLLCJJMH_02653,BMKFACGC_02632,FHDKMCMF_02533
group_839,,hypothetical protein,4,4,1.0,1,1515,,,,192,342,304.5,,,,KAHEJOMD_02656,,,,HLLCJJMH_02677,BMKFACGC_02653,FHDKMCMF_02554
group_827,,hypothetical protein,4,4,1.0,1,1499,,,,429,429,429.0,,,,,HMEEEBGO_00006,KGEHKDDB_01602,,HLLCJJMH_02744,,FHDKMCMF_02631
group_822,,hypothetical protein,4,4,1.0,1,1494,,,,393,393,393.0,,,OPNKAGHI_00955,KAHEJOMD_00905,,,GMGKJONF_01387,,BMKFACGC_01692,
group_821,,hypothetical protein,4,4,1.0,1,1493,,,,345,345,345.0,,,OPNKAGHI_00957,KAHEJOMD_00907,,,GMGKJONF_01385,,BMKFACGC_01690,
group_807,,hypothetical protein,4,4,1.0,1,1477,,,,486,486,486.0,,,,KAHEJOMD_02636,,,,HLLCJJMH_02654,BMKFACGC_02633,FHDKMCMF_02534
group_800,,hypothetical protein,4,4,1.0,1,1470,,,,756,828,774.0,,KDAEOHOB_01650,,,HMEEEBGO_00291,KGEHKDDB_01382,,,BMKFACGC_01724,
group_798,,hypothetical protein,4,4,1.0,1,1466,,,,288,288,288.0,,,,KAHEJOMD_02630,,,,HLLCJJMH_02647,BMKFACGC_02627,FHDKMCMF_02528
group_797,,hypothetical protein,4,4,1.0,1,1465,,,,2352,2382,2374.5,,,,KAHEJOMD_02655,,,,HLLCJJMH_02676,BMKFACGC_02652,FHDKMCMF_02553
group_796,,hypothetical protein,4,4,1.0,1,1464,,,,600,600,600.0,,,OPNKAGHI_00946,KAHEJOMD_00896,,,GMGKJONF_01396,,BMKFACGC_01703,
group_783,,hypothetical protein,4,4,1.0,1,1445,,,,585,621,594.75,,,,KAHEJOMD_02730,,,,HLLCJJMH_02692,BMKFACGC_02693,FHDKMCMF_02522
group_779,,hypothetical protein,4,4,1.0,1,1441,,,,648,648,648.0,,,OPNKAGHI_00954,KAHEJOMD_00904,,,GMGKJONF_01388,,BMKFACGC_01693,
group_757,,hypothetical protein,4,4,1.0,1,1414,,,,1242,1275,1259.25,,,OPNKAGHI_00956,KAHEJOMD_00906,,,GMGKJONF_01386,,BMKFACGC_01691,
group_756,,hypothetical protein,4,4,1.0,1,1413,,,,165,243,204.0,,,OPNKAGHI_00952,KAHEJOMD_00902,,,GMGKJONF_01390,,BMKFACGC_01697,
group_753,,hypothetical protein,4,4,1.0,1,1409,,,,312,312,312.0,JECDCPOO_01591,KDAEOHOB_01634,,,HMEEEBGO_00308,KGEHKDDB_01367,,,,
group_748,,hypothetical protein,4,5,1.25,1,1399,,,,1248,2709,2160.6,,KDAEOHOB_00149,OPNKAGHI_00159;OPNKAGHI_00160,KAHEJOMD_02513,HMEEEBGO_01933,,,,,
group_744,,hypothetical protein,4,4,1.0,1,1395,,,,294,294,294.0,JECDCPOO_01618,,,,HMEEEBGO_02511,,GMGKJONF_01433,,BMKFACGC_01727,
group_737,,hypothetical protein,4,4,1.0,1,1387,,,,2709,2715,2712.0,,,,KAHEJOMD_02723,,,,HLLCJJMH_02685,BMKFACGC_02686,FHDKMCMF_02515
mnaA_1,mnaA_1,UDP-N-acetylglucosamine 2-epimerase,4,4,1.0,1,1385,,,,1119,1119,1119.0,,,OPNKAGHI_00781,,,KGEHKDDB_01788,,HLLCJJMH_01829,,FHDKMCMF_01376
mscL_2,mscL_2,Large-conductance mechanosensitive channel,4,4,1.0,1,1381,,,,378,384,382.5,,,,KAHEJOMD_01739,HMEEEBGO_02842,,GMGKJONF_01711,,,FHDKMCMF_01508
group_726,,hypothetical protein,4,5,1.25,1,1369,,,,879,1986,1550.4,,,,KAHEJOMD_02637,,,,HLLCJJMH_02655;HLLCJJMH_02656,BMKFACGC_02634,FHDKMCMF_02535
group_721,,hypothetical protein,4,4,1.0,1,1362,,,,588,588,588.0,,,OPNKAGHI_02793,,,KGEHKDDB_02640,,,BMKFACGC_02701,FHDKMCMF_02695
group_711,,hypothetical protein,4,4,1.0,1,1343,,,,1059,1062,1060.5,,KDAEOHOB_01651,,,HMEEEBGO_00290,KGEHKDDB_01383,,,BMKFACGC_01725,
group_707,,hypothetical protein,4,4,1.0,1,1338,,,,327,327,327.0,,,OPNKAGHI_00945,KAHEJOMD_00895,,,GMGKJONF_01397,,BMKFACGC_01704,
group_703,,hypothetical protein,4,4,1.0,1,1330,,,,195,195,195.0,,,,KAHEJOMD_02631,,,,HLLCJJMH_02648,BMKFACGC_02628,FHDKMCMF_02529
group_702,,hypothetical protein,4,4,1.0,1,1329,,,,924,927,926.25,,,,KAHEJOMD_02633,,,,HLLCJJMH_02650,BMKFACGC_02630,FHDKMCMF_02531
group_701,,hypothetical protein,4,4,1.0,1,1327,,,,894,930,921.0,,,,KAHEJOMD_02654,,,,HLLCJJMH_02675,BMKFACGC_02651,FHDKMCMF_02552
group_697,,hypothetical protein,4,4,1.0,1,1320,,,,375,375,375.0,,,OPNKAGHI_00947,KAHEJOMD_00897,,,GMGKJONF_01395,,BMKFACGC_01702,
dhmA,dhmA,Haloalkane dehalogenase,4,4,1.0,1,1316,,,,843,843,843.0,,,OPNKAGHI_02575,,,KGEHKDDB_02473,,HLLCJJMH_02564,,FHDKMCMF_00683
group_686,,hypothetical protein,4,4,1.0,1,1303,,,,1362,1362,1362.0,,,OPNKAGHI_00938,KAHEJOMD_00888,,,GMGKJONF_01404,,BMKFACGC_01711,
group_681,,hypothetical protein,4,4,1.0,1,1297,,,,720,753,736.5,,,OPNKAGHI_00936,KAHEJOMD_00886,,,GMGKJONF_01406,,BMKFACGC_01713,
group_662,,hypothetical protein,4,4,1.0,1,1267,,,,582,582,582.0,,,,KAHEJOMD_02729,,,,HLLCJJMH_02691,BMKFACGC_02692,FHDKMCMF_02521
group_658,,hypothetical protein,4,4,1.0,1,1260,,,,783,783,783.0,,,,KAHEJOMD_02647,,,,HLLCJJMH_02666,BMKFACGC_02644,FHDKMCMF_02545
group_657,,hypothetical protein,4,4,1.0,1,1257,,,,1164,1164,1164.0,JECDCPOO_02424,,OPNKAGHI_00128,,,,GMGKJONF_02501,,BMKFACGC_02536,
group_654,,hypothetical protein,4,4,1.0,1,1254,,,,4548,5766,5407.5,,,OPNKAGHI_00953,KAHEJOMD_00903,,,GMGKJONF_01389,,BMKFACGC_01694,
group_642,,hypothetical protein,4,4,1.0,1,1237,,,,1170,1170,1170.0,JECDCPOO_00019,,,KAHEJOMD_00019,HMEEEBGO_01802,,GMGKJONF_00020,,,
group_635,,hypothetical protein,4,4,1.0,1,1225,,,,330,393,345.75,,KDAEOHOB_02499,OPNKAGHI_00284,KAHEJOMD_02383,,,,,BMKFACGC_02351,
group_630,,hypothetical protein,4,4,1.0,1,1220,,,,321,324,323.25,,,,KAHEJOMD_02649,,,,HLLCJJMH_02670,BMKFACGC_02646,FHDKMCMF_02547
group_612,nudC,NAD-capped RNA hydrolase NudC,4,4,1.0,1,1193,,,,423,825,523.5,,,,,,KGEHKDDB_01246,,HLLCJJMH_01306,BMKFACGC_01330,FHDKMCMF_01844
group_590,,hypothetical protein,4,4,1.0,1,1148,,,,450,450,450.0,,,,KAHEJOMD_02652,,,,HLLCJJMH_02673,BMKFACGC_02649,FHDKMCMF_02550
topA_2~~~topB_1,topA_2;topB_1,DNA topoisomerase 1;DNA topoisomerase 3,4,4,1.0,1,1147,,,,2118,2118,2118.0,,,,KAHEJOMD_02646,,,,HLLCJJMH_02665,BMKFACGC_02643,FHDKMCMF_02544
group_585,,IS5 family transposase ISLpl3,4,4,1.0,1,1136,,,,372,372,372.0,,,,KAHEJOMD_02879,,KGEHKDDB_02619,,HLLCJJMH_00833,BMKFACGC_00752,
group_579,,hypothetical protein,4,4,1.0,1,1129,,,,375,375,375.0,,,OPNKAGHI_00951,KAHEJOMD_00901,,,GMGKJONF_01391,,BMKFACGC_01698,
group_578,,hypothetical protein,4,4,1.0,1,1128,,,,1038,1038,1038.0,,,OPNKAGHI_00949,KAHEJOMD_00899,,,GMGKJONF_01393,,BMKFACGC_01700,
group_554,,hypothetical protein,4,4,1.0,1,1095,,,,252,252,252.0,JECDCPOO_01547,KDAEOHOB_01594,,,HMEEEBGO_00348,KGEHKDDB_01325,,,,
codA_2,codA_2,Cytosine deaminase,4,4,1.0,1,1077,,,,1242,1242,1242.0,,,OPNKAGHI_02749,KAHEJOMD_02766,,,,HLLCJJMH_02765,BMKFACGC_02786,
group_534,,hypothetical protein,4,4,1.0,1,1062,,,,216,216,216.0,JECDCPOO_01617,,,,HMEEEBGO_02512,,GMGKJONF_01432,,BMKFACGC_01726,
xerC_5,xerC_5,Tyrosine recombinase XerC,4,4,1.0,1,1034,,,,1263,1263,1263.0,,KDAEOHOB_01671,,,HMEEEBGO_00269,KGEHKDDB_01405,GMGKJONF_01453,,,
group_510,,hypothetical protein,4,4,1.0,1,1028,,,,2460,2496,2476.5,,,,KAHEJOMD_02724,,,,HLLCJJMH_02686,BMKFACGC_02687,FHDKMCMF_02516
group_480,,hypothetical protein,4,4,1.0,1,976,,,,1104,1104,1104.0,,,OPNKAGHI_00941,KAHEJOMD_00891,,,GMGKJONF_01401,,BMKFACGC_01708,
dinB_3,dinB_3,DNA polymerase IV,4,4,1.0,1,965,,,,1302,1302,1302.0,,,,KAHEJOMD_02640,,,,HLLCJJMH_02659,BMKFACGC_02637,FHDKMCMF_02538
group_457,,hypothetical protein,4,4,1.0,1,935,,,,264,264,264.0,,KDAEOHOB_01655,,,HMEEEBGO_00286,KGEHKDDB_01388,GMGKJONF_01436,,,
group_395,,hypothetical protein,4,4,1.0,1,812,,,,363,363,363.0,,,OPNKAGHI_00944,KAHEJOMD_00894,,,GMGKJONF_01398,,BMKFACGC_01705,
group_380,,hypothetical protein,4,4,1.0,1,783,,,,429,429,429.0,,,,KAHEJOMD_02632,,,,HLLCJJMH_02649,BMKFACGC_02629,FHDKMCMF_02530
group_379,,hypothetical protein,4,4,1.0,1,782,,,,297,297,297.0,,,,KAHEJOMD_02634,,,,HLLCJJMH_02651,BMKFACGC_02631,FHDKMCMF_02532
group_376,,hypothetical protein,4,4,1.0,1,778,,,,819,819,819.0,,,,KAHEJOMD_02653,,,,HLLCJJMH_02674,BMKFACGC_02650,FHDKMCMF_02551
dcuD,dcuD,Putative cryptic C4-dicarboxylate transporter DcuD,4,4,1.0,1,752,,,,1407,1407,1407.0,JECDCPOO_02278,,,,,KGEHKDDB_02294,,HLLCJJMH_02383,,FHDKMCMF_00861
xylP_1,xylP_1,Isoprimeverose transporter,4,4,1.0,1,734,,,,1413,1413,1413.0,JECDCPOO_00020,,,KAHEJOMD_00020,HMEEEBGO_01801,,GMGKJONF_00021,,,
group_350,,hypothetical protein,4,4,1.0,1,723,,,,471,471,471.0,,,OPNKAGHI_00948,KAHEJOMD_00898,,,GMGKJONF_01394,,BMKFACGC_01701,
group_343,,hypothetical protein,4,4,1.0,1,710,,,,132,177,162.0,,1_refound_9,OPNKAGHI_00933,KAHEJOMD_00882,,KGEHKDDB_01370,,,,
group_327,,hypothetical protein,4,4,1.0,1,680,,,,315,1272,558.75,,,,KAHEJOMD_02468,,,GMGKJONF_02427,HLLCJJMH_02455,,FHDKMCMF_00789
group_309,,hypothetical protein,4,4,1.0,1,649,,,,828,828,828.0,,,OPNKAGHI_00939,KAHEJOMD_00889,,,GMGKJONF_01403,,BMKFACGC_01710,
group_308,,hypothetical protein,4,4,1.0,1,645,,,,1338,1338,1338.0,,,OPNKAGHI_00937,KAHEJOMD_00887,,,GMGKJONF_01405,,BMKFACGC_01712,
xynB_1,xynB_1,Beta-xylosidase,4,4,1.0,1,550,,,,1554,1554,1554.0,JECDCPOO_00021,,,KAHEJOMD_00021,HMEEEBGO_01800,,GMGKJONF_00022,,,
group_251,,hypothetical protein,4,4,1.0,1,547,,,,651,651,651.0,,,,KAHEJOMD_02726,,,,HLLCJJMH_02688,BMKFACGC_02689,FHDKMCMF_02518
group_250,,hypothetical protein,4,4,1.0,1,546,,,,1290,1290,1290.0,,,,KAHEJOMD_02728,,,,HLLCJJMH_02690,BMKFACGC_02691,FHDKMCMF_02520
clpC_2,clpC_2,ATP-dependent Clp protease ATP-binding subunit ClpC,4,4,1.0,1,501,,,,1671,1794,1763.25,,,,KAHEJOMD_02648,,,,HLLCJJMH_02667,BMKFACGC_02645,FHDKMCMF_02546
group_217,,hypothetical protein,4,4,1.0,1,478,,,,606,825,770.25,,KDAEOHOB_00226,,KAHEJOMD_02596,HMEEEBGO_01858,,GMGKJONF_02549,,,
wclR,;wclR,hypothetical protein;UDP-Gal:alpha-D-GlcNAc-diphosphoundecaprenol alpha-13-galactosyltransferase,4,4,1.0,1,454,,,,786,1089,948.75,,,OPNKAGHI_00772,,,KGEHKDDB_01794,,HLLCJJMH_01838,,FHDKMCMF_01369
group_191,,hypothetical protein;N-acetylglucosaminyldiphosphoundecaprenol N-acetyl-beta-D-mannosaminyltransferase,4,5,1.25,1,423,,,,150,765,600.0,,,OPNKAGHI_00771,,,KGEHKDDB_01795,,HLLCJJMH_01840;HLLCJJMH_01839,,FHDKMCMF_01368
group_190,,hypothetical protein,4,4,1.0,1,421,,,,1728,1728,1728.0,,,,KAHEJOMD_02639,,,,HLLCJJMH_02658,BMKFACGC_02636,FHDKMCMF_02537
lmrA_2,lmrA_2,Multidrug resistance ABC transporter ATP-binding and permease protein,4,4,1.0,1,405,,,,1752,1752,1752.0,,,OPNKAGHI_02751,KAHEJOMD_02764,,,,HLLCJJMH_02767,BMKFACGC_02784,
group_180,,hypothetical protein,4,4,1.0,1,396,,,,1785,1785,1785.0,,,,,,KGEHKDDB_02507,,HLLCJJMH_02602,BMKFACGC_02582,FHDKMCMF_00649
group_162,,hypothetical protein,4,4,1.0,1,353,,,,309,309,309.0,,,OPNKAGHI_02706,,,KGEHKDDB_02684,,,BMKFACGC_02704,FHDKMCMF_02595
group_149,,hypothetical protein,4,4,1.0,1,335,,,,399,432,407.25,,,,KAHEJOMD_02644,,,,HLLCJJMH_02663,BMKFACGC_02641,FHDKMCMF_02542
group_140,,hypothetical protein,4,4,1.0,1,310,,,,1953,1953,1953.0,,,,KAHEJOMD_02727,,,,HLLCJJMH_02689,BMKFACGC_02690,FHDKMCMF_02519
group_139,,hypothetical protein,4,4,1.0,1,305,,,,666,666,666.0,,KDAEOHOB_00083,OPNKAGHI_00203,,HMEEEBGO_01992,,GMGKJONF_02404,,,
group_134,,hypothetical protein,4,4,1.0,1,299,,,,2112,2118,2115.0,,,,KAHEJOMD_02650,,,,HLLCJJMH_02671,BMKFACGC_02647,FHDKMCMF_02548
group_121,,hypothetical protein,4,4,1.0,1,271,,,,480,822,736.5,JECDCPOO_01629,KDAEOHOB_01663,,,HMEEEBGO_00278,KGEHKDDB_01396,,,,
group_109,,Alkaline shock protein 23,4,4,1.0,1,254,,,,405,405,405.0,JECDCPOO_01548,KDAEOHOB_01595,,,HMEEEBGO_00347,KGEHKDDB_01326,,,,
group_78,,hypothetical protein,4,4,1.0,1,186,,,,2208,2208,2208.0,,,,,,KGEHKDDB_02509,,HLLCJJMH_02604,BMKFACGC_02584,FHDKMCMF_00647
nudC,nudC,NAD-capped RNA hydrolase NudC,4,4,1.0,1,149,,,,357,357,357.0,JECDCPOO_01253,KDAEOHOB_01517,,,HMEEEBGO_00427,,GMGKJONF_01295,,,
group_34,,hypothetical protein,4,4,1.0,1,71,,,,180,180,180.0,,,,,,KGEHKDDB_00883,,HLLCJJMH_00932,BMKFACGC_00964,FHDKMCMF_02212
group_14,,hypothetical protein,4,4,1.0,1,23,,,,774,1392,1237.5,,,OPNKAGHI_00778,,,KGEHKDDB_01791,,HLLCJJMH_01832,,FHDKMCMF_01373
group_3131,,hypothetical protein,3,3,1.0,12,1,,,,228,279,245.0,,,OPNKAGHI_02700,KAHEJOMD_02849,,KGEHKDDB_02728,,,,
group_3101,,hypothetical protein,3,3,1.0,3,1,,,,174,195,188.0,,,OPNKAGHI_02794,,,,,,BMKFACGC_02767,FHDKMCMF_02697
group_3070,,hypothetical protein,3,3,1.0,1,4623,,,,1098,1368,1278.0,,,,KAHEJOMD_01705,,,GMGKJONF_01676,,,FHDKMCMF_01544
uxuA_2~~~uxuA_1,uxuA_2;uxuA_1,Mannonate dehydratase,3,3,1.0,1,4606,,,,984,1074,1044.0,,,,KAHEJOMD_00194,HMEEEBGO_01644,,,,BMKFACGC_00179,
group_3058,,hypothetical protein,3,3,1.0,1,4592,,,,459,459,459.0,,,,,HMEEEBGO_00196,KGEHKDDB_01624,,,,FHDKMCMF_02609
group_3041,,hypothetical protein,3,3,1.0,1,4568,,,,381,381,381.0,JECDCPOO_01583,KDAEOHOB_01626,,,HMEEEBGO_00316,,,,,
group_3040,,hypothetical protein,3,3,1.0,1,4567,,,,369,369,369.0,,,,KAHEJOMD_01689,,,GMGKJONF_01660,,,FHDKMCMF_01561
group_3030,bin3_1,Putative transposon Tn552 DNA-invertase bin3,3,3,1.0,1,4551,,,,618,618,618.0,,,,KAHEJOMD_02821,,,,HLLCJJMH_02724,,FHDKMCMF_02590
group_3027,,IS5 family transposase ISLpl3,3,3,1.0,1,4548,,,,432,432,432.0,,,,KAHEJOMD_02678,,,,HLLCJJMH_02713,BMKFACGC_00270,
group_3024,,IS30 family transposase ISSag3,3,3,1.0,1,4545,,,,1026,1026,1026.0,,,,KAHEJOMD_02672,,,,HLLCJJMH_02560,BMKFACGC_02694,
group_3021,,IS30 family transposase ISSag3,3,3,1.0,1,4542,,,,1026,1026,1026.0,,,,KAHEJOMD_02318,HMEEEBGO_02179,,,HLLCJJMH_02259,,
group_3018,,IS30 family transposase ISSag3,3,3,1.0,1,4539,,,,1026,1026,1026.0,,,,,HMEEEBGO_01253,,GMGKJONF_00809,HLLCJJMH_01833,,
group_3016,,IS30 family transposase ISSag3,3,3,1.0,1,4537,,,,1026,1026,1026.0,,,,,HMEEEBGO_01229,,,HLLCJJMH_00637,BMKFACGC_00531,
group_3015,,IS30 family transposase ISSag3,3,3,1.0,1,4536,,,,1026,1026,1026.0,,,,,HMEEEBGO_01776,,GMGKJONF_00013,HLLCJJMH_00077,,
group_3014,,hypothetical protein,3,3,1.0,1,4535,,,,177,177,177.0,,,,,,KGEHKDDB_01603,,HLLCJJMH_02745,,FHDKMCMF_02630
group_3003,,hypothetical protein,3,3,1.0,1,4524,,,,309,309,309.0,,,OPNKAGHI_02763,KAHEJOMD_02898,,,,,BMKFACGC_02757,
group_2999,degV_5,Protein DegV,3,3,1.0,1,4520,,,,849,849,849.0,,,OPNKAGHI_02756,,,,,HLLCJJMH_02752,BMKFACGC_02779,
group_2997,,IS5 family transposase ISCaa8,3,3,1.0,1,4518,,,,339,339,339.0,,,OPNKAGHI_02764,KAHEJOMD_02897,,,,,BMKFACGC_02756,
group_2994,,IS30 family transposase ISLsa1,3,3,1.0,1,4515,,,,921,921,921.0,,,,,,KGEHKDDB_02678,,HLLCJJMH_02723,BMKFACGC_02719,
group_2991,,IS30 family transposase ISLsa1,3,3,1.0,1,4512,,,,921,921,921.0,,,OPNKAGHI_01235,,,,GMGKJONF_00785,,BMKFACGC_00858,
group_2989,,IS30 family transposase ISLsa1,3,3,1.0,1,4510,,,,921,921,921.0,,,,,,KGEHKDDB_02696,GMGKJONF_00053,,BMKFACGC_00040,
group_2976,,IS256 family transposase IS1310,3,3,1.0,1,4497,,,,1188,1188,1188.0,,,OPNKAGHI_02760,,,KGEHKDDB_02556,,,BMKFACGC_01546,
group_2968,,IS30 family transposase ISLpl1,3,3,1.0,1,4489,,,,930,930,930.0,,,OPNKAGHI_00237,,,KGEHKDDB_02672,,,BMKFACGC_02717,
group_2967,,IS30 family transposase ISLpl1,3,3,1.0,1,4488,,,,930,930,930.0,,,OPNKAGHI_02722,,,KGEHKDDB_02674,,,BMKFACGC_01363,
group_2965,,IS30 family transposase ISLpl1,3,3,1.0,1,4486,,,,930,930,930.0,,,OPNKAGHI_02782,,,KGEHKDDB_02745,,,BMKFACGC_00044,
group_2961,,hypothetical protein,3,3,1.0,1,4482,,,,216,216,216.0,,KDAEOHOB_01652,,,HMEEEBGO_00289,KGEHKDDB_01384,,,,
group_2545,,hypothetical protein,3,3,1.0,1,4013,,,,138,138,138.0,,,,,,KGEHKDDB_02471,,HLLCJJMH_02562,,FHDKMCMF_00685
group_2464,,hypothetical protein,3,3,1.0,1,3924,,,,177,177,177.0,,KDAEOHOB_01654,,,HMEEEBGO_00287,KGEHKDDB_01387,,,,
group_2427,,hypothetical protein,3,3,1.0,1,3883,,,,189,189,189.0,,,OPNKAGHI_02743,KAHEJOMD_02772,,KGEHKDDB_02611,,,,
ccpB,;ccpB,hypothetical protein;Catabolite control protein B,3,4,1.3333333333333333,1,3849,,,,126,939,687.0,JECDCPOO_01174;JECDCPOO_01175,KDAEOHOB_01440,,,HMEEEBGO_00504,,,,,
group_2268,,hypothetical protein,3,3,1.0,1,3695,,,,243,243,243.0,,,,,,KGEHKDDB_01457,,HLLCJJMH_01557,,FHDKMCMF_01715
group_2266,gpmA_6,23-bisphosphoglycerate-dependent phosphoglycerate mutase,3,3,1.0,1,3693,,,,243,243,243.0,,,,KAHEJOMD_02289,HMEEEBGO_02207,,,HLLCJJMH_02265,,
group_2199,,hypothetical protein,3,3,1.0,1,3621,,,,264,264,264.0,,,,,,,,HLLCJJMH_02701,BMKFACGC_02795,FHDKMCMF_02709
group_2180,,hypothetical protein,3,3,1.0,1,3593,,,,270,270,270.0,,KDAEOHOB_00026,,,HMEEEBGO_02056,KGEHKDDB_02301,,,,
group_2138,,hypothetical protein,3,3,1.0,1,3539,,,,285,285,285.0,,,,KAHEJOMD_01727,,,GMGKJONF_01700,,,FHDKMCMF_01517
group_2053,,hypothetical protein,3,3,1.0,1,3431,,,,321,321,321.0,,,,KAHEJOMD_01697,,,GMGKJONF_01668,,,FHDKMCMF_01553
group_2039,,hypothetical protein,3,3,1.0,1,3415,,,,324,324,324.0,,,,KAHEJOMD_01703,,,GMGKJONF_01674,,,FHDKMCMF_01546
group_2000,,hypothetical protein,3,3,1.0,1,3371,,,,339,339,339.0,JECDCPOO_01579,KDAEOHOB_01622,,,HMEEEBGO_00320,,,,,
mazF,mazF,Endoribonuclease toxin MazF,3,3,1.0,1,3359,,,,345,345,345.0,,,,,,,,HLLCJJMH_02700,BMKFACGC_02794,FHDKMCMF_02708
group_1921,,hypothetical protein,3,3,1.0,1,3271,,,,363,363,363.0,JECDCPOO_00058,,,,HMEEEBGO_01763,,,,BMKFACGC_00064,
group_1920,,hypothetical protein,3,3,1.0,1,3269,,,,366,366,366.0,,,,KAHEJOMD_00191,HMEEEBGO_01647,,,,BMKFACGC_00176,
group_1892,,hypothetical protein,3,3,1.0,1,3234,,,,375,375,375.0,,,,KAHEJOMD_01694,,,GMGKJONF_01665,,,FHDKMCMF_01556
group_1853,,hypothetical protein,3,3,1.0,1,3185,,,,387,387,387.0,JECDCPOO_01566,KDAEOHOB_01609,,,HMEEEBGO_00333,,,,,
group_1816,,hypothetical protein,3,3,1.0,1,3130,,,,405,405,405.0,,,,KAHEJOMD_02839,,,,HLLCJJMH_02731,BMKFACGC_02765,
gntP,gntP,High-affinity gluconate transporter,3,3,1.0,1,3120,,,,1338,1338,1338.0,,,,KAHEJOMD_00187,HMEEEBGO_01651,,,,BMKFACGC_00172,
group_1802,,hypothetical protein,3,3,1.0,1,3114,,,,411,411,411.0,,,,KAHEJOMD_01692,,,GMGKJONF_01663,,,FHDKMCMF_01558
group_1799,,hypothetical protein,3,3,1.0,1,3111,,,,414,414,414.0,,,,3_refound_15,,,,HLLCJJMH_02728,BMKFACGC_02762,
group_1790,,hypothetical protein,3,3,1.0,1,3097,,,,420,420,420.0,,,,,,KGEHKDDB_02472,,HLLCJJMH_02563,,FHDKMCMF_00684
group_1781,,hypothetical protein,3,3,1.0,1,3087,,,,423,423,423.0,,,,KAHEJOMD_01687,,,GMGKJONF_01658,,,FHDKMCMF_01563
group_1712,,IS30 family transposase ISLpl1,3,3,1.0,1,2991,,,,669,930,843.0,,,,KAHEJOMD_02292,,,GMGKJONF_02256,,,FHDKMCMF_00949
sqwI,sqwI,4-deoxy-4-sulfo-D-erythrose isomerase,3,3,1.0,1,2910,,,,480,480,480.0,JECDCPOO_02182,,,,,,GMGKJONF_02263,,BMKFACGC_02276,
group_1645,,putative HTH-type transcriptional regulator,3,3,1.0,1,2897,,,,483,483,483.0,JECDCPOO_02183,,,,,,GMGKJONF_02264,,BMKFACGC_02277,
group_1578,,hypothetical protein,3,3,1.0,1,2808,,,,309,309,309.0,,,,KAHEJOMD_02297,HMEEEBGO_02199,,,HLLCJJMH_02277,,
group_1564,,hypothetical protein,3,3,1.0,1,2786,,,,525,525,525.0,,,,KAHEJOMD_01693,,,GMGKJONF_01664,,,FHDKMCMF_01557
group_1544,uxaC_2,Uronate isomerase,3,3,1.0,1,2762,,,,1416,1416,1416.0,,,,KAHEJOMD_00190,HMEEEBGO_01648,,,,BMKFACGC_00175,
group_1514,,hypothetical protein,3,3,1.0,1,2711,,,,549,549,549.0,,,,KAHEJOMD_02900,,,,HLLCJJMH_02725,BMKFACGC_02759,
group_1464,,hypothetical protein,3,3,1.0,1,2634,,,,576,576,576.0,JECDCPOO_00102,KDAEOHOB_00355,,,HMEEEBGO_01717,,,,,
rfbC,rfbC,dTDP-4-dehydrorhamnose 35-epimerase,3,3,1.0,1,2619,,,,582,582,582.0,JECDCPOO_01748,KDAEOHOB_02014,,,HMEEEBGO_02703,,,,,
group_1449,bin3_1,Putative transposon Tn552 DNA-invertase bin3,3,3,1.0,1,2613,,,,585,585,585.0,,,OPNKAGHI_02727,,,KGEHKDDB_02742,,,BMKFACGC_02722,
group_1446,,hypothetical protein,3,3,1.0,1,2606,,,,108,108,108.0,,,,KAHEJOMD_02296,HMEEEBGO_02200,,,HLLCJJMH_02276,,
group_1382,,hypothetical protein,3,3,1.0,1,2515,,,,627,627,627.0,JECDCPOO_02470,,,,,KGEHKDDB_02505,,,,FHDKMCMF_00651
group_1360,,hypothetical protein,3,3,1.0,1,2475,,,,642,642,642.0,,,OPNKAGHI_02742,KAHEJOMD_02773,,KGEHKDDB_02610,,,,
kdgA_1,kdgA_1,2-dehydro-3-deoxy-phosphogluconate aldolase,3,3,1.0,1,2431,,,,657,657,657.0,,,,KAHEJOMD_00188,HMEEEBGO_01650,,,,BMKFACGC_00173,
group_1333,,hypothetical protein,3,3,1.0,1,2404,,,,666,666,666.0,,,,KAHEJOMD_01740,,,GMGKJONF_01712,,,FHDKMCMF_01507
rspR_1,rspR_1,HTH-type transcriptional repressor RspR,3,3,1.0,1,2402,,,,666,666,666.0,,,,KAHEJOMD_00193,HMEEEBGO_01645,,,,BMKFACGC_00178,
yjmB_1,yjmB_1,putative symporter YjmB,3,3,1.0,1,2315,,,,1566,1566,1566.0,,,,KAHEJOMD_00192,HMEEEBGO_01646,,,,BMKFACGC_00177,
group_1198,,hypothetical protein,3,3,1.0,1,2171,,,,777,777,777.0,,,,,HMEEEBGO_02140,,,HLLCJJMH_02331,,FHDKMCMF_00908
group_1178,soj_3,Sporulation initiation inhibitor protein Soj,3,3,1.0,1,2125,,,,801,801,801.0,,,2_refound_12,,,KGEHKDDB_02729,,HLLCJJMH_02740,,
group_1172,,hypothetical protein,3,3,1.0,1,2115,,,,804,804,804.0,JECDCPOO_01615,,,,HMEEEBGO_02514,,GMGKJONF_01430,,,
kdsr_1,kdsr_1,3-ketodihydrosphingosine reductase,3,3,1.0,1,2045,,,,840,840,840.0,JECDCPOO_00057,,,,HMEEEBGO_01764,,,,BMKFACGC_00063,
rmlD,rmlD,dTDP-4-dehydrorhamnose reductase,3,3,1.0,1,2040,,,,843,843,843.0,JECDCPOO_01746,KDAEOHOB_02012,,,HMEEEBGO_02705,,,,,
group_1135,,hypothetical protein,3,3,1.0,1,2030,,,,849,849,849.0,,,,,,KGEHKDDB_01243,,HLLCJJMH_01300,,FHDKMCMF_01849
group_1112,,hypothetical protein,3,3,1.0,1,1989,,,,864,864,864.0,,KDAEOHOB_00483,,,,,GMGKJONF_00259,,BMKFACGC_00250,
group_1106,,hypothetical protein,3,3,1.0,1,1975,,,,870,870,870.0,JECDCPOO_01616,,,,HMEEEBGO_02513,,GMGKJONF_01431,,,
group_1039,,hypothetical protein,3,3,1.0,1,1840,,,,933,933,933.0,,,OPNKAGHI_02774,KAHEJOMD_02776,,KGEHKDDB_02607,,,,
group_1024,ykoT_2,putative glycosyltransferase YkoT,3,3,1.0,1,1803,,,,948,948,948.0,,,,KAHEJOMD_02836,,,,HLLCJJMH_02729,BMKFACGC_02763,
kdgK_2,kdgK_2,2-dehydro-3-deoxygluconokinase,3,3,1.0,1,1775,,,,963,963,963.0,,,,KAHEJOMD_00189,HMEEEBGO_01649,,,,BMKFACGC_00174,
group_994,,hypothetical protein,3,3,1.0,1,1729,,,,987,987,987.0,,,,,,KGEHKDDB_00776,,HLLCJJMH_00822,,FHDKMCMF_02319
ssbA_2~~~ssbA_3,ssbA_2;ssbA_3,Single-stranded DNA-binding protein A,3,3,1.0,1,1716,,,,429,432,431.0,,,,KAHEJOMD_02906,HMEEEBGO_02860,,,,,FHDKMCMF_01526
group_986,,hypothetical protein,3,3,1.0,1,1715,,,,138,720,520.0,,,,KAHEJOMD_02905,HMEEEBGO_02862,,,,,FHDKMCMF_01527
xylB_4~~~xylB_3,xylB_4;xylB_3,Aryl-alcohol dehydrogenase,3,3,1.0,1,1703,,,,990,1089,1056.0,JECDCPOO_01113,,OPNKAGHI_01515,,,,,,BMKFACGC_01450,
group_966,,hypothetical protein,3,3,1.0,1,1687,,,,171,171,171.0,,KDAEOHOB_00019,,,HMEEEBGO_02064,KGEHKDDB_02296,,,,
group_962,,hypothetical protein,3,3,1.0,1,1682,,,,453,453,453.0,,KDAEOHOB_00021,,,HMEEEBGO_02061,KGEHKDDB_02298,,,,
group_961,,IS256 family transposase IS1310,3,3,1.0,1,1681,,,,1176,1188,1184.0,,,OPNKAGHI_01056,,,,,,BMKFACGC_00852,FHDKMCMF_02511
group_959,,hypothetical protein,3,3,1.0,1,1679,,,,2595,2595,2595.0,,,,,HMEEEBGO_00001,KGEHKDDB_01608,,,,FHDKMCMF_02625
group_957,,hypothetical protein,3,3,1.0,1,1677,,,,240,240,240.0,,,,,HMEEEBGO_00003,KGEHKDDB_01606,,,,FHDKMCMF_02627
group_955,,hypothetical protein,3,3,1.0,1,1675,,,,168,201,188.0,,,,KAHEJOMD_02960,HMEEEBGO_00192,,,,,FHDKMCMF_02604
group_953,,hypothetical protein,3,3,1.0,1,1672,,,,471,519,501.0,,,,,HMEEEBGO_00194,KGEHKDDB_01626,,,,FHDKMCMF_02606
group_946,,hypothetical protein,3,3,1.0,1,1663,,,,138,240,172.0,,,,,,,GMGKJONF_00042,HLLCJJMH_00038,,FHDKMCMF_00567
group_942,,hypothetical protein,3,3,1.0,1,1659,,,,222,387,332.0,,,,KAHEJOMD_02316,HMEEEBGO_02181,,,HLLCJJMH_02293,,
bin3_1,bin3_1,Putative transposon Tn552 DNA-invertase bin3,3,3,1.0,1,1653,,,,618,633,623.0,,,,KAHEJOMD_02710,,KGEHKDDB_02617,,,BMKFACGC_02662,
group_938,,IS30 family transposase ISLpl1,3,3,1.0,1,1652,,,,774,930,878.0,,,OPNKAGHI_02767,,,KGEHKDDB_02731,,,BMKFACGC_00042,
group_936,,hypothetical protein,3,3,1.0,1,1649,,,,303,318,310.0,,,,KAHEJOMD_00921,,,GMGKJONF_01371,,BMKFACGC_01651,
group_933,,hypothetical protein,3,3,1.0,1,1644,,,,264,264,264.0,,KDAEOHOB_00023,,,HMEEEBGO_02059,KGEHKDDB_02300,,,,
group_923,,IS30 family transposase ISLpl1,3,3,1.0,1,1633,,,,930,930,930.0,,,,,HMEEEBGO_00816,,,HLLCJJMH_00582,BMKFACGC_01034,
group_921,,hypothetical protein,3,3,1.0,1,1631,,,,243,312,289.0,,,,,,KGEHKDDB_02506,,HLLCJJMH_02599,,FHDKMCMF_00650
group_918,,hypothetical protein,3,3,1.0,1,1627,,,,168,168,168.0,,KDAEOHOB_01642,,,,KGEHKDDB_01376,,,BMKFACGC_01718,
group_914,,hypothetical protein,3,3,1.0,1,1623,,,,483,498,492.0,,KDAEOHOB_01644,,,HMEEEBGO_00299,KGEHKDDB_01378,,,,
group_913,,hypothetical protein,3,3,1.0,1,1622,,,,1992,1998,1994.0,,,,,HMEEEBGO_02888,KGEHKDDB_01609,,,,FHDKMCMF_02624
group_911,,hypothetical protein,3,3,1.0,1,1618,,,,801,801,801.0,,KDAEOHOB_01049,,,HMEEEBGO_00991,,,,,FHDKMCMF_02683
group_910,,hypothetical protein,3,3,1.0,1,1615,,,,1395,1398,1396.0,,KDAEOHOB_01050,,,HMEEEBGO_00990,,,,,FHDKMCMF_02682
group_909,,hypothetical protein,3,3,1.0,1,1614,,,,429,429,429.0,,KDAEOHOB_01646,,,HMEEEBGO_00298,KGEHKDDB_01380,,,,
group_902,,hypothetical protein,3,3,1.0,1,1605,,,,108,426,319.0,JECDCPOO_01604,,,KAHEJOMD_02966,,,GMGKJONF_01684,,,
group_900,,hypothetical protein,3,3,1.0,1,1601,,,,90,90,90.0,,KDAEOHOB_01047,,,HMEEEBGO_00994,,,,,FHDKMCMF_02686
group_899,,hypothetical protein,3,3,1.0,1,1600,,,,429,429,429.0,,,,KAHEJOMD_01683,,,GMGKJONF_01654,,,FHDKMCMF_01567
group_898,,hypothetical protein,3,3,1.0,1,1599,,,,174,177,176.0,,,,KAHEJOMD_01684,,,GMGKJONF_01655,,,FHDKMCMF_01566
group_897,,hypothetical protein,3,3,1.0,1,1595,,,,264,270,268.0,,,,KAHEJOMD_01681,,,,HLLCJJMH_02742,,FHDKMCMF_01569
group_896,,hypothetical protein,3,3,1.0,1,1594,,,,699,711,707.0,,KDAEOHOB_01648,,,HMEEEBGO_00293,,,,BMKFACGC_01722,
rmlB_2,rmlB_2,dTDP-glucose 46-dehydratase,3,3,1.0,1,1593,,,,1029,1029,1029.0,JECDCPOO_01747,KDAEOHOB_02013,,,HMEEEBGO_02704,,,,,
group_895,,hypothetical protein,3,3,1.0,1,1591,,,,420,420,420.0,,KDAEOHOB_01051,,,HMEEEBGO_00989,,,,,FHDKMCMF_02681
group_888,,hypothetical protein,3,3,1.0,1,1582,,,,249,249,249.0,,,,,HMEEEBGO_02857,,GMGKJONF_01695,,,FHDKMCMF_01523
ccpA_2,ccpA_2,Catabolite control protein A,3,3,1.0,1,1578,,,,1035,1035,1035.0,,,,,,KGEHKDDB_01222,,HLLCJJMH_01275,,FHDKMCMF_01869
group_870,,hypothetical protein,3,3,1.0,1,1555,,,,360,381,367.0,,,,KAHEJOMD_01685,,,GMGKJONF_01656,,,FHDKMCMF_01565
group_859,,hypothetical protein,3,3,1.0,1,1539,,,,414,417,415.0,JECDCPOO_01574,KDAEOHOB_01617,,,HMEEEBGO_00325,,,,,
group_858,,hypothetical protein,3,3,1.0,1,1537,,,,357,357,357.0,,,,,HMEEEBGO_00204,KGEHKDDB_01616,,,,FHDKMCMF_02618
group_856,,hypothetical protein,3,3,1.0,1,1535,,,,399,432,421.0,JECDCPOO_01573,KDAEOHOB_01616,,,HMEEEBGO_00326,,,,,
group_854,,hypothetical protein,3,3,1.0,1,1532,,,,369,387,377.0,,KDAEOHOB_01061,,,HMEEEBGO_00979,,,,,FHDKMCMF_02671
soj_2,soj_2,Sporulation initiation inhibitor protein Soj,3,3,1.0,1,1531,,,,825,828,826.0,,,,KAHEJOMD_02732,,,,,BMKFACGC_02696,FHDKMCMF_02524
group_851,,hypothetical protein,3,3,1.0,1,1528,,,,429,429,429.0,,,OPNKAGHI_01045,,HMEEEBGO_02558,,,HLLCJJMH_01453,,
group_850,,hypothetical protein,3,3,1.0,1,1527,,,,1053,1053,1053.0,,,OPNKAGHI_01051,,HMEEEBGO_02563,,,HLLCJJMH_01448,,
group_846,,hypothetical protein,3,3,1.0,1,1523,,,,1146,1146,1146.0,JECDCPOO_01575,KDAEOHOB_01618,,,HMEEEBGO_00324,,,,,
group_837,,hypothetical protein,3,3,1.0,1,1513,,,,327,327,327.0,,,,,HMEEEBGO_00203,KGEHKDDB_01617,,,,FHDKMCMF_02617
group_836,,hypothetical protein,3,3,1.0,1,1512,,,,243,243,243.0,JECDCPOO_01572,KDAEOHOB_01615,,,HMEEEBGO_00327,,,,,
group_834,,hypothetical protein,3,3,1.0,1,1510,,,,1062,1062,1062.0,,,,KAHEJOMD_01698,,,GMGKJONF_01669,,,FHDKMCMF_01552
group_833,,hypothetical protein,3,3,1.0,1,1509,,,,267,270,268.0,,KDAEOHOB_01060,,,HMEEEBGO_00980,,,,,FHDKMCMF_02672
group_832,,hypothetical protein,3,3,1.0,1,1508,,,,399,399,399.0,,,,KAHEJOMD_02731,,,,,BMKFACGC_02695,FHDKMCMF_02523
group_826,,hypothetical protein,3,3,1.0,1,1498,,,,168,168,168.0,,,OPNKAGHI_01046,,HMEEEBGO_02559,,,HLLCJJMH_01452,,
group_824,,hypothetical protein,3,4,1.3333333333333333,1,1496,,,,252,519,387.0,,,OPNKAGHI_01049;OPNKAGHI_01050,,HMEEEBGO_02562,,,HLLCJJMH_01449,,
group_823,,hypothetical protein,3,3,1.0,1,1495,,,,246,246,246.0,JECDCPOO_01590,KDAEOHOB_01633,,,HMEEEBGO_00309,,,,,
group_820,,hypothetical protein,3,3,1.0,1,1492,,,,165,165,165.0,JECDCPOO_01623,,OPNKAGHI_00911,,,,,,BMKFACGC_01732,
group_817,,hypothetical protein,3,3,1.0,1,1489,,,,1158,1158,1158.0,JECDCPOO_01582,KDAEOHOB_01625,,,HMEEEBGO_00317,,,,,
group_816,,hypothetical protein,3,3,1.0,1,1488,,,,297,345,328.0,,KDAEOHOB_01053,,,HMEEEBGO_00987,,,,,FHDKMCMF_02679
group_814,,hypothetical protein,3,3,1.0,1,1485,,,,489,489,489.0,JECDCPOO_01576,KDAEOHOB_01619,,,HMEEEBGO_00323,,,,,
clpP_2~~~clpP_1,clpP_2;clpP_1,ATP-dependent Clp protease proteolytic subunit,3,3,1.0,1,1463,,,,726,732,728.0,,,,,HMEEEBGO_00200,KGEHKDDB_01620,,,,FHDKMCMF_02614
group_795,,hypothetical protein,3,3,1.0,1,1462,,,,474,474,474.0,,,,,HMEEEBGO_00202,KGEHKDDB_01618,,,,FHDKMCMF_02616
group_793,,hypothetical protein,3,3,1.0,1,1457,,,,5850,5877,5868.0,JECDCPOO_01571,KDAEOHOB_01614,,,HMEEEBGO_00328,,,,,
group_790,,hypothetical protein,3,3,1.0,1,1452,,,,231,231,231.0,,,OPNKAGHI_01864,KAHEJOMD_00829,,,GMGKJONF_00819,,,
group_785,,hypothetical protein,3,3,1.0,1,1447,,,,474,474,474.0,,KDAEOHOB_01055,,,HMEEEBGO_00985,,,,,FHDKMCMF_02677
group_784,,hypothetical protein,3,3,1.0,1,1446,,,,1536,1575,1549.0,,KDAEOHOB_01059,,,HMEEEBGO_00981,,,,,FHDKMCMF_02673
group_766,,hypothetical protein,3,4,1.3333333333333333,1,1424,,,,420,1707,969.0,,KDAEOHOB_02518,OPNKAGHI_00263,,,,GMGKJONF_02354;GMGKJONF_02353,,,
group_760,,hypothetical protein,3,3,1.0,1,1417,,,,432,432,432.0,,,OPNKAGHI_01047,,HMEEEBGO_02560,,,HLLCJJMH_01451,,
group_754,,hypothetical protein,3,3,1.0,1,1410,,,,510,510,510.0,JECDCPOO_01622,,OPNKAGHI_00912,,,,,,BMKFACGC_01731,
xerC_3~~~xerC_5,xerC_3;xerC_5,Tyrosine recombinase XerC,3,3,1.0,1,1402,,,,1200,1200,1200.0,JECDCPOO_01636,,OPNKAGHI_00898,,,,,,BMKFACGC_01745,
group_742,,hypothetical protein,3,3,1.0,1,1393,,,,411,411,411.0,,KDAEOHOB_01054,,,HMEEEBGO_00986,,,,,FHDKMCMF_02678
group_740,,hypothetical protein,3,3,1.0,1,1391,,,,504,504,504.0,JECDCPOO_01581,KDAEOHOB_01624,,,HMEEEBGO_00318,,,,,
group_738,,hypothetical protein,3,3,1.0,1,1389,,,,390,390,390.0,JECDCPOO_01577,KDAEOHOB_01620,,,HMEEEBGO_00322,,,,,
group_732,,hypothetical protein,3,3,1.0,1,1376,,,,2469,2475,2473.0,,,,KAHEJOMD_02553,,,GMGKJONF_02507,,BMKFACGC_02543,
group_723,,Gamma-resorcylate decarboxylase,3,4,1.3333333333333333,1,1364,,,,390,1002,717.75,JECDCPOO_00103;JECDCPOO_00104,KDAEOHOB_00356,,,HMEEEBGO_01716,,,,,
group_722,,hypothetical protein,3,3,1.0,1,1363,,,,357,357,357.0,,,OPNKAGHI_02791,,,KGEHKDDB_02642,,,,FHDKMCMF_02693
group_716,,hypothetical protein,3,3,1.0,1,1352,,,,90,90,90.0,,,,KAHEJOMD_00828,,,GMGKJONF_00818,,BMKFACGC_00838,
group_695,,hypothetical protein,3,3,1.0,1,1315,,,,657,657,657.0,,,,KAHEJOMD_01700,,,GMGKJONF_01671,,,FHDKMCMF_01550
group_694,,hypothetical protein,3,4,1.3333333333333333,1,1314,,,,396,1899,1427.25,,,,,HMEEEBGO_00197,KGEHKDDB_01623,,,,FHDKMCMF_02610;FHDKMCMF_02611
group_693,,hypothetical protein,3,3,1.0,1,1312,,,,1155,1155,1155.0,,,,,HMEEEBGO_00199,KGEHKDDB_01621,,,,FHDKMCMF_02613
group_692,,hypothetical protein,3,3,1.0,1,1311,,,,1224,1224,1224.0,,,,,HMEEEBGO_00201,KGEHKDDB_01619,,,,FHDKMCMF_02615
group_688,,hypothetical protein,3,3,1.0,1,1305,,,,978,978,978.0,JECDCPOO_01570,KDAEOHOB_01613,,,HMEEEBGO_00329,,,,,
group_683,xerC_1,Tyrosine recombinase XerC,3,3,1.0,1,1300,,,,1149,1149,1149.0,,KDAEOHOB_00031,,,HMEEEBGO_02051,KGEHKDDB_02306,,,,
group_682,,hypothetical protein,3,3,1.0,1,1299,,,,1149,1149,1149.0,JECDCPOO_01565,KDAEOHOB_01608,,,HMEEEBGO_00334,,,,,
group_672,,hypothetical protein,3,3,1.0,1,1280,,,,504,510,506.0,JECDCPOO_01584,KDAEOHOB_01627,,,HMEEEBGO_00315,,,,,
group_671,,hypothetical protein,3,3,1.0,1,1279,,,,831,831,831.0,JECDCPOO_01588,KDAEOHOB_01631,,,HMEEEBGO_00311,,,,,
group_665,,hypothetical protein,3,3,1.0,1,1270,,,,1698,1698,1698.0,,KDAEOHOB_01056,,,HMEEEBGO_00984,,,,,FHDKMCMF_02676
group_664,,hypothetical protein,3,3,1.0,1,1269,,,,1101,1107,1103.0,,KDAEOHOB_01058,,,HMEEEBGO_00982,,,,,FHDKMCMF_02674
group_652,,hypothetical protein,3,3,1.0,1,1252,,,,357,723,498.0,,,,,HMEEEBGO_00012,,,HLLCJJMH_01698,,FHDKMCMF_01574
group_649,,IS3 family transposase IS153,3,3,1.0,1,1248,,,,252,252,252.0,,,,KAHEJOMD_02890,,KGEHKDDB_02739,,,BMKFACGC_02749,
group_647,,hypothetical protein,3,3,1.0,1,1246,,,,159,456,260.0,,,,,HMEEEBGO_02854,,GMGKJONF_01696,,,FHDKMCMF_01521
group_632,,hypothetical protein,3,3,1.0,1,1222,,,,312,312,312.0,JECDCPOO_00105,KDAEOHOB_00357,,,HMEEEBGO_01715,,,,,
xerC_4~~~xerC_3,xerC_4;xerC_3,Tyrosine recombinase XerC,3,3,1.0,1,1180,,,,1158,1158,1158.0,,KDAEOHOB_01044,,,HMEEEBGO_00997,,,,,FHDKMCMF_02689
group_601,,hypothetical protein,3,5,1.6666666666666667,1,1172,,,,306,1233,658.2,,,OPNKAGHI_00775;OPNKAGHI_00776,,,KGEHKDDB_01792,,,,FHDKMCMF_01372;FHDKMCMF_01371
group_589,,hypothetical protein,3,3,1.0,1,1145,,,,5544,5544,5544.0,,,,KAHEJOMD_01690,,,GMGKJONF_01661,,,FHDKMCMF_01560
group_583,,hypothetical protein,3,3,1.0,1,1134,,,,360,360,360.0,,,,,,KGEHKDDB_01604,,HLLCJJMH_02746,,FHDKMCMF_02629
group_582,,hypothetical protein,3,3,1.0,1,1133,,,,1215,1215,1215.0,,,,KAHEJOMD_01702,,,GMGKJONF_01673,,,FHDKMCMF_01547
group_581,,hypothetical protein,3,3,1.0,1,1132,,,,363,384,370.0,,,OPNKAGHI_01048,,HMEEEBGO_02561,,,HLLCJJMH_01450,,
group_574,,hypothetical protein,3,3,1.0,1,1124,,,,294,294,294.0,,KDAEOHOB_01653,,,HMEEEBGO_00288,KGEHKDDB_01385,,,,
group_573,,hypothetical protein,3,3,1.0,1,1120,,,,276,276,276.0,JECDCPOO_01621,,OPNKAGHI_00913,,,,,,BMKFACGC_01730,
group_563,,hypothetical protein,3,3,1.0,1,1107,,,,780,969,905.0,,,OPNKAGHI_02744,KAHEJOMD_02771,,KGEHKDDB_02612,,,,
group_548,,ISL3 family transposase IS1165,3,3,1.0,1,1085,,,,1239,1239,1239.0,,,,KAHEJOMD_02759,,,,HLLCJJMH_02760,BMKFACGC_02769,
group_537,,hypothetical protein,3,3,1.0,1,1066,,,,693,693,693.0,,KDAEOHOB_00027,,,HMEEEBGO_02055,KGEHKDDB_02302,,,,
group_536,,hypothetical protein,3,3,1.0,1,1064,,,,507,519,511.0,,,,,,,,HLLCJJMH_02735,BMKFACGC_02708,FHDKMCMF_02568
group_535,,hypothetical protein,3,3,1.0,1,1063,,,,144,156,152.0,,,,KAHEJOMD_01728,,,GMGKJONF_01701,,,FHDKMCMF_01516
group_530,,hypothetical protein,3,3,1.0,1,1056,,,,1254,1254,1254.0,JECDCPOO_01568,KDAEOHOB_01611,,,HMEEEBGO_00331,,,,,
group_517,,hypothetical protein,3,3,1.0,1,1036,,,,180,180,180.0,JECDCPOO_01580,KDAEOHOB_01623,,,HMEEEBGO_00319,,,,,
group_516,,hypothetical protein,3,3,1.0,1,1035,,,,486,486,486.0,JECDCPOO_01578,KDAEOHOB_01621,,,HMEEEBGO_00321,,,,,
group_515,,hypothetical protein,3,3,1.0,1,1033,,,,1116,1116,1116.0,,,,KAHEJOMD_02657,,,,HLLCJJMH_02678,,FHDKMCMF_02555
group_499,,hypothetical protein,3,3,1.0,1,1014,,,,333,333,333.0,,,,KAHEJOMD_01737,HMEEEBGO_02841,,,,,FHDKMCMF_01510
group_490,,IS30 family transposase IS1070;hypothetical protein,3,3,1.0,1,1000,,,,138,918,398.0,,,,KAHEJOMD_02902,,,,HLLCJJMH_02727,BMKFACGC_02761,
group_489,,hypothetical protein,3,3,1.0,1,999,,,,480,480,480.0,,,,,HMEEEBGO_00811,KGEHKDDB_01658,,,,FHDKMCMF_01512
hdfR_4~~~hdfR_1,hdfR_4;hdfR_1,HTH-type transcriptional regulator HdfR,3,3,1.0,1,945,,,,897,897,897.0,JECDCPOO_01114,,OPNKAGHI_01514,,,,,,BMKFACGC_01448,
group_458,,hypothetical protein,3,3,1.0,1,936,,,,1260,1287,1269.0,,,,KAHEJOMD_02901,,,,HLLCJJMH_02726,BMKFACGC_02760,
group_449,,hypothetical protein,3,3,1.0,1,920,,,,279,282,280.0,,,OPNKAGHI_02792,,,KGEHKDDB_02641,,,,FHDKMCMF_02694
group_425,,hypothetical protein;Putative phosphatase,3,4,1.3333333333333333,1,871,,,,144,798,533.25,JECDCPOO_01173;JECDCPOO_01172,KDAEOHOB_01439,,,HMEEEBGO_00505,,,,,
group_409,,hypothetical protein,3,3,1.0,1,837,,,,351,351,351.0,,,OPNKAGHI_02737,,,KGEHKDDB_02730,,HLLCJJMH_02741,,
group_408,,hypothetical protein,3,3,1.0,1,835,,,,909,912,910.0,JECDCPOO_01614,,,,HMEEEBGO_02515,,GMGKJONF_01429,,,
group_396,,hypothetical protein,3,3,1.0,1,814,,,,1374,1374,1374.0,,,,,,KGEHKDDB_01221,,HLLCJJMH_01274,,FHDKMCMF_01870
group_375,,hypothetical protein,3,3,1.0,1,777,,,,354,456,422.0,,,OPNKAGHI_02775,KAHEJOMD_02775,,KGEHKDDB_02608,,,,
xylP_7,xylP_7,Isoprimeverose transporter,3,3,1.0,1,776,,,,1392,1392,1392.0,,,,,,KGEHKDDB_02469,,HLLCJJMH_02559,,FHDKMCMF_00689
group_374,,hypothetical protein,3,3,1.0,1,775,,,,315,315,315.0,,,OPNKAGHI_02773,KAHEJOMD_02777,,KGEHKDDB_02606,,,,
group_347,,hypothetical protein,3,3,1.0,1,716,,,,399,405,401.0,,,,KAHEJOMD_01699,,,GMGKJONF_01670,,,FHDKMCMF_01551
group_345,,hypothetical protein,3,3,1.0,1,713,,,,1428,1428,1428.0,,,,KAHEJOMD_01704,,,GMGKJONF_01675,,,FHDKMCMF_01545
group_334,,hypothetical protein,3,3,1.0,1,692,,,,714,714,714.0,JECDCPOO_01564,KDAEOHOB_01607,,,HMEEEBGO_00335,,,,,
group_332,,hypothetical protein,3,3,1.0,1,690,,,,198,198,198.0,,,,,HMEEEBGO_00198,KGEHKDDB_01622,,,,FHDKMCMF_02612
group_324,,hypothetical protein,3,3,1.0,1,675,,,,90,183,152.0,,,,KAHEJOMD_01701,,,GMGKJONF_01672,,,FHDKMCMF_01548
group_321,,hypothetical protein,3,3,1.0,1,669,,,,465,471,469.0,JECDCPOO_01569,KDAEOHOB_01612,,,HMEEEBGO_00330,,,,,
group_320,,hypothetical protein,3,3,1.0,1,667,,,,414,414,414.0,JECDCPOO_01567,KDAEOHOB_01610,,,HMEEEBGO_00332,,,,,
group_318,,hypothetical protein,3,3,1.0,1,665,,,,1461,1461,1461.0,,KDAEOHOB_00484,,,,,GMGKJONF_00260,,BMKFACGC_00251,
tarM,tarM,Poly(ribitol-phosphate) alpha-N-acetylglucosaminyltransferase,3,3,1.0,1,621,,,,1491,1491,1491.0,,KDAEOHOB_00001,OPNKAGHI_02671,,HMEEEBGO_02085,,,,,
group_278,,hypothetical protein,3,3,1.0,1,589,,,,930,930,930.0,JECDCPOO_01585,KDAEOHOB_01628,,,HMEEEBGO_00314,,,,,
group_271,,hypothetical protein,3,3,1.0,1,581,,,,1509,1509,1509.0,JECDCPOO_01587,KDAEOHOB_01630,,,HMEEEBGO_00312,,,,,
group_263,,hypothetical protein,3,3,1.0,1,567,,,,198,198,198.0,,KDAEOHOB_01057,,,HMEEEBGO_00983,,,,,FHDKMCMF_02675
smc_4,;smc_4,hypothetical protein;Chromosome partition protein Smc,3,3,1.0,1,525,,,,501,534,523.0,,,,KAHEJOMD_01680,,,GMGKJONF_01650,,,FHDKMCMF_01570
insK,insK;,Putative transposase InsK for insertion sequence element IS150;IS3 family transposase ISBce13;IS3 family transposase ISLmo8,3,3,1.0,1,483,,,,483,843,650.0,,,,KAHEJOMD_02891,,KGEHKDDB_02740,,,BMKFACGC_02750,
group_221,,hypothetical protein,3,3,1.0,1,482,,,,282,282,282.0,,,,,,,,HLLCJJMH_02736,BMKFACGC_02709,FHDKMCMF_02569
group_219,,hypothetical protein,3,3,1.0,1,480,,,,1632,1632,1632.0,JECDCPOO_01586,KDAEOHOB_01629,,,HMEEEBGO_00313,,,,,
group_203,,S-layer protein,3,3,1.0,1,446,,,,1362,1362,1362.0,,KDAEOHOB_02473,OPNKAGHI_00308,,HMEEEBGO_02138,,,,,
ydhF~~~smoB_2,;ydhF;smoB_2,hypothetical protein;Oxidoreductase YdhF;6-dehydroglucose reductase,3,4,1.3333333333333333,1,433,,,,258,954,711.0,JECDCPOO_02181,,,,,,GMGKJONF_02262,,BMKFACGC_02275;BMKFACGC_02274,
hcaD~~~ddmA2~~~andAa,hcaD;ddmA2;andAa,3-phenylpropionate/cinnamic acid dioxygenase ferredoxin--NAD(+) reductase component;Dicamba O-demethylase 2 ferredoxin reductase component;Anthranilate 12-dioxygenase system ferredoxin--NAD(+) reductase component,3,4,1.3333333333333333,1,425,,,,387,1206,846.75,,,OPNKAGHI_02729,,,KGEHKDDB_02743,,,BMKFACGC_02720;BMKFACGC_02721,
group_178,,Isomaltose glucohydrolase,3,3,1.0,1,392,,,,996,1182,1120.0,,,,,,KGEHKDDB_01220,,HLLCJJMH_01271,,FHDKMCMF_01871
group_163,,IS5 family transposase ISLpl3,3,3,1.0,1,355,,,,312,372,352.0,,,,KAHEJOMD_02677,,,,HLLCJJMH_02714,BMKFACGC_00269,
rhaR_6,rhaR_6;,HTH-type transcriptional activator RhaR;hypothetical protein,3,3,1.0,1,342,,,,462,966,760.0,,,,,,KGEHKDDB_02470,,HLLCJJMH_02561,,FHDKMCMF_00688
group_142,,hypothetical protein,3,4,1.3333333333333333,1,312,,,,249,594,441.0,JECDCPOO_00106,KDAEOHOB_00359;KDAEOHOB_00358,,,HMEEEBGO_01714,,,,,
group_141,,hypothetical protein,3,3,1.0,1,311,,,,108,108,108.0,,KDAEOHOB_00361,,,HMEEEBGO_01712,,,,8_refound_29,
group_135,,hypothetical protein,3,3,1.0,1,300,,,,345,345,345.0,,,,KAHEJOMD_01696,,,GMGKJONF_01667,,,FHDKMCMF_01554
group_124,,hypothetical protein,3,3,1.0,1,275,,,,558,558,558.0,,,,KAHEJOMD_01695,,,GMGKJONF_01666,,,FHDKMCMF_01555
group_113,,hypothetical protein,3,4,1.3333333333333333,1,258,,,,852,1935,1451.25,,,,KAHEJOMD_02837;KAHEJOMD_02838,,,,HLLCJJMH_02730,BMKFACGC_02764,
group_112,,hypothetical protein,3,3,1.0,1,257,,,,327,336,330.0,,,,KAHEJOMD_01691,,,GMGKJONF_01662,,,FHDKMCMF_01559
xynB_2,xynB_2,Beta-xylosidase,3,3,1.0,1,180,,,,1566,1623,1604.0,,,,,,KGEHKDDB_02468,,HLLCJJMH_02493,,FHDKMCMF_00690
group_59,,hypothetical protein,3,3,1.0,1,131,,,,2421,2421,2421.0,,,,KAHEJOMD_01688,,,GMGKJONF_01659,,,FHDKMCMF_01562
group_41,,hypothetical protein,3,3,1.0,1,85,,,,1338,1851,1509.0,,,,,,KGEHKDDB_01244,,HLLCJJMH_01301,,FHDKMCMF_01848
group_40,,hypothetical protein,3,4,1.3333333333333333,1,84,,,,957,3018,2022.75,,,,,,KGEHKDDB_01242;KGEHKDDB_01241,,HLLCJJMH_01297,,FHDKMCMF_01850
group_3130,,hypothetical protein,2,2,1.0,11,1,,,,867,930,898.5,,,,,,KGEHKDDB_02654,,,BMKFACGC_02735,
group_3126,,hypothetical protein,2,2,1.0,9,1,,,,810,810,810.0,,,2_refound_11,,,KGEHKDDB_02692,,,,
group_3125,,hypothetical protein,2,2,1.0,8,1,,,,771,771,771.0,,,,KAHEJOMD_02903,,,,,,FHDKMCMF_01531
group_3124,,hypothetical protein,2,2,1.0,7,8,,,,792,792,792.0,,,,KAHEJOMD_02831,,,,,,FHDKMCMF_02665
group_3123,,hypothetical protein,2,2,1.0,7,7,,,,153,153,153.0,,,,KAHEJOMD_02833,,,,,,9_refound_30
group_3122,,hypothetical protein,2,3,1.5,7,6,,,,141,288,203.0,,,,KAHEJOMD_02829,,,,,,FHDKMCMF_02667;FHDKMCMF_02668
group_3121,,hypothetical protein,2,2,1.0,7,5,,,,441,441,441.0,,,,KAHEJOMD_02832,,,,,,FHDKMCMF_02664
group_3120,,hypothetical protein,2,2,1.0,7,4,,,,303,303,303.0,,,,KAHEJOMD_02828,,,,,,FHDKMCMF_02669
yxeI_4,yxeI_4,Penicillin V acylase,2,2,1.0,7,3,,,,1050,1050,1050.0,,,,KAHEJOMD_02834,,,,,,FHDKMCMF_02663
group_3119,,hypothetical protein,2,2,1.0,7,2,,,,156,156,156.0,,,,KAHEJOMD_02830,,,,,,FHDKMCMF_02666
gadB_3,gadB_3,Glutamate decarboxylase,2,2,1.0,7,1,,,,471,1392,931.5,,,,KAHEJOMD_02835,,,,,,FHDKMCMF_02662
group_3114,,hypothetical protein,2,2,1.0,5,1,,,,618,618,618.0,,,,KAHEJOMD_02823,,,,HLLCJJMH_02722,,
group_3113,,putative protein,2,2,1.0,4,11,,,,801,801,801.0,,,,KAHEJOMD_02814,,,,,,FHDKMCMF_02653
group_3112,,hypothetical protein,2,2,1.0,4,10,,,,243,327,285.0,,,,KAHEJOMD_02812,,,,,,FHDKMCMF_02655
group_3111,,hypothetical protein,2,2,1.0,4,9,,,,399,399,399.0,,,,KAHEJOMD_02816,,,,,,FHDKMCMF_02651
group_3110,,hypothetical protein,2,2,1.0,4,8,,,,279,279,279.0,,,,KAHEJOMD_02815,,,,,,FHDKMCMF_02652
group_3109,,IS30 family transposase ISLpl1,2,2,1.0,4,7,,,,228,228,228.0,,,,3_refound_16,,,,,,FHDKMCMF_02658
group_3108,,hypothetical protein,2,2,1.0,4,6,,,,549,549,549.0,,,,KAHEJOMD_02810,,,,,,FHDKMCMF_02657
group_3107,,hypothetical protein,2,2,1.0,4,5,,,,1998,1998,1998.0,,,,KAHEJOMD_02807,,,,,,FHDKMCMF_02661
gadC_3,gadC_3,Glutamate/gamma-aminobutyrate antiporter,2,2,1.0,4,4,,,,1392,1392,1392.0,,,,KAHEJOMD_02811,,,,,,FHDKMCMF_02656
group_3106,,hypothetical protein,2,2,1.0,4,3,,,,348,348,348.0,,,,KAHEJOMD_02813,,,,,,FHDKMCMF_02654
group_3105,,hypothetical protein,2,2,1.0,4,2,,,,105,105,105.0,,,,KAHEJOMD_02809,,,,,,FHDKMCMF_02659
group_3104,,hypothetical protein,2,2,1.0,4,1,,,,2166,2166,2166.0,,,,KAHEJOMD_02808,,,,,,FHDKMCMF_02660
group_3103,,hypothetical protein,2,2,1.0,3,3,,,,603,603,603.0,,,OPNKAGHI_02796,,,,,HLLCJJMH_02696,,
group_3100,,hypothetical protein,2,2,1.0,2,1,,,,273,273,273.0,,,OPNKAGHI_02699,,,KGEHKDDB_02691,,,,
group_3084,,hypothetical protein,2,2,1.0,1,4647,,,,591,645,618.0,,,,,,,,HLLCJJMH_02759,BMKFACGC_02770,
group_3050,,hypothetical protein,2,2,1.0,1,4580,,,,1443,1482,1462.5,,,,KAHEJOMD_02359,,KGEHKDDB_02250,,,,
group_3036,clpL_1,ATP-dependent protease ClpL,2,2,1.0,1,4558,,,,2115,2115,2115.0,,,,,,KGEHKDDB_02673,,,BMKFACGC_02716,
dps_1,dps_1,DNA protection during starvation protein,2,2,1.0,1,4557,,,,468,468,468.0,,,,,,KGEHKDDB_02652,,,BMKFACGC_02737,
group_3034,,hypothetical protein,2,2,1.0,1,4555,,,,213,213,213.0,,,,,HMEEEBGO_02886,KGEHKDDB_01611,,,,
group_3033,,hypothetical protein,2,2,1.0,1,4554,,,,582,582,582.0,,,,KAHEJOMD_02933,,,,HLLCJJMH_01529,,
group_3032,,IS6 family transposase ISBth20,2,2,1.0,1,4553,,,,687,687,687.0,,,,KAHEJOMD_02843,,,,HLLCJJMH_02703,,
group_3029,,hypothetical protein,2,2,1.0,1,4550,,,,90,90,90.0,,,,KAHEJOMD_02899,,,,,BMKFACGC_02758,
group_3026,,hypothetical protein,2,2,1.0,1,4547,,,,456,456,456.0,,,,KAHEJOMD_02858,,,,HLLCJJMH_02704,,
group_3025,,IS30 family transposase ISSag3,2,2,1.0,1,4546,,,,1026,1026,1026.0,,,,,HMEEEBGO_02587,,,HLLCJJMH_02706,,
group_3023,,IS30 family transposase ISSag3,2,2,1.0,1,4544,,,,1026,1026,1026.0,,,,,HMEEEBGO_02204,,,HLLCJJMH_02275,,
group_3022,,IS30 family transposase ISSag3,2,2,1.0,1,4543,,,,1026,1026,1026.0,,,,,HMEEEBGO_02184,,,HLLCJJMH_02272,,
group_3020,,IS30 family transposase ISSag3,2,2,1.0,1,4541,,,,1026,1026,1026.0,,,,,HMEEEBGO_02570,,,HLLCJJMH_01998,,
group_3019,,IS30 family transposase ISSag3,2,2,1.0,1,4540,,,,1026,1026,1026.0,,,,,HMEEEBGO_00013,,,HLLCJJMH_01834,,
group_3017,,IS30 family transposase ISSag3,2,2,1.0,1,4538,,,,1026,1026,1026.0,,,,,HMEEEBGO_00131,,,HLLCJJMH_01439,,
group_3013,,IS21 family transposase IS712,2,2,1.0,1,4534,,,,738,738,738.0,,,,KAHEJOMD_02714,,,,HLLCJJMH_02557,,
group_3012,,IS21 family transposase IS712,2,2,1.0,1,4533,,,,738,738,738.0,,,,KAHEJOMD_02694,,,,HLLCJJMH_02492,,
group_3011,,IS21 family transposase IS712,2,2,1.0,1,4532,,,,738,738,738.0,,,,KAHEJOMD_01673,,,,HLLCJJMH_01837,,
group_3010,,IS21 family transposase IS712,2,2,1.0,1,4531,,,,738,738,738.0,,,,KAHEJOMD_01359,,,,HLLCJJMH_01260,,
group_3009,,IS21 family transposase IS712,2,2,1.0,1,4530,,,,738,738,738.0,,,,KAHEJOMD_01874,,,,HLLCJJMH_00820,,
group_3008,,Putative transposase for insertion sequence element IS5376,2,2,1.0,1,4529,,,,1224,1224,1224.0,,,,KAHEJOMD_02715,,,,HLLCJJMH_02558,,
group_3007,,Putative transposase for insertion sequence element IS5376,2,2,1.0,1,4528,,,,1224,1224,1224.0,,,,KAHEJOMD_02695,,,,HLLCJJMH_02491,,
group_3006,,Putative transposase for insertion sequence element IS5376,2,2,1.0,1,4527,,,,1224,1224,1224.0,,,,KAHEJOMD_01674,,,,HLLCJJMH_01836,,
group_3005,,Putative transposase for insertion sequence element IS5376,2,2,1.0,1,4526,,,,1224,1224,1224.0,,,,KAHEJOMD_01358,,,,HLLCJJMH_01261,,
group_3004,,Putative transposase for insertion sequence element IS5376,2,2,1.0,1,4525,,,,1224,1224,1224.0,,,,KAHEJOMD_01873,,,,HLLCJJMH_00819,,
group_3001,,hypothetical protein,2,2,1.0,1,4522,,,,309,309,309.0,,,,KAHEJOMD_02686,,,,,BMKFACGC_00294,
group_3000,bin3_2,Putative transposon Tn552 DNA-invertase bin3,2,2,1.0,1,4521,,,,588,588,588.0,,,OPNKAGHI_02757,,,,,,BMKFACGC_02778,
group_2995,,IS5 family transposase ISCaa8,2,2,1.0,1,4516,,,,339,339,339.0,,,,KAHEJOMD_02687,,,,,BMKFACGC_00293,
group_2993,,IS30 family transposase ISLsa1,2,2,1.0,1,4514,,,,921,921,921.0,,,,,,,GMGKJONF_02307,,BMKFACGC_02273,
group_2992,,IS30 family transposase ISLsa1,2,2,1.0,1,4513,,,,921,921,921.0,,,OPNKAGHI_01483,,,,,,BMKFACGC_01430,
group_2990,,IS30 family transposase ISLsa1,2,2,1.0,1,4511,,,,921,921,921.0,,,,,,,GMGKJONF_00332,,BMKFACGC_00385,
group_2988,,hypothetical protein,2,2,1.0,1,4509,,,,378,378,378.0,,,OPNKAGHI_00972,,,,,,BMKFACGC_01625,
group_2986,,hypothetical protein,2,2,1.0,1,4507,,,,276,276,276.0,,,OPNKAGHI_00926,,HMEEEBGO_00776,,,,,
group_2985,,hypothetical protein,2,2,1.0,1,4506,,,,954,954,954.0,,,OPNKAGHI_00918,,,,,HLLCJJMH_01502,,
group_2984,,hypothetical protein,2,2,1.0,1,4505,,,,888,888,888.0,,,OPNKAGHI_00994,,,,,HLLCJJMH_01539,,
group_2983,,hypothetical protein,2,2,1.0,1,4504,,,,888,888,888.0,,,OPNKAGHI_00917,,,,,HLLCJJMH_01503,,
group_2982,,hypothetical protein,2,2,1.0,1,4503,,,,315,315,315.0,,,OPNKAGHI_00993,,,,,HLLCJJMH_01540,,
group_2981,,hypothetical protein,2,2,1.0,1,4502,,,,315,315,315.0,,,OPNKAGHI_00916,,,,,HLLCJJMH_01504,,
group_2979,,hypothetical protein,2,2,1.0,1,4500,,,,177,177,177.0,,,OPNKAGHI_00908,,,,GMGKJONF_01440,,,
group_2978,,IS256 family transposase IS1310,2,2,1.0,1,4499,,,,1188,1188,1188.0,,,,KAHEJOMD_02673,,,,,BMKFACGC_02682,
group_2977,,IS256 family transposase IS1310,2,2,1.0,1,4498,,,,1188,1188,1188.0,,,OPNKAGHI_00773,,,,,,BMKFACGC_01858,
group_2975,,IS256 family transposase IS1310,2,2,1.0,1,4496,,,,1188,1188,1188.0,,,,,,KGEHKDDB_02630,,,BMKFACGC_01329,
group_2974,,IS256 family transposase IS1310,2,2,1.0,1,4495,,,,1188,1188,1188.0,,,OPNKAGHI_00973,,,,,,BMKFACGC_01245,
group_2973,,IS30 family transposase ISSlu1,2,2,1.0,1,4494,,,,999,999,999.0,,,OPNKAGHI_00252,,,,,,BMKFACGC_02718,
group_2972,,IS30 family transposase ISSlu1,2,2,1.0,1,4493,,,,999,999,999.0,,,OPNKAGHI_01080,,,,,,BMKFACGC_01626,
group_2971,,IS30 family transposase ISSlu1,2,2,1.0,1,4492,,,,999,999,999.0,,,OPNKAGHI_00777,,,,,,BMKFACGC_01041,
group_2970,,IS30 family transposase ISSlu1,2,2,1.0,1,4491,,,,999,999,999.0,,,,,HMEEEBGO_00274,,,,BMKFACGC_00869,
group_2969,,IS30 family transposase ISSlu1,2,2,1.0,1,4490,,,,999,999,999.0,,,OPNKAGHI_02452,,,,,,BMKFACGC_00375,
group_2966,,IS30 family transposase ISLpl1,2,2,1.0,1,4487,,,,930,930,930.0,,,,,,,,,BMKFACGC_00613,FHDKMCMF_00026
group_2964,,IS30 family transposase IS1070,2,2,1.0,1,4485,,,,924,924,924.0,,,OPNKAGHI_02622,,HMEEEBGO_01857,,,,,
group_2963,,IS30 family transposase IS1070,2,2,1.0,1,4484,,,,924,924,924.0,,,OPNKAGHI_01129,,HMEEEBGO_02585,,,,,
group_2962,,ISL3 family transposase ISP1,2,2,1.0,1,4483,,,,1263,1263,1263.0,,,OPNKAGHI_00354,,,KGEHKDDB_02249,,,,
xerC_7,xerC_7,Tyrosine recombinase XerC,2,2,1.0,1,4173,,,,1137,1137,1137.0,,,,KAHEJOMD_02304,HMEEEBGO_02192,,,,,
group_2675,,ISL3 family transposase ISP1,2,2,1.0,1,4148,,,,1263,1263,1263.0,,,OPNKAGHI_01739,,,,,,8_refound_27,
group_2620,,hypothetical protein,2,2,1.0,1,4090,,,,612,612,612.0,,,,KAHEJOMD_02746,,KGEHKDDB_02569,,,,
group_2594,,hypothetical protein,2,2,1.0,1,4063,,,,96,96,96.0,JECDCPOO_00770,,,,,,6_refound_24,,,
group_2592,,hypothetical protein,2,2,1.0,1,4061,,,,102,102,102.0,,,,KAHEJOMD_02783,,KGEHKDDB_02597,,,,
group_2538,,hypothetical protein,2,2,1.0,1,4006,,,,144,144,144.0,,KDAEOHOB_00017,,,HMEEEBGO_02066,,,,,
group_2532,,hypothetical protein,2,2,1.0,1,4000,,,,147,147,147.0,,KDAEOHOB_01641,,,,,,,BMKFACGC_01717,
group_2525,,hypothetical protein,2,2,1.0,1,3991,,,,153,153,153.0,,,,KAHEJOMD_02519,,,,,8_refound_28,
group_2509,,hypothetical protein,2,2,1.0,1,3973,,,,159,159,159.0,,KDAEOHOB_00005,,,HMEEEBGO_02079,,,,,
group_2504,,hypothetical protein,2,2,1.0,1,3968,,,,162,162,162.0,0_refound_1,,,,,,GMGKJONF_01425,,,
group_2500,,hypothetical protein,2,2,1.0,1,3964,,,,165,165,165.0,,,,KAHEJOMD_01725,,,,,,FHDKMCMF_02646
group_2491,,hypothetical protein,2,2,1.0,1,3952,,,,168,168,168.0,,KDAEOHOB_01659,,,HMEEEBGO_00282,,,,,
group_2489,,hypothetical protein,2,2,1.0,1,3949,,,,171,171,171.0,,,,,,,GMGKJONF_01699,,,FHDKMCMF_01518
group_2484,,hypothetical protein,2,2,1.0,1,3944,,,,171,171,171.0,,,,KAHEJOMD_01633,,,GMGKJONF_01606,,,
group_2436,,hypothetical protein,2,2,1.0,1,3893,,,,186,186,186.0,,KDAEOHOB_01658,,,HMEEEBGO_00283,,,,,
group_2435,,hypothetical protein,2,2,1.0,1,3892,,,,186,186,186.0,,KDAEOHOB_00029,,,HMEEEBGO_02053,,,,,
group_2420,,hypothetical protein,2,2,1.0,1,3874,,,,192,192,192.0,,KDAEOHOB_01721,,,,,,,BMKFACGC_01190,
group_2416,,hypothetical protein,2,2,1.0,1,3870,,,,192,192,192.0,,KDAEOHOB_00028,,,HMEEEBGO_02054,,,,,
group_2397,,hypothetical protein,2,2,1.0,1,3844,,,,198,198,198.0,,,,,HMEEEBGO_02504,,GMGKJONF_01442,,,
group_2386,,hypothetical protein,2,2,1.0,1,3831,,,,201,201,201.0,,,,,HMEEEBGO_01600,,GMGKJONF_00228,,,
group_2382,,hypothetical protein,2,2,1.0,1,3827,,,,201,201,201.0,JECDCPOO_01608,,,,,,GMGKJONF_01420,,,
group_2375,,hypothetical protein,2,2,1.0,1,3818,,,,204,204,204.0,,KDAEOHOB_00024,,,HMEEEBGO_02058,,,,,
group_2366,,hypothetical protein,2,2,1.0,1,3808,,,,207,207,207.0,,,,KAHEJOMD_02522,,,,,BMKFACGC_02501,
group_2364,,hypothetical protein,2,2,1.0,1,3806,,,,207,207,207.0,,KDAEOHOB_00018,,,HMEEEBGO_02065,,,,,
group_2350,,hypothetical protein,2,2,1.0,1,3792,,,,213,213,213.0,,,,KAHEJOMD_02310,4_refound_19,,,,,
group_2348,,hypothetical protein,2,2,1.0,1,3790,,,,213,213,213.0,JECDCPOO_01607,,,,,,GMGKJONF_01419,,,
group_2333,,hypothetical protein,2,2,1.0,1,3773,,,,219,219,219.0,,,OPNKAGHI_00051,KAHEJOMD_00055,,,,,,
group_2321,,hypothetical protein,2,2,1.0,1,3759,,,,225,225,225.0,,,,,HMEEEBGO_01775,,,,BMKFACGC_00051,
group_2316,,hypothetical protein,2,2,1.0,1,3754,,,,225,225,225.0,,,,KAHEJOMD_02521,,,,,BMKFACGC_02500,
group_2312,,hypothetical protein,2,2,1.0,1,3750,,,,225,225,225.0,JECDCPOO_01606,,,,,,GMGKJONF_01418,,,
fluC_1,fluC_1,Fluoride-specific ion channel FluC,2,2,1.0,1,3732,,,,231,231,231.0,,,,KAHEJOMD_02892,,,,,BMKFACGC_02751,
group_2273,,hypothetical protein,2,2,1.0,1,3700,,,,240,240,240.0,,,,KAHEJOMD_02896,,,,,BMKFACGC_02755,
group_2272,,hypothetical protein,2,2,1.0,1,3699,,,,240,240,240.0,,,,KAHEJOMD_02295,HMEEEBGO_02201,,,,,
group_2255,,hypothetical protein,2,2,1.0,1,3680,,,,2007,2061,2034.0,,,,KAHEJOMD_02290,HMEEEBGO_02206,,,,,
group_2240,,hypothetical protein,2,2,1.0,1,3665,,,,252,252,252.0,,,,KAHEJOMD_02305,HMEEEBGO_02191,,,,,
group_2219,,hypothetical protein,2,2,1.0,1,3642,,,,258,258,258.0,,,,,,,,HLLCJJMH_00039,,FHDKMCMF_00566
group_2203,,hypothetical protein,2,2,1.0,1,3626,,,,261,261,261.0,,KDAEOHOB_00004,,,HMEEEBGO_02080,,,,,
group_2171,,hypothetical protein,2,2,1.0,1,3582,,,,273,273,273.0,,,,KAHEJOMD_02863,,,,HLLCJJMH_02710,,
group_2170,,hypothetical protein,2,2,1.0,1,3581,,,,273,273,273.0,,,,KAHEJOMD_02301,HMEEEBGO_02195,,,,,
group_2144,,hypothetical protein,2,2,1.0,1,3545,,,,282,282,282.0,,,,KAHEJOMD_00092,,,GMGKJONF_00095,,,
group_2127,,hypothetical protein,2,2,1.0,1,3524,,,,294,294,294.0,,,,,HMEEEBGO_00988,,,,,FHDKMCMF_02680
group_2112,,hypothetical protein,2,2,1.0,1,3506,,,,300,300,300.0,,,,,,KGEHKDDB_01634,,HLLCJJMH_01490,,
group_2107,,hypothetical protein,2,2,1.0,1,3501,,,,300,300,300.0,,KDAEOHOB_00011,,,HMEEEBGO_02073,,,,,
group_2103,,hypothetical protein,2,2,1.0,1,3496,,,,303,303,303.0,,1_refound_5,,,HMEEEBGO_02063,,,,,
group_2101,,hypothetical protein,2,2,1.0,1,3494,,,,303,303,303.0,,,,KAHEJOMD_00093,,,GMGKJONF_00096,,,
group_2094,,hypothetical protein,2,2,1.0,1,3482,,,,306,306,306.0,,,,,,,,HLLCJJMH_00040,,FHDKMCMF_00565
group_2091,,hypothetical protein,2,2,1.0,1,3479,,,,306,306,306.0,,1_refound_6,,,HMEEEBGO_02070,,,,,
group_2090,,IS1182 family transposase ISP2,2,2,1.0,1,3478,,,,306,306,306.0,,,,KAHEJOMD_02311,HMEEEBGO_02187,,,,,
group_2083,,hypothetical protein,2,2,1.0,1,3469,,,,309,309,309.0,,KDAEOHOB_01668,,,HMEEEBGO_00272,,,,,
group_2065,,hypothetical protein,2,2,1.0,1,3446,,,,315,315,315.0,,KDAEOHOB_00016,,,HMEEEBGO_02067,,,,,
group_2064,,hypothetical protein,2,2,1.0,1,3445,,,,315,315,315.0,,KDAEOHOB_00009,,,HMEEEBGO_02075,,,,,
group_2025,,hypothetical protein,2,2,1.0,1,3399,,,,330,330,330.0,,,,KAHEJOMD_02864,,,,7_refound_25,,
group_2024,,hypothetical protein,2,2,1.0,1,3398,,,,330,330,330.0,,,OPNKAGHI_02659,,,KGEHKDDB_02693,,,,
group_2014,,hypothetical protein,2,2,1.0,1,3387,,,,333,333,333.0,,,,KAHEJOMD_02742,,KGEHKDDB_02573,,,,
group_2013,,hypothetical protein,2,2,1.0,1,3386,,,,333,333,333.0,,,,KAHEJOMD_02298,HMEEEBGO_02198,,,,,
group_2008,,hypothetical protein,2,2,1.0,1,3380,,,,336,336,336.0,,,,KAHEJOMD_02794,,KGEHKDDB_02586,,,,
group_2007,,hypothetical protein,2,2,1.0,1,3379,,,,336,336,336.0,,,,KAHEJOMD_01736,,,,,,FHDKMCMF_01511
group_1969,,hypothetical protein,2,2,1.0,1,3332,,,,351,351,351.0,,,,,HMEEEBGO_02550,,,HLLCJJMH_01461,,
group_1949,,hypothetical protein,2,2,1.0,1,3308,,,,357,357,357.0,,,,KAHEJOMD_02307,HMEEEBGO_02189,,,,,
group_1944,,hypothetical protein,2,2,1.0,1,3298,,,,360,360,360.0,,,,,HMEEEBGO_02552,,,HLLCJJMH_01459,,
group_1939,,hypothetical protein,2,2,1.0,1,3291,,,,360,360,360.0,,KDAEOHOB_01667,,,HMEEEBGO_00273,,,,,
group_1926,,hypothetical protein,2,2,1.0,1,3277,,,,363,363,363.0,JECDCPOO_02006,,,KAHEJOMD_02144,,,,,,
group_1916,,hypothetical protein,2,2,1.0,1,3265,,,,366,366,366.0,,KDAEOHOB_00022,,,HMEEEBGO_02060,,,,,
group_1908,,hypothetical protein,2,2,1.0,1,3255,,,,369,369,369.0,,KDAEOHOB_02521,,,HMEEEBGO_02090,,,,,
group_1901,,hypothetical protein,2,2,1.0,1,3244,,,,372,372,372.0,,,,KAHEJOMD_02294,HMEEEBGO_02202,,,,,
group_1875,,hypothetical protein,2,2,1.0,1,3214,,,,381,381,381.0,,,,,HMEEEBGO_02505,,GMGKJONF_01441,,,
group_1871,,hypothetical protein,2,2,1.0,1,3210,,,,381,381,381.0,,,,KAHEJOMD_02862,,,,HLLCJJMH_02709,,
adhR_3,adhR_3,HTH-type transcriptional regulator AdhR,2,2,1.0,1,3187,,,,387,387,387.0,,KDAEOHOB_01485,,,,,GMGKJONF_01265,,,
group_1842,,hypothetical protein,2,2,1.0,1,3171,,,,393,393,393.0,,,,KAHEJOMD_02523,,,,,BMKFACGC_02502,
fluC_2,fluC_2,Fluoride-specific ion channel FluC,2,2,1.0,1,3151,,,,399,399,399.0,,,,KAHEJOMD_02893,,,,,BMKFACGC_02752,
group_1818,,hypothetical protein,2,2,1.0,1,3133,,,,405,405,405.0,,,,,,,,HLLCJJMH_00041,,FHDKMCMF_00564
group_1805,,hypothetical protein,2,2,1.0,1,3117,,,,411,411,411.0,,,,,HMEEEBGO_00184,,,HLLCJJMH_01492,,
group_1804,,hypothetical protein,2,2,1.0,1,3116,,,,411,411,411.0,,,,,HMEEEBGO_00183,,,HLLCJJMH_01493,,
group_1794,,hypothetical protein,2,2,1.0,1,3105,,,,417,417,417.0,,,,,HMEEEBGO_00810,KGEHKDDB_01657,,,,
group_1786,,hypothetical protein,2,2,1.0,1,3093,,,,420,420,420.0,JECDCPOO_01611,,,,,,GMGKJONF_01427,,,
group_1771,,hypothetical protein,2,2,1.0,1,3076,,,,426,426,426.0,,,,,HMEEEBGO_00189,,,,,FHDKMCMF_02602
group_1769,,hypothetical protein,2,2,1.0,1,3074,,,,426,426,426.0,,KDAEOHOB_00025,,,HMEEEBGO_02057,,,,,
group_1741,,hypothetical protein,2,2,1.0,1,3032,,,,441,441,441.0,,,OPNKAGHI_00050,KAHEJOMD_00054,,,,,,
group_1718,,hypothetical protein,2,2,1.0,1,2997,,,,453,453,453.0,,KDAEOHOB_01605,,,HMEEEBGO_00337,,,,,
group_1711,,hypothetical protein,2,2,1.0,1,2990,,,,456,456,456.0,,,,,,,,HLLCJJMH_02679,,FHDKMCMF_02556
group_1708,,IS30 family transposase ISLpl1,2,2,1.0,1,2987,,,,456,456,456.0,,KDAEOHOB_00007,,,HMEEEBGO_02077,,,,,
group_1702,,hypothetical protein,2,2,1.0,1,2980,,,,459,459,459.0,,,,KAHEJOMD_02787,,KGEHKDDB_02593,,,,
group_1700,,hypothetical protein,2,2,1.0,1,2978,,,,1224,1224,1224.0,,KDAEOHOB_02472,,,,KGEHKDDB_02247,,,,
group_1697,,hypothetical protein,2,2,1.0,1,2973,,,,462,462,462.0,,,,,HMEEEBGO_01774,,,,BMKFACGC_00052,
group_1668,,hypothetical protein,2,2,1.0,1,2937,,,,1377,1377,1377.0,,,,,,,,HLLCJJMH_02334,,FHDKMCMF_00905
group_1661,,hypothetical protein,2,2,1.0,1,2919,,,,477,477,477.0,,,,,HMEEEBGO_02545,,,HLLCJJMH_01466,,
group_1655,,hypothetical protein,2,2,1.0,1,2913,,,,480,480,480.0,,,,KAHEJOMD_00087,,,,,BMKFACGC_00082,
group_1640,,hypothetical protein,2,2,1.0,1,2892,,,,486,486,486.0,,,,KAHEJOMD_00094,,,GMGKJONF_00097,,,
group_1627,,hypothetical protein,2,2,1.0,1,2873,,,,492,492,492.0,,KDAEOHOB_00003,,,HMEEEBGO_02081,,,,,
group_1580,,hypothetical protein,2,2,1.0,1,2811,,,,516,516,516.0,,,,KAHEJOMD_02317,HMEEEBGO_02180,,,,,
group_1579,,hypothetical protein,2,2,1.0,1,2810,,,,516,516,516.0,,,,KAHEJOMD_02300,HMEEEBGO_02196,,,,,
group_1552,,hypothetical protein,2,2,1.0,1,2772,,,,528,528,528.0,,KDAEOHOB_00020,,,HMEEEBGO_02062,,,,,
group_1537,,hypothetical protein,2,2,1.0,1,2750,,,,537,537,537.0,JECDCPOO_02419,,,,,,,,BMKFACGC_02531,
group_1533,,S-layer protein,2,2,1.0,1,2743,,,,1419,1419,1419.0,,,,,,,,HLLCJJMH_02333,,FHDKMCMF_00906
group_1529,,hypothetical protein,2,2,1.0,1,2738,,,,543,543,543.0,,,,KAHEJOMD_02779,,KGEHKDDB_02604,,,,
group_1522,,hypothetical protein,2,2,1.0,1,2722,,,,546,546,546.0,,,OPNKAGHI_00046,,,,GMGKJONF_00060,,,
group_1506,pinR,Serine recombinase PinR,2,2,1.0,1,2698,,,,555,555,555.0,,,OPNKAGHI_02662,,,KGEHKDDB_02699,,,,
group_1495,,hypothetical protein,2,2,1.0,1,2686,,,,558,558,558.0,,KDAEOHOB_01632,,,HMEEEBGO_00310,,,,,
group_1487,,Cytokinin riboside 5'-monophosphate phosphoribohydrolase,2,2,1.0,1,2671,,,,564,564,564.0,,,,KAHEJOMD_02319,HMEEEBGO_02178,,,,,
group_1482,,hypothetical protein,2,2,1.0,1,2663,,,,567,567,567.0,,,,KAHEJOMD_02303,HMEEEBGO_02193,,,,,
group_1480,,S-layer protein,2,2,1.0,1,2661,,,,1389,1389,1389.0,,KDAEOHOB_02474,,,HMEEEBGO_02137,,,,,
group_1469,,Putative acetyltransferase,2,2,1.0,1,2644,,,,573,573,573.0,,,,KAHEJOMD_00155,,,GMGKJONF_00158,,,
group_1459,,hypothetical protein,2,2,1.0,1,2629,,,,579,579,579.0,,KDAEOHOB_00030,,,HMEEEBGO_02052,,,,,
group_1422,,hypothetical protein,2,2,1.0,1,2574,,,,603,603,603.0,JECDCPOO_02223,,OPNKAGHI_00313,,,,,,,
group_1418,,hypothetical protein,2,2,1.0,1,2565,,,,609,609,609.0,,KDAEOHOB_01638,,,,,,HLLCJJMH_01486,,
group_1414,,hypothetical protein,2,2,1.0,1,2559,,,,612,612,612.0,,,,KAHEJOMD_02299,HMEEEBGO_02197,,,,,
group_1406,,hypothetical protein,2,2,1.0,1,2549,,,,615,615,615.0,,KDAEOHOB_00010,,,HMEEEBGO_02074,,,,,
group_1402,,hypothetical protein,2,2,1.0,1,2544,,,,618,618,618.0,,,,,HMEEEBGO_02884,KGEHKDDB_01613,,,,
bin3,bin3,Putative transposon Tn552 DNA-invertase bin3,2,2,1.0,1,2538,,,,618,618,618.0,,KDAEOHOB_02523,,,HMEEEBGO_02088,,,,,
group_1374,,hypothetical protein,2,2,1.0,1,2496,,,,636,636,636.0,,,,,HMEEEBGO_02859,,,,,FHDKMCMF_01525
group_1366,,IS30 family transposase ISLsa1,2,2,1.0,1,2485,,,,639,639,639.0,,,OPNKAGHI_01489,,,KGEHKDDB_02687,,,,
group_1321,,hypothetical protein,2,2,1.0,1,2383,,,,1533,1533,1533.0,,,,KAHEJOMD_02306,HMEEEBGO_02190,,,,,
group_1318,,hypothetical protein,2,2,1.0,1,2379,,,,270,270,270.0,,,,,HMEEEBGO_02534,,,HLLCJJMH_01476,,
group_1312,,IS6 family transposase ISBth20,2,2,1.0,1,2367,,,,684,684,684.0,,,,KAHEJOMD_02861,,,,HLLCJJMH_02708,,
group_1307,,hypothetical protein,2,2,1.0,1,2359,,,,687,687,687.0,,,,KAHEJOMD_02743,,KGEHKDDB_02572,,,,
group_1301,,IS1182 family transposase ISP2,2,2,1.0,1,2351,,,,690,690,690.0,,,,KAHEJOMD_02312,HMEEEBGO_02186,,,,,
group_1299,,hypothetical protein,2,2,1.0,1,2349,,,,690,690,690.0,,KDAEOHOB_00008,,,HMEEEBGO_02076,,,,,
group_1237,,hypothetical protein,2,2,1.0,1,2233,,,,744,744,744.0,,KDAEOHOB_00012,,,HMEEEBGO_02072,,,,,
group_1213,,S-layer protein,2,2,1.0,1,2201,,,,765,765,765.0,,KDAEOHOB_02324,,,,,GMGKJONF_02158,,,
group_1210,,hypothetical protein,2,3,1.5,1,2197,,,,252,1206,719.0,,,,KAHEJOMD_02308;KAHEJOMD_02309,HMEEEBGO_02188,,,,,
linX,linX,25-dichloro-25-cyclohexadiene-14-diol dehydrogenase LinX,2,2,1.0,1,2188,,,,768,768,768.0,JECDCPOO_02418,,,,,,,,BMKFACGC_02530,
ret,ret,Retron Ec86 reverse transcriptase,2,2,1.0,1,2179,,,,771,771,771.0,,,,KAHEJOMD_02293,HMEEEBGO_02203,,,,,
parA,parA,Chromosome partitioning protein ParA,2,2,1.0,1,2153,,,,786,786,786.0,,,,KAHEJOMD_02848,,,,,BMKFACGC_02712,
group_1183,,hypothetical protein,2,2,1.0,1,2147,,,,789,789,789.0,,,,,,KGEHKDDB_01381,,,BMKFACGC_01723,
group_1180,,hypothetical protein,2,2,1.0,1,2131,,,,798,798,798.0,,,,KAHEJOMD_01721,,,GMGKJONF_01693,,,
group_1155,topB,DNA topoisomerase 3,2,2,1.0,1,2080,,,,825,825,825.0,,KDAEOHOB_02520,,,HMEEEBGO_02091,,,,,
wbbD,wbbD,UDP-Gal:alpha-D-GlcNAc-diphosphoundecaprenol beta-13-galactosyltransferase,2,2,1.0,1,2061,,,,834,834,834.0,,KDAEOHOB_02021,,,HMEEEBGO_02696,,,,,
dkgA,dkgA,Methylglyoxal reductase DkgA,2,2,1.0,1,2057,,,,837,837,837.0,,,,KAHEJOMD_00154,,,GMGKJONF_00157,,,
soj_5,soj_5,Chromosome-partitioning ATPase Soj,2,2,1.0,1,2018,,,,852,852,852.0,,,,KAHEJOMD_02865,,,,HLLCJJMH_02711,,
group_1120,,hypothetical protein,2,2,1.0,1,2005,,,,858,858,858.0,,KDAEOHOB_02016,,,HMEEEBGO_02701,,,,,
group_1113,,hypothetical protein,2,2,1.0,1,1990,,,,864,864,864.0,,KDAEOHOB_01670,,,HMEEEBGO_00270,,,,,
group_1098,rmlA,Glucose-1-phosphate thymidylyltransferase,2,2,1.0,1,1961,,,,882,882,882.0,,KDAEOHOB_02024,,,HMEEEBGO_02693,,,,,
group_1089,,hypothetical protein,2,2,1.0,1,1941,,,,888,888,888.0,,KDAEOHOB_01720,,,,,,,BMKFACGC_01191,
group_1065,,hypothetical protein,2,2,1.0,1,1892,,,,909,909,909.0,,,,,,KGEHKDDB_02686,,,BMKFACGC_02706,
group_1052,,hypothetical protein,2,2,1.0,1,1867,,,,924,924,924.0,,,,KAHEJOMD_02860,,,,HLLCJJMH_02707,,
group_1038,,hypothetical protein,2,2,1.0,1,1839,,,,933,933,933.0,,KDAEOHOB_02471,,,,KGEHKDDB_02246,,,,
glyD,glyD,Glycosyltransferase GlyD,2,2,1.0,1,1831,,,,936,936,936.0,,KDAEOHOB_02020,,,HMEEEBGO_02697,,,,,
group_1028,,hypothetical protein,2,2,1.0,1,1818,,,,942,942,942.0,,KDAEOHOB_01649,,,HMEEEBGO_00292,,,,,
wcdB,wcdB,UDP-N-acetyl-alpha-D-glucosaminouronate 4-epimerase,2,2,1.0,1,1811,,,,945,945,945.0,,KDAEOHOB_02023,,,HMEEEBGO_02694,,,,,
group_1008,,hypothetical protein,2,2,1.0,1,1757,,,,975,975,975.0,,,,,HMEEEBGO_02551,,,HLLCJJMH_01460,,
group_1005,kdpB,Potassium-transporting ATPase ATP-binding subunit,2,2,1.0,1,1750,,,,978,978,978.0,,,,KAHEJOMD_02895,,,,,BMKFACGC_02754,
group_995,,hypothetical protein,2,2,1.0,1,1730,,,,987,987,987.0,,,,,,,GMGKJONF_01713,,,FHDKMCMF_01506
group_987,,hypothetical protein,2,2,1.0,1,1718,,,,252,420,336.0,,,,,HMEEEBGO_02865,,,,,FHDKMCMF_01532
ydeA,ydeA,putative protease YdeA,2,2,1.0,1,1707,,,,591,591,591.0,JECDCPOO_01111,,OPNKAGHI_01517,,,,,,,
group_979,,hypothetical protein,2,2,1.0,1,1706,,,,354,354,354.0,JECDCPOO_01112,,OPNKAGHI_01516,,,,,,,
group_975,,hypothetical protein,2,2,1.0,1,1698,,,,999,999,999.0,,KDAEOHOB_02018,,,HMEEEBGO_02699,,,,,
ccpA_4,ccpA_4,Catabolite control protein A,2,2,1.0,1,1692,,,,1002,1002,1002.0,,,,KAHEJOMD_02507,,,GMGKJONF_02466,,,
group_969,,hypothetical protein,2,2,1.0,1,1690,,,,360,369,364.5,,,,,,,GMGKJONF_01373,HLLCJJMH_01520,,
group_965,,hypothetical protein,2,3,1.5,1,1685,,,,177,426,275.0,,,,KAHEJOMD_02799;KAHEJOMD_02800,,KGEHKDDB_02584,,,,
group_963,,hypothetical protein,2,2,1.0,1,1683,,,,264,264,264.0,,,OPNKAGHI_00922,,,,,HLLCJJMH_01497,,
group_956,,hypothetical protein,2,2,1.0,1,1676,,,,1011,1011,1011.0,,,,,HMEEEBGO_00002,KGEHKDDB_01607,,,,
group_954,,hypothetical protein,2,2,1.0,1,1673,,,,1368,1476,1422.0,,,,,HMEEEBGO_00004,,,,,FHDKMCMF_02628
group_952,,hypothetical protein,2,2,1.0,1,1670,,,,246,246,246.0,,,,KAHEJOMD_00855,,,,,BMKFACGC_01735,
group_949,,hypothetical protein,2,2,1.0,1,1667,,,,1008,1008,1008.0,,KDAEOHOB_00006,,,HMEEEBGO_02078,,,,,
group_947,,hypothetical protein;IS5 family transposase ISCARN82,2,2,1.0,1,1664,,,,297,534,415.5,,,,KAHEJOMD_02850,,,,HLLCJJMH_02739,,
group_944,,hypothetical protein,2,2,1.0,1,1661,,,,2247,2250,2248.5,,,,KAHEJOMD_02798,,KGEHKDDB_02585,,,,
group_943,,hypothetical protein,2,2,1.0,1,1660,,,,237,309,273.0,,,OPNKAGHI_00038,,,,GMGKJONF_00058,,,
group_941,,hypothetical protein,2,2,1.0,1,1658,,,,420,420,420.0,,,OPNKAGHI_00921,,,,,HLLCJJMH_01498,,
group_931,,hypothetical protein,2,2,1.0,1,1641,,,,426,765,595.5,,,,,,,,,BMKFACGC_02793,FHDKMCMF_02705
group_930,,IS30 family transposase ISLpl1,2,2,1.0,1,1640,,,,930,930,930.0,,,,,,,,,BMKFACGC_01965,FHDKMCMF_01259
group_929,,IS30 family transposase IS1139,2,2,1.0,1,1639,,,,1017,1017,1017.0,,,,KAHEJOMD_02974,,,,HLLCJJMH_02699,,
group_922,,hypothetical protein,2,2,1.0,1,1632,,,,1026,1125,1075.5,,,OPNKAGHI_02674,,,,,,BMKFACGC_02732,
group_917,,hypothetical protein,2,2,1.0,1,1626,,,,1725,1725,1725.0,,,,,HMEEEBGO_02535,,,HLLCJJMH_01475,,
group_908,,hypothetical protein,2,2,1.0,1,1613,,,,420,444,432.0,,KDAEOHOB_01647,,,,,,,BMKFACGC_01721,
topB_2~~~topA_2,topB_2;topA_2,DNA topoisomerase 3;DNA topoisomerase 1,2,3,1.5,1,1609,,,,276,2136,1219.0,,,,,,KGEHKDDB_02679,,,,FHDKMCMF_02564;FHDKMCMF_02563
group_904,,hypothetical protein,2,2,1.0,1,1607,,,,345,363,354.0,,,,,,,GMGKJONF_01372,,BMKFACGC_01652,
thsA,thsA,Thoeris protein ThsA,2,2,1.0,1,1604,,,,858,858,858.0,JECDCPOO_01596,,,,HMEEEBGO_00305,,,,,
group_901,,hypothetical protein,2,2,1.0,1,1603,,,,132,132,132.0,JECDCPOO_01597,,,,HMEEEBGO_00304,,,,,
group_892,,hypothetical protein,2,2,1.0,1,1587,,,,771,771,771.0,,,,KAHEJOMD_01717,,,GMGKJONF_01689,,,
group_886,,hypothetical protein,2,2,1.0,1,1580,,,,177,183,180.0,,KDAEOHOB_01046,,,,,,,,FHDKMCMF_02687
group_883,,hypothetical protein,2,2,1.0,1,1573,,,,180,180,180.0,JECDCPOO_01609,,,,,,GMGKJONF_01424,,,
group_880,,IS30 family transposase IS1070,2,2,1.0,1,1569,,,,924,924,924.0,,,OPNKAGHI_00053,,,,,,BMKFACGC_00037,
group_875,,hypothetical protein,2,2,1.0,1,1560,,,,495,495,495.0,JECDCPOO_01595,,,,HMEEEBGO_00306,,,,,
group_871,,hypothetical protein,2,2,1.0,1,1556,,,,219,228,223.5,,,,,HMEEEBGO_00808,KGEHKDDB_01655,,,,
group_868,,hypothetical protein,2,2,1.0,1,1549,,,,111,111,111.0,,,,,HMEEEBGO_00993,,,,,FHDKMCMF_02685
group_866,,Type I restriction enzyme MpnII methylase subunit,2,2,1.0,1,1547,,,,1593,1593,1593.0,,,,,,,GMGKJONF_00054,HLLCJJMH_00072,,
group_861,,hypothetical protein,2,2,1.0,1,1541,,,,186,186,186.0,,,OPNKAGHI_00909,,,,,,BMKFACGC_01734,
group_853,,hypothetical protein,2,2,1.0,1,1530,,,,1032,1047,1039.5,,,,,HMEEEBGO_02539,,,HLLCJJMH_01472,,
group_848,,hypothetical protein,2,2,1.0,1,1525,,,,249,249,249.0,,,OPNKAGHI_00910,,,,,,BMKFACGC_01733,
group_847,,hypothetical protein,2,2,1.0,1,1524,,,,228,228,228.0,,,,,HMEEEBGO_00992,,,,,FHDKMCMF_02684
group_845,,hypothetical protein,2,2,1.0,1,1522,,,,1026,1158,1092.0,,,,,HMEEEBGO_02556,,,HLLCJJMH_01455,,
group_841,,hypothetical protein,2,2,1.0,1,1517,,,,312,312,312.0,,,,,HMEEEBGO_00195,KGEHKDDB_01625,,,,
group_840,,hypothetical protein,2,2,1.0,1,1516,,,,348,351,349.5,,,,,HMEEEBGO_02540,,,HLLCJJMH_01471,,
group_818,,hypothetical protein,2,2,1.0,1,1490,,,,324,327,325.5,,,,,,,,HLLCJJMH_00045,,FHDKMCMF_00560
group_815,,hypothetical protein,2,2,1.0,1,1487,,,,1128,1128,1128.0,,,,KAHEJOMD_02791,,KGEHKDDB_02589,,,,
group_813,,hypothetical protein,2,2,1.0,1,1484,,,,255,531,393.0,,,,KAHEJOMD_02722,,,,,,FHDKMCMF_02514
group_812,,hypothetical protein,2,2,1.0,1,1483,,,,630,720,675.0,,,,,HMEEEBGO_02555,,,HLLCJJMH_01456,,
group_809,,hypothetical protein,2,2,1.0,1,1479,,,,2328,2346,2337.0,,,,KAHEJOMD_02790,,KGEHKDDB_02590,,,,
group_803,,hypothetical protein,2,2,1.0,1,1473,,,,204,204,204.0,,,,,HMEEEBGO_02856,,,,,FHDKMCMF_01522
group_802,,hypothetical protein,2,3,1.5,1,1472,,,,192,690,464.0,JECDCPOO_01612;JECDCPOO_01613,,,,HMEEEBGO_02516,,,,,
mshA,mshA,D-inositol-3-phosphate glycosyltransferase,2,2,1.0,1,1467,,,,1083,1083,1083.0,,,,KAHEJOMD_01883,,,GMGKJONF_01850,,,
group_780,,hypothetical protein,2,2,1.0,1,1442,,,,600,600,600.0,,,,,HMEEEBGO_02541,,,HLLCJJMH_01470,,
group_778,,hypothetical protein,2,2,1.0,1,1440,,,,273,273,273.0,,,,,,,,,BMKFACGC_02711,FHDKMCMF_02571
group_772,,hypothetical protein,2,3,1.5,1,1433,,,,510,2568,1690.0,,,,KAHEJOMD_02002;KAHEJOMD_02003,,,GMGKJONF_01969,,,
group_768,,hypothetical protein,2,2,1.0,1,1428,,,,1101,1101,1101.0,,KDAEOHOB_00013,,,HMEEEBGO_02071,,,,,
group_751,,hypothetical protein,2,2,1.0,1,1406,,,,216,219,217.5,,,,KAHEJOMD_02781,,KGEHKDDB_02599,,,,
group_747,,hypothetical protein,2,2,1.0,1,1398,,,,549,549,549.0,,,,,,,,HLLCJJMH_00044,,FHDKMCMF_00561
group_739,,hypothetical protein,2,2,1.0,1,1390,,,,183,213,198.0,,,,KAHEJOMD_02792,,KGEHKDDB_02588,,,,
group_736,,hypothetical protein,2,2,1.0,1,1386,,,,1236,1242,1239.0,,,,,HMEEEBGO_02554,,,HLLCJJMH_01457,,
group_731,,hypothetical protein,2,2,1.0,1,1375,,,,948,960,954.0,,,,KAHEJOMD_02789,,KGEHKDDB_02591,,,,
group_728,,hypothetical protein,2,2,1.0,1,1372,,,,660,660,660.0,,,,KAHEJOMD_02785,,KGEHKDDB_02595,,,,
xerC_6,xerC_6,Tyrosine recombinase XerC,2,2,1.0,1,1346,,,,1134,1134,1134.0,,,,KAHEJOMD_02302,HMEEEBGO_02194,,,,,
group_710,,hypothetical protein,2,2,1.0,1,1342,,,,708,720,714.0,,,,KAHEJOMD_01719,,,GMGKJONF_01691,,,
group_687,,hypothetical protein,2,2,1.0,1,1304,,,,186,186,186.0,,,,,HMEEEBGO_02547,,,HLLCJJMH_01464,,
group_685,,hypothetical protein,2,2,1.0,1,1302,,,,363,363,363.0,,KDAEOHOB_00218,OPNKAGHI_02603,,,,,,,
group_655,,hypothetical protein,2,2,1.0,1,1255,,,,285,285,285.0,,,,,HMEEEBGO_02542,,,HLLCJJMH_01469,,
group_648,,hypothetical protein,2,2,1.0,1,1247,,,,585,861,723.0,,,OPNKAGHI_00997,,,,,HLLCJJMH_01537,,
group_640,,hypothetical protein,2,2,1.0,1,1234,,,,2025,2283,2154.0,,,OPNKAGHI_00062,,,,GMGKJONF_00070,,,
smc_4~~~smc_2,smc_4;smc_2,Chromosome partition protein Smc,2,2,1.0,1,1144,,,,4959,5016,4987.5,,,,,HMEEEBGO_02887,KGEHKDDB_01610,,,,
group_577,,hypothetical protein,2,2,1.0,1,1127,,,,123,123,123.0,,,OPNKAGHI_00992,,,,,HLLCJJMH_01541,,
topB_2~~~topB_1,topB_2;topB_1,DNA topoisomerase 3,2,2,1.0,1,1113,,,,2094,2097,2095.5,,,,KAHEJOMD_02784,,KGEHKDDB_02596,,,,
group_568,,hypothetical protein,2,2,1.0,1,1112,,,,2076,2079,2077.5,,,,KAHEJOMD_02782,,KGEHKDDB_02598,,,,
group_567,,hypothetical protein,2,2,1.0,1,1111,,,,471,471,471.0,JECDCPOO_01558,,,,,,,,BMKFACGC_01035,
group_565,,hypothetical protein,2,2,1.0,1,1109,,,,204,204,204.0,,,,KAHEJOMD_01724,,,,,,FHDKMCMF_02647
group_560,xylP_7,Isoprimeverose transporter,2,2,1.0,1,1103,,,,768,960,864.0,,,,,HMEEEBGO_02588,,,,,FHDKMCMF_01260
group_559,,hypothetical protein,2,2,1.0,1,1101,,,,1230,1230,1230.0,,KDAEOHOB_01639,,,,,,HLLCJJMH_01487,,
group_555,,hypothetical protein,2,2,1.0,1,1096,,,,138,138,138.0,,KDAEOHOB_02325,,,,,GMGKJONF_02159,,,
group_552,,hypothetical protein,2,2,1.0,1,1091,,,,297,342,319.5,,,,KAHEJOMD_02520,,,,,BMKFACGC_02499,
group_542,,hypothetical protein,2,2,1.0,1,1074,,,,465,465,465.0,,,,,,,,HLLCJJMH_00043,,FHDKMCMF_00562
group_538,,hypothetical protein,2,2,1.0,1,1067,,,,819,825,822.0,,,,KAHEJOMD_01682,,,,,,FHDKMCMF_01568
group_531,,hypothetical protein,2,2,1.0,1,1057,,,,1257,1257,1257.0,JECDCPOO_02180,,,,,,GMGKJONF_02261,,,
group_529,,hypothetical protein,2,2,1.0,1,1054,,,,1260,1260,1260.0,,,,,HMEEEBGO_02549,,,HLLCJJMH_01462,,
group_522,,hypothetical protein,2,2,1.0,1,1041,,,,1263,1263,1263.0,,,,KAHEJOMD_02314,HMEEEBGO_02183,,,,,
group_521,,hypothetical protein,2,2,1.0,1,1040,,,,474,486,480.0,,,OPNKAGHI_02660,,,KGEHKDDB_02694,,,,
group_519,,hypothetical protein,2,2,1.0,1,1038,,,,2460,2478,2469.0,,,,KAHEJOMD_02741,,KGEHKDDB_02574,,,,
group_518,,hypothetical protein,2,2,1.0,1,1037,,,,357,357,357.0,,,,KAHEJOMD_02793,,KGEHKDDB_02587,,,,
group_508,,hypothetical protein,2,2,1.0,1,1024,,,,420,420,420.0,,,,,HMEEEBGO_00205,KGEHKDDB_01615,,,,
group_507,,hypothetical protein,2,2,1.0,1,1022,,,,387,387,387.0,,,,,HMEEEBGO_02553,,,HLLCJJMH_01458,,
group_488,,hypothetical protein,2,2,1.0,1,998,,,,258,264,261.0,JECDCPOO_01610,,,,,,GMGKJONF_01426,,,
group_487,,hypothetical protein,2,2,1.0,1,997,,,,1953,1953,1953.0,,,,KAHEJOMD_01686,,,,,,FHDKMCMF_01564
eno2,eno2,Enolase 2,2,2,1.0,1,993,,,,1287,1287,1287.0,,,,KAHEJOMD_02894,,,,,BMKFACGC_02753,
strA_3,;strA_3,hypothetical protein;Sortase A,2,2,1.0,1,978,,,,831,831,831.0,,,,KAHEJOMD_02788,,KGEHKDDB_02592,,,,
clpC_3~~~clpC_2,clpC_3;clpC_2,Negative regulator of genetic competence ClpC/MecB,2,2,1.0,1,977,,,,1896,1896,1896.0,,,,KAHEJOMD_02786,,KGEHKDDB_02594,,,,
group_477,,hypothetical protein,2,2,1.0,1,970,,,,615,615,615.0,,,,,HMEEEBGO_02546,,,HLLCJJMH_01465,,
group_472,,hypothetical protein,2,2,1.0,1,962,,,,1116,1116,1116.0,,,,,HMEEEBGO_02544,,,HLLCJJMH_01467,,
group_460,,hypothetical protein,2,2,1.0,1,939,,,,1959,1965,1962.0,,,,KAHEJOMD_02780,,KGEHKDDB_02603,,,,
group_459,,hypothetical protein,2,2,1.0,1,937,,,,582,645,613.5,,,OPNKAGHI_00045,,,,GMGKJONF_00059,,,
efpA_2,efpA_2,putative MFS-type transporter EfpA,2,2,1.0,1,928,,,,1323,1323,1323.0,,KDAEOHOB_01486,,,,,GMGKJONF_01266,,,
group_448,,hypothetical protein,2,2,1.0,1,919,,,,360,366,363.0,,,,,,KGEHKDDB_02639,,,,FHDKMCMF_02696
potE,potE,Putrescine transporter PotE,2,2,1.0,1,909,,,,1335,1335,1335.0,,,,KAHEJOMD_02505,,,GMGKJONF_02464,,,
group_444,,hypothetical protein,2,2,1.0,1,907,,,,369,369,369.0,,,,,HMEEEBGO_02885,KGEHKDDB_01612,,,,
group_443,,hypothetical protein,2,2,1.0,1,906,,,,399,399,399.0,,,,,HMEEEBGO_02883,KGEHKDDB_01614,,,,
group_441,,hypothetical protein,2,2,1.0,1,904,,,,2814,2823,2818.5,,,,KAHEJOMD_02801,,KGEHKDDB_02583,,,,
group_439,,hypothetical protein,2,2,1.0,1,900,,,,486,486,486.0,,,,,HMEEEBGO_02858,,,,,FHDKMCMF_01524
group_438,,hypothetical protein,2,2,1.0,1,897,,,,177,180,178.5,,,OPNKAGHI_02741,,,KGEHKDDB_02609,,,,
group_428,,hypothetical protein,2,2,1.0,1,876,,,,189,189,189.0,,,,KAHEJOMD_02313,HMEEEBGO_02185,,,,,
group_426,,hypothetical protein,2,2,1.0,1,873,,,,219,219,219.0,,KDAEOHOB_02432,OPNKAGHI_00351,,,,,,,
group_415,,hypothetical protein,2,2,1.0,1,847,,,,240,240,240.0,,,,KAHEJOMD_02847,,,,,BMKFACGC_02713,
group_411,,hypothetical protein,2,2,1.0,1,841,,,,507,507,507.0,,,,KAHEJOMD_01722,,,GMGKJONF_01694,,,
group_410,,hypothetical protein,2,2,1.0,1,840,,,,504,516,510.0,,,,KAHEJOMD_01720,,,GMGKJONF_01692,,,
group_400,,hypothetical protein,2,2,1.0,1,823,,,,1371,1371,1371.0,JECDCPOO_02224,,OPNKAGHI_00312,,,,,,,
npr_2,npr_2,NADH peroxidase,2,2,1.0,1,804,,,,1377,1377,1377.0,,,OPNKAGHI_02730,,,KGEHKDDB_02744,,,,
group_369,,IS30 family transposase ISLpl1,2,2,1.0,1,769,,,,930,930,930.0,,,,,,,,HLLCJJMH_00875,BMKFACGC_00904,
group_368,,hypothetical protein,2,2,1.0,1,762,,,,1293,1293,1293.0,,KDAEOHOB_01991,,,HMEEEBGO_02708,,,,,
tagF_2,tagF_2,Teichoic acid poly(glycerol phosphate) polymerase,2,2,1.0,1,739,,,,1227,1227,1227.0,,KDAEOHOB_02019,,,HMEEEBGO_02698,,,,,
group_358,,hypothetical protein,2,2,1.0,1,738,,,,945,1107,1026.0,,KDAEOHOB_02017,,,HMEEEBGO_02700,,,,,
group_351,,hypothetical protein,2,2,1.0,1,724,,,,195,198,196.5,JECDCPOO_00898,,OPNKAGHI_01732,,,,,,,
group_319,,hypothetical protein,2,2,1.0,1,666,,,,4806,4842,4824.0,,,,,HMEEEBGO_02548,,,HLLCJJMH_01463,,
group_317,,hypothetical protein,2,2,1.0,1,662,,,,1464,1464,1464.0,,,,,HMEEEBGO_00813,,,,BMKFACGC_01031,
group_316,,hypothetical protein,2,2,1.0,1,660,,,,291,291,291.0,,KDAEOHOB_00217,OPNKAGHI_02602,,,,,,,
group_301,,hypothetical protein,2,2,1.0,1,629,,,,228,264,246.0,,KDAEOHOB_00547,OPNKAGHI_02369,,,,,,,
group_290,,hypothetical protein,2,2,1.0,1,607,,,,1509,1509,1509.0,,KDAEOHOB_02015,,,HMEEEBGO_02702,,,,,
group_285,,hypothetical protein,2,2,1.0,1,598,,,,294,297,295.5,,,,,HMEEEBGO_02533,,,HLLCJJMH_01477,,
group_260,,hypothetical protein,2,2,1.0,1,563,,,,642,651,646.5,,,,KAHEJOMD_02976,,,,HLLCJJMH_02697,,
group_258,,hypothetical protein,2,2,1.0,1,559,,,,1221,1365,1293.0,,,OPNKAGHI_00048,KAHEJOMD_00052,,,,,,
group_252,,hypothetical protein,2,2,1.0,1,549,,,,1203,1203,1203.0,,,,KAHEJOMD_02745,,KGEHKDDB_02570,,,,
group_244,,hypothetical protein,2,2,1.0,1,533,,,,411,411,411.0,,,,KAHEJOMD_01716,,,GMGKJONF_01687,,,
group_240,,hypothetical protein,2,2,1.0,1,519,,,,1590,1590,1590.0,,KDAEOHOB_00014,,,HMEEEBGO_02069,,,,,
group_238,,hypothetical protein,2,2,1.0,1,517,,,,378,1632,1005.0,,,,,,,GMGKJONF_00051,HLLCJJMH_00070,,
group_231,,IS30 family transposase ISLpl1,2,3,1.5,1,497,,,,930,930,930.0,,,,,,,,,BMKFACGC_01859;BMKFACGC_01857,FHDKMCMF_01575
group_228,,IS30 family transposase ISLpl1,2,2,1.0,1,493,,,,930,930,930.0,,,,KAHEJOMD_02693,,,,,,FHDKMCMF_00687
group_227,,hypothetical protein,2,2,1.0,1,492,,,,384,384,384.0,,,,KAHEJOMD_02747,,KGEHKDDB_02568,,,,
group_218,,hypothetical protein,2,2,1.0,1,479,,,,486,486,486.0,,,,,HMEEEBGO_02543,,,HLLCJJMH_01468,,
group_216,,hypothetical protein,2,2,1.0,1,475,,,,123,2064,1093.5,,KDAEOHOB_02525,,,HMEEEBGO_02086,,,,,
group_215,,hypothetical protein,2,2,1.0,1,473,,,,249,579,414.0,,,,KAHEJOMD_02291,HMEEEBGO_02205,,,,,
group_211,,hypothetical protein,2,2,1.0,1,464,,,,861,1056,958.5,,,,,HMEEEBGO_01974,,GMGKJONF_02423,,,
group_210,,hypothetical protein,2,2,1.0,1,463,,,,621,642,631.5,,,OPNKAGHI_00047,KAHEJOMD_00051,,,,,,
group_208,,hypothetical protein,2,3,1.5,1,457,,,,309,702,473.0,,,,,HMEEEBGO_01975,,GMGKJONF_02422;GMGKJONF_02421,,,
group_204,,hypothetical protein,2,2,1.0,1,448,,,,816,933,874.5,,,,KAHEJOMD_01881,,,GMGKJONF_01847,,,
group_202,,hypothetical protein,2,2,1.0,1,445,,,,933,933,933.0,,,,,HMEEEBGO_02536,,,HLLCJJMH_01474,,
group_201,,hypothetical protein,2,3,1.5,1,444,,,,459,954,641.0,,,OPNKAGHI_00995;OPNKAGHI_00996,,,,,HLLCJJMH_01538,,
group_198,,hypothetical protein,2,2,1.0,1,440,,,,1704,1704,1704.0,,,,KAHEJOMD_02975,,,,HLLCJJMH_02698,,
group_196,,hypothetical protein,2,2,1.0,1,436,,,,1707,1707,1707.0,,KDAEOHOB_00015,,,HMEEEBGO_02068,,,,,
group_189,,hypothetical protein,2,2,1.0,1,420,,,,378,495,436.5,,,,,,,,HLLCJJMH_01304,,FHDKMCMF_01846
group_188,,hypothetical protein,2,2,1.0,1,419,,,,609,609,609.0,,KDAEOHOB_01483,,,,,GMGKJONF_01263,,,
arnC~~~glyG,;arnC;glyG,hypothetical protein;Undecaprenyl-phosphate 4-deoxy-4-formamido-L-arabinose transferase;Glycosyltransferase GlyG,2,3,1.5,1,401,,,,441,999,655.0,,,,KAHEJOMD_01882,,,GMGKJONF_01849;GMGKJONF_01848,,,
group_182,,hypothetical protein,2,2,1.0,1,399,,,,1776,1776,1776.0,,KDAEOHOB_01606,,,HMEEEBGO_00336,,,,,
group_176,,hypothetical protein,2,2,1.0,1,388,,,,1794,1794,1794.0,,,OPNKAGHI_00049,KAHEJOMD_00053,,,,,,
group_167,,hypothetical protein,2,2,1.0,1,361,,,,297,297,297.0,,,,KAHEJOMD_02859,,,,HLLCJJMH_02705,,
group_160,,hypothetical protein,2,2,1.0,1,351,,,,942,942,942.0,,,OPNKAGHI_00919,,,,,HLLCJJMH_01501,,
group_154,,hypothetical protein,2,2,1.0,1,343,,,,270,270,270.0,,KDAEOHOB_01640,,,,,,,BMKFACGC_01716,
group_150,,hypothetical protein,2,2,1.0,1,338,,,,480,720,600.0,,,,,,,GMGKJONF_01698,,,FHDKMCMF_01519
group_143,,hypothetical protein,2,2,1.0,1,313,,,,1194,1242,1218.0,,KDAEOHOB_01593,OPNKAGHI_01283,,,,,,,
group_129,,hypothetical protein,2,2,1.0,1,285,,,,2010,2010,2010.0,,,,KAHEJOMD_02744,,KGEHKDDB_02571,,,,
group_119,,putative oxidoreductase,2,2,1.0,1,267,,,,741,741,741.0,,KDAEOHOB_01484,,,,,GMGKJONF_01264,,,
kup_2,kup_2,Low affinity potassium transport system protein Kup,2,2,1.0,1,266,,,,2037,2037,2037.0,,,OPNKAGHI_02663,,,KGEHKDDB_02698,,,,
group_98,,hypothetical protein,2,3,1.5,1,231,,,,429,942,619.0,,,,KAHEJOMD_00088,,,,,BMKFACGC_00083;BMKFACGC_00084,
group_94,,hypothetical protein,2,2,1.0,1,220,,,,654,654,654.0,,,,,HMEEEBGO_02538,,,HLLCJJMH_01473,,
group_91,,hypothetical protein,2,2,1.0,1,217,,,,264,264,264.0,,,,,HMEEEBGO_01976,,GMGKJONF_02420,,,
group_87,,hypothetical protein,2,2,1.0,1,210,,,,483,495,489.0,,,,KAHEJOMD_02778,,KGEHKDDB_02605,,,,
odcI,odcI,Inducible ornithine decarboxylase,2,2,1.0,1,196,,,,2166,2166,2166.0,,,,KAHEJOMD_02506,,,GMGKJONF_02465,,,
cynR~~~hdfR_1,cynR;;hdfR_1,HTH-type transcriptional regulator CynR;hypothetical protein;HTH-type transcriptional regulator HdfR,2,3,1.5,1,189,,,,261,891,542.0,,,,KAHEJOMD_00157;KAHEJOMD_00156,,,GMGKJONF_00159,,,
group_76,,hypothetical protein,2,2,1.0,1,176,,,,117,231,174.0,,KDAEOHOB_02522,,,HMEEEBGO_02089,,,,,
group_35,,hypothetical protein,2,2,1.0,1,75,,,,1059,1110,1084.5,,KDAEOHOB_01669,,,HMEEEBGO_00271,,,,,
smc_5,smc_5,Chromosome partition protein Smc,2,2,1.0,1,63,,,,3000,3000,3000.0,,,,KAHEJOMD_02331,,,,,BMKFACGC_02292,
group_30,,hypothetical protein,2,2,1.0,1,59,,,,2985,2985,2985.0,,,,,,,GMGKJONF_00052,HLLCJJMH_00071,,
group_20,,hypothetical protein,2,2,1.0,1,40,,,,681,705,693.0,,KDAEOHOB_02022,,,HMEEEBGO_02695,,,,,
group_3129,res_2,Type III restriction-modification enzyme EcoP15I Res subunit,1,1,1.0,10,3,,,,735,735,735.0,,,,,,,,,,FHDKMCMF_02701
group_3128,mod,Type III restriction-modification enzyme StyLTI Mod subunit,1,1,1.0,10,2,,,,1929,1929,1929.0,,,,,,,,,,FHDKMCMF_02700
group_3127,,hypothetical protein,1,1,1.0,10,1,,,,579,579,579.0,,,,,,,,,,FHDKMCMF_02699
group_3118,,hypothetical protein,1,1,1.0,6,4,,,,318,318,318.0,,,,KAHEJOMD_02826,,,,,,
group_3117,,hypothetical protein,1,1,1.0,6,3,,,,522,522,522.0,,,,KAHEJOMD_02824,,,,,,
group_3116,,hypothetical protein,1,1,1.0,6,2,,,,105,105,105.0,,,,KAHEJOMD_02825,,,,,,
group_3115,,hypothetical protein,1,1,1.0,6,1,,,,282,282,282.0,,,,KAHEJOMD_02827,,,,,,
group_3074,,IS30 family transposase ISCth3,1,1,1.0,1,4630,,,,1053,1053,1053.0,,,,,,KGEHKDDB_02622,,,,
group_3059,,hypothetical protein,1,1,1.0,1,4595,,,,1059,1059,1059.0,,,OPNKAGHI_00311,,,,,,,
group_3031,,hypothetical protein,1,1,1.0,1,4552,,,,1071,1071,1071.0,,,,,,,GMGKJONF_00248,,,
group_2950,,IS30 family transposase ISLpl1,1,1,1.0,1,4470,,,,930,930,930.0,,,,,,,,,,FHDKMCMF_01885
group_2949,,IS30 family transposase ISLpl1,1,1,1.0,1,4469,,,,930,930,930.0,,,,,,,,,,FHDKMCMF_01847
group_2948,,IS30 family transposase ISLpl1,1,1,1.0,1,4468,,,,930,930,930.0,,,,,,,,,,FHDKMCMF_01549
group_2947,,hypothetical protein,1,1,1.0,1,4467,,,,699,699,699.0,,,,,,,,,,FHDKMCMF_01530
group_2946,,IS30 family transposase ISLpl1,1,1,1.0,1,4466,,,,930,930,930.0,,,,,,,,,,FHDKMCMF_01398
group_2945,,IS30 family transposase ISLpl1,1,1,1.0,1,4465,,,,930,930,930.0,,,,,,,,,,FHDKMCMF_01264
group_2944,,IS30 family transposase ISLpl1,1,1,1.0,1,4464,,,,930,930,930.0,,,,,,,,,,FHDKMCMF_01019
group_2943,,IS30 family transposase ISLpl1,1,1,1.0,1,4463,,,,930,930,930.0,,,,,,,,,,FHDKMCMF_00749
group_2942,,IS30 family transposase ISLpl1,1,1,1.0,1,4462,,,,930,930,930.0,,,,,,,,,,FHDKMCMF_00746
group_2941,,IS30 family transposase ISLpl1,1,1,1.0,1,4461,,,,930,930,930.0,,,,,,,,,,FHDKMCMF_00709
group_2939,,ISL3 family transposase ISSau8,1,1,1.0,1,4459,,,,1272,1272,1272.0,,,,,,,,,BMKFACGC_02773,
group_2938,,hypothetical protein,1,1,1.0,1,4458,,,,588,588,588.0,,,,,,,,,BMKFACGC_02741,
group_2937,,hypothetical protein,1,1,1.0,1,4457,,,,279,279,279.0,,,,,,,,,BMKFACGC_02740,
group_2936,,hypothetical protein,1,1,1.0,1,4456,,,,303,303,303.0,,,,,,,,,BMKFACGC_02739,
group_2935,,IS30 family transposase ISSlu1,1,1,1.0,1,4455,,,,999,999,999.0,,,,,,,,,BMKFACGC_02714,
group_2934,,ISL3 family transposase ISP1,1,1,1.0,1,4454,,,,1263,1263,1263.0,,,,,,,,,BMKFACGC_02679,
group_2933,,IS30 family transposase ISSag3,1,1,1.0,1,4453,,,,1026,1026,1026.0,,,,,,,,,BMKFACGC_02585,
group_2932,,IS30 family transposase ISSlu1,1,1,1.0,1,4452,,,,999,999,999.0,,,,,,,,,BMKFACGC_02525,
group_2931,,IS30 family transposase ISSlu1,1,1,1.0,1,4451,,,,999,999,999.0,,,,,,,,,BMKFACGC_02472,
group_2930,,IS256 family transposase IS1310,1,1,1.0,1,4450,,,,1188,1188,1188.0,,,,,,,,,BMKFACGC_02457,
group_2929,,IS30 family transposase ISLsa1,1,1,1.0,1,4449,,,,921,921,921.0,,,,,,,,,BMKFACGC_02454,
group_2928,,IS30 family transposase ISSlu1,1,1,1.0,1,4448,,,,999,999,999.0,,,,,,,,,BMKFACGC_02438,
group_2927,,IS30 family transposase ISLsa1,1,1,1.0,1,4447,,,,921,921,921.0,,,,,,,,,BMKFACGC_02437,
group_2926,,hypothetical protein,1,1,1.0,1,4446,,,,1221,1221,1221.0,,,,,,,,,BMKFACGC_02436,
group_2925,,IS21 family transposase ISCbo2,1,1,1.0,1,4445,,,,738,738,738.0,,,,,,,,,BMKFACGC_02435,
group_2924,,IS30 family transposase ISLsa1,1,1,1.0,1,4444,,,,921,921,921.0,,,,,,,,,BMKFACGC_02347,
group_2923,,ISL3 family transposase ISSau8,1,1,1.0,1,4443,,,,1272,1272,1272.0,,,,,,,,,BMKFACGC_02334,
group_2922,,IS30 family transposase ISHahy9,1,1,1.0,1,4442,,,,1047,1047,1047.0,,,,,,,,,BMKFACGC_02319,
group_2921,,ISL3 family transposase ISSau8,1,1,1.0,1,4441,,,,1272,1272,1272.0,,,,,,,,,BMKFACGC_02311,
group_2919,,IS30 family transposase ISSag3,1,1,1.0,1,4438,,,,1026,1026,1026.0,,,,,,,,,BMKFACGC_02253,
group_2918,,ISL3 family transposase ISSau8,1,1,1.0,1,4437,,,,1272,1272,1272.0,,,,,,,,,BMKFACGC_02221,
group_2917,,IS5 family transposase ISLpl3,1,1,1.0,1,4436,,,,372,372,372.0,,,,,,,,,BMKFACGC_02217,
group_2916,,IS5 family transposase ISLpl3,1,1,1.0,1,4435,,,,432,432,432.0,,,,,,,,,BMKFACGC_02216,
group_2915,,IS30 family transposase ISSlu1,1,1,1.0,1,4434,,,,999,999,999.0,,,,,,,,,BMKFACGC_02212,
group_2914,,IS30 family transposase ISLsa1,1,1,1.0,1,4433,,,,921,921,921.0,,,,,,,,,BMKFACGC_02191,
group_2913,,IS30 family transposase ISLsa1,1,1,1.0,1,4432,,,,921,921,921.0,,,,,,,,,BMKFACGC_02128,
group_2912,,IS30 family transposase ISLpl1,1,1,1.0,1,4431,,,,930,930,930.0,,,,,,,,,BMKFACGC_02123,
group_2911,,IS30 family transposase ISSag3,1,1,1.0,1,4430,,,,1026,1026,1026.0,,,,,,,,,BMKFACGC_02120,
group_2910,,IS30 family transposase ISLsa1,1,1,1.0,1,4429,,,,921,921,921.0,,,,,,,,,BMKFACGC_02109,
group_2909,,ISL3 family transposase ISSau8,1,1,1.0,1,4428,,,,1272,1272,1272.0,,,,,,,,,BMKFACGC_02108,
group_2908,,IS5 family transposase ISLpl3,1,1,1.0,1,4427,,,,432,432,432.0,,,,,,,,,BMKFACGC_02101,
group_2907,,IS5 family transposase ISLpl3,1,1,1.0,1,4426,,,,372,372,372.0,,,,,,,,,BMKFACGC_02100,
group_2906,,IS30 family transposase ISSlu1,1,1,1.0,1,4425,,,,999,999,999.0,,,,,,,,,BMKFACGC_02089,
group_2905,,IS30 family transposase ISSag3,1,1,1.0,1,4424,,,,1026,1026,1026.0,,,,,,,,,BMKFACGC_02088,
group_2904,,IS30 family transposase ISLpl1,1,1,1.0,1,4423,,,,930,930,930.0,,,,,,,,,BMKFACGC_02032,
group_2903,,ISL3 family transposase ISP1,1,1,1.0,1,4422,,,,1263,1263,1263.0,,,,,,,,,BMKFACGC_01883,
group_2902,,hypothetical protein,1,1,1.0,1,4421,,,,696,696,696.0,,,,,,,,,BMKFACGC_01744,
group_2901,,hypothetical protein,1,1,1.0,1,4420,,,,435,435,435.0,,,,,,,,,BMKFACGC_01743,
group_2900,,hypothetical protein,1,1,1.0,1,4419,,,,996,996,996.0,,,,,,,,,BMKFACGC_01742,
group_2899,,hypothetical protein,1,1,1.0,1,4418,,,,171,171,171.0,,,,,,,,,BMKFACGC_01682,
group_2898,ftsH_2,ATP-dependent zinc metalloprotease FtsH,1,1,1.0,1,4417,,,,1098,1098,1098.0,,,,,,,,,BMKFACGC_01677,
group_2897,,hypothetical protein,1,1,1.0,1,4416,,,,2169,2169,2169.0,,,,,,,,,BMKFACGC_01676,
group_2896,,hypothetical protein,1,1,1.0,1,4415,,,,303,303,303.0,,,,,,,,,BMKFACGC_01675,
group_2895,,hypothetical protein,1,1,1.0,1,4414,,,,363,363,363.0,,,,,,,,,BMKFACGC_01674,
group_2894,,hypothetical protein,1,1,1.0,1,4413,,,,309,309,309.0,,,,,,,,,BMKFACGC_01673,
group_2893,xerC_5,Tyrosine recombinase XerC,1,1,1.0,1,4412,,,,1200,1200,1200.0,,,,,,,,,BMKFACGC_01672,
group_2892,,hypothetical protein,1,1,1.0,1,4411,,,,696,696,696.0,,,,,,,,,BMKFACGC_01671,
group_2891,,hypothetical protein,1,1,1.0,1,4410,,,,435,435,435.0,,,,,,,,,BMKFACGC_01670,
group_2890,,hypothetical protein,1,1,1.0,1,4409,,,,996,996,996.0,,,,,,,,,BMKFACGC_01669,
group_2889,,hypothetical protein,1,1,1.0,1,4408,,,,219,219,219.0,,,,,,,,,BMKFACGC_01668,
group_2888,,hypothetical protein,1,1,1.0,1,4407,,,,414,414,414.0,,,,,,,,,BMKFACGC_01665,
group_2887,,hypothetical protein,1,1,1.0,1,4406,,,,372,372,372.0,,,,,,,,,BMKFACGC_01664,
group_2886,,hypothetical protein,1,1,1.0,1,4405,,,,246,246,246.0,,,,,,,,,BMKFACGC_01663,
group_2885,,hypothetical protein,1,1,1.0,1,4404,,,,186,186,186.0,,,,,,,,,BMKFACGC_01662,
group_2884,,hypothetical protein,1,1,1.0,1,4403,,,,165,165,165.0,,,,,,,,,BMKFACGC_01661,
ftsH_2,ftsH_2,ATP-dependent zinc metalloprotease FtsH,1,1,1.0,1,4402,,,,1098,1098,1098.0,,,,,,,,,BMKFACGC_01655,
group_2883,,hypothetical protein,1,1,1.0,1,4401,,,,2169,2169,2169.0,,,,,,,,,BMKFACGC_01654,
group_2882,,hypothetical protein,1,1,1.0,1,4400,,,,303,303,303.0,,,,,,,,,BMKFACGC_01653,
group_2881,,IS30 family transposase IS1070,1,1,1.0,1,4398,,,,924,924,924.0,,,,,,,,,BMKFACGC_01648,
group_2880,,ISL3 family transposase ISP1,1,1,1.0,1,4397,,,,1263,1263,1263.0,,,,,,,,,BMKFACGC_01642,
group_2879,,ISL3 family transposase ISP1,1,1,1.0,1,4395,,,,1263,1263,1263.0,,,,,,,,,BMKFACGC_01623,
group_2878,,ISL3 family transposase ISSau8,1,1,1.0,1,4394,,,,1272,1272,1272.0,,,,,,,,,BMKFACGC_01582,
group_2877,,IS30 family transposase ISLsa1,1,1,1.0,1,4393,,,,921,921,921.0,,,,,,,,,BMKFACGC_01580,
group_2876,,IS30 family transposase ISLsa1,1,1,1.0,1,4392,,,,921,921,921.0,,,,,,,,,BMKFACGC_01564,
group_2875,,ISL3 family transposase ISSau8,1,1,1.0,1,4391,,,,1272,1272,1272.0,,,,,,,,,BMKFACGC_01491,
group_2874,,IS30 family transposase ISLsa1,1,1,1.0,1,4390,,,,921,921,921.0,,,,,,,,,BMKFACGC_01457,
group_2873,,IS30 family transposase ISLsa1,1,1,1.0,1,4389,,,,921,921,921.0,,,,,,,,,BMKFACGC_01449,
group_2872,,IS30 family transposase ISLsa1,1,1,1.0,1,4388,,,,921,921,921.0,,,,,,,,,BMKFACGC_01353,
group_2871,,IS5 family transposase ISLpl3,1,1,1.0,1,4387,,,,432,432,432.0,,,,,,,,,BMKFACGC_01352,
group_2870,,IS5 family transposase ISLpl3,1,1,1.0,1,4386,,,,372,372,372.0,,,,,,,,,BMKFACGC_01351,
group_2869,,ISL3 family transposase ISP1,1,1,1.0,1,4385,,,,1263,1263,1263.0,,,,,,,,,BMKFACGC_01338,
group_2868,,IS30 family transposase ISLsa1,1,1,1.0,1,4384,,,,921,921,921.0,,,,,,,,,BMKFACGC_01327,
group_2867,,IS21 family transposase ISCbo2,1,1,1.0,1,4383,,,,738,738,738.0,,,,,,,,,BMKFACGC_01250,
group_2866,,hypothetical protein,1,1,1.0,1,4382,,,,1221,1221,1221.0,,,,,,,,,BMKFACGC_01249,
group_2865,,ISL3 family transposase ISP1,1,1,1.0,1,4380,,,,1263,1263,1263.0,,,,,,,,,BMKFACGC_01244,
group_2864,,IS5 family transposase ISLpl3,1,1,1.0,1,4379,,,,372,372,372.0,,,,,,,,,BMKFACGC_01237,
group_2863,,IS5 family transposase ISLpl3,1,1,1.0,1,4378,,,,432,432,432.0,,,,,,,,,BMKFACGC_01236,
group_2862,,IS256 family transposase IS1310,1,1,1.0,1,4377,,,,1188,1188,1188.0,,,,,,,,,BMKFACGC_01209,
group_2861,,IS30 family transposase ISSag3,1,1,1.0,1,4376,,,,1026,1026,1026.0,,,,,,,,,BMKFACGC_01145,
group_2860,,ISL3 family transposase ISSau8,1,1,1.0,1,4375,,,,1272,1272,1272.0,,,,,,,,,BMKFACGC_01138,
group_2859,,ISL3 family transposase ISP1,1,1,1.0,1,4374,,,,1263,1263,1263.0,,,,,,,,,BMKFACGC_01060,
group_2858,,IS30 family transposase ISSlu1,1,1,1.0,1,4373,,,,999,999,999.0,,,,,,,,,BMKFACGC_01051,
group_2856,,hypothetical protein,1,1,1.0,1,4371,,,,309,309,309.0,,,,,,,,,BMKFACGC_00998,
group_2855,,IS5 family transposase ISCaa8,1,1,1.0,1,4370,,,,339,339,339.0,,,,,,,,,BMKFACGC_00997,
group_2854,,ISL3 family transposase ISP1,1,1,1.0,1,4369,,,,1263,1263,1263.0,,,,,,,,,BMKFACGC_00970,
group_2853,,IS30 family transposase ISLpl1,1,1,1.0,1,4368,,,,930,930,930.0,,,,,,,,,BMKFACGC_00959,
group_2852,,ISL3 family transposase ISP1,1,1,1.0,1,4367,,,,1263,1263,1263.0,,,,,,,,,BMKFACGC_00876,
group_2850,,IS21 family transposase ISCbo2,1,1,1.0,1,4363,,,,738,738,738.0,,,,,,,,,BMKFACGC_00831,
group_2849,,hypothetical protein,1,1,1.0,1,4362,,,,1221,1221,1221.0,,,,,,,,,BMKFACGC_00830,
group_2848,,IS30 family transposase ISLpl1,1,1,1.0,1,4361,,,,930,930,930.0,,,,,,,,,BMKFACGC_00824,
group_2847,,IS30 family transposase ISLpl1,1,1,1.0,1,4360,,,,930,930,930.0,,,,,,,,,BMKFACGC_00795,
group_2846,,IS5 family transposase ISLpl3,1,1,1.0,1,4359,,,,372,372,372.0,,,,,,,,,BMKFACGC_00787,
group_2845,,IS5 family transposase ISLpl3,1,1,1.0,1,4358,,,,432,432,432.0,,,,,,,,,BMKFACGC_00786,
group_2844,,ISL3 family transposase ISSau8,1,1,1.0,1,4357,,,,1272,1272,1272.0,,,,,,,,,BMKFACGC_00714,
group_2843,,ISL3 family transposase ISP1,1,1,1.0,1,4356,,,,1263,1263,1263.0,,,,,,,,,BMKFACGC_00610,
group_2842,,IS30 family transposase ISLsa1,1,1,1.0,1,4355,,,,921,921,921.0,,,,,,,,,BMKFACGC_00544,
group_2841,,hypothetical protein,1,1,1.0,1,4354,,,,309,309,309.0,,,,,,,,,BMKFACGC_00530,
group_2840,,IS5 family transposase ISCaa8,1,1,1.0,1,4353,,,,339,339,339.0,,,,,,,,,BMKFACGC_00529,
group_2839,,IS30 family transposase ISLpl1,1,1,1.0,1,4352,,,,930,930,930.0,,,,,,,,,BMKFACGC_00498,
group_2838,,IS5 family transposase ISCaa8,1,1,1.0,1,4351,,,,339,339,339.0,,,,,,,,,BMKFACGC_00481,
group_2837,,hypothetical protein,1,1,1.0,1,4350,,,,309,309,309.0,,,,,,,,,BMKFACGC_00480,
group_2836,,IS30 family transposase ISSlu1,1,1,1.0,1,4349,,,,999,999,999.0,,,,,,,,,BMKFACGC_00467,
group_2835,,IS30 family transposase ISLpl1,1,1,1.0,1,4348,,,,930,930,930.0,,,,,,,,,BMKFACGC_00431,
group_2834,,ISL3 family transposase ISSau8,1,1,1.0,1,4347,,,,1272,1272,1272.0,,,,,,,,,BMKFACGC_00383,
group_2833,,IS30 family transposase ISSag3,1,1,1.0,1,4346,,,,1026,1026,1026.0,,,,,,,,,BMKFACGC_00313,
group_2832,,IS30 family transposase ISLpl1,1,1,1.0,1,4345,,,,930,930,930.0,,,,,,,,,BMKFACGC_00310,
group_2831,,IS5 family transposase ISLpl3,1,1,1.0,1,4344,,,,372,372,372.0,,,,,,,,,BMKFACGC_00248,
group_2830,,IS5 family transposase ISLpl3,1,1,1.0,1,4343,,,,432,432,432.0,,,,,,,,,BMKFACGC_00247,
group_2829,,IS30 family transposase ISHahy9,1,1,1.0,1,4342,,,,1047,1047,1047.0,,,,,,,,,BMKFACGC_00128,
group_2828,,IS30 family transposase ISLsa1,1,1,1.0,1,4341,,,,921,921,921.0,,,,,,,,,BMKFACGC_00078,
group_2827,,hypothetical protein,1,1,1.0,1,4340,,,,297,297,297.0,,,,,,,,HLLCJJMH_02758,,
group_2826,,hypothetical protein,1,1,1.0,1,4339,,,,318,318,318.0,,,,,,,,HLLCJJMH_02738,,
group_2825,,hypothetical protein,1,1,1.0,1,4338,,,,318,318,318.0,,,,,,,,HLLCJJMH_02601,,
group_2824,,hypothetical protein,1,1,1.0,1,4337,,,,297,297,297.0,,,,,,,,HLLCJJMH_02600,,
group_2823,,Putative transposase for insertion sequence element IS5376,1,1,1.0,1,4336,,,,1224,1224,1224.0,,,,,,,,HLLCJJMH_02598,,
group_2822,,IS21 family transposase IS712,1,1,1.0,1,4335,,,,738,738,738.0,,,,,,,,HLLCJJMH_02597,,
group_2821,,IS30 family transposase ISSag3,1,1,1.0,1,4334,,,,1026,1026,1026.0,,,,,,,,HLLCJJMH_02547,,
group_2820,,IS30 family transposase ISSag3,1,1,1.0,1,4333,,,,1026,1026,1026.0,,,,,,,,HLLCJJMH_02489,,
group_2819,,IS30 family transposase ISSag3,1,1,1.0,1,4332,,,,1026,1026,1026.0,,,,,,,,HLLCJJMH_02469,,
group_2818,,hypothetical protein,1,1,1.0,1,4331,,,,297,297,297.0,,,,,,,,HLLCJJMH_02353,,
group_2817,,hypothetical protein,1,1,1.0,1,4330,,,,318,318,318.0,,,,,,,,HLLCJJMH_02352,,
group_2816,,hypothetical protein,1,1,1.0,1,4329,,,,318,318,318.0,,,,,,,,HLLCJJMH_02342,,
group_2815,,hypothetical protein,1,1,1.0,1,4328,,,,297,297,297.0,,,,,,,,HLLCJJMH_02341,,
group_2814,,IS21 family transposase IS712,1,1,1.0,1,4327,,,,738,738,738.0,,,,,,,,HLLCJJMH_02280,,
group_2813,,Putative transposase for insertion sequence element IS5376,1,1,1.0,1,4326,,,,1224,1224,1224.0,,,,,,,,HLLCJJMH_02279,,
group_2812,,IS30 family transposase ISLpl1,1,1,1.0,1,4325,,,,930,930,930.0,,,,,,,,HLLCJJMH_02270,,
group_2811,,hypothetical protein,1,1,1.0,1,4324,,,,297,297,297.0,,,,,,,,HLLCJJMH_02245,,
group_2810,,hypothetical protein,1,1,1.0,1,4323,,,,318,318,318.0,,,,,,,,HLLCJJMH_02244,,
group_2809,,Putative transposase for insertion sequence element IS5376,1,1,1.0,1,4322,,,,1224,1224,1224.0,,,,,,,,HLLCJJMH_02104,,
group_2808,,IS21 family transposase IS712,1,1,1.0,1,4321,,,,738,738,738.0,,,,,,,,HLLCJJMH_02103,,
group_2807,,hypothetical protein,1,1,1.0,1,4320,,,,318,318,318.0,,,,,,,,HLLCJJMH_02095,,
group_2806,,hypothetical protein,1,1,1.0,1,4319,,,,297,297,297.0,,,,,,,,HLLCJJMH_02094,,
group_2805,xerD_2,Tyrosine recombinase XerD,1,1,1.0,1,4318,,,,1206,1206,1206.0,,,,,,,,HLLCJJMH_01553,,
group_2804,,hypothetical protein,1,1,1.0,1,4317,,,,252,252,252.0,,,,,,,,HLLCJJMH_01551,,
group_2803,,hypothetical protein,1,1,1.0,1,4316,,,,549,549,549.0,,,,,,,,HLLCJJMH_01550,,
group_2802,,hypothetical protein,1,1,1.0,1,4315,,,,384,384,384.0,,,,,,,,HLLCJJMH_01549,,
group_2801,,hypothetical protein,1,1,1.0,1,4314,,,,369,369,369.0,,,,,,,,HLLCJJMH_01548,,
group_2800,,hypothetical protein,1,1,1.0,1,4313,,,,249,249,249.0,,,,,,,,HLLCJJMH_01547,,
group_2799,,hypothetical protein,1,1,1.0,1,4312,,,,195,195,195.0,,,,,,,,HLLCJJMH_01546,,
group_2798,,hypothetical protein,1,1,1.0,1,4311,,,,576,576,576.0,,,,,,,,HLLCJJMH_01545,,
group_2797,,hypothetical protein,1,1,1.0,1,4310,,,,255,255,255.0,,,,,,,,HLLCJJMH_01544,,
group_2796,,hypothetical protein,1,1,1.0,1,4309,,,,165,165,165.0,,,,,,,,HLLCJJMH_01543,,
group_2795,,hypothetical protein,1,1,1.0,1,4308,,,,198,198,198.0,,,,,,,,HLLCJJMH_01542,,
group_2794,,hypothetical protein,1,1,1.0,1,4307,,,,120,120,120.0,,,,,,,,HLLCJJMH_01536,,
group_2793,,hypothetical protein,1,1,1.0,1,4306,,,,183,183,183.0,,,,,,,,HLLCJJMH_01522,,
group_2792,,hypothetical protein,1,1,1.0,1,4305,,,,606,606,606.0,,,,,,,,HLLCJJMH_01521,,
group_2791,,hypothetical protein,1,1,1.0,1,4304,,,,258,258,258.0,,,,,,,,HLLCJJMH_01518,,
xerD_2,xerD_2,Tyrosine recombinase XerD,1,1,1.0,1,4303,,,,1206,1206,1206.0,,,,,,,,HLLCJJMH_01517,,
group_2790,,hypothetical protein,1,1,1.0,1,4302,,,,549,549,549.0,,,,,,,,HLLCJJMH_01514,,
group_2789,,hypothetical protein,1,1,1.0,1,4301,,,,255,255,255.0,,,,,,,,HLLCJJMH_01508,,
group_2788,,hypothetical protein,1,1,1.0,1,4300,,,,165,165,165.0,,,,,,,,HLLCJJMH_01507,,
group_2787,,hypothetical protein,1,1,1.0,1,4299,,,,198,198,198.0,,,,,,,,HLLCJJMH_01506,,
group_2786,,hypothetical protein,1,1,1.0,1,4298,,,,120,120,120.0,,,,,,,,HLLCJJMH_01500,,
group_2785,,hypothetical protein,1,1,1.0,1,4297,,,,582,582,582.0,,,,,,,,HLLCJJMH_01454,,
group_2784,,hypothetical protein,1,1,1.0,1,4294,,,,183,183,183.0,,,,,,,,HLLCJJMH_01447,,
group_2783,,hypothetical protein,1,1,1.0,1,4293,,,,606,606,606.0,,,,,,,,HLLCJJMH_01446,,
group_2782,,hypothetical protein,1,1,1.0,1,4292,,,,369,369,369.0,,,,,,,,HLLCJJMH_01445,,
group_2781,,hypothetical protein,1,1,1.0,1,4291,,,,348,348,348.0,,,,,,,,HLLCJJMH_01444,,
group_2780,,hypothetical protein,1,1,1.0,1,4290,,,,258,258,258.0,,,,,,,,HLLCJJMH_01443,,
group_2779,,IS21 family transposase IS712,1,1,1.0,1,4289,,,,738,738,738.0,,,,,,,,HLLCJJMH_01441,,
group_2778,,IS30 family transposase ISLpl1,1,1,1.0,1,4288,,,,930,930,930.0,,,,,,,,HLLCJJMH_01322,,
group_2777,,IS30 family transposase ISSag3,1,1,1.0,1,4287,,,,1026,1026,1026.0,,,,,,,,HLLCJJMH_01315,,
group_2776,,hypothetical protein,1,1,1.0,1,4286,,,,318,318,318.0,,,,,,,,HLLCJJMH_01309,,
group_2775,,hypothetical protein,1,1,1.0,1,4285,,,,297,297,297.0,,,,,,,,HLLCJJMH_01308,,
group_2774,,Putative transposase for insertion sequence element IS5376,1,1,1.0,1,4284,,,,1224,1224,1224.0,,,,,,,,HLLCJJMH_01303,,
group_2773,,IS21 family transposase IS712,1,1,1.0,1,4283,,,,738,738,738.0,,,,,,,,HLLCJJMH_01302,,
group_2772,,IS30 family transposase ISSag3,1,1,1.0,1,4282,,,,1026,1026,1026.0,,,,,,,,HLLCJJMH_01298,,
group_2771,,IS30 family transposase ISSag3,1,1,1.0,1,4281,,,,1026,1026,1026.0,,,,,,,,HLLCJJMH_01279,,
group_2770,,hypothetical protein,1,1,1.0,1,4280,,,,318,318,318.0,,,,,,,,HLLCJJMH_01278,,
group_2769,,hypothetical protein,1,1,1.0,1,4279,,,,297,297,297.0,,,,,,,,HLLCJJMH_01277,,
group_2768,,hypothetical protein,1,1,1.0,1,4278,,,,318,318,318.0,,,,,,,,HLLCJJMH_01273,,
group_2767,,hypothetical protein,1,1,1.0,1,4277,,,,297,297,297.0,,,,,,,,HLLCJJMH_01272,,
group_2765,,IS21 family transposase IS712,1,1,1.0,1,4275,,,,738,738,738.0,,,,,,,,HLLCJJMH_00650,,
group_2764,,Putative transposase for insertion sequence element IS5376,1,1,1.0,1,4274,,,,1224,1224,1224.0,,,,,,,,HLLCJJMH_00649,,
group_2763,,hypothetical protein,1,1,1.0,1,4273,,,,318,318,318.0,,,,,,,,HLLCJJMH_00591,,
group_2762,,hypothetical protein,1,1,1.0,1,4272,,,,297,297,297.0,,,,,,,,HLLCJJMH_00590,,
group_2761,,IS21 family transposase IS712,1,1,1.0,1,4271,,,,738,738,738.0,,,,,,,,HLLCJJMH_00080,,
group_2760,,Putative transposase for insertion sequence element IS5376,1,1,1.0,1,4270,,,,1224,1224,1224.0,,,,,,,,HLLCJJMH_00079,,
group_2759,,IS30 family transposase ISLpl1,1,1,1.0,1,4269,,,,930,930,930.0,,,,,,,,HLLCJJMH_00055,,
group_2758,,IS30 family transposase IS1070,1,1,1.0,1,4268,,,,921,921,921.0,,,,,,,GMGKJONF_01823,,,
group_2757,,IS30 family transposase IS1070,1,1,1.0,1,4266,,,,921,921,921.0,,,,,,,GMGKJONF_00038,,,
clpL_1,clpL_1,ATP-dependent protease ClpL,1,1,1.0,1,4263,,,,2115,2115,2115.0,,,,,,KGEHKDDB_02701,,,,
clcA_2,clcA_2,H(+)/Cl(-) exchange transporter ClcA,1,1,1.0,1,4260,,,,1569,1569,1569.0,,,,,,KGEHKDDB_02677,,,,
napA_3,napA_3,Na(+)/H(+) antiporter,1,1,1.0,1,4259,,,,1155,1155,1155.0,,,,,,KGEHKDDB_02676,,,,
group_2755,,hypothetical protein,1,1,1.0,1,4258,,,,243,243,243.0,,,,,,KGEHKDDB_02675,,,,
group_2753,,HTH-type transcriptional regulator,1,1,1.0,1,4256,,,,645,645,645.0,,,,,,KGEHKDDB_02651,,,,
trxA_4,trxA_4,Thioredoxin,1,1,1.0,1,4255,,,,282,282,282.0,,,,,,KGEHKDDB_02650,,,,
trxA_3,trxA_3,Thioredoxin,1,1,1.0,1,4254,,,,315,315,315.0,,,,,,KGEHKDDB_02649,,,,
ytpP_2,ytpP_2,Thioredoxin-like protein YtpP,1,1,1.0,1,4253,,,,324,324,324.0,,,,,,KGEHKDDB_02648,,,,
group_2752,,Aspartate racemase,1,1,1.0,1,4252,,,,99,99,99.0,,,,,,KGEHKDDB_02647,,,,
trxB_2,trxB_2,Thioredoxin reductase,1,1,1.0,1,4251,,,,945,945,945.0,,,,,,KGEHKDDB_02646,,,,
group_2751,,hypothetical protein,1,1,1.0,1,4250,,,,648,648,648.0,,,,,,KGEHKDDB_02645,,,,
group_2750,,hypothetical protein,1,1,1.0,1,4249,,,,132,132,132.0,,,,,,KGEHKDDB_02644,,,,
garB_2,garB_2,Glutathione amide reductase,1,1,1.0,1,4248,,,,1332,1332,1332.0,,,,,,KGEHKDDB_02643,,,,
group_2749,,hypothetical protein,1,1,1.0,1,4244,,,,177,177,177.0,,,,,,KGEHKDDB_02629,,,,
epsF_2,epsF_2,Putative glycosyltransferase EpsF,1,1,1.0,1,4243,,,,1086,1086,1086.0,,,,,,KGEHKDDB_02628,,,,
group_2748,,hypothetical protein,1,1,1.0,1,4242,,,,1248,1248,1248.0,,,,,,KGEHKDDB_02627,,,,
group_2747,,hypothetical protein,1,1,1.0,1,4241,,,,870,870,870.0,,,,,,KGEHKDDB_02626,,,,
group_2746,,D-fructose-6-phosphate cytidylyltransferase,1,1,1.0,1,4240,,,,702,702,702.0,,,,,,KGEHKDDB_02625,,,,
group_2745,,CDP-6-D-glucitol synthase,1,1,1.0,1,4239,,,,1056,1056,1056.0,,,,,,KGEHKDDB_02624,,,,
epsJ_1,epsJ_1,putative glycosyltransferase EpsJ,1,1,1.0,1,4238,,,,339,339,339.0,,,,,,KGEHKDDB_02623,,,,
group_2744,ywqC,putative capsular polysaccharide biosynthesis protein YwqC,1,1,1.0,1,4237,,,,792,792,792.0,,,,,,KGEHKDDB_02566,,,,
ywqD,ywqD,Tyrosine-protein kinase YwqD,1,1,1.0,1,4236,,,,771,771,771.0,,,,,,KGEHKDDB_02565,,,,
group_2743,ywqE,Tyrosine-protein phosphatase YwqE,1,1,1.0,1,4235,,,,783,783,783.0,,,,,,KGEHKDDB_02564,,,,
group_2742,,hypothetical protein,1,1,1.0,1,4234,,,,243,243,243.0,,,,,,KGEHKDDB_02563,,,,
tagU_5,tagU_5,Polyisoprenyl-teichoic acid--peptidoglycan teichoic acid transferase TagU,1,1,1.0,1,4233,,,,1074,1074,1074.0,,,,,,KGEHKDDB_02562,,,,
ywqE_2,ywqE_2,Tyrosine-protein phosphatase YwqE,1,1,1.0,1,4232,,,,810,810,810.0,,,,,,KGEHKDDB_02561,,,,
wbpP_1,wbpP_1,UDP-N-acetyl-alpha-D-glucosaminouronate 4-epimerase,1,1,1.0,1,4231,,,,948,948,948.0,,,,,,KGEHKDDB_02560,,,,
wecA_1,wecA_1,UDP-N-acetylgalactosamine-undecaprenyl-phosphate N-acetylgalactosaminephosphotransferase,1,1,1.0,1,4230,,,,678,678,678.0,,,,,,KGEHKDDB_02559,,,,
wbbD_1,wbbD_1,UDP-Gal:alpha-D-GlcNAc-diphosphoundecaprenol beta-13-galactosyltransferase,1,1,1.0,1,4229,,,,852,852,852.0,,,,,,KGEHKDDB_02558,,,,
tarD_1,tarD_1,Glycerol-3-phosphate cytidylyltransferase,1,1,1.0,1,4228,,,,180,180,180.0,,,,,,KGEHKDDB_02557,,,,
group_2741,,IS30 family transposase ISSlu1,1,1,1.0,1,4227,,,,987,987,987.0,,,,,,KGEHKDDB_02103,,,,
group_2739,,hypothetical protein,1,1,1.0,1,4224,,,,675,675,675.0,,,,,,KGEHKDDB_00552,,,,
group_2738,,hypothetical protein,1,1,1.0,1,4223,,,,684,684,684.0,,,,,,KGEHKDDB_00551,,,,
group_2737,,hypothetical protein,1,1,1.0,1,4222,,,,423,423,423.0,,,,,,KGEHKDDB_00550,,,,
group_2736,,hypothetical protein,1,1,1.0,1,4221,,,,2406,2406,2406.0,,,,,,KGEHKDDB_00549,,,,
group_2735,,hypothetical protein,1,1,1.0,1,4220,,,,636,636,636.0,,,,,,KGEHKDDB_00548,,,,
group_2734,,hypothetical protein,1,1,1.0,1,4219,,,,624,624,624.0,,,,,,KGEHKDDB_00547,,,,
group_2733,,hypothetical protein,1,1,1.0,1,4218,,,,576,576,576.0,,,,,,KGEHKDDB_00546,,,,
group_2732,strA,Sortase A,1,1,1.0,1,4217,,,,714,714,714.0,,,,,,KGEHKDDB_00545,,,,
rpmE2,rpmE2,Large ribosomal subunit protein bL31B,1,1,1.0,1,4216,,,,252,252,252.0,,,,,,KGEHKDDB_00544,,,,
murA1_1,murA1_1,UDP-N-acetylglucosamine 1-carboxyvinyltransferase,1,1,1.0,1,4215,,,,1287,1287,1287.0,,,,,,KGEHKDDB_00543,,,,
group_2729,,hypothetical protein,1,1,1.0,1,4212,,,,420,420,420.0,,,,,HMEEEBGO_02882,,,,,
group_2728,,hypothetical protein,1,1,1.0,1,4211,,,,597,597,597.0,,,,,HMEEEBGO_02855,,,,,
group_2725,,hypothetical protein,1,1,1.0,1,4208,,,,567,567,567.0,,,,,HMEEEBGO_02524,,,,,
group_2724,,hypothetical protein,1,1,1.0,1,4207,,,,483,483,483.0,,,,,HMEEEBGO_02522,,,,,
group_2723,,hypothetical protein,1,1,1.0,1,4206,,,,429,429,429.0,,,,,HMEEEBGO_02521,,,,,
group_2722,,hypothetical protein,1,1,1.0,1,4205,,,,558,558,558.0,,,,,HMEEEBGO_02520,,,,,
group_2721,,hypothetical protein,1,1,1.0,1,4204,,,,111,111,111.0,,,,,HMEEEBGO_02519,,,,,
group_2720,,hypothetical protein,1,1,1.0,1,4203,,,,471,471,471.0,,,,,HMEEEBGO_02518,,,,,
group_2719,,hypothetical protein,1,1,1.0,1,4202,,,,417,417,417.0,,,,,HMEEEBGO_02517,,,,,
group_2718,,hypothetical protein,1,1,1.0,1,4201,,,,318,318,318.0,,,,,HMEEEBGO_02337,,,,,
group_2717,,hypothetical protein,1,1,1.0,1,4199,,,,318,318,318.0,,,,,HMEEEBGO_01299,,,,,
group_2715,,hypothetical protein,1,1,1.0,1,4196,,,,567,567,567.0,,,,,HMEEEBGO_00301,,,,,
group_2714,,hypothetical protein,1,1,1.0,1,4195,,,,558,558,558.0,,,,,HMEEEBGO_00297,,,,,
group_2713,,hypothetical protein,1,1,1.0,1,4194,,,,111,111,111.0,,,,,HMEEEBGO_00296,,,,,
group_2712,,hypothetical protein,1,1,1.0,1,4193,,,,471,471,471.0,,,,,HMEEEBGO_00295,,,,,
group_2711,,hypothetical protein,1,1,1.0,1,4192,,,,417,417,417.0,,,,,HMEEEBGO_00294,,,,,
smc_2,smc_2,Chromosome partition protein Smc,1,1,1.0,1,4191,,,,5016,5016,5016.0,,,,,HMEEEBGO_00210,,,,,
group_2710,,hypothetical protein,1,1,1.0,1,4190,,,,213,213,213.0,,,,,HMEEEBGO_00209,,,,,
group_2709,,hypothetical protein,1,1,1.0,1,4189,,,,369,369,369.0,,,,,HMEEEBGO_00208,,,,,
group_2707,,hypothetical protein,1,1,1.0,1,4187,,,,204,204,204.0,,,,,HMEEEBGO_00172,,,,,
group_2706,,hypothetical protein,1,1,1.0,1,4186,,,,597,597,597.0,,,,,HMEEEBGO_00171,,,,,
group_2705,,hypothetical protein,1,1,1.0,1,4185,,,,159,159,159.0,,,,,HMEEEBGO_00170,,,,,
group_2704,,hypothetical protein,1,1,1.0,1,4184,,,,264,264,264.0,,,,,HMEEEBGO_00169,,,,,
group_2703,,hypothetical protein,1,1,1.0,1,4183,,,,417,417,417.0,,,,KAHEJOMD_02962,,,,,,
group_2702,,hypothetical protein,1,1,1.0,1,4182,,,,288,288,288.0,,,,KAHEJOMD_02889,,,,,,
group_2701,,IS6 family transposase ISBth20,1,1,1.0,1,4181,,,,687,687,687.0,,,,KAHEJOMD_02878,,,,,,
group_2700,,hypothetical protein,1,1,1.0,1,4180,,,,486,486,486.0,,,,KAHEJOMD_02857,,,,,,
group_2699,,hypothetical protein,1,1,1.0,1,4179,,,,588,588,588.0,,,,KAHEJOMD_02855,,,,,,
group_2698,,hypothetical protein,1,1,1.0,1,4178,,,,588,588,588.0,,,,KAHEJOMD_02820,,,,,,
group_2697,,IS30 family transposase ISSlu1,1,1,1.0,1,4177,,,,999,999,999.0,,,,KAHEJOMD_02713,,,,,,
group_2696,,hypothetical protein,1,1,1.0,1,4175,,,,90,90,90.0,,,,KAHEJOMD_02685,,,,,,
group_2695,,IS30 family transposase ISSlu1,1,1,1.0,1,4174,,,,999,999,999.0,,,,KAHEJOMD_02665,,,,,,
group_2694,,hypothetical protein,1,1,1.0,1,4172,,,,417,417,417.0,,,,KAHEJOMD_01708,,,,,,
degV_5,degV_5,Protein DegV,1,1,1.0,1,4171,,,,849,849,849.0,,,OPNKAGHI_02781,,,,,,,
group_2693,bin3_2,Putative transposon Tn552 DNA-invertase bin3,1,1,1.0,1,4170,,,,588,588,588.0,,,OPNKAGHI_02780,,,,,,,
group_2692,,hypothetical protein,1,1,1.0,1,4169,,,,336,336,336.0,,,OPNKAGHI_02779,,,,,,,
group_2691,,hypothetical protein,1,1,1.0,1,4168,,,,354,354,354.0,,,OPNKAGHI_02778,,,,,,,
group_2690,,hypothetical protein,1,1,1.0,1,4167,,,,252,252,252.0,,,OPNKAGHI_02777,,,,,,,
group_2689,,IS256 family transposase IS1310,1,1,1.0,1,4166,,,,975,975,975.0,,,OPNKAGHI_02776,,,,,,,
group_2687,,hypothetical protein,1,1,1.0,1,4164,,,,354,354,354.0,,,OPNKAGHI_02759,,,,,,,
group_2686,,hypothetical protein,1,1,1.0,1,4163,,,,336,336,336.0,,,OPNKAGHI_02758,,,,,,,
group_2685,,IS30 family transposase IS1070,1,1,1.0,1,4160,,,,924,924,924.0,,,OPNKAGHI_02728,,,,,,,
group_2684,,IS30 family transposase IS1070,1,1,1.0,1,4159,,,,924,924,924.0,,,OPNKAGHI_02719,,,,,,,
group_2683,,IS1182 family transposase ISStin8,1,1,1.0,1,4157,,,,1701,1701,1701.0,,,OPNKAGHI_02605,,,,,,,
group_2682,,IS30 family transposase IS1070,1,1,1.0,1,4156,,,,924,924,924.0,,,OPNKAGHI_02258,,,,,,,
group_2681,,ISL3 family transposase ISP1,1,1,1.0,1,4155,,,,432,432,432.0,,,OPNKAGHI_02140,,,,,,,
group_2680,,ISL3 family transposase ISP1,1,1,1.0,1,4154,,,,807,807,807.0,,,OPNKAGHI_02139,,,,,,,
xerC_4,xerC_4,Tyrosine recombinase XerC,1,1,1.0,1,4153,,,,1143,1143,1143.0,,,,,,,,HLLCJJMH_02286,,
group_2679,,IS30 family transposase IS1070,1,1,1.0,1,4152,,,,924,924,924.0,,,OPNKAGHI_01983,,,,,,,
group_2678,,ISL3 family transposase ISP1,1,1,1.0,1,4151,,,,432,432,432.0,,,OPNKAGHI_01911,,,,,,,
group_2677,,ISL3 family transposase ISP1,1,1,1.0,1,4150,,,,807,807,807.0,,,OPNKAGHI_01910,,,,,,,
group_2676,,ISL3 family transposase ISP1,1,1,1.0,1,4149,,,,1263,1263,1263.0,,,OPNKAGHI_01779,,,,,,,
group_2674,,IS1182 family transposase ISStin8,1,1,1.0,1,4147,,,,1701,1701,1701.0,,,OPNKAGHI_01624,,,,,,,
group_2673,,ISL3 family transposase ISP1,1,1,1.0,1,4146,,,,432,432,432.0,,,OPNKAGHI_01609,,,,,,,
group_2672,,ISL3 family transposase ISP1,1,1,1.0,1,4145,,,,807,807,807.0,,,OPNKAGHI_01608,,,,,,,
group_2671,,ISL3 family transposase ISP1,1,1,1.0,1,4144,,,,807,807,807.0,,,OPNKAGHI_01513,,,,,,,
group_2670,,ISL3 family transposase ISP1,1,1,1.0,1,4143,,,,432,432,432.0,,,OPNKAGHI_01512,,,,,,,
group_2669,,IS1182 family transposase ISStin8,1,1,1.0,1,4142,,,,1701,1701,1701.0,,,OPNKAGHI_01509,,,,,,,
group_2668,,IS1182 family transposase ISStin8,1,1,1.0,1,4141,,,,1701,1701,1701.0,,,OPNKAGHI_01241,,,,,,,
group_2667,,hypothetical protein,1,1,1.0,1,4140,,,,378,378,378.0,,,OPNKAGHI_01055,,,,,,,
group_2666,,hypothetical protein,1,1,1.0,1,4139,,,,207,207,207.0,,,OPNKAGHI_01054,,,,,,,
group_2665,,hypothetical protein,1,1,1.0,1,4138,,,,1134,1134,1134.0,,,OPNKAGHI_01053,,,,,,,
group_2664,,hypothetical protein,1,1,1.0,1,4137,,,,711,711,711.0,,,OPNKAGHI_01052,,,,,,,
group_2663,,hypothetical protein,1,1,1.0,1,4136,,,,1896,1896,1896.0,,,OPNKAGHI_01044,,,,,,,
group_2662,,hypothetical protein,1,1,1.0,1,4135,,,,660,660,660.0,,,OPNKAGHI_01043,,,,,,,
group_2661,,hypothetical protein,1,1,1.0,1,4134,,,,399,399,399.0,,,OPNKAGHI_01041,,,,,,,
group_2660,,hypothetical protein,1,1,1.0,1,4133,,,,345,345,345.0,,,OPNKAGHI_01040,,,,,,,
group_2659,,hypothetical protein,1,1,1.0,1,4132,,,,1245,1245,1245.0,,,OPNKAGHI_01039,,,,,,,
group_2658,,hypothetical protein,1,1,1.0,1,4131,,,,393,393,393.0,,,OPNKAGHI_01038,,,,,,,
group_2657,,hypothetical protein,1,1,1.0,1,4130,,,,648,648,648.0,,,OPNKAGHI_01037,,,,,,,
group_2656,,hypothetical protein,1,1,1.0,1,4129,,,,5724,5724,5724.0,,,OPNKAGHI_01036,,,,,,,
group_2655,,hypothetical protein,1,1,1.0,1,4128,,,,399,399,399.0,,,OPNKAGHI_01033,,,,,,,
group_2654,,hypothetical protein,1,1,1.0,1,4127,,,,471,471,471.0,,,OPNKAGHI_01030,,,,,,,
group_2653,,hypothetical protein,1,1,1.0,1,4126,,,,753,753,753.0,,,OPNKAGHI_01013,,,,,,,
group_2652,,hypothetical protein,1,1,1.0,1,4125,,,,216,216,216.0,,,OPNKAGHI_01012,,,,,,,
group_2651,,hypothetical protein,1,1,1.0,1,4124,,,,177,177,177.0,,,OPNKAGHI_01011,,,,,,,
group_2650,,hypothetical protein,1,1,1.0,1,4123,,,,474,474,474.0,,,OPNKAGHI_01008,,,,,,,
group_2649,,hypothetical protein,1,1,1.0,1,4122,,,,276,276,276.0,,,OPNKAGHI_01004,,,,,,,
group_2648,,hypothetical protein,1,1,1.0,1,4121,,,,198,198,198.0,,,OPNKAGHI_01003,,,,,,,
group_2647,,hypothetical protein,1,1,1.0,1,4120,,,,120,120,120.0,,,OPNKAGHI_01002,,,,,,,
group_2646,,hypothetical protein,1,1,1.0,1,4119,,,,420,420,420.0,,,OPNKAGHI_00999,,,,,,,
group_2645,,hypothetical protein,1,1,1.0,1,4118,,,,702,702,702.0,,,OPNKAGHI_00998,,,,,,,
group_2644,,hypothetical protein,1,1,1.0,1,4117,,,,159,159,159.0,,,OPNKAGHI_00991,,,,,,,
group_2643,,hypothetical protein,1,1,1.0,1,4116,,,,276,276,276.0,,,OPNKAGHI_00990,,,,,,,
group_2642,,hypothetical protein,1,1,1.0,1,4115,,,,510,510,510.0,,,OPNKAGHI_00989,,,,,,,
group_2641,,hypothetical protein,1,1,1.0,1,4114,,,,165,165,165.0,,,OPNKAGHI_00988,,,,,,,
group_2640,,hypothetical protein,1,1,1.0,1,4113,,,,249,249,249.0,,,OPNKAGHI_00987,,,,,,,
group_2639,,hypothetical protein,1,1,1.0,1,4112,,,,186,186,186.0,,,OPNKAGHI_00986,,,,,,,
group_2638,,hypothetical protein,1,1,1.0,1,4111,,,,177,177,177.0,,,OPNKAGHI_00985,,,,,,,
group_2637,,hypothetical protein,1,1,1.0,1,4110,,,,228,228,228.0,,,OPNKAGHI_00984,,,,,,,
group_2636,,hypothetical protein,1,1,1.0,1,4109,,,,381,381,381.0,,,OPNKAGHI_00983,,,,,,,
group_2635,,hypothetical protein,1,1,1.0,1,4108,,,,411,411,411.0,,,OPNKAGHI_00982,,,,,,,
group_2634,,hypothetical protein,1,1,1.0,1,4107,,,,636,636,636.0,,,OPNKAGHI_00981,,,,,,,
group_2633,,hypothetical protein,1,1,1.0,1,4106,,,,171,171,171.0,,,OPNKAGHI_00980,,,,,,,
group_2632,,hypothetical protein,1,1,1.0,1,4105,,,,324,324,324.0,,,OPNKAGHI_00979,,,,,,,
group_2631,,hypothetical protein,1,1,1.0,1,4104,,,,384,384,384.0,,,OPNKAGHI_00978,,,,,,,
group_2630,,hypothetical protein,1,1,1.0,1,4103,,,,882,882,882.0,,,OPNKAGHI_00977,,,,,,,
group_2629,xerC_3,Tyrosine recombinase XerC,1,1,1.0,1,4102,,,,1200,1200,1200.0,,,OPNKAGHI_00975,,,,,,,
group_2628,cfa_2,Cyclopropane-fatty-acyl-phospholipid synthase,1,1,1.0,1,4101,,,,1185,1185,1185.0,,,OPNKAGHI_00974,,,,,,,
group_2627,,hypothetical protein,1,1,1.0,1,4100,,,,207,207,207.0,,,OPNKAGHI_00971,,,,,,,
group_2626,,hypothetical protein,1,1,1.0,1,4099,,,,1134,1134,1134.0,,,OPNKAGHI_00970,,,,,,,
group_2625,,hypothetical protein,1,1,1.0,1,4098,,,,711,711,711.0,,,OPNKAGHI_00969,,,,,,,
group_2624,,hypothetical protein,1,1,1.0,1,4097,,,,474,474,474.0,,,OPNKAGHI_00930,,,,,,,
group_2623,,hypothetical protein,1,1,1.0,1,4096,,,,198,198,198.0,,,OPNKAGHI_00925,,,,,,,
group_2622,,hypothetical protein,1,1,1.0,1,4095,,,,120,120,120.0,,,OPNKAGHI_00924,,,,,,,
group_2621,,hypothetical protein,1,1,1.0,1,4094,,,,702,702,702.0,,,OPNKAGHI_00920,,,,,,,
group_2619,,hypothetical protein,1,1,1.0,1,4088,,,,228,228,228.0,,,OPNKAGHI_00907,,,,,,,
group_2618,,hypothetical protein,1,1,1.0,1,4087,,,,381,381,381.0,,,OPNKAGHI_00906,,,,,,,
group_2617,,hypothetical protein,1,1,1.0,1,4086,,,,411,411,411.0,,,OPNKAGHI_00905,,,,,,,
group_2616,,hypothetical protein,1,1,1.0,1,4085,,,,636,636,636.0,,,OPNKAGHI_00904,,,,,,,
group_2615,,hypothetical protein,1,1,1.0,1,4084,,,,171,171,171.0,,,OPNKAGHI_00903,,,,,,,
group_2614,,hypothetical protein,1,1,1.0,1,4083,,,,324,324,324.0,,,OPNKAGHI_00902,,,,,,,
group_2613,,hypothetical protein,1,1,1.0,1,4082,,,,384,384,384.0,,,OPNKAGHI_00901,,,,,,,
group_2612,,hypothetical protein,1,1,1.0,1,4081,,,,882,882,882.0,,,OPNKAGHI_00900,,,,,,,
group_2611,,IS30 family transposase IS1070,1,1,1.0,1,4080,,,,924,924,924.0,,,OPNKAGHI_00179,,,,,,,
group_2610,,ISL3 family transposase ISP1,1,1,1.0,1,4079,,,,1263,1263,1263.0,,,OPNKAGHI_00007,,,,,,,
group_2609,,hypothetical protein,1,1,1.0,1,4078,,,,90,90,90.0,,,,,,,,,BMKFACGC_01325,
group_2608,,hypothetical protein,1,1,1.0,1,4077,,,,90,90,90.0,,,,,HMEEEBGO_01458,,,,,
group_2607,,hypothetical protein,1,1,1.0,1,4076,,,,90,90,90.0,,,,,HMEEEBGO_01781,,,,,
group_2605,,hypothetical protein,1,1,1.0,1,4074,,,,90,90,90.0,,,,,HMEEEBGO_01009,,,,,
group_2603,,hypothetical protein,1,1,1.0,1,4072,,,,93,93,93.0,,,,,HMEEEBGO_00191,,,,,
group_2601,,hypothetical protein,1,1,1.0,1,4070,,,,93,93,93.0,,,OPNKAGHI_02735,,,,,,,
group_2600,,hypothetical protein,1,1,1.0,1,4069,,,,93,93,93.0,,,OPNKAGHI_02427,,,,,,,
group_2598,,hypothetical protein,1,1,1.0,1,4067,,,,96,96,96.0,,,,,,,,,BMKFACGC_02684,
group_2597,,hypothetical protein,1,1,1.0,1,4066,,,,96,96,96.0,,,,,,,,HLLCJJMH_00065,,
group_2596,,hypothetical protein,1,1,1.0,1,4065,,,,96,96,96.0,,,,,HMEEEBGO_00805,,,,,
group_2595,,hypothetical protein,1,1,1.0,1,4064,,,,96,96,96.0,,,,KAHEJOMD_02753,,,,,,
group_2593,,hypothetical protein,1,1,1.0,1,4062,,,,102,102,102.0,,,,,,,,,,FHDKMCMF_01541
group_2590,,hypothetical protein,1,1,1.0,1,4059,,,,105,105,105.0,,,OPNKAGHI_02725,,,,,,,
group_2589,,hypothetical protein,1,1,1.0,1,4058,,,,108,108,108.0,,,,,,,,,,FHDKMCMF_02620
group_2588,,hypothetical protein,1,1,1.0,1,4057,,,,108,108,108.0,,,OPNKAGHI_02567,,,,,,,
group_2587,,hypothetical protein,1,1,1.0,1,4056,,,,108,108,108.0,,,OPNKAGHI_01018,,,,,,,
group_2586,,hypothetical protein,1,1,1.0,1,4055,,,,111,111,111.0,,,,,,KGEHKDDB_01339,,,,
group_2585,,hypothetical protein,1,1,1.0,1,4054,,,,114,114,114.0,,,,,,,,HLLCJJMH_00046,,
group_2584,,hypothetical protein,1,1,1.0,1,4053,,,,114,114,114.0,,,,,HMEEEBGO_00744,,,,,
group_2583,,hypothetical protein,1,1,1.0,1,4052,,,,114,114,114.0,,,,KAHEJOMD_02670,,,,,,
group_2582,,hypothetical protein,1,1,1.0,1,4051,,,,114,114,114.0,,,,KAHEJOMD_00857,,,,,,
group_2581,,hypothetical protein,1,1,1.0,1,4050,,,,117,117,117.0,,,,,HMEEEBGO_00173,,,,,
group_2580,,hypothetical protein,1,1,1.0,1,4049,,,,117,117,117.0,,,,KAHEJOMD_02911,,,,,,
group_2578,,hypothetical protein,1,1,1.0,1,4047,,,,117,117,117.0,JECDCPOO_01110,,,,,,,,,
group_2577,,hypothetical protein,1,1,1.0,1,4046,,,,120,120,120.0,,,,,,,,,BMKFACGC_01667,
group_2575,,hypothetical protein,1,1,1.0,1,4044,,,,120,120,120.0,,,,,,,,HLLCJJMH_00651,,
group_2574,,hypothetical protein,1,1,1.0,1,4043,,,,120,120,120.0,,,,,,KGEHKDDB_00542,,,,
group_2573,,hypothetical protein,1,1,1.0,1,4042,,,,120,120,120.0,,,OPNKAGHI_02723,,,,,,,
group_2572,,hypothetical protein,1,1,1.0,1,4041,,,,120,120,120.0,,,OPNKAGHI_01872,,,,,,,
group_2571,,hypothetical protein,1,1,1.0,1,4040,,,,120,120,120.0,,,OPNKAGHI_01022,,,,,,,
group_2570,,hypothetical protein,1,1,1.0,1,4039,,,,120,120,120.0,JECDCPOO_02014,,,,,,,,,
group_2569,,hypothetical protein,1,1,1.0,1,4038,,,,120,120,120.0,JECDCPOO_01605,,,,,,,,,
group_2568,,hypothetical protein,1,1,1.0,1,4037,,,,123,123,123.0,,,,,,KGEHKDDB_01650,,,,
group_2567,,hypothetical protein,1,1,1.0,1,4036,,,,123,123,123.0,,,,,HMEEEBGO_00797,,,,,
group_2566,,hypothetical protein,1,1,1.0,1,4035,,,,123,123,123.0,,,,KAHEJOMD_00866,,,,,,
group_2565,,hypothetical protein,1,1,1.0,1,4034,,,,123,123,123.0,,,,KAHEJOMD_00862,,,,,,
group_2562,,hypothetical protein,1,1,1.0,1,4031,,,,126,126,126.0,,,,,,KGEHKDDB_02695,,,,
group_2561,,hypothetical protein,1,1,1.0,1,4030,,,,126,126,126.0,,,,KAHEJOMD_01398,,,,,,
group_2560,,hypothetical protein,1,1,1.0,1,4029,,,,126,126,126.0,,,OPNKAGHI_02591,,,,,,,
group_2559,,hypothetical protein,1,1,1.0,1,4028,,,,126,126,126.0,JECDCPOO_01625,,,,,,,,,
group_2558,,hypothetical protein,1,1,1.0,1,4027,,,,129,129,129.0,,,,,,,GMGKJONF_00062,,,
group_2557,,hypothetical protein,1,1,1.0,1,4026,,,,129,129,129.0,,,,,HMEEEBGO_02870,,,,,
group_2556,,hypothetical protein,1,1,1.0,1,4025,,,,132,132,132.0,,,,,,,,,,FHDKMCMF_00554
group_2555,,hypothetical protein,1,1,1.0,1,4024,,,,132,132,132.0,,,,,,,,,BMKFACGC_01683,
group_2554,,hypothetical protein,1,1,1.0,1,4023,,,,132,132,132.0,,,,,,,,HLLCJJMH_00050,,
group_2553,,hypothetical protein,1,1,1.0,1,4022,,,,132,132,132.0,,,,,,KGEHKDDB_02579,,,,
group_2552,,hypothetical protein,1,1,1.0,1,4021,,,,132,132,132.0,,,,,,KGEHKDDB_01379,,,,
group_2551,,hypothetical protein,1,1,1.0,1,4020,,,,132,132,132.0,,KDAEOHOB_01645,,,,,,,,
group_2550,,hypothetical protein,1,1,1.0,1,4019,,,,135,135,135.0,,,OPNKAGHI_02673,,,,,,,
group_2549,,hypothetical protein,1,1,1.0,1,4018,,,,135,135,135.0,,,OPNKAGHI_01518,,,,,,,
group_2548,,hypothetical protein,1,1,1.0,1,4016,,,,138,138,138.0,,,,,,,,,,FHDKMCMF_02607
group_2547,,hypothetical protein,1,1,1.0,1,4015,,,,138,138,138.0,,,,,,,,,BMKFACGC_00036,
group_2546,,hypothetical protein,1,1,1.0,1,4014,,,,138,138,138.0,,,,,,,GMGKJONF_01686,,,
group_2544,,hypothetical protein,1,1,1.0,1,4012,,,,138,138,138.0,,,,KAHEJOMD_02706,,,,,,
group_2543,,hypothetical protein,1,1,1.0,1,4011,,,,141,141,141.0,,,,,,,GMGKJONF_01412,,,
group_2542,,hypothetical protein,1,1,1.0,1,4010,,,,144,144,144.0,,,,,,,,,BMKFACGC_02676,
group_2541,,hypothetical protein,1,1,1.0,1,4009,,,,144,144,144.0,,,,,,,,,BMKFACGC_01966,
group_2540,,hypothetical protein,1,1,1.0,1,4008,,,,144,144,144.0,,,,,,KGEHKDDB_01372,,,,
group_2539,,hypothetical protein,1,1,1.0,1,4007,,,,144,144,144.0,,,,KAHEJOMD_02708,,,,,,
group_2536,,hypothetical protein,1,1,1.0,1,4004,,,,147,147,147.0,,,,,,,,,BMKFACGC_02458,
group_2534,rmlB_2,dTDP-glucose 46-dehydratase,1,1,1.0,1,4002,,,,147,147,147.0,,,,KAHEJOMD_01875,,,,,,
group_2531,,hypothetical protein,1,1,1.0,1,3999,,,,150,150,150.0,,,,,,,,,BMKFACGC_01862,
group_2530,,hypothetical protein,1,1,1.0,1,3998,,,,150,150,150.0,,,,,,,GMGKJONF_01688,,,
rpmG,rpmG,Large ribosomal subunit protein bL33,1,1,1.0,1,3997,,,,150,150,150.0,,,,KAHEJOMD_02704,,,,,,
group_2529,,hypothetical protein,1,1,1.0,1,3996,,,,150,150,150.0,,,,KAHEJOMD_00856,,,,,,
group_2528,,hypothetical protein,1,1,1.0,1,3994,,,,153,153,153.0,,,,,,KGEHKDDB_02738,,,,
group_2527,,hypothetical protein,1,1,1.0,1,3993,,,,153,153,153.0,,,,,,KGEHKDDB_02683,,,,
group_2526,,hypothetical protein,1,1,1.0,1,3992,,,,153,153,153.0,,,,,,KGEHKDDB_02244,,,,
group_2523,,hypothetical protein,1,1,1.0,1,3989,,,,156,156,156.0,,,,,,,,,BMKFACGC_01210,
group_2521,,hypothetical protein,1,1,1.0,1,3987,,,,156,156,156.0,,,,,HMEEEBGO_02851,,,,,
group_2520,,hypothetical protein,1,1,1.0,1,3986,,,,156,156,156.0,,,,,HMEEEBGO_02537,,,,,
group_2519,,hypothetical protein,1,1,1.0,1,3985,,,,156,156,156.0,,,,,HMEEEBGO_00167,,,,,
group_2518,,hypothetical protein,1,1,1.0,1,3984,,,,156,156,156.0,,,,KAHEJOMD_02886,,,,,,
group_2515,,hypothetical protein,1,1,1.0,1,3981,,,,159,159,159.0,,,,,,,,,BMKFACGC_00374,
group_2514,,hypothetical protein,1,1,1.0,1,3980,,,,159,159,159.0,,,,,,,,HLLCJJMH_02340,,
group_2513,,hypothetical protein,1,1,1.0,1,3978,,,,159,159,159.0,,,,KAHEJOMD_00865,,,,,,
group_2512,,hypothetical protein,1,1,1.0,1,3977,,,,159,159,159.0,,,OPNKAGHI_02370,,,,,,,
group_2511,,hypothetical protein,1,1,1.0,1,3976,,,,159,159,159.0,,,OPNKAGHI_01016,,,,,,,
group_2505,,hypothetical protein,1,1,1.0,1,3969,,,,162,162,162.0,,,,,,,,,BMKFACGC_00545,
group_2503,,hypothetical protein,1,1,1.0,1,3967,,,,162,162,162.0,,,OPNKAGHI_01858,,,,,,,
group_2502,,hypothetical protein,1,1,1.0,1,3966,,,,165,165,165.0,,,,,,,GMGKJONF_01413,,,
group_2501,,hypothetical protein,1,1,1.0,1,3965,,,,165,165,165.0,,,,KAHEJOMD_02912,,,,,,
group_2499,,hypothetical protein,1,1,1.0,1,3963,,,,165,165,165.0,,,OPNKAGHI_01027,,,,,,,
dusB_1,dusB_1,tRNA-dihydrouridine synthase B,1,1,1.0,1,3960,,,,168,168,168.0,,,,,,,,,BMKFACGC_00612,
group_2498,,hypothetical protein,1,1,1.0,1,3959,,,,168,168,168.0,,,,,,KGEHKDDB_02303,,,,
group_2496,,hypothetical protein,1,1,1.0,1,3957,,,,168,168,168.0,,,,,HMEEEBGO_02864,,,,,
group_2495,,hypothetical protein,1,1,1.0,1,3956,,,,168,168,168.0,,,,,HMEEEBGO_00774,,,,,
group_2494,,hypothetical protein,1,1,1.0,1,3955,,,,168,168,168.0,,,,,HMEEEBGO_00168,,,,,
group_2493,,hypothetical protein,1,1,1.0,1,3954,,,,168,168,168.0,,,,KAHEJOMD_02874,,,,,,
group_2492,,hypothetical protein,1,1,1.0,1,3953,,,,168,168,168.0,,,,KAHEJOMD_01710,,,,,,
group_2486,,hypothetical protein,1,1,1.0,1,3946,,,,171,171,171.0,,,,,HMEEEBGO_02525,,,,,
group_2485,,hypothetical protein,1,1,1.0,1,3945,,,,171,171,171.0,,,,KAHEJOMD_02666,,,,,,
group_2483,,hypothetical protein,1,1,1.0,1,3943,,,,171,171,171.0,,,,KAHEJOMD_00861,,,,,,
group_2479,,hypothetical protein,1,1,1.0,1,3939,,,,174,174,174.0,,,,,,,,,,FHDKMCMF_00556
group_2478,,hypothetical protein,1,1,1.0,1,3938,,,,174,174,174.0,,,,,,,,HLLCJJMH_01496,,
group_2477,,hypothetical protein,1,1,1.0,1,3937,,,,174,174,174.0,,,,,HMEEEBGO_02506,,,,,
group_2476,,hypothetical protein,1,1,1.0,1,3936,,,,174,174,174.0,,,,,HMEEEBGO_00777,,,,,
group_2475,,hypothetical protein,1,1,1.0,1,3935,,,,174,174,174.0,,,,,HMEEEBGO_00760,,,,,
group_2474,,hypothetical protein,1,1,1.0,1,3934,,,,174,174,174.0,,,,,HMEEEBGO_00217,,,,,
group_2473,,hypothetical protein,1,1,1.0,1,3933,,,,174,174,174.0,,,OPNKAGHI_01026,,,,,,,
group_2470,,hypothetical protein,1,1,1.0,1,3930,,,,177,177,177.0,,,,,,,,,BMKFACGC_02738,
group_2468,,hypothetical protein,1,1,1.0,1,3928,,,,177,177,177.0,,,,,,,,HLLCJJMH_00056,,
group_2467,,hypothetical protein,1,1,1.0,1,3927,,,,177,177,177.0,,,,,HMEEEBGO_02509,,,,,
group_2466,,hypothetical protein,1,1,1.0,1,3926,,,,177,177,177.0,,,,KAHEJOMD_02005,,,,,,
group_2465,,hypothetical protein,1,1,1.0,1,3925,,,,177,177,177.0,,,,KAHEJOMD_00867,,,,,,
group_2462,,hypothetical protein,1,1,1.0,1,3922,,,,177,177,177.0,JECDCPOO_01602,,,,,,,,,
group_2460,,hypothetical protein,1,1,1.0,1,3919,,,,180,180,180.0,,,,,,KGEHKDDB_02304,,,,
group_2459,,hypothetical protein,1,1,1.0,1,3918,,,,180,180,180.0,,,,,,KGEHKDDB_01649,,,,
group_2458,,hypothetical protein,1,1,1.0,1,3917,,,,180,180,180.0,,,,,HMEEEBGO_00995,,,,,
group_2457,,hypothetical protein,1,1,1.0,1,3916,,,,180,180,180.0,,,,,HMEEEBGO_00796,,,,,
group_2456,,hypothetical protein,1,1,1.0,1,3915,,,,180,180,180.0,,,,KAHEJOMD_02876,,,,,,
group_2455,,hypothetical protein,1,1,1.0,1,3914,,,,180,180,180.0,,,,KAHEJOMD_02867,,,,,,
group_2454,,hypothetical protein,1,1,1.0,1,3913,,,,180,180,180.0,,,,KAHEJOMD_00875,,,,,,
group_2453,,hypothetical protein,1,1,1.0,1,3912,,,,180,180,180.0,,,OPNKAGHI_01034,,,,,,,
group_2451,,hypothetical protein,1,1,1.0,1,3910,,,,183,183,183.0,,,,,,,,HLLCJJMH_01533,,
group_2449,,hypothetical protein,1,1,1.0,1,3908,,,,183,183,183.0,,,,KAHEJOMD_00835,,,,,,
group_2448,,hypothetical protein,1,1,1.0,1,3907,,,,183,183,183.0,,,,KAHEJOMD_00041,,,,,,
group_2443,,hypothetical protein,1,1,1.0,1,3901,,,,186,186,186.0,,,,,,,,,,FHDKMCMF_01534
group_2442,,hypothetical protein,1,1,1.0,1,3900,,,,186,186,186.0,,,,,,,,,BMKFACGC_00835,
group_2441,,hypothetical protein,1,1,1.0,1,3899,,,,186,186,186.0,,,,,,KGEHKDDB_01640,,,,
group_2440,,hypothetical protein,1,1,1.0,1,3898,,,,186,186,186.0,,,,KAHEJOMD_02913,,,,,,
group_2439,,hypothetical protein,1,1,1.0,1,3897,,,,186,186,186.0,,,,KAHEJOMD_02885,,,,,,
group_2438,,hypothetical protein,1,1,1.0,1,3896,,,,186,186,186.0,,,,KAHEJOMD_01733,,,,,,
group_2437,,hypothetical protein,1,1,1.0,1,3894,,,,186,186,186.0,,,OPNKAGHI_01025,,,,,,,
group_2432,,hypothetical protein,1,1,1.0,1,3888,,,,189,189,189.0,,,,,,,,,BMKFACGC_02033,
group_2431,,hypothetical protein,1,1,1.0,1,3887,,,,189,189,189.0,,,,,,,,HLLCJJMH_01495,,
group_2430,,hypothetical protein,1,1,1.0,1,3886,,,,189,189,189.0,,,,,HMEEEBGO_00801,,,,,
group_2429,,hypothetical protein,1,1,1.0,1,3885,,,,189,189,189.0,,,,KAHEJOMD_02004,,,,,,
group_2428,,hypothetical protein,1,1,1.0,1,3884,,,,189,189,189.0,,,,KAHEJOMD_01714,,,,,,
group_2425,,hypothetical protein,1,1,1.0,1,3881,,,,189,189,189.0,JECDCPOO_01600,,,,,,,,,
group_2421,,hypothetical protein,1,1,1.0,1,3875,,,,192,192,192.0,,,,,,,,,,FHDKMCMF_01529
group_2419,,hypothetical protein,1,1,1.0,1,3873,,,,192,192,192.0,,,,,HMEEEBGO_02567,,,,,
group_2418,,hypothetical protein,1,1,1.0,1,3872,,,,192,192,192.0,,,,,HMEEEBGO_00773,,,,,
group_2417,,hypothetical protein,1,1,1.0,1,3871,,,,192,192,192.0,,,OPNKAGHI_02734,,,,,,,
group_2413,,hypothetical protein,1,1,1.0,1,3867,,,,195,195,195.0,,,,,,,,,,FHDKMCMF_02603
group_2412,,hypothetical protein,1,1,1.0,1,3865,,,,195,195,195.0,,,,,,,,HLLCJJMH_02287,,
group_2411,,hypothetical protein,1,1,1.0,1,3864,,,,195,195,195.0,,,,,,,GMGKJONF_01708,,,
group_2410,,hypothetical protein,1,1,1.0,1,3863,,,,195,195,195.0,,,,,,KGEHKDDB_01392,,,,
group_2409,,hypothetical protein,1,1,1.0,1,3861,,,,195,195,195.0,,,,KAHEJOMD_02875,,,,,,
group_2408,,hypothetical protein,1,1,1.0,1,3860,,,,195,195,195.0,,,,KAHEJOMD_02868,,,,,,
group_2407,,hypothetical protein,1,1,1.0,1,3859,,,,195,195,195.0,,,,KAHEJOMD_00884,,,,,,
group_2406,,hypothetical protein,1,1,1.0,1,3858,,,,195,195,195.0,,,,KAHEJOMD_00825,,,,,,
group_2402,,hypothetical protein,1,1,1.0,1,3850,,,,198,198,198.0,,,,,,,,,BMKFACGC_02671,
group_2401,,hypothetical protein,1,1,1.0,1,3848,,,,198,198,198.0,,,,,,,GMGKJONF_01703,,,
group_2400,,hypothetical protein,1,1,1.0,1,3847,,,,198,198,198.0,,,,,,KGEHKDDB_02690,,,,
group_2399,,hypothetical protein,1,1,1.0,1,3846,,,,198,198,198.0,,,,,,KGEHKDDB_01653,,,,
group_2398,,hypothetical protein,1,1,1.0,1,3845,,,,198,198,198.0,,,,,,KGEHKDDB_01631,,,,
group_2396,,hypothetical protein,1,1,1.0,1,3843,,,,198,198,198.0,,,,,HMEEEBGO_00783,,,,,
group_2395,,hypothetical protein,1,1,1.0,1,3841,,,,198,198,198.0,,,,,HMEEEBGO_00166,,,,,
group_2394,,hypothetical protein,1,1,1.0,1,3839,,,,198,198,198.0,,,,KAHEJOMD_02944,,,,,,
group_2393,,hypothetical protein,1,1,1.0,1,3838,,,,198,198,198.0,,,,KAHEJOMD_01715,,,,,,
group_2392,,hypothetical protein,1,1,1.0,1,3837,,,,198,198,198.0,,,,KAHEJOMD_00860,,,,,,
group_2391,,hypothetical protein,1,1,1.0,1,3836,,,,198,198,198.0,,,,KAHEJOMD_00859,,,,,,
group_2390,,hypothetical protein,1,1,1.0,1,3835,,,,198,198,198.0,,,,KAHEJOMD_00045,,,,,,
group_2389,,hypothetical protein,1,1,1.0,1,3834,,,,198,198,198.0,,,OPNKAGHI_01380,,,,,,,
group_2388,,hypothetical protein,1,1,1.0,1,3833,,,,198,198,198.0,,,OPNKAGHI_00929,,,,,,,
group_2387,,hypothetical protein,1,1,1.0,1,3832,,,,198,198,198.0,,,OPNKAGHI_00601,,,,,,,
group_2385,,hypothetical protein,1,1,1.0,1,3830,,,,201,201,201.0,,,,KAHEJOMD_00919,,,,,,
group_2379,,hypothetical protein,1,1,1.0,1,3823,,,,204,204,204.0,,,,,,,,,BMKFACGC_01322,
group_2378,,hypothetical protein,1,1,1.0,1,3822,,,,204,204,204.0,,,,,,,,HLLCJJMH_01535,,
group_2377,,hypothetical protein,1,1,1.0,1,3821,,,,204,204,204.0,,,,,HMEEEBGO_02532,,,,,
group_2376,,hypothetical protein,1,1,1.0,1,3820,,,,204,204,204.0,,,,KAHEJOMD_02883,,,,,,
group_2371,,hypothetical protein,1,1,1.0,1,3813,,,,207,207,207.0,,,,,,,,,,FHDKMCMF_01533
group_2370,,hypothetical protein,1,1,1.0,1,3812,,,,207,207,207.0,,,,,,,GMGKJONF_02314,,,
group_2369,,hypothetical protein,1,1,1.0,1,3811,,,,207,207,207.0,,,,,HMEEEBGO_00772,,,,,
group_2368,,hypothetical protein,1,1,1.0,1,3810,,,,207,207,207.0,,,,KAHEJOMD_02915,,,,,,
group_2367,,hypothetical protein,1,1,1.0,1,3809,,,,207,207,207.0,,,,KAHEJOMD_02881,,,,,,
group_2362,,hypothetical protein,1,1,1.0,1,3804,,,,210,210,210.0,,,,,,,,,BMKFACGC_02742,
group_2361,,hypothetical protein,1,1,1.0,1,3803,,,,210,210,210.0,,,,,,,,,BMKFACGC_02670,
group_2360,,hypothetical protein,1,1,1.0,1,3802,,,,210,210,210.0,,,,,,KGEHKDDB_01375,,,,
group_2359,,hypothetical protein,1,1,1.0,1,3801,,,,210,210,210.0,,,,,HMEEEBGO_02849,,,,,
group_2358,,hypothetical protein,1,1,1.0,1,3800,,,,210,210,210.0,,,,,HMEEEBGO_00164,,,,,
group_2357,,hypothetical protein,1,1,1.0,1,3799,,,,210,210,210.0,,,,KAHEJOMD_02749,,,,,,
group_2356,,hypothetical protein,1,1,1.0,1,3798,,,,210,210,210.0,,,,KAHEJOMD_02680,,,,,,
group_2355,,hypothetical protein,1,1,1.0,1,3797,,,,210,210,210.0,,,,KAHEJOMD_00879,,,,,,
group_2354,,hypothetical protein,1,1,1.0,1,3796,,,,210,210,210.0,,,OPNKAGHI_02694,,,,,,,
group_2352,,hypothetical protein,1,1,1.0,1,3794,,,,213,213,213.0,,,,,,,GMGKJONF_02257,,,
group_2351,,hypothetical protein,1,1,1.0,1,3793,,,,213,213,213.0,,,,KAHEJOMD_02866,,,,,,
group_2349,,hypothetical protein,1,1,1.0,1,3791,,,,213,213,213.0,,,,KAHEJOMD_01402,,,,,,
group_2347,,hypothetical protein,1,1,1.0,1,3788,,,,216,216,216.0,,,,,,,,,,FHDKMCMF_02644
group_2346,,hypothetical protein,1,1,1.0,1,3787,,,,216,216,216.0,,,,,,,,,,FHDKMCMF_01514
group_2345,,hypothetical protein,1,1,1.0,1,3786,,,,216,216,216.0,,,,,,,,,BMKFACGC_02772,
group_2344,,hypothetical protein,1,1,1.0,1,3785,,,,216,216,216.0,,,,,,,GMGKJONF_01416,,,
group_2343,,hypothetical protein,1,1,1.0,1,3784,,,,216,216,216.0,,,,,,,GMGKJONF_01414,,,
group_2342,,hypothetical protein,1,1,1.0,1,3783,,,,216,216,216.0,,,,,,,GMGKJONF_00815,,,
group_2341,,hypothetical protein,1,1,1.0,1,3782,,,,216,216,216.0,,,,,HMEEEBGO_02526,,,,,
group_2340,,hypothetical protein,1,1,1.0,1,3781,,,,216,216,216.0,,,,KAHEJOMD_01732,,,,,,
group_2339,,hypothetical protein,1,1,1.0,1,3780,,,,216,216,216.0,,,,KAHEJOMD_01709,,,,,,
group_2338,,hypothetical protein,1,1,1.0,1,3779,,,,216,216,216.0,,,OPNKAGHI_02675,,,,,,,
group_2337,,hypothetical protein,1,1,1.0,1,3778,,,,216,216,216.0,,,OPNKAGHI_01867,,,,,,,
group_2336,,hypothetical protein,1,1,1.0,1,3776,,,,219,219,219.0,,,,,,,,,BMKFACGC_02675,
group_2335,,hypothetical protein,1,1,1.0,1,3775,,,,219,219,219.0,,,,,,,,HLLCJJMH_02684,,
group_2334,,hypothetical protein,1,1,1.0,1,3774,,,,219,219,219.0,,,,,,KGEHKDDB_01356,,,,
group_2332,,hypothetical protein,1,1,1.0,1,3772,,,,219,219,219.0,,KDAEOHOB_01048,,,,,,,,
group_2331,,hypothetical protein,1,1,1.0,1,3771,,,,219,219,219.0,JECDCPOO_02437,,,,,,,,,
group_2330,,hypothetical protein,1,1,1.0,1,3768,,,,222,222,222.0,,,,,,,,,BMKFACGC_02669,
group_2329,,hypothetical protein,1,1,1.0,1,3767,,,,222,222,222.0,,,,,,KGEHKDDB_01641,,,,
group_2328,,hypothetical protein,1,1,1.0,1,3766,,,,222,222,222.0,,,,,HMEEEBGO_02082,,,,,
group_2327,,hypothetical protein,1,1,1.0,1,3765,,,,222,222,222.0,,,,,HMEEEBGO_00800,,,,,
group_2326,,hypothetical protein,1,1,1.0,1,3764,,,,222,222,222.0,,,,,HMEEEBGO_00163,,,,,
group_2325,,hypothetical protein,1,1,1.0,1,3763,,,,222,222,222.0,,,,KAHEJOMD_02914,,,,,,
group_2324,,hypothetical protein,1,1,1.0,1,3762,,,,222,222,222.0,,,,KAHEJOMD_00663,,,,,,
group_2320,,hypothetical protein,1,1,1.0,1,3758,,,,225,225,225.0,,,,KAHEJOMD_02961,,,,,,
group_2319,,hypothetical protein,1,1,1.0,1,3757,,,,225,225,225.0,,,,KAHEJOMD_02909,,,,,,
group_2318,,hypothetical protein,1,1,1.0,1,3756,,,,225,225,225.0,,,,KAHEJOMD_02699,,,,,,
group_2315,,hypothetical protein,1,1,1.0,1,3753,,,,225,225,225.0,,,,KAHEJOMD_00042,,,,,,
group_2314,,hypothetical protein,1,1,1.0,1,3752,,,,225,225,225.0,,,OPNKAGHI_02704,,,,,,,
group_2313,,hypothetical protein,1,1,1.0,1,3751,,,,225,225,225.0,,,OPNKAGHI_00548,,,,,,,
group_2308,,IS30 family transposase ISLpl1,1,1,1.0,1,3745,,,,228,228,228.0,,,,,,,,,BMKFACGC_02677,
group_2307,,hypothetical protein,1,1,1.0,1,3744,,,,228,228,228.0,,,,,,KGEHKDDB_01393,,,,
group_2306,,hypothetical protein,1,1,1.0,1,3743,,,,228,228,228.0,,,,KAHEJOMD_01731,,,,,,
group_2305,,hypothetical protein,1,1,1.0,1,3742,,,,228,228,228.0,,,OPNKAGHI_02772,,,,,,,
group_2304,,hypothetical protein,1,1,1.0,1,3741,,,,228,228,228.0,,,OPNKAGHI_02711,,,,,,,
group_2301,,IS30 family transposase ISPp1,1,1,1.0,1,3736,,,,231,231,231.0,,,,,,,,,BMKFACGC_02678,
group_2300,,hypothetical protein,1,1,1.0,1,3735,,,,231,231,231.0,,,,,,,,,BMKFACGC_00839,
group_2298,,hypothetical protein,1,1,1.0,1,3733,,,,231,231,231.0,,,,,,KGEHKDDB_01636,,,,
group_2297,,hypothetical protein,1,1,1.0,1,3731,,,,231,231,231.0,,,,KAHEJOMD_02676,,,,,,
group_2295,,hypothetical protein,1,1,1.0,1,3729,,,,231,231,231.0,,,OPNKAGHI_02235,,,,,,,
group_2293,,hypothetical protein,1,1,1.0,1,3727,,,,231,231,231.0,JECDCPOO_01109,,,,,,,,,
group_2289,,hypothetical protein,1,1,1.0,1,3723,,,,234,234,234.0,,,,,,,GMGKJONF_01417,,,
group_2288,,hypothetical protein,1,1,1.0,1,3721,,,,234,234,234.0,,,,KAHEJOMD_02869,,,,,,
group_2287,,hypothetical protein,1,1,1.0,1,3720,,,,234,234,234.0,,,,KAHEJOMD_02774,,,,,,
group_2286,,hypothetical protein,1,1,1.0,1,3719,,,,234,234,234.0,,,OPNKAGHI_02616,,,,,,,
group_2285,,hypothetical protein,1,1,1.0,1,3716,,,,237,237,237.0,,,,,HMEEEBGO_01856,,,,,
group_2284,,hypothetical protein,1,1,1.0,1,3715,,,,237,237,237.0,,,,KAHEJOMD_02923,,,,,,
group_2283,,hypothetical protein,1,1,1.0,1,3714,,,,237,237,237.0,,,,KAHEJOMD_02697,,,,,,
group_2282,,hypothetical protein,1,1,1.0,1,3713,,,,237,237,237.0,,,OPNKAGHI_02712,,,,,,,
group_2281,,hypothetical protein,1,1,1.0,1,3712,,,,237,237,237.0,,,OPNKAGHI_01000,,,,,,,
group_2278,,hypothetical protein,1,1,1.0,1,3705,,,,240,240,240.0,,,,,,,,,,FHDKMCMF_00549
group_2277,,hypothetical protein,1,1,1.0,1,3704,,,,240,240,240.0,,,,,,,,HLLCJJMH_00058,,
group_2276,,hypothetical protein,1,1,1.0,1,3703,,,,240,240,240.0,,,,,,KGEHKDDB_02582,,,,
group_2275,,hypothetical protein,1,1,1.0,1,3702,,,,240,240,240.0,,,,,,KGEHKDDB_01656,,,,
group_2274,,hypothetical protein,1,1,1.0,1,3701,,,,240,240,240.0,,,,,HMEEEBGO_00214,,,,,
group_2270,,hypothetical protein,1,1,1.0,1,3697,,,,243,243,243.0,,,,,,,,,BMKFACGC_02664,
group_2269,,hypothetical protein,1,1,1.0,1,3696,,,,243,243,243.0,,,,,,KGEHKDDB_02737,,,,
group_2267,,hypothetical protein,1,1,1.0,1,3694,,,,243,243,243.0,,,,KAHEJOMD_02688,,,,,,
group_2265,,hypothetical protein,1,1,1.0,1,3692,,,,243,243,243.0,,,OPNKAGHI_01028,,,,,,,
group_2264,,hypothetical protein,1,1,1.0,1,3691,,,,243,243,243.0,,,OPNKAGHI_01005,,,,,,,
group_2262,,hypothetical protein,1,1,1.0,1,3689,,,,246,246,246.0,,,,,,,,HLLCJJMH_02668,,
group_2261,,hypothetical protein,1,1,1.0,1,3688,,,,246,246,246.0,,,,,,KGEHKDDB_02577,,,,
group_2260,,hypothetical protein,1,1,1.0,1,3687,,,,246,246,246.0,,,,,HMEEEBGO_00778,,,,,
group_2259,,hypothetical protein,1,1,1.0,1,3686,,,,246,246,246.0,,,OPNKAGHI_01120,,,,,,,
mntH_4,mntH_4,Divalent metal cation transporter MntH,1,1,1.0,1,3682,,,,249,249,249.0,,,,,,,,,BMKFACGC_02707,
group_2256,,hypothetical protein,1,1,1.0,1,3681,,,,249,249,249.0,,,,,,,,,BMKFACGC_02439,
group_2254,,hypothetical protein,1,1,1.0,1,3679,,,,249,249,249.0,,,,,,,,HLLCJJMH_02271,,
group_2253,,hypothetical protein,1,1,1.0,1,3678,,,,249,249,249.0,,,,,,KGEHKDDB_02735,,,,
group_2251,,hypothetical protein,1,1,1.0,1,3676,,,,249,249,249.0,,,,,HMEEEBGO_00174,,,,,
group_2250,,hypothetical protein,1,1,1.0,1,3675,,,,249,249,249.0,,,,KAHEJOMD_02925,,,,,,
group_2249,,hypothetical protein,1,1,1.0,1,3674,,,,249,249,249.0,,,,KAHEJOMD_00044,,,,,,
group_2248,,hypothetical protein,1,1,1.0,1,3673,,,,249,249,249.0,,,OPNKAGHI_02541,,,,,,,
group_2245,,hypothetical protein,1,1,1.0,1,3670,,,,252,252,252.0,,,,,,,GMGKJONF_02315,,,
group_2244,,hypothetical protein,1,1,1.0,1,3669,,,,252,252,252.0,,,,,,,GMGKJONF_02313,,,
group_2243,,hypothetical protein,1,1,1.0,1,3668,,,,252,252,252.0,,,,,,KGEHKDDB_01652,,,,
group_2242,,hypothetical protein,1,1,1.0,1,3667,,,,252,252,252.0,,,,,HMEEEBGO_02503,,,,,
group_2241,,hypothetical protein,1,1,1.0,1,3666,,,,252,252,252.0,,,,,HMEEEBGO_00782,,,,,
group_2239,,hypothetical protein,1,1,1.0,1,3664,,,,252,252,252.0,,,OPNKAGHI_01015,,,,,,,
group_2234,,hypothetical protein,1,1,1.0,1,3658,,,,255,255,255.0,,,,,,,,,,FHDKMCMF_02638
group_2233,,hypothetical protein,1,1,1.0,1,3657,,,,255,255,255.0,,,,,,,,HLLCJJMH_02268,,
group_2232,,hypothetical protein,1,1,1.0,1,3656,,,,255,255,255.0,,,,,,,,HLLCJJMH_00061,,
group_2231,,hypothetical protein,1,1,1.0,1,3655,,,,255,255,255.0,,,,,,,,HLLCJJMH_00042,,
group_2230,,hypothetical protein,1,1,1.0,1,3654,,,,255,255,255.0,,,,,,KGEHKDDB_01630,,,,
group_2229,,hypothetical protein,1,1,1.0,1,3653,,,,255,255,255.0,,,,,HMEEEBGO_02846,,,,,
group_2228,,hypothetical protein,1,1,1.0,1,3652,,,,255,255,255.0,,,,,HMEEEBGO_02843,,,,,
group_2227,,hypothetical protein,1,1,1.0,1,3651,,,,255,255,255.0,,,,,HMEEEBGO_00799,,,,,
group_2226,,hypothetical protein,1,1,1.0,1,3650,,,,255,255,255.0,,,,,HMEEEBGO_00781,,,,,
group_2225,,hypothetical protein,1,1,1.0,1,3649,,,,255,255,255.0,,,,KAHEJOMD_02668,,,,,,
group_2224,,hypothetical protein,1,1,1.0,1,3648,,,,255,255,255.0,,,,KAHEJOMD_00662,,,,,,
group_2223,,hypothetical protein,1,1,1.0,1,3647,,,,255,255,255.0,,,,KAHEJOMD_00043,,,,,,
group_2222,,Long-chain-fatty-acid--CoA ligase FadD13,1,1,1.0,1,3646,,,,255,255,255.0,,,OPNKAGHI_00240,,,,,,,
group_2218,,hypothetical protein,1,1,1.0,1,3641,,,,258,258,258.0,,,,,,,GMGKJONF_01415,,,
group_2217,,hypothetical protein,1,1,1.0,1,3640,,,,258,258,258.0,,,,,,KGEHKDDB_01366,,,,
group_2216,,hypothetical protein,1,1,1.0,1,3639,,,,258,258,258.0,,,,,HMEEEBGO_02568,,,,,
group_2215,,hypothetical protein,1,1,1.0,1,3638,,,,258,258,258.0,,,,KAHEJOMD_02752,,,,,,
group_2214,,hypothetical protein,1,1,1.0,1,3637,,,,258,258,258.0,,,OPNKAGHI_02403,,,,,,,
group_2213,,hypothetical protein,1,1,1.0,1,3636,,,,258,258,258.0,,,OPNKAGHI_01024,,,,,,,
group_2208,,hypothetical protein,1,1,1.0,1,3631,,,,261,261,261.0,,,,,,,GMGKJONF_01685,,,
group_2207,,hypothetical protein,1,1,1.0,1,3630,,,,261,261,261.0,,,,KAHEJOMD_02917,,,,,,
group_2206,,hypothetical protein,1,1,1.0,1,3629,,,,261,261,261.0,,,,KAHEJOMD_00851,,,,,,
group_2205,,hypothetical protein,1,1,1.0,1,3628,,,,261,261,261.0,,,OPNKAGHI_01006,,,,,,,
group_2204,,hypothetical protein,1,1,1.0,1,3627,,,,261,261,261.0,,,OPNKAGHI_00101,,,,,,,
group_2201,,hypothetical protein,1,1,1.0,1,3623,,,,264,264,264.0,,,,,,,,,BMKFACGC_01720,
group_2200,,hypothetical protein,1,1,1.0,1,3622,,,,264,264,264.0,,,,,,,,HLLCJJMH_02712,,
group_2198,,hypothetical protein,1,1,1.0,1,3620,,,,264,264,264.0,,,,,,,,HLLCJJMH_01482,,
group_2197,,hypothetical protein,1,1,1.0,1,3619,,,,264,264,264.0,,,,,,,GMGKJONF_01443,,,
group_2196,,hypothetical protein,1,1,1.0,1,3617,,,,264,264,264.0,,,,,,KGEHKDDB_01651,,,,
group_2195,,hypothetical protein,1,1,1.0,1,3616,,,,264,264,264.0,,,,,HMEEEBGO_02564,,,,,
group_2194,,hypothetical protein,1,1,1.0,1,3615,,,,264,264,264.0,,,,KAHEJOMD_02972,,,,,,
group_2193,,hypothetical protein,1,1,1.0,1,3614,,,,264,264,264.0,,,,KAHEJOMD_02851,,,,,,
group_2192,,hypothetical protein,1,1,1.0,1,3613,,,,264,264,264.0,,,,KAHEJOMD_00874,,,,,,
group_2191,,hypothetical protein,1,1,1.0,1,3612,,,,264,264,264.0,,,OPNKAGHI_00361,,,,,,,
group_2188,,hypothetical protein,1,1,1.0,1,3607,,,,267,267,267.0,,,,,,,,,BMKFACGC_00047,
group_2187,,hypothetical protein,1,1,1.0,1,3605,,,,267,267,267.0,,,,KAHEJOMD_02873,,,,,,
group_2186,,hypothetical protein,1,1,1.0,1,3604,,,,267,267,267.0,,,OPNKAGHI_01029,,,,,,,
group_2185,,hypothetical protein,1,1,1.0,1,3600,,,,270,270,270.0,,,,,,,,,,FHDKMCMF_01542
group_2184,,hypothetical protein,1,1,1.0,1,3599,,,,270,270,270.0,,,,,,,,,BMKFACGC_00826,
group_2183,,hypothetical protein,1,1,1.0,1,3598,,,,270,270,270.0,,,,,,,GMGKJONF_01423,,,
group_2182,,hypothetical protein,1,1,1.0,1,3597,,,,270,270,270.0,,,,KAHEJOMD_02910,,,,,,
rpsN2_2,rpsN2_2,Small ribosomal subunit protein uS14A,1,1,1.0,1,3596,,,,270,270,270.0,,,,KAHEJOMD_02705,,,,,,
group_2181,,hypothetical protein,1,1,1.0,1,3595,,,,270,270,270.0,,,OPNKAGHI_02724,,,,,,,
group_2178,,hypothetical protein,1,1,1.0,1,3589,,,,273,273,273.0,,,,,,,,HLLCJJMH_02283,,
group_2177,,hypothetical protein,1,1,1.0,1,3588,,,,273,273,273.0,,,,,,,,HLLCJJMH_01484,,
group_2176,,hypothetical protein,1,1,1.0,1,3587,,,,273,273,273.0,,,,,,KGEHKDDB_01358,,,,
group_2175,,hypothetical protein,1,1,1.0,1,3586,,,,273,273,273.0,,,,,HMEEEBGO_01807,,,,,
group_2174,,hypothetical protein,1,1,1.0,1,3585,,,,273,273,273.0,,,,,HMEEEBGO_00806,,,,,
group_2173,,hypothetical protein,1,1,1.0,1,3584,,,,273,273,273.0,,,,,HMEEEBGO_00220,,,,,
group_2172,,hypothetical protein,1,1,1.0,1,3583,,,,273,273,273.0,,,,KAHEJOMD_02930,,,,,,
group_2168,,hypothetical protein,1,1,1.0,1,3578,,,,276,276,276.0,,,,,,,,,,FHDKMCMF_02634
group_2167,,hypothetical protein,1,1,1.0,1,3577,,,,276,276,276.0,,,,,,,,,BMKFACGC_02747,
group_2166,,hypothetical protein,1,1,1.0,1,3576,,,,276,276,276.0,,,,,,KGEHKDDB_01635,,,,
group_2165,,hypothetical protein,1,1,1.0,1,3575,,,,276,276,276.0,,,,,HMEEEBGO_02847,,,,,
group_2164,,hypothetical protein,1,1,1.0,1,3574,,,,276,276,276.0,,,,,HMEEEBGO_00162,,,,,
ccmL,ccmL,Carboxysome shell vertex protein CcmL,1,1,1.0,1,3572,,,,276,276,276.0,JECDCPOO_02114,,,,,,,,,
group_2159,,hypothetical protein,1,1,1.0,1,3564,,,,279,279,279.0,,,,,,,,,,FHDKMCMF_02706
group_2158,,hypothetical protein,1,1,1.0,1,3563,,,,279,279,279.0,,,,,,,,,BMKFACGC_02743,
group_2157,,hypothetical protein,1,1,1.0,1,3562,,,,279,279,279.0,,,,,,,,,BMKFACGC_02725,
group_2156,,hypothetical protein,1,1,1.0,1,3560,,,,279,279,279.0,,,,,HMEEEBGO_02527,,,,,
group_2155,,hypothetical protein,1,1,1.0,1,3559,,,,279,279,279.0,,,,,HMEEEBGO_00798,,,,,
group_2154,,hypothetical protein,1,1,1.0,1,3558,,,,279,279,279.0,,,,KAHEJOMD_02679,,,,,,
group_2153,,hypothetical protein,1,1,1.0,1,3557,,,,279,279,279.0,,,,KAHEJOMD_01723,,,,,,
group_2152,,hypothetical protein,1,1,1.0,1,3556,,,,279,279,279.0,,,,KAHEJOMD_01399,,,,,,
group_2151,,hypothetical protein,1,1,1.0,1,3555,,,,279,279,279.0,,,OPNKAGHI_02695,,,,,,,
group_2150,,hypothetical protein,1,1,1.0,1,3552,,,,279,279,279.0,JECDCPOO_00031,,,,,,,,,
group_2149,,hypothetical protein,1,1,1.0,1,3551,,,,282,282,282.0,,,,,,,,,BMKFACGC_02745,
group_2148,,hypothetical protein,1,1,1.0,1,3550,,,,282,282,282.0,,,,,,,,,BMKFACGC_00829,
group_2147,,hypothetical protein,1,1,1.0,1,3549,,,,282,282,282.0,,,,,,,,HLLCJJMH_01481,,
group_2146,,hypothetical protein,1,1,1.0,1,3548,,,,282,282,282.0,,,,,,KGEHKDDB_01629,,,,
group_2145,,hypothetical protein,1,1,1.0,1,3547,,,,282,282,282.0,,,,,HMEEEBGO_02528,,,,,
ycnE,ycnE,Putative monooxygenase YcnE,1,1,1.0,1,3546,,,,282,282,282.0,,,,KAHEJOMD_02924,,,,,,
group_2141,,hypothetical protein,1,1,1.0,1,3542,,,,285,285,285.0,,,,,,,,,,FHDKMCMF_02645
group_2140,,hypothetical protein,1,1,1.0,1,3541,,,,285,285,285.0,,,,,,,,,,FHDKMCMF_02641
group_2139,,hypothetical protein,1,1,1.0,1,3540,,,,285,285,285.0,,,,KAHEJOMD_02756,,,,,,
group_2135,,hypothetical protein,1,1,1.0,1,3535,,,,288,288,288.0,,,,KAHEJOMD_00040,,,,,,
hlyU,hlyU,Transcriptional activator HlyU,1,1,1.0,1,3533,,,,291,291,291.0,,,OPNKAGHI_01524,,,,,,,
group_2134,,hypothetical protein,1,1,1.0,1,3532,,,,291,291,291.0,,,OPNKAGHI_01079,,,,,,,
group_2133,,hypothetical protein,1,1,1.0,1,3531,,,,291,291,291.0,,,OPNKAGHI_01035,,,,,,,
group_2132,,hypothetical protein,1,1,1.0,1,3530,,,,291,291,291.0,,,OPNKAGHI_01017,,,,,,,
group_2131,,hypothetical protein,1,1,1.0,1,3528,,,,294,294,294.0,,,,,,,,,BMKFACGC_02666,
group_2130,,hypothetical protein,1,1,1.0,1,3527,,,,294,294,294.0,,,,,,,,,BMKFACGC_00999,
group_2129,,hypothetical protein,1,1,1.0,1,3526,,,,294,294,294.0,,,,,HMEEEBGO_02508,,,,,
group_2128,,hypothetical protein,1,1,1.0,1,3525,,,,294,294,294.0,,,,,HMEEEBGO_01252,,,,,
group_2126,,hypothetical protein,1,1,1.0,1,3523,,,,294,294,294.0,,,,,HMEEEBGO_00190,,,,,
group_2125,,hypothetical protein,1,1,1.0,1,3522,,,,294,294,294.0,,,,,HMEEEBGO_00187,,,,,
group_2124,,hypothetical protein,1,1,1.0,1,3521,,,,294,294,294.0,,,,KAHEJOMD_02006,,,,,,
group_2123,,hypothetical protein,1,1,1.0,1,3520,,,,294,294,294.0,,KDAEOHOB_01052,,,,,,,,
group_2122,,IS30 family transposase ISLpl1,1,1,1.0,1,3518,,,,297,297,297.0,,,,,,,,,BMKFACGC_01595,
group_2121,,hypothetical protein,1,1,1.0,1,3517,,,,297,297,297.0,,,,,,,,,BMKFACGC_00050,
group_2120,,hypothetical protein,1,1,1.0,1,3515,,,,297,297,297.0,,,,,,,,HLLCJJMH_01483,,
group_2119,,hypothetical protein,1,1,1.0,1,3514,,,,297,297,297.0,,,,KAHEJOMD_02852,,,,,,
group_2114,,hypothetical protein,1,1,1.0,1,3508,,,,300,300,300.0,,,,,,,,,,FHDKMCMF_02707
group_2113,,hypothetical protein,1,1,1.0,1,3507,,,,300,300,300.0,,,,,,,,,BMKFACGC_01715,
group_2111,,hypothetical protein,1,1,1.0,1,3505,,,,300,300,300.0,,,,,HMEEEBGO_02566,,,,,
group_2110,,hypothetical protein,1,1,1.0,1,3504,,,,300,300,300.0,,,,,HMEEEBGO_00750,,,,,
group_2109,,IS30 family transposase ISLsa1,1,1,1.0,1,3503,,,,300,300,300.0,,,,KAHEJOMD_00048,,,,,,
group_2108,,hypothetical protein,1,1,1.0,1,3502,,,,300,300,300.0,,,OPNKAGHI_02668,,,,,,,
group_2104,,hypothetical protein,1,1,1.0,1,3497,,,,303,303,303.0,,,,,,,,,BMKFACGC_01680,
group_2102,,hypothetical protein,1,1,1.0,1,3495,,,,303,303,303.0,,,,KAHEJOMD_02703,,,,,,
group_2100,,hypothetical protein,1,1,1.0,1,3493,,,,303,303,303.0,,,OPNKAGHI_02426,,,,,,,
group_2099,,hypothetical protein,1,1,1.0,1,3492,,,,303,303,303.0,,,OPNKAGHI_00927,,,,,,,
group_2098,,hypothetical protein,1,1,1.0,1,3489,,,,303,303,303.0,JECDCPOO_01187,,,,,,,,,
group_2096,,hypothetical protein,1,1,1.0,1,3484,,,,306,306,306.0,,,,,,,,,BMKFACGC_00048,
group_2095,,hypothetical protein,1,1,1.0,1,3483,,,,306,306,306.0,,,,,,,,HLLCJJMH_02652,,
group_2093,,hypothetical protein,1,1,1.0,1,3481,,,,306,306,306.0,,,,,,,GMGKJONF_00562,,,
group_2092,,hypothetical protein,1,1,1.0,1,3480,,,,306,306,306.0,,,,,HMEEEBGO_02869,,,,,
group_2088,,hypothetical protein,1,1,1.0,1,3475,,,,309,309,309.0,,,,,,,,HLLCJJMH_01438,,
group_2087,,hypothetical protein,1,1,1.0,1,3474,,,,309,309,309.0,,,,,,,GMGKJONF_01421,,,
group_2086,,hypothetical protein,1,1,1.0,1,3473,,,,309,309,309.0,,,,KAHEJOMD_01403,,,,,,
group_2085,,hypothetical protein,1,1,1.0,1,3471,,,,309,309,309.0,,,OPNKAGHI_01406,,,,,,,
group_2084,,hypothetical protein,1,1,1.0,1,3470,,,,309,309,309.0,,,OPNKAGHI_00364,,,,,,,
eutM,eutM,Bacterial microcompartment shell protein EutM,1,1,1.0,1,3468,,,,309,309,309.0,JECDCPOO_02118,,,,,,,,,
group_2078,,hypothetical protein,1,1,1.0,1,3461,,,,312,312,312.0,,,,KAHEJOMD_01392,,,,,,
group_2077,,hypothetical protein,1,1,1.0,1,3460,,,,312,312,312.0,,,,KAHEJOMD_00864,,,,,,
group_2076,,hypothetical protein,1,1,1.0,1,3459,,,,312,312,312.0,,,OPNKAGHI_02692,,,,,,,
group_2073,,hypothetical protein,1,1,1.0,1,3454,,,,315,315,315.0,,,,,,,,,,FHDKMCMF_02639
group_2072,,hypothetical protein,1,1,1.0,1,3453,,,,315,315,315.0,,,,,,,,,BMKFACGC_01656,
group_2071,,hypothetical protein,1,1,1.0,1,3452,,,,315,315,315.0,,,,,,KGEHKDDB_01628,,,,
group_2070,,hypothetical protein,1,1,1.0,1,3451,,,,315,315,315.0,,,,KAHEJOMD_02922,,,,,,
group_2069,,hypothetical protein,1,1,1.0,1,3450,,,,315,315,315.0,,,,KAHEJOMD_02748,,,,,,
group_2068,,hypothetical protein,1,1,1.0,1,3449,,,,315,315,315.0,,,,KAHEJOMD_02667,,,,,,
group_2067,,hypothetical protein,1,1,1.0,1,3448,,,,315,315,315.0,,,OPNKAGHI_02721,,,,,,,
group_2066,,hypothetical protein,1,1,1.0,1,3447,,,,315,315,315.0,,,OPNKAGHI_01007,,,,,,,
group_2063,,hypothetical protein,1,1,1.0,1,3442,,,,318,318,318.0,,,,,HMEEEBGO_02874,,,,,
group_2062,,hypothetical protein,1,1,1.0,1,3441,,,,318,318,318.0,,,,,HMEEEBGO_02868,,,,,
group_2061,,hypothetical protein,1,1,1.0,1,3440,,,,318,318,318.0,,,,,HMEEEBGO_01777,,,,,
group_2060,,hypothetical protein,1,1,1.0,1,3439,,,,318,318,318.0,,,,KAHEJOMD_02712,,,,,,
group_2059,,hypothetical protein,1,1,1.0,1,3438,,,,318,318,318.0,,,OPNKAGHI_02373,,,,,,,
group_2054,,hypothetical protein,1,1,1.0,1,3432,,,,321,321,321.0,,,,KAHEJOMD_02750,,,,,,
group_2051,,hypothetical protein,1,1,1.0,1,3428,,,,321,321,321.0,,,OPNKAGHI_00928,,,,,,,
group_2048,,hypothetical protein,1,1,1.0,1,3425,,,,324,324,324.0,,,,,,,,,,FHDKMCMF_02605
group_2047,,hypothetical protein,1,1,1.0,1,3424,,,,324,324,324.0,,,,,,,,,BMKFACGC_02685,
group_2046,,hypothetical protein,1,1,1.0,1,3423,,,,324,324,324.0,,,,,,,,,BMKFACGC_02673,
group_2045,bin3_1,Putative transposon Tn552 DNA-invertase bin3,1,1,1.0,1,3422,,,,324,324,324.0,,,,,,,,HLLCJJMH_02680,,
group_2044,,hypothetical protein,1,1,1.0,1,3421,,,,324,324,324.0,,,,,,,,HLLCJJMH_02278,,
group_2043,,hypothetical protein,1,1,1.0,1,3420,,,,324,324,324.0,,,,,,,,HLLCJJMH_00064,,
group_2042,,hypothetical protein,1,1,1.0,1,3419,,,,324,324,324.0,,,,,,,GMGKJONF_00045,,,
group_2041,,hypothetical protein,1,1,1.0,1,3418,,,,324,324,324.0,,,,,HMEEEBGO_02873,,,,,
pemK,pemK,Endoribonuclease PemK,1,1,1.0,1,3417,,,,324,324,324.0,,,,,HMEEEBGO_02565,,,,,
group_2040,,hypothetical protein,1,1,1.0,1,3416,,,,324,324,324.0,,,,,HMEEEBGO_00771,,,,,
group_2038,,hypothetical protein,1,1,1.0,1,3414,,,,324,324,324.0,,,OPNKAGHI_02617,,,,,,,
group_2034,,hypothetical protein,1,1,1.0,1,3409,,,,327,327,327.0,,,,,,,GMGKJONF_01704,,,
group_2033,,hypothetical protein,1,1,1.0,1,3408,,,,327,327,327.0,,,,,HMEEEBGO_02848,,,,,
group_2032,,hypothetical protein,1,1,1.0,1,3407,,,,327,327,327.0,,,,,HMEEEBGO_02839,,,,,
group_2031,,hypothetical protein,1,1,1.0,1,3406,,,,327,327,327.0,,,,,HMEEEBGO_00765,,,,,
group_2027,,hypothetical protein,1,1,1.0,1,3401,,,,330,330,330.0,,,,,,,,,BMKFACGC_02665,
group_2026,,hypothetical protein,1,1,1.0,1,3400,,,,330,330,330.0,,,,,HMEEEBGO_00807,,,,,
group_2023,,hypothetical protein,1,1,1.0,1,3397,,,,330,330,330.0,,,OPNKAGHI_02566,,,,,,,
group_2022,,hypothetical protein,1,1,1.0,1,3396,,,,330,330,330.0,,,OPNKAGHI_01032,,,,,,,
group_2017,,hypothetical protein,1,1,1.0,1,3390,,,,333,333,333.0,,,,,,KGEHKDDB_01357,,,,
group_2015,,hypothetical protein,1,1,1.0,1,3388,,,,333,333,333.0,,,,KAHEJOMD_02844,,,,,,
group_2012,,hypothetical protein,1,1,1.0,1,3385,,,,333,333,333.0,,,OPNKAGHI_01019,,,,,,,
group_2009,,hypothetical protein,1,1,1.0,1,3381,,,,336,336,336.0,,,,KAHEJOMD_02941,,,,,,
group_2006,,hypothetical protein,1,1,1.0,1,3378,,,,336,336,336.0,JECDCPOO_01631,,,,,,,,,
group_2004,,hypothetical protein,1,1,1.0,1,3375,,,,339,339,339.0,,,,,,,,,BMKFACGC_01657,
group_2003,,hypothetical protein,1,1,1.0,1,3374,,,,339,339,339.0,,,,,,,GMGKJONF_01439,,,
group_2002,,hypothetical protein,1,1,1.0,1,3373,,,,339,339,339.0,,,OPNKAGHI_02690,,,,,,,
group_1997,,hypothetical protein,1,1,1.0,1,3367,,,,342,342,342.0,,,,,HMEEEBGO_02845,,,,,
group_1996,,hypothetical protein,1,1,1.0,1,3366,,,,342,342,342.0,,,,KAHEJOMD_02952,,,,,,
group_1992,,hypothetical protein,1,1,1.0,1,3360,,,,345,345,345.0,,,,,,,,,,FHDKMCMF_01538
group_1991,,hypothetical protein,1,1,1.0,1,3358,,,,345,345,345.0,,,,,,,GMGKJONF_01409,,,
group_1990,,hypothetical protein,1,1,1.0,1,3356,,,,345,345,345.0,,,,,HMEEEBGO_02880,,,,,
group_1989,,hypothetical protein,1,1,1.0,1,3355,,,,345,345,345.0,,,,,HMEEEBGO_01011,,,,,
group_1988,,hypothetical protein,1,1,1.0,1,3354,,,,345,345,345.0,,,,KAHEJOMD_02957,,,,,,
group_1985,,hypothetical protein,1,1,1.0,1,3351,,,,345,345,345.0,,,OPNKAGHI_02428,,,,,,,
group_1983,,hypothetical protein,1,1,1.0,1,3347,,,,348,348,348.0,,,,,,,,HLLCJJMH_00048,,
group_1982,,hypothetical protein,1,1,1.0,1,3346,,,,348,348,348.0,,,,,HMEEEBGO_00780,,,,,
group_1981,,hypothetical protein,1,1,1.0,1,3345,,,,348,348,348.0,,,,KAHEJOMD_02973,,,,,,
group_1979,,hypothetical protein,1,1,1.0,1,3343,,,,348,348,348.0,,,,KAHEJOMD_01743,,,,,,
group_1978,,hypothetical protein,1,1,1.0,1,3342,,,,348,348,348.0,,,,KAHEJOMD_01734,,,,,,
group_1977,,hypothetical protein,1,1,1.0,1,3341,,,,348,348,348.0,,,,KAHEJOMD_00876,,,,,,
group_1976,,hypothetical protein,1,1,1.0,1,3340,,,,348,348,348.0,,,OPNKAGHI_01123,,,,,,,
group_1970,,hypothetical protein,1,1,1.0,1,3333,,,,351,351,351.0,,,,,,,,HLLCJJMH_00078,,
group_1968,,hypothetical protein,1,1,1.0,1,3331,,,,351,351,351.0,,,,,HMEEEBGO_00752,,,,,
group_1965,,hypothetical protein,1,1,1.0,1,3327,,,,354,354,354.0,,,,,,,,,,FHDKMCMF_00710
group_1963,,hypothetical protein,1,1,1.0,1,3323,,,,354,354,354.0,,,,KAHEJOMD_02008,,,,,,
group_1962,,hypothetical protein,1,1,1.0,1,3322,,,,354,354,354.0,,,OPNKAGHI_02703,,,,,,,
group_1958,,hypothetical protein,1,1,1.0,1,3317,,,,357,357,357.0,,,,,,,,,BMKFACGC_01681,
group_1957,,hypothetical protein,1,1,1.0,1,3316,,,,357,357,357.0,,,,,,,,HLLCJJMH_00067,,
group_1956,,hypothetical protein,1,1,1.0,1,3315,,,,357,357,357.0,,,,,,,,HLLCJJMH_00037,,
group_1955,,hypothetical protein,1,1,1.0,1,3314,,,,357,357,357.0,,,,,,KGEHKDDB_01345,,,,
group_1954,,hypothetical protein,1,1,1.0,1,3313,,,,357,357,357.0,,,,,HMEEEBGO_02881,,,,,
group_1953,,hypothetical protein,1,1,1.0,1,3312,,,,357,357,357.0,,,,,HMEEEBGO_02867,,,,,
group_1952,,hypothetical protein,1,1,1.0,1,3311,,,,357,357,357.0,,,,,HMEEEBGO_01016,,,,,
group_1951,,hypothetical protein,1,1,1.0,1,3310,,,,357,357,357.0,,,,,HMEEEBGO_00193,,,,,
group_1950,,hypothetical protein,1,1,1.0,1,3309,,,,357,357,357.0,,,,KAHEJOMD_02929,,,,,,
group_1946,,hypothetical protein,1,1,1.0,1,3300,,,,360,360,360.0,,,,,,,,,BMKFACGC_02726,
group_1945,,hypothetical protein,1,1,1.0,1,3299,,,,360,360,360.0,,,,,,,GMGKJONF_01444,,,
xre,xre,HTH-type transcriptional regulator Xre,1,1,1.0,1,3297,,,,360,360,360.0,,,,,HMEEEBGO_02502,,,,,
group_1943,,hypothetical protein,1,1,1.0,1,3296,,,,360,360,360.0,,,,,HMEEEBGO_00216,,,,,
group_1942,,hypothetical protein,1,1,1.0,1,3295,,,,360,360,360.0,,,,KAHEJOMD_02950,,,,,,
group_1941,,hypothetical protein,1,1,1.0,1,3294,,,,360,360,360.0,,,,KAHEJOMD_02822,,,,,,
group_1940,,hypothetical protein,1,1,1.0,1,3292,,,,360,360,360.0,,,,KAHEJOMD_00883,,,,,,
group_1936,,hypothetical protein,1,1,1.0,1,3287,,,,363,363,363.0,,,,,,,,,,FHDKMCMF_00558
group_1935,,IS30 family transposase ISApl1,1,1,1.0,1,3286,,,,363,363,363.0,,,,,,,,,BMKFACGC_02777,
group_1934,,hypothetical protein,1,1,1.0,1,3285,,,,363,363,363.0,,,,,,,,,BMKFACGC_02527,
group_1933,,hypothetical protein,1,1,1.0,1,3284,,,,363,363,363.0,,,,,,,,HLLCJJMH_00060,,
group_1932,,hypothetical protein,1,1,1.0,1,3283,,,,363,363,363.0,,,,,,,,HLLCJJMH_00036,,
group_1931,,hypothetical protein,1,1,1.0,1,3282,,,,363,363,363.0,,,,,,KGEHKDDB_01394,,,,
group_1930,,hypothetical protein,1,1,1.0,1,3281,,,,363,363,363.0,,,,KAHEJOMD_02755,,,,,,
group_1929,,hypothetical protein,1,1,1.0,1,3280,,,,363,363,363.0,,,OPNKAGHI_02689,,,,,,,
group_1928,,hypothetical protein,1,1,1.0,1,3279,,,,363,363,363.0,,,OPNKAGHI_02568,,,,,,,
group_1919,,hypothetical protein,1,1,1.0,1,3268,,,,366,366,366.0,,,OPNKAGHI_02731,,,,,,,
group_1917,,hypothetical protein,1,1,1.0,1,3266,,,,366,366,366.0,,,OPNKAGHI_00054,,,,,,,
group_1915,,hypothetical protein,1,1,1.0,1,3263,,,,369,369,369.0,,,,,,,,,,FHDKMCMF_02573
group_1914,,hypothetical protein,1,1,1.0,1,3262,,,,369,369,369.0,,,,,,,,,,FHDKMCMF_00550
group_1913,,hypothetical protein,1,1,1.0,1,3260,,,,369,369,369.0,,,,,,,,HLLCJJMH_00074,,
group_1912,,hypothetical protein,1,1,1.0,1,3259,,,,369,369,369.0,,,,,,,,HLLCJJMH_00057,,
group_1911,,hypothetical protein,1,1,1.0,1,3258,,,,369,369,369.0,,,,,,,GMGKJONF_01446,,,
group_1910,,hypothetical protein,1,1,1.0,1,3257,,,,369,369,369.0,,,,KAHEJOMD_01401,,,,,,
group_1909,,hypothetical protein,1,1,1.0,1,3256,,,,369,369,369.0,,,OPNKAGHI_02682,,,,,,,
pduU,pduU,Bacterial microcompartment shell protein PduU,1,1,1.0,1,3254,,,,369,369,369.0,JECDCPOO_02111,,,,,,,,,
cadC,cadC,Cadmium resistance transcriptional regulatory protein CadC,1,1,1.0,1,3249,,,,372,372,372.0,,,,,,,,,,FHDKMCMF_02593
group_1905,,IS5 family transposase ISLpl3,1,1,1.0,1,3248,,,,372,372,372.0,,,,,,,,,,FHDKMCMF_02578
group_1904,,hypothetical protein,1,1,1.0,1,3247,,,,372,372,372.0,,,,,,,,HLLCJJMH_02096,,
group_1903,,hypothetical protein,1,1,1.0,1,3246,,,,372,372,372.0,,,,,,KGEHKDDB_01643,,,,
group_1902,,hypothetical protein,1,1,1.0,1,3245,,,,372,372,372.0,,,,KAHEJOMD_02949,,,,,,
group_1900,,hypothetical protein,1,1,1.0,1,3243,,,,372,372,372.0,,,OPNKAGHI_01020,,,,,,,
group_1895,,hypothetical protein,1,1,1.0,1,3238,,,,375,375,375.0,,,,,,,,,BMKFACGC_00045,
group_1894,,hypothetical protein,1,1,1.0,1,3236,,,,375,375,375.0,,,,,HMEEEBGO_00739,,,,,
group_1893,,hypothetical protein,1,1,1.0,1,3235,,,,375,375,375.0,,,,,HMEEEBGO_00738,,,,,
group_1890,,hypothetical protein,1,1,1.0,1,3232,,,,375,375,375.0,,,OPNKAGHI_02540,,,,,,,
group_1889,,hypothetical protein,1,1,1.0,1,3231,,,,375,375,375.0,,,OPNKAGHI_00356,,,,,,,
group_1885,,hypothetical protein,1,1,1.0,1,3225,,,,378,378,378.0,,,,,,,,,,FHDKMCMF_02637
group_1884,,hypothetical protein,1,1,1.0,1,3224,,,,378,378,378.0,,,,,,,GMGKJONF_02424,,,
group_1883,,hypothetical protein,1,1,1.0,1,3222,,,,378,378,378.0,,,,KAHEJOMD_02669,,,,,,
group_1882,,hypothetical protein,1,1,1.0,1,3221,,,,378,378,378.0,,,,KAHEJOMD_00880,,,,,,
group_1881,,hypothetical protein,1,1,1.0,1,3220,,,,378,378,378.0,,,,KAHEJOMD_00858,,,,,,
group_1880,,hypothetical protein,1,1,1.0,1,3219,,,,378,378,378.0,JECDCPOO_01624,,,,,,,,,
group_1878,,IS200/IS605 family transposase ISAac3,1,1,1.0,1,3217,,,,381,381,381.0,,,,,,,,,BMKFACGC_02323,
group_1877,,hypothetical protein,1,1,1.0,1,3216,,,,381,381,381.0,,,,,,KGEHKDDB_02581,,,,
group_1876,,hypothetical protein,1,1,1.0,1,3215,,,,381,381,381.0,,,,,HMEEEBGO_02872,,,,,
group_1874,,hypothetical protein,1,1,1.0,1,3213,,,,381,381,381.0,,,,,HMEEEBGO_00785,,,,,
group_1873,,hypothetical protein,1,1,1.0,1,3212,,,,381,381,381.0,,,,,HMEEEBGO_00181,,,,,
group_1872,,hypothetical protein,1,1,1.0,1,3211,,,,381,381,381.0,,,,KAHEJOMD_02870,,,,,,
group_1870,,ISL3 family transposase ISP1,1,1,1.0,1,3209,,,,381,381,381.0,,,,KAHEJOMD_02007,,,,,,
group_1869,,hypothetical protein,1,1,1.0,1,3208,,,,381,381,381.0,,,,KAHEJOMD_01713,,,,,,
group_1868,,hypothetical protein,1,1,1.0,1,3205,,,,384,384,384.0,,,,,,,,,BMKFACGC_01714,
group_1867,,hypothetical protein,1,1,1.0,1,3204,,,,384,384,384.0,,,,,,,,HLLCJJMH_02755,,
group_1866,,hypothetical protein,1,1,1.0,1,3203,,,,384,384,384.0,,,,,,,,HLLCJJMH_01531,,
group_1865,,hypothetical protein,1,1,1.0,1,3202,,,,384,384,384.0,,,,,,,,HLLCJJMH_01480,,
group_1864,,hypothetical protein,1,1,1.0,1,3200,,,,384,384,384.0,,,,,,KGEHKDDB_01344,,,,
group_1863,,hypothetical protein,1,1,1.0,1,3199,,,,384,384,384.0,,,,,HMEEEBGO_02529,,,,,
group_1862,,hypothetical protein,1,1,1.0,1,3198,,,,384,384,384.0,,,,,HMEEEBGO_00787,,,,,
group_1861,,hypothetical protein,1,1,1.0,1,3197,,,,384,384,384.0,,,,,HMEEEBGO_00775,,,,,
group_1860,,hypothetical protein,1,1,1.0,1,3196,,,,384,384,384.0,,,,,HMEEEBGO_00749,,,,,
group_1859,,hypothetical protein,1,1,1.0,1,3195,,,,384,384,384.0,,,,KAHEJOMD_02927,,,,,,
group_1856,,hypothetical protein,1,1,1.0,1,3190,,,,387,387,387.0,,,,,,,,,BMKFACGC_02723,
group_1855,,hypothetical protein,1,1,1.0,1,3189,,,,387,387,387.0,,,,,,,GMGKJONF_02252,,,
group_1854,,hypothetical protein,1,1,1.0,1,3188,,,,387,387,387.0,,,,,HMEEEBGO_00741,,,,,
group_1852,,hypothetical protein,1,1,1.0,1,3184,,,,390,390,390.0,,,,,,,,,,FHDKMCMF_02591
group_1851,,hypothetical protein,1,1,1.0,1,3183,,,,390,390,390.0,,,,,,,,,,FHDKMCMF_01535
group_1850,,hypothetical protein,1,1,1.0,1,3182,,,,390,390,390.0,,,OPNKAGHI_02679,,,,,,,
group_1846,,IS30 family transposase ISLsa1,1,1,1.0,1,3175,,,,393,393,393.0,,,,,,,,,BMKFACGC_02660,
group_1845,,hypothetical protein,1,1,1.0,1,3174,,,,393,393,393.0,,,,,,KGEHKDDB_01360,,,,
group_1843,,hypothetical protein,1,1,1.0,1,3172,,,,393,393,393.0,,,,,HMEEEBGO_00186,,,,,
group_1839,,hypothetical protein,1,1,1.0,1,3166,,,,396,396,396.0,,,,,,,,HLLCJJMH_01494,,
group_1838,,hypothetical protein,1,1,1.0,1,3165,,,,396,396,396.0,,,,KAHEJOMD_02797,,,,,,
group_1836,,hypothetical protein,1,1,1.0,1,3158,,,,399,399,399.0,,,,,,,,,BMKFACGC_02715,
group_1835,,hypothetical protein,1,1,1.0,1,3157,,,,399,399,399.0,,,,,,,,,BMKFACGC_00832,
group_1834,,hypothetical protein,1,1,1.0,1,3156,,,,399,399,399.0,,,,,,,,HLLCJJMH_01310,,
group_1832,,hypothetical protein,1,1,1.0,1,3154,,,,399,399,399.0,,,,,HMEEEBGO_00754,,,,,
group_1831,,hypothetical protein,1,1,1.0,1,3153,,,,399,399,399.0,,,,,HMEEEBGO_00206,,,,,
group_1830,,hypothetical protein,1,1,1.0,1,3152,,,,399,399,399.0,,,,KAHEJOMD_02938,,,,,,
group_1825,,hypothetical protein,1,1,1.0,1,3143,,,,402,402,402.0,,,,,,,,,,FHDKMCMF_02622
group_1824,,hypothetical protein,1,1,1.0,1,3142,,,,402,402,402.0,,,,,,,,,,FHDKMCMF_01536
group_1823,,hypothetical protein,1,1,1.0,1,3141,,,,402,402,402.0,,,,,HMEEEBGO_00755,,,,,
group_1822,,hypothetical protein,1,1,1.0,1,3140,,,,402,402,402.0,,,OPNKAGHI_02604,,,,,,,
group_1820,,hypothetical protein,1,1,1.0,1,3136,,,,405,405,405.0,,,,,,,,,,FHDKMCMF_01513
group_1819,,hypothetical protein,1,1,1.0,1,3134,,,,405,405,405.0,,,,,,,,,BMKFACGC_00049,
group_1817,,hypothetical protein,1,1,1.0,1,3131,,,,405,405,405.0,,,,KAHEJOMD_02937,,,,,,
group_1810,,hypothetical protein,1,1,1.0,1,3124,,,,408,408,408.0,,,,,HMEEEBGO_02501,,,,,
group_1809,,hypothetical protein,1,1,1.0,1,3123,,,,408,408,408.0,,,,,HMEEEBGO_00761,,,,,
group_1808,,hypothetical protein,1,1,1.0,1,3122,,,,408,408,408.0,,,,KAHEJOMD_02919,,,,,,
group_1807,,hypothetical protein,1,1,1.0,1,3121,,,,408,408,408.0,,,OPNKAGHI_02578,,,,,,,
group_1806,,hypothetical protein,1,1,1.0,1,3118,,,,411,411,411.0,,,,,,KGEHKDDB_01639,,,,
group_1803,,hypothetical protein,1,1,1.0,1,3115,,,,411,411,411.0,,,,,HMEEEBGO_00161,,,,,
group_1801,,hypothetical protein,1,1,1.0,1,3113,,,,411,411,411.0,,,OPNKAGHI_02677,,,,,,,
group_1798,,hypothetical protein,1,1,1.0,1,3110,,,,414,414,414.0,,,,,HMEEEBGO_00790,,,,,
group_1797,,hypothetical protein,1,1,1.0,1,3109,,,,414,414,414.0,,,,KAHEJOMD_02939,,,,,,
group_1796,,hypothetical protein,1,1,1.0,1,3108,,,,414,414,414.0,,,,KAHEJOMD_01391,,,,,,
group_1795,,hypothetical protein,1,1,1.0,1,3106,,,,417,417,417.0,,,,,,,GMGKJONF_01705,,,
group_1793,,hypothetical protein,1,1,1.0,1,3101,,,,420,420,420.0,,,,,,,,,,FHDKMCMF_00747
group_1792,,IS6 family transposase ISEnfa1,1,1,1.0,1,3100,,,,420,420,420.0,,,,,,,,,BMKFACGC_02667,
manX_3,manX_3,PTS system mannose-specific EIIAB component,1,1,1.0,1,3099,,,,420,420,420.0,,,,,,,,,BMKFACGC_02507,
group_1789,,hypothetical protein,1,1,1.0,1,3096,,,,420,420,420.0,,,,,,KGEHKDDB_01642,,,,
group_1782,,hypothetical protein,1,1,1.0,1,3088,,,,423,423,423.0,,,,,,,,,,FHDKMCMF_00571
group_1780,,hypothetical protein,1,1,1.0,1,3086,,,,423,423,423.0,,,,KAHEJOMD_00873,,,,,,
group_1775,,hypothetical protein,1,1,1.0,1,3080,,,,426,426,426.0,,,,,,,,HLLCJJMH_01534,,
group_1772,,hypothetical protein,1,1,1.0,1,3077,,,,426,426,426.0,,,,,,KGEHKDDB_01354,,,,
group_1770,,hypothetical protein,1,1,1.0,1,3075,,,,426,426,426.0,,,OPNKAGHI_01130,,,,,,,
group_1766,,hypothetical protein,1,1,1.0,1,3069,,,,429,429,429.0,,,,,,,,,,FHDKMCMF_00557
group_1765,,hypothetical protein,1,1,1.0,1,3068,,,,429,429,429.0,,,,,,,,,BMKFACGC_02591,
group_1764,,hypothetical protein,1,1,1.0,1,3067,,,,429,429,429.0,,,,,,,GMGKJONF_01451,,,
group_1763,,hypothetical protein,1,1,1.0,1,3066,,,,429,429,429.0,,,,,HMEEEBGO_02871,,,,,
group_1761,,hypothetical protein,1,1,1.0,1,3064,,,,429,429,429.0,,,,,HMEEEBGO_00218,,,,,
group_1760,,hypothetical protein,1,1,1.0,1,3063,,,,429,429,429.0,,,,KAHEJOMD_02932,,,,,,
group_1755,,IS5 family transposase ISLpl3,1,1,1.0,1,3056,,,,432,432,432.0,,,,,,,,,,FHDKMCMF_02577
ssbA_1,ssbA_1,Single-stranded DNA-binding protein A,1,1,1.0,1,3054,,,,432,432,432.0,,,,,HMEEEBGO_00177,,,,,
group_1754,,hypothetical protein,1,1,1.0,1,3050,,,,435,435,435.0,,,,,,,,,BMKFACGC_02659,
group_1753,,putative HTH-type transcriptional regulator,1,1,1.0,1,3049,,,,435,435,435.0,,,,,,,GMGKJONF_00826,,,
group_1752,,Putative universal stress protein,1,1,1.0,1,3048,,,,435,435,435.0,,,,,,,GMGKJONF_00050,,,
group_1750,,Putative NrdI-like protein,1,1,1.0,1,3044,,,,438,438,438.0,,,,,,,,,,FHDKMCMF_02584
group_1749,rfbP,Undecaprenyl-phosphate galactose phosphotransferase,1,1,1.0,1,3043,,,,438,438,438.0,,,,,,,,,BMKFACGC_01861,
group_1748,,hypothetical protein,1,1,1.0,1,3042,,,,438,438,438.0,,,,,,,,,BMKFACGC_01659,
group_1747,,hypothetical protein,1,1,1.0,1,3041,,,,438,438,438.0,,,,,,,,,BMKFACGC_01328,
group_1746,,hypothetical protein,1,1,1.0,1,3040,,,,438,438,438.0,,,,,,,GMGKJONF_01374,,,
group_1745,,hypothetical protein,1,1,1.0,1,3038,,,,438,438,438.0,,,,,,KGEHKDDB_01351,,,,
group_1738,,hypothetical protein,1,1,1.0,1,3027,,,,444,444,444.0,,,,,HMEEEBGO_00788,,,,,
group_1737,,hypothetical protein,1,1,1.0,1,3026,,,,444,444,444.0,,,,,HMEEEBGO_00779,,,,,
eutQ,eutQ,Acetate kinase EutQ,1,1,1.0,1,3025,,,,444,444,444.0,JECDCPOO_02112,,,,,,,,,
pduV_2,pduV_2,Propanediol utilization protein PduV,1,1,1.0,1,3024,,,,444,444,444.0,JECDCPOO_02109,,,,,,,,,
group_1735,,hypothetical protein,1,1,1.0,1,3021,,,,444,444,444.0,JECDCPOO_01561,,,,,,,,,
group_1732,,hypothetical protein,1,1,1.0,1,3016,,,,447,447,447.0,,,,,,,,,,FHDKMCMF_02619
group_1731,,hypothetical protein,1,1,1.0,1,3015,,,,447,447,447.0,,,,,,,,,BMKFACGC_01658,
group_1729,,hypothetical protein,1,1,1.0,1,3013,,,,447,447,447.0,,,OPNKAGHI_00249,,,,,,,
group_1728,,hypothetical protein,1,1,1.0,1,3012,,,,447,447,447.0,,KDAEOHOB_00167,,,,,,,,
group_1726,,hypothetical protein,1,1,1.0,1,3007,,,,450,450,450.0,,,,,,,,,BMKFACGC_01684,
group_1725,,hypothetical protein,1,1,1.0,1,3005,,,,450,450,450.0,,,,,,,GMGKJONF_00825,,,
group_1724,,hypothetical protein,1,1,1.0,1,3004,,,,450,450,450.0,,,OPNKAGHI_01021,,,,,,,
group_1720,,hypothetical protein,1,1,1.0,1,2999,,,,453,453,453.0,,,,,,,,HLLCJJMH_00076,,
group_1710,,hypothetical protein,1,1,1.0,1,2989,,,,456,456,456.0,,,,,HMEEEBGO_00770,,,,,
group_1709,,hypothetical protein,1,1,1.0,1,2988,,,,456,456,456.0,,,,KAHEJOMD_01711,,,,,,
group_1705,,hypothetical protein,1,1,1.0,1,2983,,,,459,459,459.0,,,,,,,,,BMKFACGC_00043,
group_1704,,hypothetical protein,1,1,1.0,1,2982,,,,459,459,459.0,,,,,HMEEEBGO_02875,,,,,
group_1703,,hypothetical protein,1,1,1.0,1,2981,,,,459,459,459.0,,,,KAHEJOMD_02853,,,,,,
group_1698,,hypothetical protein,1,1,1.0,1,2974,,,,462,462,462.0,,,,,,KGEHKDDB_01355,,,,
group_1696,,hypothetical protein,1,1,1.0,1,2972,,,,462,462,462.0,,,,,HMEEEBGO_00784,,,,,
group_1692,,hypothetical protein,1,1,1.0,1,2968,,,,465,465,465.0,,,,,,,,HLLCJJMH_00062,,
group_1691,,hypothetical protein,1,1,1.0,1,2967,,,,465,465,465.0,,,,,,KGEHKDDB_01336,,,,
group_1689,,hypothetical protein,1,1,1.0,1,2965,,,,465,465,465.0,,,,KAHEJOMD_02662,,,,,,
group_1688,,hypothetical protein,1,1,1.0,1,2964,,,,465,465,465.0,,,OPNKAGHI_02709,,,,,,,
group_1686,,IS1182 family transposase ISSmi2,1,1,1.0,1,2962,,,,465,465,465.0,,,OPNKAGHI_00848,,,,,,,
group_1683,,hypothetical protein,1,1,1.0,1,2958,,,,468,468,468.0,,,,,,,,,BMKFACGC_01323,
group_1682,,hypothetical protein,1,1,1.0,1,2957,,,,468,468,468.0,,,,,HMEEEBGO_00978,,,,,
group_1681,,hypothetical protein,1,1,1.0,1,2956,,,,468,468,468.0,,,,KAHEJOMD_02817,,,,,,
ywnA_1,ywnA_1,Putative HTH-type transcriptional regulator YwnA,1,1,1.0,1,2955,,,,468,468,468.0,,,OPNKAGHI_00039,,,,,,,
group_1675,,hypothetical protein,1,1,1.0,1,2946,,,,471,471,471.0,,,,,,,,HLLCJJMH_02683,,
group_1674,,hypothetical protein,1,1,1.0,1,2945,,,,471,471,471.0,,,,,,KGEHKDDB_01632,,,,
group_1673,,hypothetical protein,1,1,1.0,1,2943,,,,471,471,471.0,,,,KAHEJOMD_02856,,,,,,
group_1671,,hypothetical protein,1,1,1.0,1,2941,,,,471,471,471.0,,,OPNKAGHI_02681,,,,,,,
group_1667,,hypothetical protein,1,1,1.0,1,2936,,,,474,474,474.0,,,,,,,GMGKJONF_01408,,,
group_1665,,hypothetical protein,1,1,1.0,1,2934,,,,474,474,474.0,,,,KAHEJOMD_01395,,,,,,
rssB,rssB,Regulator of RpoS,1,1,1.0,1,2920,,,,477,477,477.0,,,,,,,,,BMKFACGC_00377,
group_1660,,Putative universal stress protein,1,1,1.0,1,2918,,,,477,477,477.0,,,,KAHEJOMD_02888,,,,,,
group_1659,,hypothetical protein,1,1,1.0,1,2917,,,,477,477,477.0,,,,KAHEJOMD_00877,,,,,,
group_1658,,hypothetical protein,1,1,1.0,1,2916,,,,477,477,477.0,JECDCPOO_02438,,,,,,,,,
group_1657,,hypothetical protein,1,1,1.0,1,2915,,,,480,480,480.0,,,,,,,,,BMKFACGC_01719,
group_1656,,hypothetical protein,1,1,1.0,1,2914,,,,480,480,480.0,,,,,HMEEEBGO_00160,,,,,
kduI,kduI,4-deoxy-L-threo-5-hexosulose-uronate ketol-isomerase,1,1,1.0,1,2912,,,,480,480,480.0,,,OPNKAGHI_02303,,,,,,,
group_1652,,hypothetical protein,1,1,1.0,1,2908,,,,480,480,480.0,JECDCPOO_01560,,,,,,,,,
manX_2,manX_2,PTS system mannose-specific EIIAB component,1,1,1.0,1,2901,,,,483,483,483.0,,,,,,,,,BMKFACGC_02506,
group_1646,,hypothetical protein,1,1,1.0,1,2899,,,,483,483,483.0,,,,,HMEEEBGO_00746,,,,,
group_1644,,hypothetical protein,1,1,1.0,1,2896,,,,483,483,483.0,JECDCPOO_01559,,,,,,,,,
group_1643,,hypothetical protein,1,1,1.0,1,2895,,,,486,486,486.0,,,,,,KGEHKDDB_01637,,,,
group_1642,,hypothetical protein,1,1,1.0,1,2894,,,,486,486,486.0,,,,,,KGEHKDDB_01347,,,,
group_1641,,hypothetical protein,1,1,1.0,1,2893,,,,486,486,486.0,,,,KAHEJOMD_02948,,,,,,
group_1634,,hypothetical protein,1,1,1.0,1,2885,,,,489,489,489.0,,,,,,KGEHKDDB_01638,,,,
group_1633,,hypothetical protein,1,1,1.0,1,2884,,,,489,489,489.0,,,,,HMEEEBGO_00802,,,,,
group_1632,,hypothetical protein,1,1,1.0,1,2883,,,,489,489,489.0,,,,,HMEEEBGO_00748,,,,,
group_1631,,hypothetical protein,1,1,1.0,1,2882,,,,489,489,489.0,,,,,HMEEEBGO_00182,,,,,
cinA_2,cinA_2,Putative competence-damage inducible protein,1,1,1.0,1,2877,,,,492,492,492.0,,,,,,,,,BMKFACGC_01324,
group_1629,,hypothetical protein,1,1,1.0,1,2876,,,,492,492,492.0,,,,,,,,HLLCJJMH_02281,,
group_1628,,hypothetical protein,1,1,1.0,1,2874,,,,492,492,492.0,,,,,HMEEEBGO_02557,,,,,
group_1626,,hypothetical protein,1,1,1.0,1,2871,,,,495,495,495.0,,,,,,,,HLLCJJMH_02289,,
group_1625,,hypothetical protein,1,1,1.0,1,2870,,,,495,495,495.0,,,,,,,,HLLCJJMH_01479,,
group_1623,,hypothetical protein,1,1,1.0,1,2868,,,,495,495,495.0,JECDCPOO_01562,,,,,,,,,
group_1620,,hypothetical protein,1,1,1.0,1,2865,,,,498,498,498.0,,,,,,,,,BMKFACGC_02672,
paiA_2,paiA_2,Spermidine/spermine N(1)-acetyltransferase,1,1,1.0,1,2864,,,,498,498,498.0,,,,,,KGEHKDDB_02688,,,,
group_1619,,hypothetical protein,1,1,1.0,1,2863,,,,498,498,498.0,,,OPNKAGHI_02710,,,,,,,
group_1616,,hypothetical protein,1,1,1.0,1,2860,,,,501,501,501.0,,,,,,,,,,FHDKMCMF_01543
group_1615,,hypothetical protein,1,1,1.0,1,2859,,,,501,501,501.0,,,,,,,,,BMKFACGC_02658,
group_1614,,hypothetical protein,1,1,1.0,1,2857,,,,501,501,501.0,,,,,,KGEHKDDB_01659,,,,
group_1613,,hypothetical protein,1,1,1.0,1,2856,,,,501,501,501.0,,,,,,KGEHKDDB_01353,,,,
group_1612,,hypothetical protein,1,1,1.0,1,2855,,,,501,501,501.0,,,,KAHEJOMD_02946,,,,,,
group_1611,,IS30 family transposase ISLpl1,1,1,1.0,1,2854,,,,501,501,501.0,,,,KAHEJOMD_02795,,,,,,
group_1609,,hypothetical protein,1,1,1.0,1,2850,,,,504,504,504.0,,,,,,,,,,FHDKMCMF_02642
group_1608,,hypothetical protein,1,1,1.0,1,2849,,,,504,504,504.0,,,,,,,,HLLCJJMH_02756,,
group_1606,,hypothetical protein,1,1,1.0,1,2847,,,,504,504,504.0,,,,KAHEJOMD_02965,,,,,,
group_1605,,hypothetical protein,1,1,1.0,1,2846,,,,504,504,504.0,,,,KAHEJOMD_02877,,,,,,
group_1601,,hypothetical protein,1,1,1.0,1,2840,,,,507,507,507.0,,,,,,,,,BMKFACGC_01581,
group_1600,,hypothetical protein,1,1,1.0,1,2839,,,,507,507,507.0,,,,,HMEEEBGO_00175,,,,,
group_1599,,hypothetical protein,1,1,1.0,1,2838,,,,507,507,507.0,,,,KAHEJOMD_00863,,,,,,
group_1596,,hypothetical protein,1,1,1.0,1,2833,,,,510,510,510.0,,,,,,,GMGKJONF_00043,,,
cynR,cynR,HTH-type transcriptional regulator CynR,1,1,1.0,1,2832,,,,510,510,510.0,,,,,HMEEEBGO_02336,,,,,
group_1595,,hypothetical protein,1,1,1.0,1,2831,,,,510,510,510.0,,,,KAHEJOMD_02977,,,,,,
group_1594,,hypothetical protein,1,1,1.0,1,2830,,,,510,510,510.0,,,,KAHEJOMD_02846,,,,,,
group_1590,,hypothetical protein,1,1,1.0,1,2824,,,,513,513,513.0,,,,,,,,,,FHDKMCMF_00570
group_1589,,hypothetical protein,1,1,1.0,1,2823,,,,513,513,513.0,,,,,HMEEEBGO_02852,,,,,
group_1588,,hypothetical protein,1,1,1.0,1,2821,,,,513,513,513.0,,,,,HMEEEBGO_00751,,,,,
group_1587,,IS3 family transposase IS1163,1,1,1.0,1,2820,,,,513,513,513.0,,,OPNKAGHI_02672,,,,,,,
group_1586,,hypothetical protein,1,1,1.0,1,2819,,,,513,513,513.0,,,OPNKAGHI_02372,,,,,,,
group_1585,,hypothetical protein,1,1,1.0,1,2818,,,,513,513,513.0,,,OPNKAGHI_01031,,,,,,,
group_1584,,hypothetical protein,1,1,1.0,1,2816,,,,516,516,516.0,,,,,,,,,,FHDKMCMF_02574
group_1583,,hypothetical protein,1,1,1.0,1,2815,,,,516,516,516.0,,,,,,,,HLLCJJMH_02282,,
group_1582,kdsr_3,3-ketodihydrosphingosine reductase,1,1,1.0,1,2814,,,,516,516,516.0,,,,,,,,HLLCJJMH_02354,,
group_1581,,hypothetical protein,1,1,1.0,1,2812,,,,516,516,516.0,,,,,HMEEEBGO_00977,,,,,
group_1576,,hypothetical protein,1,1,1.0,1,2805,,,,519,519,519.0,,,,,,,,,BMKFACGC_02776,
group_1575,,hypothetical protein,1,1,1.0,1,2804,,,,519,519,519.0,,,,,,,,,BMKFACGC_01679,
group_1574,,hypothetical protein,1,1,1.0,1,2803,,,,519,519,519.0,,,,,,KGEHKDDB_02653,,,,
group_1569,,hypothetical protein,1,1,1.0,1,2793,,,,522,522,522.0,,,,,HMEEEBGO_02507,,,,,
group_1565,rhaR_4,HTH-type transcriptional activator RhaR,1,1,1.0,1,2787,,,,525,525,525.0,,,,,,,,,,FHDKMCMF_00686
group_1563,,hypothetical protein,1,1,1.0,1,2785,,,,525,525,525.0,,,,KAHEJOMD_00455,,,,,,
group_1561,,hypothetical protein,1,1,1.0,1,2783,,,,525,525,525.0,,KDAEOHOB_01062,,,,,,,,
group_1553,,hypothetical protein,1,1,1.0,1,2775,,,,528,528,528.0,,,,,,KGEHKDDB_02580,,,,
group_1549,,hypothetical protein,1,1,1.0,1,2768,,,,531,531,531.0,,,OPNKAGHI_00362,,,,,,,
group_1545,,hypothetical protein,1,1,1.0,1,2763,,,,534,534,534.0,,,,,,,,,BMKFACGC_02505,
group_1543,,hypothetical protein,1,1,1.0,1,2761,,,,534,534,534.0,,,,,,,GMGKJONF_01410,,,
group_1542,,hypothetical protein,1,1,1.0,1,2760,,,,534,534,534.0,,,,,,KGEHKDDB_01373,,,,
group_1541,,hypothetical protein,1,1,1.0,1,2759,,,,534,534,534.0,,,OPNKAGHI_02432,,,,,,,
group_1539,,hypothetical protein,1,1,1.0,1,2752,,,,537,537,537.0,,,,,,,,,,FHDKMCMF_02575
group_1538,,hypothetical protein,1,1,1.0,1,2751,,,,537,537,537.0,,,,,,,,,BMKFACGC_00827,
group_1535,,hypothetical protein,1,1,1.0,1,2745,,,,540,540,540.0,,,,,,KGEHKDDB_01350,,,,
group_1534,,Putative acetyltransferase,1,1,1.0,1,2744,,,,540,540,540.0,,,OPNKAGHI_01391,,,,,,,
group_1531,,hypothetical protein,1,1,1.0,1,2740,,,,543,543,543.0,,,,,HMEEEBGO_02844,,,,,
group_1530,,hypothetical protein,1,1,1.0,1,2739,,,,543,543,543.0,,,,KAHEJOMD_02908,,,,,,
group_1528,,hypothetical protein,1,1,1.0,1,2735,,,,543,543,543.0,JECDCPOO_01594,,,,,,,,,
group_1523,,hypothetical protein,1,1,1.0,1,2725,,,,546,546,546.0,,,,KAHEJOMD_02716,,,,,,
pncA,pncA,Nicotinamidase,1,1,1.0,1,2723,,,,546,546,546.0,,,OPNKAGHI_01488,,,,,,,
group_1516,,hypothetical protein,1,1,1.0,1,2713,,,,549,549,549.0,,,,,,,,HLLCJJMH_00063,,
group_1515,,hypothetical protein,1,1,1.0,1,2712,,,,549,549,549.0,,,,,,,GMGKJONF_00044,,,
group_1513,,hypothetical protein,1,1,1.0,1,2709,,,,549,549,549.0,,,OPNKAGHI_02684,,,,,,,
ywqN_2,ywqN_2,Putative NAD(P)H-dependent FMN-containing oxidoreductase YwqN,1,1,1.0,1,2708,,,,549,549,549.0,JECDCPOO_01186,,,,,,,,,
group_1512,,hypothetical protein,1,1,1.0,1,2706,,,,552,552,552.0,,,,,,,,,BMKFACGC_00295,
group_1511,,hypothetical protein,1,1,1.0,1,2705,,,,552,552,552.0,,,,KAHEJOMD_02698,,,,,,
group_1508,,hypothetical protein,1,1,1.0,1,2700,,,,555,555,555.0,,,,,,,GMGKJONF_02309,,,
group_1505,,hypothetical protein,1,1,1.0,1,2697,,,,555,555,555.0,,,OPNKAGHI_00310,,,,,,,
group_1504,,hypothetical protein,1,1,1.0,1,2696,,,,555,555,555.0,,KDAEOHOB_02524,,,,,,,,
group_1500,,hypothetical protein,1,1,1.0,1,2692,,,,558,558,558.0,,,,,,,,,BMKFACGC_02775,
group_1499,,hypothetical protein,1,1,1.0,1,2691,,,,558,558,558.0,,,,,,,GMGKJONF_01707,,,
group_1498,,hypothetical protein,1,1,1.0,1,2690,,,,558,558,558.0,,,,,HMEEEBGO_02861,,,,,
group_1497,,hypothetical protein,1,1,1.0,1,2689,,,,558,558,558.0,,,,KAHEJOMD_02674,,,,,,
group_1496,,hypothetical protein,1,1,1.0,1,2687,,,,558,558,558.0,,,OPNKAGHI_02765,,,,,,,
group_1492,,hypothetical protein,1,1,1.0,1,2681,,,,561,561,561.0,,,,KAHEJOMD_02711,,,,,,
group_1491,,hypothetical protein,1,1,1.0,1,2680,,,,561,561,561.0,,,OPNKAGHI_01122,,,,,,,
yvqK_2,yvqK_2,Corrinoid adenosyltransferase,1,1,1.0,1,2677,,,,561,561,561.0,JECDCPOO_02128,,,,,,,,,
group_1488,,hypothetical protein,1,1,1.0,1,2672,,,,564,564,564.0,,,,,,KGEHKDDB_01646,,,,
group_1486,,hypothetical protein,1,1,1.0,1,2670,,,,564,564,564.0,,,,KAHEJOMD_01394,,,,,,
group_1485,,hypothetical protein,1,1,1.0,1,2669,,,,564,564,564.0,,,OPNKAGHI_00359,,,,,,,
group_1484,,hypothetical protein,1,1,1.0,1,2665,,,,567,567,567.0,,,,,,,,,BMKFACGC_02736,
group_1483,,hypothetical protein,1,1,1.0,1,2664,,,,567,567,567.0,,,,,,,,,BMKFACGC_00046,
group_1481,,hypothetical protein,1,1,1.0,1,2662,,,,567,567,567.0,,,,KAHEJOMD_01741,,,,,,
pinR,pinR,Serine recombinase PinR,1,1,1.0,1,2655,,,,570,570,570.0,,,,,,,,,,FHDKMCMF_02579
group_1476,,hypothetical protein,1,1,1.0,1,2654,,,,570,570,570.0,,,,,,,,,BMKFACGC_01660,
group_1475,,hypothetical protein,1,1,1.0,1,2653,,,,570,570,570.0,,,,KAHEJOMD_02872,,,,,,
group_1474,,hypothetical protein,1,1,1.0,1,2652,,,,570,570,570.0,,,,KAHEJOMD_01389,,,,,,
pdtaR,pdtaR,Transcriptional regulatory protein PdtaR,1,1,1.0,1,2650,,,,570,570,570.0,JECDCPOO_02126,,,,,,,,,
rhaR_7,rhaR_7,HTH-type transcriptional activator RhaR,1,1,1.0,1,2646,,,,573,573,573.0,,,,,,,,,,FHDKMCMF_01265
group_1470,,hypothetical protein,1,1,1.0,1,2645,,,,573,573,573.0,,,,,,,,,,FHDKMCMF_00547
group_1467,,hypothetical protein,1,1,1.0,1,2640,,,,576,576,576.0,,,,,,,,HLLCJJMH_02285,,
group_1463,,hypothetical protein,1,1,1.0,1,2633,,,,579,579,579.0,,,,,,,,,,FHDKMCMF_02608
group_1462,,hypothetical protein,1,1,1.0,1,2632,,,,579,579,579.0,,,,,,,,,BMKFACGC_01685,
group_1461,,hypothetical protein,1,1,1.0,1,2631,,,,579,579,579.0,,,,KAHEJOMD_01388,,,,,,
group_1460,,hypothetical protein,1,1,1.0,1,2630,,,,579,579,579.0,,,,KAHEJOMD_00050,,,,,,
group_1457,,hypothetical protein,1,1,1.0,1,2623,,,,582,582,582.0,,,,,,,GMGKJONF_01678,,,
group_1456,,hypothetical protein,1,1,1.0,1,2622,,,,582,582,582.0,,,,,HMEEEBGO_00793,,,,,
group_1455,,hypothetical protein,1,1,1.0,1,2621,,,,582,582,582.0,,,,KAHEJOMD_02959,,,,,,
rfbC_1,rfbC_1,dTDP-4-dehydrorhamnose 35-epimerase,1,1,1.0,1,2620,,,,582,582,582.0,,KDAEOHOB_01997,,,,,,,,
group_1454,,hypothetical protein,1,1,1.0,1,2618,,,,582,582,582.0,JECDCPOO_01589,,,,,,,,,
group_1453,,hypothetical protein,1,1,1.0,1,2617,,,,585,585,585.0,,,,,HMEEEBGO_01300,,,,,
group_1452,,hypothetical protein,1,1,1.0,1,2616,,,,585,585,585.0,,,,KAHEJOMD_01742,,,,,,
group_1451,,hypothetical protein,1,1,1.0,1,2615,,,,585,585,585.0,,,,KAHEJOMD_01404,,,,,,
group_1450,,hypothetical protein,1,1,1.0,1,2614,,,,585,585,585.0,,,,KAHEJOMD_00664,,,,,,
group_1448,,hypothetical protein,1,1,1.0,1,2612,,,,585,585,585.0,,,OPNKAGHI_01023,,,,,,,
group_1447,,hypothetical protein,1,1,1.0,1,2609,,,,588,588,588.0,,,,,HMEEEBGO_00762,,,,,
group_1445,,hypothetical protein,1,1,1.0,1,2605,,,,591,591,591.0,,,,,HMEEEBGO_01780,,,,,
group_1443,,hypothetical protein,1,1,1.0,1,2602,,,,594,594,594.0,,,,,,,,HLLCJJMH_01532,,
group_1442,,hypothetical protein,1,1,1.0,1,2601,,,,594,594,594.0,,,,,,,,HLLCJJMH_01499,,
group_1441,,hypothetical protein,1,1,1.0,1,2600,,,,1464,1464,1464.0,,,,,,,,,BMKFACGC_02324,
group_1439,,hypothetical protein,1,1,1.0,1,2598,,,,594,594,594.0,,,,,,KGEHKDDB_01337,,,,
group_1438,,hypothetical protein,1,1,1.0,1,2597,,,,594,594,594.0,,,,,HMEEEBGO_02530,,,,,
group_1437,,hypothetical protein,1,1,1.0,1,2596,,,,594,594,594.0,,,,,HMEEEBGO_02499,,,,,
group_1436,,hypothetical protein,1,1,1.0,1,2595,,,,594,594,594.0,,,,KAHEJOMD_00870,,,,,,
group_1435,,hypothetical protein,1,1,1.0,1,2594,,,,594,594,594.0,,,,KAHEJOMD_00047,,,,,,
ccmK,ccmK,Carboxysome shell protein CcmK,1,1,1.0,1,2592,,,,594,594,594.0,JECDCPOO_02120,,,,,,,,,
group_1432,,hypothetical protein,1,1,1.0,1,2587,,,,600,600,600.0,,,,,,,,HLLCJJMH_01530,,
group_1431,,hypothetical protein,1,1,1.0,1,2586,,,,600,600,600.0,,,,,,,GMGKJONF_01677,,,
group_1429,,hypothetical protein,1,1,1.0,1,2584,,,,600,600,600.0,,,,KAHEJOMD_00868,,,,,,
group_1428,,hypothetical protein,1,1,1.0,1,2583,,,,600,600,600.0,,,OPNKAGHI_02115,,,,,,,
group_1427,,hypothetical protein,1,1,1.0,1,2579,,,,603,603,603.0,,,,,,,,,,FHDKMCMF_02587
group_1426,,hypothetical protein,1,1,1.0,1,2578,,,,603,603,603.0,,,,KAHEJOMD_02951,,,,,,
group_1425,,hypothetical protein,1,1,1.0,1,2577,,,,603,603,603.0,,,,KAHEJOMD_02935,,,,,,
group_1424,,hypothetical protein,1,1,1.0,1,2576,,,,603,603,603.0,,,OPNKAGHI_00363,,,,,,,
group_1419,,hypothetical protein,1,1,1.0,1,2566,,,,609,609,609.0,,,,KAHEJOMD_01393,,,,,,
group_1416,,hypothetical protein,1,1,1.0,1,2561,,,,612,612,612.0,,,,,,,,,,FHDKMCMF_02688
group_1415,,hypothetical protein,1,1,1.0,1,2560,,,,612,612,612.0,,,,,,KGEHKDDB_02297,,,,
group_1413,,hypothetical protein,1,1,1.0,1,2558,,,,612,612,612.0,,,OPNKAGHI_01360,,,,,,,
group_1412,,hypothetical protein,1,1,1.0,1,2557,,,,612,612,612.0,JECDCPOO_02115,,,,,,,,,
group_1410,,hypothetical protein,1,1,1.0,1,2554,,,,615,615,615.0,,,,,HMEEEBGO_02866,,,,,
group_1409,,IS30 family transposase IS1070,1,1,1.0,1,2552,,,,615,615,615.0,,,,KAHEJOMD_02887,,,,,,
group_1408,,hypothetical protein,1,1,1.0,1,2551,,,,615,615,615.0,,,OPNKAGHI_02691,,,,,,,
group_1407,,hypothetical protein,1,1,1.0,1,2550,,,,615,615,615.0,,KDAEOHOB_00854,,,,,,,,
group_1404,,hypothetical protein,1,1,1.0,1,2546,,,,618,618,618.0,,,,,,,,,,FHDKMCMF_02580
group_1403,,hypothetical protein,1,1,1.0,1,2545,,,,618,618,618.0,,,,,,,,HLLCJJMH_02754,,
group_1401,,hypothetical protein,1,1,1.0,1,2543,,,,618,618,618.0,,,,,HMEEEBGO_00812,,,,,
group_1400,,hypothetical protein,1,1,1.0,1,2542,,,,618,618,618.0,,,,,HMEEEBGO_00207,,,,,
group_1398,,hypothetical protein,1,1,1.0,1,2540,,,,618,618,618.0,,,OPNKAGHI_02683,,,,,,,
group_1396,,hypothetical protein,1,1,1.0,1,2537,,,,618,618,618.0,,KDAEOHOB_01045,,,,,,,,
group_1395,,hypothetical protein,1,1,1.0,1,2535,,,,618,618,618.0,JECDCPOO_01601,,,,,,,,,
group_1394,,hypothetical protein,1,1,1.0,1,2533,,,,621,621,621.0,,,,,,,GMGKJONF_01680,,,
group_1393,,hypothetical protein,1,1,1.0,1,2532,,,,621,621,621.0,,,,,,KGEHKDDB_01338,,,,
group_1392,,hypothetical protein,1,1,1.0,1,2531,,,,624,624,624.0,,,,,,,,,,FHDKMCMF_02621
group_1391,,ISL3 family transposase ISP1,1,1,1.0,1,2530,,,,624,624,624.0,,,,,,,,,BMKFACGC_00528,
group_1390,,hypothetical protein,1,1,1.0,1,2529,,,,624,624,624.0,,,,KAHEJOMD_00824,,,,,,
group_1389,,hypothetical protein,1,1,1.0,1,2528,,,,624,624,624.0,,,OPNKAGHI_02685,,,,,,,
group_1386,,hypothetical protein,1,1,1.0,1,2521,,,,627,627,627.0,,,,,,,GMGKJONF_01422,,,
group_1385,,hypothetical protein,1,1,1.0,1,2520,,,,627,627,627.0,,,,,,KGEHKDDB_02600,,,,
group_1384,,hypothetical protein,1,1,1.0,1,2519,,,,627,627,627.0,,,,,HMEEEBGO_00809,,,,,
group_1383,,hypothetical protein,1,1,1.0,1,2518,,,,627,627,627.0,,,,,HMEEEBGO_00745,,,,,
bcrA_1,bcrA_1,Bacitracin transport ATP-binding protein BcrA,1,1,1.0,1,2517,,,,627,627,627.0,,,,KAHEJOMD_00454,,,,,,
yhfK_1,yhfK_1,putative sugar epimerase YhfK,1,1,1.0,1,2516,,,,627,627,627.0,,,OPNKAGHI_00043,,,,,,,
acm,acm,Lysozyme M1,1,1,1.0,1,2512,,,,630,630,630.0,,,,,,,GMGKJONF_01653,,,
group_1381,,hypothetical protein,1,1,1.0,1,2510,,,,630,630,630.0,,,,KAHEJOMD_02945,,,,,,
group_1379,,hypothetical protein,1,1,1.0,1,2505,,,,633,633,633.0,,,,,HMEEEBGO_02498,,,,,
bin3_2,bin3_2,Putative transposon Tn552 DNA-invertase bin3,1,1,1.0,1,2504,,,,633,633,633.0,,,,KAHEJOMD_02754,,,,,,
group_1378,,hypothetical protein,1,1,1.0,1,2503,,,,633,633,633.0,,KDAEOHOB_02003,,,,,,,,
group_1375,,hypothetical protein,1,1,1.0,1,2498,,,,636,636,636.0,,,,,,,,,BMKFACGC_02668,
group_1372,,hypothetical protein,1,1,1.0,1,2493,,,,1494,1494,1494.0,,,,,HMEEEBGO_00758,,,,,
pduL_2,pduL_2,Phosphate propanoyltransferase,1,1,1.0,1,2492,,,,636,636,636.0,JECDCPOO_02116,,,,,,,,,
group_1369,,hypothetical protein,1,1,1.0,1,2488,,,,639,639,639.0,,,,,,,GMGKJONF_00250,,,
group_1368,,hypothetical protein,1,1,1.0,1,2487,,,,639,639,639.0,,,,KAHEJOMD_02954,,,,,,
group_1367,,hypothetical protein,1,1,1.0,1,2486,,,,639,639,639.0,,,OPNKAGHI_01868,,,,,,,
group_1365,rfbP,Undecaprenyl-phosphate galactose phosphotransferase,1,1,1.0,1,2484,,,,639,639,639.0,,KDAEOHOB_02009,,,,,,,,
group_1355,,ISL3 family transposase ISP1,1,1,1.0,1,2462,,,,648,648,648.0,,,,,,,,,BMKFACGC_00532,
group_1354,,hypothetical protein,1,1,1.0,1,2461,,,,648,648,648.0,,,,,,,GMGKJONF_01679,,,
mntR_1,mntR_1,HTH-type transcriptional regulator MntR,1,1,1.0,1,2460,,,,648,648,648.0,,,,,,,GMGKJONF_00048,,,
group_1353,,hypothetical protein,1,1,1.0,1,2459,,,,648,648,648.0,,,OPNKAGHI_01001,,,,,,,
gpmA_8,gpmA_8,23-bisphosphoglycerate-dependent phosphoglycerate mutase,1,1,1.0,1,2448,,,,651,651,651.0,,,,,,,,,BMKFACGC_02510,
dedA_2,dedA_2,DedA family protein,1,1,1.0,1,2446,,,,651,651,651.0,,,OPNKAGHI_02716,,,,,,,
group_1348,,hypothetical protein,1,1,1.0,1,2443,,,,651,651,651.0,JECDCPOO_02117,,,,,,,,,
group_1346,,hypothetical protein,1,1,1.0,1,2437,,,,654,654,654.0,,,,,,,GMGKJONF_00814,,,
eutL,eutL,Bacterial microcompartment shell protein EutL,1,1,1.0,1,2436,,,,654,654,654.0,JECDCPOO_02121,,,,,,,,,
group_1345,,hypothetical protein,1,1,1.0,1,2432,,,,657,657,657.0,,,,KAHEJOMD_01400,,,,,,
res_1,res_1,Type III restriction-modification enzyme EcoP15I Res subunit,1,1,1.0,1,2426,,,,660,660,660.0,,,,,,,,,BMKFACGC_00039,
group_1343,,hypothetical protein,1,1,1.0,1,2425,,,,660,660,660.0,,,,,HMEEEBGO_00756,,,,,
group_1342,,hypothetical protein,1,1,1.0,1,2424,,,,660,660,660.0,,,OPNKAGHI_02688,,,,,,,
group_1339,,IS30 family transposase IS6770,1,1,1.0,1,2417,,,,663,663,663.0,,,,,,,,,BMKFACGC_02683,
group_1338,,hypothetical protein,1,1,1.0,1,2416,,,,663,663,663.0,,,,,,,GMGKJONF_02425,,,
malI,malI,Maltose regulon regulatory protein MalI,1,1,1.0,1,2415,,,,663,663,663.0,,,OPNKAGHI_02761,,,,,,,
group_1335,,hypothetical protein,1,1,1.0,1,2406,,,,666,666,666.0,,,,,,KGEHKDDB_01361,,,,
group_1332,,hypothetical protein,1,1,1.0,1,2403,,,,666,666,666.0,,,,KAHEJOMD_01729,,,,,,
group_1331,,hypothetical protein,1,1,1.0,1,2400,,,,669,669,669.0,,,,,,,,HLLCJJMH_00054,,
group_1330,,hypothetical protein,1,1,1.0,1,2399,,,,669,669,669.0,,,OPNKAGHI_01873,,,,,,,
group_1328,,hypothetical protein,1,1,1.0,1,2397,,,,672,672,672.0,,,,,,,,,BMKFACGC_01326,
yvdM_3,yvdM_3,Beta-phosphoglucomutase,1,1,1.0,1,2395,,,,672,672,672.0,,,,KAHEJOMD_02692,,,,,,
group_1326,,hypothetical protein,1,1,1.0,1,2394,,,,672,672,672.0,,,OPNKAGHI_02715,,,,,,,
group_1323,,hypothetical protein,1,1,1.0,1,2387,,,,675,675,675.0,,,,,,,,HLLCJJMH_00818,,
group_1322,,hypothetical protein,1,1,1.0,1,2386,,,,675,675,675.0,,,OPNKAGHI_02429,,,,,,,
tarI,tarI,Ribitol-5-phosphate cytidylyltransferase,1,1,1.0,1,2385,,,,675,675,675.0,JECDCPOO_01751,,,,,,,,,
group_1320,,hypothetical protein,1,1,1.0,1,2382,,,,678,678,678.0,,,,,HMEEEBGO_00736,,,,,
group_1319,,hypothetical protein,1,1,1.0,1,2380,,,,681,681,681.0,,,,KAHEJOMD_00452,,,,,,
group_1315,,IS6 family transposase ISLmo3,1,1,1.0,1,2371,,,,684,684,684.0,,,,,,,,,BMKFACGC_02656,
group_1314,,hypothetical protein,1,1,1.0,1,2370,,,,684,684,684.0,,,,,,KGEHKDDB_02689,,,,
group_1313,,hypothetical protein,1,1,1.0,1,2368,,,,684,684,684.0,,,,,HMEEEBGO_00176,,,,,
group_1311,,IS6 family transposase ISLmo3,1,1,1.0,1,2366,,,,684,684,684.0,,,,KAHEJOMD_02663,,,,,,
group_1310,,hypothetical protein,1,1,1.0,1,2365,,,,684,684,684.0,,KDAEOHOB_02430,,,,,,,,
group_1308,,IS6 family transposase ISBth20,1,1,1.0,1,2361,,,,687,687,687.0,,,,,,,,,,FHDKMCMF_02585
pucK_1,pucK_1,Uric acid permease PucK,1,1,1.0,1,2360,,,,687,687,687.0,,,,,,,,,BMKFACGC_01594,
group_1306,,hypothetical protein,1,1,1.0,1,2358,,,,687,687,687.0,,,,KAHEJOMD_01735,,,,,,
group_1303,,hypothetical protein,1,1,1.0,1,2353,,,,690,690,690.0,,,,,HMEEEBGO_00789,,,,,
group_1302,,hypothetical protein,1,1,1.0,1,2352,,,,690,690,690.0,,,,KAHEJOMD_02702,,,,,,
group_1296,,hypothetical protein,1,1,1.0,1,2341,,,,693,693,693.0,,,,,,,,,BMKFACGC_02655,
group_1295,,hypothetical protein,1,1,1.0,1,2340,,,,693,693,693.0,,,,,,,,,BMKFACGC_00859,
group_1294,,hypothetical protein,1,1,1.0,1,2339,,,,693,693,693.0,,,OPNKAGHI_02433,,,,,,,
group_1293,,hypothetical protein,1,1,1.0,1,2338,,,,1551,1551,1551.0,,,,,,,GMGKJONF_02253,,,
walR_2,walR_2,Transcriptional regulatory protein WalR,1,1,1.0,1,2331,,,,696,696,696.0,,,OPNKAGHI_02718,,,,,,,
group_1289,,hypothetical protein,1,1,1.0,1,2330,,,,696,696,696.0,,,OPNKAGHI_02371,,,,,,,
group_1288,,hypothetical protein,1,1,1.0,1,2328,,,,699,699,699.0,,,,,HMEEEBGO_00794,,,,,
group_1287,lexA_2,LexA repressor,1,1,1.0,1,2327,,,,699,699,699.0,,,,KAHEJOMD_02918,,,,,,
group_1286,,hypothetical protein,1,1,1.0,1,2322,,,,702,702,702.0,,,,,,,,,BMKFACGC_02657,
group_1285,,IS1182 family transposase ISP2,1,1,1.0,1,2320,,,,702,702,702.0,,,,,,,,,BMKFACGC_01334,
group_1284,,hypothetical protein,1,1,1.0,1,2319,,,,702,702,702.0,,,,,,,,HLLCJJMH_02273,,
kdpE,kdpE,Transcriptional regulatory protein KdpE,1,1,1.0,1,2318,,,,702,702,702.0,,,OPNKAGHI_02664,,,,,,,
ecfA1_2,ecfA1_2,Energy-coupling factor transporter ATP-binding protein EcfA1,1,1,1.0,1,2317,,,,702,702,702.0,,,OPNKAGHI_01461,,,,,,,
group_1283,,hypothetical protein,1,1,1.0,1,2314,,,,705,705,705.0,,,,KAHEJOMD_02683,,,,,,
group_1282,,hypothetical protein,1,1,1.0,1,2311,,,,708,708,708.0,,,,KAHEJOMD_02955,,,,,,
group_1279,,hypothetical protein,1,1,1.0,1,2304,,,,711,711,711.0,,,,,,,GMGKJONF_01428,,,
group_1278,,hypothetical protein,1,1,1.0,1,2303,,,,711,711,711.0,,,,,,KGEHKDDB_02305,,,,
group_1277,,hypothetical protein,1,1,1.0,1,2302,,,,711,711,711.0,,,,,HMEEEBGO_00178,,,,,
group_1276,,hypothetical protein,1,1,1.0,1,2301,,,,711,711,711.0,,,,KAHEJOMD_02936,,,,,,
group_1275,,hypothetical protein,1,1,1.0,1,2300,,,,711,711,711.0,,,,KAHEJOMD_01730,,,,,,
group_1274,,Phosphatidylinositol phosphate synthase,1,1,1.0,1,2297,,,,711,711,711.0,JECDCPOO_01755,,,,,,,,,
group_1273,fucP_2,L-fucose-proton symporter,1,1,1.0,1,2295,,,,714,714,714.0,,,,,,,,HLLCJJMH_01316,,
group_1272,,hypothetical protein,1,1,1.0,1,2294,,,,714,714,714.0,,,,,,,GMGKJONF_00247,,,
group_1271,,hypothetical protein,1,1,1.0,1,2293,,,,714,714,714.0,,,,,HMEEEBGO_00753,,,,,
group_1270,,hypothetical protein,1,1,1.0,1,2292,,,,714,714,714.0,,,,KAHEJOMD_00453,,,,,,
group_1267,lexA_2,LexA repressor,1,1,1.0,1,2289,,,,717,717,717.0,,,,,,,,,,FHDKMCMF_02640
lexA_2,lexA_2,LexA repressor,1,1,1.0,1,2288,,,,717,717,717.0,,,,,,,,,BMKFACGC_02590,
group_1266,,hypothetical protein,1,1,1.0,1,2287,,,,717,717,717.0,,,,,HMEEEBGO_02850,,,,,
group_1265,,hypothetical protein,1,1,1.0,1,2286,,,,717,717,717.0,,,,KAHEJOMD_01706,,,,,,
group_1264,,ADPR responsive transcriptional repressor NtrR,1,1,1.0,1,2285,,,,717,717,717.0,,,OPNKAGHI_01486,,,,,,,
group_1263,,hypothetical protein,1,1,1.0,1,2281,,,,720,720,720.0,,,,,,,,,BMKFACGC_02774,
group_1262,,hypothetical protein,1,1,1.0,1,2280,,,,720,720,720.0,,,,,,,GMGKJONF_01690,,,
group_1261,,hypothetical protein,1,1,1.0,1,2279,,,,720,720,720.0,,,,,,KGEHKDDB_01342,,,,
clpP_3,clpP_3,ATP-dependent Clp protease proteolytic subunit,1,1,1.0,1,2278,,,,720,720,720.0,,,,,HMEEEBGO_02878,,,,,
group_1260,,hypothetical protein,1,1,1.0,1,2277,,,,720,720,720.0,,,,,HMEEEBGO_00179,,,,,
group_1259,,hypothetical protein,1,1,1.0,1,2276,,,,720,720,720.0,,,,KAHEJOMD_01712,,,,,,
group_1258,,hypothetical protein,1,1,1.0,1,2275,,,,720,720,720.0,,,,KAHEJOMD_01396,,,,,,
group_1257,,hypothetical protein,1,1,1.0,1,2274,,,,720,720,720.0,,,OPNKAGHI_01460,,,,,,,
group_1255,,hypothetical protein,1,1,1.0,1,2269,,,,723,723,723.0,,,,,,,GMGKJONF_00246,,,
group_1253,,hypothetical protein,1,1,1.0,1,2263,,,,726,726,726.0,,,,,,,,HLLCJJMH_02266,,
group_1252,,hypothetical protein,1,1,1.0,1,2261,,,,726,726,726.0,,,OPNKAGHI_02615,,,,,,,
group_1251,,hypothetical protein,1,1,1.0,1,2258,,,,729,729,729.0,,,,,,,,,BMKFACGC_02680,
group_1250,,hypothetical protein,1,1,1.0,1,2257,,,,729,729,729.0,,,,KAHEJOMD_02659,,,,,,
ydfK,ydfK,putative membrane protein YdfK,1,1,1.0,1,2256,,,,729,729,729.0,,,OPNKAGHI_02610,,,,,,,
group_1248,,hypothetical protein,1,1,1.0,1,2253,,,,732,732,732.0,,,,,,,,,BMKFACGC_00834,
ssuB,ssuB,Aliphatic sulfonates import ATP-binding protein SsuB,1,1,1.0,1,2252,,,,732,732,732.0,,,OPNKAGHI_02402,,,,,,,
group_1246,,hypothetical protein,1,1,1.0,1,2250,,,,735,735,735.0,,,,,HMEEEBGO_00996,,,,,
group_1244,,IS30 family transposase ISLpl1,1,1,1.0,1,2248,,,,738,738,738.0,,,,,,,,,,FHDKMCMF_01995
fabG3,fabG3,3-alpha-(or 20-beta)-hydroxysteroid dehydrogenase,1,1,1.0,1,2246,,,,738,738,738.0,,,OPNKAGHI_02571,,,,,,,
group_1242,,hypothetical protein,1,1,1.0,1,2242,,,,741,741,741.0,,,,KAHEJOMD_02696,,,,,,
group_1239,,hypothetical protein,1,1,1.0,1,2235,,,,744,744,744.0,,,,,HMEEEBGO_00792,,,,,
group_1238,,hypothetical protein,1,1,1.0,1,2234,,,,744,744,744.0,,,,KAHEJOMD_02907,,,,,,
group_1236,,hypothetical protein,1,1,1.0,1,2232,,,,747,747,747.0,,,,KAHEJOMD_02904,,,,,,
group_1235,,putative oxidoreductase,1,1,1.0,1,2231,,,,747,747,747.0,,,OPNKAGHI_01390,,,,,,,
group_1232,,hypothetical protein,1,1,1.0,1,2226,,,,750,750,750.0,,,,,,,,,BMKFACGC_01032,
group_1229,,hypothetical protein,1,1,1.0,1,2223,,,,753,753,753.0,,,,,HMEEEBGO_00165,,,,,
group_1228,,hypothetical protein,1,1,1.0,1,2222,,,,753,753,753.0,,,,KAHEJOMD_01718,,,,,,
group_1226,,hypothetical protein,1,1,1.0,1,2220,,,,756,756,756.0,,,,KAHEJOMD_02916,,,,,,
group_1225,,hypothetical protein,1,1,1.0,1,2219,,,,756,756,756.0,,,,KAHEJOMD_00869,,,,,,
group_1220,,IS30 family transposase ISLsa1,1,1,1.0,1,2213,,,,759,759,759.0,,,,,,,GMGKJONF_01846,,,
group_1219,,hypothetical protein,1,1,1.0,1,2212,,,,759,759,759.0,,,,,,,GMGKJONF_01702,,,
group_1218,,hypothetical protein,1,1,1.0,1,2211,,,,759,759,759.0,,,,,,KGEHKDDB_01365,,,,
group_1217,,hypothetical protein,1,1,1.0,1,2210,,,,759,759,759.0,,,,,HMEEEBGO_00763,,,,,
group_1216,,hypothetical protein,1,1,1.0,1,2209,,,,759,759,759.0,,,OPNKAGHI_02708,,,,,,,
group_1212,,hypothetical protein,1,1,1.0,1,2200,,,,762,762,762.0,,,,,,,GMGKJONF_01452,,,
group_1211,,hypothetical protein,1,1,1.0,1,2199,,,,762,762,762.0,,,,KAHEJOMD_00872,,,,,,
group_1208,,hypothetical protein,1,1,1.0,1,2194,,,,765,765,765.0,,KDAEOHOB_02005,,,,,,,,
group_1206,,hypothetical protein,1,1,1.0,1,2190,,,,768,768,768.0,,,,,HMEEEBGO_02087,,,,,
sorA,sorA,PTS system sorbose-specific EIIC component,1,1,1.0,1,2184,,,,771,771,771.0,,,,,,,,,BMKFACGC_02509,
group_1204,,hypothetical protein,1,1,1.0,1,2183,,,,771,771,771.0,,,,,,,,,BMKFACGC_01860,
group_1203,,hypothetical protein,1,1,1.0,1,2181,,,,771,771,771.0,,,,,HMEEEBGO_00180,,,,,
group_1202,,hypothetical protein,1,1,1.0,1,2180,,,,771,771,771.0,,,,KAHEJOMD_02661,,,,,,
group_1200,,hypothetical protein,1,1,1.0,1,2174,,,,774,774,774.0,,,,,HMEEEBGO_00786,,,,,
group_1199,,hypothetical protein,1,1,1.0,1,2173,,,,774,774,774.0,,,,KAHEJOMD_01397,,,,,,
group_1197,,hypothetical protein,1,1,1.0,1,2169,,,,777,777,777.0,,,,KAHEJOMD_02671,,,,,,
group_1196,,hypothetical protein,1,1,1.0,1,2168,,,,777,777,777.0,,,,KAHEJOMD_01390,,,,,,
group_1194,,hypothetical protein,1,1,1.0,1,2166,,,,777,777,777.0,,,OPNKAGHI_02726,,,,,,,
group_1190,,hypothetical protein,1,1,1.0,1,2159,,,,783,783,783.0,,,OPNKAGHI_01405,,,,,,,
group_1187,,hypothetical protein,1,1,1.0,1,2154,,,,786,786,786.0,,,,KAHEJOMD_02884,,,,,,
group_1185,,hypothetical protein,1,1,1.0,1,2150,,,,789,789,789.0,,,,,,,,,,FHDKMCMF_02643
group_1184,,hypothetical protein,1,1,1.0,1,2149,,,,789,789,789.0,,,,,,,,HLLCJJMH_00068,,
budC_2,budC_2,Diacetyl reductase [(S)-acetoin forming],1,1,1.0,1,2148,,,,789,789,789.0,,,,,,KGEHKDDB_02601,,,,
group_1182,,hypothetical protein,1,1,1.0,1,2146,,,,789,789,789.0,,,OPNKAGHI_01014,,,,,,,
ptpB_3,ptpB_3,Triple specificity protein phosphatase PtpB,1,1,1.0,1,2143,,,,789,789,789.0,JECDCPOO_02108,,,,,,,,,
group_1179,,hypothetical protein,1,1,1.0,1,2130,,,,798,798,798.0,,,,KAHEJOMD_00451,,,,,,
menH_2,menH_2,2-succinyl-6-hydroxy-24-cyclohexadiene-1-carboxylate synthase,1,1,1.0,1,2129,,,,798,798,798.0,,,OPNKAGHI_01465,,,,,,,
group_1177,,hypothetical protein,1,1,1.0,1,2124,,,,801,801,801.0,,KDAEOHOB_00675,,,,,,,,
group_1176,,IS30 family transposase ISLpl1,1,1,1.0,1,2122,,,,804,804,804.0,,,,,,,,,BMKFACGC_00376,
group_1174,,hypothetical protein,1,1,1.0,1,2120,,,,804,804,804.0,,,OPNKAGHI_01484,,,,,,,
group_1173,,hypothetical protein,1,1,1.0,1,2119,,,,804,804,804.0,,,OPNKAGHI_00923,,,,,,,
group_1171,,putative protein,1,1,1.0,1,2111,,,,807,807,807.0,,,,,,,,,,FHDKMCMF_02572
group_1169,,hypothetical protein,1,1,1.0,1,2106,,,,810,810,810.0,,,,,,,,,BMKFACGC_01666,
group_1168,,hypothetical protein,1,1,1.0,1,2105,,,,810,810,810.0,,,,,HMEEEBGO_00804,,,,,
group_1167,,hypothetical protein,1,1,1.0,1,2104,,,,810,810,810.0,,,,KAHEJOMD_02660,,,,,,
ret_1,ret_1,Retron Ec67 protein,1,1,1.0,1,2101,,,,813,813,813.0,,,,,HMEEEBGO_01778,,,,,
group_1165,,hypothetical protein,1,1,1.0,1,2100,,,,813,813,813.0,,,OPNKAGHI_01501,,,,,,,
soj_6,soj_6,Chromosome-partitioning ATPase Soj,1,1,1.0,1,2097,,,,816,816,816.0,,,,KAHEJOMD_02928,,,,,,
group_1164,,hypothetical protein,1,1,1.0,1,2096,,,,816,816,816.0,,KDAEOHOB_01063,,,,,,,,
group_1163,,hypothetical protein,1,1,1.0,1,2093,,,,819,819,819.0,,,,,,KGEHKDDB_01627,,,,
group_1162,,hypothetical protein,1,1,1.0,1,2092,,,,819,819,819.0,,,,,HMEEEBGO_00219,,,,,
group_1159,,hypothetical protein,1,1,1.0,1,2088,,,,822,822,822.0,,,,,,,,,,FHDKMCMF_02636
group_1156,,hypothetical protein,1,1,1.0,1,2082,,,,825,825,825.0,,,,,HMEEEBGO_01019,,,,,
ssuC,ssuC,Putative aliphatic sulfonates transport permease protein SsuC,1,1,1.0,1,2081,,,,825,825,825.0,,,OPNKAGHI_02401,,,,,,,
group_1150,,hypothetical protein,1,1,1.0,1,2070,,,,831,831,831.0,,,,,,,,,,FHDKMCMF_01515
group_1149,,hypothetical protein,1,1,1.0,1,2069,,,,831,831,831.0,,,,,,KGEHKDDB_01654,,,,
group_1148,,hypothetical protein,1,1,1.0,1,2068,,,,831,831,831.0,,,,KAHEJOMD_02931,,,,,,
dapH_2,dapH_2,2345-tetrahydropyridine-26-dicarboxylate N-acetyltransferase,1,1,1.0,1,2067,,,,831,831,831.0,,,OPNKAGHI_01125,,,,,,,
group_1146,,hypothetical protein,1,1,1.0,1,2063,,,,834,834,834.0,,,,,,,,,BMKFACGC_02727,
group_1145,,hypothetical protein,1,1,1.0,1,2062,,,,834,834,834.0,,,,,,,,,BMKFACGC_01738,
group_1144,,hypothetical protein,1,1,1.0,1,2053,,,,840,840,840.0,,,,,,KGEHKDDB_01391,,,,
group_1142,,hypothetical protein,1,1,1.0,1,2051,,,,840,840,840.0,,,OPNKAGHI_02678,,,,,,,
exsA,exsA,HTH-type transcriptional regulator ExsA,1,1,1.0,1,2044,,,,843,843,843.0,,,OPNKAGHI_02621,,,,,,,
dapH_1,dapH_1,2345-tetrahydropyridine-26-dicarboxylate N-acetyltransferase,1,1,1.0,1,2043,,,,843,843,843.0,,,OPNKAGHI_01124,,,,,,,
group_1139,,hypothetical protein,1,1,1.0,1,2037,,,,846,846,846.0,,,,,,,,HLLCJJMH_01299,,
eutJ,eutJ,Ethanolamine utilization protein EutJ,1,1,1.0,1,2035,,,,846,846,846.0,JECDCPOO_02110,,,,,,,,,
group_1137,,hypothetical protein,1,1,1.0,1,2032,,,,849,849,849.0,,,,,,,GMGKJONF_00040,,,
group_1136,,hypothetical protein,1,1,1.0,1,2031,,,,849,849,849.0,,,,,,KGEHKDDB_02299,,,,
group_1134,,hypothetical protein,1,1,1.0,1,2029,,,,849,849,849.0,,,,,HMEEEBGO_00803,,,,,
group_1133,,hypothetical protein,1,1,1.0,1,2028,,,,849,849,849.0,,,OPNKAGHI_01132,,,,,,,
group_1130,,hypothetical protein,1,1,1.0,1,2024,,,,849,849,849.0,JECDCPOO_01188,,,,,,,,,
group_1128,,hypothetical protein,1,1,1.0,1,2020,,,,852,852,852.0,,,,,,KGEHKDDB_02616,,,,
group_1127,,hypothetical protein,1,1,1.0,1,2019,,,,852,852,852.0,,,,,,KGEHKDDB_01645,,,,
group_1126,,hypothetical protein,1,1,1.0,1,2017,,,,852,852,852.0,,,OPNKAGHI_02697,,,,,,,
rmlD_1,rmlD_1,dTDP-4-dehydrorhamnose reductase,1,1,1.0,1,2016,,,,852,852,852.0,,KDAEOHOB_01995,,,,,,,,
group_1124,,hypothetical protein,1,1,1.0,1,2014,,,,852,852,852.0,JECDCPOO_02225,,,,,,,,,
qorB_1,qorB_1,Quinone oxidoreductase 2,1,1,1.0,1,2010,,,,855,855,855.0,,,OPNKAGHI_00040,,,,,,,
group_1121,,hypothetical protein,1,1,1.0,1,2006,,,,1017,1017,1017.0,,,,,,,,,BMKFACGC_01335,
group_1118,,hypothetical protein,1,1,1.0,1,2001,,,,861,861,861.0,,,,,,,,,BMKFACGC_01332,
group_1117,,hypothetical protein,1,1,1.0,1,1999,,,,861,861,861.0,,,,KAHEJOMD_02664,,,,,,
group_1116,,hypothetical protein,1,1,1.0,1,1998,,,,861,861,861.0,,,OPNKAGHI_02698,,,,,,,
group_1115,,hypothetical protein,1,1,1.0,1,1993,,,,864,864,864.0,,,,,,,GMGKJONF_02310,,,
group_1114,,hypothetical protein,1,1,1.0,1,1992,,,,864,864,864.0,,,,KAHEJOMD_02934,,,,,,
xylT_3,xylT_3,D-xylose transporter,1,1,1.0,1,1986,,,,867,867,867.0,,,,,,,,HLLCJJMH_02490,,
group_1110,,hypothetical protein,1,1,1.0,1,1982,,,,867,867,867.0,JECDCPOO_01185,,,,,,,,,
group_1109,,hypothetical protein,1,1,1.0,1,1979,,,,870,870,870.0,,,,,,,,,BMKFACGC_02744,
group_1108,,hypothetical protein,1,1,1.0,1,1978,,,,870,870,870.0,,,,KAHEJOMD_02751,,,,,,
group_1107,,hypothetical protein,1,1,1.0,1,1977,,,,870,870,870.0,,,,KAHEJOMD_02658,,,,,,
rfbA,rfbA,Glucose-1-phosphate thymidylyltransferase 1,1,1,1.0,1,1976,,,,870,870,870.0,,KDAEOHOB_01999,,,,,,,,
group_1105,,IS1182 family transposase ISP2,1,1,1.0,1,1973,,,,873,873,873.0,,,,,,,,,,FHDKMCMF_02589
group_1104,,hypothetical protein,1,1,1.0,1,1972,,,,1785,1785,1785.0,JECDCPOO_01107,,,,,,,,,
group_1100,,hypothetical protein,1,1,1.0,1,1966,,,,879,879,879.0,,,,,,,,,BMKFACGC_00497,
cynR_1,cynR_1,HTH-type transcriptional regulator CynR,1,1,1.0,1,1965,,,,879,879,879.0,,,OPNKAGHI_01392,,,,,,,
group_1096,,hypothetical protein,1,1,1.0,1,1953,,,,885,885,885.0,,,,,,,,,BMKFACGC_01033,
group_1094,,hypothetical protein,1,1,1.0,1,1951,,,,885,885,885.0,,,OPNKAGHI_02431,,,,,,,
group_1090,,hypothetical protein,1,1,1.0,1,1943,,,,888,888,888.0,,,,,,KGEHKDDB_01362,,,,
icaB_2,icaB_2,Poly-beta-16-N-acetyl-D-glucosamine N-deacetylase,1,1,1.0,1,1942,,,,888,888,888.0,,,OPNKAGHI_02667,,,,,,,
rmlA,rmlA,Glucose-1-phosphate thymidylyltransferase,1,1,1.0,1,1933,,,,891,891,891.0,JECDCPOO_01749,,,,,,,,,
group_1087,,hypothetical protein,1,1,1.0,1,1930,,,,894,894,894.0,,,,,,,,,BMKFACGC_02508,
group_1085,,hypothetical protein,1,1,1.0,1,1928,,,,894,894,894.0,,,,,,,,HLLCJJMH_02267,,
group_1084,,IS982 family transposase ISScr1,1,1,1.0,1,1927,,,,894,894,894.0,,,,,,KGEHKDDB_02602,,,,
group_1083,,hypothetical protein,1,1,1.0,1,1926,,,,894,894,894.0,,,,,,KGEHKDDB_01648,,,,
group_1082,,hypothetical protein,1,1,1.0,1,1925,,,,894,894,894.0,,,,,HMEEEBGO_00795,,,,,
cynR_2,cynR_2,HTH-type transcriptional regulator CynR,1,1,1.0,1,1924,,,,894,894,894.0,,,OPNKAGHI_02609,,,,,,,
hdfR_4,hdfR_4,HTH-type transcriptional regulator HdfR,1,1,1.0,1,1918,,,,897,897,897.0,,,,,,,,,BMKFACGC_02511,
group_1079,,hypothetical protein,1,1,1.0,1,1917,,,,897,897,897.0,,,,,,,GMGKJONF_01706,,,
group_1078,,hypothetical protein,1,1,1.0,1,1916,,,,897,897,897.0,,,,KAHEJOMD_00871,,,,,,
rhaR_3,rhaR_3,HTH-type transcriptional activator RhaR,1,1,1.0,1,1914,,,,897,897,897.0,,,OPNKAGHI_00599,,,,,,,
group_1077,,IS1182 family transposase ISP2,1,1,1.0,1,1909,,,,900,900,900.0,,,,,,,,,,FHDKMCMF_02588
group_1076,,hypothetical protein,1,1,1.0,1,1908,,,,900,900,900.0,,,,,,,,HLLCJJMH_02291,,
group_1075,,hypothetical protein,1,1,1.0,1,1907,,,,900,900,900.0,,,,KAHEJOMD_02940,,,,,,
group_1069,soj_3,Sporulation initiation inhibitor protein Soj,1,1,1.0,1,1900,,,,906,906,906.0,,,,,,,,,,FHDKMCMF_02635
dppA_4,dppA_4,Dipeptide-binding protein,1,1,1.0,1,1899,,,,906,906,906.0,,,,,,,,,BMKFACGC_00077,
group_1068,,hypothetical protein,1,1,1.0,1,1898,,,,906,906,906.0,,,OPNKAGHI_00353,,,,,,,
group_1064,,hypothetical protein,1,1,1.0,1,1891,,,,909,909,909.0,,,,,HMEEEBGO_00757,,,,,
group_1063,,hypothetical protein,1,1,1.0,1,1890,,,,909,909,909.0,,,OPNKAGHI_01010,,,,,,,
group_1062,,IS256 family transposase ISCARN68,1,1,1.0,1,1888,,,,912,912,912.0,,,,,,KGEHKDDB_02578,,,,
mtsA,mtsA,Iron ABC transporter substrate-binding lipoprotein MtsA,1,1,1.0,1,1887,,,,912,912,912.0,,,,KAHEJOMD_02707,,,,,,
group_1060,,hypothetical protein,1,1,1.0,1,1883,,,,915,915,915.0,,,,,,,,HLLCJJMH_02669,,
hdfR_1,hdfR_1,HTH-type transcriptional regulator HdfR,1,1,1.0,1,1882,,,,915,915,915.0,,,OPNKAGHI_00041,,,,,,,
group_1058,,hypothetical protein,1,1,1.0,1,1877,,,,918,918,918.0,,,,,,KGEHKDDB_01402,,,,
soj_3,soj_3,Sporulation initiation inhibitor protein Soj,1,1,1.0,1,1876,,,,918,918,918.0,,,,KAHEJOMD_02757,,,,,,
group_1054,,hypothetical protein,1,1,1.0,1,1872,,,,921,921,921.0,,,,,,,GMGKJONF_00249,,,
group_1051,,hypothetical protein,1,1,1.0,1,1866,,,,924,924,924.0,,,OPNKAGHI_02696,,,,,,,
group_1050,,IS30 family transposase IS1070,1,1,1.0,1,1865,,,,924,924,924.0,,,OPNKAGHI_02661,,,,,,,
eutC,eutC,Ethanolamine ammonia-lyase small subunit,1,1,1.0,1,1864,,,,924,924,924.0,JECDCPOO_02122,,,,,,,,,
nrdF,nrdF,Ribonucleoside-diphosphate reductase 2 subunit beta,1,1,1.0,1,1860,,,,927,927,927.0,,,,,,,,,,FHDKMCMF_02582
group_1049,,IS30 family transposase ISLpl1,1,1,1.0,1,1859,,,,927,927,927.0,,,,,,,,,BMKFACGC_02654,
group_1047,,hypothetical protein,1,1,1.0,1,1857,,,,927,927,927.0,,,,,HMEEEBGO_00727,,,,,
group_1046,,hypothetical protein,1,1,1.0,1,1855,,,,927,927,927.0,,KDAEOHOB_01993,,,,,,,,
group_1044,,IS30 family transposase ISLpl1,1,1,1.0,1,1851,,,,930,930,930.0,,,,KAHEJOMD_02854,,,,,,
group_1043,,IS30 family transposase ISLpl1,1,1,1.0,1,1850,,,,930,930,930.0,,,,KAHEJOMD_02845,,,,,,
group_1042,,IS30 family transposase ISLpl1,1,1,1.0,1,1849,,,,930,930,930.0,,,,KAHEJOMD_02767,,,,,,
group_1041,,IS30 family transposase ISLpl1,1,1,1.0,1,1848,,,,930,930,930.0,,,,KAHEJOMD_02700,,,,,,
group_1036,,hypothetical protein,1,1,1.0,1,1834,,,,936,936,936.0,,,,,,,,,,FHDKMCMF_00545
group_1034,,hypothetical protein,1,1,1.0,1,1830,,,,936,936,936.0,,KDAEOHOB_02001,,,,,,,,
group_1032,,hypothetical protein,1,1,1.0,1,1825,,,,939,939,939.0,,,,,HMEEEBGO_02863,,,,,
group_1029,,hypothetical protein,1,1,1.0,1,1819,,,,942,942,942.0,,,OPNKAGHI_00042,,,,,,,
group_1026,,hypothetical protein,1,1,1.0,1,1813,,,,945,945,945.0,,,,,,,,HLLCJJMH_02269,,
ykoT_2,ykoT_2,putative glycosyltransferase YkoT,1,1,1.0,1,1802,,,,948,948,948.0,,,OPNKAGHI_02714,,,,,,,
nrdF2_2,nrdF2_2,Ribonucleoside-diphosphate reductase subunit beta nrdF2,1,1,1.0,1,1797,,,,951,951,951.0,,,,,,,,,,FHDKMCMF_02581
group_1022,,hypothetical protein,1,1,1.0,1,1795,,,,951,951,951.0,,,OPNKAGHI_00282,,,,,,,
group_1021,,hypothetical protein,1,1,1.0,1,1793,,,,951,951,951.0,JECDCPOO_01754,,,,,,,,,
group_1020,,hypothetical protein,1,1,1.0,1,1790,,,,954,954,954.0,,,,,,,,,BMKFACGC_01695,
group_1018,,hypothetical protein,1,1,1.0,1,1783,,,,957,957,957.0,,,,,,,GMGKJONF_00055,,,
group_1016,,hypothetical protein,1,1,1.0,1,1778,,,,960,960,960.0,,,,,HMEEEBGO_00740,,,,,
group_1014,,hypothetical protein,1,1,1.0,1,1772,,,,963,963,963.0,JECDCPOO_01108,,,,,,,,,
tagU_3,tagU_3,Polyisoprenyl-teichoic acid--peptidoglycan teichoic acid transferase TagU,1,1,1.0,1,1756,,,,975,975,975.0,,KDAEOHOB_01994,,,,,,,,
group_1007,,hypothetical protein,1,1,1.0,1,1752,,,,978,978,978.0,,,,,,KGEHKDDB_01647,,,,
group_1006,,hypothetical protein,1,1,1.0,1,1751,,,,978,978,978.0,,,,,HMEEEBGO_00764,,,,,
group_1003,rhaR_2,HTH-type transcriptional activator RhaR,1,1,1.0,1,1744,,,,981,981,981.0,,,,,,,GMGKJONF_01996,,,
group_1002,,hypothetical protein,1,1,1.0,1,1743,,,,981,981,981.0,,,,KAHEJOMD_00918,,,,,,
group_1001,,hypothetical protein,1,1,1.0,1,1742,,,,981,981,981.0,,KDAEOHOB_02008,,,,,,,,
group_998,,hypothetical protein,1,1,1.0,1,1738,,,,984,984,984.0,,,,,,,,,BMKFACGC_02661,
group_997,,Maltose epimerase,1,1,1.0,1,1737,,,,984,984,984.0,,,,KAHEJOMD_02691,,,,,,
group_993,,hypothetical protein,1,1,1.0,1,1728,,,,987,987,987.0,,,OPNKAGHI_00366,,,,,,,
ssuA,ssuA,Putative aliphatic sulfonates-binding protein,1,1,1.0,1,1727,,,,987,987,987.0,,,OPNKAGHI_00241,,,,,,,
ganR_2,ganR_2,HTH-type transcriptional regulator GanR,1,1,1.0,1,1717,,,,996,996,996.0,,,,,,,GMGKJONF_02250,,,
group_983,,hypothetical protein,1,1,1.0,1,1712,,,,996,996,996.0,,KDAEOHOB_02004,,,,,,,,
group_972,,Putative transposase for insertion sequence element IS5376,1,1,1.0,1,1694,,,,1002,1002,1002.0,,,,,,,,HLLCJJMH_01440,,
group_964,,hypothetical protein,1,1,1.0,1,1684,,,,1005,1005,1005.0,,,,,,KGEHKDDB_01348,,,,
group_940,,hypothetical protein,1,1,1.0,1,1657,,,,1014,1014,1014.0,,,,,,KGEHKDDB_01340,,,,
yxaB,yxaB,General stress protein 30,1,1,1.0,1,1650,,,,1014,1014,1014.0,,,,,,KGEHKDDB_02733,,,,
group_934,,hypothetical protein,1,1,1.0,1,1647,,,,1014,1014,1014.0,,,,,HMEEEBGO_00159,,,,,
ydiO,ydiO,Type II methyltransferase M1.BsuMI,1,1,1.0,1,1646,,,,1014,1014,1014.0,,,,KAHEJOMD_00847,,,,,,
group_928,,IS30 family transposase ISSag3,1,1,1.0,1,1638,,,,1017,1017,1017.0,,,,,,,,,,FHDKMCMF_02592
group_926,,hypothetical protein,1,1,1.0,1,1636,,,,1017,1017,1017.0,,,,,HMEEEBGO_00734,,,,,
group_924,,hypothetical protein,1,1,1.0,1,1634,,,,1017,1017,1017.0,,,,KAHEJOMD_02675,,,,,,
group_916,,hypothetical protein,1,1,1.0,1,1625,,,,1020,1020,1020.0,,,,,,,GMGKJONF_01411,,,
group_915,,hypothetical protein,1,1,1.0,1,1624,,,,1020,1020,1020.0,,,,,,KGEHKDDB_01374,,,,
group_906,,IS30 family transposase ISSag3,1,1,1.0,1,1611,,,,1023,1023,1023.0,,,,KAHEJOMD_02701,,,,,,
tarJ,tarJ,Ribulose-5-phosphate reductase 1,1,1,1.0,1,1596,,,,1026,1026,1026.0,JECDCPOO_01750,,,,,,,,,
rmlB_1,rmlB_1,dTDP-glucose 46-dehydratase,1,1,1.0,1,1585,,,,1032,1032,1032.0,,KDAEOHOB_01996,,,,,,,,
group_873,,ISL3 family transposase ISP1,1,1,1.0,1,1558,,,,1044,1044,1044.0,,,,,,,,,BMKFACGC_01533,
group_863,,hypothetical protein,1,1,1.0,1,1543,,,,1050,1050,1050.0,,,,,,,,,BMKFACGC_02748,
group_862,,IS30 family transposase ISSag3,1,1,1.0,1,1542,,,,1050,1050,1050.0,,,,,,,,,,FHDKMCMF_00569
group_860,,IS30 family transposase ISSag3,1,1,1.0,1,1540,,,,1050,1050,1050.0,,,,,HMEEEBGO_01779,,,,,
group_855,,hypothetical protein,1,1,1.0,1,1533,,,,1053,1053,1053.0,,,,,,,,,BMKFACGC_01678,
group_844,,hypothetical protein,1,1,1.0,1,1521,,,,1056,1056,1056.0,,,,KAHEJOMD_02953,,,,,,
group_835,mshA,D-inositol-3-phosphate glycosyltransferase,1,1,1.0,1,1511,,,,1056,1056,1056.0,,KDAEOHOB_02007,,,,,,,,
group_825,,hypothetical protein,1,1,1.0,1,1497,,,,1068,1068,1068.0,,,,,,,,,,FHDKMCMF_02626
group_819,,hypothetical protein,1,1,1.0,1,1491,,,,1071,1071,1071.0,,,,,HMEEEBGO_00213,,,,,
deoK_2,deoK_2,Deoxyribokinase,1,1,1.0,1,1486,,,,1074,1074,1074.0,,,,,,,,,BMKFACGC_02524,
group_810,,IS1182 family transposase ISStin8,1,1,1.0,1,1480,,,,1077,1077,1077.0,,,OPNKAGHI_00849,,,,,,,
group_804,,hypothetical protein,1,1,1.0,1,1474,,,,1077,1077,1077.0,,,OPNKAGHI_00932,,,,,,,
uxuA_2,uxuA_2,Mannonate dehydratase,1,1,1.0,1,1468,,,,1080,1080,1080.0,,,OPNKAGHI_02630,,,,,,,
group_792,,hypothetical protein,1,1,1.0,1,1456,,,,1089,1089,1089.0,,,,KAHEJOMD_02947,,,,,,
group_781,tagF_2,Teichoic acid poly(glycerol phosphate) polymerase,1,1,1.0,1,1443,,,,1095,1095,1095.0,,,,KAHEJOMD_01880,,,,,,
glgA,glgA,Glycogen synthase,1,1,1.0,1,1425,,,,1101,1101,1101.0,JECDCPOO_01756,,,,,,,,,
group_762,,hypothetical protein,1,1,1.0,1,1419,,,,1107,1107,1107.0,,,,,,,GMGKJONF_02306,,,
group_761,,hypothetical protein,1,1,1.0,1,1418,,,,1107,1107,1107.0,,,,,,,,,BMKFACGC_02746,
group_759,,hypothetical protein,1,1,1.0,1,1416,,,,1107,1107,1107.0,,,,,,,GMGKJONF_02255,,,
group_755,,ISL3 family transposase ISP1,1,1,1.0,1,1411,,,,1113,1113,1113.0,,,,,,,,,BMKFACGC_00386,
xylB_3,xylB_3,Aryl-alcohol dehydrogenase,1,1,1.0,1,1405,,,,1113,1113,1113.0,,,,,,,,,BMKFACGC_00828,
group_745,xerC_1,Tyrosine recombinase XerC,1,1,1.0,1,1396,,,,1116,1116,1116.0,,,OPNKAGHI_00358,,,,,,,
group_743,,hypothetical protein,1,1,1.0,1,1394,,,,1116,1116,1116.0,,,,KAHEJOMD_02882,,,,,,
group_741,glf,UDP-galactopyranose mutase,1,1,1.0,1,1392,,,,1116,1116,1116.0,,,,KAHEJOMD_01879,,,,,,
glf,glf,UDP-galactopyranose mutase,1,1,1.0,1,1384,,,,1119,1119,1119.0,,KDAEOHOB_02010,,,,,,,,
group_735,,hypothetical protein,1,1,1.0,1,1383,,,,1122,1122,1122.0,,,,,,KGEHKDDB_01359,,,,
group_730,,hypothetical protein,1,1,1.0,1,1374,,,,1125,1125,1125.0,,,,KAHEJOMD_02682,,,,,,
group_729,,hypothetical protein,1,1,1.0,1,1373,,,,1125,1125,1125.0,,,OPNKAGHI_02771,,,,,,,
group_720,,hypothetical protein,1,1,1.0,1,1361,,,,1128,1128,1128.0,,,,KAHEJOMD_02871,,,,,,
epsF,epsF,Putative glycosyltransferase EpsF,1,1,1.0,1,1357,,,,1128,1128,1128.0,,KDAEOHOB_02002,,,,,,,,
group_713,xerC_3,Tyrosine recombinase XerC,1,1,1.0,1,1345,,,,1134,1134,1134.0,,,,,,,,HLLCJJMH_02284,,
xerC_2,xerC_2,Tyrosine recombinase XerC,1,1,1.0,1,1341,,,,1137,1137,1137.0,,,OPNKAGHI_00360,,,,,,,
xerC_3,xerC_3,Tyrosine recombinase XerC,1,1,1.0,1,1336,,,,1137,1137,1137.0,,,,KAHEJOMD_00845,,,,,,
pduQ_2,pduQ_2,1-propanol dehydrogenase PduQ,1,1,1.0,1,1333,,,,1137,1137,1137.0,JECDCPOO_02127,,,,,,,,,
eutH,eutH,putative ethanolamine permease EutH,1,1,1.0,1,1332,,,,1137,1137,1137.0,JECDCPOO_02113,,,,,,,,,
msmX,msmX,Oligosaccharides import ATP-binding protein MsmX,1,1,1.0,1,1328,,,,1140,1140,1140.0,,,OPNKAGHI_01485,,,,,,,
group_700,,hypothetical protein,1,1,1.0,1,1326,,,,1143,1143,1143.0,,,,,,KGEHKDDB_02575,,,,
group_698,,hypothetical protein,1,1,1.0,1,1321,,,,1143,1143,1143.0,,,,KAHEJOMD_02721,,,,,,
group_691,,hypothetical protein,1,1,1.0,1,1310,,,,1146,1146,1146.0,,,,,,,,,BMKFACGC_02728,
group_690,,hypothetical protein,1,1,1.0,1,1309,,,,1146,1146,1146.0,,,,,HMEEEBGO_02879,,,,,
group_684,,hypothetical protein,1,1,1.0,1,1301,,,,1152,1152,1152.0,,,,,,,,,BMKFACGC_02528,
group_680,,hypothetical protein,1,1,1.0,1,1295,,,,1152,1152,1152.0,,,,,HMEEEBGO_00747,,,,,
group_677,,IS256 family transposase ISEfm2,1,1,1.0,1,1292,,,,1152,1152,1152.0,,,,KAHEJOMD_00046,,,,,,
group_673,,hypothetical protein,1,1,1.0,1,1285,,,,1155,1155,1155.0,,,OPNKAGHI_01525,,,,,,,
group_670,,hypothetical protein,1,1,1.0,1,1278,,,,1161,1161,1161.0,,KDAEOHOB_02000,,,,,,,,
ecoRIIM,ecoRIIM,Type II methyltransferase M.EcoRII,1,1,1.0,1,1275,,,,1161,1161,1161.0,,,,,,,,HLLCJJMH_02681,,
group_660,,hypothetical protein,1,1,1.0,1,1264,,,,1164,1164,1164.0,,,,,HMEEEBGO_00737,,,,,
xerC_1,xerC_1,Tyrosine recombinase XerC,1,1,1.0,1,1263,,,,1164,1164,1164.0,,,,,HMEEEBGO_00158,,,,,
group_653,,hypothetical protein,1,1,1.0,1,1253,,,,1167,1167,1167.0,,,,,,KGEHKDDB_01343,,,,
ard_1,ard_1,NADH:acrylate oxidoreductase,1,1,1.0,1,1251,,,,1167,1167,1167.0,,,OPNKAGHI_00044,,,,,,,
group_651,,hypothetical protein,1,1,1.0,1,1250,,,,1167,1167,1167.0,,,OPNKAGHI_00037,,,,,,,
group_646,,hypothetical protein,1,1,1.0,1,1245,,,,1170,1170,1170.0,,,OPNKAGHI_02702,,,,,,,
ydhP_2,ydhP_2,Inner membrane transport protein YdhP,1,1,1.0,1,1243,,,,1170,1170,1170.0,,,,,,KGEHKDDB_02732,,,,
group_641,,hypothetical protein,1,1,1.0,1,1236,,,,1173,1173,1173.0,,,,,HMEEEBGO_01783,,,,,
group_636,,hypothetical protein,1,1,1.0,1,1227,,,,1179,1179,1179.0,,,,,,KGEHKDDB_02741,,,,
group_634,,hypothetical protein,1,1,1.0,1,1224,,,,1179,1179,1179.0,,,OPNKAGHI_01042,,,,,,,
xerC_10,xerC_10,Tyrosine recombinase XerC,1,1,1.0,1,1215,,,,1182,1182,1182.0,,,,,HMEEEBGO_02497,,,,,
group_624,,hypothetical protein,1,1,1.0,1,1212,,,,1185,1185,1185.0,,,,KAHEJOMD_02942,,,,,,
group_613,,hypothetical protein,1,1,1.0,1,1198,,,,1188,1188,1188.0,,,OPNKAGHI_02770,,,,,,,
group_608,,hypothetical protein,1,1,1.0,1,1184,,,,1194,1194,1194.0,,,,,,KGEHKDDB_01352,,,,
murJ_3,murJ_3,lipid II flippase MurJ,1,1,1.0,1,1159,,,,1203,1203,1203.0,,,,,,,,,BMKFACGC_01856,
group_593,,ISL3 family transposase ISSau8,1,1,1.0,1,1153,,,,1206,1206,1206.0,,,,,,,,,BMKFACGC_00812,
group_588,,hypothetical protein,1,1,1.0,1,1142,,,,1209,1209,1209.0,,,,,,,GMGKJONF_00061,,,
ecoRIIR,ecoRIIR,Type II restriction enzyme EcoRII,1,1,1.0,1,1139,,,,1212,1212,1212.0,,,,,,,,HLLCJJMH_02682,,
kdpD,kdpD,Sensor histidine kinase KdpD,1,1,1.0,1,1138,,,,1212,1212,1212.0,,,OPNKAGHI_02665,,,,,,,
group_586,,hypothetical protein,1,1,1.0,1,1137,,,,1212,1212,1212.0,,,OPNKAGHI_00238,,,,,,,
group_580,,hypothetical protein,1,1,1.0,1,1130,,,,1218,1218,1218.0,,,OPNKAGHI_01285,,,,,,,
group_576,,hypothetical protein,1,1,1.0,1,1126,,,,1221,1221,1221.0,,,,,,,,,BMKFACGC_01696,
icaA_2,icaA_2,Poly-beta-16-N-acetyl-D-glucosamine synthase,1,1,1.0,1,1122,,,,1221,1221,1221.0,,,OPNKAGHI_02669,,,,,,,
group_572,,hypothetical protein,1,1,1.0,1,1119,,,,1224,1224,1224.0,,,,,,,,,BMKFACGC_02318,
group_566,,hypothetical protein,1,1,1.0,1,1110,,,,1230,1230,1230.0,,,OPNKAGHI_00355,,,,,,,
group_562,,hypothetical protein,1,1,1.0,1,1105,,,,1230,1230,1230.0,,,,,HMEEEBGO_02877,,,,,
sauT,sauT,Sulfoacetate--CoA ligase,1,1,1.0,1,1102,,,,1230,1230,1230.0,,,OPNKAGHI_00239,,,,,,,
group_544,,hypothetical protein,1,1,1.0,1,1078,,,,1242,1242,1242.0,,,,KAHEJOMD_02720,,,,,,
group_539,,hypothetical protein,1,1,1.0,1,1070,,,,1245,1245,1245.0,,,,,HMEEEBGO_00791,,,,,
group_533,,hypothetical protein,1,1,1.0,1,1059,,,,1251,1251,1251.0,,,OPNKAGHI_02434,,,,,,,
group_513,,hypothetical protein,1,1,1.0,1,1031,,,,1266,1266,1266.0,,,,,,KGEHKDDB_01644,,,,
pyrK,pyrK,Dihydroorotate dehydrogenase B (NAD(+)) electron transfer subunit,1,1,1.0,1,1025,,,,1272,1272,1272.0,,,OPNKAGHI_02707,,,,,,,
group_501,,hypothetical protein,1,1,1.0,1,1016,,,,1278,1278,1278.0,,,,,,,,HLLCJJMH_00073,,
group_498,,hypothetical protein,1,1,1.0,1,1013,,,,1278,1278,1278.0,,KDAEOHOB_00093,,,,,,,,
group_497,,hypothetical protein,1,1,1.0,1,1009,,,,1281,1281,1281.0,,,,,,,,HLLCJJMH_02290,,
group_496,,hypothetical protein,1,1,1.0,1,1006,,,,1284,1284,1284.0,,,,,,,GMGKJONF_02254,,,
group_492,,hypothetical protein,1,1,1.0,1,1002,,,,1284,1284,1284.0,,,,,,KGEHKDDB_01364,,,,
eno,eno,Enolase,1,1,1.0,1,996,,,,1284,1284,1284.0,JECDCPOO_00032,,,,,,,,,
group_484,,hypothetical protein,1,1,1.0,1,988,,,,1290,1290,1290.0,,,,,,,,HLLCJJMH_01478,,
group_479,,hypothetical protein,1,1,1.0,1,973,,,,1302,1302,1302.0,,,,,,,,,BMKFACGC_02526,
group_476,,hypothetical protein,1,1,1.0,1,969,,,,1302,1302,1302.0,,,,,HMEEEBGO_00742,,,,,
group_474,,hypothetical protein,1,1,1.0,1,964,,,,1302,1302,1302.0,JECDCPOO_01753,,,,,,,,,
group_471,,hypothetical protein,1,1,1.0,1,961,,,,1305,1305,1305.0,,KDAEOHOB_01998,,,,,,,,
group_469,,hypothetical protein,1,1,1.0,1,958,,,,1308,1308,1308.0,,,,,,KGEHKDDB_01346,,,,
group_468,,hypothetical protein,1,1,1.0,1,955,,,,1311,1311,1311.0,,,,KAHEJOMD_02958,,,,,,
group_467,,hypothetical protein,1,1,1.0,1,951,,,,1314,1314,1314.0,,,,,,,GMGKJONF_01997,,,
group_466,,hypothetical protein,1,1,1.0,1,948,,,,1317,1317,1317.0,,,,,HMEEEBGO_00759,,,,,
group_455,,hypothetical protein,1,1,1.0,1,932,,,,1323,1323,1323.0,,,,,,,,,,FHDKMCMF_00553
group_454,,hypothetical protein,1,1,1.0,1,931,,,,1323,1323,1323.0,,,,,,,,HLLCJJMH_00069,,
group_453,,hypothetical protein,1,1,1.0,1,930,,,,1323,1323,1323.0,,,,,,,,HLLCJJMH_00051,,
group_452,,hypothetical protein,1,1,1.0,1,929,,,,1323,1323,1323.0,,,,,,,GMGKJONF_00046,,,
group_434,,hypothetical protein,1,1,1.0,1,892,,,,1341,1341,1341.0,,,,KAHEJOMD_00049,,,,,,
group_431,,hypothetical protein,1,1,1.0,1,888,,,,1344,1344,1344.0,,,,KAHEJOMD_01877,,,,,,
group_419,,IS4 family transposase ISLho3,1,1,1.0,1,860,,,,1356,1356,1356.0,,,,,,,,,BMKFACGC_01050,
group_416,,hypothetical protein,1,1,1.0,1,851,,,,1359,1359,1359.0,,,,KAHEJOMD_02689,,,,,,
sasA_5,sasA_5,Adaptive-response sensory-kinase SasA,1,1,1.0,1,850,,,,1359,1359,1359.0,,,OPNKAGHI_02717,,,,,,,
eutB,eutB,Ethanolamine ammonia-lyase large subunit,1,1,1.0,1,833,,,,1365,1365,1365.0,JECDCPOO_02123,,,,,,,,,
iolT,iolT,Major myo-inositol transporter IolT,1,1,1.0,1,820,,,,1371,1371,1371.0,,,,,,KGEHKDDB_02734,,,,
ribZ_3,ribZ_3,Riboflavin transporter RibZ,1,1,1.0,1,813,,,,1374,1374,1374.0,,,OPNKAGHI_02732,,,,,,,
mntH_5,mntH_5,Divalent metal cation transporter MntH,1,1,1.0,1,806,,,,1377,1377,1377.0,,,,,,,,,BMKFACGC_02771,
group_389,,hypothetical protein,1,1,1.0,1,797,,,,1383,1383,1383.0,,,,,HMEEEBGO_02569,,,,,
group_373,,hypothetical protein,1,1,1.0,1,774,,,,1392,1392,1392.0,,,OPNKAGHI_02762,,,,,,,
group_366,,hypothetical protein,1,1,1.0,1,760,,,,1401,1401,1401.0,JECDCPOO_01752,,,,,,,,,
group_356,rfbX,Putative O-antigen transporter,1,1,1.0,1,732,,,,1416,1416,1416.0,,,,KAHEJOMD_01878,,,,,,
xylP_2,xylP_2,Isoprimeverose transporter,1,1,1.0,1,731,,,,1416,1416,1416.0,,,OPNKAGHI_00602,,,,,,,
group_349,,hypothetical protein,1,1,1.0,1,721,,,,1419,1419,1419.0,,,OPNKAGHI_02686,,,,,,,
pncB,pncB,Nicotinate phosphoribosyltransferase,1,1,1.0,1,705,,,,1431,1431,1431.0,,,OPNKAGHI_01487,,,,,,,
rfbX,rfbX,Putative O-antigen transporter,1,1,1.0,1,704,,,,1431,1431,1431.0,,KDAEOHOB_02006,,,,,,,,
eutA,eutA,Ethanolamine ammonia-lyase reactivase EutA,1,1,1.0,1,700,,,,1434,1434,1434.0,JECDCPOO_02124,,,,,,,,,
group_337,,hypothetical protein,1,1,1.0,1,697,,,,1437,1437,1437.0,,,,,,,GMGKJONF_00245,,,
group_335,,S-layer protein,1,1,1.0,1,693,,,,1437,1437,1437.0,,,,KAHEJOMD_02926,,,,,,
group_333,,hypothetical protein,1,1,1.0,1,691,,,,1437,1437,1437.0,,,,KAHEJOMD_02684,,,,,,
group_329,,hypothetical protein,1,1,1.0,1,685,,,,1440,1440,1440.0,JECDCPOO_02125,,,,,,,,,
group_328,,hypothetical protein,1,1,1.0,1,683,,,,1452,1452,1452.0,JECDCPOO_02230,,,,,,,,,
group_326,,hypothetical protein,1,1,1.0,1,677,,,,1455,1455,1455.0,,,,,HMEEEBGO_02531,,,,,
mntH_1,mntH_1,Divalent metal cation transporter MntH,1,1,1.0,1,670,,,,1458,1458,1458.0,,,,,,,GMGKJONF_00049,,,
group_312,,hypothetical protein,1,1,1.0,1,655,,,,1467,1467,1467.0,,,,,,,,HLLCJJMH_00047,,
group_311,,hypothetical protein,1,1,1.0,1,654,,,,1467,1467,1467.0,,,OPNKAGHI_01116,,,,,,,
group_307,,hypothetical protein,1,1,1.0,1,644,,,,1473,1473,1473.0,,,,,HMEEEBGO_01782,,,,,
group_305,,hypothetical protein,1,1,1.0,1,641,,,,1476,1476,1476.0,,,,,HMEEEBGO_02500,,,,,
adhE_2,adhE_2,Bifunctional aldehyde-alcohol dehydrogenase AdhE,1,1,1.0,1,638,,,,1476,1476,1476.0,JECDCPOO_02119,,,,,,,,,
group_297,gtfA_1,UDP-N-acetylglucosamine--peptide N-acetylglucosaminyltransferase GtfA subunit,1,1,1.0,1,617,,,,1500,1500,1500.0,,,OPNKAGHI_01118,,,,,,,
gtfA_4,gtfA_4,UDP-N-acetylglucosamine--peptide N-acetylglucosaminyltransferase GtfA subunit,1,1,1.0,1,600,,,,1512,1512,1512.0,,,OPNKAGHI_01126,,,,,,,
gtfA_5,gtfA_5,UDP-N-acetylglucosamine--peptide N-acetylglucosaminyltransferase GtfA subunit,1,1,1.0,1,596,,,,1515,1515,1515.0,,,OPNKAGHI_01127,,,,,,,
group_283,gtfA_2,UDP-N-acetylglucosamine--peptide N-acetylglucosaminyltransferase GtfA subunit,1,1,1.0,1,595,,,,1518,1518,1518.0,,,OPNKAGHI_01119,,,,,,,
group_274,xynB_2,Beta-xylosidase,1,1,1.0,1,585,,,,1521,1521,1521.0,,,OPNKAGHI_02631,,,,,,,
gtfA_3,gtfA_3,UDP-N-acetylglucosamine--peptide N-acetylglucosaminyltransferase GtfA subunit,1,1,1.0,1,580,,,,1527,1527,1527.0,,,OPNKAGHI_01121,,,,,,,
group_270,,hypothetical protein,1,1,1.0,1,578,,,,1524,1524,1524.0,,,,KAHEJOMD_02770,,,,,,
group_266,,hypothetical protein,1,1,1.0,1,574,,,,1530,1530,1530.0,,,,,,KGEHKDDB_01341,,,,
mco_2,mco_2,Multicopper oxidase mco,1,1,1.0,1,571,,,,1530,1530,1530.0,,,OPNKAGHI_02733,,,,,,,
group_264,,hypothetical protein,1,1,1.0,1,569,,,,1533,1533,1533.0,JECDCPOO_01563,,,,,,,,,
murJ_4,murJ_4,Lipid II flippase MurJ,1,1,1.0,1,566,,,,1539,1539,1539.0,,,,,,KGEHKDDB_02576,,,,
group_261,yjmB_2,putative symporter YjmB,1,1,1.0,1,564,,,,1539,1539,1539.0,,,,,,,GMGKJONF_01999,,,
gtfA_6,gtfA_6,UDP-N-acetylglucosamine--peptide N-acetylglucosaminyltransferase GtfA subunit,1,1,1.0,1,560,,,,1542,1542,1542.0,,,OPNKAGHI_01128,,,,,,,
group_255,,hypothetical protein,1,1,1.0,1,553,,,,1551,1551,1551.0,,,OPNKAGHI_02680,,,,,,,
yjmB_2,yjmB_2,putative symporter YjmB,1,1,1.0,1,536,,,,1569,1569,1569.0,,,OPNKAGHI_02633,,,,,,,
group_245,,hypothetical protein,1,1,1.0,1,534,,,,1572,1572,1572.0,,,,,,,,HLLCJJMH_00066,,
group_243,,hypothetical protein,1,1,1.0,1,529,,,,1575,1575,1575.0,,,OPNKAGHI_02632,,,,,,,
group_239,,hypothetical protein,1,1,1.0,1,518,,,,1593,1593,1593.0,,,,,,,,,,FHDKMCMF_00559
dppA_11,dppA_11,Dipeptide-binding protein,1,1,1.0,1,499,,,,1617,1617,1617.0,,,OPNKAGHI_01878,,,,,,,
group_230,,hypothetical protein,1,1,1.0,1,495,,,,1620,1620,1620.0,,,,,,,,,BMKFACGC_01686,
group_229,,hypothetical protein,1,1,1.0,1,494,,,,1620,1620,1620.0,,,OPNKAGHI_00357,,,,,,,
hsdM,hsdM,Type I restriction enzyme EcoR124I/EcoR124II methylase subunit,1,1,1.0,1,491,,,,1623,1623,1623.0,,,OPNKAGHI_02769,,,,,,,
group_226,,hypothetical protein,1,1,1.0,1,489,,,,1629,1629,1629.0,,,,,,,,HLLCJJMH_02288,,
group_225,,hypothetical protein,1,1,1.0,1,487,,,,1629,1629,1629.0,,,,,,KGEHKDDB_01363,,,,
group_223,,hypothetical protein,1,1,1.0,1,485,,,,1632,1632,1632.0,,,,,,,,HLLCJJMH_00052,,
group_222,,hypothetical protein,1,1,1.0,1,484,,,,1632,1632,1632.0,,,,,,,,,,FHDKMCMF_00552
group_220,,hypothetical protein,1,1,1.0,1,481,,,,1632,1632,1632.0,,,,,,,GMGKJONF_00047,,,
group_214,,hypothetical protein,1,1,1.0,1,471,,,,1659,1659,1659.0,,,,,,,,HLLCJJMH_02274,,
group_213,,hypothetical protein,1,1,1.0,1,469,,,,1650,1650,1650.0,,,,,HMEEEBGO_00215,,,,,
group_209,,hypothetical protein,1,1,1.0,1,461,,,,1665,1665,1665.0,,KDAEOHOB_01497,,,,,,,,
smc_6,smc_6,Chromosome partition protein Smc,1,1,1.0,1,460,,,,1668,1668,1668.0,,,,KAHEJOMD_02818,,,,,,
group_207,,hypothetical protein,1,1,1.0,1,456,,,,1680,1680,1680.0,,,,,,KGEHKDDB_01605,,,,
group_197,,hypothetical protein,1,1,1.0,1,438,,,,1707,1707,1707.0,,,,,,,,HLLCJJMH_00059,,
ptsI_3,ptsI_3,Phosphoenolpyruvate-protein phosphotransferase,1,1,1.0,1,422,,,,1728,1728,1728.0,,,,,,,,,BMKFACGC_02504,
group_186,,hypothetical protein,1,1,1.0,1,412,,,,1737,1737,1737.0,,,OPNKAGHI_02565,,,,,,,
rep,rep,ATP-dependent DNA helicase Rep,1,1,1.0,1,411,,,,1737,1737,1737.0,,KDAEOHOB_01496,,,,,,,,
group_185,,hypothetical protein,1,1,1.0,1,409,,,,1740,1740,1740.0,,,,,,,GMGKJONF_01657,,,
ydaP,ydaP,Putative thiamine pyrophosphate-containing protein YdaP,1,1,1.0,1,408,,,,1740,1740,1740.0,,,,,,KGEHKDDB_02736,,,,
group_184,,hypothetical protein,1,1,1.0,1,402,,,,1788,1788,1788.0,,,,KAHEJOMD_02956,,,,,,
mod,mod,Type III restriction-modification enzyme StyLTI Mod subunit,1,1,1.0,1,391,,,,1791,1791,1791.0,,,,,,,,,BMKFACGC_00038,
group_177,,hypothetical protein,1,1,1.0,1,390,,,,1794,1794,1794.0,,,,,HMEEEBGO_02876,,,,,
group_174,,hypothetical protein,1,1,1.0,1,381,,,,1809,1809,1809.0,,,,,,,,,,FHDKMCMF_00548
group_172,,Beta-glucuronidase,1,1,1.0,1,376,,,,1812,1812,1812.0,,,,,,,GMGKJONF_02251,,,
yjcD,yjcD,Putative ATP-dependent DNA helicase YjcD,1,1,1.0,1,375,,,,1812,1812,1812.0,,,,KAHEJOMD_02717,,,,,,
group_170,,Cell wall protein,1,1,1.0,1,367,,,,1821,1821,1821.0,,,,,,,,HLLCJJMH_00075,,
group_169,,hypothetical protein,1,1,1.0,1,364,,,,1833,1833,1833.0,JECDCPOO_02226,,,,,,,,,
group_168,,hypothetical protein,1,1,1.0,1,362,,,,1830,1830,1830.0,,,,,,KGEHKDDB_01401,,,,
group_166,,hypothetical protein,1,1,1.0,1,360,,,,1830,1830,1830.0,,,,KAHEJOMD_00848,,,,,,
ziaA,ziaA,Zinc-transporting ATPase,1,1,1.0,1,354,,,,1839,1839,1839.0,,,OPNKAGHI_02720,,,,,,,
group_161,,hypothetical protein,1,1,1.0,1,352,,,,1842,1842,1842.0,,,OPNKAGHI_00068,,,,,,,
group_158,,hypothetical protein,1,1,1.0,1,348,,,,1845,1845,1845.0,,,,KAHEJOMD_02719,,,,,,
group_148,,hypothetical protein,1,1,1.0,1,334,,,,1878,1878,1878.0,,,,,,,,,,FHDKMCMF_00555
group_147,,hypothetical protein,1,1,1.0,1,333,,,,1878,1878,1878.0,,,,,,,,HLLCJJMH_00049,,
res_2,res_2,Type III restriction-modification enzyme EcoP15I Res subunit,1,1,1.0,1,323,,,,1905,1905,1905.0,,,,,,,,,BMKFACGC_00041,
group_144,,hypothetical protein,1,1,1.0,1,316,,,,1935,1935,1935.0,,,OPNKAGHI_02713,,,,,,,
group_136,,hypothetical protein,1,1,1.0,1,302,,,,1974,1974,1974.0,,,OPNKAGHI_00365,,,,,,,
group_133,,hypothetical protein,1,1,1.0,1,298,,,,1986,1986,1986.0,,,,,HMEEEBGO_00005,,,,,
group_131,,hypothetical protein,1,1,1.0,1,293,,,,1992,1992,1992.0,,,,,HMEEEBGO_00211,,,,,
group_126,,hypothetical protein,1,1,1.0,1,279,,,,2016,2016,2016.0,,,OPNKAGHI_02687,,,,,,,
group_116,,hypothetical protein,1,1,1.0,1,262,,,,2052,2052,2052.0,,,OPNKAGHI_00600,,,,,,,
aguA_3,aguA_3,Xylan alpha-(1->2)-glucuronosidase,1,1,1.0,1,259,,,,2058,2058,2058.0,,,OPNKAGHI_02634,,,,,,,
group_111,,hypothetical protein,1,1,1.0,1,256,,,,2061,2061,2061.0,,,,KAHEJOMD_02681,,,,,,
group_105,,hypothetical protein,1,1,1.0,1,248,,,,2073,2073,2073.0,,,OPNKAGHI_02693,,,,,,,
group_102,,hypothetical protein,1,1,1.0,1,243,,,,2076,2076,2076.0,,,,KAHEJOMD_02718,,,,,,
group_99,,hypothetical protein,1,1,1.0,1,237,,,,2094,2094,2094.0,,,OPNKAGHI_02670,,,,,,,
group_93,,hypothetical protein,1,1,1.0,1,219,,,,2121,2121,2121.0,,,,,,,,,,FHDKMCMF_02576
cadA_Lm,cadA_Lm,cadmium-translocating P-type ATPase CadA,1,1,1.0,1,215,,,,2130,2130,2130.0,,,,,,,,,,FHDKMCMF_02594
topB,topB,DNA topoisomerase 3,1,1,1.0,1,209,,,,2136,2136,2136.0,,,OPNKAGHI_02676,,,,,,,
group_85,,hypothetical protein,1,1,1.0,1,204,,,,2148,2148,2148.0,,,OPNKAGHI_02122,,,,,,,
comA,comA,Transport/processing ATP-binding protein ComA,1,1,1.0,1,202,,,,2157,2157,2157.0,,,,,,,,,BMKFACGC_02681,
group_83,,hypothetical protein,1,1,1.0,1,201,,,,2160,2160,2160.0,,,,,,,,,,FHDKMCMF_02512
nrdE_2,nrdE_2,Ribonucleoside-diphosphate reductase 2 subunit alpha,1,1,1.0,1,195,,,,2169,2169,2169.0,,,,,,,,,,FHDKMCMF_02583
malP_2,malP_2,Maltose phosphorylase,1,1,1.0,1,170,,,,2259,2259,2259.0,,,,KAHEJOMD_02690,,,,,,
kdpB,kdpB,Potassium-transporting ATPase ATP-binding subunit,1,1,1.0,1,163,,,,2274,2274,2274.0,JECDCPOO_00033,,,,,,,,,
group_69,,hypothetical protein,1,1,1.0,1,158,,,,2301,2301,2301.0,,,OPNKAGHI_02766,,,,,,,
group_63,,hypothetical protein,1,1,1.0,1,142,,,,2373,2373,2373.0,,KDAEOHOB_02429,,,,,,,,
nrdD,nrdD,Anaerobic ribonucleoside-triphosphate reductase,1,1,1.0,1,129,,,,2424,2424,2424.0,,,,,,,,,,FHDKMCMF_02586
group_56,,hypothetical protein,1,1,1.0,1,120,,,,2469,2469,2469.0,,,OPNKAGHI_02569,,,,,,,
group_47,,hypothetical protein,1,1,1.0,1,98,,,,2607,2607,2607.0,,,,,HMEEEBGO_00212,,,,,
group_43,,hypothetical protein,1,1,1.0,1,90,,,,2634,2634,2634.0,,,OPNKAGHI_02570,,,,,,,
group_38,,hypothetical protein,1,1,1.0,1,79,,,,2715,2715,2715.0,,,,,,,GMGKJONF_01998,,,
group_36,,hypothetical protein,1,1,1.0,1,76,,,,2745,2745,2745.0,,,OPNKAGHI_02430,,,,,,,
dnmA,dnmA,DNA methyltransferase A,1,1,1.0,1,72,,,,2766,2766,2766.0,,,,,,,,,BMKFACGC_02724,
group_31,,hypothetical protein,1,1,1.0,1,61,,,,2949,2949,2949.0,,KDAEOHOB_01992,,,,,,,,
dbpA,dbpA,ATP-dependent RNA helicase DbpA,1,1,1.0,1,60,,,,2997,2997,2997.0,,,,,,,,,BMKFACGC_01333,
group_28,,hypothetical protein,1,1,1.0,1,57,,,,3126,3126,3126.0,,,,,,,GMGKJONF_02258,,,
hsdR,hsdR,Type I restriction enzyme SauN315I endonuclease subunit,1,1,1.0,1,46,,,,3168,3168,3168.0,,,OPNKAGHI_02768,,,,,,,
group_23,,hypothetical protein,1,1,1.0,1,43,,,,3270,3270,3270.0,,,,,,,GMGKJONF_02426,,,
group_16,,hypothetical protein,1,1,1.0,1,27,,,,3861,3861,3861.0,,,,KAHEJOMD_02943,,,,,,
group_11,,hypothetical protein,1,1,1.0,1,18,,,,4734,4734,4734.0,,,,,,,,,,FHDKMCMF_00551
group_10,,hypothetical protein,1,1,1.0,1,17,,,,4734,4734,4734.0,,,,,,,,HLLCJJMH_00053,,
group_7,,hypothetical protein,1,1,1.0,1,13,,,,5226,5226,5226.0,,,,,,,,,,FHDKMCMF_02623
group_6,,hypothetical protein,1,1,1.0,1,11,,,,5268,5268,5268.0,,,,,,KGEHKDDB_01349,,,,
group_3,,hypothetical protein,1,1,1.0,1,6,,,,5598,5598,5598.0,,,,,HMEEEBGO_00743,,,,,
group_2,,hypothetical protein,1,1,1.0,1,5,,,,6363,6363,6363.0,,,OPNKAGHI_01117,,,,,,,
group_1,,hypothetical protein,1,1,1.0,1,3,,,,8253,8253,8253.0,,,OPNKAGHI_01131,,,,,,,
group_0,,hypothetical protein,1,1,1.0,1,1,,,,13803,13803,13803.0,,,,KAHEJOMD_02819,,,,,,
