items	num_genomes_gene_cluster_has_hits	num_genes_in_gene_cluster	max_num_paralogs	SCG	functional_homogeneity_index	geometric_homogeneity_index	combined_homogeneity_index	AAI_min	AAI_max	AAI_avg
GC_00000001	37	308	14	0	0.443511276365644	0.82508837534549	0.576913288554582	0.19845644983462	1.0	0.800484460000206
GC_00000002	41	284	9	0	0.849887578619071	0.89130563077269	0.870103995651994	0.530612244897959	1.0	0.810628536489
GC_00000003	42	271	7	0	0.672695357273156	0.929899287064537	0.780657710731898	0.0554455445544554	1.0	0.588748729731522
GC_00000004	42	171	5	0	0.713995579056997	0.911216947700773	0.80063974588984	0.0293501048218029	1.0	0.583883188053992
GC_00000005	42	161	6	0	0.630232639772233	0.733694209356872	0.678039351808102	0.129396984924623	1.0	0.739307660195387
GC_00000006	42	148	6	0	0.731788772977049	0.9488095885871	0.826286899357434	0.146258503401361	1.0	0.645503375095212
GC_00000007	42	139	7	0	0.760350196538874	0.757087331553058	0.758715256063687	0.299212598425197	1.0	0.750154549417638
GC_00000008	21	139	13	0	0.493198919860551	0.742550307580022	0.592717359652484	0.0540540540540541	1.0	0.712209406297614
GC_00000009	42	134	4	0	0.871714564566096	1.0	0.931461004865535	0.712121212121212	1.0	0.847719706321434
GC_00000010	42	131	4	0	0.791026973736818	0.889820255392545	0.837520283336488	0.0192592592592593	1.0	0.642283203932059
GC_00000011	42	130	4	0	0.782998100213944	0.935579949516709	0.852515628469306	0.00422832980972516	1.0	0.644589086774052
GC_00000012	42	128	4	0	0.771684987020975	0.977197278126985	0.862366191156449	0.421686746987952	1.0	0.700220666129083
GC_00000013	42	127	4	0	0.775080244828396	0.750975715981385	0.762837611137361	0.166051660516605	1.0	0.648115480029941
GC_00000014	42	126	4	0	0.743009325026539	0.670823396699577	0.70507356568356	0.107011070110701	1.0	0.543981256955427
GC_00000015	42	126	3	0	0.752823178766936	0.975259278565971	0.849725413386965	0.492610837438424	1.0	0.685103448275862
GC_00000016	42	126	3	0	0.792530981019572	0.971263230544743	0.872841282599702	0.459893048128342	1.0	0.733328579916815
GC_00000017	42	123	4	0	0.750047900188431	0.931484740496258	0.830977831488663	0.048526863084922	1.0	0.652904869248141
GC_00000018	42	120	3	0	0.737959023086983	0.946323499490002	0.82925275996976	0.148876404494382	1.0	0.639286107701508
GC_00000019	42	118	3	0	0.791033705161999	0.944304392208049	0.860900366679145	0.452380952380952	1.0	0.709779736898381
GC_00000020	38	114	9	0	0.812612622533163	0.659202674837678	0.727912551714363	0.0033112582781457	1.0	0.621646971851477
GC_00000021	39	111	14	0	0.870904672147287	0.648392951014798	0.74335461573471	0.0288683602771363	1.0	0.577921213256086
GC_00000022	37	106	10	0	0.801168998963334	0.64240428982594	0.713056144508268	0.0169491525423729	1.0	0.526506972045827
GC_00000023	39	102	6	0	0.99963360160773	0.719515257863509	0.836753169648189	0.0127388535031847	1.0	0.632387255211096
GC_00000024	34	102	15	0	0.936258931596722	0.723857130085777	0.816470268417165	0.0669456066945607	1.0	0.730679097936867
GC_00000025	32	102	5	0	0.785760224507649	0.725799558638351	0.754590629496972	0.0535876475930972	1.0	0.660682096419291
GC_00000026	42	99	4	0	0.78037064554102	0.947115009407715	0.855695384995856	0.0823529411764706	1.0	0.686532794936156
GC_00000027	39	94	14	0	0.836403743915011	0.727363852547255	0.778082179008306	0.0289435600578871	1.0	0.485813119689997
GC_00000028	42	91	6	0	0.811257363820881	0.908602054603892	0.857174836133191	0.11328125	1.0	0.660670405982906
GC_00000029	42	88	3	0	0.840124982300172	0.976825033355208	0.903332625319245	0.478070175438596	1.0	0.802874479825478
GC_00000030	42	87	3	0	0.864845120265276	0.979340969066605	0.918538821079566	0.605442176870748	1.0	0.808107257872409
GC_00000031	42	87	3	0	0.844734574467887	0.898889901983948	0.870971231593474	0.472998137802607	1.0	0.738283363623285
GC_00000032	42	87	4	0	0.844553762600648	0.949349917350066	0.89389085231671	0.00689655172413793	1.0	0.756649061195144
GC_00000033	42	87	4	0	0.860016787441458	0.947219897832682	0.901514472534203	0.168724279835391	1.0	0.7738231563709
GC_00000034	42	87	3	0	0.8949987251085	0.944227850889569	0.918954449426127	0.0439814814814815	1.0	0.793724692348055
GC_00000035	42	87	3	0	0.858731221778445	0.906103018193324	0.881781341552776	0.0119940029985007	1.0	0.716200841038983
GC_00000036	42	87	3	0	0.840366226830904	0.936379972812331	0.885778852140312	0.027027027027027	1.0	0.730013293164857
GC_00000037	42	86	3	0	0.784407333627244	0.923041407355089	0.848096264083908	0.363013698630137	1.0	0.722073346700898
GC_00000038	42	86	3	0	0.850646120956001	0.979288077336679	0.910445419362201	0.46606334841629	1.0	0.7917846376686
GC_00000039	42	86	3	0	0.805497742066897	0.927428467896201	0.86217351035952	0.536842105263158	1.0	0.751819905440756
GC_00000040	42	86	3	0	0.808419261810411	0.882822589465957	0.843984301295533	0.041025641025641	1.0	0.666661054403872
GC_00000041	42	86	4	0	0.808855667393505	0.975973916475383	0.884590933167028	0.475054229934924	1.0	0.727675813300652
GC_00000042	40	86	7	0	0.97214352910833	0.644167782991379	0.774879860342766	0.011088295687885	1.0	0.535417433292977
GC_00000043	42	85	3	0	0.855044060169248	0.990722506527927	0.917896563700923	0.642007926023778	1.0	0.816134379775688
GC_00000044	42	85	3	0	0.832135873841226	0.955578398288917	0.889595253425442	0.0101449275362319	1.0	0.75580522063898
GC_00000045	42	85	3	0	0.804437212094389	0.987734759142741	0.886712445776083	0.513452914798206	1.0	0.74925135973672
GC_00000046	42	84	2	0	0.852025841463317	0.988545119600628	0.915222509938228	0.613496932515337	1.0	0.805388952831484
GC_00000047	42	84	2	0	0.97297175463233	0.998240519328062	0.985444178149662	0.890756302521008	1.0	0.960004483721199
GC_00000048	42	84	2	0	0.798502891571335	0.975983139817392	0.878367420744532	0.461764705882353	1.0	0.733104687658196
GC_00000049	42	84	2	0	0.866797493630793	0.967362266746544	0.914322957424824	0.607734806629834	1.0	0.805648798825927
GC_00000050	42	84	2	0	0.781510775750813	0.985643068552124	0.87178677917703	0.442307692307692	1.0	0.721512423319652
GC_00000051	42	84	2	0	0.955334157141386	1.0	0.977156925993707	0.871794871794872	1.0	0.946279623990467
GC_00000052	42	84	2	0	0.844153703327378	0.98339421744131	0.908469606788363	0.436619718309859	1.0	0.770728790413162
GC_00000053	42	84	2	0	0.801754349584223	0.874982101947308	0.836769195783668	0.422680412371134	1.0	0.783002407272684
GC_00000054	42	84	3	0	0.794951818100547	0.948561679790762	0.864989956019467	0.455414012738854	1.0	0.728723812447241
GC_00000055	42	84	2	0	0.838046081203577	0.941480230063343	0.886757124454655	0.527675276752767	1.0	0.76212070210203
GC_00000056	42	84	2	0	0.800397803449327	0.972153678804986	0.877954380361468	0.470031545741325	1.0	0.732324521158089
GC_00000057	42	84	2	0	0.835028872507629	0.922135627514152	0.876423207198544	0.469107551487414	1.0	0.734551150007024
GC_00000058	42	84	2	0	0.815594089782294	0.97450679059723	0.887996858250027	0.503125	1.0	0.750621234939759
GC_00000059	42	84	2	0	0.849392901344796	0.990874875682187	0.914695237325797	0.574209245742092	1.0	0.786821250940502
GC_00000060	42	84	2	0	0.830624639469798	0.990479864778084	0.90353626457387	0.514084507042254	1.0	0.775888934679025
GC_00000061	42	84	2	0	0.825643610311433	0.978233369185957	0.895484714137047	0.524271844660194	1.0	0.758534832812526
GC_00000062	42	84	2	0	0.811628467332905	0.993290861497769	0.893317642130305	0.532544378698225	1.0	0.764450871957823
GC_00000063	42	84	2	0	0.824204486176317	0.963378002606034	0.888373517433969	0.546875	1.0	0.774562535857717
GC_00000064	42	84	2	0	0.79481065156228	0.965519356241863	0.871887731537178	0.474916387959866	1.0	0.737754649750459
GC_00000065	42	84	3	0	0.813200144949235	0.938508324086616	0.871372284457089	0.109473684210526	1.0	0.711839840565269
GC_00000066	42	84	2	0	0.811350550439512	0.9836604897019	0.889235176740041	0.505464480874317	1.0	0.75112863632516
GC_00000067	42	84	2	0	0.843599503303328	0.889969850321622	0.866164508638037	0.49343339587242	1.0	0.793764713100593
GC_00000068	42	84	2	0	0.833313746527569	0.952426943432037	0.888897776690192	0.507002801120448	1.0	0.759007217344769
GC_00000069	42	84	2	0	0.828615508389406	0.967282271671496	0.892595447464672	0.553151458137347	1.0	0.772307075365027
GC_00000070	42	84	2	0	0.80959457366237	0.97466076932314	0.884492315640513	0.495016611295681	1.0	0.745205787554585
GC_00000071	42	84	2	0	0.819147094059501	0.986845936661595	0.895210521358441	0.526315789473684	1.0	0.761847964719602
GC_00000072	42	83	2	0	0.659580984401644	0.714522539054015	0.685953382174873	0.118	1.0	0.752781663238319
GC_00000073	42	83	6	0	0.884648166885787	0.897721597977459	0.89113693654411	0.0285714285714286	1.0	0.735941676112114
GC_00000074	42	83	3	0	0.819261846198139	0.983253114225192	0.893797587622811	0.537688442211055	1.0	0.765348192623417
GC_00000075	42	83	2	0	0.690252555936411	0.710846390309657	0.700398125491474	0.109185441941075	1.0	0.743755509844255
GC_00000076	42	83	12	0	0.970679888748125	0.690436288134912	0.806918418688851	0.0225225225225225	1.0	0.497165546386822
GC_00000077	36	83	8	0	0.772678774569765	0.79133133636039	0.781893829182421	0.153225806451613	1.0	0.664418492222233
GC_00000078	42	82	2	0	0.842375929662865	0.965648127429287	0.899809641226461	0.568807339449541	1.0	0.780537530145944
GC_00000079	42	82	2	0	0.68600921743765	0.720163279720852	0.702671470174467	0.0501930501930502	1.0	0.768164215318687
GC_00000080	42	82	2	0	0.823036513359243	0.995362458932446	0.901033997721631	0.56687898089172	1.0	0.780048600202916
GC_00000081	42	82	2	0	0.779723590950119	0.961223657748586	0.861012604128185	0.469026548672566	1.0	0.715460478105273
GC_00000082	42	82	2	0	0.823609446455152	1.0	0.903273941749026	0.558823529411765	1.0	0.781936301570714
GC_00000083	42	82	2	0	0.80557917253856	0.92755201302132	0.862273542085974	0.446428571428571	1.0	0.72217203653518
GC_00000084	42	82	2	0	0.909417076452755	0.993155196967087	0.94944334920449	0.769461077844311	1.0	0.884325297012118
GC_00000085	42	82	2	0	0.909853458131817	0.99266339025547	0.949456210230562	0.740667976424361	1.0	0.883724988745194
GC_00000086	38	82	3	0	0.705596796304829	0.69647455144012	0.701005998010577	0.036144578313253	1.0	0.697138690262405
GC_00000087	42	81	3	0	0.836545533858737	0.877688963306936	0.856623505810317	0.160919540229885	1.0	0.736460905349794
GC_00000088	42	81	2	0	0.87190680545839	0.988569272756681	0.926580337878401	0.666666666666667	1.0	0.831742550821498
GC_00000089	42	81	2	0	0.935751092451319	0.997875926999845	0.965815516051296	0.812006319115324	1.0	0.918263023423634
GC_00000090	40	80	2	0	0.831714589379359	0.995485534337143	0.906260711870191	0.570570570570571	1.0	0.782593036074049
GC_00000091	40	80	4	0	0.827110716684256	0.848046328327699	0.837447699000149	0.186335403726708	1.0	0.764140262599261
GC_00000092	40	80	2	0	0.914343126604002	0.988965180791047	0.950191318971942	0.774907749077491	1.0	0.888158017656126
GC_00000093	42	79	4	0	0.797895842355098	0.954563789440881	0.869226845558833	0.0119453924914676	1.0	0.697983789226715
GC_00000094	40	78	3	0	0.823662878635664	0.97467235382339	0.892827346299629	0.0119047619047619	1.0	0.737204065775494
GC_00000095	40	78	3	0	0.884243599328285	0.990610989941667	0.934409988159409	0.334677419354839	1.0	0.836631110824659
GC_00000096	40	78	2	0	0.808793679914321	0.989241434059137	0.889962841724814	0.541547277936963	1.0	0.768463628062482
GC_00000097	40	78	2	0	0.815898535227046	0.979034795218274	0.890053175575854	0.530280649926145	1.0	0.76119301673216
GC_00000098	35	78	5	0	0.976793206020826	0.619078634099792	0.757845070736539	0.0798816568047337	1.0	0.564505514209656
GC_00000099	42	77	2	0	0.896250623220657	0.972954938558311	0.933028970038574	0.684542586750789	1.0	0.843134866130051
GC_00000100	42	76	2	0	0.818191494718378	0.924356193246937	0.868039802443507	0.275	1.0	0.724543859649123
GC_00000101	42	76	4	0	0.903603877461411	0.949982880813145	0.926213149498094	0.0	1.0	0.815168810916179
GC_00000102	19	76	9	0	0.475886757008508	0.733510024929075	0.577259196005935	0.0263653483992467	1.0	0.668791753394786
GC_00000103	42	74	3	0	0.875543276749846	0.969958111502044	0.92033558864891	0.591240875912409	1.0	0.839116088391161
GC_00000104	37	73	2	0	0.790552052482405	0.699121561910074	0.742030979622491	0.21025641025641	1.0	0.722246289141266
GC_00000105	36	72	2	0	0.809650646696972	0.984818978383967	0.888685226635771	0.429054054054054	1.0	0.754760922894726
GC_00000106	40	72	3	0	0.903494574174807	0.998255488627758	0.948514145214502	0.704453441295547	1.0	0.880946950257551
GC_00000107	42	71	3	0	0.867810258699228	0.968355667775718	0.915330113089075	0.647058823529412	1.0	0.813690969345485
GC_00000108	39	71	3	0	0.659548997973592	0.68379768808932	0.671454487028598	0.0588235294117647	1.0	0.660731447508581
GC_00000109	37	70	5	0	0.620120733228124	0.729629783848876	0.670432870105922	0.116666666666667	1.0	0.750653324131585
GC_00000110	41	70	2	0	0.788662802399066	0.657950941041539	0.717401497608858	0.172413793103448	1.0	0.61944027986007
GC_00000111	36	68	5	0	0.836163121818457	0.87640788895263	0.855812637028116	0.0177514792899408	1.0	0.685177488817659
GC_00000112	40	68	2	0	0.831422960705528	0.991369607937851	0.904378774375425	0.558904109589041	1.0	0.786676608897495
GC_00000113	34	68	3	0	0.704588139113527	0.660508940882729	0.681836877895431	0.0423280423280423	1.0	0.653188306831854
GC_00000114	39	68	6	0	0.942824729590467	0.854058728429275	0.896249209810314	0.0679611650485437	1.0	0.868471747487576
GC_00000115	42	67	2	0	0.82033478615892	0.673655226545947	0.739794525417055	0.0394088669950739	1.0	0.583467570343535
GC_00000116	39	67	2	0	0.836185039860783	0.965467886697167	0.896187929896729	0.02	1.0	0.756422433288105
GC_00000117	39	66	6	0	0.86414521414089	0.792179511536878	0.82659894285517	0.0227272727272727	1.0	0.778311082856537
GC_00000118	40	66	2	0	0.986389307722174	0.569885600494371	0.722403297752406	0.0124333925399645	1.0	0.506494926033114
GC_00000119	35	65	9	0	0.873722961730449	0.681390823125746	0.765663341004245	0.126050420168067	1.0	0.605904573367809
GC_00000120	42	64	2	0	0.822205313550187	0.993406147844843	0.89973414537037	0.501587301587302	1.0	0.773371756109851
GC_00000121	42	64	8	0	0.970358608515246	0.704268889127088	0.816173603068231	0.0711538461538462	1.0	0.550240384615385
GC_00000122	38	64	3	0	0.894418450848917	0.655117840121624	0.756290107046239	0.0117801047120419	1.0	0.496895256793817
GC_00000123	42	63	2	0	0.945179420340081	0.621473937958919	0.749884297409933	0.134868421052632	1.0	0.571871547147438
GC_00000124	42	63	2	0	0.894621921401505	0.666397690868145	0.763826383648283	0.190265486725664	1.0	0.554545083805718
GC_00000125	42	63	2	0	0.931942111003036	0.673561166677196	0.781960428595072	0.15530303030303	1.0	0.556484584710391
GC_00000126	42	63	2	0	0.988039138479256	0.634928992879142	0.773070873048801	0.0401459854014599	1.0	0.554125975011306
GC_00000127	42	63	2	0	0.829146657927761	0.689598431123763	0.752961426641489	0.085427135678392	1.0	0.572883619325506
GC_00000128	42	62	2	0	0.96924007031087	0.987159819321397	0.978117876368292	0.746987951807229	1.0	0.948271138493689
GC_00000129	42	62	2	0	0.877313374707272	0.981825887874475	0.926632017732716	0.669014084507042	1.0	0.84977394775847
GC_00000130	40	62	2	0	0.861939370292496	0.688451358374917	0.765488749825961	0.0538461538461538	1.0	0.569485687941531
GC_00000131	42	62	2	0	0.868818395342043	0.987205396570081	0.924236221818467	0.595813204508857	1.0	0.818966185278005
GC_00000132	42	62	2	0	0.886047446299543	0.65166821317014	0.750995741713551	0.15609756097561	1.0	0.570084224374766
GC_00000133	42	62	2	0	0.864502518034572	0.681787873910744	0.762350121078835	0.120689655172414	1.0	0.56628494319736
GC_00000134	40	61	2	0	0.841117380142098	0.984253610383805	0.907073490767935	0.540322580645161	1.0	0.797148774898643
GC_00000135	40	61	2	0	0.846231309843875	0.990267727691216	0.912601138550004	0.568376068376068	1.0	0.803976927747419
GC_00000136	35	61	6	0	0.820556870613589	0.919392836908874	0.86716771853448	0.0108695652173913	1.0	0.694078165835115
GC_00000137	40	60	2	0	0.959093407755085	0.634922314591847	0.764044918534505	0.100502512562814	1.0	0.549799846691083
GC_00000138	20	60	3	0	0.893562095396958	0.600889572325005	0.71856742770059	0.208955223880597	1.0	0.529471287629648
GC_00000139	37	59	2	0	0.961305534308268	0.59398173911164	0.734266836544617	0.0964467005076142	1.0	0.533588277701466
GC_00000140	40	59	3	0	0.957816739848609	0.689155637737235	0.801573620989721	0.0388349514563107	1.0	0.539008890764805
GC_00000141	42	58	5	0	1.0	0.872238155036656	0.931759832679597	0.8515625	1.0	0.994881465517241
GC_00000142	35	57	2	0	0.842099590956965	0.767493942324691	0.80306775782812	0.045643153526971	1.0	0.720743768134028
GC_00000143	34	57	2	0	0.812880743637587	0.929493545183714	0.867284841222501	0.415094339622642	1.0	0.744266326192841
GC_00000144	34	57	6	0	0.852815807551116	0.741154508732506	0.793074092318788	0.0802005012531328	1.0	0.597816596629418
GC_00000145	29	56	4	0	0.655856232160794	0.77875673916839	0.712042161793071	0.166253101736973	1.0	0.805112629306178
GC_00000146	42	56	3	0	0.792664205277049	0.734971707573242	0.762728552771007	0.214689265536723	1.0	0.786263359992173
GC_00000147	41	56	4	0	0.965020217131738	0.727938107615009	0.829878657260139	0.0116235470566179	1.0	0.56819837455383
GC_00000148	29	55	5	0	0.997992836238151	0.934458176967103	0.965181067985269	0.0	1.0	0.90080335518932
GC_00000149	37	55	3	0	0.709605318015472	0.733329612887624	0.721272431650949	0.165745856353591	1.0	0.798355562996447
GC_00000150	30	54	5	0	0.994998772964602	0.963404367080106	0.978946717877057	0.0114942528735632	1.0	0.944440428283412
GC_00000151	34	54	2	0	0.920546332156361	0.970541393049086	0.944882997937285	0.746543778801843	1.0	0.8870581302109
GC_00000152	33	54	2	0	0.833787606726111	0.989904764439056	0.905163982126088	0.55	1.0	0.780112721417069
GC_00000153	38	54	6	0	0.819910136007298	0.659536329407254	0.731030874300046	0.193426042983565	1.0	0.581219007333551
GC_00000154	42	53	11	0	0.969799986613716	0.83881264263109	0.899562987055685	0.0303830911492734	1.0	0.68907708029365
GC_00000155	28	53	3	0	0.836628681971937	0.994615495407659	0.908807095493399	0.519083969465649	1.0	0.785849610565151
GC_00000156	42	53	4	0	0.921815971761031	0.915545662860444	0.918670118063249	0.0262773722627737	1.0	0.788521394594938
GC_00000157	42	52	3	0	0.913302807827674	0.943305896717662	0.928061924953239	0.0238095238095238	1.0	0.824313486078192
GC_00000158	42	52	4	0	0.981795523206772	0.706962692847664	0.822015609237062	0.147260273972603	1.0	0.788918676005703
GC_00000159	42	51	2	0	0.888876976809564	0.977537091988134	0.931101227291281	0.480712166172107	1.0	0.846197707569675
GC_00000160	42	51	2	0	0.895713643136862	0.893183931886294	0.894446998857185	0.545454545454545	1.0	0.874862557463177
GC_00000161	35	51	4	0	0.963657577832027	0.734823868941516	0.83382552223045	0.141414141414141	1.0	0.758708655179243
GC_00000162	42	51	2	0	0.91952487605754	0.998654065504319	0.957457342389038	0.641274238227147	1.0	0.893749388952257
GC_00000163	26	51	2	0	0.885855222592182	1.0	0.939473202375036	0.726415094339623	1.0	0.861235664076952
GC_00000164	39	51	3	0	0.88613718103501	0.96373050243651	0.923306502769867	0.0146750524109015	1.0	0.804474041188803
GC_00000165	40	51	11	0	0.979049290613596	0.802255494790853	0.881879035526766	0.00302114803625378	1.0	0.669585925004443
GC_00000166	31	51	6	0	0.86904687493489	0.61954884884571	0.723389140997195	0.100208768267223	1.0	0.578389618895575
GC_00000167	42	50	3	0	0.913380008075391	0.956347280091719	0.934369939339497	0.0969162995594714	1.0	0.853032455272858
GC_00000168	39	50	5	0	0.904445280165062	0.852431690284084	0.877668535598671	0.0668604651162791	1.0	0.697985287138111
GC_00000169	42	50	2	0	0.908469175620276	0.99698927706676	0.950673078556867	0.569491525423729	1.0	0.879358007609824
GC_00000170	37	50	4	0	0.926086453871411	0.940511871491981	0.933243421531953	0.368686868686869	1.0	0.867367553081839
GC_00000171	41	50	3	0	0.766375789675196	0.845633021724818	0.804055995496619	0.184	1.0	0.658671020408163
GC_00000172	42	49	2	0	0.923646121631812	0.929793523422028	0.926709627819779	0.5875	1.0	0.904634353741496
GC_00000173	42	49	2	0	0.907812570777763	0.992368453706875	0.948209192187599	0.524271844660194	1.0	0.879224181582018
GC_00000174	41	49	4	0	0.998626147698797	0.830993467968875	0.907130420524912	0.0	1.0	0.732473544973545
GC_00000175	41	49	2	0	0.905489012831063	0.979180093089868	0.940893882210186	0.526315789473684	1.0	0.887450769781597
GC_00000176	40	49	10	0	0.995191616688226	0.829510579730707	0.904829266411053	0.0336749633967789	1.0	0.692916405215088
GC_00000177	42	49	3	0	0.963649879005125	0.939224520135399	0.951280437212173	0.0626349892008639	1.0	0.869774907803294
GC_00000178	39	48	4	0	0.865540514974365	0.935446458922417	0.899136775025957	0.0514705882352941	1.0	0.768975542344597
GC_00000179	42	48	3	0	0.969285274919188	0.848631991336477	0.904954816477454	0.0298507462686567	1.0	0.781787869164814
GC_00000180	42	48	2	0	0.914722999844088	0.781671788466572	0.842979674503334	0.010752688172043	1.0	0.636029131396324
GC_00000181	28	48	2	0	0.833672114762592	0.689367759678818	0.754683692403483	0.149625935162095	1.0	0.738744893086433
GC_00000182	42	48	4	0	0.884014830458638	0.714777204759531	0.790438825766319	0.104792851340374	1.0	0.698092567306751
GC_00000183	42	48	2	0	0.985379318712652	0.832509752793219	0.902516997199926	0.00252525252525253	1.0	0.760862167777061
GC_00000184	42	47	2	0	0.980875167514617	0.881086702219797	0.928306944070791	0.0199203187250996	1.0	0.81633134437274
GC_00000185	42	47	2	0	0.990763574993622	0.865446822503066	0.923874997130048	0.0139275766016713	1.0	0.788986263106223
GC_00000186	39	47	3	0	0.927280568171098	0.857432566863471	0.890989753100195	0.06640625	1.0	0.741681602682701
GC_00000187	42	47	2	0	0.987430513076677	0.851378843862471	0.914371514855815	0.0129659643435981	1.0	0.78252473473598
GC_00000188	40	47	8	0	0.996516964827417	0.85432635311471	0.919959778469555	0.0514905149051491	1.0	0.750149791044626
GC_00000189	42	47	2	0	0.975827850069015	0.907545034538561	0.940448625051859	0.187692307692308	1.0	0.830205650039137
GC_00000190	41	47	2	0	0.978231249788618	0.851681270821799	0.910580396159757	0.00413223140495868	1.0	0.777308659719727
GC_00000191	20	47	6	0	0.929936448766028	0.634636081098757	0.754418490994178	0.0689655172413793	1.0	0.561006730677215
GC_00000192	42	46	3	0	0.994212017962568	0.888194427812422	0.938217754619876	0.252931323283082	1.0	0.824564044052792
GC_00000193	42	46	2	0	0.995873493975904	0.874416687760015	0.931201383116023	0.0474137931034483	1.0	0.831034482758621
GC_00000194	42	46	2	0	0.987360370079633	0.846732181775321	0.91165497565592	0.0517241379310345	1.0	0.797791104447776
GC_00000195	40	46	2	0	0.927924988541642	0.88571058583037	0.906326493394285	0.533613445378151	1.0	0.903515609142208
GC_00000196	42	46	2	0	0.906985091850838	0.955418239779635	0.930571896264663	0.277227722772277	1.0	0.851312957382695
GC_00000197	42	46	2	0	0.993498414823014	0.868680898046544	0.926906543566277	0.103825136612022	1.0	0.824191547213643
GC_00000198	42	46	2	0	0.981712246553123	0.87886832814369	0.92744792951192	0.0841750841750842	1.0	0.822993217196116
GC_00000199	42	46	2	0	0.991861604451022	0.877531909652364	0.931200628758174	0.00440528634361234	1.0	0.829462214560855
GC_00000200	42	46	2	0	0.993474322802086	0.87840193040933	0.932401125837555	0.0333333333333333	1.0	0.82846728151076
GC_00000201	42	46	2	0	0.993349570336201	0.875184321989753	0.93053058741291	0.00369685767097967	1.0	0.831491155223374
GC_00000202	41	46	2	0	0.941551040346123	0.896579251010863	0.918515004634214	0.0708661417322835	1.0	0.854988778576591
GC_00000203	40	46	2	0	0.992282581339682	0.826621116187766	0.901907820711666	0.0021551724137931	1.0	0.761427619523572
GC_00000204	42	46	3	0	0.996739125031689	0.890274112223226	0.940503248346707	0.256959314775161	1.0	0.833377815018258
GC_00000205	42	46	2	0	0.984133822489987	0.814854912837882	0.891530073977631	0.225641025641026	1.0	0.784818530905487
GC_00000206	42	46	2	0	0.991572990720107	0.900489517911631	0.943838885147038	0.0180722891566265	1.0	0.82691636109656
GC_00000207	42	46	2	0	0.954506522293966	0.84235816032449	0.894932563275273	0.0561370123691722	1.0	0.767639744986371
GC_00000208	35	46	11	0	0.867948279383069	0.785672400681145	0.824763522313332	0.0507425742574257	1.0	0.566747979145741
GC_00000209	42	46	2	0	0.923512455189036	0.850428382863607	0.885464934313108	0.0378927911275416	1.0	0.751556877137525
GC_00000210	42	46	2	0	0.98676587697664	0.875048410764802	0.927555361596041	0.0951086956521739	1.0	0.808790170132325
GC_00000211	42	45	2	0	0.958588265901056	0.992996171763294	0.97548890016377	0.547945205479452	1.0	0.941248097412481
GC_00000212	42	45	4	0	0.996827844361896	0.893429130330088	0.942300487183428	0.108626198083067	1.0	0.855771775260593
GC_00000213	42	45	3	0	0.994172145276665	0.966817719517499	0.980304144922336	0.00431965442764579	1.0	0.947337303924777
GC_00000214	42	45	2	0	0.960894806740911	0.965943256163506	0.963412417808316	0.159645232815965	1.0	0.904085197876772
GC_00000215	42	45	3	0	0.993256317828896	0.830120820705723	0.904390794753417	0.134986225895317	1.0	0.866015527172552
GC_00000216	42	45	2	0	0.982411547165645	1.0	0.991127748998687	0.836065573770492	1.0	0.974325219407187
GC_00000217	42	45	3	0	0.954008616172926	0.958082293156701	0.956041115215239	0.545150501672241	1.0	0.939988513901557
GC_00000218	42	45	2	0	0.993073535410718	0.926863476738117	0.95882686136376	0.00359281437125748	1.0	0.868161858101978
GC_00000219	42	45	2	0	0.983988972537377	0.865510093963354	0.92095465578262	0.0229885057471264	1.0	0.813102287240218
GC_00000220	42	45	2	0	0.99110040947367	0.899475603025646	0.943067755622036	0.00228310502283105	1.0	0.843229094598958
GC_00000221	42	45	2	0	0.979329592482953	0.90251319331888	0.939353578834551	0.151658767772512	1.0	0.848886974005457
GC_00000222	42	45	2	0	0.995860974189241	0.907043070455097	0.94937923782052	0.0243161094224924	1.0	0.863281753707286
GC_00000223	42	45	2	0	0.989504849783849	0.901708478869693	0.943568765526855	0.0155763239875389	1.0	0.857896724251864
GC_00000224	40	45	6	0	0.996380568621344	0.888387037144608	0.939289892841987	0.0830670926517572	1.0	0.821663923580856
GC_00000225	38	45	3	0	0.86646757185355	0.952550791714879	0.907472280758334	0.588235294117647	1.0	0.832376048062322
GC_00000226	42	45	2	0	0.997929199022932	0.918606841106838	0.956626507373857	0.0	1.0	0.864272664272664
GC_00000227	42	45	2	0	0.977370387165036	0.923026423839391	0.949421392424514	0.0448877805486284	1.0	0.881760245850021
GC_00000228	42	45	2	0	0.978720106431759	0.86110578184442	0.916153585865037	0.111688311688312	1.0	0.875266955266955
GC_00000229	42	45	2	0	0.934043746141343	0.995906668316257	0.96398372550177	0.642857142857143	1.0	0.916246314072401
GC_00000230	42	45	2	0	0.994591625181844	0.898166637472994	0.943922986124383	0.0323699421965318	1.0	0.855742395048753
GC_00000231	42	45	3	0	0.953370188419295	0.947874796429111	0.950614550435305	0.0148148148148148	1.0	0.900224466891134
GC_00000232	42	45	2	0	0.983977405048118	0.776314299339441	0.867896755818137	0.00224215246636771	1.0	0.785127055306428
GC_00000233	42	45	3	0	0.969075176919853	0.910535542406005	0.938893764306034	0.00506329113924051	1.0	0.834018667689554
GC_00000234	42	45	2	0	0.996602173400907	0.906442429626993	0.949386571383284	0.0	1.0	0.868963068181818
GC_00000235	37	45	3	0	0.933721906437692	0.874016411014247	0.90288319019575	0.0449826989619377	1.0	0.764410541400161
GC_00000236	42	45	2	0	0.984795537083271	0.866064749497599	0.921621914213686	0.00727802037845706	1.0	0.826840456971461
GC_00000237	40	45	2	0	0.96379140420791	0.816732216431516	0.884188764037495	0.0271604938271605	1.0	0.733118842748472
GC_00000238	42	45	2	0	0.992633335637473	0.902525649914941	0.945437351908826	0.030812324929972	1.0	0.854715219421102
GC_00000239	36	45	3	0	0.914643420417995	0.912685852123598	0.913663587725883	0.203125	1.0	0.809106691919192
GC_00000240	42	45	2	0	0.950953655432517	0.91259976646108	0.931382029264494	0.126865671641791	1.0	0.890833710236695
GC_00000241	42	45	2	0	0.982509078010212	0.90108578365255	0.94003756383477	0.029673590504451	1.0	0.845259718850223
GC_00000242	42	44	2	0	0.977924130165309	0.918319787729426	0.947185191898654	0.358695652173913	1.0	0.942345918742531
GC_00000243	40	44	2	0	0.946719598829921	0.987570925744494	0.96671388166225	0.548780487804878	1.0	0.928066828236993
GC_00000244	42	44	2	0	0.99814436568011	0.933113781375697	0.964534197397175	0.0	1.0	0.90901800685281
GC_00000245	42	44	2	0	0.996533197237789	0.933105188281136	0.963776740362579	0.0720338983050847	1.0	0.900387895510087
GC_00000246	42	44	2	0	0.984152509758645	1.0	0.992012967670876	0.787234042553192	1.0	0.980635149116099
GC_00000247	42	44	3	0	0.996103445853101	0.94333738568743	0.969002616840768	0.104477611940299	1.0	0.908977312170648
GC_00000248	42	44	2	0	0.973994282590118	0.885411780283174	0.927592986763877	0.0953307392996109	1.0	0.883613988038927
GC_00000249	42	44	3	0	0.996179991511092	0.957726976489482	0.9765751050937	0.08203125	1.0	0.92458996762685
GC_00000250	42	44	2	0	0.965198472789929	0.998320556921882	0.981480151009504	0.532258064516129	1.0	0.95407658732865
GC_00000251	42	44	2	0	0.966378044263949	0.978771588069691	0.972535333361613	0.521276595744681	1.0	0.958470154289056
GC_00000252	42	44	2	0	0.994524417686464	0.931090426108089	0.961762594241182	0.110759493670886	1.0	0.897238873872668
GC_00000253	42	44	2	0	0.997582981995963	0.932381765404032	0.963881006783634	0.0118110236220472	1.0	0.907197316508798
GC_00000254	42	44	3	0	0.98519924049078	0.907440755626463	0.944722657312151	0.0726072607260726	1.0	0.92120723700277
GC_00000255	42	44	2	0	0.984487691184267	0.93323126213757	0.958174490596076	0.134185303514377	1.0	0.885429823909651
GC_00000256	42	44	2	0	0.963954802259887	0.876397701357757	0.918093431831857	0.122137404580153	1.0	0.802599938673079
GC_00000257	42	44	2	0	0.996554503448573	0.925923416173015	0.959941480542291	0.0361757105943152	1.0	0.885854215491857
GC_00000258	42	44	2	0	0.989801466348134	0.938134208876897	0.963275515371451	0.0428571428571429	1.0	0.906229235880399
GC_00000259	42	44	2	0	0.982648982727099	0.85777847944867	0.91597758407599	0.168831168831169	1.0	0.90005765904286
GC_00000260	42	44	2	0	0.98735019789483	0.927424084525793	0.956449396459797	0.0594405594405594	1.0	0.892754180280607
GC_00000261	42	44	2	0	0.979447524253496	0.93806842439255	0.958311503484929	0.0136054421768707	1.0	0.889301175015461
GC_00000262	42	44	2	0	0.993452534901231	0.930294280895952	0.9608366381386	0.0970588235294118	1.0	0.896922024623803
GC_00000263	42	44	2	0	0.991826827869864	0.938927517645924	0.964652498221056	0.0107238605898123	1.0	0.903108332530366
GC_00000264	42	44	2	0	0.995806946906932	0.93755938451749	0.965805737966324	0.00380952380952381	1.0	0.906330413772274
GC_00000265	42	44	2	0	0.981280884210169	0.911683790596663	0.945202927516926	0.0283687943262411	1.0	0.888237896031068
GC_00000266	42	44	2	0	0.993523661937095	0.859061550308272	0.921412922493511	0.212189616252822	1.0	0.875362104429247
GC_00000267	42	44	2	0	0.980027375674861	0.925689061154178	0.95208353536937	0.12037037037037	1.0	0.877799310938846
GC_00000268	42	44	2	0	0.996281178911331	0.941635858713573	0.96818807535137	0.0021551724137931	1.0	0.906917511117591
GC_00000269	42	44	2	0	0.9968838808664	0.933559485460963	0.964183067081125	0.00943396226415094	1.0	0.906837129522518
GC_00000270	42	44	2	0	0.995526202909032	0.905271087703481	0.948255863995225	0.0601719197707736	1.0	0.873231885726055
GC_00000271	42	44	2	0	0.995128591569838	0.943372126222517	0.968559430159174	0.0436974789915966	1.0	0.90874091708565
GC_00000272	39	44	2	0	0.971402055606785	0.841138017115066	0.901589113721049	0.00700934579439252	1.0	0.755427426843967
GC_00000273	42	44	2	0	0.982951655783976	0.918228669569281	0.949488461567932	0.0	1.0	0.876372918063219
GC_00000274	40	44	2	0	0.910147155544258	0.894574846673451	0.90229381713169	0.484848484848485	1.0	0.895642471223867
GC_00000275	42	44	2	0	0.990951388493835	0.932366816000537	0.960766854639327	0.0	1.0	0.898905332393704
GC_00000276	42	44	2	0	0.971097855905697	0.981203288134979	0.976124418329641	0.627388535031847	1.0	0.961036075463568
GC_00000277	40	44	3	0	0.994322973435746	0.857874349610447	0.921072677867857	0.0421940928270042	1.0	0.788825478809288
GC_00000278	42	44	2	0	0.97997817032471	0.9122227790172	0.944887391818198	0.164705882352941	1.0	0.84239936989595
GC_00000279	42	44	2	0	0.990022025128898	0.935937898247894	0.962220576006228	0.077120822622108	1.0	0.893555329706463
GC_00000280	42	44	2	0	0.980427609620263	0.989806694514217	0.985094828013379	0.642398286937901	1.0	0.965962850455655
GC_00000281	42	44	3	0	0.983564197640866	0.963502433394673	0.973429961482973	0.00925925925925926	1.0	0.930783937566883
GC_00000282	42	44	2	0	0.984389362220782	0.928685247849355	0.955726320366313	0.00508646998982706	1.0	0.888708466768038
GC_00000283	42	44	2	0	0.978621149791099	0.945317097112578	0.961680870976324	0.0376175548589342	1.0	0.928419943401353
GC_00000284	42	44	3	0	0.976305427152885	0.947743948929945	0.96181269814957	0.0627177700348432	1.0	0.928541962858469
GC_00000285	42	44	2	0	0.996676258885578	0.933368648543948	0.963984173850979	0.0683060109289618	1.0	0.901581580193856
GC_00000286	42	44	2	0	0.98964151647735	0.922614908710165	0.954953535889943	0.0909090909090909	1.0	0.883162939495204
GC_00000287	42	44	2	0	0.986905121456616	1.0	0.993409409235513	0.959183673469388	1.0	0.986905121456616
GC_00000288	42	44	2	0	0.987910193985379	0.926850444489254	0.956406752898628	0.0177865612648221	1.0	0.889595467497848
GC_00000289	42	44	2	0	0.984501129022891	0.931179219085503	0.95709808102125	0.00436681222707424	1.0	0.885207308178772
GC_00000290	42	44	3	0	0.983825969730113	0.933765380709965	0.958142235014317	0.0515826494724502	1.0	0.887249082333463
GC_00000291	41	44	2	0	0.934484769434605	0.938444606711363	0.936460502033869	0.609289617486339	1.0	0.919774373548678
GC_00000292	42	44	2	0	0.991991910317956	0.948065456478338	0.969531395694199	0.0551724137931034	1.0	0.901109329056402
GC_00000293	42	44	2	0	0.980770761475192	0.939044772388796	0.959454322802981	0.0	1.0	0.891772878284506
GC_00000294	42	44	2	0	0.988245739185982	0.919438490575023	0.952601228839839	0.0464285714285714	1.0	0.894495620658411
GC_00000295	41	44	2	0	0.957491057535266	0.955551083265508	0.95652008675761	0.441037735849057	1.0	0.888345665961945
GC_00000296	42	44	2	0	0.990219661852207	0.933143053260113	0.960834471208937	0.115555555555556	1.0	0.899083861874559
GC_00000297	42	44	2	0	0.966494049457206	1.0	0.982961580508193	0.606741573033708	1.0	0.958821293678884
GC_00000298	42	44	2	0	0.995903329610227	0.932655437273223	0.963242262884715	0.00485436893203883	1.0	0.905630589024132
GC_00000299	42	44	2	0	0.980725521592333	0.97762311990817	0.979171863349152	0.427385892116183	1.0	0.962054687568535
GC_00000300	42	44	2	0	0.988618057836375	0.931106455847088	0.95900078314074	0.0481927710843374	1.0	0.89454435076458
GC_00000301	42	44	2	0	0.978696599216676	0.934936822460678	0.956316375183989	0.0155210643015521	1.0	0.885293662661785
GC_00000302	37	44	3	0	0.885063367604017	0.86152397537107	0.873135047016535	0.0609981515711645	1.0	0.741241456389976
GC_00000303	42	44	2	0	0.992678965945199	0.937274129074835	0.964181270164533	0.0132075471698113	1.0	0.900664166899358
GC_00000304	41	44	2	0	0.985194994450516	0.713576172546735	0.827670832905464	0.170875420875421	1.0	0.761694641980054
GC_00000305	42	44	2	0	0.994613404543047	0.938802016935481	0.965902164514671	0.00130208333333333	1.0	0.904550134337562
GC_00000306	42	44	2	0	0.982816279147953	0.93184370584423	0.956651489981397	0.0	1.0	0.875676532769556
GC_00000307	42	44	2	0	0.967445620051723	0.881564009907551	0.922510328082043	0.0299625468164794	1.0	0.834109318953845
GC_00000308	42	44	2	0	0.983135035883932	0.939730573209174	0.960942924398098	0.0578512396694215	1.0	0.882495675571785
GC_00000309	42	44	2	0	0.976800769826104	0.938309568920637	0.957168358097495	0.00883652430044183	1.0	0.882101834870955
GC_00000310	42	44	2	0	0.988969465246837	0.937201818771729	0.962389990162584	0.00338983050847458	1.0	0.895689253592289
GC_00000311	32	44	3	0	0.853416483812603	0.843304686856484	0.848330454149924	0.232142857142857	1.0	0.760589700996678
GC_00000312	38	43	2	0	0.942535822733442	0.984171624301424	0.962903852423906	0.353488372093023	1.0	0.91446856730794
GC_00000313	42	43	2	0	0.983147387775981	0.946756551466737	0.964608871464928	0.535353535353535	1.0	0.973114310323613
GC_00000314	42	43	2	0	0.996356194469402	0.978608538344808	0.987402623388741	0.209150326797386	1.0	0.962181254930913
GC_00000315	42	43	2	0	0.984227203105452	0.974139455100802	0.979157347589558	0.537444933920705	1.0	0.97809065230436
GC_00000316	42	43	2	0	0.982209838945406	0.98615637357709	0.984179149900003	0.524725274725275	1.0	0.977398293843477
GC_00000317	42	43	2	0	0.998568414707655	0.885954578039617	0.938896752017133	0.136752136752137	1.0	0.946829656131982
GC_00000318	42	43	2	0	0.981676295462106	0.91993630912016	0.949804040867245	0.433962264150943	1.0	0.972811801333083
GC_00000319	42	43	2	0	0.97541167875007	0.99949582014178	0.987306895513044	0.559782608695652	1.0	0.970003370407819
GC_00000320	42	43	2	0	0.986482397837184	0.978557393034864	0.982503914665199	0.566810344827586	1.0	0.978997212357276
GC_00000321	42	43	2	0	0.988881195989435	0.99967700258398	0.994249794275642	0.784722222222222	1.0	0.986049587793774
GC_00000322	42	43	2	0	0.982365863200024	0.995296931532997	0.98878912207856	0.547667342799189	1.0	0.976018635200672
GC_00000323	42	43	2	0	0.983757190241378	0.761435571349013	0.858435508909078	0.35799522673031	1.0	0.968965817997288
GC_00000324	42	43	2	0	0.982180439688617	0.953064456590339	0.967403421474323	0.118279569892473	1.0	0.934477667035807
GC_00000325	42	43	2	0	0.984452492109894	0.96440019095683	0.974323179610189	0.0748663101604278	1.0	0.928373040548143
GC_00000326	40	43	2	0	0.975551865507116	0.936953068541724	0.95586296028364	0.00255754475703325	1.0	0.880619588583664
GC_00000327	42	43	2	0	0.993256161574026	1.0	0.996616672479944	0.901345291479821	1.0	0.992282824069246
GC_00000328	42	43	2	0	0.998161179392473	0.968228502240256	0.98296702097733	0.0	1.0	0.950097847358121
GC_00000329	42	43	2	0	0.985959537114952	0.998571961813413	0.992225671174455	0.638132295719844	1.0	0.979855302902991
GC_00000330	42	43	2	0	0.987761864921174	0.972447445618702	0.980044832209892	0.128048780487805	1.0	0.952070334656835
GC_00000331	42	43	2	0	0.996681597048291	0.964728014393461	0.980444525706308	0.0502092050209205	1.0	0.948257088181191
GC_00000332	42	43	2	0	0.994800469905659	0.785469602686415	0.877828079996154	0.137931034482759	1.0	0.931524547803618
GC_00000333	42	43	2	0	0.995568676540307	0.96494639251342	0.980018381996535	0.0501930501930502	1.0	0.947874310000556
GC_00000334	42	43	2	0	0.993463876042851	0.965048911120147	0.979050265177117	0.0463320463320463	1.0	0.943239395066638
GC_00000335	42	43	2	0	0.985819921559154	0.870308625624093	0.9244700021957	0.167300380228137	1.0	0.913676001835874
GC_00000336	42	43	2	0	0.995580782606486	0.991999505900571	0.993786917832207	0.943775100401606	1.0	0.994035944442221
GC_00000337	42	43	2	0	0.984299549529272	0.972968162048042	0.978601054874022	0.588932806324111	1.0	0.979002797000775
GC_00000338	42	43	2	0	0.992170418438548	0.970278250748972	0.981102225156282	0.0707831325301205	1.0	0.942704372306502
GC_00000339	42	43	2	0	0.994016327750384	0.967129145059396	0.980388425602075	0.0175438596491228	1.0	0.945612092246119
GC_00000340	42	43	2	0	0.985466405524749	0.960259340417679	0.972699592988761	0.0141843971631206	1.0	0.934418761731973
GC_00000341	42	43	2	0	0.987289753062166	0.963651715276493	0.975327532325649	0.0864197530864197	1.0	0.936097781059021
GC_00000342	42	43	2	0	0.991442273730097	0.999888193202143	0.995647322437058	0.853365384615385	1.0	0.989194671607462
GC_00000343	42	43	2	0	0.97122194045271	0.974844640912293	0.973029918763281	0.56198347107438	1.0	0.963775477517549
GC_00000344	42	43	2	0	0.975423090825581	0.954343440129327	0.964768134536393	0.268965517241379	1.0	0.916301981899416
GC_00000345	42	43	2	0	0.987901911939373	0.964676133013502	0.976150887970596	0.0108695652173913	1.0	0.941216476479368
GC_00000346	42	43	2	0	0.997749856286442	0.962425278543967	0.979769272949952	0.137931034482759	1.0	0.943555538583606
GC_00000347	42	43	2	0	0.959148686724567	0.921271153929461	0.939828434379135	0.558219178082192	1.0	0.948527738588268
GC_00000348	41	43	2	0	0.97160125289473	0.931497713648232	0.951126937232528	0.0885608856088561	1.0	0.878044893405745
GC_00000349	42	43	2	0	0.99575671377997	0.964150073885234	0.979698539955947	0.0535405872193437	1.0	0.94460032476661
GC_00000350	42	43	2	0	0.997436982273399	0.965135617747917	0.981020481016192	0.0222222222222222	1.0	0.95024940606336
GC_00000351	42	43	2	0	0.968633463373661	0.992570969133115	0.980456131487189	0.54421768707483	1.0	0.95861112994478
GC_00000352	42	43	2	0	0.997463737590744	0.966378918542246	0.981675313964433	0.00906344410876133	1.0	0.950271501841796
GC_00000353	41	43	2	0	0.973165765169476	0.791499066174251	0.872981407781405	0.073943661971831	1.0	0.892590036342083
GC_00000354	42	43	2	0	0.986818038473668	0.964458028596826	0.975509919925356	0.0238095238095238	1.0	0.933005501942379
GC_00000355	42	43	2	0	0.986733435025433	0.999408057611369	0.993030304572863	0.658135283363803	1.0	0.981773126749956
GC_00000356	42	43	2	0	0.9980431033926	0.875723435387125	0.932890749278282	0.0792079207920792	1.0	0.89444974397772
GC_00000357	42	43	2	0	0.996524371856104	0.965133999135262	0.98057803179988	0.0	1.0	0.949758720212992
GC_00000358	42	43	2	0	0.994489387205906	0.965645846126393	0.979855399200778	0.00947867298578199	1.0	0.943736780505214
GC_00000359	42	43	2	0	0.974304735599957	0.955578539105421	0.964850784594974	0.00709219858156028	1.0	0.91182268718142
GC_00000360	42	43	2	0	0.991937580720098	0.967525865690849	0.979579658151195	0.0238532110091743	1.0	0.943537850386581
GC_00000361	42	43	2	0	0.994312329257916	0.970651130538324	0.982339271186723	0.0338028169014084	1.0	0.944894171228924
GC_00000362	42	43	2	0	0.980947163926231	0.960572174525662	0.970652758059817	0.0153846153846154	1.0	0.922855439134509
GC_00000363	42	43	2	0	0.984845898414479	0.933866351926329	0.958678870371078	0.095	1.0	0.890105204872647
GC_00000364	42	43	2	0	0.991760550931988	0.967862296823326	0.979665700288525	0.015527950310559	1.0	0.942455445272143
GC_00000365	42	43	2	0	0.996803188162815	0.969436191105534	0.982929236595793	0.0214592274678112	1.0	0.948725992043688
GC_00000366	42	43	2	0	0.991154328170584	0.964234286181911	0.977509001642771	0.0396039603960396	1.0	0.940389387775987
GC_00000367	42	43	2	0	0.996764098108439	0.965354518246334	0.980807906019818	0.0126182965299685	1.0	0.949659564508072
GC_00000368	42	43	2	0	0.930652395369433	0.956715992902292	0.943504231622827	0.770491803278688	1.0	0.912250603634515
GC_00000369	40	43	2	0	0.933256275475725	0.945733380561528	0.939453401991926	0.47265625	1.0	0.902780661683278
GC_00000370	42	43	2	0	0.995930323561638	0.928629158776333	0.96110299219785	0.0539956803455724	1.0	0.889210192088287
GC_00000371	41	43	2	0	0.988611276588289	0.942085760017215	0.964787937421556	0.00956937799043062	1.0	0.895001775050735
GC_00000372	39	43	2	0	0.920948616600791	0.80545271295206	0.85933733834957	0.415730337078652	1.0	0.907499346746799
GC_00000373	42	43	2	0	0.976788646780558	0.995190704702916	0.985903813854917	0.502202643171806	1.0	0.972763329284178
GC_00000374	41	43	2	0	0.991968910427769	0.9295598761628	0.959750906642088	0.0422535211267606	1.0	0.897165941384743
GC_00000375	42	43	2	0	0.967605423534403	0.965690539883871	0.96664703338579	0.0534351145038168	1.0	0.916470120801738
GC_00000376	42	43	2	0	0.977175947848195	0.946109043064485	0.96139158293495	0.0815450643776824	1.0	0.923830436456447
GC_00000377	42	43	2	0	0.995865693650359	0.968178219261244	0.981826798844251	0.0149812734082397	1.0	0.950655534402595
GC_00000378	42	43	2	0	0.988566934788998	0.949996236141657	0.968897873751298	0.00508905852417303	1.0	0.925433739387228
GC_00000379	42	43	2	0	0.994457847086753	0.965711736891139	0.979874009498968	0.0376984126984127	1.0	0.945182724252492
GC_00000380	42	43	2	0	0.993029973175141	0.943247358288283	0.967498698330167	0.112204724409449	1.0	0.910268483881375
GC_00000381	42	43	2	0	0.994131123023974	0.966018128025969	0.979873023405302	0.0679405520169851	1.0	0.947868981197377
GC_00000382	42	43	2	0	0.978277456527504	0.797833322537678	0.878889270539587	0.268436578171091	1.0	0.902050523165979
GC_00000383	42	43	2	0	0.983448503049061	0.965557783439479	0.974421030156599	0.0186199342825849	1.0	0.932173271764194
GC_00000384	42	43	2	0	0.986963741207016	0.957710422972699	0.972117056379772	0.0401234567901235	1.0	0.94105724402882
GC_00000385	42	43	2	0	0.986489842876526	0.978654289497343	0.982556444967161	0.6640625	1.0	0.981599961932447
GC_00000386	41	43	2	0	0.990316708312187	0.944065256864085	0.966638041959148	0.00596421471172962	1.0	0.899854472280382
GC_00000387	42	43	2	0	0.991678715509135	0.970156587252331	0.980799598146588	0.0226480836236934	1.0	0.943461786302723
GC_00000388	42	43	2	0	0.979785071743374	0.997531436455064	0.98857861751621	0.628398791540785	1.0	0.971652062778319
GC_00000389	42	43	2	0	0.958147697750263	0.953875574424652	0.956006863384642	0.684085510688836	1.0	0.947888142717729
GC_00000390	42	43	2	0	0.920163257667256	0.995015789852734	0.95612676194098	0.712609970674487	1.0	0.89955605784563
GC_00000391	42	43	2	0	0.977641208611921	0.996598639455781	0.987028905664286	0.537414965986395	1.0	0.971640261863328
GC_00000392	40	43	2	0	0.945868047278203	0.99984965493976	0.972110023578039	0.541942604856512	1.0	0.933076891108618
GC_00000393	42	43	2	0	0.970424236606107	0.968031880927021	0.969226582497475	0.473053892215569	1.0	0.962603033136385
GC_00000394	23	43	2	0	0.752740049294667	0.681762729643449	0.715495457037682	0.304435483870968	1.0	0.691753295466724
GC_00000395	42	43	2	0	0.99127507199247	0.966911196390213	0.978941565761936	0.11166253101737	1.0	0.939146874630746
GC_00000396	40	43	2	0	0.980635656830454	0.92752550297155	0.953341468210035	0.0248138957816377	1.0	0.885184208139947
GC_00000397	40	43	2	0	0.979311891141267	0.838547550947198	0.903479739870906	0.0533333333333333	1.0	0.799244493663098
GC_00000398	42	43	2	0	0.908771851434818	0.878395622393485	0.893325586711587	0.101589495507947	1.0	0.840256811166954
GC_00000399	42	43	2	0	0.988152389837347	0.915385862287417	0.950378303596439	0.0914529914529914	1.0	0.932393446346935
GC_00000400	40	43	2	0	0.957695690413369	0.959957194223018	0.958825108813177	0.546478873239437	1.0	0.928448208631635
GC_00000401	42	43	2	0	0.980893272720401	0.93641127297276	0.958136275451698	0.103343465045593	1.0	0.921925227290322
GC_00000402	42	43	2	0	0.997039477900998	0.967767181293495	0.982185275738189	0.024390243902439	1.0	0.949502432850622
GC_00000403	42	43	2	0	0.860485831275972	0.803617992772546	0.831080232550503	0.165254237288136	1.0	0.751175460329974
GC_00000404	42	43	2	0	0.993074064184145	0.772603379693745	0.869074225233105	0.0354838709677419	1.0	0.778294573643411
GC_00000405	42	43	2	0	0.989480910490649	0.965181852023187	0.977180346445766	0.0656565656565657	1.0	0.935859145161471
GC_00000406	42	43	2	0	0.960098873464485	0.965127731609726	0.962606734631235	0.0526315789473684	1.0	0.903939776000589
GC_00000407	42	43	2	0	0.989170570807245	0.962974183798951	0.975896608910239	0.0477815699658703	1.0	0.937137868084769
GC_00000408	42	43	2	0	0.990485588390676	0.962341018154973	0.976210490378147	0.0555555555555556	1.0	0.937588696115828
GC_00000409	42	43	2	0	0.991962310509372	0.83713025915475	0.907993045120666	0.0203045685279188	1.0	0.845107397226391
GC_00000410	42	43	2	0	0.9820431110272	0.94199849894769	0.961604085580681	0.037914691943128	1.0	0.896773787217962
GC_00000411	33	43	3	0	0.869703203364939	0.732343324035691	0.79513462809372	0.00436681222707424	1.0	0.565973683065183
GC_00000412	42	43	2	0	0.979309092183396	0.964922042225441	0.972062336083173	0.0746835443037975	1.0	0.93178154393933
GC_00000413	42	43	2	0	0.974256386954008	0.964887411165724	0.969549265950499	0.0853080568720379	1.0	0.925020862527751
GC_00000414	41	43	2	0	0.987889503202174	0.906103630275714	0.945230739584634	0.00828729281767956	1.0	0.869735932404569
GC_00000415	42	43	2	0	0.985944355917377	0.966011613754434	0.975876211482329	0.171171171171171	1.0	0.933435096225794
GC_00000416	42	43	2	0	0.980011000463177	0.964151723101841	0.972016676693299	0.0	1.0	0.92694705982364
GC_00000417	42	43	2	0	0.992401373998126	0.952773820582713	0.972183946505116	0.0215264187866928	1.0	0.943946358409563
GC_00000418	42	43	2	0	0.980039755439463	0.761935100123593	0.857333487680573	0.116228070175439	1.0	0.864299799887315
GC_00000419	42	43	2	0	0.979612381629341	0.965181803878829	0.972343554550463	0.120689655172414	1.0	0.929303343898372
GC_00000420	42	43	2	0	0.945716643678555	0.962710084033611	0.9541377054588	0.0165441176470588	1.0	0.88407107028858
GC_00000421	42	43	2	0	0.996155581431161	0.911918342970305	0.952177518430561	0.159041394335512	1.0	0.905126219307706
GC_00000422	41	43	2	0	0.980449323932988	0.871126349972728	0.922560447220981	0.10467706013363	1.0	0.886448783688127
GC_00000423	42	43	2	0	0.994350172811106	0.96124943305176	0.977519669163424	0.0291060291060291	1.0	0.94291838477885
GC_00000424	42	43	2	0	0.991756321075953	0.943255610380406	0.966898135125243	0.0379746835443038	1.0	0.921541416095434
GC_00000425	42	42	1	1	1.0	1.0	1.0	1.0	1.0	1.0
GC_00000426	42	42	1	1	1.0	1.0	1.0	1.0	1.0	1.0
GC_00000427	42	42	1	1	1.0	1.0	1.0	1.0	1.0	1.0
GC_00000428	42	42	1	1	1.0	1.0	1.0	1.0	1.0	1.0
GC_00000429	42	42	1	1	1.0	1.0	1.0	1.0	1.0	1.0
GC_00000430	42	42	1	1	1.0	1.0	1.0	1.0	1.0	1.0
GC_00000431	42	42	1	1	1.0	1.0	1.0	1.0	1.0	1.0
GC_00000432	42	42	1	1	1.0	1.0	1.0	1.0	1.0	1.0
GC_00000433	42	42	1	1	1.0	1.0	1.0	1.0	1.0	1.0
GC_00000434	42	42	1	1	1.0	1.0	1.0	1.0	1.0	1.0
GC_00000435	42	42	1	1	1.0	1.0	1.0	1.0	1.0	1.0
GC_00000436	42	42	1	1	1.0	1.0	1.0	1.0	1.0	1.0
GC_00000437	42	42	1	1	1.0	1.0	1.0	1.0	1.0	1.0
GC_00000438	42	42	1	1	1.0	1.0	1.0	1.0	1.0	1.0
GC_00000439	42	42	1	1	1.0	1.0	1.0	1.0	1.0	1.0
GC_00000440	42	42	1	1	1.0	1.0	1.0	1.0	1.0	1.0
GC_00000441	42	42	1	1	1.0	1.0	1.0	1.0	1.0	1.0
GC_00000442	42	42	1	1	1.0	1.0	1.0	1.0	1.0	1.0
GC_00000443	42	42	1	1	1.0	1.0	1.0	1.0	1.0	1.0
GC_00000444	42	42	1	1	1.0	1.0	1.0	1.0	1.0	1.0
GC_00000445	42	42	1	1	1.0	1.0	1.0	1.0	1.0	1.0
GC_00000446	42	42	1	1	1.0	1.0	1.0	1.0	1.0	1.0
GC_00000447	42	42	1	1	1.0	1.0	1.0	1.0	1.0	1.0
GC_00000448	42	42	1	1	1.0	1.0	1.0	1.0	1.0	1.0
GC_00000449	42	42	1	1	1.0	1.0	1.0	1.0	1.0	1.0
GC_00000450	42	42	1	1	1.0	1.0	1.0	1.0	1.0	1.0
GC_00000451	42	42	1	1	1.0	1.0	1.0	1.0	1.0	1.0
GC_00000452	42	42	1	1	1.0	1.0	1.0	1.0	1.0	1.0
GC_00000453	42	42	1	1	1.0	1.0	1.0	1.0	1.0	1.0
GC_00000454	42	42	1	1	1.0	1.0	1.0	1.0	1.0	1.0
GC_00000455	42	42	1	1	1.0	1.0	1.0	1.0	1.0	1.0
GC_00000456	42	42	1	1	1.0	1.0	1.0	1.0	1.0	1.0
GC_00000457	42	42	1	1	1.0	1.0	1.0	1.0	1.0	1.0
GC_00000458	42	42	1	1	1.0	1.0	1.0	1.0	1.0	1.0
GC_00000459	42	42	1	1	1.0	1.0	1.0	1.0	1.0	1.0
GC_00000460	42	42	1	1	1.0	1.0	1.0	1.0	1.0	1.0
GC_00000461	42	42	1	1	1.0	1.0	1.0	1.0	1.0	1.0
GC_00000462	42	42	1	1	1.0	1.0	1.0	1.0	1.0	1.0
GC_00000463	42	42	1	1	1.0	1.0	1.0	1.0	1.0	1.0
GC_00000464	42	42	1	1	1.0	1.0	1.0	1.0	1.0	1.0
GC_00000465	42	42	1	1	1.0	1.0	1.0	1.0	1.0	1.0
GC_00000466	42	42	1	1	1.0	1.0	1.0	1.0	1.0	1.0
GC_00000467	42	42	1	1	1.0	1.0	1.0	1.0	1.0	1.0
GC_00000468	42	42	1	1	1.0	1.0	1.0	1.0	1.0	1.0
GC_00000469	42	42	1	1	1.0	1.0	1.0	1.0	1.0	1.0
GC_00000470	42	42	1	1	1.0	1.0	1.0	1.0	1.0	1.0
GC_00000471	42	42	1	1	1.0	1.0	1.0	1.0	1.0	1.0
GC_00000472	42	42	1	1	1.0	1.0	1.0	1.0	1.0	1.0
GC_00000473	42	42	1	1	1.0	1.0	1.0	1.0	1.0	1.0
GC_00000474	42	42	1	1	1.0	1.0	1.0	1.0	1.0	1.0
GC_00000475	42	42	1	1	1.0	1.0	1.0	1.0	1.0	1.0
GC_00000476	42	42	1	1	1.0	1.0	1.0	1.0	1.0	1.0
GC_00000477	42	42	1	1	0.999779541446208	1.0	0.999889758571271	0.986111111111111	1.0	0.999338624338624
GC_00000478	42	42	1	1	0.999892264598147	1.0	0.999946129397188	0.997737556561086	1.0	0.999892264598147
GC_00000479	42	42	1	1	0.999714856002281	1.0	0.999857407671467	0.994011976047904	1.0	0.999714856002281
GC_00000480	42	42	1	1	0.999891280713199	1.0	0.999945637401468	0.993150684931507	1.0	0.999673842139596
GC_00000481	42	42	1	1	0.999713138267355	1.0	0.999856548558313	0.993975903614458	1.0	0.999713138267355
GC_00000482	42	42	1	1	0.997795414462081	1.0	0.998896490840874	0.944444444444444	1.0	0.997354497354497
GC_00000483	42	42	1	1	0.999460101500918	1.0	0.999729977858184	0.979591836734694	1.0	0.999028182701652
GC_00000484	42	42	1	1	0.999439775910364	1.0	0.99971980947044	0.964705882352941	1.0	0.998319327731093
GC_00000485	42	42	1	1	0.99906629318394	1.0	0.999532928538066	0.980392156862745	1.0	0.99906629318394
GC_00000486	42	42	1	1	0.998757763975155	1.0	0.999378495960224	0.973913043478261	1.0	0.998757763975155
GC_00000487	42	42	1	1	0.99906629318394	1.0	0.999532928538066	0.977941176470588	1.0	0.998949579831933
GC_00000488	42	42	1	1	0.999819624819625	1.0	0.999909804275277	0.988636363636364	1.0	0.999458874458874
GC_00000489	42	42	1	1	0.999578592498946	1.0	0.999789251844046	0.991150442477876	1.0	0.999578592498946
GC_00000490	42	42	1	1	0.999739786625032	1.0	0.999869876382563	0.989071038251366	1.0	0.999479573250065
GC_00000491	42	42	1	1	0.999959815149689	1.0	0.999979907171131	0.99746835443038	1.0	0.999879445449066
GC_00000492	42	42	1	1	0.998236331569665	1.0	0.999117387466902	0.952380952380952	1.0	0.997732426303855
GC_00000493	42	42	1	1	0.99968253968254	0.938617610365731	0.968188168894073	0.925233644859813	1.0	0.996439697374277
GC_00000494	42	42	1	1	0.998534798534799	1.0	0.999266862170088	0.969230769230769	1.0	0.998534798534799
GC_00000495	42	42	1	1	0.999758585309916	1.0	0.999879278082936	0.992395437262357	1.0	0.999637877964874
GC_00000496	42	42	1	1	0.999464954521134	1.0	0.999732405673	0.98876404494382	1.0	0.999464954521134
GC_00000497	42	42	1	1	0.999550763701707	1.0	0.999775331386205	0.990566037735849	1.0	0.999550763701707
GC_00000498	42	42	1	1	0.999660470248706	1.0	0.999830206299346	0.989304812834225	1.0	0.999490705373058
GC_00000499	42	42	1	1	0.999338624338624	1.0	0.999669202778697	0.986111111111111	1.0	0.999338624338624
GC_00000500	42	42	1	1	0.999930986887509	1.0	0.999965492253011	0.995652173913044	1.0	0.999792960662526
GC_00000501	42	42	1	1	0.999194847020934	1.0	0.999597261377366	0.978260869565217	1.0	0.998964803312629
GC_00000502	42	42	1	1	0.999253034547152	1.0	0.999626377732113	0.976470588235294	1.0	0.998879551820728
GC_00000503	42	42	1	1	0.999795626405068	1.0	0.999897802759325	0.995708154506438	1.0	0.999795626405068
GC_00000504	42	42	1	1	0.99978835978836	1.0	0.9998941686951	0.986666666666667	1.0	0.999365079365079
GC_00000505	42	42	1	1	0.999514798641436	1.0	0.999757340451347	0.986899563318777	1.0	0.999376169681847
GC_00000506	42	42	1	1	0.999854376001165	1.0	0.999927182698609	0.990825688073395	1.0	0.999563128003495
GC_00000507	42	42	1	1	0.99790108881018	1.0	0.998949441891005	0.950413223140496	1.0	0.997638724911452
GC_00000508	42	42	1	1	0.999760708303422	1.0	0.999880339834869	0.994974874371859	1.0	0.999760708303422
GC_00000509	42	42	1	1	0.99989824989825	1.0	0.999949122360722	0.993589743589744	1.0	0.99969474969475
GC_00000510	42	42	1	1	0.999938237292323	1.0	0.999969117692474	0.996108949416342	1.0	0.999814711876969
GC_00000511	42	42	1	1	0.999875992063492	1.0	0.999937992187016	0.9921875	1.0	0.999627976190476
GC_00000512	42	42	1	1	0.998812351543943	0.991005291005291	0.994893505751991	0.765432098765432	1.0	0.988830099941211
GC_00000513	42	42	1	1	0.999286606028179	1.0	0.99964317573595	0.97752808988764	1.0	0.998929909042269
GC_00000514	42	42	1	1	0.999592999593	1.0	0.999796458375738	0.991452991452991	1.0	0.999592999593
GC_00000515	42	42	1	1	0.999596448748991	1.0	0.999798183652876	0.991525423728814	1.0	0.999596448748991
GC_00000516	42	42	1	1	0.998299319727891	1.0	0.999148936170213	0.964285714285714	1.0	0.998299319727891
GC_00000517	42	42	1	1	0.998380304502754	1.0	0.999189495866429	0.965986394557823	1.0	0.998380304502754
GC_00000518	42	42	1	1	0.999554962171785	1.0	0.999777431560205	0.990654205607477	1.0	0.999554962171785
GC_00000519	42	42	1	1	0.999853027630805	1.0	0.999926508414786	0.996913580246914	1.0	0.999853027630805
GC_00000520	42	42	1	1	0.99942627653471	1.0	0.999713055954089	0.987951807228916	1.0	0.99942627653471
GC_00000521	42	42	1	1	0.999546485260771	1.0	0.999773191199819	0.985714285714286	1.0	0.999319727891156
GC_00000522	42	42	1	1	0.999331662489557	1.0	0.999665719538693	0.978947368421053	1.0	0.998997493734336
GC_00000523	42	42	1	1	0.998178506375228	1.0	0.999088422971741	0.950819672131147	1.0	0.997658079625293
GC_00000524	42	42	1	1	0.999706055261611	0.922081305782145	0.959325972810324	0.907990314769976	1.0	0.995618586417618
GC_00000525	42	42	1	1	0.999732477260567	1.0	0.999866220735786	0.99438202247191	1.0	0.999732477260567
GC_00000526	42	42	1	1	0.998663324979114	1.0	0.9993312155158	0.957894736842105	1.0	0.997994987468672
GC_00000527	42	42	1	1	0.999247400109469	1.0	0.999623558399781	0.969827586206897	1.0	0.998563218390805
GC_00000528	42	42	1	1	0.999911816578483	1.0	0.999955906345077	0.994444444444444	1.0	0.99973544973545
GC_00000529	42	42	1	1	0.999244142101285	1.0	0.999621928166352	0.984126984126984	1.0	0.999244142101285
GC_00000530	42	42	1	1	0.9997425997426	1.0	0.999871283305445	0.994594594594595	1.0	0.9997425997426
GC_00000531	42	42	1	1	0.998463901689708	1.0	0.999231360491929	0.967741935483871	1.0	0.998463901689708
GC_00000532	42	42	1	1	0.999170812603648	0.992619473784282	0.995884368957184	0.962962962962963	1.0	0.998236331569665
GC_00000533	42	42	1	1	0.999550763701707	1.0	0.999775331386205	0.990566037735849	1.0	0.999550763701707
GC_00000534	42	42	1	1	0.999820014398848	0.991731115326622	0.995759137896029	0.797752808988764	1.0	0.990369181380417
GC_00000535	42	42	1	1	0.997964997964998	1.0	0.998981462619678	0.923076923076923	1.0	0.996336996336996
GC_00000536	42	42	1	1	0.999606454151909	1.0	0.99980318834875	0.991735537190083	1.0	0.999606454151909
GC_00000537	42	42	1	1	0.998286012370519	1.0	0.999142271116912	0.957746478873239	1.0	0.997987927565392
GC_00000538	42	42	1	1	0.99921591688719	0.99970605526161	0.999460925983104	0.969135802469136	1.0	0.998530276308054
GC_00000539	42	42	1	1	0.999892020300184	1.0	0.99994600723503	0.993197278911565	1.0	0.999676060900551
GC_00000540	42	42	1	1	0.99937343358396	1.0	0.999686618614854	0.986842105263158	1.0	0.99937343358396
GC_00000541	42	42	1	1	0.999412110523222	1.0	0.999705968832696	0.987654320987654	1.0	0.999412110523222
GC_00000542	42	42	1	1	0.999870600414079	1.0	0.999935296020705	0.997282608695652	1.0	0.999870600414079
GC_00000543	42	42	1	1	0.999787414965986	1.0	0.999893696183693	0.995535714285714	1.0	0.999787414965986
GC_00000544	42	42	1	1	0.999953314659197	1.0	0.999976656784705	0.997058823529412	1.0	0.999859943977591
GC_00000545	42	42	1	1	0.998470070759227	1.0	0.999234449760765	0.951807228915663	1.0	0.997705106138841
GC_00000546	42	42	1	1	0.997134038800706	1.0	0.998564963020201	0.930555555555556	1.0	0.996693121693122
GC_00000547	42	42	1	1	0.999514091350826	1.0	0.999756986634265	0.989795918367347	1.0	0.999514091350826
GC_00000548	42	42	1	1	0.998739059486723	1.0	0.999369131999852	0.967289719626168	1.0	0.998442367601246
GC_00000549	42	42	1	1	0.999854376001165	1.0	0.999927182698609	0.990825688073395	1.0	0.999563128003495
GC_00000550	42	42	1	1	0.999305555555556	1.0	0.999652657172629	0.98125	1.0	0.999107142857143
GC_00000551	42	42	1	1	0.998763141620284	1.0	0.999381188118812	0.974025974025974	1.0	0.998763141620284
GC_00000552	42	42	1	1	0.999848346982105	1.0	0.999924167740957	0.996815286624204	1.0	0.999848346982105
GC_00000553	42	42	1	1	0.9997964997965	1.0	0.999898239544113	0.987179487179487	1.0	0.9993894993895
GC_00000554	42	42	1	1	0.999846637527797	1.0	0.999923312883436	0.990338164251208	1.0	0.999539912583391
GC_00000555	42	42	1	1	0.999782561426397	1.0	0.99989126889203	0.986301369863014	1.0	0.999347684279191
GC_00000556	42	42	1	1	0.999383572199106	1.0	0.999691691074457	0.980582524271845	1.0	0.999075358298659
GC_00000557	42	42	1	1	0.999118165784832	1.0	0.999558888398765	0.981481481481482	1.0	0.999118165784832
GC_00000558	42	42	1	1	0.999825571254143	1.0	0.999912778020061	0.989010989010989	1.0	0.999476713762428
GC_00000559	42	42	1	1	0.998672639787622	1.0	0.999335879130002	0.985714285714286	1.0	0.998672639787622
GC_00000560	42	42	1	1	0.998037207714627	1.0	0.999017639772776	0.940860215053763	1.0	0.997183819764465
GC_00000561	42	42	1	1	0.999666110183639	0.997401659373489	0.998532600961973	0.937062937062937	1.0	0.997002997002997
GC_00000562	42	42	1	1	0.999309868875086	1.0	0.999654815326199	0.985507246376812	1.0	0.999309868875086
GC_00000563	42	42	1	1	0.995522995522996	1.0	0.997756475627167	0.82051282051282	1.0	0.991452991452991
GC_00000564	42	42	1	1	0.99936594846998	1.0	0.999682873697782	0.989795918367347	1.0	0.999045959847354
GC_00000565	42	42	1	1	0.998837582170915	1.0	0.999418453085207	0.967171717171717	1.0	0.998436748436748
GC_00000566	42	42	1	1	0.999765711942834	1.0	0.999882842247086	0.992619926199262	1.0	0.999648567914251
GC_00000567	42	42	1	1	0.999486656271456	1.0	0.999743262238368	0.994475138121547	1.0	0.999486656271456
GC_00000568	42	42	1	1	0.999503968253968	1.0	0.999751922599851	0.98125	1.0	0.999107142857143
GC_00000569	42	42	1	1	0.999021526418787	1.0	0.999510523739599	0.958904109589041	1.0	0.998043052837573
GC_00000570	42	42	1	1	0.999663707290826	1.0	0.999831825367462	0.98728813559322	1.0	0.999394673123487
GC_00000571	42	42	1	1	0.999155690645052	1.0	0.999577667032689	0.978723404255319	1.0	0.998986828774063
GC_00000572	42	42	1	1	0.999076173679348	1.0	0.999537873377305	0.973544973544973	1.0	0.998740236835475
GC_00000573	42	42	1	1	0.998178133041835	1.0	0.999088235964532	0.974789915966387	1.0	0.997657599625216
GC_00000574	42	42	1	1	0.999681903489519	1.0	0.999840926444388	0.987975951903808	1.0	0.999427426281134
GC_00000575	42	42	1	1	0.999651142508285	1.0	0.999825540823447	0.989010989010989	1.0	0.999476713762428
GC_00000576	42	42	1	1	0.999151175621764	1.0	0.999575407608696	0.978609625668449	1.0	0.998981410746117
GC_00000577	42	42	1	1	0.999290896198113	1.0	0.99964532234742	0.982817869415808	1.0	0.999181803305515
GC_00000578	42	42	1	1	0.999716513111269	0.999858276643994	0.999787389852338	0.991071428571429	1.0	0.999574829931973
GC_00000579	42	42	1	1	0.999688764394647	0.979078313300065	0.989276201632402	0.968017057569296	1.0	0.998477002741395
GC_00000580	42	42	1	1	0.999721526037315	1.0	0.999860743629021	0.991228070175439	1.0	0.999582289055973
GC_00000581	42	42	1	1	0.999506403761723	1.0	0.999753140956514	0.985270049099836	1.0	0.999298573766659
GC_00000582	42	42	1	1	0.999826049141118	1.0	0.999913017005176	0.989041095890411	1.0	0.999478147423353
GC_00000583	42	42	1	1	0.999676253606737	1.0	0.999838100596195	0.996515679442509	1.0	0.999676253606737
GC_00000584	42	42	1	1	0.99918500407498	0.998786927358356	0.998985926060187	0.948717948717949	1.0	0.997557997557998
GC_00000585	42	42	1	1	0.999774049596114	1.0	0.999887012033218	0.99288256227758	1.0	0.99966107439417
GC_00000586	42	42	1	1	0.998833819241983	1.0	0.999416569428238	0.959183673469388	1.0	0.998056365403304
GC_00000587	42	42	1	1	0.999578592498946	0.88506403157566	0.938842248023803	0.861538461538462	1.0	0.993406593406593
GC_00000588	42	42	1	1	0.998762149275628	1.0	0.999380691331972	0.980263157894737	1.0	0.998762149275628
GC_00000589	42	42	1	1	0.996579847408577	0.994505494505493	0.99554159040567	0.901098901098901	1.0	0.995290423861852
GC_00000590	42	42	1	1	0.999095672527063	1.0	0.999547631718999	0.977099236641221	1.0	0.998732168346765
GC_00000591	42	42	1	1	0.998908071944385	0.9992800578915	0.999094030293189	0.966751918158568	1.0	0.997950399672064
GC_00000592	42	42	1	1	1.0	0.785396453284116	0.879800620012919	0.70042194092827	1.0	0.972164640272081
GC_00000593	42	42	1	1	0.997842502696872	1.0	0.998920086393088	0.941747572815534	1.0	0.997226074895978
GC_00000594	42	42	1	1	0.993827160493827	1.0	0.996904024767802	0.833333333333333	1.0	0.992063492063492
GC_00000595	42	42	1	1	0.999681477942348	1.0	0.999840713603058	0.993311036789298	1.0	0.999681477942348
GC_00000596	42	42	1	1	0.999626846526641	1.0	0.999813388445946	0.987951807228916	1.0	0.998880539579923
GC_00000597	42	42	1	1	0.995196324143693	1.0	0.99759237935727	0.855263157894737	1.0	0.993107769423559
GC_00000598	42	42	1	1	0.999487967229903	1.0	0.999743918053777	0.986175115207373	1.0	0.999341672152732
GC_00000599	42	42	1	1	0.999347684279191	1.0	0.999673735725938	0.972602739726027	1.0	0.998695368558382
GC_00000600	42	42	1	1	0.999887653072688	0.99966386929454	0.999775748661011	0.990566037735849	1.0	0.999550763701707
GC_00000601	42	42	1	1	0.999819931754135	1.0	0.999909957770194	0.994186046511628	1.0	0.999459795262404
GC_00000602	42	42	1	1	0.999101527403414	1.0	0.999550561797753	0.981132075471698	1.0	0.999101527403414
GC_00000603	42	42	1	1	0.999875505757859	1.0	0.999937749003984	0.992156862745098	1.0	0.999626517273576
GC_00000604	42	42	1	1	0.999694096053839	1.0	0.999847024629035	0.993576017130621	1.0	0.999694096053839
GC_00000605	42	42	1	1	0.998321123321123	1.0	0.999159856411823	0.932692307692308	1.0	0.996794871794872
GC_00000606	42	42	1	1	0.99961285327139	1.0	0.999806389157793	0.98780487804878	1.0	0.999419279907085
GC_00000607	42	42	1	1	0.999877044141153	0.993525853990971	0.996691331287975	0.846153846153846	1.0	0.992673992673993
GC_00000608	42	42	1	1	0.998651312376803	1.0	0.999325201141967	0.967320261437909	1.0	0.998443821973234
GC_00000609	42	42	1	1	0.999268524614147	1.0	0.999634128494073	0.981566820276498	1.0	0.999122229536976
GC_00000610	42	42	1	1	0.998883539517079	1.0	0.999441457963483	0.975103734439834	1.0	0.998626512643313
GC_00000611	42	42	1	1	0.998322364176023	1.0	0.999160477881821	0.959349593495935	1.0	0.998064266356949
GC_00000612	42	42	1	1	0.999828708461802	1.0	0.999914346895075	0.989208633093525	1.0	0.999486125385406
GC_00000613	42	42	1	1	0.998700054734537	1.0	0.999349604628077	0.961206896551724	1.0	0.998152709359606
GC_00000614	42	42	1	1	0.999814350691544	1.0	0.999907166728556	0.994152046783626	1.0	0.999721526037315
GC_00000615	42	42	1	1	0.999751984126984	1.0	0.999875976683616	0.984375	1.0	0.999255952380952
GC_00000616	42	42	1	1	0.999157184997893	1.0	0.999578414839798	0.982300884955752	1.0	0.999157184997893
GC_00000617	42	42	1	1	0.998659611992945	1.0	0.999329356535244	0.968888888888889	1.0	0.998518518518518
GC_00000618	42	42	1	1	0.998757763975155	1.0	0.999378495960224	0.973913043478261	1.0	0.998757763975155
GC_00000619	42	42	1	1	0.99980463980464	1.0	0.999902310359986	0.993846153846154	1.0	0.99970695970696
GC_00000620	42	42	1	1	0.998362307886117	1.0	0.9991804828847	0.944444444444444	1.0	0.997354497354497
GC_00000621	42	42	1	1	0.99739145796451	1.0	0.998694025637745	0.941747572815534	1.0	0.996775030163616
GC_00000622	42	42	1	1	0.999526178630656	1.0	0.999763033175355	0.985074626865672	1.0	0.999289267945984
GC_00000623	42	42	1	1	0.999123575810692	1.0	0.99956159579132	0.98159509202454	1.0	0.999123575810692
GC_00000624	42	42	1	1	0.998962547982156	1.0	0.999481004774756	0.96078431372549	1.0	0.99813258636788
GC_00000625	42	42	1	1	0.998835978835979	1.0	0.999417650484409	0.966666666666667	1.0	0.998412698412699
GC_00000626	42	42	1	1	0.999105745584619	1.0	0.999552672780139	0.981220657276995	1.0	0.999105745584619
GC_00000627	42	42	1	1	0.998255802106893	1.0	0.999127139833014	0.957894736842105	1.0	0.997750473745339
GC_00000628	42	42	1	1	0.998697598697599	1.0	0.999348375010182	0.958974358974359	1.0	0.998046398046398
GC_00000629	42	42	1	1	0.999539111037369	1.0	0.999769502401785	0.989010989010989	1.0	0.999306539376226
GC_00000630	42	42	1	1	0.994891551702973	1.0	0.997439235083899	0.91219512195122	1.0	0.99338828928359
GC_00000631	42	42	1	1	0.999232513518228	1.0	0.999616109443708	0.98021978021978	1.0	0.998953427524856
GC_00000632	42	42	1	1	0.992235851908421	1.0	0.996102796722516	0.835616438356164	1.0	0.990931220466803
GC_00000633	42	42	1	1	0.998835978835979	1.0	0.999417650484409	0.973333333333333	1.0	0.998412698412699
GC_00000634	42	42	1	1	0.997113997113997	1.0	0.998554913294798	0.935064935064935	1.0	0.996289424860853
GC_00000635	42	42	1	1	0.998661578452519	1.0	0.999330341083298	0.980952380952381	1.0	0.998661578452519
GC_00000636	42	42	1	1	0.999771935381692	1.0	0.999885954685995	0.989090909090909	1.0	0.999315806145074
GC_00000637	42	42	1	1	0.999874023683547	1.0	0.999937007874016	0.994708994708995	1.0	0.999622071050642
GC_00000638	42	42	1	1	0.99825251201398	0.915853007869815	0.955279169559164	0.866666666666667	1.0	0.993253968253968
GC_00000639	42	42	1	1	0.999352911896466	1.0	0.9996763512336	0.995238095238095	1.0	0.999352911896466
GC_00000640	42	42	1	1	0.999148277197058	1.0	0.999573957163329	0.963636363636364	1.0	0.997444831591173
GC_00000641	42	42	1	1	0.999496350783614	1.0	0.9997481119602	0.990740740740741	1.0	0.999349378414419
GC_00000642	42	42	1	1	0.999649349543403	1.0	0.999824644027376	0.990757855822551	1.0	0.999476171154635
GC_00000643	42	42	1	1	0.985645790523839	1.0	0.992771012058312	0.6	1.0	0.978808183686232
GC_00000644	42	42	1	1	0.998772704958272	1.0	0.999385975684637	0.958762886597938	1.0	0.99779086892489
GC_00000645	42	42	1	1	0.998150864967296	1.0	0.999074576867481	0.973684210526316	1.0	0.998150864967296
GC_00000646	42	42	1	1	0.998198278686084	1.0	0.999098327061366	0.974358974358974	1.0	0.998198278686083
GC_00000647	42	42	1	1	0.999238415905083	1.0	0.999619062894721	0.97979797979798	1.0	0.998917748917749
GC_00000648	42	42	1	1	0.999124276957055	1.0	0.999561946671831	0.970479704797048	1.0	0.998427127128414
GC_00000649	42	42	1	1	0.999715537349946	1.0	0.999857748442345	0.994623655913978	1.0	0.999658644819935
GC_00000650	42	42	1	1	0.999219254097303	1.0	0.999609474598098	0.966666666666667	1.0	0.997657762291909
GC_00000651	42	42	1	1	0.996590537574144	0.776901379688836	0.873139094787746	0.224852071005917	1.0	0.895999560164663
GC_00000652	42	42	1	1	0.997657094797549	1.0	0.998827173488106	0.982758620689655	1.0	0.997657094797549
GC_00000653	42	42	1	1	0.996549344375431	1.0	0.998271690286899	0.91304347826087	1.0	0.995445134575569
GC_00000654	42	42	1	1	0.998764907509702	0.981174868717468	0.989891752033784	0.954545454545455	1.0	0.997504848595991
GC_00000655	42	42	1	1	0.998930011797306	1.0	0.999464719526757	0.992125984251969	1.0	0.998930011797306
GC_00000656	42	42	1	1	0.997853095414071	1.0	0.998925394168942	0.962121212121212	1.0	0.997853095414071
GC_00000657	42	42	1	1	0.999429781687846	0.999271175559835	0.999350472330777	0.974358974358974	1.0	0.998534798534798
GC_00000658	42	42	1	1	0.999342537804076	1.0	0.999671160802368	0.988165680473373	1.0	0.999154691462384
GC_00000659	42	42	1	1	0.999187892211148	1.0	0.999593781158831	0.981395348837209	1.0	0.998892580287929
GC_00000660	42	42	1	1	0.997147602812434	1.0	0.998571764458696	0.916129032258065	1.0	0.995713911056161
GC_00000661	42	42	1	1	0.999555919928947	1.0	0.999777910651747	0.990196078431373	1.0	0.998667759786842
GC_00000662	42	42	1	1	0.995401071522236	1.0	0.99769523603881	0.899193548387097	1.0	0.995017046944663
GC_00000663	42	42	1	1	0.999187626536687	0.997663551401871	0.998425007352321	0.981308411214953	1.0	0.999004092177103
GC_00000664	42	42	1	1	0.998792713491045	1.0	0.999395992140252	0.980263157894737	1.0	0.997600709089798
GC_00000665	42	42	1	1	0.999169779991698	0.999688764394648	0.999429204818517	0.973856209150327	1.0	0.998443821973234
GC_00000666	42	42	1	1	0.999019427590856	0.988635271604476	0.993800224489972	0.961832061068702	1.0	0.998000727008361
GC_00000667	42	42	1	1	0.999367578613804	0.9174417773029	0.956653894318937	0.899470899470899	1.0	0.991138641545146
GC_00000668	42	42	1	1	0.998813800430363	1.0	0.99940654823907	0.976744186046512	1.0	0.998629230478351
GC_00000669	42	42	1	1	0.997280413721245	1.0	0.998638355305509	0.938271604938272	1.0	0.996487001907056
GC_00000670	42	42	1	1	0.999478236261696	1.0	0.999739050053738	0.984771573604061	1.0	0.999159871946798
GC_00000671	42	42	1	1	0.999394272821744	1.0	0.999697044656729	0.976076555023923	1.0	0.998638503131443
GC_00000672	42	42	1	1	0.998853615520282	1.0	0.999426479022367	0.977777777777778	1.0	0.998677248677249
GC_00000673	42	42	1	1	0.99719512972525	1.0	0.998595595276093	0.923694779116466	1.0	0.996175176898068
GC_00000674	42	42	1	1	0.999121660859466	1.0	0.999560637475082	0.9875	1.0	0.999121660859466
GC_00000675	42	42	1	1	0.999308385335669	1.0	0.999654073043757	0.986440677966102	1.0	0.999200771668734
GC_00000676	42	42	1	1	0.999081933932155	1.0	0.999540756157983	0.975391498881432	1.0	0.998726832905913
GC_00000677	42	42	1	1	0.999158327023641	1.0	0.999578986333908	0.979351032448378	1.0	0.998879672741102
GC_00000678	42	42	1	1	0.998428184281843	1.0	0.99921347400396	0.96	1.0	0.99718931475029
GC_00000679	42	42	1	1	0.999124122853057	1.0	0.999561869552305	0.97667638483965	1.0	0.998753906739401
GC_00000680	42	42	1	1	0.999130453224746	0.856645097063215	0.922417804188353	0.806818181818182	1.0	0.98307992820188
GC_00000681	42	42	1	1	0.993847198916157	0.995720852747379	0.994783143585324	0.746753246753247	1.0	0.987638958022233
GC_00000682	42	42	1	1	0.998721636305529	1.0	0.999360409338024	0.969798657718121	1.0	0.998402045381911
GC_00000683	42	42	1	1	0.997785160575858	1.0	0.998891352549889	0.930232558139535	1.0	0.995570321151716
GC_00000684	42	42	1	1	0.995215972567889	1.0	0.997602250835054	0.866071428571429	1.0	0.992409158785465
GC_00000685	42	42	1	1	0.997830307182825	1.0	0.998913975421549	0.942446043165468	1.0	0.996916752312436
GC_00000686	42	42	1	1	0.997732426303855	1.0	0.998864926220204	0.944444444444444	1.0	0.99697656840514
GC_00000687	42	42	1	1	0.999192331824796	1.0	0.999596002764543	0.988505747126437	1.0	0.999192331824796
GC_00000688	42	42	1	1	0.999882547406324	1.0	0.999941270254182	0.995053586150041	1.0	0.999726156724528
GC_00000689	42	42	1	1	0.998380620540899	1.0	0.999189654141731	0.971428571428571	1.0	0.998380620540899
GC_00000690	42	42	1	1	0.998155105254165	0.994444444444442	0.996296319813984	0.955555555555556	1.0	0.997380307136405
GC_00000691	42	42	1	1	0.998289869846283	1.0	0.999144203161152	0.960431654676259	1.0	0.997952857226414
GC_00000692	42	42	1	1	0.997910012582269	1.0	0.998953913136943	0.953125	1.0	0.997413980836237
GC_00000693	42	42	1	1	0.999351384771843	1.0	0.999675587176373	0.98134328358209	1.0	0.998764886369546
GC_00000694	42	42	1	1	0.998913272340743	1.0	0.999456340765608	0.982456140350877	1.0	0.998369908511115
GC_00000695	42	42	1	1	0.997772208298524	1.0	0.998884862001673	0.964912280701754	1.0	0.99749373433584
GC_00000696	42	42	1	1	0.999395392130213	1.0	0.999697604649802	0.987234042553191	1.0	0.998996713371389
GC_00000697	42	42	1	1	0.998564819703031	1.0	0.999281894546116	0.96969696969697	1.0	0.997618461033095
GC_00000698	42	42	1	1	0.996808014727378	1.0	0.998401456099395	0.959183673469388	1.0	0.996160136528479
GC_00000699	42	42	1	1	0.999334244367357	1.0	0.99966701133914	0.986754966887417	1.0	0.999053926206244
GC_00000700	42	42	1	1	0.998271098170864	1.0	0.999134801163507	0.972602739726027	1.0	0.997422557395828
GC_00000701	42	42	1	1	0.998171570182994	0.998189963346758	0.998180766680145	0.948051948051948	1.0	0.995233570146462
GC_00000702	42	42	1	1	0.998549312258311	1.0	0.999274129623527	0.969348659003831	1.0	0.99818441534169
GC_00000703	42	42	1	1	0.998516744096012	1.0	0.99925782162778	0.96875	1.0	0.99793118466899
GC_00000704	42	42	1	1	0.99617520997905	0.838852813852813	0.910770154056144	0.732954545454545	1.0	0.986749023334389
GC_00000705	42	42	1	1	0.999115620927202	0.998128738932759	0.998621936110022	0.955	1.0	0.997212543554007
GC_00000706	42	42	1	1	0.998686917772103	1.0	0.999343027556632	0.967359050445104	1.0	0.997756387059419
GC_00000707	42	42	1	1	0.998130319827233	1.0	0.999064285169884	0.966824644549763	1.0	0.997979864700475
GC_00000708	42	42	1	1	0.994435254597856	1.0	0.99720986410097	0.858585858585859	1.0	0.991963772451577
GC_00000709	42	42	1	1	0.997248280175109	0.997413946852149	0.997331106633906	0.9	1.0	0.994257323525616
GC_00000710	42	42	1	1	0.997923119112143	1.0	0.998960480076541	0.96875	1.0	0.997592431281456
GC_00000711	42	42	1	1	0.999281644092921	1.0	0.999640692991304	0.988593155893536	1.0	0.998931298384141
GC_00000712	42	42	1	1	0.999521443627135	1.0	0.999760664545814	0.991666666666667	1.0	0.999345076784101
GC_00000713	42	42	1	1	0.987791679864851	1.0	0.993858350319698	0.715909090909091	1.0	0.984914475768134
GC_00000714	42	42	1	1	0.99828605549978	1.0	0.999142292718551	0.966101694915254	1.0	0.998070828165909
GC_00000715	42	42	1	1	0.998341625207297	1.0	0.999170124481328	0.970149253731343	1.0	0.997867803837953
GC_00000716	42	42	1	1	0.998416057219933	1.0	0.999207400894151	0.972602739726027	1.0	0.998271098170864
GC_00000717	42	42	1	1	0.996657451483972	1.0	0.998325927908393	0.957746478873239	1.0	0.996433887880126
GC_00000718	42	42	1	1	0.998849206349206	1.0	0.999424271902484	0.9775	1.0	0.998690476190476
GC_00000719	39	42	2	0	0.966165012274522	0.94863572859331	0.957320133420263	0.543478260869565	1.0	0.943089430894309
GC_00000720	42	42	1	1	0.999126225272787	0.996632328853626	0.997877718878892	0.963254593175853	1.0	0.998012443566505
GC_00000721	42	42	1	1	0.998453638066758	1.0	0.999226220762	0.959770114942529	1.0	0.997550295700001
GC_00000722	42	42	1	1	0.999487967229903	1.0	0.999743918053777	0.991935483870968	1.0	0.999423963133641
GC_00000723	42	42	1	1	0.996036831831536	0.998399710556344	0.997216871501408	0.932203389830508	1.0	0.99442902419339
GC_00000724	42	42	1	1	0.994944319191091	1.0	0.997465753424657	0.913725490196078	1.0	0.993359294937487
GC_00000725	42	42	1	1	0.996463563536734	1.0	0.998228649634356	0.923076923076923	1.0	0.995975163048334
GC_00000726	42	42	1	1	0.999286606028179	1.0	0.99964317573595	0.98501872659176	1.0	0.998929909042269
GC_00000727	42	42	1	1	0.999571231694765	1.0	0.999785569876962	0.994880546075085	1.0	0.999316216955441
GC_00000728	42	42	1	1	0.999186456644027	1.0	0.999593062791482	0.995391705069124	1.0	0.999186456644027
GC_00000729	42	42	1	1	0.997108439983921	1.0	0.998552126685669	0.966507177033493	1.0	0.99622670867857
GC_00000730	42	42	1	1	0.999409783855251	1.0	0.999704804813143	0.992452830188679	1.0	0.99928998750904
GC_00000731	42	42	1	1	0.997557350755603	0.749566456625869	0.855961696049058	0.568965517241379	1.0	0.944444444444444
GC_00000732	42	42	1	1	0.999477673772326	1.0	0.999738768662174	0.990498812351544	1.0	0.99932686126997
GC_00000733	42	42	1	1	0.993908269547412	1.0	0.996944829135008	0.879518072289157	1.0	0.993143304927025
GC_00000734	42	42	1	1	0.998294814408818	1.0	0.999146679669643	0.97752808988764	1.0	0.997938117422908
GC_00000735	42	42	1	1	0.996169718536091	1.0	0.99808118446626	0.978723404255319	1.0	0.996169718536091
GC_00000736	42	42	1	1	0.999040549411705	1.0	0.99952004445904	0.994565217391304	1.0	0.999040549411705
GC_00000737	42	42	1	1	0.999418722058773	1.0	0.999709276533817	0.985590778097983	1.0	0.998805088915443
GC_00000738	42	42	1	1	0.997193186217576	1.0	0.99859462078992	0.964285714285714	1.0	0.997193186217576
GC_00000739	42	42	1	1	0.998321404511737	0.888338965185082	0.940124484141879	0.840336134453782	1.0	0.986287197805952
GC_00000740	42	42	1	1	0.996463329413168	1.0	0.998228532157477	0.918238993710692	1.0	0.995664687105092
GC_00000741	42	42	1	1	0.997422112801111	1.0	0.99870939288077	0.946107784431138	1.0	0.996661728807194
GC_00000742	42	42	1	1	0.998347306402236	1.0	0.999172969787349	0.974789915966387	1.0	0.998213919714227
GC_00000743	42	42	1	1	0.998287863345106	1.0	0.999143198191662	0.969387755102041	1.0	0.997963924245656
GC_00000744	42	42	1	1	0.998279347872844	1.0	0.999138933138158	0.985185185185185	1.0	0.99802125005377
GC_00000745	42	42	1	1	0.995913934527253	1.0	0.997952784735824	0.970037453183521	1.0	0.995354239256678
GC_00000746	42	42	1	1	0.999247494021013	1.0	0.99962360539091	0.991341991341991	1.0	0.998979340442755
GC_00000747	42	42	1	1	0.997485521502445	1.0	0.998741178110936	0.966836734693878	1.0	0.996711228045225
GC_00000748	42	42	1	1	0.97417213978357	0.999596448748992	0.986720547743481	0.728813559322034	1.0	0.969763184314652
GC_00000749	42	42	1	1	0.999076941827619	1.0	0.999538257806357	0.983796296296296	1.0	0.998929969458425
GC_00000750	42	42	1	1	0.998782203011904	1.0	0.999390730522685	0.987341772151899	1.0	0.998581278760346
GC_00000751	42	42	1	1	0.99934025224918	1.0	0.999670017271909	0.986238532110092	1.0	0.99904900425151
GC_00000752	42	42	1	1	0.998125326411462	1.0	0.999061783781148	0.963087248322148	1.0	0.997797940587268
GC_00000753	42	42	1	1	0.996773777261582	0.972974822112752	0.984730527465078	0.931034482758621	1.0	0.995121951219512
GC_00000754	42	42	1	1	0.998001929171834	1.0	0.998999965516052	0.966101694915254	1.0	0.997194826669816
GC_00000755	42	42	1	1	0.999589055855829	0.984288733165162	0.991879893931998	0.977707006369427	1.0	0.997913846290419
GC_00000756	42	42	1	1	0.997975243312403	1.0	0.998986595707642	0.951871657754011	1.0	0.996956654058519
GC_00000757	42	42	1	1	0.997500652747391	1.0	0.998748762735486	0.958139534883721	1.0	0.997352996785782
GC_00000758	42	42	1	1	0.993229731588933	0.991803278688523	0.992515992611262	0.934426229508197	1.0	0.988775918204147
GC_00000759	42	42	1	1	0.996450162303821	1.0	0.998221925213459	0.969230769230769	1.0	0.99596176181542
GC_00000760	42	42	1	1	0.998875973153489	1.0	0.99943767054004	0.983193277310924	1.0	0.998609199777472
GC_00000761	42	42	1	1	0.997036985928558	1.0	0.998516294844653	0.95049504950495	1.0	0.996722668782558
GC_00000762	42	42	1	1	0.998182093622178	1.0	0.999090219863533	0.966183574879227	1.0	0.997722006205569
GC_00000763	42	42	1	1	0.993345915602013	1.0	0.996661851640548	0.875	1.0	0.991869918699187
GC_00000764	42	42	1	1	0.997789222721472	1.0	0.998893388124541	0.96969696969697	1.0	0.996965395339379
GC_00000765	42	42	1	1	0.99952107932544	0.975407449519732	0.987317052223786	0.97025171624714	1.0	0.997121648235116
GC_00000766	42	42	1	1	0.998604398486381	1.0	0.99930171197728	0.971774193548387	1.0	0.997733318347008
GC_00000767	42	42	1	1	0.998914923618437	1.0	0.999457167301748	0.98394495412844	1.0	0.998700039425034
GC_00000768	42	42	1	1	0.999270699270699	1.0	0.999635216616956	0.989189189189189	1.0	0.999099099099099
GC_00000769	42	42	1	1	0.989933201618214	0.998326154919562	0.994111963863349	0.751479289940828	1.0	0.987320371935756
GC_00000770	42	42	1	1	0.99878175498943	1.0	0.999390506238348	0.979683972911964	1.0	0.99871009351822
GC_00000771	42	42	1	1	0.997688446501869	0.999625046869142	0.998655807819125	0.94488188976378	1.0	0.996332775476236
GC_00000772	42	42	1	1	0.997167334722003	0.999659863945579	0.998412043690435	0.95	1.0	0.996374647419944
GC_00000773	42	42	1	1	0.998818246559891	1.0	0.999408773938229	0.981481481481482	1.0	0.998720264980427
GC_00000774	42	42	1	1	0.997264586229	1.0	0.998630419930409	0.918032786885246	1.0	0.993355038936806
GC_00000775	42	42	1	1	0.998311944077737	1.0	0.99915525905389	0.981366459627329	1.0	0.998311944077737
GC_00000776	42	42	1	1	0.998976269724346	1.0	0.999487872722073	0.959731543624161	1.0	0.996928809173039
GC_00000777	42	42	1	1	0.999774164408311	0.990368065842879	0.995048886892638	0.983818770226537	1.0	0.999020857060166
GC_00000778	42	42	1	1	0.99876211682954	1.0	0.999380675088827	0.980891719745223	1.0	0.998661014817609
GC_00000779	42	42	1	1	0.996409875367609	0.993827160493826	0.995116842146376	0.925925925925926	1.0	0.995354239256678
GC_00000780	42	42	1	1	0.998931044866004	1.0	0.999465236613969	0.988888888888889	1.0	0.998754678022971
GC_00000781	42	42	1	1	0.993402595474096	1.0	0.996690380287011	0.876712328767123	1.0	0.987653731723227
GC_00000782	42	42	1	1	0.999365672381445	0.988503723294927	0.993905022362973	0.931547619047619	1.0	0.98755254134174
GC_00000783	42	42	1	1	0.99931578523706	0.995073891625614	0.997190327361705	0.975369458128079	1.0	0.998192043848658
GC_00000784	42	42	1	1	0.998793392695832	1.0	0.999396332152899	0.973333333333333	1.0	0.998269454123113
GC_00000785	42	42	1	1	0.999487176186093	0.977693361564331	0.988470155828705	0.365591397849462	1.0	0.969053238919486
GC_00000786	42	42	1	1	0.992489982971839	1.0	0.996230838251463	0.959349593495935	1.0	0.992445917490534
GC_00000787	42	42	1	1	0.995579838468274	0.999182379652573	0.997377855965176	0.953068592057762	1.0	0.993706419787251
GC_00000788	42	42	1	1	0.998509157004403	1.0	0.999254022434487	0.96271186440678	1.0	0.997787358018859
GC_00000789	42	42	1	1	0.993595246511471	1.0	0.996787335092348	0.920289855072464	1.0	0.98997626622229
GC_00000790	42	42	1	1	0.998201141771708	0.993423633384867	0.995806657436076	0.947019867549669	1.0	0.996623362638546
GC_00000791	42	42	1	1	0.998080207692833	1.0	0.999039181560492	0.964705882352941	1.0	0.997519983603197
GC_00000792	42	42	1	1	0.99916552663335	0.998401858304303	0.998783546493947	0.9824	1.0	0.998715911730546
GC_00000793	42	42	1	1	0.990678114064054	1.0	0.995317230912377	0.92156862745098	1.0	0.990366878458701
GC_00000794	42	42	1	1	0.998438870534957	1.0	0.999218825510222	0.980561555075594	1.0	0.998231500364988
GC_00000795	42	42	1	1	0.997320257311418	0.970431150182818	0.983691985397478	0.842105263157895	1.0	0.965992216313141
GC_00000796	42	42	1	1	0.998981947491433	1.0	0.999490714506029	0.989417989417989	1.0	0.998813979069496
GC_00000797	42	42	1	1	0.994453065779157	1.0	0.997218819376591	0.899159663865546	1.0	0.992065118730419
GC_00000798	42	42	1	1	0.999395005433747	1.0	0.999697411184579	0.990353697749196	1.0	0.999088773616262
GC_00000799	42	42	1	1	0.999382567717303	1.0	0.999691188523564	0.991379310344828	1.0	0.998147703151908
GC_00000800	42	42	1	1	0.994322873955141	0.996657890056749	0.995489012756103	0.933333333333333	1.0	0.988531853572504
GC_00000801	42	42	1	1	0.999566543854092	1.0	0.999783224945806	0.985645933014354	1.0	0.998699631562276
GC_00000802	42	42	1	1	0.997689093238502	1.0	0.998843210002338	0.979381443298969	1.0	0.997689093238502
GC_00000803	42	42	1	1	0.995915981568779	1.0	0.997953812450557	0.941176470588235	1.0	0.995096141437605
GC_00000804	42	42	1	1	0.984837164113224	1.0	0.992360665065665	0.719745222929936	1.0	0.981646285980603
GC_00000805	42	42	1	1	0.998669664477536	0.99972030109979	0.999194706607004	0.982352941176471	1.0	0.997622463619594
GC_00000806	42	42	1	1	0.99661160960535	1.0	0.998302929634212	0.929203539823009	1.0	0.995487856269207
GC_00000807	42	42	1	1	0.998901291922972	0.998459167950697	0.998680181003853	0.970724191063174	1.0	0.998389374164488
GC_00000808	42	42	1	1	0.992056660062399	0.988438473444592	0.990244261702607	0.819767441860465	1.0	0.985644059098398
GC_00000809	42	42	1	1	0.999134969028262	1.0	0.99956729736354	0.991071428571429	1.0	0.999064107350257
GC_00000810	42	42	1	1	0.998054667677728	1.0	0.999026386838287	0.983471074380165	1.0	0.997792303779
GC_00000811	42	42	1	1	0.998664874124279	1.0	0.999331991124172	0.979452054794521	1.0	0.998556154837478
GC_00000812	42	42	1	1	0.996834680310339	0.922364167920441	0.95815458758354	0.862815884476534	1.0	0.98360147087804
GC_00000813	42	42	1	1	0.999385844507796	1.0	0.99969282792819	0.986363636363636	1.0	0.998590433956288
GC_00000814	42	42	1	1	0.996263235695298	0.969293881238133	0.982593535586035	0.920634920634921	1.0	0.988145935881128
GC_00000815	42	42	1	1	0.998393132932865	1.0	0.999195920441952	0.978494623655914	1.0	0.997589699399298
GC_00000816	42	42	1	1	0.99927467371794	1.0	0.9996372052867	0.986166007905138	1.0	0.999086456138418
GC_00000817	42	42	1	1	0.996881899320924	1.0	0.998438515227097	0.963963963963964	1.0	0.996261069431801
GC_00000818	42	42	1	1	0.999575872091343	1.0	0.999787891065012	0.994029850746269	1.0	0.999296201917243
GC_00000819	42	42	1	1	0.99677306820164	1.0	0.998383926621533	0.934065934065934	1.0	0.99607535321821
GC_00000820	42	42	1	1	0.9974742174272	1.0	0.998735511802474	0.94578313253012	1.0	0.995864993073339
GC_00000821	42	42	1	1	0.996611425407649	1.0	0.998302837222491	0.946236559139785	1.0	0.995928715047519
GC_00000822	42	42	1	1	0.995479280436105	0.930327363155748	0.961801245338918	0.82183908045977	1.0	0.990434805825891
GC_00000823	42	42	1	1	0.994977612819607	1.0	0.997482484440868	0.929347826086957	1.0	0.993795132050699
GC_00000824	42	42	1	1	0.99962025097958	1.0	0.999810089430614	0.993630573248408	1.0	0.99916405897453
GC_00000825	42	42	1	1	0.995293642377418	1.0	0.997641270676844	0.939130434782609	1.0	0.994465485027521
GC_00000826	42	42	1	1	0.999090458777326	1.0	0.999545022478257	0.986899563318777	1.0	0.998813200858147
GC_00000827	42	42	1	1	0.996481081457738	0.980636124690558	0.988495110972068	0.950980392156863	1.0	0.991664958666393
GC_00000828	42	42	1	1	0.998333118251817	1.0	0.999165863922807	0.986111111111111	1.0	0.998112659698026
GC_00000829	42	42	1	1	0.997041092859908	1.0	0.998518354404088	0.952380952380952	1.0	0.994469332448427
GC_00000830	42	42	1	1	0.994433586880393	0.996734510973585	0.995582719493354	0.897637795275591	1.0	0.988815422462436
GC_00000831	42	42	1	1	0.998499212173444	0.981321266248511	0.989835716841546	0.958823529411765	1.0	0.994746191159391
GC_00000832	42	42	1	1	0.999273868336769	1.0	0.999636802303711	0.990430622009569	1.0	0.998710745822427
GC_00000833	42	42	1	1	0.995481666902816	0.99693944815896	0.996210024228422	0.891891891891892	1.0	0.992591895030919
GC_00000834	42	42	1	1	0.992260278263719	1.0	0.996115105129222	0.954356846473029	1.0	0.990689201497824
GC_00000835	42	42	1	1	0.998477222867467	1.0	0.999238031279462	0.966666666666667	1.0	0.997018970189702
GC_00000836	42	42	1	1	0.995928150236276	1.0	0.997959921671909	0.944723618090452	1.0	0.995768622438557
GC_00000837	42	42	1	1	0.996235226694224	1.0	0.998114063285012	0.94488188976378	1.0	0.995985257940319
GC_00000838	42	42	1	1	0.998089862834874	1.0	0.999044018389435	0.966942148760331	1.0	0.997696316986783
GC_00000839	42	42	1	1	0.996908278941944	1.0	0.998451746086358	0.97887323943662	1.0	0.996908278941944
GC_00000840	42	42	1	1	0.998082753700731	1.0	0.999040457010242	0.969101123595506	1.0	0.997993579454254
GC_00000841	42	42	1	1	0.996749366316938	0.995265150633911	0.996006705543662	0.907216494845361	1.0	0.989313552929344
GC_00000842	42	42	1	1	0.999206241064805	1.0	0.999602962956552	0.983240223463687	1.0	0.998851536799486
GC_00000843	42	42	1	1	0.997414858941216	1.0	0.998705756569692	0.974193548387097	1.0	0.996995241841819
GC_00000844	42	42	1	1	0.997106078203639	1.0	0.998550942372093	0.9375	1.0	0.9948606271777
GC_00000845	42	42	1	1	0.997993898374609	0.990291026446563	0.994127541451523	0.957377049180328	1.0	0.993575902972145
GC_00000846	42	42	1	1	0.992277090258587	1.0	0.996123576494869	0.936781609195402	1.0	0.990541604923438
GC_00000847	42	42	1	1	0.998438104916763	1.0	0.999218442102663	0.96875	1.0	0.997383130081301
GC_00000848	42	42	1	1	0.997764138847155	1.0	0.998880818256086	0.967889908256881	1.0	0.997181642851815
GC_00000849	42	42	1	1	0.999279548140798	1.0	0.999639644260918	0.986754966887417	1.0	0.998784718216151
GC_00000850	42	42	1	1	0.999318012360018	1.0	0.99965888986356	0.993055555555556	1.0	0.99924452617542
GC_00000851	42	42	1	1	0.993226228416866	0.999618288823498	0.996412007334673	0.943775100401606	1.0	0.990918377342121
GC_00000852	42	42	1	1	0.997595615053895	0.806690332898836	0.892043458764806	0.705882352941177	1.0	0.984354717496755
GC_00000853	42	42	1	1	0.997915004967606	1.0	0.998956414548562	0.951807228915663	1.0	0.996039908763976
GC_00000854	42	42	1	1	0.998387567835578	1.0	0.999193133408967	0.978947368421053	1.0	0.996735741793508
GC_00000855	42	42	1	1	0.991161723463925	1.0	0.995561246265472	0.861788617886179	1.0	0.98712028932136
GC_00000856	42	42	1	1	0.99718390530285	1.0	0.998589967258562	0.962328767123288	1.0	0.996070195535615
GC_00000857	42	42	1	1	0.998410660798337	1.0	0.999204698397161	0.976608187134503	1.0	0.997853712872968
GC_00000858	42	42	1	1	0.998871230424179	1.0	0.999435296502026	0.987341772151899	1.0	0.998603331422103
GC_00000859	42	42	1	1	0.998110228982264	1.0	0.999054220838107	0.968036529680365	1.0	0.997682423008183
GC_00000860	42	42	1	1	0.993076029661396	1.0	0.996525987852164	0.831730769230769	1.0	0.990641472348789
GC_00000861	42	42	1	1	0.996601122207649	0.956118117841207	0.975939981192352	0.214765100671141	1.0	0.925621058703396
GC_00000862	42	42	1	1	0.983176714884032	1.0	0.991517001490736	0.787878787878788	1.0	0.977545489740612
GC_00000863	42	42	1	1	0.998346778834584	1.0	0.999172705566958	0.972972972972973	1.0	0.996327337790752
GC_00000864	42	42	1	1	0.999099357401225	1.0	0.999549475819978	0.98744769874477	1.0	0.999032943108869
GC_00000865	42	42	1	1	0.995822334846725	1.0	0.997906795068713	0.954545454545455	1.0	0.993105268715025
GC_00000866	42	42	1	1	0.994895065229722	1.0	0.997441000853	0.972093023255814	1.0	0.994895065229722
GC_00000867	42	42	1	1	0.999272791955719	1.0	0.999636263721886	0.99034749034749	1.0	0.999091924179032
GC_00000868	42	42	1	1	0.99703494767374	1.0	0.998515272689787	0.96031746031746	1.0	0.995345021477426
GC_00000869	42	42	1	1	0.996872539182146	1.0	0.998433820508576	0.91156462585034	1.0	0.995152764938728
GC_00000870	42	42	1	1	0.984636387717261	1.0	0.992258726899384	0.763157894736842	1.0	0.973439696802983
GC_00000871	42	42	1	1	0.998610514480879	0.993197278911565	0.995896540785821	0.972789115646258	1.0	0.997479595787211
GC_00000872	42	42	1	1	0.999479515727397	1.0	0.999739690120099	0.990936555891239	1.0	0.999014003951002
GC_00000873	42	42	1	1	0.996106837697395	0.996657850761196	0.996382268049855	0.836363636363636	1.0	0.991218808291979
GC_00000874	42	42	1	1	0.99743377025607	1.0	0.998715236629047	0.971428571428571	1.0	0.996570986118024
GC_00000875	42	42	1	1	0.999084806202775	1.0	0.999542193610604	0.982993197278912	1.0	0.998550175006123
GC_00000876	42	42	1	1	0.996308967614563	1.0	0.998151071579943	0.950226244343891	1.0	0.99458169759461
GC_00000877	42	42	1	1	0.999419859468056	1.0	0.999709845568855	0.99251497005988	1.0	0.99910110093402
GC_00000878	42	42	1	1	0.998159812184202	1.0	0.999079058739658	0.971153846153846	1.0	0.997457488311147
GC_00000879	42	42	1	1	0.994787503551298	1.0	0.997386941496564	0.946768060836502	1.0	0.99343322602156
GC_00000880	42	42	1	1	0.998923248161053	1.0	0.999461334075764	0.977678571428571	1.0	0.998470424755268
GC_00000881	42	42	1	1	0.997492764043287	1.0	0.998744808491001	0.964285714285714	1.0	0.997303799568608
GC_00000882	42	42	1	1	0.997455585666968	1.0	0.998726172260705	0.927777777777778	1.0	0.995541360175506
GC_00000883	42	42	1	1	0.988824679187558	1.0	0.994380942207029	0.74390243902439	1.0	0.983555706637206
GC_00000884	42	42	1	1	0.987759903130946	0.822946940904687	0.897852673730686	0.611111111111111	1.0	0.976771196283391
GC_00000885	42	42	1	1	0.997635615321757	1.0	0.998816408427989	0.975395430579965	1.0	0.996487102706829
GC_00000886	42	42	1	1	0.998858869150752	1.0	0.999429108844622	0.980327868852459	1.0	0.998450143752023
GC_00000887	42	42	1	1	0.997403046702476	0.996292064345566	0.996847245977744	0.872832369942196	1.0	0.992628547259874
GC_00000888	42	42	1	1	0.99659163861078	1.0	0.998292910115766	0.936708860759494	1.0	0.994303062379629
GC_00000889	42	42	1	1	0.998027395239939	1.0	0.99901272386717	0.980392156862745	1.0	0.997849546322594
GC_00000890	42	42	1	1	0.998562198562199	0.967815633432062	0.982948537151336	0.954545454545455	1.0	0.992725161017844
GC_00000891	42	42	1	1	0.999078237410072	0.996726861337098	0.997901164225947	0.951768488745981	1.0	0.995488682493623
GC_00000892	42	42	1	1	0.998373831619315	1.0	0.999186254165785	0.976424361493124	1.0	0.997887045948764
GC_00000893	42	42	1	1	0.998445719751315	1.0	0.999222255459168	0.970588235294118	1.0	0.99603743936599
GC_00000894	42	42	1	1	0.994034560527011	1.0	0.997008357030977	0.956349206349206	1.0	0.99217871430415
GC_00000895	42	42	1	1	0.991239538423806	1.0	0.995600498379452	0.926701570680628	1.0	0.98826398136831
GC_00000896	42	42	1	1	0.991674665485303	0.999798224374497	0.995719876236105	0.949152542372881	1.0	0.990841355144786
GC_00000897	42	42	1	1	0.998079856158101	1.0	0.999039005455172	0.976510067114094	1.0	0.996702757056334
GC_00000898	42	42	1	1	0.99506911092277	1.0	0.997528462021574	0.925675675675676	1.0	0.993886743886744
GC_00000899	42	42	1	1	0.99699763761486	1.0	0.998496561874392	0.959183673469388	1.0	0.996349759415961
GC_00000900	42	42	1	1	0.998674176084164	1.0	0.999336648298307	0.984126984126984	1.0	0.998548199767712
GC_00000901	42	42	1	1	0.999526621053416	1.0	0.999763254491538	0.988399071925754	1.0	0.999021803277363
GC_00000902	42	42	1	1	0.994775435731726	1.0	0.997380875974965	0.930693069306931	1.0	0.993295845263969
GC_00000903	42	42	1	1	0.99644857400955	1.0	0.998221128239072	0.96	1.0	0.99296941540844
GC_00000904	42	42	1	1	0.996908547551345	1.0	0.998451880807238	0.960591133004926	1.0	0.996595778765669
GC_00000905	42	42	1	1	0.992708127889904	1.0	0.996340722453008	0.882075471698113	1.0	0.992116450814104
GC_00000906	42	42	1	1	0.98466796399279	1.0	0.992274760168767	0.735099337748344	1.0	0.98152464022275
GC_00000907	42	42	1	1	0.992437733901149	1.0	0.996204515719523	0.883333333333333	1.0	0.990824622531939
GC_00000908	42	42	1	1	0.999384697194668	1.0	0.999692253918821	0.990719257540603	1.0	0.999037971818233
GC_00000909	42	42	1	1	0.992102206736353	1.0	0.996035447761194	0.9	1.0	0.988286046125767
GC_00000910	42	42	1	1	0.996573156857848	0.996708755444623	0.996640951538999	0.907142857142857	1.0	0.992956694873071
GC_00000911	42	42	1	1	0.999714354491068	1.0	0.999857156844281	0.991404011461318	1.0	0.999279507735724
GC_00000912	42	42	1	1	0.997691798177291	1.0	0.998844565600752	0.971563981042654	1.0	0.996983558190355
GC_00000913	42	42	1	1	0.999562126099814	0.917074793888877	0.956543434191514	0.899603698811096	1.0	0.979911841013107
GC_00000914	42	42	1	1	0.998721515454357	1.0	0.999360348835114	0.973837209302326	1.0	0.998102530859196
GC_00000915	42	42	1	1	0.998956387079399	1.0	0.999477921115565	0.986622073578595	1.0	0.998687067616018
GC_00000916	42	42	1	1	0.988371647509579	0.977529376295171	0.982920613437584	0.626506024096386	1.0	0.959447546282692
GC_00000917	42	42	1	1	0.996873790166473	1.0	0.998434447961147	0.9375	1.0	0.995245354239257
GC_00000918	42	42	1	1	0.978680642185611	1.0	0.989225468041755	0.790123456790123	1.0	0.969379561520483
GC_00000919	42	42	1	1	0.999175209143396	1.0	0.999587434431544	0.991304347826087	1.0	0.997525627430188
GC_00000920	42	42	1	1	0.996867782717236	1.0	0.998431434815127	0.974137931034483	1.0	0.996730946373503
GC_00000921	42	42	1	1	0.998043673445853	1.0	0.999020878982704	0.978723404255319	1.0	0.9970057907266
GC_00000922	42	42	1	1	0.991918312040263	1.0	0.995942761351765	0.863095238095238	1.0	0.98768735136331
GC_00000923	42	42	1	1	0.998734403587691	1.0	0.999366801106722	0.974619289340102	1.0	0.997653537086495
GC_00000924	42	42	1	1	0.992193132940504	1.0	0.996081269968051	0.954128440366973	1.0	0.991901884942834
GC_00000925	42	42	1	1	0.9975876720956	0.999244824899749	0.998415560869789	0.97119341563786	1.0	0.995397255559857
GC_00000926	42	42	1	1	0.99906295531976	0.999667777705157	0.999365275001853	0.988344988344988	1.0	0.998578657115243
GC_00000927	42	42	1	1	0.99814950967334	1.0	0.999073897965242	0.981651376146789	1.0	0.997069760999052
GC_00000928	42	42	1	1	0.994735528129647	1.0	0.997360817112788	0.934579439252336	1.0	0.993715197499105
GC_00000929	42	42	1	1	0.998425966821707	1.0	0.999212363527884	0.976525821596244	1.0	0.997829797211453
GC_00000930	42	42	1	1	0.984764649060156	0.9963117930196	0.990504568493518	0.876760563380282	1.0	0.979556198982513
GC_00000931	42	42	1	1	0.997921678834135	1.0	0.998959758439041	0.975446428571429	1.0	0.997254542060727
GC_00000932	42	42	1	1	0.999727978482792	1.0	0.999863970739953	0.994736842105263	1.0	0.999183935448377
GC_00000933	42	42	1	1	0.998929339047085	1.0	0.999464382791327	0.989655172413793	1.0	0.998710400897112
GC_00000934	42	42	1	1	0.99579739870347	1.0	0.997894274589565	0.91063829787234	1.0	0.994222452862827
GC_00000935	42	42	1	1	0.997848306957316	1.0	0.998922994786346	0.972789115646258	1.0	0.997629713906469
GC_00000936	42	42	1	1	0.999053993345638	1.0	0.999526772834796	0.986906710310966	1.0	0.998481193603145
GC_00000937	42	42	1	1	0.989568046289544	1.0	0.994756674078119	0.875968992248062	1.0	0.988781748282599
GC_00000938	42	42	1	1	0.999655625856137	1.0	0.999827783274575	0.991501416430595	1.0	0.998966877568411
GC_00000939	42	42	1	1	0.996267794127068	1.0	0.99813040821281	0.928057553956835	1.0	0.994936455017171
GC_00000940	42	42	1	1	0.993449523077908	0.999607270637073	0.996518884370159	0.946280991735537	1.0	0.991730737850472
GC_00000941	42	42	1	1	0.995275986194512	1.0	0.99763240081163	0.936170212765957	1.0	0.994600538710554
GC_00000942	42	42	1	1	0.996628206519337	1.0	0.998311256212021	0.965397923875433	1.0	0.996387077068991
GC_00000943	42	42	1	1	0.99894955992517	1.0	0.999474503961536	0.988344988344988	1.0	0.998559705876779
GC_00000944	42	42	1	1	0.998686325846309	1.0	0.99934273120464	0.979661016949153	1.0	0.998255871178567
GC_00000945	42	42	1	1	0.997062239529958	1.0	0.998528958981903	0.952941176470588	1.0	0.995969119355059
GC_00000946	42	42	1	1	0.99569536154902	0.9551677852349	0.975010609870094	0.893333333333333	1.0	0.992837785520712
GC_00000947	42	42	1	1	0.99323035953991	1.0	0.996603683850344	0.94392523364486	1.0	0.989633874976934
GC_00000948	42	42	1	1	0.993259775454897	1.0	0.996618491664708	0.91	1.0	0.99047619047619
GC_00000949	42	42	1	1	0.99241973751389	0.999288730428832	0.995842389099377	0.89922480620155	1.0	0.988844772168652
GC_00000950	42	42	1	1	0.997693250742031	1.0	0.998845293561906	0.976190476190476	1.0	0.997504286267352
GC_00000951	42	42	1	1	0.995116584829215	1.0	0.997552315885739	0.95049504950495	1.0	0.99333034348731
GC_00000952	42	42	1	1	0.998499806426636	1.0	0.999249340145773	0.974358974358974	1.0	0.998097769439233
GC_00000953	42	42	1	1	0.997600259616041	1.0	0.998798688390029	0.952205882352941	1.0	0.996899979503997
GC_00000954	42	42	1	1	0.993302361595044	1.0	0.996639928525647	0.942105263157895	1.0	0.991276972920105
GC_00000955	42	42	1	1	0.995758770551392	0.999609679937549	0.99768050926332	0.926229508196721	1.0	0.992869518859123
GC_00000956	42	42	1	1	0.998562286092345	1.0	0.999280625919112	0.988262910798122	1.0	0.998413243689781
GC_00000957	42	42	1	1	0.998848953014938	1.0	0.999424145089439	0.986577181208054	1.0	0.997825222739284
GC_00000958	42	42	1	1	0.996762195949188	1.0	0.998378472881057	0.948717948717949	1.0	0.996619911254058
GC_00000959	42	42	1	1	0.997139023684366	1.0	0.998567462614417	0.967741935483871	1.0	0.996137763421313
GC_00000960	42	42	1	1	0.999075033221375	1.0	0.999537302620835	0.990990990990991	1.0	0.998547676596457
GC_00000961	42	42	1	1	0.996549839447974	1.0	0.998271938679487	0.948529411764706	1.0	0.995849559335929
GC_00000962	42	42	1	1	0.998213868748162	1.0	0.999106136094953	0.981723237597911	1.0	0.998213868748162
GC_00000963	42	42	1	1	0.985216195445537	0.992592592592593	0.988890638585476	0.866666666666667	1.0	0.981485783111799
GC_00000964	42	42	1	1	0.993625840117575	1.0	0.996802730104035	0.966824644549763	1.0	0.993317590589582
GC_00000965	42	42	1	1	0.998867237349622	1.0	0.999433297705214	0.986772486772487	1.0	0.998783253138654
GC_00000966	42	42	1	1	0.997806168537876	1.0	0.998901879723532	0.978835978835979	1.0	0.997806168537876
GC_00000967	42	42	1	1	0.999323201765797	1.0	0.999661486330172	0.989751098096633	1.0	0.999183760923575
GC_00000968	42	42	1	1	0.997721075152112	1.0	0.998859237720303	0.951965065502183	1.0	0.996480176904077
GC_00000969	42	42	1	1	0.997199281096805	1.0	0.998597676791844	0.957178841309824	1.0	0.995009025297162
GC_00000970	42	42	1	1	0.998192695332044	0.994657595349505	0.996422009899054	0.93127147766323	1.0	0.992245091817634
GC_00000971	42	42	1	1	0.998067426738407	1.0	0.999032778756247	0.96734693877551	1.0	0.997293133281187
GC_00000972	42	42	1	1	0.998935044980178	1.0	0.999467238806736	0.981308411214953	1.0	0.998440558504383
GC_00000973	42	42	1	1	0.998965721040189	1.0	0.999482592948481	0.978723404255319	1.0	0.998670212765957
GC_00000974	42	42	1	1	0.988458502395785	1.0	0.994195756365894	0.88961038961039	1.0	0.986869692444605
GC_00000975	42	42	1	1	0.994446623747221	1.0	0.997215580408793	0.956953642384106	1.0	0.993246725277092
GC_00000976	42	42	1	1	0.997254714894088	1.0	0.99862547070965	0.969642857142857	1.0	0.997027957524473
GC_00000977	42	42	1	1	0.994705484921074	0.760719618857997	0.862118213686377	0.595959595959596	1.0	0.969169042339774
GC_00000978	42	42	1	1	0.994993938469103	0.989246287119464	0.99211178832439	0.88086642599278	1.0	0.99317391833021
GC_00000979	42	42	1	1	0.996643428111143	1.0	0.99831889267678	0.954659949622166	1.0	0.994587747244871
GC_00000980	42	42	1	1	0.997227803352069	1.0	0.998611977740707	0.963503649635037	1.0	0.996312215468349
GC_00000981	42	42	1	1	0.998072503521388	1.0	0.999035322054022	0.976595744680851	1.0	0.9978698692762
GC_00000982	42	42	1	1	0.996333418807286	1.0	0.99816334227631	0.931818181818182	1.0	0.99405327541216
GC_00000983	42	42	1	1	0.974947641368306	0.978080139086964	0.976511378091849	0.510460251046025	1.0	0.943526793307383
GC_00000984	42	42	1	1	0.989984998064266	1.0	0.99496729777085	0.875	1.0	0.989423635307782
GC_00000985	42	42	1	1	0.995594091085971	1.0	0.997792181820086	0.958868894601542	1.0	0.994580941035264
GC_00000986	42	42	1	1	0.997724850046935	1.0	0.998861129472854	0.986301369863014	1.0	0.997724850046935
GC_00000987	42	42	1	1	0.994251321250754	1.0	0.997117374982788	0.941860465116279	1.0	0.993179915187856
GC_00000988	42	42	1	1	0.996697488679701	0.945636478849829	0.970495825568381	0.869791666666667	1.0	0.992396196283391
GC_00000989	42	42	1	1	0.996619689011389	1.0	0.998306983043784	0.955223880597015	1.0	0.994123459358261
GC_00000990	42	42	1	1	0.991037065232597	1.0	0.995498358657449	0.862745098039216	1.0	0.989826825038959
GC_00000991	42	42	1	1	0.998503686061574	1.0	0.999251282872851	0.983122362869198	1.0	0.997726125543353
GC_00000992	42	42	1	1	0.992497145993643	0.992028888025137	0.992262961765588	0.828877005347594	1.0	0.989801685640997
GC_00000993	42	42	1	1	0.996749362603021	1.0	0.998372035340108	0.963963963963964	1.0	0.995103117054337
GC_00000994	42	42	1	1	0.994078088929037	1.0	0.997030251170282	0.944444444444444	1.0	0.989030842689379
GC_00000995	42	42	1	1	0.998971165189717	1.0	0.999485317833394	0.980314960629921	1.0	0.9980200645651
GC_00000996	42	42	1	1	0.999305593962969	1.0	0.999652676389679	0.984126984126984	1.0	0.997916781888907
GC_00000997	42	42	1	1	0.994868581910101	1.0	0.997427691158991	0.88295165394402	1.0	0.993495343895642
GC_00000998	42	42	1	1	0.996718256219107	1.0	0.998356431223749	0.930232558139535	1.0	0.99511114712476
GC_00000999	42	42	1	1	0.996674346134562	1.0	0.998334403468509	0.971311475409836	1.0	0.996030159364825
GC_00001000	42	42	1	1	0.998976591024703	0.999630865063877	0.999303620951094	0.976683937823834	1.0	0.997782431562288
GC_00001001	42	42	1	1	0.998888429562262	1.0	0.999443905712145	0.983050847457627	1.0	0.99827949369082
GC_00001002	42	42	1	1	0.996667976133543	1.0	0.998331207839117	0.970588235294118	1.0	0.994914429186309
GC_00001003	42	42	1	1	0.997648734124816	1.0	0.998822983322834	0.94908350305499	1.0	0.996409233804296
GC_00001004	42	42	1	1	0.993466355209298	0.992592137559682	0.993029053979155	0.933085501858736	1.0	0.99053577365301
GC_00001005	42	42	1	1	0.997045751307488	1.0	0.99852069052971	0.949820788530466	1.0	0.996482376498112
GC_00001006	42	42	1	1	0.998347853198185	0.995201765932961	0.996772327092856	0.983050847457627	1.0	0.997424021282759
GC_00001007	42	42	1	1	0.998958708798911	1.0	0.999479083186408	0.980842911877395	1.0	0.997953017297004
GC_00001008	42	42	1	1	0.989051006581494	0.970486720486722	0.97968092628405	0.787878787878788	1.0	0.98539792035727
GC_00001009	42	42	1	1	0.990868882017282	1.0	0.995413501077245	0.892583120204604	1.0	0.983644783470122
GC_00001010	42	42	1	1	0.993705787638391	1.0	0.996842958273666	0.957597173144876	1.0	0.99255939555862
GC_00001011	42	42	1	1	0.999224518976128	1.0	0.999612109087043	0.99079754601227	1.0	0.998756617715169
GC_00001012	42	42	1	1	0.998484064014478	1.0	0.999241457055966	0.975903614457831	1.0	0.998005961126737
GC_00001013	42	42	1	1	0.987777612918853	0.98720415193951	0.987490799173351	0.509677419354839	1.0	0.969289273537897
GC_00001014	42	42	1	1	0.997345777833583	1.0	0.998671125352519	0.954954954954955	1.0	0.995427483232361
GC_00001015	42	42	1	1	0.995062097860242	1.0	0.997524938123453	0.950920245398773	1.0	0.994164297471196
GC_00001016	42	42	1	1	0.996649691771643	1.0	0.998322035035908	0.961538461538462	1.0	0.996649691771643
GC_00001017	42	42	1	1	0.998632728150524	1.0	0.999315896397463	0.983298538622129	1.0	0.997839575771242
GC_00001018	42	42	1	1	0.99735668125912	1.0	0.998676591534361	0.966153846153846	1.0	0.99652997409095
GC_00001019	42	42	1	1	0.994211839073894	1.0	0.99709751952491	0.967213114754098	1.0	0.994211839073894
GC_00001020	42	42	1	1	0.99764564428455	1.0	0.998821434761372	0.967479674796748	1.0	0.997393841534234
GC_00001021	42	42	1	1	0.991454542521616	1.0	0.995708936711373	0.890625	1.0	0.989413956639566
GC_00001022	42	42	1	1	0.998283472723834	1.0	0.99914099911269	0.981735159817352	1.0	0.997332399938481
GC_00001023	42	42	1	1	0.997653409788006	0.999245063879208	0.998448602509234	0.976666666666667	1.0	0.995857530003871
GC_00001024	42	42	1	1	0.997322044226359	1.0	0.998659226847577	0.93491124260355	1.0	0.995347366829543
GC_00001025	42	42	1	1	0.997755035951078	1.0	0.998876256593766	0.955974842767296	1.0	0.997070833242025
GC_00001026	42	42	1	1	0.99870641664305	1.0	0.999352789711296	0.97179125528914	1.0	0.998127607711701
GC_00001027	42	42	1	1	0.997105383953176	1.0	0.998550594240003	0.970464135021097	1.0	0.995844298406818
GC_00001028	42	42	1	1	0.997301401939844	0.999752307907499	0.998525350973119	0.9453125	1.0	0.99655802361595
GC_00001029	42	42	1	1	0.999093673843427	1.0	0.999546631471836	0.990366088631985	1.0	0.998695337903007
GC_00001030	42	42	1	1	0.998076144722486	1.0	0.999037146165528	0.979545454545454	1.0	0.997609808890297
GC_00001031	42	42	1	1	0.997885195231664	1.0	0.998941478332497	0.977198697068404	1.0	0.996909131492432
GC_00001032	42	42	1	1	0.994154084397987	1.0	0.997068473470656	0.928571428571429	1.0	0.993479342956695
GC_00001033	42	42	1	1	0.998047341909797	1.0	0.99902271680493	0.972677595628415	1.0	0.997188426216815
GC_00001034	42	42	1	1	0.989076314083555	0.994591103182383	0.991826042806899	0.775590551181102	1.0	0.983950176959587
GC_00001035	42	42	1	1	0.998535163194198	1.0	0.999267044767198	0.979591836734694	1.0	0.997937851098628
GC_00001036	42	42	1	1	0.998958349609121	1.0	0.999478903404324	0.973094170403587	1.0	0.998156278808144
GC_00001037	42	42	1	1	0.998007637390005	0.799406843629489	0.887735292831898	0.166666666666667	1.0	0.843244289585753
GC_00001038	42	42	1	1	0.994434765776229	1.0	0.997209618324315	0.895833333333333	1.0	0.993389469608982
GC_00001039	42	42	1	1	0.997962640340689	1.0	0.998980281403579	0.970833333333333	1.0	0.997565814943864
GC_00001040	42	42	1	1	0.997153697251258	1.0	0.998574820379293	0.96	1.0	0.996645760743322
GC_00001041	42	42	1	1	0.998224374495561	1.0	0.999111398335891	0.976271186440678	1.0	0.997901533494754
GC_00001042	42	42	1	1	0.996181636911186	1.0	0.998087166509195	0.915929203539823	1.0	0.993961538856855
GC_00001043	42	42	1	1	0.977387391858138	0.960432906727117	0.968835979730499	0.729508196721312	1.0	0.967927114868338
GC_00001044	42	42	1	1	0.99673385052714	1.0	0.99836425396805	0.94475138121547	1.0	0.995360656053285
GC_00001045	42	42	1	1	0.994791116742336	1.0	0.997388757542609	0.909090909090909	1.0	0.993286986868501
GC_00001046	42	42	1	1	0.995978631389101	1.0	0.997985264697899	0.932926829268293	1.0	0.995591484660491
GC_00001047	42	42	1	1	0.995848746002466	1.0	0.997920055812922	0.949579831932773	1.0	0.995315199250432
GC_00001048	42	42	1	1	0.995388593573893	0.989931941626857	0.992652768798558	0.932432432432432	1.0	0.994416454782308
GC_00001049	42	42	1	1	0.996213979891278	0.999704229517895	0.997956053015795	0.968944099378882	1.0	0.995722148880761
GC_00001050	42	42	1	1	0.998816947254077	1.0	0.999408123516489	0.975728155339806	1.0	0.997837804314243
GC_00001051	42	42	1	1	0.996563085164379	1.0	0.998278584402787	0.959183673469388	1.0	0.995915206965481
GC_00001052	42	42	1	1	0.995443986907402	1.0	0.997716792291594	0.904545454545455	1.0	0.993480097138634
GC_00001053	42	42	1	1	0.997059377307278	1.0	0.998527523654962	0.934426229508197	1.0	0.996122186046216
GC_00001054	42	42	1	1	0.997452734882378	0.999704229517895	0.998577213089049	0.981366459627329	1.0	0.997157717806104
GC_00001055	42	42	1	1	0.998251387275778	1.0	0.999124928557359	0.978571428571429	1.0	0.998100215696034
GC_00001056	42	42	1	1	0.997216023524601	0.978377581376793	0.987706984660825	0.956043956043956	1.0	0.995239371545992
GC_00001057	42	42	1	1	0.995444209975299	1.0	0.997716904335422	0.962441314553991	1.0	0.993846548123429
GC_00001058	42	42	1	1	0.995146390570522	1.0	0.99756729157699	0.96165191740413	1.0	0.994511424254571
GC_00001059	42	42	1	1	0.998404955478126	1.0	0.999201841189644	0.984	1.0	0.998150987224158
GC_00001060	42	42	1	1	0.986542205406994	0.99981178242048	0.993132671080245	0.786561264822134	1.0	0.983455215692756
GC_00001061	42	42	1	1	0.990046094657375	1.0	0.994998153374765	0.8984375	1.0	0.987233231707317
GC_00001062	42	42	1	1	0.99231298662193	1.0	0.996141663769856	0.877777777777778	1.0	0.991289198606272
GC_00001063	42	42	1	1	0.999565816752961	1.0	0.999782861237474	0.995327102803738	1.0	0.999142488087097
GC_00001064	42	42	1	1	0.995765980840608	0.995807926829269	0.995786953393211	0.890625	1.0	0.990871806039489
GC_00001065	42	42	1	1	0.9974879759826	0.973727999642634	0.98546479282976	0.846153846153846	1.0	0.970624497453766
GC_00001066	42	42	1	1	0.990486029564321	1.0	0.9952202777139	0.889502762430939	1.0	0.988026257531715
GC_00001067	42	42	1	1	0.99803838756493	1.0	0.999018230857186	0.981283422459893	1.0	0.997953505127106
GC_00001068	42	42	1	1	0.999172400837246	0.993513184340323	0.996334756516361	0.98371335504886	1.0	0.99785871288215
GC_00001069	42	42	1	1	0.998720611886098	1.0	0.999359896472627	0.974910394265233	1.0	0.997843634350322
GC_00001070	42	42	1	1	0.986906079657711	1.0	0.993409894671748	0.868544600938967	1.0	0.981373334860109
GC_00001071	42	42	1	1	0.995794388215991	1.0	0.997892762997611	0.916666666666667	1.0	0.993591338974614
GC_00001072	42	42	1	1	0.997970705897535	1.0	0.99898432239448	0.979166666666667	1.0	0.99730933023616
GC_00001073	42	42	1	1	0.999361303726191	1.0	0.999680549847285	0.99009900990099	1.0	0.999205103437173
GC_00001074	42	42	1	1	0.989828599584697	1.0	0.99488830323505	0.92822966507177	1.0	0.98882461141768
GC_00001075	42	42	1	1	0.998381701777514	1.0	0.999190195636276	0.97427652733119	1.0	0.997901191689914
GC_00001076	42	42	1	1	0.991736586008421	1.0	0.995851151176502	0.867219917012448	1.0	0.988616922328085
GC_00001077	42	42	1	1	0.99876369011624	1.0	0.999381462706235	0.978512396694215	1.0	0.998291435098531
GC_00001078	42	42	1	1	0.998247579648941	1.0	0.999123021406904	0.971731448763251	1.0	0.997065619318485
GC_00001079	42	42	1	1	0.980825322979737	0.965553494124924	0.973129495046666	0.75	1.0	0.975959507971703
GC_00001080	42	42	1	1	0.99250295591759	0.978354134527385	0.985377757890493	0.845814977973568	1.0	0.990360558105266
GC_00001081	42	42	1	1	0.998997012272715	1.0	0.999498254514075	0.991561181434599	1.0	0.998681740886125
GC_00001082	42	42	1	1	0.998339764028994	1.0	0.999169192346121	0.97752808988764	1.0	0.997411771870528
GC_00001083	42	42	1	1	0.996868082233936	1.0	0.998431585043635	0.974358974358974	1.0	0.996471008666131
GC_00001084	42	42	1	1	0.997895642448488	1.0	0.998946712977995	0.986666666666667	1.0	0.997295134856111
GC_00001085	42	42	1	1	0.998368555114123	1.0	0.99918361161073	0.977859778597786	1.0	0.997788549314064
GC_00001086	42	42	1	1	0.99716857133298	1.0	0.998582278577952	0.980246913580247	1.0	0.996564431252778
GC_00001087	42	42	1	1	0.997794017828861	1.0	0.998895790981727	0.983766233766234	1.0	0.997794017828861
GC_00001088	42	42	1	1	0.998991636658746	0.964926337103757	0.981663545663931	0.951612903225806	1.0	0.996855213367802
GC_00001089	42	42	1	1	0.996810711949484	1.0	0.998402809023694	0.937931034482759	1.0	0.995966999078858
GC_00001090	42	42	1	1	0.998880200596026	1.0	0.999439786634717	0.991279069767442	1.0	0.998511060692002
GC_00001091	42	42	1	1	0.998061883915542	1.0	0.999030001973383	0.966153846153846	1.0	0.997294737782543
GC_00001092	42	42	1	1	0.985668657706985	1.0	0.992782611420394	0.866071428571429	1.0	0.982982827277252
GC_00001093	42	42	1	1	0.998389879830681	1.0	0.999194291271403	0.986754966887417	1.0	0.998184768981086
GC_00001094	42	42	1	1	0.998912920313872	1.0	0.999456164560707	0.984756097560976	1.0	0.998190561173904
GC_00001095	42	42	1	1	0.994878762934647	1.0	0.997432807867572	0.898058252427185	1.0	0.993747392397641
GC_00001096	42	42	1	1	0.996083596040042	1.0	0.998037955941461	0.975446428571429	1.0	0.995530529284885
GC_00001097	42	42	1	1	0.992254814574724	1.0	0.996112352010087	0.875	1.0	0.989344461550928
GC_00001098	42	42	1	1	0.997361271163237	0.972990745860435	0.985025293690727	0.947103274559194	1.0	0.993525775488054
GC_00001099	42	42	1	1	0.993948652485238	1.0	0.996965143757729	0.918918918918919	1.0	0.990739868788649
GC_00001100	42	42	1	1	0.995831188061512	1.0	0.997911240207376	0.945876288659794	1.0	0.992923596393549
GC_00001101	42	42	1	1	0.996837238960625	1.0	0.998416114755041	0.969411764705882	1.0	0.995939058550249
GC_00001102	42	42	1	1	0.997872913143466	0.985187153347137	0.991489457444213	0.940446650124069	1.0	0.995694313554266
GC_00001103	42	42	1	1	0.99404256302691	1.0	0.997012382241206	0.925373134328358	1.0	0.9918005789866
GC_00001104	42	42	1	1	0.984590375256487	0.955651272234188	0.969905007410084	0.723618090452261	1.0	0.979409241328594
GC_00001105	42	42	1	1	0.998985906703417	1.0	0.999492696124979	0.977611940298508	1.0	0.997313086137258
GC_00001106	42	42	1	1	0.995276242663002	1.0	0.997632529653792	0.886446886446886	1.0	0.993469557929488
GC_00001107	42	42	1	1	0.999362696923673	1.0	0.999681246890668	0.993006993006993	1.0	0.999140696701672
GC_00001108	42	42	1	1	0.995591673655191	1.0	0.997790967760086	0.909365558912387	1.0	0.994733167012292
GC_00001109	42	42	1	1	0.989852884243128	1.0	0.994900569867641	0.825	1.0	0.985865272938444
GC_00001110	42	42	1	1	0.996016578157959	0.997958325827179	0.99698650654837	0.879781420765027	1.0	0.992555358808857
GC_00001111	42	42	1	1	0.997647422180538	1.0	0.998822325805174	0.97489539748954	1.0	0.995948728166301
GC_00001112	42	42	1	1	0.995504764641587	1.0	0.997747319155502	0.961708394698085	1.0	0.995121609116365
GC_00001113	42	42	1	1	0.99910506081805	1.0	0.999552330090354	0.986046511627907	1.0	0.998536045161116
GC_00001114	42	42	1	1	0.993714449507132	1.0	0.996847316578148	0.927884615384615	1.0	0.993561824354507
GC_00001115	42	42	1	1	0.994379697491556	1.0	0.997181929541545	0.908045977011494	1.0	0.993832352116625
GC_00001116	42	42	1	1	0.993522211263109	0.996943203437294	0.995229767538394	0.898773006134969	1.0	0.991595590802534
GC_00001117	42	42	1	1	0.999363358712952	1.0	0.999681577996179	0.988888888888889	1.0	0.998795543510991
GC_00001118	42	42	1	1	0.99458728436414	0.978895495205956	0.986679004582214	0.307086614173228	1.0	0.961763925850732
GC_00001119	42	42	1	1	0.995369225581657	1.0	0.99767923933126	0.954838709677419	1.0	0.994784758907497
GC_00001120	42	42	1	1	0.992096967156567	1.0	0.996032807150591	0.849624060150376	1.0	0.987294019019675
GC_00001121	42	42	1	1	0.997106132274411	1.0	0.998550969485887	0.960893854748603	1.0	0.996093927419721
GC_00001122	42	42	1	1	0.993750033159841	0.995054841911614	0.994402009508348	0.929545454545455	1.0	0.99203885545349
GC_00001123	42	42	1	1	0.998324938717859	1.0	0.99916176731337	0.987531172069825	1.0	0.997651052392248
GC_00001124	42	42	1	1	0.998271645349519	0.982650354911374	0.99039940640921	0.794117647058823	1.0	0.979220468675275
GC_00001125	42	42	1	1	0.994325148215754	0.997001361671895	0.995661456615317	0.942257217847769	1.0	0.992848454918745
GC_00001126	42	42	1	1	0.99626467222286	1.0	0.998128841416113	0.952380952380952	1.0	0.994103457518092
GC_00001127	42	42	1	1	0.992857029656345	1.0	0.996415713602452	0.900584795321637	1.0	0.990728854656968
GC_00001128	42	42	1	1	0.985552498521763	0.947040984415445	0.96591302478637	0.683823529411765	1.0	0.955241852838696
GC_00001129	42	42	1	1	0.980174263823767	1.0	0.989987883117949	0.814814814814815	1.0	0.976914583960654
GC_00001130	42	42	1	1	0.986946581056107	1.0	0.993430412740661	0.915094339622642	1.0	0.985010847413056
GC_00001131	42	42	1	1	0.995952919764838	1.0	0.997972356865192	0.958762886597938	1.0	0.993019385274854
GC_00001132	42	42	1	1	0.998416557431537	1.0	0.999207651396514	0.979099678456592	1.0	0.998416557431537
GC_00001133	42	42	1	1	0.99780155964825	1.0	0.998899570209497	0.976190476190476	1.0	0.996211492727172
GC_00001134	42	42	1	1	0.997207928559891	1.0	0.998602012639654	0.973509933774834	1.0	0.996577212697387
GC_00001135	42	42	1	1	0.997580734550677	1.0	0.998788902291918	0.954356846473029	1.0	0.996578329742989
GC_00001136	42	42	1	1	0.997030220607456	1.0	0.99851290212742	0.965811965811966	1.0	0.995875398314423
GC_00001137	42	42	1	1	0.997445684807104	1.0	0.99872120918615	0.964187327823691	1.0	0.996707653026943
GC_00001138	42	42	1	1	0.998603827884537	0.989567558472153	0.994065158186882	0.725352112676056	1.0	0.985633312067527
GC_00001139	42	42	1	1	0.996918994711989	0.969428899204178	0.98298178733227	0.934831460674157	1.0	0.995046261859087
GC_00001140	42	42	1	1	0.996537920588554	0.875552589295377	0.932135868533872	0.819148936170213	1.0	0.983906639978254
GC_00001141	42	42	1	1	0.998803103306846	1.0	0.999401193298543	0.98019801980198	1.0	0.997473005140235
GC_00001142	41	42	2	0	0.961881913901106	1.0	0.980570652173913	0.590163934426229	1.0	0.952571352411417
GC_00001143	42	42	1	1	0.991602277070084	1.0	0.995783433757532	0.852090032154341	1.0	0.989998916985036
GC_00001144	42	42	1	1	0.999169017200376	1.0	0.999584335895327	0.985714285714286	1.0	0.998187323709972
GC_00001145	42	42	1	1	0.999151050148833	1.0	0.99957534481894	0.991735537190083	1.0	0.998739373462212
GC_00001146	42	42	1	1	0.99012572080608	1.0	0.995038364114042	0.852631578947368	1.0	0.985805978360536
GC_00001147	42	42	1	1	0.99747093803724	1.0	0.998733867955423	0.957854406130268	1.0	0.996773777261582
GC_00001148	42	42	1	1	0.992989786081945	1.0	0.996482564051753	0.87248322147651	1.0	0.990069296666121
GC_00001149	42	42	1	1	0.991218928823339	1.0	0.995590102600195	0.928082191780822	1.0	0.988795284234643
GC_00001150	41	42	2	0	0.995061811592575	0.939834955662482	0.966660226432907	0.0533333333333333	1.0	0.914781262098335
GC_00001151	42	42	1	1	0.99299198803126	1.0	0.996483672784023	0.919491525423729	1.0	0.991220299612197
GC_00001152	42	42	1	1	0.997816165284389	1.0	0.99890688905538	0.976525821596244	1.0	0.996349369932331
GC_00001153	42	42	1	1	0.998697611323149	1.0	0.999348381331187	0.984101748807631	1.0	0.998123969429565
GC_00001154	42	42	1	1	0.99813794480011	1.0	0.999068104779885	0.968858131487889	1.0	0.99737972663958
GC_00001155	42	42	1	1	0.99267239055754	1.0	0.996322722451928	0.94620253164557	1.0	0.991454593569444
GC_00001156	42	42	1	1	0.997857296912069	1.0	0.998927499430894	0.974048442906574	1.0	0.997381736051666
GC_00001157	42	42	1	1	0.99402438510933	1.0	0.997003238809268	0.938992042440318	1.0	0.992258092342197
GC_00001158	42	42	1	1	0.990410673337503	1.0	0.995182237117721	0.898785425101215	1.0	0.988216319410158
GC_00001159	42	42	1	1	0.998947487381422	1.0	0.999473466599187	0.978898007033998	1.0	0.998506330734049
GC_00001160	42	42	1	1	0.997180927790914	1.0	0.998588474299019	0.952741020793951	1.0	0.996487137434161
GC_00001161	42	42	1	1	0.99279703323349	1.0	0.996385499051641	0.885964912280702	1.0	0.991961611345437
GC_00001162	42	42	1	1	0.991615405572045	1.0	0.995790053438783	0.882716049382716	1.0	0.98712020188985
GC_00001163	42	42	1	1	0.998108969773862	0.999704599224132	0.998906147294059	0.972636815920398	1.0	0.997499436614835
GC_00001164	42	42	1	1	0.997544796343486	1.0	0.998770889313217	0.965671641791045	1.0	0.996981989009656
GC_00001165	42	42	1	1	0.998645415659098	1.0	0.999322248793964	0.984478935698448	1.0	0.998243675816549
GC_00001166	42	42	1	1	0.996952716213465	1.0	0.998474033079605	0.95360824742268	1.0	0.996018774620736
GC_00001167	42	42	1	1	0.994575595836215	1.0	0.997280421872649	0.932584269662921	1.0	0.993148807892573
GC_00001168	42	42	1	1	0.988704675115825	1.0	0.994320260305358	0.912087912087912	1.0	0.987658102640681
GC_00001169	42	42	1	1	0.994598678705681	1.0	0.997292026034117	0.967741935483871	1.0	0.993949271289948
GC_00001170	42	42	1	1	0.995936727031286	0.925410455281654	0.959379198593613	0.766666666666667	1.0	0.966834430249064
GC_00001171	42	42	1	1	0.994336186748111	1.0	0.997160050903391	0.944444444444444	1.0	0.994042242009722
GC_00001172	42	42	1	1	0.996338049127013	0.994714338718132	0.995525531851722	0.835078534031414	1.0	0.990045667098406
GC_00001173	42	42	1	1	0.996520852895452	1.0	0.998257395058257	0.926503340757238	1.0	0.994994684277101
GC_00001174	42	42	1	1	0.986694529717469	1.0	0.993302709559268	0.87360594795539	1.0	0.9837527902629
GC_00001175	42	42	1	1	0.998778564890663	1.0	0.999388909241478	0.978807947019868	1.0	0.998286298851636
GC_00001176	42	42	1	1	0.995919915755875	0.999839124839129	0.997875672087491	0.945945945945946	1.0	0.994169256364378
GC_00001177	42	42	1	1	0.9976778985956	1.0	0.998837599692106	0.983903420523139	1.0	0.997553263833874
GC_00001178	42	42	1	1	0.994605755581365	1.0	0.99729558364928	0.966666666666667	1.0	0.994605755581365
GC_00001179	42	42	1	1	0.993770457185091	1.0	0.996875496478314	0.96969696969697	1.0	0.993770457185091
GC_00001180	42	42	1	1	0.997839662147985	1.0	0.998918663047418	0.961832061068702	1.0	0.996790524066636
GC_00001181	42	42	1	1	0.998086628622862	1.0	0.999042398187482	0.978339350180505	1.0	0.997530367258288
GC_00001182	42	42	1	1	0.997475706844296	1.0	0.998736258395006	0.953271028037383	1.0	0.995307202738249
GC_00001183	42	42	1	1	0.997086789510246	1.0	0.998541269961298	0.953900709219858	1.0	0.994233984893041
GC_00001184	42	42	1	1	0.990219953844527	0.999808758844904	0.994991254873679	0.911646586345382	1.0	0.988684120920383
GC_00001185	42	42	1	1	0.998252098138415	1.0	0.999125284610879	0.976694915254237	1.0	0.998117581054745
GC_00001186	42	42	1	1	0.993275993770027	0.816395350150813	0.896191350384503	0.713725490196078	1.0	0.967880485527544
GC_00001187	42	42	1	1	0.986022829925269	1.0	0.99296223091491	0.878787878787879	1.0	0.976088410234752
GC_00001188	42	42	1	1	0.978593232560047	1.0	0.989180814384847	0.802973977695167	1.0	0.969647120794097
GC_00001189	42	42	1	1	0.9892939618668	1.0	0.994618171904994	0.879377431906615	1.0	0.985416468950682
GC_00001190	42	42	1	1	0.997991727285694	1.0	0.998994854339545	0.962105263157895	1.0	0.996723516107342
GC_00001191	42	42	1	1	0.988549883884113	0.993457743457743	0.990997737234777	0.723905723905724	1.0	0.980103004493248
GC_00001192	42	42	1	1	0.991578455030697	0.991586707955592	0.991582581475972	0.763157894736842	1.0	0.981023442753225
GC_00001193	42	42	1	1	0.994562739278186	1.0	0.997273958540015	0.94	1.0	0.992169312169312
GC_00001194	42	42	1	1	0.998478042225623	1.0	0.999238441582935	0.973544973544973	1.0	0.996921261729624
GC_00001195	42	42	1	1	0.993259371682236	1.0	0.996618288410667	0.94478527607362	1.0	0.991307012106054
GC_00001196	42	42	1	1	0.998426214186064	1.0	0.999212487404957	0.968441814595661	1.0	0.997711481764014
GC_00001197	42	42	1	1	0.996501564718028	1.0	0.99824771723509	0.970486111111111	1.0	0.995872451284037
GC_00001198	42	42	1	1	0.991872552350402	1.0	0.995919694942326	0.900226757369615	1.0	0.990471449904003
GC_00001199	42	42	1	1	0.992972432760355	0.999730586929599	0.996340049871433	0.923512747875354	1.0	0.990813764875811
GC_00001200	42	42	1	1	0.995518593999956	0.95674569203981	0.975747118836129	0.900900900900901	1.0	0.992445407079553
GC_00001201	42	42	1	1	0.998152416689002	1.0	0.999075354164394	0.972307692307692	1.0	0.997594925399803
GC_00001202	42	42	1	1	0.989828483811154	1.0	0.994888244754963	0.911184210526316	1.0	0.98667018155144
GC_00001203	42	42	1	1	0.992871675219508	0.920410487748768	0.955268930582589	0.796747967479675	1.0	0.986934584793003
GC_00001204	42	42	1	1	0.986272718920409	0.999558067086863	0.992870953045018	0.883720930232558	1.0	0.982400129649137
GC_00001205	42	42	1	1	0.975264304999837	0.995149955507804	0.985106786101819	0.812709030100334	1.0	0.967122308585723
GC_00001206	42	42	1	1	0.999527145058666	0.998004768017602	0.998765376414272	0.993684210526316	1.0	0.998437557307904
GC_00001207	42	42	1	1	0.995044219415408	1.0	0.997515954515513	0.9375	1.0	0.994088450929152
GC_00001208	42	42	1	1	0.99505986501603	1.0	0.997523816166825	0.967741935483871	1.0	0.993711095767969
GC_00001209	42	42	1	1	0.996551870846967	0.991866457434656	0.994203643899288	0.797029702970297	1.0	0.986884925426341
GC_00001210	42	42	1	1	0.99295957126852	0.999907893524908	0.996421619402992	0.885880077369439	1.0	0.989144914936301
GC_00001211	42	42	1	1	0.994583876223099	1.0	0.997284584598589	0.918781725888325	1.0	0.993939286746022
GC_00001212	42	42	1	1	0.956880477175331	0.986335165454955	0.971384588586202	0.484567901234568	1.0	0.94375259890165
GC_00001213	42	42	1	1	0.997953517926265	0.890885010437154	0.941384683638215	0.828651685393258	1.0	0.990701953568492
GC_00001214	42	42	1	1	0.994967092528068	1.0	0.997477197748884	0.947368421052632	1.0	0.993887156916682
GC_00001215	42	42	1	1	0.995259283673918	0.993185099296344	0.994221109674428	0.735211267605634	1.0	0.985997284520129
GC_00001216	42	42	1	1	0.996317384776635	1.0	0.998155295720286	0.965156794425087	1.0	0.995758922248257
GC_00001217	42	42	1	1	0.998841792772237	1.0	0.999420560830802	0.983298538622129	1.0	0.998445755408941
GC_00001218	42	42	1	1	0.996234393147503	1.0	0.998113644937978	0.9375	1.0	0.994292610336818
GC_00001219	42	42	1	1	0.985855446375157	0.946186082241572	0.9656135115585	0.525139664804469	1.0	0.971431166825635
GC_00001220	42	42	1	1	0.981519149183472	0.8545924999205	0.913668734501937	0.597744360902256	1.0	0.97212543554007
GC_00001221	42	42	1	1	0.993110939045898	1.0	0.996543563722851	0.944444444444444	1.0	0.992431281455672
GC_00001222	42	42	1	1	0.994338164509177	1.0	0.997161045407654	0.938697318007663	1.0	0.99373890290627
GC_00001223	42	42	1	1	0.98668303241474	1.0	0.993296883615564	0.875	1.0	0.983973005314469
GC_00001224	42	42	1	1	0.995620402632598	1.0	0.997805395574416	0.944444444444444	1.0	0.994959026971222
GC_00001225	41	42	2	0	0.99602208380521	0.956221218633874	0.975715936197647	0.014367816091954	1.0	0.938577169022922
GC_00001226	42	42	1	1	0.994900804282234	0.999832327297115	0.99736046975636	0.887323943661972	1.0	0.992904581963325
GC_00001227	42	42	1	1	0.992613062419623	1.0	0.996292838926085	0.885057471264368	1.0	0.991723069940059
GC_00001228	42	42	1	1	0.99667479800087	1.0	0.998334630154866	0.938511326860841	1.0	0.99595563223316
GC_00001229	42	42	1	1	0.996376136445823	0.997807017543859	0.997091063646628	0.934210526315789	1.0	0.995150477820568
GC_00001230	42	42	1	1	0.999040198735321	1.0	0.999519868952467	0.982142857142857	1.0	0.997687489629998
GC_00001231	42	42	1	1	0.99713966887568	1.0	0.998567786134893	0.952941176470588	1.0	0.993659902985584
GC_00001232	42	42	1	1	0.996756263481002	1.0	0.998375497010665	0.953571428571429	1.0	0.995769039323046
GC_00001233	42	42	1	1	0.986589101479987	1.0	0.993249284157443	0.87719298245614	1.0	0.983661728847865
GC_00001234	42	42	1	1	0.996456451771341	1.0	0.998225081130362	0.966417910447761	1.0	0.995453915093522
GC_00001235	42	42	1	1	0.990299417818976	1.0	0.995126068925019	0.90188679245283	1.0	0.987666820064427
GC_00001236	42	42	1	1	0.996933580817784	1.0	0.998464436067543	0.969626168224299	1.0	0.996027223289589
GC_00001237	42	42	1	1	0.99634533488192	1.0	0.998169322183781	0.942222222222222	1.0	0.995096141437605
GC_00001238	42	42	1	1	0.984459802159204	0.998876306209922	0.991615658731224	0.635014836795252	1.0	0.976536840400197
GC_00001239	42	42	1	1	0.998255006940313	1.0	0.999126741555194	0.965853658536585	1.0	0.997308858106003
GC_00001240	42	42	1	1	0.996628103890447	0.948097475732292	0.971757248882073	0.899082568807339	1.0	0.98241856599431
GC_00001241	42	42	1	1	0.994921438432713	1.0	0.997454254854629	0.917452830188679	1.0	0.993261455525607
GC_00001242	42	42	1	1	0.998685333122987	1.0	0.999342234190032	0.985948477751756	1.0	0.997595519615283
GC_00001243	42	42	1	1	0.9968364581605	1.0	0.998415723117148	0.963265306122449	1.0	0.995050842636706
GC_00001244	42	42	1	1	0.985552595021749	1.0	0.992723735944102	0.823529411764706	1.0	0.979053084648494
GC_00001245	42	42	1	1	0.998977885548841	0.994792663782212	0.996880881963156	0.967032967032967	1.0	0.995430817730469
GC_00001246	42	42	1	1	0.993747712015507	1.0	0.996864052584581	0.931972789115646	1.0	0.990913903308129
GC_00001247	42	42	1	1	0.992630170565214	1.0	0.996301456465102	0.89119170984456	1.0	0.989071630168559
GC_00001248	42	42	1	1	0.997143879794593	1.0	0.998569897625152	0.968553459119497	1.0	0.996303844440062
GC_00001249	42	42	1	1	0.997590552657967	1.0	0.998793823219264	0.971014492753623	1.0	0.996109295609371
GC_00001250	42	42	1	1	0.989344861702585	1.0	0.994643895835991	0.822222222222222	1.0	0.987933926958317
GC_00001251	42	42	1	1	0.992246943944696	1.0	0.996108386021688	0.928104575163399	1.0	0.991831963137559
GC_00001252	42	42	1	1	0.993423375383799	1.0	0.996700839020243	0.955974842767296	1.0	0.992103667667405
GC_00001253	42	42	1	1	0.997821446368476	1.0	0.998909535366394	0.967254408060453	1.0	0.997185628567333
GC_00001254	42	42	1	1	0.988749202163836	1.0	0.994342776945468	0.878378378378378	1.0	0.985876991974553
GC_00001255	42	42	1	1	0.992008929129332	0.954614320498882	0.972952449828682	0.130111524163569	1.0	0.913205013622096
GC_00001256	42	42	1	1	0.998143331533919	1.0	0.999070803161725	0.98943661971831	1.0	0.997521715659813
GC_00001257	42	42	1	1	0.996037055005873	1.0	0.99801459347451	0.953586497890295	1.0	0.994746565910505
GC_00001258	42	42	1	1	0.992379751466256	0.99976070830342	0.996056556520702	0.869346733668342	1.0	0.990562568942272
GC_00001259	42	42	1	1	0.999113571810707	1.0	0.999556589379517	0.985436893203884	1.0	0.998573571033907
GC_00001260	42	42	1	1	0.995782865991925	1.0	0.997886977546538	0.958333333333333	1.0	0.995243625905647
GC_00001261	42	42	1	1	0.998948776227338	1.0	0.999474111700528	0.976076555023923	1.0	0.997757698014437
GC_00001262	42	42	1	1	0.998226035578235	1.0	0.999112230353233	0.979716024340771	1.0	0.998032854857671
GC_00001263	42	42	1	1	0.994428606623729	1.0	0.997206521528137	0.954545454545455	1.0	0.993865484109387
GC_00001264	42	42	1	1	0.997233955579779	0.999860354699067	0.998545428137273	0.947214076246334	1.0	0.996536115340207
GC_00001265	40	42	2	0	0.982450275781381	0.930778641530354	0.955916696416855	0.111510791366906	1.0	0.881808838643371
GC_00001266	42	42	1	1	0.998652823428176	0.997979797979791	0.998316197272186	0.97979797979798	1.0	0.998113539576954
GC_00001267	42	42	1	1	0.997294474605876	1.0	0.998645404857159	0.965116279069767	1.0	0.995543310914837
GC_00001268	42	42	1	1	0.987741854162728	0.985887445887447	0.98681377883057	0.49	1.0	0.966341463414634
GC_00001269	42	42	1	1	0.996558431841987	1.0	0.998276249718954	0.957055214723926	1.0	0.995233107458156
GC_00001270	42	42	1	1	0.993514334011798	1.0	0.996746616827605	0.940594059405941	1.0	0.991593932912455
GC_00001271	42	42	1	1	0.977449661342441	0.962977498691785	0.970159611618788	0.552380952380952	1.0	0.968884464354848
GC_00001272	42	42	1	1	0.998251639862611	1.0	0.999125055071888	0.98932384341637	1.0	0.998251639862611
GC_00001273	42	42	1	1	0.998675077900928	1.0	0.999337099804905	0.974477958236659	1.0	0.997572024112684
GC_00001274	42	42	1	1	0.996873979944281	1.0	0.998434543147382	0.96078431372549	1.0	0.995896244676733
GC_00001275	42	42	1	1	0.992643274425866	0.998230932699993	0.995429262302824	0.855345911949686	1.0	0.98844403538375
GC_00001276	42	42	1	1	0.99851961244305	1.0	0.999259257928852	0.99205298013245	1.0	0.998047857488982
GC_00001277	42	42	1	1	0.993964215113042	0.999892990904227	0.996919788339691	0.923595505617978	1.0	0.991528011588302
GC_00001278	42	42	1	1	0.988050440558074	0.990990893887926	0.98951848276489	0.888157894736842	1.0	0.978880127147136
GC_00001279	42	42	1	1	0.993286309169712	1.0	0.996631848219996	0.951219512195122	1.0	0.993286309169712
GC_00001280	42	42	1	1	0.99492967314166	1.0	0.997458393182174	0.944237918215613	1.0	0.993061582235578
GC_00001281	42	42	1	1	0.998266185155467	1.0	0.999132340397184	0.984227129337539	1.0	0.998071594055283
GC_00001282	42	42	1	1	0.998089015462888	1.0	0.999043593892803	0.977168949771689	1.0	0.99759756893068
GC_00001283	42	42	1	1	0.997605367502034	0.998797309395728	0.998200982627509	0.94421052631579	1.0	0.996538908246225
GC_00001284	42	42	1	1	0.996953827536564	1.0	0.998474590437981	0.988023952095808	1.0	0.995868889398903
GC_00001285	42	42	1	1	0.99807303667119	1.0	0.999035589143418	0.98705501618123	1.0	0.997970298704374
GC_00001286	42	42	1	1	0.997477452336298	0.961865860397611	0.97934803123394	0.424749163879599	1.0	0.944491704831047
GC_00001287	42	42	1	1	0.976235292200385	0.776867793187736	0.865215244220272	0.566176470588235	1.0	0.892267882762861
GC_00001288	42	42	1	1	0.997749055675885	1.0	0.998873259723127	0.983108108108108	1.0	0.997029695200427
GC_00001289	42	42	1	1	0.999046440774967	1.0	0.999522992960252	0.991304347826087	1.0	0.998517901328082
GC_00001290	42	42	1	1	0.997865332499479	1.0	0.998931525831198	0.978461538461538	1.0	0.997591351737693
GC_00001291	42	42	1	1	0.988618592362742	0.961106899701902	0.974668643519906	0.372093023255814	1.0	0.932674283553467
GC_00001292	42	42	1	1	0.996402638396151	0.999758777807556	0.998077886768955	0.976923076923077	1.0	0.996006432591798
GC_00001293	42	42	1	1	0.998326428708607	1.0	0.99916251355767	0.97244094488189	1.0	0.996469953450941
GC_00001294	42	42	1	1	0.999107644008007	1.0	0.999553622840337	0.992376111817027	1.0	0.999067305975292
GC_00001295	42	42	1	1	0.996685868105086	1.0	0.998340183627353	0.949664429530201	1.0	0.995833625642105
GC_00001296	42	42	1	1	0.998126309101919	1.0	0.999062276048543	0.982905982905983	1.0	0.99767463791854
GC_00001297	42	42	1	1	0.994143994920425	0.989790614308176	0.991962528266666	0.704845814977974	1.0	0.980378312279032
GC_00001298	42	42	1	1	0.99844416992273	0.939548271686004	0.968101292951544	0.914414414414414	1.0	0.989986502181624
GC_00001299	42	42	1	1	0.99342725469224	1.0	0.99670279149024	0.915254237288136	1.0	0.992709830246002
GC_00001300	42	42	1	1	0.997809656346242	1.0	0.9989036274568	0.981981981981982	1.0	0.997164411798558
GC_00001301	42	42	1	1	0.99235834899544	0.978472979295964	0.985366749890859	0.834355828220859	1.0	0.986475990964993
GC_00001302	42	42	1	1	0.995854099589821	1.0	0.997922743746133	0.95253164556962	1.0	0.9942001499581
GC_00001303	42	42	1	1	0.971094045751987	0.971766537556012	0.971430175267566	0.360902255639098	1.0	0.950101735174172
GC_00001304	42	42	1	1	0.996068602879748	1.0	0.998030429858683	0.928792569659443	1.0	0.994433717004132
GC_00001305	42	42	1	1	0.997033488192025	0.996884735202489	0.996959106148521	0.934579439252336	1.0	0.994409890694368
GC_00001306	42	42	1	1	0.976299773260671	0.89619979217921	0.934536562837899	0.221556886227545	1.0	0.876226640795065
GC_00001307	42	42	1	1	0.987890216843797	1.0	0.993908223374915	0.795698924731183	1.0	0.985675571041425
GC_00001308	42	42	1	1	0.992574076879485	0.985864238168385	0.989207779374011	0.9	1.0	0.989347934295669
GC_00001309	42	42	1	1	0.997697054012739	0.997297297297296	0.997497135603418	0.956756756756757	1.0	0.995812537275952
GC_00001310	42	42	1	1	0.990588725499846	1.0	0.995272115038333	0.932203389830508	1.0	0.988557845626882
GC_00001311	42	42	1	1	0.998396303230953	1.0	0.999197508138674	0.980427046263345	1.0	0.997734984975676
GC_00001312	42	42	1	1	0.987292407223839	0.994337194337195	0.990802278504549	0.718918918918919	1.0	0.983187368553222
GC_00001313	42	42	1	1	0.996377944548676	1.0	0.998185686502291	0.942307692307692	1.0	0.992796837309032
GC_00001314	42	42	1	1	0.98015427967311	0.959590851071169	0.969763567909235	0.574257425742574	1.0	0.938466668966548
GC_00001315	42	42	1	1	0.995250009064868	0.9908467943549	0.993043520704147	0.88659793814433	1.0	0.984885312770654
GC_00001316	42	42	1	1	0.988491621727124	1.0	0.994212508543094	0.817427385892116	1.0	0.984212124278919
GC_00001317	42	42	1	1	0.993904375864799	0.999430866322435	0.996659960039889	0.952	1.0	0.992357723577236
GC_00001318	42	42	1	1	0.997783232650314	0.998930481283429	0.998356527380457	0.968983957219251	1.0	0.996761631481861
GC_00001319	42	42	1	1	0.993629926167549	1.0	0.996804786209898	0.936170212765957	1.0	0.990996779268705
GC_00001320	42	42	1	1	0.994720830555727	1.0	0.997353429430623	0.914201183431953	1.0	0.993179116068422
GC_00001321	42	42	1	1	0.995576546167247	1.0	0.997783370504505	0.9296875	1.0	0.995204522357724
GC_00001322	42	42	1	1	0.966701488243933	0.986327625862511	0.97641594478087	0.515384615384615	1.0	0.941248994907532
GC_00001323	42	42	1	1	0.993247375537938	1.0	0.996612249666081	0.858695652173913	1.0	0.989765860391523
GC_00001324	42	42	1	1	0.986966060136792	1.0	0.993440280574138	0.711111111111111	1.0	0.97571299522519
GC_00001325	42	42	1	1	0.995894063568402	1.0	0.997942808435305	0.957746478873239	1.0	0.994858037111558
GC_00001326	42	42	1	1	0.994686098934722	1.0	0.997335971274821	0.911290322580645	1.0	0.992937694353902
GC_00001327	42	42	1	1	0.996863334095188	0.999201966065422	0.998031280085172	0.971910112359551	1.0	0.995706586279346
GC_00001328	42	42	1	1	0.997390022054314	1.0	0.998693305805642	0.971910112359551	1.0	0.993749102820081
GC_00001329	42	42	1	1	0.99052873181793	1.0	0.995241832970972	0.883928571428571	1.0	0.989132238261158
GC_00001330	42	42	1	1	0.994676451124976	0.993319945791431	0.993997735653864	0.791666666666667	1.0	0.986089114137895
GC_00001331	42	42	1	1	0.998270547590972	1.0	0.999134525396917	0.970992366412214	1.0	0.997329574168152
GC_00001332	42	42	1	1	0.996600597894227	0.930142522613331	0.962225409601149	0.872817955112219	1.0	0.971268113108634
GC_00001333	42	42	1	1	0.997439234289073	1.0	0.998717975662554	0.94578313253012	1.0	0.995186320193667
GC_00001334	42	42	1	1	0.992542331438352	1.0	0.996257209473555	0.894736842105263	1.0	0.98924139617336
GC_00001335	42	42	1	1	0.997795998922722	1.0	0.998896783716422	0.986413043478261	1.0	0.997541407867495
GC_00001336	42	42	1	1	0.996969712376895	0.997555975001585	0.997262757527435	0.951965065502183	1.0	0.992727051412747
GC_00001337	42	42	1	1	0.993520153727304	1.0	0.996749545641372	0.936073059360731	1.0	0.992095312342556
GC_00001338	42	42	1	1	0.994765902036181	0.958337851383852	0.976212160278669	0.473029045643154	1.0	0.940299082895986
GC_00001339	42	42	1	1	0.996694617445461	0.97646895015316	0.986478123458086	0.953216374269006	1.0	0.9940433740177
GC_00001340	42	42	1	1	0.999099255933435	1.0	0.999549425040357	0.988814317673378	1.0	0.998363070879031
GC_00001341	42	42	1	1	0.99859326425048	0.993013649358685	0.99579564097955	0.98066783831283	1.0	0.997475041283177
GC_00001342	40	42	2	0	0.951392989181284	0.962892727013396	0.957108316761872	0.443609022556391	1.0	0.936679678289801
GC_00001343	42	42	1	1	0.991955792807744	0.98912935137425	0.990540555829556	0.831632653061224	1.0	0.986969352200811
GC_00001344	42	42	1	1	0.990196891764836	1.0	0.995074302308617	0.875	1.0	0.984707704219899
GC_00001345	42	42	1	1	0.982763956635884	0.968539347853658	0.975599804975681	0.792452830188679	1.0	0.974698135121513
GC_00001346	42	42	1	1	0.985007430719469	1.0	0.992447096646335	0.782258064516129	1.0	0.981098497620921
GC_00001347	42	42	1	1	0.989507126293649	1.0	0.994725892876846	0.896907216494845	1.0	0.98517267941457
GC_00001348	42	42	1	1	0.995542316847233	1.0	0.997766179591817	0.946372239747634	1.0	0.994269739903348
GC_00001349	42	42	1	1	0.993706845214144	0.981776616496847	0.987705706672047	0.69683257918552	1.0	0.971479023128951
GC_00001350	42	42	1	1	0.996941341626109	0.99943143429717	0.998184835004801	0.938	1.0	0.994880371660859
GC_00001351	42	42	1	1	0.99133817848781	0.903264130336462	0.945254012929821	0.485232067510549	1.0	0.919277456789034
GC_00001352	42	42	1	1	0.985430250057952	0.994016376700041	0.989704691616298	0.851963746223565	1.0	0.98006954605584
GC_00001353	42	42	1	1	0.994802770249925	1.0	0.99739461473205	0.957777777777778	1.0	0.994257323525616
GC_00001354	42	42	1	1	0.98604723190089	1.0	0.99297460409048	0.856	1.0	0.981900116144019
GC_00001355	42	42	1	1	0.983655508407984	1.0	0.991760418317224	0.841584158415842	1.0	0.980588999666517
GC_00001356	42	42	1	1	0.996517474298235	0.994383934087205	0.99544956099351	0.947204968944099	1.0	0.99013136537754
GC_00001357	42	42	1	1	0.997026834107627	1.0	0.998511203834824	0.9765625	1.0	0.99607106562137
GC_00001358	42	42	1	1	0.990987503182625	1.0	0.995473353397262	0.891891891891892	1.0	0.990415502610624
GC_00001359	42	42	1	1	0.997051929978759	1.0	0.998523789002687	0.959459459459459	1.0	0.996104990007429
GC_00001360	42	42	1	1	0.997429599588736	1.0	0.998713145929252	0.950819672131147	1.0	0.993850079016013
GC_00001361	42	42	1	1	0.995152486736135	1.0	0.99757035449867	0.957746478873239	1.0	0.99356027765509
GC_00001362	42	42	1	1	0.996762975811004	1.0	0.998378864077405	0.92511013215859	1.0	0.993624870169407
GC_00001363	42	42	1	1	0.993041480368118	1.0	0.996508592670838	0.92156862745098	1.0	0.990754025187311
GC_00001364	42	42	1	1	0.984037290541971	0.990486076902646	0.987251152865543	0.83419689119171	1.0	0.977839360184868
GC_00001365	42	42	1	1	0.99592546329776	1.0	0.997958572713678	0.977358490566038	1.0	0.995805666951548
GC_00001366	42	42	1	1	0.997969510164632	1.0	0.998983723312574	0.989510489510489	1.0	0.997969510164632
GC_00001367	42	42	1	1	0.991424772460673	1.0	0.995693923437172	0.835205992509363	1.0	0.989316490275657
GC_00001368	42	42	1	1	0.9933804233607	0.99154998073954	0.992464358060783	0.863309352517986	1.0	0.983355475898027
GC_00001369	42	42	1	1	0.993316561020514	1.0	0.996647075978707	0.918495297805643	1.0	0.990937853847862
GC_00001370	42	42	1	1	0.993193198910912	1.0	0.996584976763513	0.926229508196721	1.0	0.989823118371699
GC_00001371	42	42	1	1	0.993164668843454	1.0	0.996570613926991	0.957547169811321	1.0	0.992160278745645
GC_00001372	42	42	1	1	0.994812645694846	0.935068880022332	0.964016012429828	0.856435643564356	1.0	0.989690780924782
GC_00001373	42	42	1	1	0.992017645740367	0.884793181640473	0.935342482271393	0.811428571428571	1.0	0.985246391239423
GC_00001374	42	42	1	1	0.993134598012647	1.0	0.996555474981871	0.843333333333333	1.0	0.990274874177313
GC_00001375	42	42	1	1	0.994718569305509	1.0	0.997352292811747	0.97741935483871	1.0	0.992630474691844
GC_00001376	42	42	1	1	0.997434809707773	1.0	0.998715757690934	0.968085106382979	1.0	0.996818395235624
GC_00001377	42	42	1	1	0.976363538469822	0.973757445561957	0.975058750657199	0.75187969924812	1.0	0.963034764611878
GC_00001378	42	42	1	1	0.995854532738876	0.989884574906196	0.992860579734151	0.723214285714286	1.0	0.982915422266467
GC_00001379	42	42	1	1	0.992344426328552	1.0	0.996157504912163	0.919239904988123	1.0	0.988857347005774
GC_00001380	42	42	1	1	0.997871106871049	0.999004155556484	0.998437309761709	0.973614775725594	1.0	0.99686809533003
GC_00001381	42	42	1	1	0.993922262802662	1.0	0.996951868530323	0.939759036144578	1.0	0.991254215468144
GC_00001382	42	42	1	1	0.997324335594002	0.999756633203733	0.998539003219147	0.955631399317406	1.0	0.995552437240608
GC_00001383	42	42	1	1	0.999085494232764	1.0	0.999542537940536	0.990772779700115	1.0	0.998839899422227
GC_00001384	42	42	1	1	0.993553886313995	0.99984020453819	0.996687133237379	0.912751677852349	1.0	0.9914100195652
GC_00001385	42	42	1	1	0.996774316491177	0.991454135130514	0.994107107833611	0.88470066518847	1.0	0.985980309597204
GC_00001386	42	42	1	1	0.983881118432037	1.0	0.991875076879253	0.900473933649289	1.0	0.982600415035972
GC_00001387	42	42	1	1	0.994855825948586	0.977357970215112	0.986029275930573	0.919230769230769	1.0	0.992303225230055
GC_00001388	42	42	1	1	0.996111226199432	0.933627057847344	0.963857535598069	0.843023255813954	1.0	0.988199902763147
GC_00001389	42	42	1	1	0.997016951057104	1.0	0.998506247560234	0.979591836734694	1.0	0.996534115001014
GC_00001390	42	42	1	1	0.993251557581959	1.0	0.996614354875394	0.903345724907063	1.0	0.991533144221511
GC_00001391	42	42	1	1	0.992803625515247	1.0	0.996388819052408	0.941176470588235	1.0	0.990828038532486
GC_00001392	42	42	1	1	0.986433899685094	1.0	0.993170625855179	0.88659793814433	1.0	0.985140749787468
GC_00001393	42	42	1	1	0.995598661654423	0.97290524900366	0.984121147618945	0.949367088607595	1.0	0.99177582734236
GC_00001394	42	42	1	1	0.994933896520768	0.999056799215869	0.996991085479665	0.93	1.0	0.993782423538521
GC_00001395	42	42	1	1	0.983415898298925	1.0	0.991638616129225	0.812244897959184	1.0	0.97377041408898
GC_00001396	42	42	1	1	0.995720713101722	1.0	0.997855768660322	0.966019417475728	1.0	0.994649481862364
GC_00001397	42	42	1	1	0.996680535879142	1.0	0.998337508649376	0.96978021978022	1.0	0.995510586974002
GC_00001398	42	42	1	1	0.99742520908575	1.0	0.998710945019349	0.979452054794521	1.0	0.996353926357267
GC_00001399	42	42	1	1	0.998340003955024	1.0	0.999169312508537	0.973021582733813	1.0	0.997660408258759
GC_00001400	42	42	1	1	0.99732868757259	1.0	0.998662557422806	0.966666666666667	1.0	0.996684801434481
GC_00001401	41	42	2	0	0.99771192324686	0.964534301119669	0.98084262887889	0.111538461538462	1.0	0.941226659519342
GC_00001402	42	42	1	1	0.994519813061506	1.0	0.997252377789077	0.942408376963351	1.0	0.993304996625135
GC_00001403	42	42	1	1	0.995474170580215	1.0	0.997731952892946	0.945652173913043	1.0	0.99495657223653
GC_00001404	42	42	1	1	0.994190013842584	1.0	0.997086543349888	0.971223021582734	1.0	0.991778006166495
GC_00001405	42	42	1	1	0.967366429470726	0.993962729190987	0.980484251833127	0.705357142857143	1.0	0.949622531939605
GC_00001406	42	42	1	1	0.999311578503728	0.957964880896072	0.978201513314014	0.951754385964912	1.0	0.995036711018739
GC_00001407	42	42	1	1	0.997953903262368	1.0	0.998975903931371	0.963800904977376	1.0	0.996016417824165
GC_00001408	42	42	1	1	0.998170946788833	1.0	0.999084636269931	0.98	1.0	0.997563556587947
GC_00001409	42	42	1	1	0.995334300369368	1.0	0.997661695270929	0.957081545064378	1.0	0.994516805989642
GC_00001410	42	42	1	1	0.994708994708995	1.0	0.997347480106101	0.942307692307692	1.0	0.994505494505495
GC_00001411	42	42	1	1	0.995864392470967	1.0	0.997927911563214	0.946488294314381	1.0	0.994748270464071
GC_00001412	42	42	1	1	0.998989075273455	1.0	0.99949428201532	0.988394584139265	1.0	0.998256716471558
GC_00001413	42	42	1	1	0.980450499377944	0.712098782693321	0.825001215023642	0.311909262759924	1.0	0.788457611824295
GC_00001414	42	42	1	1	0.997376068858521	1.0	0.99868631091441	0.973490427098675	1.0	0.996784230413312
GC_00001415	42	42	1	1	0.997721849728457	1.0	0.998859625892437	0.9800796812749	1.0	0.9967562965328
GC_00001416	42	42	1	1	0.981743917079027	0.947253314783197	0.964190268768379	0.726190476190476	1.0	0.973531146876095
GC_00001417	42	42	1	1	0.995632650330031	1.0	0.997811546293729	0.950617283950617	1.0	0.993959794095295
GC_00001418	42	42	1	1	0.975534364975717	0.985781107934318	0.980630969791849	0.487654320987654	1.0	0.948789091065514
GC_00001419	42	42	1	1	0.990570009975386	1.0	0.995262668493267	0.934306569343066	1.0	0.986647676695745
GC_00001420	42	42	1	1	0.988072464758261	1.0	0.994000452471842	0.876470588235294	1.0	0.983066885290702
GC_00001421	42	42	1	1	0.994294679788903	1.0	0.997139178944357	0.971291866028708	1.0	0.993409243730168
GC_00001422	42	42	1	1	0.992763271001507	0.98813574066431	0.990444100701982	0.918367346938776	1.0	0.979651093887032
GC_00001423	42	42	1	1	0.998416071890417	0.993839384607891	0.996122471376494	0.97319587628866	1.0	0.997076044398146
GC_00001424	42	42	1	1	0.994858343446998	1.0	0.997422545530668	0.949438202247191	1.0	0.991569771235433
GC_00001425	42	42	1	1	0.994276914112089	0.973584566062604	0.983821948571248	0.628252788104089	1.0	0.961184582637117
GC_00001426	42	42	1	1	0.999198958223348	1.0	0.999599318630416	0.992727272727273	1.0	0.997943195016366
GC_00001427	42	42	1	1	0.996531011986216	1.0	0.998262492296409	0.95049504950495	1.0	0.993226848817286
GC_00001428	42	42	1	1	0.996519462635296	1.0	0.998256697502909	0.957654723127036	1.0	0.994680830940464
GC_00001429	42	42	1	1	0.997627095051047	1.0	0.998812138183932	0.956928838951311	1.0	0.995682661481511
GC_00001430	42	42	1	1	0.999152851797352	1.0	0.999576246407629	0.986870897155361	1.0	0.997875352307759
GC_00001431	42	42	1	1	0.996965580628375	1.0	0.998480484891146	0.952618453865337	1.0	0.995936407529376
GC_00001432	42	42	1	1	0.998269061365562	1.0	0.999133780996812	0.981884057971015	1.0	0.997054318369271
GC_00001433	42	42	1	1	0.993730578261785	1.0	0.996855431818836	0.939163498098859	1.0	0.99225853746859
GC_00001434	42	42	1	1	0.988420793298842	1.0	0.994176681947714	0.924764890282132	1.0	0.985738679599067
GC_00001435	42	42	1	1	0.998157282129408	0.993548387096775	0.995847502019589	0.961290322580645	1.0	0.995429170881571
GC_00001436	42	42	1	1	0.996467667151362	1.0	0.998230708712815	0.960629921259842	1.0	0.995704043092175
GC_00001437	42	42	1	1	0.998489368647188	1.0	0.999244113390588	0.973856209150327	1.0	0.99609057715227
GC_00001438	42	42	1	1	0.99321327120328	1.0	0.996595081472329	0.933734939759036	1.0	0.990568545960847
GC_00001439	42	42	1	1	0.994612462831797	0.998505272970588	0.996555066326778	0.910828025477707	1.0	0.991074665068762
GC_00001440	42	42	1	1	0.996825396825397	1.0	0.998410174880763	0.984090909090909	1.0	0.996753246753247
GC_00001441	42	42	1	1	0.994754834476089	1.0	0.997370521212303	0.934362934362934	1.0	0.993286965412401
GC_00001442	42	42	1	1	0.991698804123006	1.0	0.99583210279596	0.895027624309392	1.0	0.990471057038905
GC_00001443	42	42	1	1	0.984590422758402	0.984647561351403	0.984618991225948	0.718518518518519	1.0	0.980367359229148
GC_00001444	42	42	1	1	0.987202107238105	0.977904430064708	0.982531273202514	0.774086378737541	1.0	0.978156435574797
GC_00001445	42	42	1	1	0.995808598959005	1.0	0.997899898295267	0.975694444444444	1.0	0.994660601367918
GC_00001446	42	42	1	1	0.99225534477567	1.0	0.99611261917573	0.911111111111111	1.0	0.991539553490773
GC_00001447	42	42	1	1	0.989382454211016	1.0	0.994662893619822	0.864734299516908	1.0	0.985720457618655
GC_00001448	42	42	1	1	0.997691410279395	1.0	0.998844371203317	0.979865771812081	1.0	0.99747834966365
GC_00001449	42	42	1	1	0.989306491957819	0.986726769332291	0.988014946723798	0.796407185628742	1.0	0.973749365380737
GC_00001450	42	42	1	1	0.995641142635916	1.0	0.997815811033878	0.941964285714286	1.0	0.994877219180355
GC_00001451	42	42	1	1	0.992033611611284	1.0	0.996000876520215	0.942953020134228	1.0	0.990529195800108
GC_00001452	42	42	1	1	0.995569084419259	1.0	0.997779623058236	0.972527472527473	1.0	0.993726946688619
GC_00001453	42	42	1	1	0.970762125988607	0.992907801418439	0.981710087589315	0.794326241134752	1.0	0.964860256505301
GC_00001454	42	42	1	1	0.996052233723589	1.0	0.998022212941268	0.963503649635037	1.0	0.995142297616928
GC_00001455	42	42	1	1	0.992440683590509	1.0	0.996206001778749	0.885714285714286	1.0	0.990117803218848
GC_00001456	42	42	1	1	0.997290831318196	1.0	0.998643578271465	0.973392461197339	1.0	0.996466749589891
GC_00001457	42	42	1	1	0.99314090300012	0.996082073394188	0.99460931385989	0.915966386554622	1.0	0.987241237958598
GC_00001458	42	42	1	1	0.998125074743642	1.0	0.999061657710993	0.979057591623037	1.0	0.996369739314446
GC_00001459	42	42	1	1	0.996535562209416	0.984295968918352	0.990377951231474	0.561904761904762	1.0	0.975650314326273
GC_00001460	40	42	2	0	0.994859680136564	0.930849422610725	0.961790706096422	0.00249376558603491	1.0	0.901277584204414
GC_00001461	42	42	1	1	0.995486382427798	0.995798086930211	0.995642210282767	0.938202247191011	1.0	0.993274413081209
GC_00001462	42	42	1	1	0.994026776259709	0.999922570654281	0.996965956988947	0.941463414634146	1.0	0.992640435115153
GC_00001463	42	42	1	1	0.984050727953167	1.0	0.991961257934525	0.939393939393939	1.0	0.978689332347869
GC_00001464	42	42	1	1	0.988859538827162	0.99852724594993	0.993669877951969	0.923416789396171	1.0	0.986676792919833
GC_00001465	42	42	1	1	0.995567837451774	1.0	0.997778996802291	0.967332123411978	1.0	0.994835701533059
GC_00001466	42	42	1	1	0.992855832365025	0.999545954487268	0.996189661320678	0.91866028708134	1.0	0.989769323530556
GC_00001467	42	42	1	1	0.996648427994264	0.958034653079052	0.976960142747001	0.939024390243902	1.0	0.989993201325742
GC_00001468	42	42	1	1	0.99542068027941	1.0	0.997705085566243	0.933993399339934	1.0	0.994587612071312
GC_00001469	42	42	1	1	0.996181662887656	0.94360231640313	0.96917938769944	0.91044776119403	1.0	0.989761991436546
GC_00001470	42	42	1	1	0.993837963975789	0.995531681507293	0.994684101739519	0.875	1.0	0.987583075235514
GC_00001471	42	42	1	1	0.983705641472818	1.0	0.991785898982934	0.829652996845426	1.0	0.98116781528338
GC_00001472	42	42	1	1	0.994103263508205	1.0	0.997042913173202	0.915309446254072	1.0	0.989702149231823
GC_00001473	42	42	1	1	0.996326450617552	1.0	0.998159845359304	0.972568578553616	1.0	0.994314446172606
GC_00001474	42	42	1	1	0.99009710200528	1.0	0.995023912157481	0.895927601809955	1.0	0.986667087097503
GC_00001475	42	42	1	1	0.995216978143807	1.0	0.997602756036768	0.933333333333333	1.0	0.992725161017844
GC_00001476	42	42	1	1	0.99733703559901	1.0	0.998666742590996	0.968162083936324	1.0	0.996801417259573
GC_00001477	42	42	1	1	0.987407267895073	1.0	0.993663738525891	0.858108108108108	1.0	0.9834102395078
GC_00001478	42	42	1	1	0.984566923591314	1.0	0.99222345377965	0.876623376623377	1.0	0.979011116641779
GC_00001479	42	42	1	1	0.996572528449702	0.974026497791268	0.985170536222678	0.652582159624413	1.0	0.965473055132966
GC_00001480	42	42	1	1	0.991331391654508	0.998867723641824	0.995085288648801	0.836538461538462	1.0	0.98835767890646
GC_00001481	42	42	1	1	0.995570656682609	1.0	0.997780412684182	0.939958592132505	1.0	0.9942384871941
GC_00001482	42	42	1	1	0.994195390088308	0.973952577908935	0.983969883226832	0.924657534246575	1.0	0.984034174979714
GC_00001483	42	42	1	1	0.964597867359941	1.0	0.981979959752459	0.721854304635762	1.0	0.959203452015599
GC_00001484	42	42	1	1	0.993280279452127	0.958944846682028	0.975810619933643	0.302547770700637	1.0	0.93183381788322
GC_00001485	42	42	1	1	0.992379819268576	1.0	0.996175337323874	0.971544715447154	1.0	0.989962512865547
GC_00001486	42	42	1	1	0.976306865724226	0.998970541653469	0.987508685949388	0.786363636363636	1.0	0.967938971597508
GC_00001487	42	42	1	1	0.998210389982929	1.0	0.999104393598371	0.981894150417827	1.0	0.997584916159548
GC_00001488	42	42	1	1	0.99833275512718	1.0	0.999165682057434	0.992207792207792	1.0	0.998250297901866
GC_00001489	42	42	1	1	0.986046954090121	0.940193146438758	0.962574279341191	0.296875	1.0	0.896214430894309
GC_00001490	42	42	1	1	0.998555154499364	0.999627149564731	0.999090864477349	0.973063973063973	1.0	0.99766538790929
GC_00001491	42	42	1	1	0.979340200863962	0.942194980090378	0.960408563111969	0.7	1.0	0.97212543554007
GC_00001492	42	42	1	1	0.997621314694485	1.0	0.998809241126926	0.97972972972973	1.0	0.996599386843289
GC_00001493	42	42	1	1	0.990188566807134	0.989281306928366	0.989734728953374	0.647058823529412	1.0	0.976208870039573
GC_00001494	42	42	1	1	0.977160195388693	1.0	0.988448177004283	0.789473684210526	1.0	0.971102923606133
GC_00001495	42	42	1	1	0.998370790742635	0.999611660888883	0.99899084048737	0.987603305785124	1.0	0.997662721609507
GC_00001496	41	42	2	0	0.990472744814279	0.950135135394883	0.969884709936996	0.0172786177105832	1.0	0.933486854152713
GC_00001497	42	42	1	1	0.997586488214244	0.997789115646259	0.997687791641994	0.94	1.0	0.994956445993031
GC_00001498	42	42	1	1	0.992737479322845	1.0	0.996355505553284	0.918181818181818	1.0	0.987144968852286
GC_00001499	42	42	1	1	0.993939594101425	1.0	0.996960587012514	0.933649289099526	1.0	0.990515822558361
GC_00001500	42	42	1	1	0.995460043331578	1.0	0.997724857140791	0.968944099378882	1.0	0.993644541591822
GC_00001501	42	42	1	1	0.993768186529792	0.897753633827632	0.943324037859455	0.807142857142857	1.0	0.986129085780654
GC_00001502	42	42	1	1	0.996289219420612	1.0	0.998141160838175	0.967741935483871	1.0	0.993503428121839
GC_00001503	42	42	1	1	0.987461858245786	0.940943628231443	0.963641671996378	0.809917355371901	1.0	0.979569211276528
GC_00001504	42	42	1	1	0.996105488265767	1.0	0.99804894492945	0.964285714285714	1.0	0.994732039157126
GC_00001505	42	42	1	1	0.992125660588449	0.998278059366068	0.995192351350858	0.91705069124424	1.0	0.98505649309291
GC_00001506	42	42	1	1	0.994923424809461	0.99249183413547	0.993706141954147	0.901719901719902	1.0	0.985703156434864
GC_00001507	42	42	1	1	0.995239414174846	1.0	0.997614027774645	0.957915831663327	1.0	0.993957717991151
GC_00001508	42	42	1	1	0.993564823274169	1.0	0.996772025343394	0.960216998191682	1.0	0.992098846330752
GC_00001509	42	42	1	1	0.986938470369925	1.0	0.993426303921911	0.875862068965517	1.0	0.984781128599463
GC_00001510	42	42	1	1	0.996732414187391	0.915331678747483	0.954299343114385	0.88659793814433	1.0	0.984009243627046
GC_00001511	42	42	1	1	0.99588274548159	1.0	0.997937126052254	0.970394736842105	1.0	0.995778317745583
GC_00001512	42	42	1	1	0.989787255876001	1.0	0.994867419070134	0.873493975903614	1.0	0.988448567790325
GC_00001513	42	42	1	1	0.996767690048868	1.0	0.998381228839369	0.976415094339623	1.0	0.995507637017071
GC_00001514	42	42	1	1	0.992577541095512	1.0	0.996274946017705	0.902152641878669	1.0	0.990087983071612
GC_00001515	42	42	1	1	0.986166321601104	0.952565187786352	0.969074575593329	0.830508474576271	1.0	0.96835567629284
GC_00001516	42	42	1	1	0.994020926756353	1.0	0.997001499250375	0.955156950672646	1.0	0.991218887204887
GC_00001517	42	42	1	1	0.987471557419744	0.959816095673394	0.973447444526894	0.274074074074074	1.0	0.924558007484837
GC_00001518	42	42	1	1	0.97994474939906	0.985504032209201	0.982716528572957	0.670634920634921	1.0	0.964281105396088
GC_00001519	42	42	1	1	0.98093909809391	0.995833333333333	0.988330104489122	0.691666666666667	1.0	0.973964382500968
GC_00001520	42	42	1	1	0.993985623253916	1.0	0.99698374116847	0.92972972972973	1.0	0.993470822739115
GC_00001521	42	42	1	1	0.99234126421421	0.813989546119322	0.894360446749009	0.575842696629214	1.0	0.973544611048037
GC_00001522	42	42	1	1	0.993729471856931	1.0	0.996854875131464	0.92258064516129	1.0	0.992720392641714
GC_00001523	42	42	1	1	0.993474994947613	0.99378054413254	0.993627746050318	0.925	1.0	0.991274680603949
GC_00001524	42	42	1	1	0.994000331840053	1.0	0.996991139838773	0.954285714285714	1.0	0.991730545876887
GC_00001525	42	42	1	1	0.994561798296554	1.0	0.997273485480325	0.953125	1.0	0.989420005807201
GC_00001526	42	42	1	1	0.994237848871995	0.996376811594206	0.995306181049982	0.898550724637681	1.0	0.991869918699187
GC_00001527	42	42	1	1	0.9966118934224	1.0	0.998303072024783	0.979289940828402	1.0	0.995959012844566
GC_00001528	42	42	1	1	0.992492181934213	1.0	0.996231946035292	0.958904109589041	1.0	0.990331938544434
GC_00001529	42	42	1	1	0.994636907537583	1.0	0.997311243744588	0.900249376558603	1.0	0.991974187643551
GC_00001530	42	42	1	1	0.994423496094061	1.0	0.997203951960624	0.945205479452055	1.0	0.993349561675656
GC_00001531	42	42	1	1	0.989450038927391	1.0	0.99469704648713	0.940659340659341	1.0	0.987142474250488
GC_00001532	42	42	1	1	0.992273196541489	1.0	0.996121614509534	0.954166666666667	1.0	0.989576074332172
GC_00001533	42	42	1	1	0.988790347830519	0.998492746117243	0.9936178622425	0.924882629107981	1.0	0.982512963962638
GC_00001534	40	42	3	0	0.990250916194882	0.937544891435443	0.96317741126223	0.134038800705467	1.0	0.893870586476084
GC_00001535	42	42	1	1	0.991504804711229	1.0	0.99573428330744	0.951219512195122	1.0	0.991246706892156
GC_00001536	42	42	1	1	0.984515736211132	0.964852487646739	0.974584940479598	0.860627177700348	1.0	0.970709045069545
GC_00001537	42	42	1	1	0.984219093385836	0.9962962962963	0.990220871388218	0.881481481481482	1.0	0.98193315266486
GC_00001538	42	42	1	1	0.989753786842281	0.995039682539683	0.992389696000621	0.828125	1.0	0.984102787456446
GC_00001539	42	42	1	1	0.990439339076355	1.0	0.995196708216146	0.919786096256685	1.0	0.985901234107834
GC_00001540	42	42	1	1	0.996117108712071	1.0	0.998054777812894	0.954098360655738	1.0	0.994116639058662
GC_00001541	42	42	1	1	0.995464739041641	1.0	0.997727215685837	0.967145790554415	1.0	0.994459906464714
GC_00001542	42	42	1	1	0.998856111541835	0.996979808512655	0.997917078062695	0.927272727272727	1.0	0.99450110864745
GC_00001543	42	42	1	1	0.993166526492851	1.0	0.996571549132338	0.961206896551724	1.0	0.991824862829909
GC_00001544	42	42	1	1	0.9980462804414	0.969835986815549	0.983738931322041	0.9375	1.0	0.973622172446214
GC_00001545	42	42	1	1	0.994181544805481	1.0	0.997082284103132	0.970930232558139	1.0	0.990755746427896
GC_00001546	42	42	1	1	0.995233652570718	1.0	0.997611133200795	0.975409836065574	1.0	0.99497343919575
GC_00001547	42	42	1	1	0.987262567101432	0.855832391436107	0.916861369365586	0.673202614379085	1.0	0.976854698518974
GC_00001548	42	42	1	1	0.990723540812395	0.994839315036358	0.992777162232809	0.896551724137931	1.0	0.988402762282373
GC_00001549	42	42	1	1	0.98943117987555	0.999789607481008	0.994583424067077	0.911504424778761	1.0	0.987032297630182
GC_00001550	42	42	1	1	0.987111240160021	1.0	0.993513820676219	0.825	1.0	0.983846302748742
GC_00001551	42	42	1	1	0.994225996732637	0.809181476062093	0.892210187339057	0.723776223776224	1.0	0.916477831111978
GC_00001552	42	42	1	1	0.996758002505335	1.0	0.998376369349417	0.957290132547865	1.0	0.995689500341248
GC_00001553	42	42	1	1	0.98700401569842	1.0	0.993459507782116	0.790849673202614	1.0	0.985151784290952
GC_00001554	42	42	1	1	0.983204711031762	1.0	0.991531237862227	0.793388429752066	1.0	0.978261391232566
GC_00001555	42	42	1	1	0.985820330252992	1.0	0.992859540447347	0.795652173913043	1.0	0.983366156642933
GC_00001556	42	42	1	1	0.987839721254355	1.0	0.993882666386216	0.923333333333333	1.0	0.985927216415021
GC_00001557	42	42	1	1	0.996111940711244	1.0	0.998052183743077	0.974285714285714	1.0	0.995045628007301
GC_00001558	42	42	1	1	0.993475488249007	1.0	0.996727066979528	0.932900432900433	1.0	0.992106229040027
GC_00001559	42	42	1	1	0.99793833731116	1.0	0.998968104945814	0.978021978021978	1.0	0.997868565812817
GC_00001560	42	42	1	1	0.996419613935683	0.982896324288571	0.989611771494216	0.765008576329331	1.0	0.976474361656138
GC_00001561	42	42	1	1	0.995678016699787	1.0	0.997834328351544	0.971867007672634	1.0	0.994335379963226
GC_00001562	42	42	1	1	0.992877031813476	0.982755859207483	0.98779052011326	0.616279069767442	1.0	0.970140183129406
GC_00001563	42	42	1	1	0.986306894565009	0.99960645415191	0.992912141125094	0.851239669421488	1.0	0.980389898349987
GC_00001564	42	42	1	1	0.997488523116432	1.0	0.998742682696544	0.975642760487145	1.0	0.996102338753912
GC_00001565	42	42	1	1	0.996205370995913	1.0	0.998099078852696	0.969465648854962	1.0	0.995336507345444
GC_00001566	42	42	1	1	0.984736634888495	0.893105316398788	0.936685351255123	0.736	1.0	0.958206736353078
GC_00001567	42	42	1	1	0.990684925860665	1.0	0.995320668771676	0.939163498098859	1.0	0.986875284287878
GC_00001568	42	42	1	1	0.965891242830237	0.995294247340927	0.980372333329889	0.800687285223368	1.0	0.958687053733571
GC_00001569	42	42	1	1	0.990560780917471	1.0	0.995258010118044	0.92485549132948	1.0	0.988318462870838
GC_00001570	42	42	1	1	0.993135848466512	0.98982948506292	0.991479910277053	0.913093858632677	1.0	0.986844637524342
GC_00001571	42	42	1	1	0.995403606960327	1.0	0.997696509606558	0.959731543624161	1.0	0.994870955420964
GC_00001572	42	42	1	1	0.994102785271645	1.0	0.997042672638586	0.91647855530474	1.0	0.992900270827926
GC_00001573	42	42	1	1	0.993052784233328	0.999520624520626	0.996276207158205	0.942760942760943	1.0	0.987556556662248
GC_00001574	40	42	3	0	0.976313861069878	0.9645174949511	0.970379828874712	0.0461538461538462	1.0	0.922229965156794
GC_00001575	42	42	1	1	0.977279910825333	1.0	0.988509421933497	0.840579710144927	1.0	0.975020619771415
GC_00001576	42	42	1	1	0.997901947025423	1.0	0.99894987190052	0.966145833333333	1.0	0.997005662020906
GC_00001577	42	42	1	1	0.996964079800991	1.0	0.998479732194626	0.970814132104455	1.0	0.995830590300636
GC_00001578	42	42	1	1	0.996954659797106	1.0	0.998475007838584	0.983412322274882	1.0	0.99635742633662
GC_00001579	42	42	1	1	0.978139444110941	0.998209327827163	0.988072480819996	0.732484076433121	1.0	0.967782980832538
GC_00001580	42	42	1	1	0.968285670390448	0.973032132389184	0.970653098913407	0.431192660550459	1.0	0.942482072265022
GC_00001581	42	42	1	1	0.992830442282738	0.984422896615276	0.988608794444636	0.952755905511811	1.0	0.989473876741017
GC_00001582	42	42	1	1	0.987934027777778	0.978186582550911	0.983036142687243	0.812834224598931	1.0	0.984398193867347
GC_00001583	42	42	1	1	0.997837938715787	0.998295497338207	0.99806666558564	0.988054607508532	1.0	0.997469011745213
GC_00001584	42	42	1	1	0.988546734888198	1.0	0.994240384240984	0.891891891891892	1.0	0.9857802052924
GC_00001585	42	42	1	1	0.992333259198853	1.0	0.996151878323695	0.936170212765957	1.0	0.991320087972916
GC_00001586	42	42	1	1	0.991252462055382	1.0	0.995607017135542	0.963503649635037	1.0	0.988440702968031
GC_00001587	42	42	1	1	0.989410642654773	0.985906824565237	0.987655626073771	0.864285714285714	1.0	0.981159780985565
GC_00001588	42	42	1	1	0.991799870750236	1.0	0.995883055637173	0.896887159533074	1.0	0.991004487587955
GC_00001589	42	42	1	1	0.988160448980376	1.0	0.994044972061638	0.914893617021277	1.0	0.987495984382336
GC_00001590	42	42	1	1	0.98688143790103	0.969078175005228	0.977898783264397	0.746031746031746	1.0	0.983438723276122
GC_00001591	42	42	1	1	0.984423796618919	1.0	0.992150767690037	0.871428571428571	1.0	0.981488855704884
GC_00001592	42	42	1	1	0.993074540635516	1.0	0.996525238156785	0.957692307692308	1.0	0.991606361118556
GC_00001593	42	42	1	1	0.977084064860582	1.0	0.988409225714419	0.831395348837209	1.0	0.969066526213435
GC_00001594	42	42	1	1	0.991443935935105	1.0	0.995703587778444	0.918495297805643	1.0	0.990846831889725
GC_00001595	42	42	1	1	0.990408479079681	0.991754288286143	0.991080926807612	0.82409972299169	1.0	0.987235418456282
GC_00001596	42	42	1	1	0.992923018870717	0.999848346982103	0.996373649391035	0.929936305732484	1.0	0.989576629160286
GC_00001597	42	42	1	1	0.992962837340131	1.0	0.996468994540179	0.941002949852507	1.0	0.991640371523816
GC_00001598	42	42	1	1	0.997595706222323	1.0	0.998796406214637	0.973154362416107	1.0	0.996549457345005
GC_00001599	42	42	1	1	0.996871350827329	1.0	0.998433224468179	0.973577235772358	1.0	0.996364597792319
GC_00001600	42	42	1	1	0.992502071328512	1.0	0.996236928041691	0.898550724637681	1.0	0.989603146549064
GC_00001601	42	42	1	1	0.991486198047821	1.0	0.995724900348029	0.893805309734513	1.0	0.99092432137975
GC_00001602	42	42	1	1	0.990737769219798	1.0	0.995347337593423	0.838815789473684	1.0	0.987250901644355
GC_00001603	42	42	1	1	0.998991133264507	1.0	0.999495312050812	0.994791666666667	1.0	0.998880903987612
GC_00001604	42	42	1	1	0.990776207388539	0.996239397094076	0.993500291872065	0.858695652173913	1.0	0.985589304650811
GC_00001605	42	42	1	1	0.99469968190109	1.0	0.997342798945123	0.958762886597938	1.0	0.992400748749755
GC_00001606	42	42	1	1	0.990881986345996	0.971185513869835	0.980934887294082	0.85207100591716	1.0	0.988086647561319
GC_00001607	42	42	1	1	0.997164150212931	1.0	0.99858006174066	0.97	1.0	0.996695702671313
GC_00001608	42	42	1	1	0.99589184231891	0.97827567787432	0.987005162600059	0.939873417721519	1.0	0.993130595862921
GC_00001609	42	42	1	1	0.993421505742559	0.993286563329164	0.993354029953041	0.924271844660194	1.0	0.990972339681788
GC_00001610	42	42	1	1	0.992298126444468	1.0	0.996134176179106	0.922077922077922	1.0	0.990866856720515
GC_00001611	42	42	1	1	0.978940097842537	1.0	0.989357989066762	0.840909090909091	1.0	0.978368176538908
GC_00001612	42	42	1	1	0.986308686932197	1.0	0.993107157433345	0.921052631578947	1.0	0.983665610018077
GC_00001613	42	42	1	1	0.994217213729409	1.0	0.997100222467854	0.903903903903904	1.0	0.992996480801359
GC_00001614	42	42	1	1	0.997177988308809	1.0	0.998587000403714	0.986225895316804	1.0	0.996832435856826
GC_00001615	42	42	1	1	0.970899627373277	0.955640825172743	0.963209799033009	0.801324503311258	1.0	0.965159358310707
GC_00001616	42	42	1	1	0.995711738962739	0.999813258636788	0.997758283752681	0.945098039215686	1.0	0.994183689736057
GC_00001617	42	42	1	1	0.996213422029806	1.0	0.998103119672273	0.965116279069767	1.0	0.995651351862356
GC_00001618	42	42	1	1	0.998525693234624	0.998441081069255	0.998483385359416	0.979591836734694	1.0	0.997312460229334
GC_00001619	42	42	1	1	0.996871172665006	1.0	0.99843313510765	0.981132075471698	1.0	0.994601859765228
GC_00001620	42	42	1	1	0.991389142559271	1.0	0.995675954409562	0.967379077615298	1.0	0.989071488015218
GC_00001621	42	42	1	1	0.992048513172207	1.0	0.996008386956836	0.90327380952381	1.0	0.989519384989768
GC_00001622	42	42	1	1	0.986022026887844	0.953403164831502	0.969438290316362	0.883928571428571	1.0	0.969232205077153
GC_00001623	42	42	1	1	0.994454570880228	1.0	0.997219576118335	0.943060498220641	1.0	0.993895205855973
GC_00001624	42	42	1	1	0.995859731786214	1.0	0.997925571548016	0.940758293838863	1.0	0.993958859696925
GC_00001625	42	42	1	1	0.993964225356539	1.0	0.99697297746534	0.948339483394834	1.0	0.99196134818491
GC_00001626	42	42	1	1	0.993024031186684	1.0	0.996499806974649	0.95583596214511	1.0	0.990789083195023
GC_00001627	42	42	1	1	0.990508353435183	1.0	0.995231546479854	0.938461538461538	1.0	0.988750111676941
GC_00001628	42	42	1	1	0.995518570531554	0.999874023683544	0.997691543663988	0.939153439153439	1.0	0.9944939131931
GC_00001629	42	42	1	1	0.988187138459457	0.992897790921719	0.990536864161734	0.682080924855491	1.0	0.975992427141447
GC_00001630	42	42	1	1	0.988183731218938	0.992090228750014	0.990133126799697	0.728735632183908	1.0	0.974760703272057
GC_00001631	42	42	1	1	0.979756077975138	1.0	0.989774537252303	0.866779089376054	1.0	0.973253579801517
GC_00001632	35	42	2	0	0.896203235674208	0.976531384747046	0.934644532337268	0.0688259109311741	1.0	0.828845095854082
GC_00001633	42	42	1	1	0.992104553080163	1.0	0.996036630252348	0.965367965367965	1.0	0.990934733095012
GC_00001634	42	42	1	1	0.99641640549411	0.997499448335546	0.996957632774583	0.963488843813387	1.0	0.994751138470527
GC_00001635	42	42	1	1	0.995899611170025	0.911003771587373	0.951561898837658	0.87843137254902	1.0	0.991277811937783
GC_00001636	42	42	1	1	0.990393341433414	0.999884699642572	0.995116389056664	0.871670702179177	1.0	0.986282069669538
GC_00001637	42	42	1	1	0.983467692606232	0.997538251780034	0.990453002470422	0.91304347826087	1.0	0.980104024642731
GC_00001638	42	42	1	1	0.995417739102014	0.995611746808429	0.995514733503079	0.857142857142857	1.0	0.989913038386086
GC_00001639	42	42	1	1	0.993942983479474	0.992350638286309	0.993146172617937	0.923339011925043	1.0	0.985750098435518
GC_00001640	42	42	1	1	0.995831870587383	0.999657416923603	0.997740976783973	0.949640287769784	1.0	0.992371259786596
GC_00001641	42	42	1	1	0.995753874589437	1.0	0.997872420309625	0.953917050691244	1.0	0.994947467578692
GC_00001642	42	42	1	1	0.993119676975118	0.973858642216802	0.9833948556943	0.818791946308725	1.0	0.965273717933728
GC_00001643	42	42	1	1	0.996522640587007	1.0	0.998258292021186	0.97372060857538	1.0	0.9963470055566
GC_00001644	42	42	1	1	0.995110006196481	0.978834899589618	0.986905359051097	0.911051212938005	1.0	0.993097100782328
GC_00001645	42	42	1	1	0.97760040221918	0.941679581352057	0.959303848705189	0.633802816901408	1.0	0.95718620667092
GC_00001646	42	42	1	1	0.982816059954836	0.967488882345397	0.97509224406245	0.825995807127883	1.0	0.979016160332313
GC_00001647	42	42	1	1	0.997183173802181	1.0	0.998589600475926	0.969348659003831	1.0	0.995527787790193
GC_00001648	42	42	1	1	0.989768605378361	0.996690149731973	0.99321731896696	0.806818181818182	1.0	0.983792630134093
GC_00001649	42	42	1	1	0.992438623893628	1.0	0.996204964099925	0.924137931034483	1.0	0.989010372862349
GC_00001650	42	42	1	1	0.989654248190834	1.0	0.994800226311394	0.938461538461538	1.0	0.987095506119896
GC_00001651	42	42	1	1	0.992154861034238	0.87172207760443	0.928047639666373	0.788288288288288	1.0	0.982186018771385
GC_00001652	42	42	1	1	0.99623369194641	1.0	0.998113293013346	0.975778546712803	1.0	0.995496907514799
GC_00001653	42	42	1	1	0.995035673913776	0.97650115152072	0.985681290702608	0.191381495564005	1.0	0.955148389072158
GC_00001654	42	42	1	1	0.986310252707001	0.952403819809079	0.969060539160258	0.62144420131291	1.0	0.966897683981529
GC_00001655	42	42	1	1	0.993031358885017	1.0	0.996503496503496	0.916434540389972	1.0	0.990268490030702
GC_00001656	42	42	1	1	0.989563766889873	1.0	0.99475451187652	0.87962962962963	1.0	0.987073600894739
GC_00001657	42	42	1	1	0.989826043511832	0.999706510284425	0.994741742586423	0.907407407407407	1.0	0.986736639853171
GC_00001658	42	42	1	1	0.997457294869889	1.0	0.998727029040049	0.965779467680608	1.0	0.996157973529763
GC_00001659	42	42	1	1	0.991906317109569	1.0	0.995936715084987	0.897435897435897	1.0	0.990202209714405
GC_00001660	42	42	1	1	0.984591833257887	0.895844120452379	0.938123740007377	0.788888888888889	1.0	0.968460446509227
GC_00001661	41	42	2	0	0.977489990452748	0.93994150915939	0.958348099528152	0.00321027287319422	1.0	0.884122572021409
GC_00001662	42	42	1	1	0.999392041024014	1.0	0.999695928080381	0.995836802664446	1.0	0.999236021859445
GC_00001663	42	42	1	1	0.997622677119628	1.0	0.998809923962317	0.984375	1.0	0.996134581881533
GC_00001664	42	42	1	1	0.991366627951994	1.0	0.995664599412874	0.923529411764706	1.0	0.988911662225866
GC_00001665	42	42	1	1	0.995934121369661	0.987313483566159	0.991605066684251	0.938034188034188	1.0	0.994659360513019
GC_00001666	42	42	1	1	0.995105844363134	1.0	0.997546919302205	0.964912280701754	1.0	0.993072111172239
GC_00001667	42	42	1	1	0.994682210973053	1.0	0.997334016918739	0.905660377358491	1.0	0.990292113163719
GC_00001668	42	42	1	1	0.994419412896419	0.999695403335663	0.997050428559275	0.927350427350427	1.0	0.992656620705401
GC_00001669	42	42	1	1	0.99488689784857	1.0	0.997436896218556	0.935714285714286	1.0	0.992973286875726
GC_00001670	42	42	1	1	0.981407707787463	1.0	0.990616624665653	0.83617747440273	1.0	0.97490417127477
GC_00001671	42	42	1	1	0.993964642994126	0.965380993942099	0.979464324117313	0.912751677852349	1.0	0.991329472259248
GC_00001672	41	42	2	0	0.996816434724983	0.964021762408519	0.980144856017336	0.0195439739413681	1.0	0.947538465612669
GC_00001673	42	42	1	1	0.99807349198112	1.0	0.999035817237648	0.970212765957447	1.0	0.997407270121333
GC_00001674	42	42	1	1	0.995982044762533	1.0	0.997986978265656	0.960960960960961	1.0	0.994851994851995
GC_00001675	42	42	1	1	0.996319008904375	1.0	0.998156110782291	0.96	1.0	0.996065040650407
GC_00001676	42	42	1	1	0.995045754371812	0.998171294947542	0.996606074097683	0.953333333333333	1.0	0.992171893147503
GC_00001677	42	42	1	1	0.983522758696975	0.996441281138791	0.989939875662047	0.850533807829182	1.0	0.980226584167214
GC_00001678	42	42	1	1	0.991661848651212	1.0	0.995813470366752	0.969162995594714	1.0	0.990483353543416
GC_00001679	42	42	1	1	0.996726925109712	1.0	0.998360779909798	0.953290870488323	1.0	0.995265466758398
GC_00001680	42	42	1	1	0.990842926958857	1.0	0.995400404061444	0.887029288702929	1.0	0.988507087700883
GC_00001681	42	42	1	1	0.975161351975183	0.92464526950451	0.949231696439914	0.662790697674419	1.0	0.965906328498501
GC_00001682	42	42	1	1	0.995743005846078	1.0	0.997866962759507	0.928870292887029	1.0	0.993109112202897
GC_00001683	41	42	2	0	0.991175790030411	0.960858275022421	0.975781598183155	0.129032258064516	1.0	0.935010865085609
GC_00001684	40	42	2	0	0.972895406189854	0.92524918465641	0.948474300297428	0.0533807829181495	1.0	0.872967651893092
GC_00001685	42	42	1	1	0.996529871481101	0.997331049157641	0.996930299353863	0.915397631133672	1.0	0.991241050916673
GC_00001686	42	42	1	1	0.99883362800871	1.0	0.999416473699989	0.987261146496815	1.0	0.996500884026129
GC_00001687	42	42	1	1	0.997571773579738	1.0	0.998784410927117	0.952380952380952	1.0	0.99551225832958
GC_00001688	42	42	1	1	0.995851573900354	0.852535676852375	0.918637580143337	0.80379746835443	1.0	0.987746070950764
GC_00001689	42	42	1	1	0.992936547441276	1.0	0.996455756422455	0.959183673469388	1.0	0.989618146910332
GC_00001690	42	42	1	1	0.995544100255093	1.0	0.997767075283208	0.975342465753425	1.0	0.994943757656755
GC_00001691	42	42	1	1	0.991813997505054	1.0	0.995890177242855	0.927777777777778	1.0	0.989056652471286
GC_00001692	42	42	1	1	0.995136684396045	0.986555198576104	0.990827360923801	0.875	1.0	0.979094076655052
GC_00001693	42	42	1	1	0.978437982862762	1.0	0.989101494550747	0.884955752212389	1.0	0.972377252217528
GC_00001694	42	42	1	1	0.996419802979938	1.0	0.99820669129072	0.959247648902821	1.0	0.995048405477337
GC_00001695	42	42	1	1	0.996593393098367	0.945057407523009	0.970141457088669	0.896414342629482	1.0	0.990442411538515
GC_00001696	42	42	1	1	0.977076050953746	0.996850527749405	0.986864240598506	0.853932584269663	1.0	0.964987145858618
GC_00001697	42	42	1	1	0.988849011914878	0.999814711876969	0.99430162888714	0.918287937743191	1.0	0.987698676319726
GC_00001698	41	42	2	0	0.957945060527388	0.988843481274961	0.973149069025318	0.533333333333333	1.0	0.944018583042973
GC_00001699	42	42	1	1	0.982948816796157	0.963111955794882	0.97292928435155	0.357575757575758	1.0	0.931123077464541
GC_00001700	42	42	1	1	0.989388371635473	1.0	0.994665883989357	0.852459016393443	1.0	0.985205917632947
GC_00001701	42	42	1	1	0.996483008100225	0.996979644927373	0.99673126464955	0.945652173913043	1.0	0.99214260465586
GC_00001702	42	42	1	1	0.980357769203788	0.990803062032084	0.985552740518944	0.757028112449799	1.0	0.969907504582791
GC_00001703	42	42	1	1	0.982226197575035	0.998838559814172	0.990462726610254	0.815384615384615	1.0	0.978587807856101
GC_00001704	42	42	1	1	0.988530920080881	1.0	0.994232385424184	0.914956011730205	1.0	0.985892418622552
GC_00001705	42	42	1	1	0.989049855695773	0.990329983528585	0.989689505662507	0.70281124497992	1.0	0.976216130491769
GC_00001706	42	42	1	1	0.992013039431306	1.0	0.995990507887953	0.914893617021277	1.0	0.99094014876319
GC_00001707	42	42	1	1	0.976345831046196	0.977542085467494	0.97694359205758	0.823293172690763	1.0	0.96476498327806
GC_00001708	42	42	1	1	0.993097862617539	0.990935735996526	0.992015621204119	0.896656534954407	1.0	0.990754371286657
GC_00001709	42	42	1	1	0.990381465460554	0.999420189952713	0.994880298388994	0.904320987654321	1.0	0.988640111268837
GC_00001710	42	42	1	1	0.992737902601458	0.997955316822552	0.995339772543201	0.916666666666667	1.0	0.988008639484891
GC_00001711	42	42	1	1	0.998370844712308	1.0	0.999184758278473	0.978378378378378	1.0	0.996788774837555
GC_00001712	42	42	1	1	0.987067796693734	0.900987361236632	0.942065284236303	0.336134453781513	1.0	0.905747664919626
GC_00001713	42	42	1	1	0.990777333468445	1.0	0.995367303828256	0.909395973154362	1.0	0.988826010024242
GC_00001714	42	42	1	1	0.992512191894448	0.999604004781827	0.99604547512617	0.870833333333333	1.0	0.988656600851723
GC_00001715	42	42	1	1	0.998845196615231	1.0	0.999422264722289	0.992380952380952	1.0	0.99866379071954
GC_00001716	42	42	1	1	0.985185836536148	1.0	0.992537643987174	0.766561514195584	1.0	0.979812191091717
GC_00001717	42	42	1	1	0.981169769337871	0.960429959013752	0.970689094760777	0.403225806451613	1.0	0.945299913828631
GC_00001718	42	42	1	1	0.988681436679596	1.0	0.994308508586824	0.952830188679245	1.0	0.98605176078715
GC_00001719	42	42	1	1	0.992198648851984	0.999882131070248	0.996025572314263	0.898514851485149	1.0	0.989687906072837
GC_00001720	42	42	1	1	0.994390080737151	1.0	0.997187150439108	0.923371647509579	1.0	0.99208796685668
GC_00001721	42	42	1	1	0.990409603200144	0.88255514598788	0.933376981407729	0.821705426356589	1.0	0.969113794127974
GC_00001722	42	42	1	1	0.998068694505806	1.0	0.999033413866348	0.98202614379085	1.0	0.997720768524212
GC_00001723	42	42	1	1	0.993727293575213	0.996140713217	0.99493253983311	0.881987577639752	1.0	0.988713831237691
GC_00001724	42	42	1	1	0.980015531149463	1.0	0.989906913084194	0.82261208576998	1.0	0.975505611363549
GC_00001725	41	42	2	0	0.967922955397378	0.948539284520701	0.958133093843828	0.60968660968661	1.0	0.954270360774426
GC_00001726	42	42	1	1	0.994096644981389	1.0	0.99703958429825	0.983660130718954	1.0	0.993410914501302
GC_00001727	42	42	1	1	0.992515163246871	1.0	0.996243523316062	0.95045045045045	1.0	0.990007429031819
GC_00001728	42	42	1	1	0.989134770682851	0.99984020453819	0.994458677214347	0.939597315436242	1.0	0.987274824809609
GC_00001729	42	42	1	1	0.985816694174536	0.905320911080365	0.943855661532392	0.648183556405354	1.0	0.96035336206954
GC_00001730	42	42	1	1	0.978646855434072	1.0	0.989208208373675	0.879310344827586	1.0	0.970663622892387
GC_00001731	42	42	1	1	0.977214310021504	0.987246019061738	0.982204550589336	0.772307692307692	1.0	0.96909139640847
GC_00001732	42	42	1	1	0.994780014914243	0.989033827529405	0.99189859920371	0.924778761061947	1.0	0.992383830285838
GC_00001733	42	42	1	1	0.998590152268429	0.999109309449525	0.998849663400337	0.957547169811321	1.0	0.996522984097766
GC_00001734	42	42	1	1	0.984236553955836	1.0	0.992055661905463	0.849056603773585	1.0	0.981000591677076
GC_00001735	42	42	1	1	0.9880810488677	0.998821976489343	0.993422480681312	0.779166666666667	1.0	0.983875338753388
GC_00001736	42	42	1	1	0.989128680008007	0.927642899735923	0.957399626153863	0.823076923076923	1.0	0.981658179219155
GC_00001737	42	42	1	1	0.991644651962892	0.986101337810536	0.988865226363367	0.724565756823821	1.0	0.976511817581841
GC_00001738	42	42	1	1	0.996037297997994	0.995948353854978	0.995992823940764	0.860576923076923	1.0	0.989343227910301
GC_00001739	42	42	1	1	0.997372622201342	1.0	0.998684583052029	0.97752808988764	1.0	0.993187957561759
GC_00001740	42	42	1	1	0.996924222797126	0.998124027698274	0.997523764471513	0.972886762360447	1.0	0.995783990649202
GC_00001741	42	42	1	1	0.995327942497754	1.0	0.997658501440922	0.969811320754717	1.0	0.993592356408739
GC_00001742	42	42	1	1	0.98087185443283	1.0	0.990343572440406	0.856	1.0	0.9785737514518
GC_00001743	42	42	1	1	0.99447971999662	1.0	0.997232220539505	0.969543147208122	1.0	0.994157425258081
GC_00001744	41	42	2	0	0.969512533219269	0.958095486864226	0.963770198980029	0.0795180722891566	1.0	0.91321942823559
GC_00001745	42	42	1	1	0.996298008441292	0.987420680828301	0.991839481197008	0.97444089456869	1.0	0.993784625203623
GC_00001746	42	42	1	1	0.994472038945313	1.0	0.997228358710103	0.948936170212766	1.0	0.993874020807077
GC_00001747	42	42	1	1	0.996646241359754	0.894316836372247	0.94271276266714	0.62621359223301	1.0	0.963865678878703
GC_00001748	42	42	1	1	0.99419446064479	1.0	0.997088779720443	0.96137339055794	1.0	0.9929017561175
GC_00001749	42	42	1	1	0.997345811370202	0.969794093988669	0.983377008311675	0.950310559006211	1.0	0.994867300048333
GC_00001750	42	42	1	1	0.995862305829658	1.0	0.997926863913279	0.976377952755906	1.0	0.994823817754488
GC_00001751	42	42	1	1	0.99578978849953	0.999002676362167	0.997393645031758	0.978260869565217	1.0	0.991497500378731
GC_00001752	42	42	1	1	0.988969491568452	1.0	0.99445415906161	0.930327868852459	1.0	0.983977837436454
GC_00001753	42	42	1	1	0.992522306930045	0.990856203241378	0.99168855529455	0.892857142857143	1.0	0.979840716774515
GC_00001754	42	42	1	1	0.987983219410648	1.0	0.993955290732829	0.888524590163934	1.0	0.985152605624417
GC_00001755	42	42	1	1	0.978251988723087	0.991276388887924	0.984721123927238	0.850574712643678	1.0	0.966505133031626
GC_00001756	42	42	1	1	0.963312849055829	0.999112380364313	0.980886078334903	0.890822784810127	1.0	0.952831194225143
GC_00001757	42	42	1	1	0.989672745333031	1.0	0.994809571226629	0.886454183266932	1.0	0.986587910842114
GC_00001758	42	42	1	1	0.995012639202022	1.0	0.997500085613506	0.958605664488017	1.0	0.993307169299518
GC_00001759	42	42	1	1	0.995627861756598	1.0	0.997809141510205	0.951127819548872	1.0	0.991808790268354
GC_00001760	42	42	1	1	0.994389587939543	1.0	0.997186902652128	0.900332225913621	1.0	0.989697523932999
GC_00001761	42	42	1	1	0.993447065618197	1.0	0.996712762282569	0.905737704918033	1.0	0.990670398507264
GC_00001762	42	42	1	1	0.989033039266563	0.953537690379798	0.970961072952268	0.866396761133603	1.0	0.983951435812797
GC_00001763	42	42	1	1	0.993121933950336	0.999545525460749	0.996323376114506	0.949044585987261	1.0	0.990652995701932
GC_00001764	42	42	1	1	0.994761017847603	0.923185954467034	0.957637946183617	0.393203883495146	1.0	0.922944645535221
GC_00001765	42	42	1	1	0.994802154276826	1.0	0.997394305138467	0.952662721893491	1.0	0.993883539849769
GC_00001766	42	42	1	1	0.991421643539744	1.0	0.995692345471847	0.938382541720154	1.0	0.98963649456777
GC_00001767	42	42	1	1	0.99473056484373	1.0	0.997358322347318	0.968299711815562	1.0	0.99351668691656
GC_00001768	42	42	1	1	0.987295807566342	0.999234468721294	0.993229263626356	0.851132686084142	1.0	0.984111949302572
GC_00001769	42	42	1	1	0.994158227552315	0.9971501699144	0.995651951035535	0.969135802469136	1.0	0.992131601210192
GC_00001770	42	42	1	1	0.974248063356247	0.975559090269131	0.974903136053314	0.689041095890411	1.0	0.964343786295006
GC_00001771	42	42	1	1	0.997333147351081	1.0	0.998664793275746	0.970588235294118	1.0	0.99686439616497
GC_00001772	42	42	1	1	0.996977224474837	1.0	0.998486324486771	0.98576512455516	1.0	0.996445414377885
GC_00001773	42	42	1	1	0.98314018078069	1.0	0.991498422863545	0.760869565217391	1.0	0.980728929960107
GC_00001774	42	42	1	1	0.988512112855896	0.89976474941369	0.942052906846666	0.808823529411765	1.0	0.976634556261529
GC_00001775	42	42	1	1	0.989475664908285	1.0	0.994709995564485	0.877094972067039	1.0	0.984271893796352
GC_00001776	42	42	1	1	0.959568185417359	0.997317864965094	0.978078916533576	0.671480144404332	1.0	0.948745686528552
GC_00001777	42	42	1	1	0.940202366847789	1.0	0.969179692709393	0.562814070351759	1.0	0.928907020584922
GC_00001778	42	42	1	1	0.967835127597252	0.991500421139823	0.979524857010963	0.717678100263852	1.0	0.961218929942786
GC_00001779	42	42	1	1	0.994982605229994	0.999354590780997	0.997163805872626	0.939393939393939	1.0	0.993610319220075
GC_00001780	42	42	1	1	0.973019585381764	1.0	0.986325318401228	0.805479452054795	1.0	0.962843460137146
GC_00001781	42	42	1	1	0.99680892249652	1.0	0.998401911436027	0.978723404255319	1.0	0.99640694887192
GC_00001782	42	42	1	1	0.996205264497947	1.0	0.998099025401074	0.975225225225225	1.0	0.994841531426897
GC_00001783	42	42	1	1	0.996757179331095	1.0	0.998375956424511	0.977491961414791	1.0	0.996261731106057
GC_00001784	42	42	1	1	0.993395412650868	1.0	0.996686765050618	0.954385964912281	1.0	0.990895939034578
GC_00001785	42	42	1	1	0.9949098384344	1.0	0.997448425253347	0.929577464788732	1.0	0.992687834323011
GC_00001786	42	42	1	1	0.993938514060465	1.0	0.99696004370406	0.909090909090909	1.0	0.992870341041073
GC_00001787	42	42	1	1	0.985061476230526	1.0	0.992474528397054	0.844827586206897	1.0	0.979794945732709
GC_00001788	42	42	1	1	0.984755942383061	0.961337822986278	0.9729059829177	0.738170347003155	1.0	0.974862330867563
GC_00001789	42	42	1	1	0.996803696242602	0.99990037856147	0.998349636084408	0.968619246861925	1.0	0.996046729744046
GC_00001790	42	42	1	1	0.996865431316651	1.0	0.998430255422228	0.9375	1.0	0.994384172737831
GC_00001791	42	42	1	1	0.989853965503483	0.922723991016675	0.9551108737391	0.783783783783784	1.0	0.970953531929142
GC_00001792	42	42	1	1	0.995538535942183	1.0	0.997764280680397	0.971246006389776	1.0	0.994868141287529
GC_00001793	42	42	1	1	0.997406533205117	1.0	0.998701582901743	0.982078853046595	1.0	0.995175235930547
GC_00001794	42	42	1	1	0.909317406862823	0.992731209328976	0.949195263774258	0.699324324324324	1.0	0.890467558150485
GC_00001795	42	42	1	1	0.99625919678798	0.99989394421466	0.998073261289069	0.948775055679287	1.0	0.99483430723585
GC_00001796	42	42	1	1	0.99477130151309	0.999925127283612	0.997341556262384	0.937106918238994	1.0	0.993506161476709
GC_00001797	42	42	1	1	0.992766905338065	1.0	0.996370325780422	0.955032119914347	1.0	0.991641112495554
GC_00001798	42	42	1	1	0.985821208329402	0.999873269503092	0.99279751816982	0.88948069241012	1.0	0.982763980198295
GC_00001799	42	42	1	1	0.998101479448907	1.0	0.999049837773196	0.984822934232715	1.0	0.997418586568424
GC_00001800	42	42	1	1	0.959559960356789	0.98654604345661	0.9728658978436	0.666666666666667	1.0	0.948071500917029
GC_00001801	42	42	1	1	0.994280367973748	1.0	0.997131981983023	0.964285714285714	1.0	0.99217871430415
GC_00001802	42	42	1	1	0.987925601222218	0.984291825477238	0.986105365765941	0.894179894179894	1.0	0.98472306718532
GC_00001803	42	42	1	1	0.981683576943586	1.0	0.990757140408529	0.830188679245283	1.0	0.975883680669691
GC_00001804	42	42	1	1	0.987755571625797	1.0	0.993840073423017	0.806603773584906	1.0	0.98339469243749
GC_00001805	42	42	1	1	0.993710268365624	0.959919529557415	0.976522670098503	0.913888888888889	1.0	0.991018195896245
GC_00001806	42	42	1	1	0.995853829029468	0.99955201592832	0.997699495460182	0.938095238095238	1.0	0.993341076267905
GC_00001807	42	42	1	1	0.995196137451277	1.0	0.997592285561028	0.952879581151832	1.0	0.994460355972296
GC_00001808	42	42	1	1	0.993941644073748	0.998880270135068	0.996404837634524	0.945544554455445	1.0	0.990866595370338
GC_00001809	42	42	1	1	0.99094240383396	0.997167949575524	0.994045429403815	0.905444126074499	1.0	0.984987803214094
GC_00001810	42	42	1	1	0.991414886649675	0.994827918297308	0.993118470106663	0.810810810810811	1.0	0.982601939919013
GC_00001811	42	42	1	1	0.995957294737782	1.0	0.997974553226727	0.973076923076923	1.0	0.993277048155097
GC_00001812	42	42	1	1	0.993328171376952	1.0	0.996652920116792	0.927450980392157	1.0	0.991999726719956
GC_00001813	42	42	1	1	0.996037146147059	1.0	0.998014639226234	0.974248927038627	1.0	0.994940507344988
GC_00001814	42	42	1	1	0.906459934746955	0.975798395238853	0.939852023054735	0.625	1.0	0.854939536790326
GC_00001815	42	42	1	1	0.997725025945205	0.997685006284558	0.997705015713568	0.976744186046512	1.0	0.995292852354679
GC_00001816	42	42	1	1	0.978421532767141	0.982320550639134	0.98036716502285	0.676991150442478	1.0	0.97383162200775
GC_00001817	42	42	1	1	0.986772486772487	1.0	0.993342210386152	0.948717948717949	1.0	0.986568986568987
GC_00001818	42	42	1	1	0.991721729759612	0.996865659706407	0.99428704176532	0.887387387387387	1.0	0.984623996819119
GC_00001819	42	42	1	1	0.992834448048914	1.0	0.996404341585875	0.896551724137931	1.0	0.991032213277798
GC_00001820	42	42	1	1	0.993786646969633	0.991568921168082	0.992676545422287	0.959660297239915	1.0	0.992382826467027
GC_00001821	42	42	1	1	0.984471509197399	1.0	0.99217499937357	0.844036697247706	1.0	0.982759539259875
GC_00001822	42	42	1	1	0.993455103670743	0.974158620304738	0.983712241212901	0.878260869565217	1.0	0.974155430995304
GC_00001823	42	42	1	1	0.993357746698352	0.831323073945025	0.905145936943868	0.688888888888889	1.0	0.851325332300942
GC_00001824	42	42	1	1	0.990385674480487	1.0	0.995169616802019	0.861971830985915	1.0	0.987515335917947
GC_00001825	42	42	1	1	0.991726479443623	1.0	0.995846055850657	0.924460431654676	1.0	0.989041519397722
GC_00001826	42	42	1	1	0.992625093799439	1.0	0.996298899264337	0.938271604938272	1.0	0.992233167481587
GC_00001827	42	42	1	1	0.991676975867013	1.0	0.995821097379828	0.931596091205212	1.0	0.987961880549471
GC_00001828	42	42	1	1	0.989109118257459	1.0	0.99452474394563	0.878688524590164	1.0	0.985712381713981
GC_00001829	41	42	2	0	0.990070427050668	0.96561134203262	0.977687933573501	0.115173674588665	1.0	0.937876751449677
GC_00001830	42	42	1	1	0.979025598055423	0.944346733853548	0.961373531837217	0.775884665792923	1.0	0.970621499886596
GC_00001831	42	42	1	1	0.998005372464117	0.998923391229909	0.998464170833363	0.971264367816092	1.0	0.995063879210221
GC_00001832	42	42	1	1	0.991595906001189	1.0	0.995780221292137	0.900804289544236	1.0	0.989459852469072
GC_00001833	42	42	1	1	0.995304816270047	1.0	0.997646883978995	0.954407294832827	1.0	0.994161027150871
GC_00001834	42	42	1	1	0.993408124707655	1.0	0.996693163226015	0.951104100946372	1.0	0.992362706412102
GC_00001835	42	42	1	1	0.994672237744049	1.0	0.997329003655269	0.938080495356037	1.0	0.993444874740654
GC_00001836	42	42	1	1	0.991805945735485	1.0	0.995886118182317	0.894586894586895	1.0	0.990361039141527
GC_00001837	42	42	1	1	0.995534689003064	1.0	0.997762348596823	0.983050847457627	1.0	0.995265654835725
GC_00001838	42	42	1	1	0.99347043993088	1.0	0.996724526264184	0.896341463414634	1.0	0.991218379082746
GC_00001839	42	42	1	1	0.988946717270376	0.999856999857001	0.994371932466635	0.900900900900901	1.0	0.98711952370489
GC_00001840	42	42	1	1	0.997677686046377	0.993729596780005	0.995699727746461	0.950331125827815	1.0	0.991396881802309
GC_00001841	42	42	1	1	0.956091841243663	0.990008520735024	0.972754630674932	0.498220640569395	1.0	0.943816880975114
GC_00001842	42	42	1	1	0.994497702193898	1.0	0.997241261396266	0.948186528497409	1.0	0.99369933743749
GC_00001843	42	42	1	1	0.992401166206131	0.913482046262428	0.951307658400556	0.656779661016949	1.0	0.977937557825941
GC_00001844	42	42	1	1	0.998040538009067	1.0	0.999019308190371	0.993548387096774	1.0	0.998040538009067
GC_00001845	42	42	1	1	0.996993919519027	1.0	0.998494697228875	0.980392156862745	1.0	0.993646238983398
GC_00001846	42	42	1	1	0.975227829324842	0.980516112660111	0.977864821298687	0.746696035242291	1.0	0.969216718598904
GC_00001847	42	42	1	1	0.998199767711963	1.0	0.999099072916969	0.978260869565217	1.0	0.997043377266071
GC_00001848	42	42	1	1	0.957819015203528	0.986600662006172	0.971996823070606	0.450413223140496	1.0	0.940377804014168
GC_00001849	42	42	1	1	0.99110070934281	0.998893795401423	0.994981992985678	0.928020565552699	1.0	0.987427186060329
GC_00001850	42	42	1	1	0.977727136783893	0.995283018867925	0.986426971538705	0.707547169811321	1.0	0.973506015383604
GC_00001851	42	42	1	1	0.994088146333255	1.0	0.997035309759192	0.929328621908127	1.0	0.991818618337622
GC_00001852	42	42	1	1	0.993137557585554	0.997751026112471	0.995438946474082	0.865834633385335	1.0	0.989079563182527
GC_00001853	42	42	1	1	0.993742049665395	1.0	0.996861203616759	0.9	1.0	0.991728886676622
GC_00001854	42	42	1	1	0.991843338476029	1.0	0.995904968344442	0.925373134328358	1.0	0.990646072772028
GC_00001855	42	42	1	1	0.989146064930037	0.994936466727067	0.992032816393502	0.883248730964467	1.0	0.986899898005507
GC_00001856	42	42	1	1	0.997561132349322	1.0	0.998779077340272	0.977732793522267	1.0	0.996355805084945
GC_00001857	42	42	1	1	0.993812888729688	1.0	0.996896844580911	0.911214953271028	1.0	0.988787217645207
GC_00001858	42	42	1	1	0.964537430242124	0.870040463077443	0.914855232388005	0.241935483870968	1.0	0.93040725338129
GC_00001859	42	42	1	1	0.941618122977346	0.817262380123226	0.875044173831095	0.561728395061728	1.0	0.796618918570138
GC_00001860	42	42	1	1	0.977147699802968	1.0	0.988441783990488	0.862542955326461	1.0	0.974875374674218
GC_00001861	42	42	1	1	0.987527604786292	0.952680519274025	0.969791126692541	0.789010989010989	1.0	0.977692690584677
GC_00001862	42	42	1	1	0.993668071273393	1.0	0.996823980472054	0.971074380165289	1.0	0.993559286242213
GC_00001863	42	42	1	1	0.987341246309766	0.995406972868776	0.991357704091009	0.897887323943662	1.0	0.98338404410201
GC_00001864	42	42	1	1	0.993696292347334	0.984076271293132	0.988862885599964	0.931451612903226	1.0	0.990450901052789
GC_00001865	42	42	1	1	0.975793953970141	0.988449162204853	0.982080790655466	0.830903790087464	1.0	0.971658150567345
GC_00001866	42	42	1	1	0.996954680674431	1.0	0.998475018309108	0.983094928478544	1.0	0.996434121874193
GC_00001867	42	42	1	1	0.995629887727449	1.0	0.997810158938075	0.952	1.0	0.993337979094077
GC_00001868	42	42	1	1	0.994984690106641	1.0	0.997486040911376	0.974025974025974	1.0	0.991274114967495
GC_00001869	42	42	1	1	0.994822111654391	1.0	0.997404335797484	0.921810699588477	1.0	0.994168901124637
GC_00001870	42	42	1	1	0.986226253888155	1.0	0.993065369020834	0.818965517241379	1.0	0.982007689535023
GC_00001871	42	42	1	1	0.997578028501373	1.0	0.998787545986154	0.976190476190476	1.0	0.997200099552016
GC_00001872	42	42	1	1	0.996928755166799	1.0	0.998462015820417	0.988452655889146	1.0	0.996708805755164
GC_00001873	42	42	1	1	0.997867871223485	0.980335652885799	0.989024070685657	0.968571428571429	1.0	0.994810021569603
GC_00001874	42	42	1	1	0.984953141508528	0.943021436647668	0.963531300733527	0.503311258278146	1.0	0.919152994746598
GC_00001875	42	42	1	1	0.969790225654759	1.0	0.984663456061571	0.878980891719745	1.0	0.957825665608794
GC_00001876	42	42	1	1	0.974269804451853	0.997126436781609	0.985565619186899	0.775862068965517	1.0	0.96865780234157
GC_00001877	42	42	1	1	0.994887021669486	1.0	0.997436958446782	0.957356076759062	1.0	0.993313670571978
GC_00001878	42	42	1	1	0.993007422393732	1.0	0.996491444272762	0.926523297491039	1.0	0.99123195917059
GC_00001879	42	42	1	1	0.994198329738399	1.0	0.997090725543652	0.971428571428571	1.0	0.993744814999171
GC_00001880	42	42	1	1	0.985964056210902	0.999683070552637	0.992776170430632	0.903333333333333	1.0	0.983681765389082
GC_00001881	42	42	1	1	0.990789311346803	1.0	0.995373348349471	0.886446886446886	1.0	0.987853803184814
GC_00001882	42	42	1	1	0.988724459309499	1.0	0.99433026499085	0.928730512249443	1.0	0.986272242614249
GC_00001883	42	42	1	1	0.983241725046914	0.993670886075949	0.988428796151264	0.683544303797468	1.0	0.980233464179126
GC_00001884	42	42	1	1	0.986339862152069	0.998273394723745	0.99227075011271	0.941964285714286	1.0	0.983236892317903
GC_00001885	42	42	1	1	0.993469625340117	1.0	0.996724116296094	0.934859154929577	1.0	0.99269396869019
GC_00001886	42	42	1	1	0.996375453068367	1.0	0.998184436236149	0.967629046369204	1.0	0.995178448222428
GC_00001887	42	42	1	1	0.994855735807742	0.994666401778846	0.994761059784252	0.946524064171123	1.0	0.992543802443372
GC_00001888	42	42	1	1	0.993096826285889	1.0	0.996536458428377	0.918580375782881	1.0	0.990977622272495
GC_00001889	42	42	1	1	0.996381614497619	1.0	0.998187528137855	0.96113074204947	1.0	0.99361002696347
GC_00001890	42	42	1	1	0.979160444665671	1.0	0.989470507360585	0.822857142857143	1.0	0.973758088601294
GC_00001891	42	42	1	1	0.967256810726002	1.0	0.983355915152778	0.736842105263158	1.0	0.956541506204536
GC_00001892	42	42	1	1	0.99585968081903	1.0	0.997925545958586	0.958333333333333	1.0	0.99304748999871
GC_00001893	42	42	1	1	0.987841500036622	1.0	0.993883566691231	0.889189189189189	1.0	0.985874376118279
GC_00001894	42	42	1	1	0.99451630524133	1.0	0.997250614224482	0.922374429223744	1.0	0.99131306381557
GC_00001895	42	42	1	1	0.998769899176403	1.0	0.999384571068384	0.993589743589744	1.0	0.998702065775236
GC_00001896	42	42	1	1	0.992219677425969	1.0	0.996094646257041	0.959501557632399	1.0	0.99101602498001
GC_00001897	42	42	1	1	0.985427375490162	1.0	0.992660207726692	0.839108910891089	1.0	0.979050953875875
GC_00001898	42	42	1	1	0.983643382699111	0.999362821009163	0.991440797273263	0.829861111111111	1.0	0.977755194218609
GC_00001899	42	42	1	1	0.984848042592441	0.999761009678358	0.992248495808658	0.899497487437186	1.0	0.982791425186326
GC_00001900	42	42	1	1	0.946444445641692	0.944096697505935	0.945269113810958	0.513100436681223	1.0	0.925830125425396
GC_00001901	42	42	1	1	0.996962083323457	1.0	0.998478730917371	0.948979591836735	1.0	0.992829884567067
GC_00001902	42	42	1	1	0.998801906869449	1.0	0.999400594362836	0.982248520710059	1.0	0.996405720608347
GC_00001903	42	42	1	1	0.997691855316971	1.0	0.998844594236651	0.981545559400231	1.0	0.997174766606786
GC_00001904	42	42	1	1	0.987923692044802	0.993173661687995	0.990541720574927	0.883561643835616	1.0	0.983779612747204
GC_00001905	42	42	1	1	0.995167883882229	1.0	0.997578090467069	0.952542372881356	1.0	0.99315734561704
GC_00001906	42	42	1	1	0.994226643454372	0.971777646051509	0.982873976801557	0.906832298136646	1.0	0.991737663605562
GC_00001907	42	42	1	1	0.86834118722378	0.99252826567875	0.926290848859228	0.621983914209115	1.0	0.826444093625157
GC_00001908	42	42	1	1	0.993612931724031	1.0	0.996796234527609	0.892070484581498	1.0	0.991358271040231
GC_00001909	42	42	1	1	0.995889854876357	1.0	0.997940695417835	0.978155339805825	1.0	0.994722776631372
GC_00001910	42	42	1	1	0.985347163816466	1.0	0.992619509347994	0.879310344827586	1.0	0.980768152509111
GC_00001911	42	42	1	1	0.983123232948107	1.0	0.991489804177825	0.887728459530026	1.0	0.980956019929465
GC_00001912	42	42	1	1	0.992397103693923	0.97939223004849	0.985851780256587	0.896713615023474	1.0	0.972539846122807
GC_00001913	42	42	1	1	0.991440293161229	0.991993356786571	0.991716747865353	0.796747967479675	1.0	0.981130531398229
GC_00001914	42	42	1	1	0.989908011756174	1.0	0.994928414688416	0.808450704225352	1.0	0.987247059593332
GC_00001915	42	42	1	1	0.984141920624465	0.985968158813736	0.985054193282661	0.809885931558935	1.0	0.965717641967294
GC_00001916	42	42	1	1	0.994884853906214	1.0	0.997435869000775	0.937888198757764	1.0	0.993594044192438
GC_00001917	42	42	1	1	0.993497920327189	0.994897959183672	0.994197446868471	0.872448979591837	1.0	0.990483301334471
GC_00001918	42	42	1	1	0.993257567019748	1.0	0.996617379965434	0.942263279445728	1.0	0.992535131553889
GC_00001919	42	42	1	1	0.991691771489878	1.0	0.995828557094501	0.920308483290488	1.0	0.990344222208289
GC_00001920	42	42	1	1	0.969690663050313	1.0	0.984612133509965	0.820809248554913	1.0	0.965197075587601
GC_00001921	42	42	1	1	0.993358482865006	1.0	0.996668177253572	0.968992248062015	1.0	0.989556041739819
GC_00001922	42	42	1	1	0.991053782313078	0.999828455565781	0.995421782062234	0.842615012106538	1.0	0.987622084799195
GC_00001923	42	42	1	1	0.992921632806855	1.0	0.996448246094265	0.941176470588235	1.0	0.990118442055314
GC_00001924	42	42	1	1	0.996600191722143	1.0	0.998297201266457	0.964656964656965	1.0	0.995436336899752
GC_00001925	42	42	1	1	0.982641097068334	1.0	0.991244556083633	0.879177377892031	1.0	0.978956734113797
GC_00001926	42	42	1	1	0.994077804993043	1.0	0.997030108357794	0.945544554455445	1.0	0.990857970814503
GC_00001927	42	42	1	1	0.979664753194924	0.857987874623192	0.914798005578408	0.68141592920354	1.0	0.859260172879858
GC_00001928	42	42	1	1	0.996456118407338	1.0	0.998224913856114	0.968325791855204	1.0	0.99432943909271
GC_00001929	42	42	1	1	0.989160788746691	0.999905470943202	0.994504109143665	0.911618669314796	1.0	0.985364930965241
GC_00001930	42	42	1	1	0.994066869821403	0.999761009678358	0.996905808850257	0.962311557788945	1.0	0.991776536573693
GC_00001931	42	42	1	1	0.962920687295771	0.966347878988994	0.96463123907607	0.412698412698413	1.0	0.918708404771123
GC_00001932	42	42	1	1	0.992080049451398	0.990815549390427	0.991447396232665	0.895480225988701	1.0	0.984497726333195
GC_00001933	42	42	1	1	0.994704455300117	1.0	0.997345198339627	0.964824120603015	1.0	0.993702542912005
GC_00001934	42	42	1	1	0.987559938779451	1.0	0.993741038457342	0.891891891891892	1.0	0.983277544253154
GC_00001935	42	42	1	1	0.988311046237875	0.962401721126712	0.975184320132255	0.844155844155844	1.0	0.985764815904189
GC_00001936	42	42	1	1	0.992702957292399	0.998577469220048	0.995631548004979	0.946768060836502	1.0	0.98887137160345
GC_00001937	42	42	1	1	0.994020317592133	0.997025765755843	0.995520773339081	0.957095709570957	1.0	0.990294499833259
GC_00001938	42	42	1	1	0.994754336991688	0.957716555989654	0.975884148751358	0.864963503649635	1.0	0.954898819061183
GC_00001939	42	42	1	1	0.998741319062415	0.99401542800967	0.996372769729588	0.971751412429379	1.0	0.99735996552863
GC_00001940	40	42	2	0	0.990318582942186	0.932441144373648	0.960508772525815	0.0383795309168444	1.0	0.891369434559408
GC_00001941	42	42	1	1	0.989629534054804	0.807030420143122	0.889050971262765	0.686206896551724	1.0	0.97434819175778
GC_00001942	42	42	1	1	0.993941088739746	0.998757978264618	0.996343711643509	0.894428152492669	1.0	0.991004799029976
GC_00001943	42	42	1	1	0.984565982312208	0.993448200808796	0.988987148881098	0.861271676300578	1.0	0.979429753009339
GC_00001944	42	42	1	1	0.997955178249967	1.0	0.998976542731142	0.985611510791367	1.0	0.997806632742587
GC_00001945	42	42	1	1	0.99251171281147	0.98579799037033	0.989143459525001	0.953237410071942	1.0	0.989856198664761
GC_00001946	42	42	1	1	0.994967092528068	1.0	0.997477197748884	0.986389111289031	1.0	0.994075632166593
GC_00001947	42	42	1	1	0.993483668924384	1.0	0.996731184118939	0.98019801980198	1.0	0.991513437057992
GC_00001948	42	42	1	1	0.997172202952774	0.998866213151928	0.998018489210837	0.95578231292517	1.0	0.995778257102299
GC_00001949	42	42	1	1	0.988833101821314	1.0	0.994385200966104	0.866369710467706	1.0	0.984994399737188
GC_00001950	42	42	1	1	0.988374300085413	0.99903483898452	0.993675977765062	0.857142857142857	1.0	0.985248919544589
GC_00001951	42	42	1	1	0.996117442573235	1.0	0.998054945393514	0.984375	1.0	0.994873330429733
GC_00001952	42	42	1	1	0.979465299448963	0.999675511889735	0.989467216274092	0.723549488054608	1.0	0.97325912800815
GC_00001953	42	42	1	1	0.982600224476174	0.997041420118343	0.989768149094474	0.85207100591716	1.0	0.976362286868853
GC_00001954	42	42	1	1	0.976865945017256	0.904003010373894	0.93902316000924	0.450495049504951	1.0	0.934077728330324
GC_00001955	42	42	1	1	0.997158901280012	1.0	0.998577429808831	0.973354231974922	1.0	0.996311790256281
GC_00001956	42	42	1	1	0.993286655976505	1.0	0.996632022793427	0.964941569282137	1.0	0.992439974483217
GC_00001957	42	42	1	1	0.992215157792226	1.0	0.996092368749768	0.914948453608247	1.0	0.990768346564173
GC_00001958	42	42	1	1	0.990023194237044	1.0	0.994986588200656	0.84375	1.0	0.988730400696864
GC_00001959	42	42	1	1	0.995878222329021	1.0	0.997934855130506	0.967980295566502	1.0	0.994074080431163
GC_00001960	42	42	1	1	0.990634920634921	1.0	0.995295430986365	0.93	1.0	0.986910569105691
GC_00001961	42	42	1	1	0.998966715651668	1.0	0.999483090768725	0.986159169550173	1.0	0.998218321283559
GC_00001962	42	42	1	1	0.992739860171711	1.0	0.996356704669086	0.905882352941176	1.0	0.991992894718863
GC_00001963	42	42	1	1	0.995878130471999	1.0	0.997934809012099	0.954128440366973	1.0	0.994070261803535
GC_00001964	42	42	1	1	0.997518080479262	0.926165164671799	0.96051831776247	0.904967602591793	1.0	0.993327363079246
GC_00001965	42	42	1	1	0.989347621239016	1.0	0.994645290422219	0.890566037735849	1.0	0.985595950299126
GC_00001966	42	42	1	1	0.989619699297119	1.0	0.994782771447956	0.873900293255132	1.0	0.986529337434137
GC_00001967	42	42	1	1	0.991975951179261	0.969994715588453	0.98086219833238	0.895377128953771	1.0	0.969576484086009
GC_00001968	42	42	1	1	0.992719599907836	0.992531149812352	0.992625365915773	0.919117647058823	1.0	0.989643825009679
GC_00001969	42	42	1	1	0.988724054045658	0.991800887021474	0.9902600805356	0.868512110726644	1.0	0.98237343717975
GC_00001970	42	42	1	1	0.992573408009324	0.917145717127653	0.953369988401048	0.822335025380711	1.0	0.931262786159406
GC_00001971	40	42	3	0	0.998660526955101	0.943974401013008	0.970547743351655	0.082687338501292	1.0	0.904848937747406
GC_00001972	40	42	2	0	0.969249241417903	0.933142158851086	0.950853046826846	0.0401929260450161	1.0	0.907267777317185
GC_00001973	42	42	1	1	0.985985585088473	1.0	0.992943345099404	0.904214559386973	1.0	0.980660463419084
GC_00001974	42	42	1	1	0.991108773621429	1.0	0.995534535080974	0.939622641509434	1.0	0.988780049525563
GC_00001975	42	42	1	1	0.99805956797432	1.0	0.999028841753879	0.978155339805825	1.0	0.996653811891794
GC_00001976	42	42	1	1	0.986948043934345	0.915689474882408	0.949984352929709	0.861003861003861	1.0	0.966555903838134
GC_00001977	42	42	1	1	0.997056502735147	1.0	0.998526082130966	0.984732824427481	1.0	0.996814166614948
GC_00001978	42	42	1	1	0.99869499290231	1.0	0.999347070412282	0.9875	1.0	0.997275454897406
GC_00001979	42	42	1	1	0.996381224430005	1.0	0.998187332396382	0.962162162162162	1.0	0.996080924129705
GC_00001980	42	42	1	1	0.998623904202267	1.0	0.999311478365269	0.98019801980198	1.0	0.996343188325801
GC_00001981	42	42	1	1	0.986280487804878	1.0	0.993092862624712	0.90625	1.0	0.985288424312815
GC_00001982	42	42	1	1	0.996702500247594	1.0	0.998348527258318	0.976744186046512	1.0	0.996090268211652
GC_00001983	42	42	1	1	0.991992995861191	0.948127204735734	0.969564201222088	0.922222222222222	1.0	0.974622531939605
GC_00001984	41	42	2	0	0.993248356587514	0.962796278847856	0.977785275826651	0.168639053254438	1.0	0.934969658234199
GC_00001985	42	42	1	1	0.992531843037899	1.0	0.996251925916168	0.945578231292517	1.0	0.990742715979152
GC_00001986	42	42	1	1	0.973710401724487	0.972710898539206	0.973210393505335	0.536057692307692	1.0	0.951400987224158
GC_00001987	42	42	1	1	0.989959796818582	0.989382670105562	0.989671149324221	0.693693693693694	1.0	0.976066658993488
GC_00001988	42	42	1	1	0.996235471845228	1.0	0.998114186323274	0.961538461538462	1.0	0.995577593138569
GC_00001989	42	42	1	1	0.996279543984437	1.0	0.998136305094758	0.97888198757764	1.0	0.995481204146558
GC_00001990	42	42	1	1	0.990718830030164	1.0	0.995337779585028	0.834224598930481	1.0	0.98498823032539
GC_00001991	42	42	1	1	0.997259274040192	1.0	0.99862775654847	0.986784140969163	1.0	0.997119423680077
GC_00001992	42	42	1	1	0.994973182476608	0.9625195847041	0.978477356795967	0.930885529157667	1.0	0.992103210140401
GC_00001993	42	42	1	1	0.997135855887276	0.98797050254869	0.992532020729053	0.958285052143685	1.0	0.99323053982071
GC_00001994	36	42	2	0	0.926180388564449	1.0	0.961675649968294	0.802816901408451	1.0	0.911894129001652
GC_00001995	42	42	1	1	0.990108176371979	1.0	0.995029504553841	0.930348258706468	1.0	0.988726518395248
GC_00001996	42	42	1	1	0.997166007238217	1.0	0.998580992891171	0.974587039390089	1.0	0.99567743544562
GC_00001997	42	42	1	1	0.987578975103798	1.0	0.993750676047701	0.883089770354906	1.0	0.983962911505047
GC_00001998	42	42	1	1	0.970604000638966	0.974700889942194	0.972648131184847	0.702380952380952	1.0	0.945301697914938
GC_00001999	42	42	1	1	0.994094768252912	0.997784433058401	0.995936183373532	0.945238095238095	1.0	0.990780377191527
GC_00002000	42	42	1	1	0.992205341370938	1.0	0.996087422080849	0.898785425101215	1.0	0.990920076927779
GC_00002001	42	42	1	1	0.997052075909126	1.0	0.998523862183448	0.985012489592007	1.0	0.995448044167607
GC_00002002	42	42	1	1	0.992806994997454	0.868781277918189	0.926662616421725	0.755741127348643	1.0	0.967433605144283
GC_00002003	42	42	1	1	0.988943544897634	0.983368394211765	0.986148089892118	0.910843373493976	1.0	0.986255824692498
GC_00002004	42	42	1	1	0.99105241690172	1.0	0.99550610369555	0.924107142857143	1.0	0.989002613240418
GC_00002005	42	42	1	1	0.995833469478283	1.0	0.99791238568476	0.976982097186701	1.0	0.995069077471922
GC_00002006	42	42	1	1	0.989859092566547	0.991115953682233	0.99048712440663	0.906666666666667	1.0	0.980414246999613
GC_00002007	42	42	1	1	0.979682832542611	0.898548370826096	0.937363208031692	0.842767295597484	1.0	0.970657199833454
GC_00002008	41	42	2	0	0.990474096180528	0.966210095058462	0.978191651885885	0.0077120822622108	1.0	0.94038139426565
GC_00002009	42	42	1	1	0.997275048876177	1.0	0.998635665565764	0.979591836734694	1.0	0.996586788025315
GC_00002010	42	42	1	1	0.996631986814142	0.999156829679595	0.997892811176216	0.946880269814503	1.0	0.995796879192593
GC_00002011	42	42	1	1	0.994689412357972	1.0	0.997337636822491	0.963242224316682	1.0	0.993797624794613
GC_00002012	42	42	1	1	0.996454456238915	1.0	0.998224079818097	0.983720930232558	1.0	0.996159144315696
GC_00002013	42	42	1	1	0.961453009605493	0.912021628463649	0.93608519879981	0.700704225352113	1.0	0.934460421062963
GC_00002014	42	42	1	1	0.993420864265701	0.996372076144677	0.994894281622805	0.952631578947368	1.0	0.988483403631029
GC_00002015	42	42	1	1	0.991196501502238	0.976425214000759	0.983755412405289	0.88659793814433	1.0	0.988221958802799
GC_00002016	42	42	1	1	0.988128934365806	0.99277848760276	0.990448254306938	0.74931129476584	1.0	0.978118210934176
GC_00002017	42	42	1	1	0.985478996539689	1.0	0.992686397848772	0.895348837209302	1.0	0.981997677119628
GC_00002018	42	42	1	1	0.992016910237857	1.0	0.99599245883852	0.893048128342246	1.0	0.985044128516152
GC_00002019	42	42	1	1	0.992099085199308	0.999673099230199	0.99587169154961	0.919724770642202	1.0	0.988465513750812
GC_00002020	42	42	1	1	0.990018600508239	1.0	0.994984268242914	0.959899749373434	1.0	0.986641982424121
GC_00002021	42	42	1	1	0.992451499118166	1.0	0.996211450624934	0.942222222222222	1.0	0.991477610014195
GC_00002022	42	42	1	1	0.993321886672692	0.994845027523248	0.994082873656501	0.936206896551724	1.0	0.992478673555208
GC_00002023	41	42	2	0	0.991102589283612	0.960036286742398	0.975322117034104	0.0594243268337976	1.0	0.93760143729571
GC_00002024	42	42	1	1	0.995375623802726	0.866190087085989	0.926300364496234	0.68141592920354	1.0	0.868952545404089
GC_00002025	42	42	1	1	0.997300371468886	1.0	0.998648361273208	0.973140495867769	1.0	0.996268513452549
GC_00002026	42	42	1	1	0.994785831250539	0.999718024254958	0.997245829361972	0.93026706231454	1.0	0.992836636717363
GC_00002027	42	42	1	1	0.991366627951994	0.919133139981656	0.953884357293664	0.867647058823529	1.0	0.984761221561795
GC_00002028	42	42	1	1	0.987897522110296	1.0	0.993911920632178	0.883268482490272	1.0	0.983857337183711
GC_00002029	42	42	1	1	0.99547306647041	1.0	0.997731398330724	0.97029702970297	1.0	0.99515874932441
GC_00002030	42	42	1	1	0.980217755443886	0.990583787099466	0.985373509619509	0.842857142857143	1.0	0.969277141751009
GC_00002031	42	42	1	1	0.992795232755283	1.0	0.996384592292127	0.969827586206897	1.0	0.989554547639072
GC_00002032	42	42	1	1	0.994667832556815	1.0	0.997326789274809	0.971264367816092	1.0	0.993174870172347
GC_00002033	42	42	1	1	0.994380356443941	1.0	0.997182260877218	0.959780621572212	1.0	0.993014372556888
GC_00002034	42	42	1	1	0.98740414722443	1.0	0.993662158352059	0.89766081871345	1.0	0.984164340390271
GC_00002035	42	42	1	1	0.991595125741467	1.0	0.995779827862652	0.944055944055944	1.0	0.99039578307871
GC_00002036	42	42	1	1	0.961074462891361	0.956506004407046	0.958784791683852	0.744952178533475	1.0	0.945271605441119
GC_00002037	42	42	1	1	0.990105506304645	0.977144632944091	0.983582374434032	0.904615384615385	1.0	0.985280085767891
GC_00002038	42	42	1	1	0.993897517667671	0.994831664537063	0.994364371708399	0.939040207522698	1.0	0.992145591272478
GC_00002039	42	42	1	1	0.994114846004699	0.992397134244217	0.993255247482651	0.853932584269663	1.0	0.985279724386329
GC_00002040	42	42	1	1	0.9950387863667	1.0	0.997513224471021	0.981481481481482	1.0	0.994472405041511
GC_00002041	42	42	1	1	0.995734570021757	1.0	0.997862726816324	0.957746478873239	1.0	0.994098738774108
GC_00002042	42	42	1	1	0.970837672830115	0.981857721111238	0.976316601116071	0.783410138248848	1.0	0.964313813645049
GC_00002043	42	42	1	1	0.991581835986427	1.0	0.995773126737017	0.938235294117647	1.0	0.990233654437385
GC_00002044	42	42	1	1	0.994780500498213	1.0	0.997383421634369	0.963934426229508	1.0	0.992985662877706
GC_00002045	42	42	1	1	0.990693196405648	0.99457777161013	0.992631683538139	0.708791208791209	1.0	0.982552871054613
GC_00002046	42	42	1	1	0.998448395496342	0.993756204846369	0.996096774470559	0.973297730307076	1.0	0.996694004704685
GC_00002047	42	42	1	1	0.997923370334406	1.0	0.998960605948943	0.986885245901639	1.0	0.995910207345633
GC_00002048	42	42	1	1	0.996194179333098	1.0	0.998093461695107	0.973913043478261	1.0	0.995924859869717
GC_00002049	42	42	1	1	0.99244289585753	1.0	0.996207116320281	0.906666666666667	1.0	0.986991869918699
GC_00002050	42	42	1	1	0.994880301447851	1.0	0.997433581078306	0.957178841309824	1.0	0.994324448462189
GC_00002051	42	42	1	1	0.983861512084509	1.0	0.991865113659807	0.761904761904762	1.0	0.982379293180687
GC_00002052	42	42	1	1	0.977602568717184	0.999440616867442	0.988400983300702	0.725663716814159	1.0	0.970402118686168
GC_00002053	42	42	1	1	0.987651779115194	0.933017303324107	0.95955748754282	0.869198312236287	1.0	0.980074194955331
GC_00002054	42	42	1	1	0.994688346883469	1.0	0.997337101244498	0.950588235294118	1.0	0.994400491904079
GC_00002055	42	42	1	1	0.990273126744608	0.974075354303489	0.982107458118945	0.852272727272727	1.0	0.987945658677366
GC_00002056	42	42	1	1	0.995422559267609	0.947266969571803	0.970747921541695	0.92962962962963	1.0	0.99267862519895
GC_00002057	42	42	1	1	0.983614907071056	1.0	0.991739781310105	0.882978723404255	1.0	0.979477104801443
GC_00002058	42	42	1	1	0.99127041624023	1.0	0.995616073191981	0.95049504950495	1.0	0.988811076229574
GC_00002059	35	42	8	0	0.797533843303714	0.697266754073393	0.744037479192642	0.153790613718412	1.0	0.690869906120412
GC_00002060	42	42	1	1	0.96329117984271	1.0	0.981302406625068	0.709055876685935	1.0	0.952403330804572
GC_00002061	42	42	1	1	0.978198799845141	0.985914176096978	0.982041334303364	0.848341232227488	1.0	0.971398847366943
GC_00002062	42	42	1	1	0.995007313129658	0.989825461668818	0.992409623206077	0.97741273100616	1.0	0.993274617404432
GC_00002063	42	42	1	1	0.993152833817922	1.0	0.99656465572238	0.959367945823928	1.0	0.99181748347635
GC_00002064	42	42	1	1	0.9955783768364	1.0	0.99778428990065	0.973684210526316	1.0	0.993965750613467
GC_00002065	42	42	1	1	0.985853250429241	0.998584122644273	0.99217784999801	0.849624060150376	1.0	0.983591382637779
GC_00002066	42	42	1	1	0.993315452167882	0.996415770609321	0.994863195993415	0.92831541218638	1.0	0.991303768644445
GC_00002067	42	42	1	1	0.992451199163701	0.952320776568856	0.971971941685611	0.741803278688525	1.0	0.950895832143333
GC_00002068	42	42	1	1	0.996600419713578	1.0	0.998297315650715	0.946351931330472	1.0	0.994471943493193
GC_00002069	42	42	1	1	0.988912810150169	1.0	0.994425502318026	0.959349593495935	1.0	0.984745474632447
GC_00002070	42	42	1	1	0.982366193281351	0.918642647168628	0.949436384600226	0.682692307692308	1.0	0.91337778075583
GC_00002071	42	42	1	1	0.991085698402772	1.0	0.995522894065093	0.908424908424908	1.0	0.989117348002366
GC_00002072	42	42	1	1	0.992716239454753	1.0	0.996344807955577	0.906976744186046	1.0	0.988207330578289
GC_00002073	42	42	1	1	0.965975644411176	1.0	0.98269339923638	0.797953964194373	1.0	0.954270149204963
GC_00002074	42	42	1	1	0.9905371043852	0.964087137513194	0.977133160529968	0.788634097706879	1.0	0.966453716666493
GC_00002075	42	42	1	1	0.980472319008904	0.951268141141559	0.965649474745387	0.759493670886076	1.0	0.976638880312854
GC_00002076	42	42	1	1	0.995157533637287	1.0	0.997572890219909	0.970873786407767	1.0	0.994087555299964
GC_00002077	42	42	1	1	0.998275232862887	0.98236161475616	0.990254494058456	0.970588235294118	1.0	0.992610052150942
GC_00002078	42	42	1	1	0.995455000500551	0.991719881615353	0.99358393076975	0.925925925925926	1.0	0.986830393334458
GC_00002079	42	42	1	1	0.99787508117488	0.99723882336359	0.997556850815378	0.96526508226691	1.0	0.994636566893222
GC_00002080	42	42	1	1	0.988833384517567	0.936611137501253	0.962014070497493	0.812217194570136	1.0	0.977204765583532
GC_00002081	42	42	1	1	0.99651143441259	1.0	0.998252669367538	0.969298245614035	1.0	0.995932412331642
GC_00002082	41	41	1	0	1.0	1.0	1.0	1.0	1.0	1.0
GC_00002083	41	41	1	0	0.999426111908178	1.0	0.999712973593571	0.988235294117647	1.0	0.999426111908178
GC_00002084	41	41	1	0	0.996747967479675	1.0	0.998371335504886	0.925	1.0	0.996341463414634
GC_00002085	40	41	2	0	0.982628952758808	0.901783750085399	0.940472138214604	0.5	1.0	0.970538617886179
GC_00002086	41	41	1	0	0.996998123827392	0.984848484848485	0.990886062876699	0.939393939393939	1.0	0.99630450849963
GC_00002087	41	41	1	0	0.991181305255675	0.973959272816074	0.982494824103579	0.74468085106383	1.0	0.98483393876492
GC_00002088	39	41	2	0	0.972646026278609	0.961046052789513	0.966811246149322	0.65625	1.0	0.963347942073171
GC_00002089	41	41	1	0	0.995487804878049	1.0	0.99773880095337	0.975	1.0	0.995487804878049
GC_00002090	41	41	1	0	0.998642429820525	1.0	0.999320753848102	0.971698113207547	1.0	0.997768062586286
GC_00002091	40	41	2	0	0.989538653098903	0.991431691329736	0.990484267709678	0.738219895287958	1.0	0.986106499808454
GC_00002092	40	41	2	0	0.977662993572085	0.999606608969315	0.988513036829451	0.491935483870968	1.0	0.97023013375295
GC_00002093	41	41	1	0	0.985796269727403	1.0	0.992847337620114	0.894117647058824	1.0	0.980114777618365
GC_00002094	41	41	1	0	0.98640243902439	1.0	0.993154679681984	0.925	1.0	0.98640243902439
GC_00002095	41	41	1	0	0.990377218288312	1.0	0.995165347742493	0.790322580645161	1.0	0.988808025177026
GC_00002096	41	41	1	0	0.997287522603978	0.999100878859256	0.99819337717922	0.962962962962963	1.0	0.994444444444444
GC_00002097	41	41	1	0	0.995830620070907	0.990341269441308	0.993078359065641	0.806167400881057	1.0	0.989497152680778
GC_00002098	41	41	1	0	0.985333125292557	0.994843557526484	0.99006550296231	0.763636363636364	1.0	0.975077605321508
GC_00002099	41	41	1	0	0.997349181481734	0.994780355146208	0.996063112079118	0.909722222222222	1.0	0.991412601626016
GC_00002100	41	41	1	0	0.979487895283736	0.901860008955136	0.939072417198046	0.693877551020408	1.0	0.965463746474199
GC_00002101	41	41	1	0	0.95620281106846	0.998839024390244	0.977056005251918	0.496	1.0	0.944136585365854
GC_00002102	41	41	1	0	0.985772357723577	1.0	0.992835209825998	0.952380952380952	1.0	0.985772357723577
GC_00002103	41	41	1	0	0.987583148558758	1.0	0.993752788933512	0.909090909090909	1.0	0.987583148558758
GC_00002104	39	41	2	0	0.995855670887039	0.92989168501852	0.961743922427393	0.0099009900990099	1.0	0.896927070755856
GC_00002105	41	41	1	0	0.987662733930024	0.999190407870464	0.993393129257357	0.833333333333333	1.0	0.983404471544715
GC_00002106	40	41	2	0	0.988814206289934	0.955640824184581	0.971944537934348	0.0	1.0	0.926950667696722
GC_00002107	40	41	2	0	0.989743768844806	0.867880390742573	0.92481485493907	0.108433734939759	1.0	0.914443138407288
GC_00002108	41	41	1	0	0.991945955430777	1.0	0.995956695237005	0.928057553956835	1.0	0.989419196350237
GC_00002109	40	41	2	0	0.979019021322289	0.956553005333493	0.967655632782125	0.576576576576577	1.0	0.972632388486047
GC_00002110	41	41	1	0	0.994510773779066	1.0	0.997247833256607	0.968531468531469	1.0	0.992691454886577
GC_00002111	40	41	2	0	0.992651778308033	0.961422031354935	0.976787350006602	0.198019801980198	1.0	0.935921275054335
GC_00002112	41	41	1	0	0.992672764227642	1.0	0.996322910663559	0.9625	1.0	0.989542682926829
GC_00002113	41	41	1	0	0.994027165080102	0.991834295522602	0.992929519573164	0.764150943396226	1.0	0.985106994937874
GC_00002114	40	41	2	0	0.980361214759536	0.939491715289089	0.959491453581295	0.0473372781065089	1.0	0.934644248809352
GC_00002115	41	41	1	0	0.976952796159914	0.95836753925732	0.967570928793536	0.526086956521739	1.0	0.92626723223754
GC_00002116	41	41	1	0	0.991088020781297	0.992495684652968	0.99179135323794	0.91869918699187	1.0	0.980963712076145
GC_00002117	41	41	1	0	0.989770273374684	0.999724404023701	0.994722436718277	0.830508474576271	1.0	0.988032244729227
GC_00002118	41	41	1	0	0.984713876124269	1.0	0.992298071747459	0.956521739130435	1.0	0.98291504654177
GC_00002119	41	41	1	0	0.980129676362969	0.965700579272422	0.972861629101082	0.647540983606557	1.0	0.939084366253499
GC_00002120	41	41	1	0	0.936685428392745	1.0	0.967307766827265	0.592307692307692	1.0	0.91140712945591
GC_00002121	41	41	1	0	0.98182542298396	1.0	0.990829375380262	0.851351351351351	1.0	0.977233025708635
GC_00002122	40	41	2	0	0.959989967322813	0.858521324631722	0.906424790459592	0.186602870813397	1.0	0.903040028007935
GC_00002123	39	41	2	0	0.978652687010373	0.92971471745913	0.953556222207009	0.276315789473684	1.0	0.883408215661104
GC_00002124	41	41	1	0	0.986114227551064	0.976942172196081	0.981506772420075	0.90625	1.0	0.981364329268293
GC_00002125	41	41	1	0	0.992798245798393	0.952165800346528	0.972057594758047	0.67479674796748	1.0	0.937933769581598
GC_00002126	40	41	2	0	0.997201574954384	0.970149541155291	0.983489568750062	0.0	1.0	0.947689778021376
GC_00002127	41	41	1	0	0.99382372214941	0.989553205266563	0.991683866166744	0.690265486725664	1.0	0.980406863803151
GC_00002128	40	41	2	0	0.996455245099898	0.965633940541718	0.980802515951515	0.00492610837438424	1.0	0.944401057311066
GC_00002129	40	41	2	0	0.991714410813933	0.960738511264058	0.975980742860064	0.0978260869565217	1.0	0.941102863202545
GC_00002130	41	41	1	0	0.983110411749279	1.0	0.991483283961066	0.956989247311828	1.0	0.983110411749279
GC_00002131	41	41	1	0	0.982196918654269	1.0	0.99101851023065	0.906077348066298	1.0	0.979605174504784
GC_00002132	41	41	1	0	0.993997126718255	0.997995991983966	0.995992545551247	0.949899799599198	1.0	0.992506965149812
GC_00002133	41	41	1	0	0.970091963214714	1.0	0.984818964117552	0.836065573770492	1.0	0.963374650139944
GC_00002134	41	41	1	0	0.978390063315891	0.988033922536554	0.983188344918128	0.717201166180758	1.0	0.971421460570291
GC_00002135	41	41	1	0	0.993977346932064	0.953220187002259	0.973172219054946	0.134275618374558	1.0	0.912367491166078
GC_00002136	40	41	2	0	0.974504811853964	0.997916666666662	0.986071794579438	0.629166666666667	1.0	0.967205284552846
GC_00002137	40	41	2	0	0.985373891092593	0.964131645173862	0.974637038015186	0.00842696629213483	1.0	0.933827761030419
GC_00002138	41	41	1	0	0.973096492657577	1.0	0.986364829372239	0.933184855233853	1.0	0.965190939214515
GC_00002139	41	41	1	0	0.992630779248969	0.982418931740805	0.987498455696201	0.443478260869565	1.0	0.966076352067868
GC_00002140	40	41	2	0	0.976880683065476	0.930999894414527	0.95338861721714	0.116883116883117	1.0	0.897550417062612
GC_00002141	41	41	1	0	0.989837398373984	1.0	0.994892747701737	0.970149253731343	1.0	0.98596650891882
GC_00002142	40	41	2	0	0.989128302483784	0.964347079586419	0.976580507327048	0.103244837758112	1.0	0.934398158140873
GC_00002143	40	41	2	0	0.986603811061787	0.939068359394744	0.962249376026186	0.123359580052493	1.0	0.892868574355035
GC_00002144	40	41	2	0	0.980220581706559	0.983306854427853	0.981761292565241	0.584355828220859	1.0	0.971691231482867
GC_00002145	40	41	2	0	0.947292673255694	0.74453134652927	0.833761764023209	0.099290780141844	1.0	0.648356685694517
GC_00002146	40	41	2	0	0.992414142802155	0.973413436616207	0.982821964047728	0.0037593984962406	1.0	0.938625527232716
GC_00002147	40	41	2	0	0.988952612497572	0.940878957400134	0.964317008260131	0.0481171548117155	1.0	0.901466986427186
GC_00002148	40	41	2	0	0.983763419125904	0.983912364446472	0.9838378861489	0.730978260869565	1.0	0.980027173913044
GC_00002149	40	41	2	0	0.99547180653922	0.964104239711359	0.97953696773742	0.0838709677419355	1.0	0.944744295830055
GC_00002150	39	41	2	0	0.994409061196629	0.932529323994699	0.962475621159855	0.0	1.0	0.896224202626642
GC_00002151	40	41	2	0	0.988092518930007	0.965276029910175	0.976551019440763	0.0976430976430976	1.0	0.938092305165476
GC_00002152	41	41	1	0	0.977300123251121	0.799358583665142	0.879418471647526	0.689024390243902	1.0	0.955086258179655
GC_00002153	40	41	2	0	0.988611345028053	0.963643634782336	0.975967831827392	0.0177165354330709	1.0	0.937516804301901
GC_00002154	41	41	1	0	0.98685784106071	0.949909610647867	0.968031290219996	0.651006711409396	1.0	0.960914224914061
GC_00002155	40	41	2	0	0.895167715868186	0.966724025528308	0.929570842994345	0.00348432055749129	1.0	0.83194951984363
GC_00002156	40	41	2	0	0.978643429732469	0.994397213025174	0.986457428176661	0.657770800627943	1.0	0.972485354366888
GC_00002157	41	41	1	0	0.982966756254083	0.99826020612163	0.990554454732712	0.910204081632653	1.0	0.97715281234445
GC_00002158	41	41	1	0	0.99315522190329	0.999303160944741	0.996219706369075	0.968215158924205	1.0	0.990655375991413
GC_00002159	40	41	2	0	0.979105969863847	0.922205971929652	0.949804556225189	0.0395421436004162	1.0	0.91600847694221
GC_00002160	40	41	2	0	0.988582416162433	0.963707120070158	0.975986292556141	0.00657894736842105	1.0	0.937824935815148
GC_00002161	41	41	1	0	0.985601345668629	0.850276222330791	0.912951281203879	0.785310734463277	1.0	0.974011299435028
GC_00002162	41	41	1	0	0.977197785483969	0.854959312188014	0.91200077505428	0.191358024691358	1.0	0.950873230954532
GC_00002163	40	41	2	0	0.984385512616219	0.958293951013009	0.97116451773539	0.00801603206412826	1.0	0.93175375140525
GC_00002164	41	41	1	0	0.984455225066188	0.873629535718862	0.925737274597965	0.269301470588235	1.0	0.886523717718795
GC_00002165	32	41	3	0	0.976300840256478	0.699468784849655	0.815018904926918	0.15987460815047	1.0	0.566757779646762
GC_00002166	41	41	1	0	0.996100413635715	1.0	0.998046397697408	0.975438596491228	1.0	0.994788189987163
GC_00002167	38	41	3	0	0.765563039695808	0.74416999095408	0.754714944641527	0.122513089005236	1.0	0.808655344145065
GC_00002168	40	41	2	0	0.996273527233903	0.962487053954688	0.979088900776773	0.0402144772117962	1.0	0.945478323415942
GC_00002169	40	41	2	0	0.990301163793248	0.963211868342764	0.976568692921723	0.0443864229765013	1.0	0.938320703050373
GC_00002170	40	41	2	0	0.97582438415571	0.923315166558744	0.948843862948208	0.0647058823529412	1.0	0.898769727403156
GC_00002171	41	41	1	0	0.995967182232798	1.0	0.997979516996522	0.975609756097561	1.0	0.994445270672219
GC_00002172	41	41	1	0	0.981407922321527	0.967282396679059	0.974293963455255	0.103896103896104	1.0	0.938707633829585
GC_00002173	40	40	1	0	0.999930555555556	1.0	0.999965276572103	0.995833333333333	1.0	0.999791666666667
GC_00002174	40	40	1	0	0.994349426680254	0.928158415841582	0.960114459091001	0.495049504950495	1.0	0.971375983752221
GC_00002175	40	40	1	0	0.998333333333333	0.826372549019607	0.904250125367146	0.745098039215686	1.0	0.987254901960784
GC_00002176	40	40	1	0	0.998238482384824	1.0	0.999118464772496	0.959349593495935	1.0	0.997967479674797
GC_00002177	40	40	1	0	0.998752366202031	0.987293388429753	0.992989819625434	0.669421487603306	1.0	0.98306844670481
GC_00002178	40	40	1	0	0.998765432098765	1.0	0.999382334774552	0.975308641975309	1.0	0.998765432098766
GC_00002179	40	40	1	0	0.993888888888889	1.0	0.996935079409306	0.8	1.0	0.99
GC_00002180	40	40	1	0	0.996806387225549	0.994337979094077	0.995570653125425	0.785714285714286	1.0	0.989285714285714
GC_00002181	40	40	1	0	0.997543859649123	1.0	0.998770419813806	0.947368421052632	1.0	0.996842105263158
GC_00002182	40	40	1	0	0.998554550025138	1.0	0.999276752303387	0.941176470588235	1.0	0.995663650075415
GC_00002183	40	40	1	0	0.996151420578581	0.995410674730141	0.995780909897066	0.861924686192469	1.0	0.991079283338698
GC_00002184	40	40	1	0	0.994225459638489	0.999331126428443	0.996771755011532	0.852348993288591	1.0	0.991344002753399
GC_00002185	40	40	1	0	0.998333333333333	1.0	0.999165971643036	0.956521739130435	1.0	0.997608695652174
GC_00002186	40	40	1	0	0.997333333333333	0.96282601518653	0.979775934921958	0.905982905982906	1.0	0.99508547008547
GC_00002187	40	40	1	0	0.998988712729171	1.0	0.999494100559753	0.984732824427481	1.0	0.998492855744764
GC_00002188	40	40	1	0	0.994818215048668	0.986215336532684	0.990498096268892	0.805084745762712	1.0	0.987787918296393
GC_00002189	40	40	1	0	0.996722302854378	1.0	0.998358461193659	0.962264150943396	1.0	0.996722302854378
GC_00002190	40	40	1	0	0.991727716727717	0.988235294117646	0.989978425310674	0.811764705882353	1.0	0.988883861236802
GC_00002191	40	40	1	0	0.997736625514403	1.0	0.998867030590174	0.946502057613169	1.0	0.996913580246914
GC_00002192	40	40	1	0	0.996308167141501	1.0	0.998150669861865	0.944444444444444	1.0	0.994480056980057
GC_00002193	38	40	2	0	0.972895763656633	1.0	0.986261698746247	0.75	1.0	0.962918060200669
GC_00002194	40	40	1	0	0.992190072924018	1.0	0.996079727942566	0.862385321100917	1.0	0.988767348859092
GC_00002195	40	40	1	0	0.99887493458922	1.0	0.999437150673456	0.979591836734694	1.0	0.998648177219606
GC_00002196	40	40	1	0	0.999662771091342	1.0	0.999831357110042	0.993197278911565	1.0	0.999328449328449
GC_00002197	40	40	1	0	0.980327442827443	1.0	0.990066007899951	0.844594594594595	1.0	0.978196465696466
GC_00002198	40	40	1	0	0.999317120451141	1.0	0.999658443604632	0.984536082474227	1.0	0.998466825270949
GC_00002199	40	40	1	0	0.998815073815074	1.0	0.999407185686936	0.96969696969697	1.0	0.996445221445222
GC_00002200	40	40	1	0	0.996110630942092	1.0	0.998051526304395	0.955056179775281	1.0	0.994727744165946
GC_00002201	40	40	1	0	0.993683839096683	1.0	0.99683191447939	0.954128440366973	1.0	0.992813455657492
GC_00002202	40	40	1	0	0.998953881766382	0.996539792387542	0.997745376829905	0.986159169550173	1.0	0.998669150918286
GC_00002203	40	40	1	0	0.991461624794958	1.0	0.995712508291029	0.888888888888889	1.0	0.987697487697488
GC_00002204	39	40	2	0	0.994860817978156	0.964268897149934	0.979326010280802	0.0037037037037037	1.0	0.945332383665717
GC_00002205	40	40	1	0	0.981381758100542	0.997670958449402	0.989459321645329	0.744047619047619	1.0	0.970680708180708
GC_00002206	40	40	1	0	0.991900524754734	0.99423399496785	0.993065889087263	0.73469387755102	1.0	0.985147392290249
GC_00002207	40	40	1	0	0.997040640518901	1.0	0.998518127562827	0.964426877470356	1.0	0.996645383601905
GC_00002208	40	40	1	0	0.985494409423457	0.977585518981399	0.981524032464979	0.321739130434783	1.0	0.951415830546265
GC_00002209	40	40	1	0	0.988336204421476	0.998722245496438	0.993502081859765	0.819354838709677	1.0	0.985566583953681
GC_00002210	40	40	1	0	0.97732690306339	0.993315832129392	0.985256504024696	0.834459459459459	1.0	0.969555613305613
GC_00002211	39	40	2	0	0.983949663051617	0.962319943569943	0.973014613188285	0.0446428571428571	1.0	0.929555860805861
GC_00002212	40	40	1	0	0.982342201356286	1.0	0.991092456876702	0.737089201877934	1.0	0.97566510172144
GC_00002213	40	40	1	0	0.996581196581197	1.0	0.998287671232877	0.94468085106383	1.0	0.995079105291871
GC_00002214	40	40	1	0	0.990826487428429	1.0	0.995392108438631	0.854368932038835	1.0	0.988287279063978
GC_00002215	40	40	1	0	0.996339650687477	1.0	0.998166469662984	0.942028985507246	1.0	0.994397993311037
GC_00002216	40	40	1	0	0.963679427124501	0.975761812027638	0.96968298398753	0.712025316455696	1.0	0.949480688088283
GC_00002217	40	40	1	0	0.996031225315765	0.827131991408389	0.90375813129957	0.773584905660377	1.0	0.97483671988389
GC_00002218	40	40	1	0	0.995453354123077	0.965200567674447	0.98009356145031	0.512437810945274	1.0	0.950995024875622
GC_00002219	40	40	1	0	0.99321866976188	0.983998222573315	0.988586947098202	0.862348178137652	1.0	0.990771306965639
GC_00002220	40	40	1	0	0.997983269685397	1.0	0.998990617016067	0.968085106382979	1.0	0.997075831969449
GC_00002221	40	40	1	0	0.989872336628489	0.991698775788908	0.99078471448266	0.625615763546798	1.0	0.977453580901857
GC_00002222	40	40	1	0	0.998667144820991	1.0	0.999333127988588	0.983682983682984	1.0	0.997131074054151
GC_00002223	40	40	1	0	0.995237717489026	0.970483870072646	0.982704934231399	0.778443113772455	1.0	0.963142944879472
GC_00002224	40	40	1	0	0.99108266704487	0.999769585253457	0.995407173826641	0.870967741935484	1.0	0.98863287250384
GC_00002225	39	40	2	0	0.97006960272529	0.933819467489655	0.951599432988562	0.0786885245901639	1.0	0.898259773013871
GC_00002226	40	40	1	0	0.993071680403228	0.956455376211105	0.974419661899121	0.556270096463023	1.0	0.956360788193586
GC_00002227	39	40	2	0	0.995913972101381	0.958043902569448	0.976611953434445	0.0766423357664234	1.0	0.939804416994198
GC_00002228	39	40	2	0	0.975833752304341	0.966073027636251	0.970928859506983	0.0	1.0	0.919587732528909
GC_00002229	40	40	1	0	0.997246672619807	1.0	0.998621438494334	0.965174129353234	1.0	0.995197091465748
GC_00002230	40	40	1	0	0.946142697881828	1.0	0.972326128923234	0.747826086956522	1.0	0.936755852842809
GC_00002231	40	40	1	0	0.992938221010529	0.958918393434521	0.975631833429384	0.406451612903226	1.0	0.945922249793218
GC_00002232	40	40	1	0	0.987745266979138	0.99867132232904	0.993178245900431	0.859060402684564	1.0	0.983471003269661
GC_00002233	40	40	1	0	0.998302205339242	1.0	0.999150381430686	0.982716049382716	1.0	0.997977207977208
GC_00002234	39	40	2	0	0.991976998433276	0.966395911072918	0.979019379313235	0.0604395604395604	1.0	0.943639053254438
GC_00002235	40	40	1	0	0.996561830247631	1.0	0.998277954781925	0.945619335347432	1.0	0.995766519482531
GC_00002236	40	40	1	0	0.998008379344132	0.999886621315198	0.998946617452211	0.975056689342404	1.0	0.996709110994825
GC_00002237	40	40	1	0	0.990821921935494	0.964511593424853	0.977489746090872	0.487394957983193	1.0	0.941596638655462
GC_00002238	38	40	2	0	0.95444282527346	0.952022533022534	0.953231142845605	0.36	1.0	0.922641025641026
GC_00002239	40	40	1	0	0.994222575196027	1.0	0.997102918763516	0.926253687315634	1.0	0.992250964374858
GC_00002240	40	40	1	0	0.991007149901381	1.0	0.995483265793865	0.903846153846154	1.0	0.988492357001972
GC_00002241	40	40	1	0	0.995308048433048	1.0	0.997648507672469	0.972222222222222	1.0	0.995076566951567
GC_00002242	40	40	1	0	0.927675948183761	1.0	0.962481218959866	0.703125	1.0	0.909700520833333
GC_00002243	40	40	1	0	0.991062271062271	1.0	0.9955110751343	0.914285714285714	1.0	0.98989010989011
GC_00002244	40	40	1	0	0.995129653773722	1.0	0.997558882342776	0.938983050847458	1.0	0.993794002607562
GC_00002245	40	40	1	0	0.99204423831609	0.998219373219374	0.995122226059081	0.935185185185185	1.0	0.989161918328585
GC_00002246	40	40	1	0	0.987890994897903	0.976757654037503	0.982292779061663	0.432835820895522	1.0	0.959624952162266
GC_00002247	40	40	1	0	0.994690730093692	0.984512724718205	0.989575557334051	0.877272727272727	1.0	0.985058275058275
GC_00002248	40	40	1	0	0.993468468468468	1.0	0.996723534063948	0.887387387387387	1.0	0.991562716562716
GC_00002249	40	40	1	0	0.998647236057308	1.0	0.999323160226434	0.988009592326139	1.0	0.997989300866999
GC_00002250	40	40	1	0	0.993569328760412	1.0	0.996774292648459	0.872611464968153	1.0	0.991487016168545
GC_00002251	40	40	1	0	0.99783916389421	1.0	0.998918413381396	0.984272608125819	1.0	0.997590482911584
GC_00002252	40	40	1	0	0.990518656938447	0.980993849005734	0.985733244757361	0.547826086956522	1.0	0.972136752136752
GC_00002253	40	40	1	0	0.987544722719141	1.0	0.993733334833433	0.88953488372093	1.0	0.986426654740608
GC_00002254	40	40	1	0	0.991137123745819	1.0	0.995548836818678	0.906832298136646	1.0	0.989687848383501
GC_00002255	40	40	1	0	0.977495190675569	0.988961615027307	0.983194972448331	0.694545454545455	1.0	0.970191142191142
GC_00002256	40	40	1	0	0.991224747474747	1.0	0.995593037633556	0.875	1.0	0.988598484848485
GC_00002257	40	40	1	0	0.977191907652906	0.992426527720649	0.984750299257593	0.631016042780749	1.0	0.968412633118515
GC_00002258	40	40	1	0	0.987490690872198	0.982374473007321	0.984925937910076	0.694214876033058	1.0	0.976435685526595
GC_00002259	40	40	1	0	0.994973509034099	0.994792353328941	0.994882922934974	0.875675675675676	1.0	0.988596673596674
GC_00002260	40	40	1	0	0.991022505759348	0.974968166383702	0.982929785960723	0.588709677419355	1.0	0.959729114971051
GC_00002261	40	40	1	0	0.990844620991167	0.999767441860467	0.995286033372516	0.865116279069767	1.0	0.986976744186047
GC_00002262	40	40	1	0	0.982846123444676	0.98659290732084	0.984715951324873	0.849056603773585	1.0	0.96746089340429
GC_00002263	40	40	1	0	0.991313666097325	0.986360115095173	0.988830686927129	0.75	1.0	0.98266687016687
GC_00002264	40	40	1	0	0.98965778316172	1.0	0.994802012222501	0.937007874015748	1.0	0.98759842519685
GC_00002265	40	40	1	0	0.994224721819061	1.0	0.997103998301821	0.919811320754717	1.0	0.990499516207064
GC_00002266	40	40	1	0	0.998992673992674	1.0	0.999496083192084	0.987755102040816	1.0	0.997935635792779
GC_00002267	40	40	1	0	0.994680251742399	0.998759882494432	0.99671589257944	0.93730407523511	1.0	0.991230608471988
GC_00002268	40	40	1	0	0.938183486741179	1.0	0.96810595401225	0.727564102564103	1.0	0.917583004602235
GC_00002269	40	40	1	0	0.985282254924862	0.931602241093768	0.957690626330781	0.760135135135135	1.0	0.961854643104643
GC_00002270	40	40	1	0	0.980768642500591	0.988606033526687	0.984671743038532	0.704180064308682	1.0	0.964147909967846
GC_00002271	40	40	1	0	0.991807191807192	0.991071428571429	0.991439173683845	0.919642857142857	1.0	0.986733058608059
GC_00002272	40	40	1	0	0.998440065681445	1.0	0.999219424017091	0.986863711001642	1.0	0.998221127531472
GC_00002273	40	40	1	0	0.983320637607561	0.956332386898285	0.969638755559549	0.852941176470588	1.0	0.971347769877182
GC_00002274	40	40	1	0	0.984665062321089	0.999524948735473	0.992039361607332	0.838095238095238	1.0	0.98034188034188
GC_00002275	40	40	1	0	0.992914979757085	1.0	0.996444895886237	0.933518005540166	1.0	0.990265643866752
GC_00002276	40	40	1	0	0.980382233063054	0.986091109871601	0.983228384735516	0.667567567567568	1.0	0.970731115731116
GC_00002277	40	40	1	0	0.995074553488273	0.999643709512442	0.997353898383691	0.957142857142857	1.0	0.992539682539682
GC_00002278	40	40	1	0	0.991740100267232	1.0	0.995852922913155	0.922480620155039	1.0	0.988716623600345
GC_00002279	40	40	1	0	0.956353886708302	0.937388761694502	0.94677635988112	0.694835680751174	1.0	0.931184543156374
GC_00002280	40	40	1	0	0.987067696835909	1.0	0.99349176518511	0.956953642384106	1.0	0.985468670402445
GC_00002281	40	40	1	0	0.995596382207386	0.905492538824882	0.948409183596028	0.877906976744186	1.0	0.987399373881932
GC_00002282	40	40	1	0	0.997301189149015	1.0	0.998648771219059	0.973913043478261	1.0	0.995521181716834
GC_00002283	40	40	1	0	0.989220673185143	0.993777762821376	0.991493981724305	0.829721362229102	1.0	0.979383980312773
GC_00002284	40	40	1	0	0.990703146908568	0.995914675602173	0.993302075508954	0.818181818181818	1.0	0.983730332167832
GC_00002285	40	40	1	0	0.991051064903045	0.983037036324828	0.987027783697072	0.603715170278638	1.0	0.971151861554338
GC_00002286	40	40	1	0	0.988525641025641	1.0	0.994229715354115	0.891666666666667	1.0	0.986089743589744
GC_00002287	40	40	1	0	0.982618627789594	0.954797085154229	0.968508095979251	0.628378378378378	1.0	0.96978516978517
GC_00002288	40	40	1	0	0.9784099002849	0.98639348134152	0.982385470979948	0.657534246575342	1.0	0.973103266596417
GC_00002289	40	40	1	0	0.987144604902917	0.996734490608991	0.991916369451373	0.869047619047619	1.0	0.97983312983313
GC_00002290	40	40	1	0	0.991917714731403	1.0	0.995942460268904	0.935361216730038	1.0	0.991284001169933
GC_00002291	39	40	2	0	0.989914878235759	0.968146829344923	0.978909854551482	0.0619469026548673	1.0	0.940912185159973
GC_00002292	40	40	1	0	0.978997692888445	0.915179983040127	0.946013780396551	0.424107142857143	1.0	0.926287774725275
GC_00002293	40	40	1	0	0.988098832246835	0.994320664256581	0.991199984628613	0.803468208092486	1.0	0.980354231510301
GC_00002294	40	40	1	0	0.98596757852077	1.0	0.9929342142183	0.881458966565349	1.0	0.983754189073338
GC_00002295	40	40	1	0	0.992775106837607	1.0	0.996374456335989	0.9453125	1.0	0.990855368589744
GC_00002296	40	40	1	0	0.986002809975413	1.0	0.992952079446071	0.931506849315068	1.0	0.98343870741131
GC_00002297	40	40	1	0	0.965832070046547	0.910304086483116	0.937246347670309	0.301837270341207	1.0	0.848129080018844
GC_00002298	40	40	1	0	0.997817366682397	1.0	0.998907491068001	0.973926380368098	1.0	0.996676891615542
GC_00002299	40	40	1	0	0.990126801474696	0.997893686024119	0.993995071748921	0.858695652173913	1.0	0.985530471943515
GC_00002300	40	40	1	0	0.966152885815807	0.988888888888888	0.977388684081188	0.711111111111111	1.0	0.957150997150997
GC_00002301	40	40	1	0	0.989725943186766	0.994818682318684	0.992265778258229	0.767676767676768	1.0	0.985215401882068
GC_00002302	40	40	1	0	0.988558974358974	1.0	0.99424657463593	0.816	1.0	0.984815384615385
GC_00002303	40	40	1	0	0.982477857314064	0.933152433616981	0.957180107109109	0.611610228058051	1.0	0.965529034430209
GC_00002304	40	40	1	0	0.976844779105553	0.949551999272283	0.963005050039012	0.383259911894273	1.0	0.914814187281148
GC_00002305	40	40	1	0	0.980693708290995	0.990788286594991	0.985715153810791	0.625441696113074	1.0	0.965742502491619
GC_00002306	38	40	2	0	0.922454836661158	0.839206486670062	0.878863686605065	0.675496688741722	1.0	0.895457632874851
GC_00002307	40	40	1	0	0.992755730902998	0.999426905952775	0.996080148624546	0.938953488372093	1.0	0.98997465712582
GC_00002308	40	40	1	0	0.994890873015873	1.0	0.99743889400005	0.961309523809524	1.0	0.993929334554335
GC_00002309	40	40	1	0	0.998245316126111	1.0	0.999121887658273	0.97682119205298	1.0	0.996060451689591
GC_00002310	40	40	1	0	0.991901043977168	1.0	0.99593405704198	0.899653979238754	1.0	0.990679620264395
GC_00002311	40	40	1	0	0.995755451713396	1.0	0.997873212230005	0.948598130841122	1.0	0.99528816199377
GC_00002312	40	40	1	0	0.997410449463838	1.0	0.998703546115493	0.960985626283368	1.0	0.996027483809825
GC_00002313	40	40	1	0	0.945984795570267	0.853777777777778	0.8975192711904	0.509803921568627	1.0	0.825364504776269
GC_00002314	40	40	1	0	0.989730304238076	1.0	0.994838649368686	0.880829015544041	1.0	0.98802975953235
GC_00002315	39	40	2	0	0.990550095901087	0.844402323379336	0.911656121013214	0.182389937106918	1.0	0.87608181476106
GC_00002316	40	40	1	0	0.984474748487583	0.825651776128875	0.898095590102497	0.257575757575758	1.0	0.925922688422688
GC_00002317	40	40	1	0	0.982325407306746	0.999751243781096	0.990961724122714	0.835820895522388	1.0	0.979066207424416
GC_00002318	40	40	1	0	0.989128001628002	1.0	0.994534289214621	0.932539682539683	1.0	0.988334350834351
GC_00002319	40	40	1	0	0.990242154262503	0.990097057507274	0.990169600569367	0.646341463414634	1.0	0.97770090681676
GC_00002320	40	40	1	0	0.983569930548969	0.989097487877974	0.986325964904994	0.735191637630662	1.0	0.979661395515054
GC_00002321	39	40	2	0	0.987837927159759	0.967185490761211	0.977402625067861	0.0119940029985007	1.0	0.934317456656287
GC_00002322	40	40	1	0	0.990474127974128	1.0	0.995214269860635	0.858108108108108	1.0	0.98781185031185
GC_00002323	40	40	1	0	0.951332444559125	0.962591703527889	0.956928955982728	0.67741935483871	1.0	0.930245381858285
GC_00002324	40	40	1	0	0.997128568830696	1.0	0.998562220172443	0.978723404255319	1.0	0.996590289143481
GC_00002325	38	40	2	0	0.986724730813403	0.883042373117882	0.93200885402206	0.0145888594164456	1.0	0.853368360198599
GC_00002326	40	40	1	0	0.99614708962535	1.0	0.998069826419769	0.948616600790514	1.0	0.994005270092227
GC_00002327	39	39	1	0	0.999245852187029	1.0	0.999622783855149	0.985294117647059	1.0	0.999245852187029
GC_00002328	39	39	1	0	0.992325135182278	0.980196840196839	0.986223701529736	0.76	1.0	0.987692307692308
GC_00002329	39	39	1	0	0.996702724726974	1.0	0.998348639869024	0.926701570680628	1.0	0.995986744953402
GC_00002330	39	39	1	0	0.974157121930401	1.0	0.9869094117269	0.628205128205128	1.0	0.968147686771168
GC_00002331	39	39	1	0	0.995298419746637	1.0	0.997643670637518	0.967741935483871	1.0	0.995298419746637
GC_00002332	39	39	1	0	0.99207386116192	0.94641762892323	0.96870808688083	0.711538461538462	1.0	0.981015779092702
GC_00002333	39	39	1	0	0.991240228082333	0.870890136327185	0.9271760493969	0.666666666666667	1.0	0.981742596987606
GC_00002334	38	39	2	0	0.982972608200648	0.953085408757871	0.967798322032183	0.0376202974628171	1.0	0.920392036015741
GC_00002335	37	39	2	0	0.993772367345789	0.934104204967468	0.963014915425137	0.0161290322580645	1.0	0.895008924295851
GC_00002336	39	39	1	0	0.994219506950505	0.975685907192756	0.984865521586096	0.684931506849315	1.0	0.981254506128335
GC_00002337	39	39	1	0	0.99582453833466	1.0	0.997907901428638	0.948717948717949	1.0	0.992594899477491
GC_00002338	39	39	1	0	0.987325239439915	0.997520561199803	0.992396715770472	0.660377358490566	1.0	0.981905507600642
GC_00002339	39	39	1	0	0.993959810917941	0.999861024251269	0.996901684523391	0.943089430894309	1.0	0.993358422113236
GC_00002340	38	39	2	0	0.985330982393932	0.781650359677944	0.871751498956925	0.157360406091371	1.0	0.924827198805291
GC_00002341	39	39	1	0	0.976475541252869	0.993630573248408	0.984978367080246	0.681528662420382	1.0	0.972235832108444
GC_00002342	39	39	1	0	0.986910678823387	0.965524671407024	0.976100549261805	0.823529411764706	1.0	0.984377232674446
GC_00002343	39	39	1	0	0.975552787293678	0.990476190476191	0.982957849851363	0.685714285714286	1.0	0.972109761583446
GC_00002344	39	39	1	0	0.993102414155046	1.0	0.996539271742401	0.964539007092199	1.0	0.992017687426422
GC_00002345	39	39	1	0	0.973508972158574	0.993098042236086	0.983205945339854	0.730769230769231	1.0	0.962939894113983
GC_00002346	39	39	1	0	0.988784841336067	1.0	0.994360798397679	0.954198473282443	1.0	0.988523863975853
GC_00002347	39	39	1	0	0.984246330110992	1.0	0.992060627932154	0.897959183673469	1.0	0.978297391831226
GC_00002348	39	39	1	0	0.992713773327078	0.982155417030817	0.987406370806361	0.603351955307263	1.0	0.969858035721017
GC_00002349	39	39	1	0	0.994463420422559	0.991734080436322	0.993096875163573	0.920529801324503	1.0	0.988295156297945
GC_00002350	38	39	2	0	0.98647834016284	0.956677105181863	0.971349199110709	0.108	1.0	0.926488529014845
GC_00002351	39	39	1	0	0.991183062367962	0.99947885399244	0.995313672432653	0.859183673469388	1.0	0.988253601035556
GC_00002352	39	39	1	0	0.993966316334737	1.0	0.996974029292354	0.920454545454545	1.0	0.993318815687237
GC_00002353	39	39	1	0	0.991368312876443	0.996903167909885	0.994128036560831	0.893835616438356	1.0	0.98798134693953
GC_00002354	39	39	1	0	0.995608679819206	1.0	0.997799508377969	0.980952380952381	1.0	0.994563331405437
GC_00002355	39	39	1	0	0.98608549834783	1.0	0.99299400672139	0.910994764397906	1.0	0.981770778133413
GC_00002356	38	39	2	0	0.997185384108807	0.960161074066271	0.978323061254859	0.0989690721649484	1.0	0.940189490379398
GC_00002357	39	39	1	0	0.981975132406488	0.977617612925174	0.979791527787712	0.713483146067416	1.0	0.977315804636916
GC_00002358	39	39	1	0	0.994903827870997	0.999785655663135	0.99733876784411	0.918410041841004	1.0	0.99397512125986
GC_00002359	39	39	1	0	0.997437605698765	1.0	0.998717159277504	0.978902953586498	1.0	0.995205475551911
GC_00002360	39	39	1	0	0.987921198859772	0.983753322214859	0.985832855348847	0.646153846153846	1.0	0.966095712654417
GC_00002361	39	39	1	0	0.984484757258037	0.990520590520589	0.987493450804623	0.885714285714286	1.0	0.981710686973845
GC_00002362	39	39	1	0	0.99323556814846	0.954308825468624	0.973383170683996	0.923423423423423	1.0	0.965228386281018
GC_00002363	39	39	1	0	0.996528893745581	0.99724455369192	0.996886595276585	0.9625	1.0	0.995047233468286
GC_00002364	39	39	1	0	0.997604308037291	0.975448061014187	0.986401783549402	0.200320512820513	1.0	0.956058168102702
GC_00002365	39	39	1	0	0.9916933182975	1.0	0.995829336963584	0.962328767123288	1.0	0.990941526630063
GC_00002366	38	39	2	0	0.986051843231069	0.962131960107669	0.973945057001105	0.0369318181818182	1.0	0.930395810330021
GC_00002367	39	39	1	0	0.987062512672238	0.907998340103414	0.945881101149843	0.0597826086956522	1.0	0.872704336091064
GC_00002368	39	39	1	0	0.987140094187373	1.0	0.993528435237031	0.937853107344633	1.0	0.985147571231425
GC_00002369	37	39	2	0	0.981718136629355	0.957081141149839	0.969243103462435	0.0382165605095541	1.0	0.922801860113292
GC_00002370	36	39	2	0	0.988314659082773	0.872553524617522	0.926833449856786	0.0186688311688312	1.0	0.808175377254325
GC_00002371	39	39	1	0	0.995636738409162	1.0	0.997813599285451	0.981220657276995	1.0	0.995020052840661
GC_00002372	34	39	3	0	0.91510987892848	0.830461323879746	0.870733156376287	0.0421052631578947	1.0	0.774742524327012
GC_00002373	39	39	1	0	0.991293730424165	1.0	0.995627832577979	0.953416149068323	1.0	0.989170250039815
GC_00002374	39	39	1	0	0.985258305792312	0.960801411813557	0.972876179124537	0.630769230769231	1.0	0.939250493096647
GC_00002375	38	38	1	0	0.998790078644888	1.0	0.999394673123487	0.96551724137931	1.0	0.998185117967332
GC_00002376	38	38	1	0	0.994152046783626	1.0	0.997067448680352	0.851851851851852	1.0	0.992202729044834
GC_00002377	38	38	1	0	0.992209422537291	0.909710623422023	0.949170764837623	0.749077490774908	1.0	0.985670269220473
GC_00002378	38	38	1	0	0.998440109569845	1.0	0.999219445995561	0.980891719745223	1.0	0.998328365240869
GC_00002379	38	38	1	0	0.99215903965583	1.0	0.996064089167537	0.951219512195122	1.0	0.990539962298627
GC_00002380	38	38	1	0	0.995084558242453	1.0	0.997536223847135	0.944444444444444	1.0	0.990722301248617
GC_00002381	38	38	1	0	0.967290741813035	0.873144020253243	0.917809361644691	0.63953488372093	1.0	0.932945185087168
GC_00002382	38	38	1	0	0.99789690364708	0.996021833971979	0.996958487157178	0.936079545454545	1.0	0.993360435794646
GC_00002383	38	38	1	0	0.993040408829883	0.924103336396957	0.957332445479316	0.836734693877551	1.0	0.986921938049757
GC_00002384	38	38	1	0	0.990020620375578	1.0	0.994985288332068	0.844961240310077	1.0	0.98887381873918
GC_00002385	36	38	2	0	0.988220023661095	0.924803948219414	0.955460875582115	0.00869565217391304	1.0	0.886795720205331
GC_00002386	38	38	1	0	0.994489602384339	1.0	0.997237189098869	0.9	1.0	0.992491363543995
GC_00002387	38	38	1	0	0.998662979402446	0.977914723517656	0.988179953610596	0.389240506329114	1.0	0.965608513243423
GC_00002388	38	38	1	0	0.996026860660325	0.738762048204773	0.848318593562799	0.329411764705882	1.0	0.948021086101582
GC_00002389	36	38	2	0	0.931232430376754	0.992636746143056	0.960954664562196	0.698924731182796	1.0	0.919133054956485
GC_00002390	38	38	1	0	0.986380220325174	0.911417529422544	0.9474183680527	0.544943820224719	1.0	0.96719516678121
GC_00002391	38	38	1	0	0.981898972800369	0.987434803224276	0.984659107356028	0.733333333333333	1.0	0.963224276908487
GC_00002392	34	38	2	0	0.99295528937808	0.85799915592803	0.920557285805886	0.0512048192771084	1.0	0.795596325558279
GC_00002393	38	38	1	0	0.980489743290484	0.980963671782322	0.980726650280846	0.551724137931034	1.0	0.97433822206962
GC_00002394	37	38	2	0	0.995019672985775	0.970460493625993	0.982586646679793	0.00925925925925926	1.0	0.943302952074882
GC_00002395	38	38	1	0	0.992806716490927	1.0	0.99639037572006	0.94047619047619	1.0	0.990217661270293
GC_00002396	38	38	1	0	0.989731416919018	1.0	0.994839211466599	0.877300613496933	1.0	0.98680501618829
GC_00002397	38	38	1	0	0.990931721194879	0.992726763568098	0.991828430201079	0.956204379562044	1.0	0.988194494917507
GC_00002398	38	38	1	0	0.996530891842388	0.974658059837042	0.985473122486064	0.273794002607562	1.0	0.958167733368447
GC_00002399	37	38	2	0	0.997757171946911	0.962448142393609	0.979784647735515	0.00242718446601942	1.0	0.944133325967766
GC_00002400	38	38	1	0	0.990378768817881	0.978356105192955	0.984330727024164	0.902702702702703	1.0	0.973703433162893
GC_00002401	38	38	1	0	0.990648229149081	0.98780840226854	0.989226277600776	0.712765957446808	1.0	0.972806513120063
GC_00002402	37	38	2	0	0.984560825425937	0.994793372051305	0.989650649452644	0.940217391304348	1.0	0.977565093697817
GC_00002403	38	38	1	0	0.983955092613836	1.0	0.991912666044762	0.940092165898618	1.0	0.983605482756586
GC_00002404	35	38	3	0	0.899357081333826	0.895303845450861	0.897325886282295	0.111111111111111	1.0	0.793480322427691
GC_00002405	38	38	1	0	0.984921036880151	0.999829671265542	0.992319360295309	0.773462783171521	1.0	0.980324729430504
GC_00002406	37	38	2	0	0.959672690441921	0.999408633944412	0.979137681166708	0.865168539325843	1.0	0.945242699825787
GC_00002407	37	38	2	0	0.957827996549093	0.996286647380676	0.976678872361536	0.846441947565543	1.0	0.946984832259817
GC_00002408	37	38	2	0	0.973744153612341	0.949677618795265	0.961560321697773	0.838235294117647	1.0	0.962806459710484
GC_00002409	38	38	1	0	0.996117301043317	1.0	0.998054874352998	0.98576512455516	1.0	0.995742699057927
GC_00002410	37	38	2	0	0.978950242108137	1.0	0.989363169702822	0.878787878787879	1.0	0.962325962325962
GC_00002411	37	38	2	0	0.929170025527341	0.973908778185588	0.951013528733	0.741379310344828	1.0	0.90382351498504
GC_00002412	38	38	1	0	0.990745376052365	0.903877982409232	0.945320269158541	0.834605597964377	1.0	0.93660394021985
GC_00002413	37	37	1	0	0.999880397081689	0.999880411384832	0.99988040423326	0.995575221238938	1.0	0.999760822769672
GC_00002414	37	37	1	0	0.997808619430241	1.0	0.99890310786106	0.972972972972973	1.0	0.997808619430241
GC_00002415	36	37	2	0	0.996649721309712	0.961963425219239	0.978999432689368	0.079734219269103	1.0	0.939131822852753
GC_00002416	37	37	1	0	0.992038432946179	0.999145422017764	0.995579244249949	0.845744680851064	1.0	0.988355376653249
GC_00002417	37	37	1	0	0.998735611618059	0.999040528980648	0.99888804702983	0.964285714285714	1.0	0.996532246532246
GC_00002418	37	37	1	0	0.998820968619626	1.0	0.99941013657607	0.993288590604027	1.0	0.99857911602878
GC_00002419	37	37	1	0	0.99512322239595	1.0	0.997555650924561	0.958677685950413	1.0	0.994527585436677
GC_00002420	37	37	1	0	0.922766291863136	0.985816827280242	0.953250114225005	0.595238095238095	1.0	0.881595881595882
GC_00002421	36	37	2	0	0.993260336666184	0.961115843637331	0.976923742775215	0.0428571428571429	1.0	0.93986700986701
GC_00002422	37	37	1	0	0.995518252933507	0.980166797644675	0.987782883399455	0.743362831858407	1.0	0.974089133381169
GC_00002423	37	37	1	0	0.994308840268117	0.978649882759473	0.986417220591282	0.698630136986301	1.0	0.970504751326669
GC_00002424	37	37	1	0	0.928045232732733	1.0	0.962679938185225	0.609375	1.0	0.902003566066066
GC_00002425	32	37	3	0	0.953788135871529	0.95843692964205	0.956106881935683	0.164948453608247	1.0	0.891246917020113
GC_00002426	37	37	1	0	0.995830541285087	1.0	0.997910915466687	0.971074380165289	1.0	0.994763358399722
GC_00002427	32	37	2	0	0.979826923879911	0.982088126418022	0.980956222076003	0.520408163265306	1.0	0.9501287001287
GC_00002428	37	37	1	0	0.993028448910507	0.979801668676349	0.986370719518139	0.658695652173913	1.0	0.974347173260217
GC_00002429	37	37	1	0	0.91240210196554	0.990578568518265	0.949884549114523	0.685	1.0	0.882665165165165
GC_00002430	37	37	1	0	0.996224165952361	0.944357803392738	0.969597862813319	0.921965317919075	1.0	0.975863146383378
GC_00002431	37	37	1	0	0.998282101730378	1.0	0.999140312437301	0.984084880636605	1.0	0.997124445400308
GC_00002432	37	37	1	0	0.981019481019481	1.0	0.990418812554659	0.948717948717949	1.0	0.977015477015477
GC_00002433	36	37	2	0	0.988835485188327	0.964423198102724	0.976476786388547	0.0712166172106825	1.0	0.929478439864197
GC_00002434	37	37	1	0	0.989585167400293	0.902944297681139	0.944281503099855	0.861904761904762	1.0	0.96968396968397
GC_00002435	37	37	1	0	0.994844694544394	1.0	0.99741568580767	0.978978978978979	1.0	0.99274950626302
GC_00002436	36	37	2	0	0.997267586181153	0.957671631863845	0.977068614560925	0.0187793427230047	1.0	0.942075878695597
GC_00002437	35	37	3	0	0.97366234158687	1.0	0.986655438542768	0.867924528301887	1.0	0.960026063799649
GC_00002438	35	37	3	0	0.972591902927628	0.979535258149716	0.976051232423574	0.80952380952381	1.0	0.944337194337194
GC_00002439	36	37	2	0	0.997585204064961	0.957894018232998	0.977336796786448	0.0876923076923077	1.0	0.94014322014322
GC_00002440	37	37	1	0	0.982988307456393	1.0	0.991421183635002	0.861702127659574	1.0	0.980368666538879
GC_00002441	37	37	1	0	0.992826783114993	0.893155539645606	0.940357425990831	0.43046357615894	1.0	0.854205198576059
GC_00002442	37	37	1	0	0.976118106817195	0.892633614187731	0.932511070110229	0.808510638297872	1.0	0.92409430707303
GC_00002443	35	37	2	0	0.939338474310119	0.8635752972742	0.899865001841566	0.722689075630252	1.0	0.927524162818281
GC_00002444	36	37	2	0	0.994129016357292	0.961797234824492	0.977695900766732	0.0926829268292683	1.0	0.934893430015381
GC_00002445	35	37	2	0	0.973923883075699	0.974092765431347	0.974008316932936	0.551181102362205	1.0	0.942068052304273
GC_00002446	37	37	1	0	0.996329904573944	0.990067806322222	0.993188984848076	0.798586572438163	1.0	0.983165143942529
GC_00002447	35	37	2	0	0.918281509489596	0.91478194627295	0.916528387314238	0.125641025641026	1.0	0.81981981981982
GC_00002448	33	37	3	0	0.947404429540144	0.939645278436212	0.943508901990305	0.743073047858942	1.0	0.894202766998737
GC_00002449	35	37	3	0	0.864765042305685	0.985048039410452	0.920995875630455	0.647651006711409	1.0	0.824495636576174
GC_00002450	11	37	11	0	0.972857819577286	0.67469503257093	0.796796700525552	0.00238095238095238	1.0	0.542245817245817
GC_00002451	11	37	11	0	0.908946312901962	0.599854290971654	0.722740095221724	0.0192307692307692	1.0	0.478382228382228
GC_00002452	36	36	1	0	0.998789346246973	0.990474927750111	0.99461476133965	0.959232613908873	1.0	0.99773514521716
GC_00002453	36	36	1	0	0.995043370508054	0.992646500539082	0.993843490382218	0.881918819188192	1.0	0.993439934399344
GC_00002454	36	36	1	0	0.999607843137255	1.0	0.999803883114336	0.992941176470588	1.0	0.999607843137255
GC_00002455	36	36	1	0	0.988943860372432	0.941951888654688	0.964876055603338	0.682926829268293	1.0	0.981726674409601
GC_00002456	36	36	1	0	0.998738882251427	0.972788728886289	0.985593021640733	0.951219512195122	1.0	0.996709252806814
GC_00002457	36	36	1	0	0.999438351853197	0.999493423833322	0.999465887084624	0.981707317073171	1.0	0.998485288424313
GC_00002458	36	36	1	0	0.977066965955855	0.844800463652923	0.906132479723522	0.508196721311475	1.0	0.964949258391881
GC_00002459	36	36	1	0	0.998155975079052	1.0	0.999077136648016	0.976331360946746	1.0	0.997717666948436
GC_00002460	36	36	1	0	0.990777164327889	1.0	0.995367218472578	0.851449275362319	1.0	0.988538072233724
GC_00002461	36	36	1	0	0.99689594356261	0.997109826589593	0.997002873605235	0.942196531791908	1.0	0.995995045417011
GC_00002462	36	36	1	0	0.998793279495034	1.0	0.999396275484141	0.988304093567251	1.0	0.997679383644296
GC_00002463	36	36	1	0	0.998486889630801	0.985609378456092	0.992006344162401	0.96	1.0	0.996738816738817
GC_00002464	36	36	1	0	0.993932500620399	0.994258274828224	0.99409536103451	0.878238341968912	1.0	0.991376757957069
GC_00002465	36	36	1	0	0.986586474867725	1.0	0.993247953058188	0.91015625	1.0	0.983060515873016
GC_00002466	36	36	1	0	0.992741025406411	0.871194379391101	0.928004692972693	0.836065573770492	1.0	0.970621909966172
GC_00002467	30	36	2	0	0.885432260306125	0.990643021914645	0.93508751846255	0.567474048442907	1.0	0.84767946394244
GC_00002468	36	36	1	0	0.997412880861157	1.0	0.998704764966907	0.979310344827586	1.0	0.996781609195402
GC_00002469	36	36	1	0	0.995146456831177	0.928396496291235	0.960613312345311	0.70952380952381	1.0	0.918684807256236
GC_00002470	36	36	1	0	0.996941312842373	1.0	0.998468313946956	0.971731448763251	1.0	0.996702002355713
GC_00002471	30	36	2	0	0.988302580029637	0.758674543642965	0.858397054803871	0.0402684563758389	1.0	0.595496431234686
GC_00002472	36	36	1	0	0.984847461443206	1.0	0.992365892668761	0.877659574468085	1.0	0.980901722391084
GC_00002473	36	36	1	0	0.996760589612601	0.977578339647306	0.987076279334289	0.914004914004914	1.0	0.984684684684685
GC_00002474	32	36	2	0	0.988999477129959	0.862585027072869	0.921476863539087	0.0331491712707182	1.0	0.791568008418837
GC_00002475	36	36	1	0	0.993525277101919	1.0	0.996752124002414	0.963503649635037	1.0	0.991756459274707
GC_00002476	36	36	1	0	0.996614906832298	0.979431680753874	0.987948583191545	0.574931880108992	1.0	0.972310886207344
GC_00002477	36	36	1	0	0.99711967750063	1.0	0.998557761694595	0.982857142857143	1.0	0.99698261526833
GC_00002478	35	36	2	0	0.996923036635504	0.961790614738972	0.979041749752721	0.031104199066874	1.0	0.941092102989459
GC_00002479	36	36	1	0	0.996841570204016	1.0	0.998418287237649	0.975982532751092	1.0	0.996437235738546
GC_00002480	36	36	1	0	0.995658559156658	1.0	0.997824557300435	0.977186311787072	1.0	0.994218118172491
GC_00002481	36	36	1	0	0.998714936005439	1.0	0.999357054889914	0.990223463687151	1.0	0.997772013833466
GC_00002482	36	36	1	0	0.992695794223585	0.856152408224956	0.919382017121509	0.0724137931034483	1.0	0.906600985221675
GC_00002483	35	35	1	0	0.989342403628118	0.988235294117647	0.988788538975711	0.741176470588235	1.0	0.985210084033614
GC_00002484	35	35	1	0	0.99641456582633	1.0	0.998204063306768	0.977777777777778	1.0	0.99641456582633
GC_00002485	34	35	2	0	0.978847502091956	0.994845742416674	0.986781783482079	0.530120481927711	1.0	0.971172083291148
GC_00002486	34	35	2	0	0.960494113403921	0.89671154175956	0.927507575573904	0.448979591836735	1.0	0.938295318127251
GC_00002487	35	35	1	0	0.996569704804999	1.0	0.998281905617046	0.976923076923077	1.0	0.996276664511959
GC_00002488	35	35	1	0	0.999315618139148	1.0	0.999657691934859	0.996396396396396	1.0	0.999315618139147
GC_00002489	32	35	3	0	0.968149073688432	0.960978704953483	0.964550563560901	0.00518134715025907	1.0	0.901145121260939
GC_00002490	31	35	3	0	0.975468831883885	0.973142488751715	0.974304271669302	0.505747126436782	1.0	0.937988988698928
GC_00002491	35	35	1	0	0.996164231458349	1.0	0.998078430381027	0.981981981981982	1.0	0.995255759961642
GC_00002492	33	35	2	0	0.994738012494311	0.900616371488834	0.945340192805451	0.0358565737051793	1.0	0.860316716327965
GC_00002493	35	35	1	0	0.975540607802477	0.989349526395644	0.982396543716151	0.567493112947658	1.0	0.962145519364771
GC_00002494	33	35	3	0	0.979261866961184	0.919862734761804	0.94863338421673	0.0	1.0	0.910552265186517
GC_00002495	35	35	1	0	0.941940600252432	0.959688569205242	0.950731763533462	0.687898089171974	1.0	0.886870416956592
GC_00002496	34	35	2	0	0.984496555877593	0.924916598165984	0.953777031901236	0.059349593495935	1.0	0.919085878253741
GC_00002497	35	35	1	0	0.997939180577799	0.999877375843043	0.998907338033788	0.993562231759657	1.0	0.997735059689112
GC_00002498	34	34	1	0	0.998887498261716	1.0	0.99944343954362	0.971631205673759	1.0	0.998331247392574
GC_00002499	34	34	1	0	0.993892639022822	0.941261312217194	0.966861255674433	0.830769230769231	1.0	0.990045248868778
GC_00002500	34	34	1	0	0.99479979199168	0.850137310804578	0.916797021070214	0.717391304347826	1.0	0.983375959079284
GC_00002501	34	34	1	0	0.997513597513597	0.997470872406933	0.997492234502759	0.934782608695652	1.0	0.994962411842207
GC_00002502	33	34	2	0	0.999313579681959	0.955624222244643	0.976980711530521	0.00754716981132075	1.0	0.940113678404466
GC_00002503	34	34	1	0	0.995063759769642	1.0	0.997525773195876	0.948717948717949	1.0	0.994058229352347
GC_00002504	34	34	1	0	0.997306286658899	1.0	0.998651326860035	0.946927374301676	1.0	0.996429958473994
GC_00002505	34	34	1	0	0.998331176236485	1.0	0.999164891293615	0.981238273921201	1.0	0.99818402544371
GC_00002506	34	34	1	0	0.997086615682441	1.0	0.998541182793635	0.967741935483871	1.0	0.996243267590516
GC_00002507	34	34	1	0	0.997326203208556	1.0	0.998661311914324	0.975206611570248	1.0	0.997326203208556
GC_00002508	33	34	2	0	0.98489748399198	0.960593741019705	0.972593807163606	0.0170940170940171	1.0	0.923777747307159
GC_00002509	29	34	2	0	0.990771088494049	1.0	0.995364152333088	0.903225806451613	1.0	0.990138577425105
GC_00002510	34	34	1	0	0.995577432074758	1.0	0.997783815423968	0.939393939393939	1.0	0.994983255009993
GC_00002511	34	34	1	0	0.999018479658837	1.0	0.999508998865618	0.993670886075949	1.0	0.99893574614349
GC_00002512	32	34	2	0	0.94524225164269	0.972121855640508	0.958493640520603	0.569444444444444	1.0	0.928222172707467
GC_00002513	34	34	1	0	0.998749168024604	1.0	0.999374192622362	0.987124463519313	1.0	0.998412552691775
GC_00002514	32	34	2	0	0.998073243388428	0.914792361923777	0.954619892957097	0.00220264317180617	1.0	0.883648613630474
GC_00002515	34	34	1	0	0.995707735830651	0.991828914215473	0.993764540122511	0.914473684210526	1.0	0.994174523876536
GC_00002516	34	34	1	0	0.854999112058249	0.924705261851576	0.888487087393929	0.5	1.0	0.774509803921569
GC_00002517	34	34	1	0	0.994621639967157	1.0	0.997303568794665	0.97411003236246	1.0	0.993071780050649
GC_00002518	33	34	2	0	0.967864958690647	0.97724454002033	0.972532134550004	0.236434108527132	1.0	0.93264381157678
GC_00002519	34	34	1	0	0.978626652167091	0.990336357118365	0.984446684996702	0.68018018018018	1.0	0.959298871063577
GC_00002520	34	34	1	0	0.995545041085838	1.0	0.997767547801508	0.970046082949309	1.0	0.993617388304295
GC_00002521	34	34	1	0	0.983710240317641	0.995217599234816	0.989430462439735	0.951219512195122	1.0	0.975624248221092
GC_00002522	34	34	1	0	0.991747939677565	1.0	0.995856875180817	0.861027190332326	1.0	0.989148639406325
GC_00002523	33	34	2	0	0.940904754826021	0.948644327273767	0.944758690447694	0.0287664553876158	1.0	0.872034944911877
GC_00002524	33	34	2	0	0.995865230786339	0.959889767065144	0.977546620571506	0.0546666666666667	1.0	0.935251336898396
GC_00002525	32	34	2	0	0.88435060544594	0.96721502160186	0.923928568833743	0.466666666666667	1.0	0.842929292929293
GC_00002526	34	34	1	0	0.996464279400499	0.970713168644405	0.983420178041551	0.638297872340426	1.0	0.96135320665984
GC_00002527	32	34	2	0	0.9965670519688	0.912916140470841	0.952909300700765	0.0361613351877608	1.0	0.877763977003116
GC_00002528	30	34	2	0	0.837341600043509	0.984337813749578	0.904908946884569	0.414414414414414	1.0	0.797674680027621
GC_00002529	34	34	1	0	0.99721766780941	0.980560423183372	0.988818900165175	0.923497267759563	1.0	0.990230170558039
GC_00002530	33	34	2	0	0.990465794086964	0.95572739139436	0.972786562721382	0.028328611898017	1.0	0.927325243772502
GC_00002531	32	34	2	0	0.827160454265792	0.898267881236624	0.861248947183545	0.0541795665634675	1.0	0.680951750246961
GC_00002532	33	34	2	0	0.913707011397839	0.932634706637152	0.923073840777705	0.0607594936708861	1.0	0.821837135314425
GC_00002533	33	33	1	0	0.996536796536796	1.0	0.998265394622723	0.942857142857143	1.0	0.996536796536796
GC_00002534	33	33	1	0	0.998917748917749	1.0	0.999458581483487	0.982142857142857	1.0	0.998917748917749
GC_00002535	33	33	1	0	0.999092723643622	1.0	0.999546155940819	0.979041916167665	1.0	0.998729813101071
GC_00002536	33	33	1	0	0.996989121989122	1.0	0.998492291230971	0.961538461538462	1.0	0.995483682983683
GC_00002537	33	33	1	0	1.0	0.961517576002318	0.980381300443858	0.946808510638298	1.0	0.996776273372018
GC_00002538	33	33	1	0	0.99898353044601	0.99913537549407	0.999059447200384	0.963768115942029	1.0	0.996980676328503
GC_00002539	33	33	1	0	0.996120558182095	0.973129351770129	0.98449074256112	0.309178743961353	1.0	0.955012077294686
GC_00002540	33	33	1	0	0.998330074942978	1.0	0.999164339726474	0.967741935483871	1.0	0.997336265884653
GC_00002541	33	33	1	0	0.997113090706056	1.0	0.998554458779836	0.959798994974874	1.0	0.996707019948226
GC_00002542	33	33	1	0	0.983876365185118	0.940812731130445	0.961862788121434	0.308823529411765	1.0	0.898952762923351
GC_00002543	33	33	1	0	0.999689742098119	0.882432432432433	0.937408487860175	0.853333333333333	1.0	0.96989898989899
GC_00002544	33	33	1	0	0.983696501093408	0.983061383061383	0.983378839529208	0.53030303030303	1.0	0.954775022956841
GC_00002545	32	33	2	0	0.998078636198335	0.951735507590045	0.974356330795084	0.134699853587116	1.0	0.930855960779094
GC_00002546	33	33	1	0	0.984005450849963	1.0	0.99193825342406	0.725609756097561	1.0	0.980309959349594
GC_00002547	33	33	1	0	0.997925321463897	0.932616677726169	0.964166330815837	0.814545454545455	1.0	0.986274104683196
GC_00002548	33	33	1	0	0.986608419096627	1.0	0.993259073718482	0.792452830188679	1.0	0.984714479702687
GC_00002549	33	33	1	0	0.99115339170479	0.881826258476786	0.933299074444166	0.791666666666667	1.0	0.956912878787879
GC_00002550	33	33	1	0	0.996355188576412	1.0	0.998174267062071	0.982014388489209	1.0	0.996069053847831
GC_00002551	33	33	1	0	0.981346801346801	1.0	0.990585596302213	0.906666666666667	1.0	0.978989898989899
GC_00002552	33	33	1	0	0.992003559847737	0.995283461060728	0.993640803811495	0.793981481481482	1.0	0.985449109147026
GC_00002553	33	33	1	0	0.98745126705653	1.0	0.993686017286826	0.921052631578947	1.0	0.984549441786284
GC_00002554	32	33	2	0	0.964123045165923	0.975077053615546	0.969569111298995	0.459770114942529	1.0	0.932449494949495
GC_00002555	33	33	1	0	0.997923852344584	1.0	0.998960847455232	0.979674796747967	1.0	0.997436252771619
GC_00002556	33	33	1	0	0.966008620557422	0.981974580297751	0.973926170738481	0.595238095238095	1.0	0.933982683982684
GC_00002557	33	33	1	0	0.981471828375498	1.0	0.990649288393016	0.711009174311927	1.0	0.977429107589658
GC_00002558	31	33	2	0	0.845658478335039	0.747435697177965	0.793519107714103	0.278350515463918	1.0	0.839932833489535
GC_00002559	33	33	1	0	0.995736779560309	1.0	0.997863836311805	0.981512605042017	1.0	0.99469696969697
GC_00002560	33	33	1	0	0.973448144233028	1.0	0.986545450487481	0.872093023255814	1.0	0.964962121212121
GC_00002561	33	33	1	0	0.996516257465163	1.0	0.998255089322808	0.978102189781022	1.0	0.99535500995355
GC_00002562	33	33	1	0	0.981146996278575	1.0	0.99048379360197	0.936842105263158	1.0	0.979605263157895
GC_00002563	33	33	1	0	0.987387150110472	0.819484153575061	0.895634482996909	0.702702702702703	1.0	0.925197925197925
GC_00002564	33	33	1	0	0.994341138659321	1.0	0.997162540935959	0.972727272727273	1.0	0.99211432506887
GC_00002565	33	33	1	0	0.96885177611149	0.98138283285342	0.975077045894502	0.811764705882353	1.0	0.944663547237077
GC_00002566	33	33	1	0	0.897885739991003	0.850995689999201	0.873812119839785	0.632352941176471	1.0	0.864639037433155
GC_00002567	16	33	5	0	0.800718590990053	0.663575437436665	0.725724723265831	0.0371621621621622	1.0	0.489704903767404
GC_00002568	32	32	1	0	1.0	1.0	1.0	1.0	1.0	1.0
GC_00002569	32	32	1	0	0.997420540796964	1.0	0.998708604847927	0.985294117647059	1.0	0.997420540796964
GC_00002570	32	32	1	0	0.999231950844854	1.0	0.999615827890895	0.989795918367347	1.0	0.997695852534562
GC_00002571	32	32	1	0	0.993000917912405	1.0	0.996488169160039	0.926829268292683	1.0	0.990017702596381
GC_00002572	32	32	1	0	0.993289035286991	1.0	0.996633220474198	0.957746478873239	1.0	0.991168786915039
GC_00002573	32	32	1	0	0.995596349745331	1.0	0.997793316140696	0.980263157894737	1.0	0.994402589134125
GC_00002574	32	32	1	0	0.99733398322108	1.0	0.998665212327374	0.967032967032967	1.0	0.99200194966324
GC_00002575	32	32	1	0	0.992799227234142	0.998226419205055	0.995505426425704	0.946859903381642	1.0	0.989656381486676
GC_00002576	32	32	1	0	0.993978876715033	0.97467396313364	0.984231766443326	0.825396825396825	1.0	0.964877752176139
GC_00002577	32	32	1	0	0.990931400097411	0.999306538958314	0.995101347777829	0.938718662952646	1.0	0.984966079611825
GC_00002578	32	32	1	0	0.991478343793662	0.960709731684919	0.975851564305765	0.907651715039578	1.0	0.972960464720402
GC_00002579	32	32	1	0	0.989546839267321	0.935955115819267	0.962005179073823	0.874125874125874	1.0	0.957543800285736
GC_00002580	32	32	1	0	0.952767235926629	1.0	0.975812394224774	0.829411764705882	1.0	0.941295066413662
GC_00002581	32	32	1	0	0.997945403859382	1.0	0.998971645503101	0.986531986531986	1.0	0.997298251330509
GC_00002582	32	32	1	0	0.988713261648746	1.0	0.994324602460841	0.946666666666667	1.0	0.984333333333333
GC_00002583	32	32	1	0	0.990839961702754	1.0	0.995398907760817	0.963470319634703	1.0	0.990839961702755
GC_00002584	32	32	1	0	0.956865493952847	0.996719631640586	0.976386040380563	0.6996699669967	1.0	0.945285052698818
GC_00002585	29	32	2	0	0.913726759713649	0.956691886987915	0.934715850361473	0.466898954703833	1.0	0.856180454085647
GC_00002586	32	32	1	0	0.997995218785935	1.0	0.998996603597839	0.99249530956848	1.0	0.997337045330751
GC_00002587	32	32	1	0	0.991296710316193	1.0	0.995629335578812	0.940594059405941	1.0	0.985308208240179
GC_00002588	32	32	1	0	0.954099008619001	0.986320665575232	0.969942308584905	0.575	1.0	0.929390120967742
GC_00002589	32	32	1	0	0.985419066820276	1.0	0.992655992166392	0.857142857142857	1.0	0.978002592165899
GC_00002590	32	32	1	0	0.988895975669521	1.0	0.99441699090032	0.941018766756032	1.0	0.986892458704488
GC_00002591	32	32	1	0	0.985581425598335	1.0	0.99273836156212	0.803225806451613	1.0	0.982017429760666
GC_00002592	32	32	1	0	0.997078670177749	1.0	0.998537198425943	0.969387755102041	1.0	0.992511520737327
GC_00002593	32	32	1	0	0.872719417956267	0.949158699924591	0.909335503858866	0.536290322580645	1.0	0.833653095733611
GC_00002594	32	32	1	0	0.93814900878658	0.966409075810142	0.952069379123834	0.791304347826087	1.0	0.921195652173913
GC_00002595	31	31	1	0	1.0	1.0	1.0	1.0	1.0	1.0
GC_00002596	31	31	1	0	0.988792480115691	0.923280146318816	0.954914005983684	0.338235294117647	1.0	0.920524984187223
GC_00002597	31	31	1	0	0.970087976539589	1.0	0.984816909794582	0.795454545454545	1.0	0.958748778103617
GC_00002598	31	31	1	0	0.996040807415668	0.854231785511377	0.919702016463288	0.598639455782313	1.0	0.91425645527028
GC_00002599	31	31	1	0	0.992428269834498	1.0	0.996199747674665	0.854526958290946	1.0	0.990065522484385
GC_00002600	31	31	1	0	0.971165676991387	0.91350105866235	0.941451193768154	0.493243243243243	1.0	0.960302237721593
GC_00002601	31	31	1	0	0.989204794188289	0.999787075481737	0.994467783720099	0.815181518151815	1.0	0.985435962951134
GC_00002602	31	31	1	0	0.986122599025825	1.0	0.99301281754662	0.730769230769231	1.0	0.980479735318445
GC_00002603	30	31	2	0	0.924976333871942	0.916053828058724	0.92049345961669	0.0176767676767677	1.0	0.814668187248832
GC_00002604	31	31	1	0	0.994703340439063	0.998355763859792	0.996526205485795	0.958441558441558	1.0	0.991219103477168
GC_00002605	28	31	3	0	0.979813692601811	0.919608144275643	0.948756757551745	0.0112359550561798	1.0	0.8812734082397
GC_00002606	31	31	1	0	0.958125710289361	1.0	0.978615116746283	0.868292682926829	1.0	0.945963808025177
GC_00002607	25	31	3	0	0.956842533837797	0.693250972317548	0.803993245792934	0.24113475177305	1.0	0.685716464577137
GC_00002608	31	31	1	0	0.96008238744487	0.956983411388804	0.958530394637762	0.835820895522388	1.0	0.941518215374739
GC_00002609	31	31	1	0	0.989565637315351	0.978282524931065	0.983891733956511	0.87843137254902	1.0	0.973400801180687
GC_00002610	12	31	5	0	0.778218246473368	0.727329851723732	0.751914020540413	0.0235294117647059	1.0	0.522833649588868
GC_00002611	17	31	5	0	0.89592104355028	0.820280386552334	0.85643380436975	0.481012658227848	1.0	0.806070504968014
GC_00002612	30	30	1	0	1.0	1.0	1.0	1.0	1.0	1.0
GC_00002613	30	30	1	0	0.997916666666667	1.0	0.99895724713243	0.96875	1.0	0.997916666666667
GC_00002614	30	30	1	0	0.933859553620033	0.974835509318269	0.953907694593689	0.525641025641026	1.0	0.911671087533157
GC_00002615	29	30	2	0	0.999111782797752	0.949507172623005	0.973678103027364	0.0161290322580645	1.0	0.931504140402917
GC_00002616	30	30	1	0	0.999708812074593	0.93800895511598	0.96787657533214	0.209779179810726	1.0	0.897795424054534
GC_00002617	30	30	1	0	0.997959081461448	1.0	0.998978498329876	0.986928104575163	1.0	0.997438209000075
GC_00002618	30	30	1	0	0.996416385505423	1.0	0.998204976416445	0.987562189054726	1.0	0.996019900497512
GC_00002619	27	30	2	0	0.965739543938596	0.85353953000081	0.90617969309309	0.159183673469388	1.0	0.761013370865588
GC_00002620	30	30	1	0	0.991718243442381	1.0	0.995841903549919	0.935897435897436	1.0	0.976864132036546
GC_00002621	30	30	1	0	0.900928693081397	0.982739002299916	0.940057279904619	0.528604118993135	1.0	0.86091690996607
GC_00002622	30	30	1	0	0.843009983945414	0.850187262072126	0.846583411159876	0.297297297297297	1.0	0.812410686548618
GC_00002623	30	30	1	0	0.996000336491767	1.0	0.997996160904831	0.984031936127745	1.0	0.995434418519283
GC_00002624	30	30	1	0	0.972987872105843	0.923703359765521	0.94770530002242	0.326530612244898	1.0	0.866174055829228
GC_00002625	15	30	8	0	0.857576042604462	0.697869360555044	0.769523691752914	0.0421686746987952	1.0	0.506446475557402
GC_00002626	28	29	2	0	0.998406866801267	0.945348463345237	0.97115350135428	0.116625310173697	1.0	0.921438961483455
GC_00002627	29	29	1	0	0.999448275862069	1.0	0.999724061810155	0.992	1.0	0.999448275862069
GC_00002628	29	29	1	0	0.99976300509539	1.0	0.999881488504385	0.996563573883162	1.0	0.999763005095391
GC_00002629	29	29	1	0	0.998916771980502	1.0	0.999458092485549	0.984293193717278	1.0	0.998916771980502
GC_00002630	29	29	1	0	0.999256762596145	1.0	0.999628243146273	0.991578947368421	1.0	0.999159968887737
GC_00002631	29	29	1	0	0.99930426716141	0.98693519540107	0.993081217814184	0.783505154639175	1.0	0.984739220963892
GC_00002632	29	29	1	0	0.994161649334063	1.0	0.997072278133577	0.962962962962963	1.0	0.994161649334063
GC_00002633	28	29	2	0	0.997145466477588	0.952004204478743	0.974052111757866	0.0259067357512953	1.0	0.923670844074632
GC_00002634	29	29	1	0	0.997404590256149	1.0	0.998700608901916	0.962216624685139	1.0	0.995948679132906
GC_00002635	29	29	1	0	0.988616519404697	1.0	0.994275678350137	0.801587301587302	1.0	0.98406833997967
GC_00002636	28	29	2	0	0.994148241074696	0.945176422720446	0.969044013820744	0.173529411764706	1.0	0.917306577803535
GC_00002637	29	29	1	0	0.994171928120447	1.0	0.997077447637604	0.985915492957746	1.0	0.994171928120447
GC_00002638	28	29	2	0	0.860730110945745	0.967013179415481	0.910781470892212	0.487562189054726	1.0	0.82240276450261
GC_00002639	28	29	2	0	0.892027431050452	0.933736366594222	0.912405485798254	0.592391304347826	1.0	0.87257710430499
GC_00002640	27	29	2	0	0.995742739850996	0.965055895316384	0.980159190318554	0.405228758169935	1.0	0.953926398145465
GC_00002641	28	29	2	0	0.996896644229831	0.953426492552743	0.974677121980539	0.0706896551724138	1.0	0.925029726516052
GC_00002642	29	29	1	0	0.958663525380167	1.0	0.978895571350465	0.811594202898551	1.0	0.95552223888056
GC_00002643	29	29	1	0	0.998662945570385	0.98929549392954	0.993957149582775	0.828512396694215	1.0	0.986804339860766
GC_00002644	29	29	1	0	0.96703927180836	0.869580895074995	0.91572431874009	0.6	1.0	0.95295566502463
GC_00002645	29	29	1	0	0.858573034450836	0.886345660167905	0.872238328776645	0.535211267605634	1.0	0.829667661139249
GC_00002646	28	29	2	0	0.967197358044164	0.973844643314308	0.970509618544941	0.553398058252427	1.0	0.929001865225501
GC_00002647	16	29	6	0	0.861603129951175	0.677414315345352	0.758486911449963	0.0437710437710438	1.0	0.493050372360717
GC_00002648	28	28	1	0	1.0	1.0	1.0	1.0	1.0	1.0
GC_00002649	28	28	1	0	0.99390243902439	0.987951807228915	0.990918189568892	0.879518072289157	1.0	0.991394148020654
GC_00002650	28	28	1	0	0.999100874917868	1.0	0.999550235261556	0.993464052287582	1.0	0.999100874917868
GC_00002651	28	28	1	0	0.999063538886548	0.9413778718758	0.969363262286005	0.933609958506224	1.0	0.994676063140794
GC_00002652	28	28	1	0	0.977710653995221	0.997840216773608	0.987672881888161	0.72636815920398	1.0	0.970754692147727
GC_00002653	28	28	1	0	0.996564282278568	1.0	0.998279185022027	0.987012987012987	1.0	0.996358139215282
GC_00002654	28	28	1	0	0.996600076447985	1.0	0.998297143432919	0.965779467680608	1.0	0.996056893395296
GC_00002655	28	28	1	0	0.999450660652846	1.0	0.999725254862266	0.994535519125683	1.0	0.998742302020991
GC_00002656	28	28	1	0	0.997999279361287	1.0	0.998998637957791	0.986559139784946	1.0	0.997624736872049
GC_00002657	26	28	3	0	0.877539730436532	0.710750145216165	0.78538747920232	0.259615384615385	1.0	0.768442205942206
GC_00002658	28	28	1	0	0.996936386304202	1.0	0.998465843120087	0.979885057471264	1.0	0.995917715745302
GC_00002659	28	28	1	0	0.998256373256373	1.0	0.999127425906424	0.977272727272727	1.0	0.99476911976912
GC_00002660	27	28	2	0	0.969871489576288	0.928187956250936	0.948572014132598	0.0934065934065934	1.0	0.895182859468574
GC_00002661	28	28	1	0	0.998861467468773	1.0	0.999430409485722	0.993150684931507	1.0	0.998517189727235
GC_00002662	28	28	1	0	0.995608825540798	1.0	0.997799581559772	0.986394557823129	1.0	0.995284886441349
GC_00002663	27	27	1	0	0.997622644155083	1.0	0.99880990744079	0.976510067114094	1.0	0.997456930342837
GC_00002664	27	27	1	0	0.982679196609545	0.992592592592594	0.987611018171291	0.681481481481481	1.0	0.976406035665295
GC_00002665	27	27	1	0	0.998379910895099	0.998155357097427	0.998267621368285	0.939546599496222	1.0	0.995521970333053
GC_00002666	27	27	1	0	0.997487546025558	1.0	0.998742192921582	0.947368421052632	1.0	0.996101364522417
GC_00002667	26	27	2	0	0.989364136946834	0.948285980701455	0.96838963064618	0.131578947368421	1.0	0.916929074823812
GC_00002668	27	27	1	0	0.990175852244818	1.0	0.995063678546747	0.931034482758621	1.0	0.990175852244818
GC_00002669	26	27	2	0	1.0	0.94467595591446	0.971551021692185	0.00803212851405622	1.0	0.926520898408449
GC_00002670	27	27	1	0	0.997806549885758	0.986014418762958	0.991875437221163	0.778947368421053	1.0	0.982246213825161
GC_00002671	27	27	1	0	0.983825449078688	1.0	0.991846787262043	0.780918727915194	1.0	0.978536840727654
GC_00002672	26	27	2	0	0.994337203257668	0.947548013951322	0.970378922291693	0.00225225225225225	1.0	0.917141500474834
GC_00002673	27	27	1	0	0.995522097067351	1.0	0.997756024381173	0.960264900662252	1.0	0.994566140261505
GC_00002674	27	27	1	0	0.999519948237897	1.0	0.999759916492693	0.989010989010989	1.0	0.998559844713691
GC_00002675	27	27	1	0	0.995087926122409	1.0	0.99753791609218	0.977687626774848	1.0	0.992799477586496
GC_00002676	27	27	1	0	0.982319423495894	1.0	0.991080864014879	0.955882352941177	1.0	0.982151835093011
GC_00002677	27	27	1	0	0.987027472527473	0.988184498566183	0.987605646669463	0.68	1.0	0.972568172568173
GC_00002678	23	27	3	0	0.996526830687542	0.814720803453199	0.896499324395901	0.028169014084507	1.0	0.750772440913286
GC_00002679	13	27	9	0	0.90516147594723	0.677790751200155	0.775146673687445	0.0502283105022831	1.0	0.514765380062184
GC_00002680	13	27	6	0	0.832586098103683	0.67661269849069	0.746539591517016	0.0693069306930693	1.0	0.475868099630476
GC_00002681	26	26	1	0	1.0	1.0	1.0	1.0	1.0	1.0
GC_00002682	26	26	1	0	1.0	1.0	1.0	1.0	1.0	1.0
GC_00002683	26	26	1	0	1.0	1.0	1.0	1.0	1.0	1.0
GC_00002684	26	26	1	0	1.0	1.0	1.0	1.0	1.0	1.0
GC_00002685	26	26	1	0	0.999656593406593	1.0	0.999828267216212	0.995535714285714	1.0	0.999656593406594
GC_00002686	26	26	1	0	0.999951345302389	1.0	0.99997567205936	0.998102466793169	1.0	0.999854035907167
GC_00002687	26	26	1	0	0.99031339031339	0.825547848964094	0.900455465968154	0.144578313253012	1.0	0.934198331788693
GC_00002688	26	26	1	0	0.999753451676529	1.0	0.999876710639872	0.993589743589744	1.0	0.999506903353057
GC_00002689	26	26	1	0	0.999855407750145	1.0	0.999927698647965	0.99812030075188	1.0	0.999855407750145
GC_00002690	26	26	1	0	0.999665551839465	1.0	0.999832747951162	0.995652173913044	1.0	0.999665551839465
GC_00002691	26	26	1	0	0.98879080846294	1.0	0.994363815696773	0.814207650273224	1.0	0.985708280790248
GC_00002692	26	26	1	0	0.99180984465656	1.0	0.9958880837117	0.861313868613139	1.0	0.988815272318922
GC_00002693	26	26	1	0	0.999291180024164	1.0	0.999645464361111	0.99738219895288	1.0	0.999291180024164
GC_00002694	26	26	1	0	0.994636719414667	0.973439587707577	0.98392400189155	0.461538461538462	1.0	0.957337278106509
GC_00002695	26	26	1	0	0.994858311422729	0.934276808426786	0.963616325750571	0.719298245614035	1.0	0.923994601889339
GC_00002696	24	26	2	0	0.93893176378645	0.848451599356057	0.891401557268833	0.123809523809524	1.0	0.782681318681319
GC_00002697	26	26	1	0	0.965513380360542	0.886379214492878	0.924255536249476	0.52851711026616	1.0	0.953928049137175
GC_00002698	26	26	1	0	0.982540738277353	0.928781065088757	0.954904853576385	0.875	1.0	0.972769230769231
GC_00002699	26	26	1	0	0.99403301152289	1.0	0.997007577887312	0.967611336032389	1.0	0.992538150109
GC_00002700	26	26	1	0	0.989531459170013	0.997627617801046	0.993563045647755	0.828125	1.0	0.983189102564103
GC_00002701	26	26	1	0	0.999108481262327	1.0	0.999554041841136	0.994871794871795	1.0	0.999108481262327
GC_00002702	26	26	1	0	0.987143014004931	0.993743317543411	0.990432169684667	0.736943907156673	1.0	0.975241779497099
GC_00002703	26	26	1	0	0.994158200290276	1.0	0.997070543496061	0.922169811320755	1.0	0.993069666182874
GC_00002704	26	26	1	0	0.997346486944065	0.984423076923077	0.990842644207365	0.953125	1.0	0.992259615384615
GC_00002705	26	26	1	0	0.954595034595035	1.0	0.976770141844562	0.793650793650794	1.0	0.947106227106227
GC_00002706	26	26	1	0	0.942214708368554	0.941200766587364	0.941707464548818	0.618556701030928	1.0	0.932212529738303
GC_00002707	26	26	1	0	0.962014487754398	1.0	0.980639535292587	0.630044843049327	1.0	0.948699551569507
GC_00002708	26	26	1	0	0.987654803806544	0.998452020074057	0.993024063096189	0.817258883248731	1.0	0.981296368606013
GC_00002709	26	26	1	0	0.994871794871795	1.0	0.997429305912596	0.911646586345382	1.0	0.992709298733395
GC_00002710	26	26	1	0	0.982229654403567	1.0	0.99103517316626	0.891304347826087	1.0	0.976053511705686
GC_00002711	26	26	1	0	0.967666948436179	0.681474075585481	0.79973747490925	0.160919540229885	1.0	0.604479811376363
GC_00002712	13	26	6	0	0.853789963137028	0.899328642988216	0.875967850962535	0.160606060606061	1.0	0.759897435897436
GC_00002713	9	26	6	0	0.731764842570001	0.7012395322911	0.716177068197152	0.0713178294573643	1.0	0.631957066189624
GC_00002714	9	26	4	0	0.528104885355797	0.743283290549834	0.617484957594628	0.0398860398860399	1.0	0.673228139381986
GC_00002715	25	25	1	0	1.0	1.0	1.0	1.0	1.0	1.0
GC_00002716	25	25	1	0	1.0	1.0	1.0	1.0	1.0	1.0
GC_00002717	25	25	1	0	1.0	1.0	1.0	1.0	1.0	1.0
GC_00002718	25	25	1	0	1.0	1.0	1.0	1.0	1.0	1.0
GC_00002719	25	25	1	0	1.0	1.0	1.0	1.0	1.0	1.0
GC_00002720	25	25	1	0	0.999269406392694	1.0	0.999634569705829	0.990867579908676	1.0	0.999269406392694
GC_00002721	25	25	1	0	0.998545454545455	1.0	0.999272197962154	0.981818181818182	1.0	0.998545454545455
GC_00002722	25	25	1	0	0.999566395663957	1.0	0.999783150818606	0.994579945799458	1.0	0.999566395663957
GC_00002723	25	25	1	0	0.99970802919708	1.0	0.999853993283691	0.996350364963504	1.0	0.99970802919708
GC_00002724	25	25	1	0	0.999856630824373	1.0	0.999928310273138	0.994623655913978	1.0	0.999569892473118
GC_00002725	25	25	1	0	0.997831978319783	1.0	0.998914812805209	0.967479674796748	1.0	0.99739837398374
GC_00002726	25	25	1	0	0.999030303030303	1.0	0.999514916323066	0.981818181818182	1.0	0.998545454545455
GC_00002727	25	25	1	0	0.989810836615348	0.738628476546284	0.845968342366475	0.168181818181818	1.0	0.909924242424243
GC_00002728	25	25	1	0	0.998515081206497	1.0	0.999256988947711	0.993039443155452	1.0	0.998515081206497
GC_00002729	25	25	1	0	0.980691774465005	0.928335383353833	0.953795623777414	0.785977859778598	1.0	0.960319803198032
GC_00002730	25	25	1	0	0.996651017214398	1.0	0.998322699982757	0.971830985915493	1.0	0.993004694835681
GC_00002731	25	25	1	0	0.992113821138211	1.0	0.996041301065176	0.963414634146341	1.0	0.990975609756098
GC_00002732	25	25	1	0	0.995483870967742	1.0	0.99773682508891	0.983870967741935	1.0	0.995483870967742
GC_00002733	25	25	1	0	0.9990208599404	1.0	0.999510190173989	0.988505747126437	1.0	0.99823754789272
GC_00002734	25	25	1	0	0.992994350282486	1.0	0.996484862229278	0.966101694915254	1.0	0.991638418079096
GC_00002735	24	25	2	0	0.994516855309308	0.939728479820737	0.966346714785362	0.118143459915612	1.0	0.911504922644163
GC_00002736	25	25	1	0	0.994374120956399	1.0	0.997179125528914	0.974683544303797	1.0	0.991561181434599
GC_00002737	25	25	1	0	0.985826525601536	0.998935152970754	0.992337550433544	0.892976588628763	1.0	0.981516164994426
GC_00002738	25	25	1	0	0.998463901689708	1.0	0.999231360491929	0.995391705069124	1.0	0.998463901689708
GC_00002739	25	25	1	0	0.989403489540513	0.996994535519127	0.993184507889178	0.926229508196721	1.0	0.976939890710383
GC_00002740	25	25	1	0	0.959544573643411	0.966140350877192	0.962831166467111	0.789473684210526	1.0	0.944561403508772
GC_00002741	25	25	1	0	0.998682565201858	0.92161781413315	0.958603823296598	0.895705521472393	1.0	0.97441717791411
GC_00002742	25	25	1	0	0.996875687568757	1.0	0.998435399634192	0.99009900990099	1.0	0.996875687568757
GC_00002743	25	25	1	0	0.999427942794279	1.0	0.999713889561371	0.993399339933993	1.0	0.998811881188119
GC_00002744	25	25	1	0	0.990488273740869	1.0	0.995221410553072	0.965397923875433	1.0	0.988535178777393
GC_00002745	25	25	1	0	0.993464052287582	1.0	0.99672131147541	0.964705882352941	1.0	0.988235294117647
GC_00002746	25	25	1	0	0.991869026842849	1.0	0.995917917770909	0.964098728496634	1.0	0.99014709548741
GC_00002747	25	25	1	0	0.872794117647059	0.985746137920051	0.925837821476082	0.467391304347826	1.0	0.832028985507246
GC_00002748	24	25	2	0	0.994044856921887	0.670393939393939	0.800752360544832	0.321428571428571	1.0	0.797261904761905
GC_00002749	24	24	1	0	1.0	1.0	1.0	1.0	1.0	1.0
GC_00002750	24	24	1	0	1.0	1.0	1.0	1.0	1.0	1.0
GC_00002751	24	24	1	0	0.999800159872102	1.0	0.999900069951034	0.992805755395683	1.0	0.999400479616307
GC_00002752	24	24	1	0	0.999451754385965	0.980886049434438	0.990081874989925	0.974193548387097	1.0	0.997849462365591
GC_00002753	24	24	1	0	0.999330655957162	1.0	0.999665215935721	0.975903614457831	1.0	0.997991967871486
GC_00002754	24	24	1	0	0.993825253194046	0.993229234687212	0.993527154552526	0.834677419354839	1.0	0.985916316035531
GC_00002755	24	24	1	0	0.989911661700904	0.936018942283244	0.962211270356608	0.434210526315789	1.0	0.904795957284516
GC_00002756	24	24	1	0	0.993452834986016	1.0	0.996715665954529	0.964912280701754	1.0	0.993452834986016
GC_00002757	24	24	1	0	0.972099831590491	0.994816715972693	0.983327089559091	0.80241935483871	1.0	0.957062295465171
GC_00002758	24	24	1	0	0.998458217699661	1.0	0.999228514118192	0.99468085106383	1.0	0.998458217699661
GC_00002759	24	24	1	0	0.988052104899931	1.0	0.993990149920809	0.892857142857143	1.0	0.980805728088337
GC_00002760	24	24	1	0	0.999698352743679	0.960569947314382	0.979743634069712	0.954861111111111	1.0	0.987633353462158
GC_00002761	24	24	1	0	0.993272315820344	0.996174070004713	0.994721076701354	0.884476534296029	1.0	0.987600062784492
GC_00002762	24	24	1	0	0.999110976918948	1.0	0.999555290781094	0.993055555555556	1.0	0.997911634460547
GC_00002763	24	24	1	0	0.983852200137731	0.990806690123358	0.987317198729103	0.909090909090909	1.0	0.97364953886693
GC_00002764	24	24	1	0	0.962196477888168	0.954648293553133	0.958407524035551	0.594339622641509	1.0	0.933962264150944
GC_00002765	24	24	1	0	0.993427528659912	0.985918209876544	0.989658624695516	0.790123456790123	1.0	0.973116836643407
GC_00002766	24	24	1	0	0.923129804048934	0.926843364350538	0.924982856975377	0.338842975206612	1.0	0.897562582345191
GC_00002767	24	24	1	0	0.996288509271427	0.967231611737962	0.981545063142244	0.939252336448598	1.0	0.972783759989164
GC_00002768	23	23	1	0	1.0	1.0	1.0	1.0	1.0	1.0
GC_00002769	23	23	1	0	1.0	1.0	1.0	1.0	1.0	1.0
GC_00002770	23	23	1	0	1.0	1.0	1.0	1.0	1.0	1.0
GC_00002771	23	23	1	0	1.0	1.0	1.0	1.0	1.0	1.0
GC_00002772	23	23	1	0	1.0	1.0	1.0	1.0	1.0	1.0
GC_00002773	23	23	1	0	1.0	1.0	1.0	1.0	1.0	1.0
GC_00002774	23	23	1	0	1.0	1.0	1.0	1.0	1.0	1.0
GC_00002775	23	23	1	0	1.0	1.0	1.0	1.0	1.0	1.0
GC_00002776	23	23	1	0	1.0	1.0	1.0	1.0	1.0	1.0
GC_00002777	23	23	1	0	1.0	1.0	1.0	1.0	1.0	1.0
GC_00002778	23	23	1	0	0.98769987699877	0.99852616064849	0.993083513516721	0.830508474576271	1.0	0.985261606484893
GC_00002779	23	23	1	0	0.99921323267707	1.0	0.999606461526929	0.995260663507109	1.0	0.999213232677069
GC_00002780	23	23	1	0	0.964615095049878	0.98061170083854	0.972547623763713	0.489151873767258	1.0	0.95525099204029
GC_00002781	23	23	1	0	0.997076181709892	1.0	0.998535950547663	0.965753424657534	1.0	0.995884996480589
GC_00002782	23	23	1	0	0.996691365545616	0.97554781042783	0.986006252360784	0.624390243902439	1.0	0.966817699797551
GC_00002783	23	23	1	0	0.996753246753247	1.0	0.998373983739837	0.967857142857143	1.0	0.995736871823828
GC_00002784	23	23	1	0	0.995933314659778	1.0	0.997962514423527	0.960629921259842	1.0	0.992904049049205
GC_00002785	23	23	1	0	0.996640316205534	1.0	0.998317331485697	0.983333333333333	1.0	0.996640316205534
GC_00002786	23	23	1	0	0.992841803865426	1.0	0.996408045977011	0.937007874015748	1.0	0.990227506146712
GC_00002787	23	23	1	0	0.988005568399334	1.0	0.993966600601464	0.919811320754717	1.0	0.984003281378179
GC_00002788	23	23	1	0	0.967551912261494	0.898006954528338	0.931483172732171	0.609358569926393	1.0	0.938192790613583
GC_00002789	23	23	1	0	0.92798341485015	0.678684308346389	0.783992574160216	0.304347826086957	1.0	0.62376124190869
GC_00002790	14	23	5	0	0.821865238732709	0.747583947583947	0.782966743887758	0.0720720720720721	1.0	0.563152084891215
GC_00002791	12	23	6	0	0.932321759950358	0.667517304561117	0.778004390555092	0.0917782026768642	1.0	0.513864222069393
GC_00002792	22	22	1	0	1.0	1.0	1.0	1.0	1.0	1.0
GC_00002793	22	22	1	0	1.0	1.0	1.0	1.0	1.0	1.0
GC_00002794	22	22	1	0	1.0	1.0	1.0	1.0	1.0	1.0
GC_00002795	22	22	1	0	0.999229583975347	1.0	0.999614643545279	0.991525423728814	1.0	0.999229583975347
GC_00002796	22	22	1	0	0.963458110516934	0.991089104375752	0.977078300877178	0.513452914798206	1.0	0.955768446799837
GC_00002797	22	22	1	0	0.999383001696745	0.976644679393311	0.987883014619328	0.688118811881188	1.0	0.971647164716472
GC_00002798	22	22	1	0	0.998114478114478	1.0	0.999056349420329	0.973333333333333	1.0	0.997575757575757
GC_00002799	22	22	1	0	0.96632354810014	0.888431861536994	0.925742148236786	0.468864468864469	1.0	0.951714951714952
GC_00002800	22	22	1	0	0.998814167130999	1.0	0.999406731807038	0.99009900990099	1.0	0.998401881004427
GC_00002801	22	22	1	0	0.989177489177489	1.0	0.99455930359086	0.918269230769231	1.0	0.985847485847486
GC_00002802	22	22	1	0	0.993402125477597	1.0	0.996690143730622	0.918238993710692	1.0	0.990389065860764
GC_00002803	22	22	1	0	0.999346565384301	1.0	0.999673175913065	0.99622641509434	1.0	0.999346565384301
GC_00002804	22	22	1	0	0.99908480780964	1.0	0.999542194414772	0.98993288590604	1.0	0.99908480780964
GC_00002805	22	22	1	0	0.954228172559789	0.953295760842931	0.953761738816511	0.537735849056604	1.0	0.919954259576901
GC_00002806	22	22	1	0	0.998998246932131	1.0	0.999498872463042	0.983471074380165	1.0	0.998497370398197
GC_00002807	22	22	1	0	0.999019319407669	0.875434399395621	0.93315281043976	0.844875346260388	1.0	0.985897758750944
GC_00002808	22	22	1	0	0.949525431978584	0.977688977688978	0.963401419399892	0.582417582417582	1.0	0.928404928404928
GC_00002809	22	22	1	0	0.974166754654559	1.0	0.986914354988234	0.597560975609756	1.0	0.96241157216767
GC_00002810	22	22	1	0	0.964716041531612	0.991740438387435	0.97804159690538	0.513269339356296	1.0	0.955702870440307
GC_00002811	22	22	1	0	0.997947070112019	1.0	0.998972480343102	0.969072164948454	1.0	0.997188378631678
GC_00002812	22	22	1	0	0.995855208621166	1.0	0.997923300567631	0.965425531914894	1.0	0.994013079119462
GC_00002813	22	22	1	0	0.935733680371459	0.884647239301722	0.909473625125524	0.407766990291262	1.0	0.842979027445047
GC_00002814	5	22	18	0	0.930806608357629	0.935797911779682	0.933295586692056	0.657794676806084	1.0	0.908942768258358
GC_00002815	5	22	18	0	0.917020619763889	0.944460626595196	0.930538377259425	0.608796296296296	1.0	0.890993265993266
GC_00002816	22	22	1	0	0.995349433913852	0.985532715459721	0.990416750180344	0.901459854014598	1.0	0.980566878377097
GC_00002817	22	22	1	0	0.996996235908122	0.868307383224511	0.928212633918138	0.823204419889503	1.0	0.947956279447992
GC_00002818	22	22	1	0	0.998426389156931	0.957602230240283	0.977588290382037	0.934426229508197	1.0	0.979788517493435
GC_00002819	22	22	1	0	0.989946826188102	0.980735760436782	0.985319766828966	0.854838709677419	1.0	0.970639575478285
GC_00002820	12	22	5	0	0.944674087772097	0.705326455941233	0.807640493073163	0.0861344537815126	1.0	0.546072974644403
GC_00002821	12	22	5	0	0.986563812375503	0.738187739418582	0.844491845439542	0.0818452380952381	1.0	0.568858225108225
GC_00002822	12	22	5	0	0.985353717748084	0.683655165997756	0.8072361579786	0.19634703196347	1.0	0.559647354167902
GC_00002823	21	21	1	0	1.0	1.0	1.0	1.0	1.0	1.0
GC_00002824	21	21	1	0	1.0	1.0	1.0	1.0	1.0	1.0
GC_00002825	21	21	1	0	1.0	1.0	1.0	1.0	1.0	1.0
GC_00002826	21	21	1	0	1.0	1.0	1.0	1.0	1.0	1.0
GC_00002827	21	21	1	0	0.999569058392588	1.0	0.999784482758621	0.995475113122172	1.0	0.999569058392588
GC_00002828	21	21	1	0	0.973237356958287	0.736999111999109	0.838802213450502	0.298295454545455	1.0	0.933170995670996
GC_00002829	21	21	1	0	0.998556998556999	1.0	0.99927797833935	0.984848484848485	1.0	0.998556998556999
GC_00002830	21	21	1	0	0.979769858945805	0.96711974466212	0.973403704098398	0.649717514124294	1.0	0.966639763249933
GC_00002831	21	21	1	0	0.996766607877719	1.0	0.998380686000295	0.953703703703704	1.0	0.995590828924162
GC_00002832	21	21	1	0	0.999090972659255	1.0	0.999545279653013	0.988986784140969	1.0	0.99895112229914
GC_00002833	21	21	1	0	0.969737427681353	0.934502923976609	0.951794200630987	0.547826086956522	1.0	0.956935817805383
GC_00002834	21	21	1	0	0.971230158730159	0.984615384615386	0.977876969417935	0.615384615384615	1.0	0.963369963369963
GC_00002835	21	21	1	0	0.971009106114105	0.921338965693806	0.945522167760317	0.560714285714286	1.0	0.958163265306123
GC_00002836	21	21	1	0	0.992042099858811	0.954077924981833	0.972689717023406	0.0932835820895522	1.0	0.9136460554371
GC_00002837	21	21	1	0	0.981175719869187	0.928860488241052	0.954301655998092	0.677494199535963	1.0	0.969285161860568
GC_00002838	21	21	1	0	0.998289136013687	1.0	0.999143835616438	0.982035928143713	1.0	0.998289136013687
GC_00002839	21	21	1	0	0.990989193682461	0.966172904948416	0.978423717383923	0.828282828282828	1.0	0.955459355459355
GC_00002840	13	21	4	0	0.762038315498792	0.839016336461592	0.79867679086445	0.386861313868613	1.0	0.62533889468196
GC_00002841	12	21	3	0	0.653499325874175	0.683558748943364	0.668191142992562	0.189349112426035	1.0	0.436320090166244
GC_00002842	20	20	1	0	1.0	1.0	1.0	1.0	1.0	1.0
GC_00002843	20	20	1	0	1.0	1.0	1.0	1.0	1.0	1.0
GC_00002844	20	20	1	0	1.0	1.0	1.0	1.0	1.0	1.0
GC_00002845	20	20	1	0	1.0	1.0	1.0	1.0	1.0	1.0
GC_00002846	20	20	1	0	1.0	1.0	1.0	1.0	1.0	1.0
GC_00002847	20	20	1	0	1.0	1.0	1.0	1.0	1.0	1.0
GC_00002848	20	20	1	0	1.0	1.0	1.0	1.0	1.0	1.0
GC_00002849	20	20	1	0	1.0	1.0	1.0	1.0	1.0	1.0
GC_00002850	20	20	1	0	1.0	1.0	1.0	1.0	1.0	1.0
GC_00002851	20	20	1	0	1.0	1.0	1.0	1.0	1.0	1.0
GC_00002852	20	20	1	0	1.0	1.0	1.0	1.0	1.0	1.0
GC_00002853	20	20	1	0	1.0	1.0	1.0	1.0	1.0	1.0
GC_00002854	20	20	1	0	1.0	1.0	1.0	1.0	1.0	1.0
GC_00002855	20	20	1	0	1.0	1.0	1.0	1.0	1.0	1.0
GC_00002856	20	20	1	0	1.0	1.0	1.0	1.0	1.0	1.0
GC_00002857	20	20	1	0	1.0	1.0	1.0	1.0	1.0	1.0
GC_00002858	20	20	1	0	1.0	1.0	1.0	1.0	1.0	1.0
GC_00002859	20	20	1	0	1.0	1.0	1.0	1.0	1.0	1.0
GC_00002860	20	20	1	0	1.0	1.0	1.0	1.0	1.0	1.0
GC_00002861	20	20	1	0	1.0	1.0	1.0	1.0	1.0	1.0
GC_00002862	20	20	1	0	1.0	1.0	1.0	1.0	1.0	1.0
GC_00002863	20	20	1	0	1.0	1.0	1.0	1.0	1.0	1.0
GC_00002864	20	20	1	0	1.0	1.0	1.0	1.0	1.0	1.0
GC_00002865	20	20	1	0	1.0	1.0	1.0	1.0	1.0	1.0
GC_00002866	20	20	1	0	1.0	1.0	1.0	1.0	1.0	1.0
GC_00002867	20	20	1	0	1.0	1.0	1.0	1.0	1.0	1.0
GC_00002868	20	20	1	0	1.0	1.0	1.0	1.0	1.0	1.0
GC_00002869	20	20	1	0	1.0	1.0	1.0	1.0	1.0	1.0
GC_00002870	20	20	1	0	1.0	1.0	1.0	1.0	1.0	1.0
GC_00002871	20	20	1	0	1.0	1.0	1.0	1.0	1.0	1.0
GC_00002872	20	20	1	0	1.0	1.0	1.0	1.0	1.0	1.0
GC_00002873	20	20	1	0	1.0	1.0	1.0	1.0	1.0	1.0
GC_00002874	20	20	1	0	1.0	1.0	1.0	1.0	1.0	1.0
GC_00002875	20	20	1	0	1.0	1.0	1.0	1.0	1.0	1.0
GC_00002876	20	20	1	0	1.0	1.0	1.0	1.0	1.0	1.0
GC_00002877	20	20	1	0	1.0	1.0	1.0	1.0	1.0	1.0
GC_00002878	20	20	1	0	1.0	1.0	1.0	1.0	1.0	1.0
GC_00002879	20	20	1	0	1.0	1.0	1.0	1.0	1.0	1.0
GC_00002880	20	20	1	0	1.0	1.0	1.0	1.0	1.0	1.0
GC_00002881	20	20	1	0	1.0	0.997373884186646	0.998685215705409	0.990723562152134	1.0	0.997510008788204
GC_00002882	20	20	1	0	1.0	0.959738664982602	0.979455763292931	0.956989247311828	1.0	0.985512167515563
GC_00002883	20	20	1	0	1.0	0.839945574865484	0.913011326356097	0.778378378378378	1.0	0.888022759601707
GC_00002884	20	20	1	0	1.0	0.971937329111039	0.985768984401948	0.966360856269113	1.0	0.983003380009657
GC_00002885	12	20	5	0	0.830124247274945	0.75184325792581	0.789046951347085	0.140449438202247	1.0	0.583944411590775
GC_00002886	12	20	3	0	0.924151057509294	0.593500035945668	0.722806036534207	0.00506072874493927	1.0	0.485462390794801
GC_00002887	12	19	6	0	0.98298800436205	0.790563418349795	0.876336989132304	0.183333333333333	1.0	0.680994152046784
GC_00002888	13	19	2	0	0.799864544530985	0.652783496591262	0.718878020549195	0.122676579925651	1.0	0.48666275353812
GC_00002889	18	19	2	0	0.929754632984781	0.824812327697039	0.874145131196679	0.164948453608247	1.0	0.761995672648594
GC_00002890	14	19	2	0	0.887543307587171	0.745632875143184	0.810422629533996	0.288659793814433	1.0	0.830349068547658
GC_00002891	6	18	6	0	0.609085763750166	0.840418285867809	0.706292353791368	0.00195934361988734	0.999265246142542	0.788053126385667
GC_00002892	18	18	1	0	1.0	1.0	1.0	1.0	1.0	1.0
GC_00002893	18	18	1	0	0.888821619035874	0.928661609622426	0.908304959722134	0.572107765451664	1.0	0.834653988378236
GC_00002894	15	18	2	0	0.859601560895461	0.741068423756133	0.795946172414505	0.48780487804878	1.0	0.76207556193209
GC_00002895	12	18	3	0	0.838416265382558	0.81756873074076	0.827861271117677	0.338235294117647	1.0	0.794309880815071
GC_00002896	12	18	3	0	0.905276303465501	0.652113109227116	0.75811809191878	0.110091743119266	1.0	0.640013191821071
GC_00002897	17	17	1	0	0.992999717872761	1.0	0.996487564918117	0.968824940047962	1.0	0.989649456905064
GC_00002898	17	17	1	0	0.991383342327757	1.0	0.995673029150595	0.970642201834862	1.0	0.990070156502968
GC_00002899	15	17	3	0	0.840977259093636	0.823972960598461	0.832388276569025	0.100558659217877	1.0	0.607213276372001
GC_00002900	9	17	2	0	0.633490689745607	0.678331195112098	0.655144576604067	0.0723514211886305	1.0	0.650402796777626
GC_00002901	10	17	5	0	0.960611205432937	0.707093663911844	0.814583094802876	0.0165289256198347	1.0	0.572557122022363
GC_00002902	8	17	8	0	0.930129553759274	0.68282602933082	0.787519106682328	0.076171875	0.99609375	0.479133157169118
GC_00002903	16	16	1	0	1.0	1.0	1.0	1.0	1.0	1.0
GC_00002904	16	16	1	0	1.0	1.0	1.0	1.0	1.0	1.0
GC_00002905	12	16	3	0	0.980277630281423	0.941585003438453	0.960541819882958	0.871794871794872	1.0	0.952350427350428
GC_00002906	14	16	2	0	0.761061283098124	0.882224024152097	0.817175866952418	0.414715719063545	1.0	0.704264214046823
GC_00002907	11	16	4	0	0.728440649280714	0.637954640033292	0.680201543187114	0.222222222222222	1.0	0.618148148148148
GC_00002908	7	16	5	0	0.845824148910115	0.7338232546498	0.785853132054447	0.165584415584416	1.0	0.527164502164502
GC_00002909	12	16	2	0	0.989239332096475	0.967264687548699	0.978128604759742	0.870967741935484	1.0	0.961827956989247
GC_00002910	9	16	2	0	0.781845996940337	0.607581984953555	0.683785772187332	0.183453237410072	1.0	0.518225419664269
GC_00002911	12	16	3	0	0.898983739837398	1.0	0.946805094723322	0.6	1.0	0.873130081300813
GC_00002912	12	16	3	0	0.895222539812168	0.95538809179062	0.924327288986068	0.649532710280374	1.0	0.862772585669782
GC_00002913	9	15	3	0	0.946247818499127	0.663623317321947	0.780127182044016	0.118181818181818	1.0	0.543809523809524
GC_00002914	12	15	2	0	0.969061381778145	0.979236080930996	0.974122163413886	0.805084745762712	1.0	0.945762711864407
GC_00002915	2	15	14	0	0.279056112150905	0.831896555629309	0.417922068614305	0.0121412803532009	1.0	0.770219699358772
GC_00002916	14	14	1	0	1.0	1.0	1.0	1.0	1.0	1.0
GC_00002917	14	14	1	0	0.998151848151848	1.0	0.999075069369797	0.990909090909091	1.0	0.998151848151848
GC_00002918	14	14	1	0	0.997912481783449	1.0	0.998955150320355	0.992831541218638	1.0	0.996888416243255
GC_00002919	11	14	3	0	0.984490458790093	0.839203446281486	0.90605971051426	0.0172413793103448	1.0	0.769609700644183
GC_00002920	14	14	1	0	0.989130434782609	1.0	0.994535519125683	0.967391304347826	1.0	0.986502627806976
GC_00002921	13	14	2	0	0.890059427336575	0.92795573221105	0.908612607840934	0.582978723404255	1.0	0.856207622165069
GC_00002922	14	14	1	0	0.979538365564566	0.979439430836079	0.97948889570206	0.866666666666667	1.0	0.958485958485958
GC_00002923	13	14	2	0	0.90541958041958	0.64001268065592	0.749926124072784	0.0972762645914397	1.0	0.535682216616069
GC_00002924	14	14	1	0	0.995908574855943	1.0	0.99795009390931	0.991228070175439	1.0	0.995630100893259
GC_00002925	12	14	3	0	0.889336788559363	0.877843334610251	0.883552685801221	0.56390977443609	1.0	0.787242832355614
GC_00002926	13	13	1	0	0.915685014635539	0.973685739379462	0.943795111276524	0.617886178861789	1.0	0.896185115697311
GC_00002927	13	13	1	0	0.9299576256098	0.942426780486572	0.93615068384336	0.359375	1.0	0.850861378205128
GC_00002928	13	13	1	0	0.937782686441569	0.991024482894402	0.963668755148843	0.792682926829268	1.0	0.919793621013133
GC_00002929	13	13	1	0	0.76770982477671	0.780433724699963	0.774019487071178	0.28735632183908	1.0	0.609048040082523
GC_00002930	9	13	2	0	0.79283261445597	0.937089993339995	0.858946528650608	0.568831168831169	1.0	0.734232434232434
GC_00002931	9	13	2	0	0.948540566781965	0.642946804267537	0.766403978095549	0.11371237458194	1.0	0.538290026584341
GC_00002932	12	13	2	0	0.950092902266815	1.0	0.974407835813785	0.869565217391304	1.0	0.937792642140469
GC_00002933	9	13	2	0	0.979521758131985	0.621728520882715	0.760651375786888	0.0971786833855799	1.0	0.521260348846556
GC_00002934	13	13	1	0	0.969410706252812	1.0	0.98446779351302	0.947368421052632	1.0	0.965991902834008
GC_00002935	13	13	1	0	0.982744348933461	0.97407823320232	0.978392101397209	0.818840579710145	1.0	0.957450761798588
GC_00002936	10	13	2	0	0.964318285453716	0.710932444042759	0.818462745237892	0.0703125	1.0	0.52610844017094
GC_00002937	4	13	5	0	0.804519071310116	0.619356064654814	0.699898120783889	0.0235294117647059	0.996078431372549	0.552840623428859
GC_00002938	11	12	2	0	0.974659944330655	0.920697929521457	0.94691077090252	0.108597285067873	1.0	0.846222405045934
GC_00002939	11	12	2	0	0.981752730883813	0.855351111736561	0.914203400297826	0.176470588235294	1.0	0.792434145375322
GC_00002940	10	12	3	0	0.90879702590213	0.716404343729616	0.801212882404064	0.0892018779342723	1.0	0.705434627969839
GC_00002941	12	12	1	0	0.944987332609482	0.753429301622073	0.838405761813328	0.547619047619048	1.0	0.780663780663781
GC_00002942	11	12	2	0	0.997683397683398	0.872947040009419	0.931156417991826	0.0730088495575221	1.0	0.823444623223384
GC_00002943	12	12	1	0	0.998693276312663	0.871527520098948	0.930787077241663	0.72	1.0	0.870606060606061
GC_00002944	12	12	1	0	0.980920779759436	0.950547857246421	0.965495506853517	0.909090909090909	1.0	0.966155057064148
GC_00002945	11	12	2	0	0.973732004429679	0.869491758371958	0.918664320416237	0.0863309352517986	1.0	0.793982995421844
GC_00002946	12	12	1	0	0.984807087266104	1.0	0.992345395765982	0.950819672131147	1.0	0.982985593641331
GC_00002947	12	12	1	0	0.903601229688186	1.0	0.949359787749452	0.721739130434783	1.0	0.873913043478261
GC_00002948	12	12	1	0	0.96782339524275	0.892063492063492	0.92840045655834	0.808510638297872	1.0	0.941220717816462
GC_00002949	12	12	1	0	0.949943883277217	1.0	0.974329457810521	0.881481481481482	1.0	0.933557800224467
GC_00002950	12	12	1	0	0.810633024735773	0.896205093605902	0.851273987856802	0.528981429375352	1.0	0.720630616803943
GC_00002951	11	12	2	0	0.95861736555808	0.892091635912645	0.92415883121051	0.0229885057471264	1.0	0.800417972831766
GC_00002952	12	12	1	0	0.942480359147026	1.0	0.970388559872888	0.841269841269841	1.0	0.933982683982684
GC_00002953	7	12	2	0	0.851632047477745	0.578970930095347	0.689318009757886	0.158878504672897	1.0	0.507080147267063
GC_00002954	8	12	2	0	0.968359463758237	0.608130044160195	0.747088363735191	0.09	1.0	0.528560606060606
GC_00002955	11	12	2	0	0.991652021089631	0.909523291700324	0.948813719992131	0.61038961038961	1.0	0.902990948445494
GC_00002956	9	12	2	0	0.851379107981221	0.983549783549783	0.912704291963118	0.542857142857143	1.0	0.764069264069264
GC_00002957	11	12	2	0	0.989158430667865	0.861686987078545	0.921033101622663	0.0482315112540193	1.0	0.803322615219721
GC_00002958	10	12	3	0	0.832773967605428	0.923027286135694	0.875580984630766	0.584070796460177	1.0	0.753419147224457
GC_00002959	11	12	2	0	0.894710998877666	1.0	0.944430047017882	0.75	1.0	0.876473063973064
GC_00002960	7	12	2	0	0.852196039384888	0.571239100567247	0.68398999769187	0.0365853658536585	1.0	0.50120103473762
GC_00002961	9	12	2	0	0.917779498096897	0.776468312153796	0.841230773332043	0.0221774193548387	1.0	0.634500244379277
GC_00002962	11	12	2	0	0.964446974008727	0.860530562252119	0.909530205513128	0.0238095238095238	1.0	0.763077200577201
GC_00002963	11	11	1	0	0.998125585754452	1.0	0.99906191369606	0.989690721649485	1.0	0.998125585754452
GC_00002964	11	11	1	0	0.999632690541781	1.0	0.999816311535636	0.993939393939394	1.0	0.998898071625344
GC_00002965	11	11	1	0	0.987262365071693	0.848882407645297	0.912857924813343	0.217503217503217	1.0	0.766912366912367
GC_00002966	11	11	1	0	0.998071625344353	1.0	0.999034882117744	0.992424242424242	1.0	0.998071625344353
GC_00002967	9	11	3	0	0.890974469615246	0.960138216015959	0.924264248646157	0.284090909090909	1.0	0.840082644628099
GC_00002968	11	11	1	0	0.961596159615962	1.0	0.980422147445702	0.910891089108911	1.0	0.957515751575157
GC_00002969	11	11	1	0	0.989586000853606	1.0	0.994765745666724	0.950704225352113	1.0	0.98258642765685
GC_00002970	11	11	1	0	0.994074074074074	0.995139408182888	0.99460645585574	0.962162162162162	1.0	0.989189189189189
GC_00002971	11	11	1	0	0.978787878787879	1.0	0.989280245022971	0.907894736842105	1.0	0.973684210526316
GC_00002972	11	11	1	0	0.952315394242804	0.925925925925926	0.938935272820606	0.358024691358025	1.0	0.834904601571268
GC_00002973	10	11	2	0	0.973909529462279	0.855074810543273	0.910631642027857	0.0044296788482835	1.0	0.773663545756569
GC_00002974	11	11	1	0	0.996331160994449	0.912015018114414	0.952310426472651	0.884615384615385	1.0	0.948513986013986
GC_00002975	10	11	2	0	0.908377476947224	0.908302403192913	0.908339938518868	0.711678832116788	1.0	0.850829462508295
GC_00002976	11	11	1	0	0.993401420585887	0.975286303252406	0.984260517701566	0.912162162162162	1.0	0.966953316953317
GC_00002977	9	11	2	0	0.792204483695652	0.833505796561862	0.812330508383117	0.0136986301369863	1.0	0.556849315068493
GC_00002978	9	11	2	0	0.916152897657213	0.817443919716647	0.863988221730994	0.5	1.0	0.753896103896104
GC_00002979	9	11	3	0	0.88981317332606	0.839808554046808	0.864088028771236	0.197674418604651	1.0	0.691437632135306
GC_00002980	11	11	1	0	0.978967495219885	0.874737124387798	0.923921969638294	0.0789473684210526	1.0	0.812121212121212
GC_00002981	9	11	2	0	0.851636192134668	0.727022828539073	0.784411256875151	0.117117117117117	1.0	0.545978705978706
GC_00002982	5	11	7	0	0.977443165042811	0.590397521666822	0.736146251469651	0.0228013029315961	0.995114006514658	0.470062185371632
GC_00002983	10	10	1	0	1.0	0.947752511898466	0.973175499565595	0.693548387096774	1.0	0.938709677419355
GC_00002984	10	10	1	0	0.992767915844839	0.975224047796864	0.983917783507095	0.903846153846154	1.0	0.980769230769231
GC_00002985	10	10	1	0	0.988065843621399	1.0	0.993997102049265	0.944444444444444	1.0	0.983950617283951
GC_00002986	9	10	2	0	0.99318859088974	1.0	0.996582656984195	0.96551724137931	1.0	0.987739463601533
GC_00002987	10	10	1	0	0.967436743674367	1.0	0.983448892865131	0.861386138613861	1.0	0.965676567656766
GC_00002988	9	10	2	0	0.979452495974235	1.0	0.989619602355927	0.930434782608696	1.0	0.976231884057971
GC_00002989	5	10	2	0	0.929113247863248	0.939970582827724	0.934510380718576	0.790540540540541	1.0	0.886036036036036
GC_00002990	10	10	1	0	0.9483288166215	1.0	0.973479228486647	0.634146341463415	1.0	0.893766937669377
GC_00002991	10	10	1	0	0.907085346215781	1.0	0.951279236679895	0.739130434782609	1.0	0.86280193236715
GC_00002992	10	10	1	0	0.88077154912598	0.975564658360357	0.925747816533857	0.746031746031746	1.0	0.847971781305114
GC_00002993	10	10	1	0	0.699021370081885	0.769312768676658	0.732484591057074	0.322368421052632	1.0	0.573684210526316
GC_00002994	10	10	1	0	0.974343880304145	1.0	0.98700524262678	0.910596026490066	1.0	0.967328918322296
GC_00002995	9	10	2	0	0.988207547169811	0.849460885161156	0.913596427922551	0.0337078651685393	1.0	0.782646691635456
GC_00002996	10	10	1	0	0.991232048374906	1.0	0.995596720315821	0.948979591836735	1.0	0.986621315192744
GC_00002997	10	10	1	0	0.97103825136612	0.730538833147528	0.833792553450353	0.283333333333333	1.0	0.614962962962963
GC_00002998	10	10	1	0	0.97464859437751	0.997558685446011	0.985970572693589	0.892957746478873	1.0	0.968075117370892
GC_00002999	9	10	2	0	0.796817420435511	0.979264725980593	0.878670161122755	0.494464944649447	1.0	0.728249282492825
GC_00003000	7	10	2	0	0.778763679384797	0.617650014355439	0.688912461840971	0.0416666666666667	1.0	0.535699588477366
GC_00003001	9	9	1	0	0.974522292993631	0.729107854998433	0.834138629831351	0.242774566473988	1.0	0.831727681438664
GC_00003002	9	9	1	0	1.0	1.0	1.0	1.0	1.0	1.0
GC_00003003	9	9	1	0	1.0	1.0	1.0	1.0	1.0	1.0
GC_00003004	9	9	1	0	1.0	1.0	1.0	1.0	1.0	1.0
GC_00003005	9	9	1	0	1.0	1.0	1.0	1.0	1.0	1.0
GC_00003006	9	9	1	0	0.998566308243728	1.0	0.999282639885222	0.993548387096774	1.0	0.998566308243728
GC_00003007	9	9	1	0	0.998329156223893	1.0	0.999163879598662	0.992481203007519	1.0	0.998329156223893
GC_00003008	9	9	1	0	0.976719576719577	1.0	0.988222698072805	0.871428571428571	1.0	0.971428571428572
GC_00003009	9	9	1	0	0.995061728395062	1.0	0.997524752475247	0.977777777777778	1.0	0.995061728395062
GC_00003010	9	9	1	0	0.996970948643811	1.0	0.998483177054606	0.981412639405205	1.0	0.995869475423379
GC_00003011	9	9	1	0	0.996874511642444	1.0	0.998434809829394	0.974683544303797	1.0	0.994374120956399
GC_00003012	9	9	1	0	0.998384677512403	1.0	0.99919168591224	0.984423676012461	1.0	0.996538594669436
GC_00003013	9	9	1	0	0.996993303266366	1.0	0.998494388174104	0.974169741697417	1.0	0.994259942599426
GC_00003014	9	9	1	0	0.994916485112564	1.0	0.997451765562432	0.980392156862745	1.0	0.992374727668845
GC_00003015	9	9	1	0	0.991161616161616	1.0	0.995561192136969	0.977272727272727	1.0	0.991161616161616
GC_00003016	9	9	1	0	0.994513031550069	1.0	0.997248968363136	0.975308641975309	1.0	0.994513031550068
GC_00003017	9	9	1	0	0.995818399044206	1.0	0.997904818916492	0.987096774193548	1.0	0.994982078853046
GC_00003018	9	9	1	0	0.984860773181941	0.988105240229026	0.986480339004583	0.913461538461538	1.0	0.966346153846154
GC_00003019	9	9	1	0	0.984182098765432	1.0	0.992027999222244	0.947916666666667	1.0	0.981481481481482
GC_00003020	9	9	1	0	0.998159303882195	1.0	0.999078804120258	0.993975903614458	1.0	0.998159303882195
GC_00003021	9	9	1	0	0.988411724608044	1.0	0.994172094617758	0.975460122699387	1.0	0.988411724608044
GC_00003022	8	9	2	0	0.998295592890187	0.829843157058845	0.906308415053312	0.0773638968481375	1.0	0.7632123527539
GC_00003023	9	9	1	0	0.996868191721133	1.0	0.998431639959086	0.977941176470588	1.0	0.993872549019608
GC_00003024	9	9	1	0	0.993156199677939	1.0	0.996566350232276	0.934782608695652	1.0	0.979468599033817
GC_00003025	8	9	2	0	0.985726445361095	0.819233367105706	0.894801080113424	0.0211640211640212	1.0	0.741916519694298
GC_00003026	9	9	1	0	0.995959595959596	1.0	0.997975708502024	0.987878787878788	1.0	0.993939393939394
GC_00003027	9	9	1	0	0.997381219603442	1.0	0.998688893051133	0.98989898989899	1.0	0.99635241301908
GC_00003028	9	9	1	0	0.993865030674847	1.0	0.996923076923077	0.987730061349693	1.0	0.993865030674847
GC_00003029	9	9	1	0	0.925747863247863	0.872290809327846	0.898224676902216	0.703703703703704	1.0	0.872427983539095
GC_00003030	9	9	1	0	0.993253968253968	1.0	0.996615568385427	0.98	1.0	0.991349206349206
GC_00003031	9	9	1	0	0.996704331450094	1.0	0.998349445885404	0.983050847457627	1.0	0.993879472693032
GC_00003032	9	9	1	0	0.997316156736447	1.0	0.99865627519484	0.995169082125604	1.0	0.997316156736447
GC_00003033	9	9	1	0	0.998929565403554	1.0	0.999464496090822	0.998073217726397	1.0	0.998929565403554
GC_00003034	9	9	1	0	0.993272569444444	1.0	0.996624931954273	0.984375	1.0	0.993272569444444
GC_00003035	9	9	1	0	0.994639376218324	1.0	0.997312484730027	0.989473684210526	1.0	0.993859649122807
GC_00003036	9	9	1	0	0.970051085568327	1.0	0.984797899581861	0.855172413793103	1.0	0.964942528735632
GC_00003037	9	9	1	0	0.988727858293076	1.0	0.994331983805668	0.971014492753623	1.0	0.988727858293076
GC_00003038	9	9	1	0	0.847677075399848	0.690901394823832	0.761301792646036	0.19620253164557	1.0	0.729254571026723
GC_00003039	8	9	2	0	0.808052139177967	0.995291902071564	0.891951543553691	0.576271186440678	1.0	0.763967357187696
GC_00003040	9	9	1	0	0.994323994323994	0.998517200474499	0.996416185864131	0.97153024911032	1.0	0.988335310399368
GC_00003041	9	9	1	0	0.90168776371308	0.792737835875086	0.843710112281929	0.0672268907563025	1.0	0.789915966386555
GC_00003042	9	9	1	0	0.996123678871021	1.0	0.998058075674364	0.991823385118561	1.0	0.995275733624058
GC_00003043	9	9	1	0	0.989579958967714	1.0	0.994762693006974	0.979591836734694	1.0	0.98850016196955
GC_00003044	8	9	2	0	0.993864581502958	0.839851986185217	0.910390577783491	0.0727923627684964	1.0	0.752154600901617
GC_00003045	8	9	2	0	0.789042643321096	0.759676953760563	0.774081393164869	0.349315068493151	1.0	0.682458143074581
GC_00003046	9	9	1	0	0.914924825815915	1.0	0.955572577556492	0.732673267326733	1.0	0.886688668866887
GC_00003047	7	9	3	0	0.96820454759883	0.929811819906159	0.948619883218074	0.811320754716981	1.0	0.936320754716981
GC_00003048	7	9	3	0	0.917406566177989	0.757803765340875	0.830002223742009	0.00253164556962025	1.0	0.639240506329114
GC_00003049	9	9	1	0	0.975308641975309	0.910476775117661	0.941778273435748	0.839779005524862	1.0	0.911602209944751
GC_00003050	9	9	1	0	0.994499449944995	1.0	0.997242140099283	0.987623762376238	1.0	0.992299229922992
GC_00003051	9	9	1	0	0.989407407407407	1.0	0.994675503593104	0.97	1.0	0.987555555555556
GC_00003052	8	9	2	0	0.928945249597424	1.0	0.963163936136909	0.826086956521739	1.0	0.901570048309179
GC_00003053	6	9	2	0	0.798182216381954	0.660327500753034	0.722740015917538	0.301158301158301	1.0	0.535982410982411
GC_00003054	9	9	1	0	0.951028138528139	1.0	0.974899459159617	0.87012987012987	1.0	0.942189754689755
GC_00003055	8	9	2	0	0.99280512415548	0.773492994460736	0.8695336311637	0.225806451612903	1.0	0.688172043010753
GC_00003056	4	9	5	0	0.929054585496303	0.603201085502426	0.731479406562877	0.0467836257309941	1.0	0.514457439896036
GC_00003057	6	9	4	0	0.983442265795207	0.671046837930376	0.797751790885673	0.172413793103448	1.0	0.485370950888192
GC_00003058	9	9	1	0	0.993515195022733	0.994729046487453	0.994121750218277	0.966580976863753	1.0	0.98507569265924
GC_00003059	8	9	2	0	0.838671411625148	0.766772774937145	0.801112129508858	0.309895833333333	0.997395833333333	0.654079861111111
GC_00003060	8	8	1	0	1.0	1.0	1.0	1.0	1.0	1.0
GC_00003061	8	8	1	0	1.0	1.0	1.0	1.0	1.0	1.0
GC_00003062	8	8	1	0	0.995920745920746	1.0	0.997956204379562	0.979020979020979	1.0	0.994755244755245
GC_00003063	8	8	1	0	0.998945147679325	1.0	0.999472295514512	0.987341772151899	1.0	0.996835443037975
GC_00003064	8	8	1	0	0.988181818181818	1.0	0.994055784179241	0.938181818181818	1.0	0.984545454545455
GC_00003065	8	8	1	0	0.996715927750411	1.0	0.998355263157895	0.980295566502463	1.0	0.995073891625616
GC_00003066	8	8	1	0	0.992112482853224	1.0	0.996040626613875	0.962962962962963	1.0	0.990740740740741
GC_00003067	8	8	1	0	0.999180327868852	1.0	0.999589995899959	0.99672131147541	1.0	0.999180327868853
GC_00003068	8	8	1	0	0.997448979591837	1.0	0.998722860791826	0.989795918367347	1.0	0.997448979591837
GC_00003069	4	8	5	0	0.993893011750155	1.0	0.996937153491257	0.980519480519481	1.0	0.992810760667903
GC_00003070	8	8	1	0	0.99312865497076	1.0	0.996552482945793	0.959649122807018	1.0	0.989912280701754
GC_00003071	8	8	1	0	0.999479166666667	1.0	0.999739515498828	0.99375	1.0	0.9984375
GC_00003072	8	8	1	0	0.982051282051282	0.971732247851651	0.97686451462788	0.761194029850746	1.0	0.940298507462687
GC_00003073	8	8	1	0	0.991071428571429	1.0	0.995515695067265	0.979166666666667	1.0	0.991071428571429
GC_00003074	8	8	1	0	0.997386759581881	0.996545925280679	0.996966165142867	0.975694444444444	1.0	0.993923611111111
GC_00003075	8	8	1	0	0.989360639360639	1.0	0.994651869334873	0.94965034965035	1.0	0.986763236763237
GC_00003076	8	8	1	0	0.986897031539889	1.0	0.993405310767435	0.943181818181818	1.0	0.983766233766234
GC_00003077	8	8	1	0	0.974654377880184	1.0	0.987164527421237	0.935483870967742	1.0	0.974654377880184
GC_00003078	8	8	1	0	0.9959451901566	1.0	0.997968476357268	0.976510067114094	1.0	0.993708053691275
GC_00003079	8	8	1	0	0.925075987841945	0.99168633340485	0.957223756263236	0.620253164556962	1.0	0.894966847498493
GC_00003080	8	8	1	0	0.967741935483871	0.963691998538545	0.965712720945896	0.884057971014493	1.0	0.937888198757764
GC_00003081	7	8	2	0	0.942712971208074	0.83709051960478	0.8867676628124	0.0591618734593262	1.0	0.713375983096608
GC_00003082	7	8	2	0	0.934965330281853	0.802931710951828	0.86393301157926	0.00588235294117647	1.0	0.682623049219688
GC_00003083	7	8	2	0	0.98626153816131	0.845939854533584	0.91072733101364	0.0184729064039409	1.0	0.739839901477833
GC_00003084	8	8	1	0	0.990893568582812	0.970967645386252	0.980829416744262	0.845559845559846	1.0	0.958356315499173
GC_00003085	7	8	2	0	0.843322420884748	0.988357461353978	0.91009789984679	0.498257839721254	1.0	0.785838725734196
GC_00003086	8	8	1	0	0.988835082055421	1.0	0.994386202231992	0.957627118644068	1.0	0.987086359967716
GC_00003087	8	8	1	0	0.987698412698413	1.0	0.993811139948093	0.966666666666667	1.0	0.985714285714286
GC_00003088	8	8	1	0	0.968487394957983	1.0	0.983991462113127	0.932773109243697	1.0	0.965486194477791
GC_00003089	7	8	2	0	0.921196797302992	0.667759859059491	0.774266863819061	0.10828025477707	1.0	0.670609645131938
GC_00003090	7	8	2	0	0.891873706004141	1.0	0.942846980930754	0.760869565217391	1.0	0.864751552795031
GC_00003091	8	8	1	0	0.981817379407741	0.97515434521007	0.978474519266959	0.837545126353791	1.0	0.952166064981949
GC_00003092	8	8	1	0	0.995429191199256	1.0	0.997709360562177	0.982646420824295	1.0	0.994344592500775
GC_00003093	8	8	1	0	0.991347569955817	1.0	0.995654987519645	0.965635738831615	1.0	0.986806578301424
GC_00003094	8	8	1	0	0.984530084194674	0.966921681385632	0.975646440434735	0.802218114602588	1.0	0.946725640348561
GC_00003095	8	8	1	0	0.994703109274856	1.0	0.997344521748367	0.981090100111235	1.0	0.993961544573335
GC_00003096	6	8	3	0	0.91045980102178	0.597331921764886	0.72138173252323	0.0901639344262295	1.0	0.454918032786885
GC_00003097	5	8	3	0	0.936575195049771	0.664387859210934	0.777343595997627	0.0857988165680473	1.0	0.481966751197521
GC_00003098	8	8	1	0	0.975274725274725	1.0	0.987482614742698	0.923076923076923	1.0	0.967582417582418
GC_00003099	7	8	2	0	0.988817891373802	0.811202699371377	0.891247296606837	0.111475409836066	1.0	0.726697892271663
GC_00003100	8	8	1	0	0.981934731934732	0.972288915566228	0.977088018447148	0.846153846153846	1.0	0.948206205559147
GC_00003101	6	8	3	0	0.697663887067054	0.638503498082546	0.666773994529594	0.226942425936277	0.778647288988262	0.477142058612154
GC_00003102	6	8	2	0	0.84573489364834	0.663048307594906	0.743331566053251	0.0871413390010627	0.972369819341126	0.463754364657659
GC_00003103	2	8	7	0	0.468659194686592	0.728170951940035	0.570279772601432	0.023643949930459	0.995827538247566	0.616928273395589
GC_00003104	7	7	1	0	0.559748427672956	0.663997680215198	0.607432628521858	0.0932692307692308	1.0	0.469413919413919
GC_00003105	7	7	1	0	0.963706266820454	0.983188490707287	0.973349901217611	0.885714285714286	1.0	0.93469387755102
GC_00003106	7	7	1	0	1.0	1.0	1.0	1.0	1.0	1.0
GC_00003107	7	7	1	0	1.0	1.0	1.0	1.0	1.0	1.0
GC_00003108	7	7	1	0	1.0	0.793946219115356	0.885139376705365	0.10036496350365	1.0	0.7429614181439
GC_00003109	7	7	1	0	0.970963995354239	1.0	0.985268120212139	0.890243902439024	1.0	0.968641114982578
GC_00003110	7	7	1	0	0.998549673676577	1.0	0.999274310595065	0.99492385786802	1.0	0.998549673676577
GC_00003111	7	7	1	0	0.996086105675147	1.0	0.998039215686274	0.986301369863014	1.0	0.996086105675147
GC_00003112	7	7	1	0	0.955226712198824	0.973411154345007	0.964233205945416	0.771317829457364	1.0	0.934662236987818
GC_00003113	7	7	1	0	0.99010752688172	0.912810873337187	0.949889302879889	0.604838709677419	1.0	0.883256528417819
GC_00003114	7	7	1	0	0.984326018808777	0.738095238095238	0.843610521298262	0.471910112359551	1.0	0.797752808988764
GC_00003115	7	7	1	0	0.969395837833945	0.964791892394741	0.967088385730601	0.724890829694323	1.0	0.916198793928051
GC_00003116	7	7	1	0	0.997113997113997	0.970964505205068	0.983865529449171	0.941176470588235	1.0	0.983193277310924
GC_00003117	7	7	1	0	0.984629294755877	1.0	0.992255125284738	0.927215189873418	1.0	0.979204339963833
GC_00003118	7	7	1	0	0.964900514196289	1.0	0.982136761861418	0.830985915492958	1.0	0.948356807511737
GC_00003119	7	7	1	0	0.995421245421245	1.0	0.997705369435521	0.990384615384615	1.0	0.995421245421246
GC_00003120	7	7	1	0	0.986633249791145	1.0	0.9932716568545	0.929824561403509	1.0	0.979949874686717
GC_00003121	6	7	2	0	0.996462860030318	0.778591145011491	0.874156118009668	0.109970674486804	1.0	0.693269096494903
GC_00003122	7	7	1	0	0.995201181247693	0.914473684210526	0.953131139973268	0.625	1.0	0.888888888888889
GC_00003123	7	7	1	0	0.947033659799617	1.0	0.972796392125119	0.723404255319149	1.0	0.920128335021952
GC_00003124	7	7	1	0	0.980392156862745	1.0	0.99009900990099	0.955882352941177	1.0	0.974789915966387
GC_00003125	6	7	2	0	0.996441689623508	0.735070861304903	0.846029387010719	0.102803738317757	1.0	0.678015131286159
GC_00003126	7	7	1	0	0.980952380952381	1.0	0.990384615384615	0.95	1.0	0.980952380952381
GC_00003127	7	7	1	0	0.996096799375488	1.0	0.998044583496285	0.98155737704918	1.0	0.994145199063232
GC_00003128	7	7	1	0	0.93516276567124	1.0	0.966495203670235	0.813559322033898	1.0	0.923325262308313
GC_00003129	7	7	1	0	0.994172494172494	0.850845481049563	0.916941932718713	0.36	1.0	0.812380952380952
GC_00003130	7	7	1	0	0.997714285714286	1.0	0.998855835240275	0.992	1.0	0.997206349206349
GC_00003131	5	7	3	0	0.899590163934426	0.636436148998963	0.745471213339299	0.185929648241206	1.0	0.663077291217995
GC_00003132	7	7	1	0	0.99661044973545	1.0	0.998302347728872	0.9921875	1.0	0.99578373015873
GC_00003133	6	7	2	0	0.87	1.0	0.93048128342246	0.75	1.0	0.847142857142857
GC_00003134	7	7	1	0	0.984596015700215	0.760034901555253	0.857863205865483	0.0403321470937129	1.0	0.542563407332091
GC_00003135	7	7	1	0	0.940482981555429	0.834822230779104	0.884508303380047	0.367924528301887	1.0	0.740790655884995
GC_00003136	7	7	1	0	0.996971226653205	1.0	0.998483316481294	0.992932862190813	1.0	0.996971226653205
GC_00003137	7	7	1	0	0.988159311087191	0.760216143194867	0.859328765451326	0.582010582010582	1.0	0.784580498866213
GC_00003138	7	7	1	0	0.984415584415584	1.0	0.992146596858639	0.963636363636364	1.0	0.984415584415584
GC_00003139	7	7	1	0	0.987639886420578	0.933405718422001	0.959757244078717	0.820846905537459	1.0	0.925236544129052
GC_00003140	7	7	1	0	0.998215679714509	1.0	0.999107043196785	0.995316159250585	1.0	0.997323519571763
GC_00003141	7	7	1	0	0.975455144784218	1.0	0.987575088566001	0.900958466453674	1.0	0.970181043663472
GC_00003142	6	7	2	0	0.944512946979038	0.786863987593915	0.858511175646819	0.0291970802919708	1.0	0.660583941605839
GC_00003143	7	7	1	0	0.992958366340991	1.0	0.996466743220564	0.983364140480592	1.0	0.991550039609189
GC_00003144	7	7	1	0	0.995466321243523	0.998065160129984	0.996764046717127	0.979638009049774	1.0	0.993104934281405
GC_00003145	6	7	2	0	0.982735533237685	0.812614659509737	0.88961507783391	0.00641025641025641	1.0	0.697089947089947
GC_00003146	5	7	2	0	0.972394755003451	0.627476303764964	0.762754802427268	0.261538461538462	1.0	0.489133089133089
GC_00003147	7	7	1	0	0.961704136425326	1.0	0.980478267408633	0.836431226765799	1.0	0.949548592671269
GC_00003148	6	7	2	0	0.770760233918129	0.815927301153019	0.792700898691675	0.406976744186047	1.0	0.626799557032115
GC_00003149	7	7	1	0	0.993239271017049	1.0	0.996608169886447	0.990740740740741	1.0	0.993239271017049
GC_00003150	7	7	1	0	0.995558845299778	1.0	0.997774480712166	0.986183074265976	1.0	0.99259807549963
GC_00003151	7	7	1	0	0.991773233152544	1.0	0.995869626767483	0.979101358411703	1.0	0.989849231228542
GC_00003152	7	7	1	0	0.982702702702703	0.7569826007326	0.855199323889111	0.646153846153846	1.0	0.827106227106227
GC_00003153	6	7	2	0	0.959131545338442	0.878974845752254	0.917305446742642	0.767441860465116	1.0	0.875968992248062
GC_00003154	7	7	1	0	0.891937327684756	0.979658170322073	0.933742030702853	0.775933609958506	1.0	0.847658565500889
GC_00003155	4	7	2	0	0.843337986660462	0.620994338743366	0.715285876406435	0.081145584725537	1.0	0.498124786907603
GC_00003156	6	7	2	0	0.94945403311025	0.80457993714073	0.871034061180185	0.0264026402640264	0.996039603960396	0.671664309288072
GC_00003157	5	7	2	0	0.827055785583901	0.593975050726384	0.69140019997213	0.0384407146724418	0.811044937736871	0.426947173021889
GC_00003158	6	7	2	0	0.926693705873517	0.996861718058021	0.960497907424483	0.721698113207547	0.995283018867924	0.897574123989218
GC_00003159	6	6	1	0	1.0	1.0	1.0	1.0	1.0	1.0
GC_00003160	6	6	1	0	1.0	1.0	1.0	1.0	1.0	1.0
GC_00003161	6	6	1	0	1.0	1.0	1.0	1.0	1.0	1.0
GC_00003162	6	6	1	0	1.0	1.0	1.0	1.0	1.0	1.0
GC_00003163	6	6	1	0	1.0	1.0	1.0	1.0	1.0	1.0
GC_00003164	6	6	1	0	1.0	1.0	1.0	1.0	1.0	1.0
GC_00003165	6	6	1	0	1.0	1.0	1.0	1.0	1.0	1.0
GC_00003166	6	6	1	0	1.0	1.0	1.0	1.0	1.0	1.0
GC_00003167	6	6	1	0	1.0	1.0	1.0	1.0	1.0	1.0
GC_00003168	6	6	1	0	1.0	1.0	1.0	1.0	1.0	1.0
GC_00003169	6	6	1	0	1.0	1.0	1.0	1.0	1.0	1.0
GC_00003170	6	6	1	0	0.999529190207156	1.0	0.999764539675065	0.995762711864407	1.0	0.998587570621469
GC_00003171	6	6	1	0	0.999433106575964	0.928999374049899	0.962929985614518	0.919811320754717	1.0	0.973270440251572
GC_00003172	6	6	1	0	0.99822695035461	1.0	0.999112688553682	0.98936170212766	1.0	0.99645390070922
GC_00003173	6	6	1	0	1.0	0.899355877616747	0.947011445527766	0.891304347826087	1.0	0.963768115942029
GC_00003174	6	6	1	0	1.0	0.991554928252177	0.995759558710623	0.974358974358974	1.0	0.991452991452991
GC_00003175	6	6	1	0	0.981642512077295	1.0	0.990736226231107	0.956521739130435	1.0	0.978550724637681
GC_00003176	6	6	1	0	0.952834467120181	1.0	0.975847654435671	0.897959183673469	1.0	0.945578231292517
GC_00003177	6	6	1	0	0.996309963099631	1.0	0.99815157116451	0.988929889298893	1.0	0.996309963099631
GC_00003178	5	6	2	0	0.971059431524548	0.956397306397306	0.963672601713596	0.866666666666667	1.0	0.931851851851852
GC_00003179	6	6	1	0	0.998176638176638	1.0	0.999087487167788	0.996581196581197	1.0	0.998176638176638
GC_00003180	6	6	1	0	0.997883597883598	1.0	0.998940677966102	0.996031746031746	1.0	0.997883597883598
GC_00003181	6	6	1	0	0.993984962406015	1.0	0.996983408748115	0.988721804511278	1.0	0.993984962406015
GC_00003182	6	6	1	0	0.93261712921516	0.730088085303669	0.819017885124206	0.0527777777777778	1.0	0.522962962962963
GC_00003183	6	6	1	0	0.999352499352499	1.0	0.999676144828033	0.998834498834499	1.0	0.999300699300699
GC_00003184	6	6	1	0	0.996666666666667	0.854346922582834	0.920035492395062	0.348370927318296	1.0	0.782121971595656
GC_00003185	5	6	2	0	0.998550724637681	0.753140096618359	0.858654484120323	0.0	1.0	0.665700483091788
GC_00003186	6	6	1	0	0.992184447049629	0.892592817769132	0.93975742160058	0.828793774319066	1.0	0.918806744487679
GC_00003187	6	6	1	0	0.993437733035048	0.924737366766351	0.957857281525842	0.901234567901235	1.0	0.965843621399177
GC_00003188	6	6	1	0	0.986084142394822	0.995169082125604	0.99060578298688	0.927536231884058	1.0	0.972946859903382
GC_00003189	6	6	1	0	0.998625429553265	1.0	0.999312242090784	0.995876288659794	1.0	0.998625429553265
GC_00003190	6	6	1	0	0.998554652213189	1.0	0.999276803471343	0.995934959349594	1.0	0.997831978319783
GC_00003191	6	6	1	0	1.0	0.840457761131919	0.913313827550185	0.677777777777778	1.0	0.828148148148148
GC_00003192	6	6	1	0	0.996983879355174	1.0	0.998489661996771	0.993759750390016	1.0	0.996983879355174
GC_00003193	6	6	1	0	0.992229992229992	1.0	0.99609984399376	0.972027972027972	1.0	0.990675990675991
GC_00003194	6	6	1	0	0.925445492662474	0.943862905859512	0.934563470222077	0.563676633444075	1.0	0.854558877814692
GC_00003195	6	6	1	0	0.987387387387387	1.0	0.99365367180417	0.954954954954955	1.0	0.977777777777778
GC_00003196	5	6	2	0	0.881360048573163	0.98933607520564	0.932231889738527	0.52972972972973	1.0	0.841801801801802
GC_00003197	6	6	1	0	0.987115956392468	0.994104927734154	0.990598114886466	0.96551724137931	1.0	0.981937602627258
GC_00003198	5	6	2	0	0.998317914213625	0.770477305676368	0.869723400541079	0.073469387755102	1.0	0.650884353741496
GC_00003199	6	6	1	0	0.984603174603175	1.0	0.992241861953131	0.957142857142857	1.0	0.981428571428571
GC_00003200	6	6	1	0	0.993455098934551	1.0	0.996716805375277	0.982876712328767	1.0	0.992237442922374
GC_00003201	6	6	1	0	0.878830409356725	1.0	0.93550796812749	0.673684210526316	1.0	0.859649122807018
GC_00003202	6	6	1	0	0.989285714285714	1.0	0.994614003590664	0.982142857142857	1.0	0.989285714285714
GC_00003203	6	6	1	0	0.966666666666667	0.96592226835746	0.96629432414768	0.858208955223881	1.0	0.937313432835821
GC_00003204	6	6	1	0	0.91016548463357	1.0	0.952970297029703	0.627659574468085	1.0	0.869503546099291
GC_00003205	6	6	1	0	0.985432098765432	1.0	0.992662604153712	0.944444444444444	1.0	0.978518518518519
GC_00003206	6	6	1	0	0.981893004115226	1.0	0.990863787375415	0.933333333333333	1.0	0.975308641975309
GC_00003207	6	6	1	0	0.900030807147258	0.975142489428205	0.936082316707984	0.777027027027027	1.0	0.873423423423423
GC_00003208	6	6	1	0	0.997427983539095	1.0	0.998712335822817	0.993055555555556	1.0	0.996913580246914
GC_00003209	6	6	1	0	0.82741935483871	0.984169312169313	0.89901284122306	0.650793650793651	1.0	0.783068783068783
GC_00003210	4	6	2	0	0.909437751004016	0.914523079657025	0.911973326206929	0.479674796747967	1.0	0.798373983739837
GC_00003211	6	6	1	0	0.812418300653595	0.959087860496311	0.879681422384813	0.591549295774648	1.0	0.731455399061033
GC_00003212	4	6	2	0	0.985526315789474	0.642267064908572	0.777704470036396	0.00808625336927224	1.0	0.469362084456424
GC_00003213	6	6	1	0	0.982626262626263	1.0	0.991237008355411	0.961038961038961	1.0	0.979393939393939
GC_00003214	6	6	1	0	0.916736152471709	0.999404761904766	0.956287159588797	0.689285714285714	1.0	0.893095238095238
GC_00003215	6	6	1	0	0.979365079365079	1.0	0.989574979951884	0.946428571428571	1.0	0.970238095238095
GC_00003216	6	6	1	0	0.95929018789144	0.982762870204731	0.970884677410026	0.830769230769231	1.0	0.931794871794872
GC_00003217	6	6	1	0	0.989342403628118	1.0	0.994642653596261	0.977040816326531	1.0	0.986734693877551
GC_00003218	5	6	2	0	0.954832086816249	0.643195497590402	0.768627156612057	0.212698412698413	1.0	0.522539682539683
GC_00003219	6	6	1	0	0.877959927140255	0.597902097902097	0.711359291592407	0.196969696969697	1.0	0.522222222222222
GC_00003220	4	6	2	0	0.858695652173913	0.952934059286146	0.903363781617347	0.53448275862069	1.0	0.747126436781609
GC_00003221	6	6	1	0	0.760363429869392	0.896969696969697	0.8230366535635	0.454545454545455	1.0	0.689393939393939
GC_00003222	5	6	2	0	0.982720373613543	0.775046092119262	0.866615218873945	0.0905923344947735	1.0	0.653890824622532
GC_00003223	6	6	1	0	0.829378531073446	0.938279418659164	0.880474422216922	0.468354430379747	1.0	0.749367088607595
GC_00003224	5	6	2	0	0.816231884057971	0.769585032752444	0.792222399152826	0.0494623655913978	1.0	0.488028673835125
GC_00003225	3	6	2	0	0.965213562307354	0.907034632034632	0.935220160412526	0.785714285714286	1.0	0.889285714285714
GC_00003226	5	6	2	0	0.815046191125246	0.988152463363255	0.893290264509108	0.547138047138047	1.0	0.752300785634119
GC_00003227	6	6	1	0	0.982631578947368	1.0	0.991239713299708	0.963157894736842	1.0	0.975263157894737
GC_00003228	6	6	1	0	0.957051282051282	1.0	0.978054372748117	0.903846153846154	1.0	0.946794871794872
GC_00003229	6	6	1	0	0.979017264276228	0.996031746031746	0.987451217709499	0.928571428571429	1.0	0.965079365079365
GC_00003230	6	6	1	0	0.950462962962963	0.840825668264457	0.892289095193266	0.329317269076305	1.0	0.73467202141901
GC_00003231	6	6	1	0	0.916840882694541	0.951155115511551	0.933682830715386	0.683168316831683	1.0	0.857425742574258
GC_00003232	6	6	1	0	0.974774774774775	1.0	0.987226277372263	0.945945945945946	1.0	0.974774774774775
GC_00003233	6	6	1	0	0.991380826737027	1.0	0.99567176044519	0.981530343007916	1.0	0.9896218117854
GC_00003234	6	6	1	0	0.963118189438391	0.958869624840826	0.960989211401944	0.867469879518072	1.0	0.927710843373494
GC_00003235	6	6	1	0	0.952283571915474	0.959967320261436	0.95611000878656	0.816176470588235	1.0	0.900490196078431
GC_00003236	5	6	2	0	0.928109452736318	0.879454926624737	0.903127368491813	0.443396226415094	1.0	0.770440251572327
GC_00003237	6	6	1	0	0.991783380018674	1.0	0.995874742171386	0.978991596638655	1.0	0.989355742296919
GC_00003238	6	6	1	0	0.957407407407407	1.0	0.978240302743614	0.875	1.0	0.914814814814815
GC_00003239	6	6	1	0	0.951502445842068	1.0	0.975148607032873	0.886792452830189	0.968553459119497	0.934171907756813
GC_00003240	6	6	1	0	0.431346962447441	0.649922919688022	0.518542654085095	0.0715990453460621	0.739856801909308	0.282736674622116
GC_00003241	6	6	1	0	0.961155555555556	1.0	0.980193083442868	0.876	0.996	0.9496
GC_00003242	6	6	1	0	0.906801007556675	0.957655010285043	0.931534474300372	0.771084337349398	0.927710843373494	0.858634538152611
GC_00003243	6	6	1	0	0.974521774521775	1.0	0.98709650822443	0.945054945054945	0.992673992673993	0.963614163614164
GC_00003244	6	6	1	0	0.782996303544249	0.973638583638583	0.867972528087132	0.533333333333333	0.933333333333333	0.730793650793651
GC_00003245	5	6	2	0	0.794938016528926	0.723838266416288	0.757723915304854	0.268867924528302	0.726415094339623	0.562264150943396
GC_00003246	6	6	1	0	0.960690235690236	1.0	0.979951058257846	0.909090909090909	0.981060606060606	0.947222222222222
GC_00003247	6	6	1	0	0.97171031361138	0.95579513079513	0.963687017319046	0.888888888888889	0.986111111111111	0.927314814814815
GC_00003248	4	6	2	0	0.954257246376812	0.840614711096635	0.893838333297133	0.108108108108108	0.990990990990991	0.694094094094094
GC_00003249	6	6	1	0	0.797445508815771	0.994202898550725	0.885020334392784	0.608695652173913	0.993788819875776	0.761904761904762
GC_00003250	5	6	2	0	0.982207323362558	0.799867278190533	0.8817088775881	0.00514668039114771	0.984045290787442	0.650506090238463
GC_00003251	6	6	1	0	0.959445478998552	0.940623775715933	0.949941405356628	0.87117903930131	0.965065502183406	0.907860262008734
GC_00003252	2	6	5	0	0.477864583333333	0.692453086570735	0.56548544758643	0.0225225225225225	0.995495495495496	0.565165165165165
GC_00003253	4	6	3	0	0.951983298538622	0.576155047304123	0.7178538303085	0.00523560209424084	0.984293193717278	0.427923211169285
GC_00003254	6	6	1	0	0.974408602150538	1.0	0.9870384489707	0.948387096774194	0.996774193548387	0.969677419354839
GC_00003255	6	6	1	0	0.992799379638861	0.969738755217861	0.981133581551873	0.93719806763285	0.995169082125604	0.96231884057971
GC_00003256	5	5	1	0	1.0	1.0	1.0	1.0	1.0	1.0
GC_00003257	5	5	1	0	1.0	1.0	1.0	1.0	1.0	1.0
GC_00003258	5	5	1	0	1.0	1.0	1.0	1.0	1.0	1.0
GC_00003259	5	5	1	0	1.0	1.0	1.0	1.0	1.0	1.0
GC_00003260	5	5	1	0	1.0	1.0	1.0	1.0	1.0	1.0
GC_00003261	5	5	1	0	1.0	1.0	1.0	1.0	1.0	1.0
GC_00003262	5	5	1	0	1.0	1.0	1.0	1.0	1.0	1.0
GC_00003263	5	5	1	0	1.0	1.0	1.0	1.0	1.0	1.0
GC_00003264	5	5	1	0	1.0	1.0	1.0	1.0	1.0	1.0
GC_00003265	5	5	1	0	1.0	1.0	1.0	1.0	1.0	1.0
GC_00003266	5	5	1	0	1.0	1.0	1.0	1.0	1.0	1.0
GC_00003267	5	5	1	0	1.0	1.0	1.0	1.0	1.0	1.0
GC_00003268	5	5	1	0	1.0	1.0	1.0	1.0	1.0	1.0
GC_00003269	5	5	1	0	1.0	1.0	1.0	1.0	1.0	1.0
GC_00003270	5	5	1	0	1.0	1.0	1.0	1.0	1.0	1.0
GC_00003271	5	5	1	0	1.0	1.0	1.0	1.0	1.0	1.0
GC_00003272	5	5	1	0	1.0	1.0	1.0	1.0	1.0	1.0
GC_00003273	5	5	1	0	1.0	1.0	1.0	1.0	1.0	1.0
GC_00003274	5	5	1	0	1.0	1.0	1.0	1.0	1.0	1.0
GC_00003275	5	5	1	0	1.0	1.0	1.0	1.0	1.0	1.0
GC_00003276	5	5	1	0	1.0	1.0	1.0	1.0	1.0	1.0
GC_00003277	5	5	1	0	0.980952380952381	1.0	0.990384615384615	0.938775510204082	1.0	0.975510204081633
GC_00003278	5	5	1	0	0.951724137931034	1.0	0.975265017667844	0.844827586206897	1.0	0.937931034482759
GC_00003279	5	5	1	0	0.999520383693046	1.0	0.999760134324778	0.996402877697842	1.0	0.998561151079137
GC_00003280	5	5	1	0	0.998982188295165	1.0	0.99949083503055	0.997455470737914	1.0	0.998982188295165
GC_00003281	5	5	1	0	0.932275132275132	0.72043010752688	0.812775391055298	0.460829493087558	1.0	0.784331797235023
GC_00003282	5	5	1	0	1.0	0.822745098039216	0.902753872633391	0.341176470588235	1.0	0.736470588235294
GC_00003283	5	5	1	0	0.98989898989899	1.0	0.99492385786802	0.96969696969697	1.0	0.987878787878788
GC_00003284	5	5	1	0	0.986324786324786	1.0	0.993115318416523	0.948717948717949	1.0	0.97948717948718
GC_00003285	5	5	1	0	0.950144927536232	0.967070217917675	0.958532863987255	0.823529411764706	1.0	0.929411764705882
GC_00003286	5	5	1	0	0.999057048561999	0.896521739130434	0.945016233018377	0.68944099378882	1.0	0.875776397515528
GC_00003287	5	5	1	0	0.998863636363636	1.0	0.999431495167709	0.997159090909091	1.0	0.998863636363636
GC_00003288	5	5	1	0	0.998709677419355	1.0	0.999354422207876	0.996774193548387	1.0	0.998709677419355
GC_00003289	5	5	1	0	0.974229691876751	1.0	0.98694665153235	0.907563025210084	1.0	0.963025210084034
GC_00003290	5	5	1	0	0.996825396825397	1.0	0.998410174880763	0.992063492063492	1.0	0.996825396825397
GC_00003291	5	5	1	0	0.99910514541387	1.0	0.999552372426141	0.993288590604027	1.0	0.997315436241611
GC_00003292	5	5	1	0	0.999148029818956	1.0	0.999573833368847	0.996805111821086	1.0	0.998722044728435
GC_00003293	5	5	1	0	0.973333333333333	1.0	0.986486486486487	0.909090909090909	1.0	0.963636363636364
GC_00003294	5	5	1	0	0.997638446097532	0.837070629462362	0.910328349246183	0.425444596443228	1.0	0.770177838577291
GC_00003295	5	5	1	0	0.989029535864979	1.0	0.994484514212983	0.968354430379747	1.0	0.987341772151899
GC_00003296	5	5	1	0	0.986666666666667	1.0	0.993288590604027	0.966666666666667	1.0	0.986666666666667
GC_00003297	5	5	1	0	0.945181255526083	0.875707057412771	0.909118796707054	0.572519083969466	1.0	0.829007633587786
GC_00003298	5	5	1	0	0.900687285223368	0.901115525186715	0.900901354314493	0.6	1.0	0.84
GC_00003299	5	5	1	0	0.999080459770115	1.0	0.999540018399264	0.993103448275862	1.0	0.997241379310345
GC_00003300	5	5	1	0	0.984313725490196	1.0	0.992094861660079	0.92156862745098	1.0	0.968627450980392
GC_00003301	5	5	1	0	1.0	0.933882783882785	0.965811156359504	0.819047619047619	1.0	0.927619047619048
GC_00003302	5	5	1	0	0.976470588235294	1.0	0.988095238095238	0.941176470588235	1.0	0.976470588235294
GC_00003303	5	5	1	0	0.994968553459119	1.0	0.997477931904161	0.962264150943396	1.0	0.984905660377358
GC_00003304	5	5	1	0	0.99864406779661	0.784011417834946	0.878406801332448	0.720588235294118	1.0	0.888235294117647
GC_00003305	5	5	1	0	0.998620689655172	1.0	0.999309868875086	0.996551724137931	1.0	0.998620689655172
GC_00003306	5	5	1	0	0.994117647058824	1.0	0.997050147492625	0.985294117647059	1.0	0.994117647058824
GC_00003307	5	5	1	0	0.99400479616307	1.0	0.996993385447986	0.985611510791367	1.0	0.992086330935252
GC_00003308	5	5	1	0	0.927864583333333	1.0	0.962582736728353	0.7890625	1.0	0.89921875
GC_00003309	3	5	3	0	0.990114303367315	0.592304173813609	0.74120574663887	0.120754716981132	0.977358490566038	0.483018867924528
GC_00003310	5	5	1	0	0.986111111111111	0.993103448275861	0.98959492813241	0.958620689655172	1.0	0.975172413793103
GC_00003311	4	5	2	0	0.948395061728395	0.99264705882353	0.970016630406519	0.830882352941177	1.0	0.930147058823529
GC_00003312	5	5	1	0	0.972156862745098	1.0	0.985881885066614	0.908823529411765	1.0	0.963529411764706
GC_00003313	5	5	1	0	0.911081322609473	0.994690476190478	0.951051868020423	0.737777777777778	1.0	0.891111111111111
GC_00003314	5	5	1	0	0.961471861471861	1.0	0.980357536967557	0.896103896103896	1.0	0.954545454545454
GC_00003315	5	5	1	0	0.997101449275362	1.0	0.998548621190131	0.985507246376812	1.0	0.991304347826087
GC_00003316	5	5	1	0	0.986274509803922	1.0	0.993089832181639	0.955882352941177	1.0	0.982352941176471
GC_00003317	5	5	1	0	0.995192307692308	1.0	0.997590361445783	0.990384615384615	1.0	0.993269230769231
GC_00003318	5	5	1	0	0.998324958123953	1.0	0.999161777032691	0.987437185929648	1.0	0.994974874371859
GC_00003319	5	5	1	0	0.991637630662021	1.0	0.995801259622113	0.975609756097561	1.0	0.988850174216028
GC_00003320	3	5	2	0	0.86239396795476	0.607762708458909	0.713027260470478	0.177215189873418	1.0	0.451898734177215
GC_00003321	5	5	1	0	0.92866739953585	0.999633699633689	0.962844680975415	0.771978021978022	1.0	0.908058608058608
GC_00003322	4	5	2	0	0.980838323353293	1.0	0.990326481257558	0.958083832335329	1.0	0.976047904191617
GC_00003323	4	5	2	0	0.994909446891826	0.749233458132972	0.854768772990338	0.0687285223367698	1.0	0.586941580756014
GC_00003324	5	5	1	0	0.975965665236052	0.922572178477689	0.948518116589107	0.84251968503937	1.0	0.903937007874016
GC_00003325	5	5	1	0	0.974973711882229	1.0	0.987328293046534	0.930599369085173	1.0	0.971608832807571
GC_00003326	5	5	1	0	0.989722222222222	1.0	0.994834566522407	0.966666666666667	1.0	0.9825
GC_00003327	3	5	2	0	0.81107713217805	0.671103413437257	0.734480874918818	0.102013422818792	1.0	0.547651006711409
GC_00003328	5	5	1	0	0.99570123589468	0.965058290155442	0.980140317516547	0.932642487046632	1.0	0.96580310880829
GC_00003329	5	5	1	0	0.895940959409594	0.981947529884693	0.936974710724587	0.644927536231884	1.0	0.854347826086957
GC_00003330	4	5	2	0	0.993135268962413	0.714557382636108	0.831123958669149	0.0164948453608247	1.0	0.605979381443299
GC_00003331	5	5	1	0	0.986593955919109	0.813520678685047	0.891737191817646	0.710027100271003	1.0	0.826016260162602
GC_00003332	3	5	3	0	0.936614466815809	0.631622560812617	0.754460987213107	0.0114942528735632	1.0	0.506896551724138
GC_00003333	4	5	2	0	0.962902345881069	0.795528455284553	0.871249770307555	0.51219512195122	1.0	0.736585365853659
GC_00003334	5	5	1	0	0.919686800894855	1.0	0.958163384220953	0.832214765100671	1.0	0.889261744966443
GC_00003335	5	5	1	0	0.920432070591815	0.998179756815515	0.957730633434152	0.740318906605923	1.0	0.895671981776765
GC_00003336	5	5	1	0	0.977575757575758	1.0	0.988660741648789	0.918181818181818	1.0	0.965454545454546
GC_00003337	5	5	1	0	0.952276867030965	0.978885630498532	0.965397932680738	0.834224598930481	1.0	0.93048128342246
GC_00003338	5	5	1	0	0.935449735449735	0.674872811611552	0.784078437250147	0.23780487804878	1.0	0.58109756097561
GC_00003339	5	5	1	0	0.981182795698925	1.0	0.990502035278155	0.951612903225806	1.0	0.975806451612903
GC_00003340	5	5	1	0	0.991769547325103	1.0	0.995867768595041	0.975308641975309	1.0	0.988477366255144
GC_00003341	5	5	1	0	0.906293706293706	0.697796825396825	0.788495235942055	0.333333333333333	1.0	0.586507936507936
GC_00003342	4	5	2	0	0.861559139784946	0.955308328035601	0.906015035118722	0.53021978021978	1.0	0.807692307692308
GC_00003343	4	5	2	0	0.929002484913028	0.868255528255528	0.8976023891715	0.603603603603604	1.0	0.790990990990991
GC_00003344	5	5	1	0	0.789194404245055	0.838016415868673	0.812872994567269	0.372093023255814	1.0	0.622093023255814
GC_00003345	4	5	2	0	0.979051139864449	0.608779202985851	0.750742641105028	0.0800970873786408	0.980582524271845	0.412621359223301
GC_00003346	2	5	3	0	0.671962341865254	0.605122673034784	0.636793390798722	0.0813492063492064	0.807539682539683	0.445833333333333
GC_00003347	5	5	1	0	0.947808535178777	0.99655172413793	0.97156915788537	0.862068965517241	0.991379310344828	0.931896551724138
GC_00003348	4	5	2	0	0.881609195402299	1.0	0.937080024434942	0.758620689655172	0.931034482758621	0.858620689655172
GC_00003349	4	5	2	0	0.892788461538462	0.738132038917631	0.808127394625586	0.436482084690554	0.957654723127036	0.643973941368078
GC_00003350	5	5	1	0	0.605537280701754	0.850842911877394	0.707531049636408	0.351724137931034	0.648275862068965	0.524827586206897
GC_00003351	4	5	2	0	0.966744006187162	0.724333333333334	0.828164262055717	0.0844444444444444	0.977777777777778	0.557777777777778
GC_00003352	4	5	2	0	0.865869853917663	0.593532851737185	0.704291148204235	0.222222222222222	0.988304093567251	0.384795321637427
GC_00003353	5	5	1	0	0.953882989798043	0.982363378952333	0.967913724313836	0.861963190184049	0.996932515337423	0.932208588957055
GC_00003354	5	5	1	0	0.974046278924328	0.937416550225121	0.955380443317497	0.868421052631579	0.982456140350877	0.918421052631579
GC_00003355	5	5	1	0	0.984848484848485	1.0	0.99236641221374	0.972027972027972	0.993006993006993	0.981118881118881
GC_00003356	5	5	1	0	0.898550724637681	0.977212389380532	0.936232186293297	0.805309734513274	0.946902654867257	0.870796460176991
GC_00003357	4	5	2	0	0.789855072463768	0.978372255904044	0.874064410934026	0.593457943925234	0.992990654205608	0.734345794392523
GC_00003358	4	5	2	0	0.83500508794883	0.671544742981863	0.744407208659985	0.0290697674418605	0.996124031007752	0.436627906976744
GC_00003359	5	5	1	0	0.97106357694593	1.0	0.985319386247852	0.92156862745098	0.994652406417112	0.964527629233512
GC_00003360	5	5	1	0	0.981606905710491	1.0	0.990718091344704	0.958167330677291	0.99601593625498	0.976693227091634
GC_00003361	5	5	1	0	0.964738292011019	1.0	0.982052720134605	0.900826446280992	0.991735537190083	0.953719008264463
GC_00003362	5	5	1	0	0.908256393929746	0.990892599957143	0.947776654181085	0.692429022082019	0.998422712933754	0.874605678233438
GC_00003363	4	4	1	0	1.0	1.0	1.0	1.0	1.0	1.0
GC_00003364	4	4	1	0	1.0	1.0	1.0	1.0	1.0	1.0
GC_00003365	4	4	1	0	1.0	1.0	1.0	1.0	1.0	1.0
GC_00003366	4	4	1	0	1.0	1.0	1.0	1.0	1.0	1.0
GC_00003367	4	4	1	0	1.0	1.0	1.0	1.0	1.0	1.0
GC_00003368	4	4	1	0	1.0	1.0	1.0	1.0	1.0	1.0
GC_00003369	4	4	1	0	1.0	1.0	1.0	1.0	1.0	1.0
GC_00003370	4	4	1	0	1.0	1.0	1.0	1.0	1.0	1.0
GC_00003371	4	4	1	0	1.0	1.0	1.0	1.0	1.0	1.0
GC_00003372	4	4	1	0	1.0	1.0	1.0	1.0	1.0	1.0
GC_00003373	4	4	1	0	1.0	1.0	1.0	1.0	1.0	1.0
GC_00003374	4	4	1	0	1.0	1.0	1.0	1.0	1.0	1.0
GC_00003375	4	4	1	0	1.0	1.0	1.0	1.0	1.0	1.0
GC_00003376	4	4	1	0	1.0	1.0	1.0	1.0	1.0	1.0
GC_00003377	4	4	1	0	1.0	1.0	1.0	1.0	1.0	1.0
GC_00003378	4	4	1	0	1.0	1.0	1.0	1.0	1.0	1.0
GC_00003379	4	4	1	0	1.0	1.0	1.0	1.0	1.0	1.0
GC_00003380	4	4	1	0	1.0	1.0	1.0	1.0	1.0	1.0
GC_00003381	4	4	1	0	1.0	1.0	1.0	1.0	1.0	1.0
GC_00003382	2	4	2	0	1.0	1.0	1.0	1.0	1.0	1.0
GC_00003383	4	4	1	0	1.0	1.0	1.0	1.0	1.0	1.0
GC_00003384	4	4	1	0	1.0	1.0	1.0	1.0	1.0	1.0
GC_00003385	4	4	1	0	1.0	1.0	1.0	1.0	1.0	1.0
GC_00003386	4	4	1	0	1.0	1.0	1.0	1.0	1.0	1.0
GC_00003387	4	4	1	0	1.0	1.0	1.0	1.0	1.0	1.0
GC_00003388	4	4	1	0	1.0	1.0	1.0	1.0	1.0	1.0
GC_00003389	4	4	1	0	1.0	1.0	1.0	1.0	1.0	1.0
GC_00003390	4	4	1	0	1.0	1.0	1.0	1.0	1.0	1.0
GC_00003391	4	4	1	0	1.0	1.0	1.0	1.0	1.0	1.0
GC_00003392	4	4	1	0	1.0	1.0	1.0	1.0	1.0	1.0
GC_00003393	4	4	1	0	1.0	1.0	1.0	1.0	1.0	1.0
GC_00003394	4	4	1	0	1.0	1.0	1.0	1.0	1.0	1.0
GC_00003395	4	4	1	0	1.0	1.0	1.0	1.0	1.0	1.0
GC_00003396	4	4	1	0	1.0	1.0	1.0	1.0	1.0	1.0
GC_00003397	4	4	1	0	1.0	1.0	1.0	1.0	1.0	1.0
GC_00003398	4	4	1	0	1.0	1.0	1.0	1.0	1.0	1.0
GC_00003399	4	4	1	0	1.0	1.0	1.0	1.0	1.0	1.0
GC_00003400	4	4	1	0	1.0	1.0	1.0	1.0	1.0	1.0
GC_00003401	4	4	1	0	1.0	1.0	1.0	1.0	1.0	1.0
GC_00003402	4	4	1	0	1.0	1.0	1.0	1.0	1.0	1.0
GC_00003403	4	4	1	0	1.0	1.0	1.0	1.0	1.0	1.0
GC_00003404	4	4	1	0	1.0	1.0	1.0	1.0	1.0	1.0
GC_00003405	4	4	1	0	1.0	1.0	1.0	1.0	1.0	1.0
GC_00003406	4	4	1	0	1.0	1.0	1.0	1.0	1.0	1.0
GC_00003407	4	4	1	0	1.0	1.0	1.0	1.0	1.0	1.0
GC_00003408	4	4	1	0	1.0	1.0	1.0	1.0	1.0	1.0
GC_00003409	4	4	1	0	1.0	1.0	1.0	1.0	1.0	1.0
GC_00003410	4	4	1	0	1.0	1.0	1.0	1.0	1.0	1.0
GC_00003411	4	4	1	0	1.0	1.0	1.0	1.0	1.0	1.0
GC_00003412	4	4	1	0	1.0	1.0	1.0	1.0	1.0	1.0
GC_00003413	4	4	1	0	1.0	1.0	1.0	1.0	1.0	1.0
GC_00003414	4	4	1	0	1.0	1.0	1.0	1.0	1.0	1.0
GC_00003415	4	4	1	0	1.0	1.0	1.0	1.0	1.0	1.0
GC_00003416	4	4	1	0	1.0	1.0	1.0	1.0	1.0	1.0
GC_00003417	4	4	1	0	1.0	1.0	1.0	1.0	1.0	1.0
GC_00003418	4	4	1	0	1.0	1.0	1.0	1.0	1.0	1.0
GC_00003419	4	4	1	0	1.0	1.0	1.0	1.0	1.0	1.0
GC_00003420	4	4	1	0	1.0	1.0	1.0	1.0	1.0	1.0
GC_00003421	4	4	1	0	1.0	1.0	1.0	1.0	1.0	1.0
GC_00003422	4	4	1	0	1.0	1.0	1.0	1.0	1.0	1.0
GC_00003423	4	4	1	0	1.0	1.0	1.0	1.0	1.0	1.0
GC_00003424	4	4	1	0	1.0	1.0	1.0	1.0	1.0	1.0
GC_00003425	4	4	1	0	1.0	1.0	1.0	1.0	1.0	1.0
GC_00003426	4	4	1	0	1.0	1.0	1.0	1.0	1.0	1.0
GC_00003427	4	4	1	0	1.0	1.0	1.0	1.0	1.0	1.0
GC_00003428	4	4	1	0	1.0	1.0	1.0	1.0	1.0	1.0
GC_00003429	4	4	1	0	1.0	1.0	1.0	1.0	1.0	1.0
GC_00003430	4	4	1	0	1.0	1.0	1.0	1.0	1.0	1.0
GC_00003431	4	4	1	0	1.0	1.0	1.0	1.0	1.0	1.0
GC_00003432	4	4	1	0	1.0	1.0	1.0	1.0	1.0	1.0
GC_00003433	4	4	1	0	1.0	1.0	1.0	1.0	1.0	1.0
GC_00003434	4	4	1	0	1.0	1.0	1.0	1.0	1.0	1.0
GC_00003435	4	4	1	0	1.0	1.0	1.0	1.0	1.0	1.0
GC_00003436	4	4	1	0	0.9921875	1.0	0.996078431372549	0.984375	1.0	0.9921875
GC_00003437	4	4	1	0	0.992408557625949	0.756403498609826	0.858481392968387	0.149038461538462	1.0	0.574519230769231
GC_00003438	4	4	1	0	0.98	0.875718390804597	0.924929156536954	0.813793103448276	1.0	0.906896551724138
GC_00003439	4	4	1	0	0.997340425531915	1.0	0.99866844207723	0.99468085106383	1.0	0.997340425531915
GC_00003440	4	4	1	0	1.0	0.986111111111111	0.993006993006993	0.972222222222222	1.0	0.986111111111111
GC_00003441	4	4	1	0	0.997668997668998	1.0	0.998833138856476	0.986013986013986	1.0	0.993006993006993
GC_00003442	4	4	1	0	0.996774193548387	1.0	0.998384491114701	0.993548387096774	1.0	0.996774193548387
GC_00003443	4	4	1	0	1.0	0.93576413616294	0.966816275476418	0.932773109243697	1.0	0.966386554621849
GC_00003444	4	4	1	0	0.998655913978495	1.0	0.999327505043712	0.991935483870968	1.0	0.995967741935484
GC_00003445	4	4	1	0	0.998263888888889	1.0	0.999131190269331	0.996527777777778	1.0	0.998263888888889
GC_00003446	4	4	1	0	0.987951807228916	1.0	0.993939393939394	0.975903614457831	1.0	0.987951807228916
GC_00003447	4	4	1	0	0.962324393358876	1.0	0.980800520663846	0.911877394636015	1.0	0.95338441890166
GC_00003448	4	4	1	0	0.995495495495496	1.0	0.997742663656885	0.990990990990991	1.0	0.995495495495495
GC_00003449	4	4	1	0	0.993975903614458	1.0	0.996978851963746	0.987951807228916	1.0	0.993975903614458
GC_00003450	4	4	1	0	0.995884773662551	1.0	0.997938144329897	0.975308641975309	1.0	0.987654320987654
GC_00003451	4	4	1	0	0.973958333333333	1.0	0.986807387862797	0.9375	1.0	0.96875
GC_00003452	4	4	1	0	1.0	0.903272641657509	0.949178401335999	0.895306859205776	1.0	0.947653429602888
GC_00003453	4	4	1	0	0.998245614035088	1.0	0.999122036874451	0.989473684210526	1.0	0.994736842105263
GC_00003454	4	4	1	0	0.976470588235294	1.0	0.988095238095238	0.952941176470588	1.0	0.976470588235294
GC_00003455	4	4	1	0	0.988745980707395	0.752044214226252	0.854302484348265	0.0789473684210526	1.0	0.539473684210526
GC_00003456	4	4	1	0	0.993827160493827	1.0	0.996904024767802	0.987654320987654	1.0	0.993827160493827
GC_00003457	4	4	1	0	0.998316498316498	1.0	0.999157540016849	0.98989898989899	1.0	0.994949494949495
GC_00003458	4	4	1	0	0.990654205607477	1.0	0.995305164319249	0.981308411214953	1.0	0.990654205607477
GC_00003459	4	4	1	0	0.999287749287749	1.0	0.999643747773424	0.998575498575499	1.0	0.999287749287749
GC_00003460	4	4	1	0	1.0	0.958454489382324	0.97878658358266	0.948717948717949	1.0	0.965811965811966
GC_00003461	4	4	1	0	0.995402298850575	1.0	0.997695852534562	0.993103448275862	1.0	0.995402298850575
GC_00003462	4	4	1	0	0.945707997065297	0.992013330268902	0.968307389093287	0.882096069868996	1.0	0.926491994177584
GC_00003463	4	4	1	0	0.986707566462168	1.0	0.993309315491508	0.98159509202454	1.0	0.986707566462168
GC_00003464	4	4	1	0	0.861111111111111	1.0	0.925373134328358	0.727272727272727	1.0	0.820707070707071
GC_00003465	4	4	1	0	0.978593272171254	1.0	0.989180834621329	0.963302752293578	1.0	0.978593272171254
GC_00003466	4	4	1	0	0.990049751243781	1.0	0.995	0.985074626865672	1.0	0.990049751243781
GC_00003467	4	4	1	0	0.990049751243781	1.0	0.995	0.985074626865672	1.0	0.990049751243781
GC_00003468	4	4	1	0	0.894616265750286	0.65383678725363	0.755506308555197	0.0656934306569343	1.0	0.377128953771289
GC_00003469	4	4	1	0	0.978494623655914	1.0	0.989130434782609	0.935483870967742	1.0	0.967741935483871
GC_00003470	4	4	1	0	0.795902285263987	0.992982719009088	0.883586383025365	0.591549295774648	1.0	0.753521126760563
GC_00003471	4	4	1	0	0.923050379572119	0.794837758112094	0.854159567470611	0.323008849557522	1.0	0.637905604719764
GC_00003472	4	4	1	0	0.997086247086247	1.0	0.998540997957397	0.993006993006993	1.0	0.995920745920746
GC_00003473	2	4	2	0	0.933759078387178	0.992572974455174	0.962268186828674	0.863534675615213	1.0	0.909395973154362
GC_00003474	4	4	1	0	0.910767910767911	0.996153846153849	0.951549222165789	0.815384615384615	1.0	0.892948717948718
GC_00003475	4	4	1	0	0.95201037613489	0.960498260576816	0.956235483360571	0.805970149253731	1.0	0.902985074626866
GC_00003476	4	4	1	0	0.99672131147541	1.0	0.998357963875205	0.99344262295082	1.0	0.99672131147541
GC_00003477	4	4	1	0	0.997171238734294	1.0	0.998583616061135	0.994671403197158	1.0	0.996052891257154
GC_00003478	4	4	1	0	0.888888888888889	1.0	0.941176470588235	0.726027397260274	1.0	0.844748858447489
GC_00003479	4	4	1	0	0.993670886075949	0.74718701039738	0.852979419158902	0.65546218487395	1.0	0.827731092436975
GC_00003480	4	4	1	0	0.817901234567901	0.900619834710745	0.857269762768116	0.586776859504132	1.0	0.756198347107438
GC_00003481	4	4	1	0	0.99512012012012	1.0	0.99755409219191	0.988175675675676	1.0	0.991554054054054
GC_00003482	4	4	1	0	0.930348258706468	1.0	0.963917525773196	0.835820895522388	1.0	0.915422885572139
GC_00003483	4	4	1	0	0.997416020671835	1.0	0.998706338939198	0.994832041343669	1.0	0.997416020671835
GC_00003484	4	4	1	0	0.950377562028047	1.0	0.974557522123894	0.902912621359223	1.0	0.938511326860841
GC_00003485	4	4	1	0	0.995061728395062	1.0	0.997524752475247	0.988888888888889	1.0	0.990740740740741
GC_00003486	4	4	1	0	0.984341484341484	1.0	0.992108961193385	0.965250965250965	1.0	0.978764478764479
GC_00003487	4	4	1	0	1.0	0.774390243902439	0.872852233676976	0.658536585365854	1.0	0.774390243902439
GC_00003488	4	4	1	0	0.91510120867919	0.99869109947644	0.955070650387127	0.793193717277487	1.0	0.887434554973822
GC_00003489	4	4	1	0	0.888401559454191	1.0	0.940903225806452	0.789473684210526	1.0	0.861111111111111
GC_00003490	4	4	1	0	0.750555555555556	0.990099009900991	0.853844671054919	0.633663366336634	1.0	0.702970297029703
GC_00003491	4	4	1	0	0.971358024691358	1.0	0.985470941883767	0.942222222222222	1.0	0.958518518518519
GC_00003492	4	4	1	0	0.826646090534979	0.940389016018307	0.879856773406021	0.504347826086956	1.0	0.734782608695652
GC_00003493	4	4	1	0	0.98743216223936	1.0	0.993676343776947	0.976863753213368	0.997429305912596	0.985432733504713
GC_00003494	4	4	1	0	0.978494623655914	1.0	0.989130434782609	0.967741935483871	0.978494623655914	0.971326164874552
GC_00003495	3	4	2	0	0.859722222222222	1.0	0.924570575056012	0.7625	0.8625	0.804166666666667
GC_00003496	4	4	1	0	0.86884830035515	0.982244576414979	0.922073161710078	0.739910313901345	0.986547085201794	0.83034379671151
GC_00003497	3	4	2	0	0.741734417344173	0.84795918367347	0.791297782957738	0.395918367346939	0.759183673469388	0.582993197278912
GC_00003498	2	4	3	0	0.777777777777778	0.697979797979798	0.735721347630999	0.381818181818182	0.836363636363636	0.542424242424242
GC_00003499	4	4	1	0	0.963636363636364	1.0	0.981481481481482	0.931818181818182	0.986363636363636	0.95
GC_00003500	4	4	1	0	0.860633989666248	0.74507776200901	0.798697831364068	0.0392422192151556	0.989174560216509	0.448804691023906
GC_00003501	4	4	1	0	0.968586387434555	0.765114379084967	0.854910359069506	0.222222222222222	0.993464052287582	0.60239651416122
GC_00003502	4	4	1	0	0.915598290598291	1.0	0.955939765755717	0.846153846153846	0.923076923076923	0.875
GC_00003503	4	4	1	0	0.971280602636535	1.0	0.985431096250299	0.932203389830508	0.983050847457627	0.959039548022599
GC_00003504	4	4	1	0	0.785950023573786	0.976848380037033	0.871062744038678	0.640883977900553	0.980662983425414	0.715469613259669
GC_00003505	3	4	2	0	0.959150326797386	0.695292207792207	0.806180612962786	0.0155844155844156	0.997402597402597	0.505194805194805
GC_00003506	4	4	1	0	0.885925925925926	0.821388577827548	0.852437479746173	0.6	0.968421052631579	0.782456140350877
GC_00003507	3	4	2	0	0.991253644314869	0.641647597254005	0.77902509098813	0.00869565217391304	0.982608695652174	0.494202898550725
GC_00003508	3	4	2	0	0.808580858085809	0.971342383107088	0.882519919343787	0.596153846153846	0.942307692307692	0.737179487179487
GC_00003509	4	4	1	0	0.996345919610231	0.977866803045803	0.987019876790388	0.95	0.995238095238095	0.973809523809524
GC_00003510	4	4	1	0	0.98165818490246	1.0	0.990744208442566	0.971374045801527	0.994274809160305	0.978689567430025
GC_00003511	4	4	1	0	0.930811179277437	1.0	0.964165931156222	0.889570552147239	0.94478527607362	0.917177914110429
GC_00003512	2	4	2	0	0.817356475300401	0.983133378043831	0.892613119852388	0.625196850393701	0.998425196850394	0.750131233595801
GC_00003513	4	4	1	0	0.913194444444444	0.827966101694915	0.868494345260226	0.683333333333333	0.933333333333333	0.808333333333333
GC_00003514	3	3	1	0	0.973180076628352	1.0	0.986407766990291	0.948275862068966	0.982758620689655	0.96551724137931
GC_00003515	3	3	1	0	0.856	0.769530488992791	0.810465387193055	0.406779661016949	1.0	0.604519774011299
GC_00003516	3	3	1	0	1.0	1.0	1.0	1.0	1.0	1.0
GC_00003517	3	3	1	0	1.0	1.0	1.0	1.0	1.0	1.0
GC_00003518	3	3	1	0	1.0	1.0	1.0	1.0	1.0	1.0
GC_00003519	3	3	1	0	1.0	1.0	1.0	1.0	1.0	1.0
GC_00003520	3	3	1	0	1.0	1.0	1.0	1.0	1.0	1.0
GC_00003521	3	3	1	0	1.0	1.0	1.0	1.0	1.0	1.0
GC_00003522	3	3	1	0	1.0	1.0	1.0	1.0	1.0	1.0
GC_00003523	2	3	2	0	1.0	1.0	1.0	1.0	1.0	1.0
GC_00003524	3	3	1	0	1.0	1.0	1.0	1.0	1.0	1.0
GC_00003525	3	3	1	0	1.0	1.0	1.0	1.0	1.0	1.0
GC_00003526	3	3	1	0	1.0	1.0	1.0	1.0	1.0	1.0
GC_00003527	3	3	1	0	1.0	1.0	1.0	1.0	1.0	1.0
GC_00003528	3	3	1	0	1.0	1.0	1.0	1.0	1.0	1.0
GC_00003529	3	3	1	0	1.0	1.0	1.0	1.0	1.0	1.0
GC_00003530	3	3	1	0	1.0	1.0	1.0	1.0	1.0	1.0
GC_00003531	3	3	1	0	1.0	1.0	1.0	1.0	1.0	1.0
GC_00003532	3	3	1	0	1.0	1.0	1.0	1.0	1.0	1.0
GC_00003533	3	3	1	0	1.0	1.0	1.0	1.0	1.0	1.0
GC_00003534	3	3	1	0	1.0	1.0	1.0	1.0	1.0	1.0
GC_00003535	3	3	1	0	1.0	1.0	1.0	1.0	1.0	1.0
GC_00003536	3	3	1	0	1.0	1.0	1.0	1.0	1.0	1.0
GC_00003537	3	3	1	0	1.0	1.0	1.0	1.0	1.0	1.0
GC_00003538	3	3	1	0	1.0	1.0	1.0	1.0	1.0	1.0
GC_00003539	3	3	1	0	1.0	1.0	1.0	1.0	1.0	1.0
GC_00003540	3	3	1	0	1.0	1.0	1.0	1.0	1.0	1.0
GC_00003541	3	3	1	0	1.0	1.0	1.0	1.0	1.0	1.0
GC_00003542	3	3	1	0	1.0	1.0	1.0	1.0	1.0	1.0
GC_00003543	3	3	1	0	1.0	1.0	1.0	1.0	1.0	1.0
GC_00003544	3	3	1	0	1.0	1.0	1.0	1.0	1.0	1.0
GC_00003545	3	3	1	0	1.0	1.0	1.0	1.0	1.0	1.0
GC_00003546	3	3	1	0	1.0	1.0	1.0	1.0	1.0	1.0
GC_00003547	3	3	1	0	1.0	1.0	1.0	1.0	1.0	1.0
GC_00003548	3	3	1	0	1.0	1.0	1.0	1.0	1.0	1.0
GC_00003549	3	3	1	0	1.0	1.0	1.0	1.0	1.0	1.0
GC_00003550	3	3	1	0	0.986254295532646	1.0	0.993079584775087	0.979381443298969	1.0	0.986254295532646
GC_00003551	3	3	1	0	0.998116760828625	1.0	0.999057492931197	0.997175141242938	1.0	0.998116760828625
GC_00003552	2	3	2	0	0.968253968253968	1.0	0.983870967741935	0.952380952380952	1.0	0.968253968253968
GC_00003553	3	3	1	0	1.0	0.978494623655914	0.989130434782608	0.967741935483871	1.0	0.978494623655914
GC_00003554	3	3	1	0	0.808966861598441	0.936612021857924	0.868122426363798	0.557377049180328	1.0	0.704918032786885
GC_00003555	3	3	1	0	0.984012789768185	1.0	0.991941982272361	0.971223021582734	1.0	0.980815347721823
GC_00003556	3	3	1	0	0.866666666666667	0.877961700746511	0.87227762067768	0.607594936708861	1.0	0.738396624472574
GC_00003557	3	3	1	0	0.97411003236246	1.0	0.986885245901639	0.961165048543689	1.0	0.97411003236246
GC_00003558	3	3	1	0	0.994152046783626	1.0	0.997067448680352	0.986842105263158	1.0	0.991228070175439
GC_00003559	3	3	1	0	0.971731448763251	0.99298245614035	0.982242023424878	0.947368421052632	1.0	0.964912280701754
GC_00003560	3	3	1	0	0.981981981981982	0.921487603305785	0.950773503354129	0.892561983471074	1.0	0.928374655647383
GC_00003561	2	3	2	0	0.873916469661151	1.0	0.932716568544996	0.773049645390071	1.0	0.848699763593381
GC_00003562	3	3	1	0	0.823178016726404	0.974234241662202	0.892358675240609	0.654450261780105	1.0	0.769633507853403
GC_00003563	3	3	1	0	1.0	0.988481741661918	0.994207511139401	0.982608695652174	1.0	0.988405797101449
GC_00003564	3	3	1	0	0.989071038251366	1.0	0.994505494505495	0.983606557377049	1.0	0.989071038251366
GC_00003565	3	3	1	0	0.991666666666667	1.0	0.99581589958159	0.9875	1.0	0.991666666666667
GC_00003566	3	3	1	0	0.989501312335958	0.702210938326458	0.821461977045588	0.427536231884058	1.0	0.618357487922705
GC_00003567	3	3	1	0	0.737108190091001	0.981316631130063	0.841859960291422	0.473214285714286	1.0	0.648809523809524
GC_00003568	3	3	1	0	0.984126984126984	1.0	0.992	0.976190476190476	1.0	0.984126984126984
GC_00003569	3	3	1	0	0.988888888888889	1.0	0.994413407821229	0.983333333333333	1.0	0.988888888888889
GC_00003570	3	3	1	0	0.99623352165725	1.0	0.99811320754717	0.994350282485876	1.0	0.996233521657251
GC_00003571	3	3	1	0	0.78114654120927	0.994804667186689	0.875123394469365	0.563182527301092	1.0	0.708788351534061
GC_00003572	3	3	1	0	0.997076023391813	1.0	0.998535871156662	0.995614035087719	1.0	0.997076023391813
GC_00003573	3	3	1	0	0.998780115888991	0.987456305722479	0.993085931497166	0.975609756097561	1.0	0.983739837398374
GC_00003574	3	3	1	0	0.999421296296296	1.0	0.999710564399421	0.997395833333333	1.0	0.998263888888889
GC_00003575	3	3	1	0	0.912364945978391	0.818514397887502	0.862895322031212	0.604046242774566	1.0	0.736030828516378
GC_00003576	3	3	1	0	0.977291159772912	1.0	0.988515176374077	0.956204379562044	1.0	0.970802919708029
GC_00003577	3	3	1	0	0.965043695380774	1.0	0.982210927573062	0.932584269662921	1.0	0.955056179775281
GC_00003578	3	3	1	0	1.0	0.715633512723406	0.834249864456664	0.385057471264368	1.0	0.590038314176245
GC_00003579	3	3	1	0	0.984567901234568	0.993103448275862	0.98881725522274	0.951724137931034	1.0	0.967816091954023
GC_00003580	3	3	1	0	0.994871794871795	1.0	0.997429305912596	0.992307692307692	1.0	0.994871794871795
GC_00003581	3	3	1	0	1.0	0.998019801980202	0.999008919722499	0.998019801980198	1.0	0.998679867986799
GC_00003582	3	3	1	0	0.826058842547688	0.960541758602879	0.888238829449879	0.575418994413408	1.0	0.716945996275605
GC_00003583	3	3	1	0	0.995656894679696	1.0	0.997823721436344	0.993485342019544	1.0	0.995656894679696
GC_00003584	3	3	1	0	0.996632996632997	1.0	0.998313659359191	0.984848484848485	1.0	0.98989898989899
GC_00003585	3	3	1	0	1.0	0.993876892185762	0.996929044196141	0.990783410138249	1.0	0.993855606758833
GC_00003586	3	3	1	0	1.0	0.91834190431666	0.957432981316004	0.913978494623656	1.0	0.942652329749104
GC_00003587	3	3	1	0	0.996843434343434	1.0	0.998419222257351	0.991477272727273	1.0	0.994318181818182
GC_00003588	3	3	1	0	0.991769547325103	1.0	0.995867768595041	0.987654320987654	1.0	0.991769547325103
GC_00003589	3	3	1	0	0.997037037037037	1.0	0.998516320474777	0.986666666666667	1.0	0.991111111111111
GC_00003590	3	3	1	0	0.961325966850829	0.8629179331307	0.909467660972514	0.765957446808511	1.0	0.843971631205674
GC_00003591	3	3	1	0	0.997627520759193	0.685622367263808	0.812708495984282	0.234210526315789	1.0	0.489473684210526
GC_00003592	3	3	1	0	0.97979797979798	1.0	0.989795918367347	0.958677685950413	1.0	0.972451790633609
GC_00003593	3	3	1	0	0.984444444444444	1.0	0.992161254199328	0.963333333333333	1.0	0.975555555555556
GC_00003594	3	3	1	0	1.0	0.689847881111694	0.816461515645853	0.265017667844523	1.0	0.510011778563015
GC_00003595	3	3	1	0	0.963768115942029	1.0	0.981549815498155	0.923913043478261	1.0	0.94927536231884
GC_00003596	3	3	1	0	0.828703703703704	0.762122432018284	0.794019745976313	0.305755395683453	1.0	0.537170263788969
GC_00003597	3	3	1	0	0.977381962114787	1.0	0.988561624249357	0.954198473282443	1.0	0.969465648854962
GC_00003598	3	3	1	0	0.995642701525055	1.0	0.997816593886463	0.980392156862745	1.0	0.986928104575163
GC_00003599	3	3	1	0	1.0	0.988048774575166	0.993988464680708	0.981927710843373	1.0	0.987951807228916
GC_00003600	2	3	2	0	0.944444444444444	1.0	0.971428571428571	0.888888888888889	1.0	0.925925925925926
GC_00003601	3	3	1	0	0.998456790123457	1.0	0.999227799227799	0.993055555555556	1.0	0.99537037037037
GC_00003602	3	3	1	0	0.856296296296296	0.986929243638899	0.916983665562931	0.671052631578947	1.0	0.780701754385965
GC_00003603	3	3	1	0	0.981981981981982	0.97391812865497	0.977933432350328	0.960526315789474	0.973684210526316	0.964912280701754
GC_00003604	2	3	2	0	0.876106194690266	0.538617675809324	0.667107259849347	0.0	0.6158357771261	0.280547409579668
GC_00003605	2	3	2	0	0.940463828314296	1.0	0.96931858722797	0.903426791277259	0.950155763239875	0.921079958463136
GC_00003606	3	3	1	0	0.874861572535991	0.785144679881521	0.827578701356183	0.556390977443609	0.864661654135338	0.661654135338346
GC_00003607	3	3	1	0	0.992753623188406	1.0	0.996363636363636	0.989130434782609	0.994565217391304	0.992753623188406
GC_00003608	3	3	1	0	0.840909090909091	0.938020351526365	0.886814082942338	0.723404255319149	0.936170212765957	0.794326241134752
GC_00003609	3	3	1	0	0.925619834710744	1.0	0.96137339055794	0.900826446280992	0.933884297520661	0.914600550964187
GC_00003610	2	3	2	0	0.757575757575758	0.9803300330033	0.854677245973487	0.544554455445545	0.99009900990099	0.696369636963696
GC_00003611	3	3	1	0	0.863295880149813	0.708956228956229	0.778550702040344	0.37	0.74	0.503333333333333
GC_00003612	3	3	1	0	0.819060166886254	0.969997052755672	0.888161584980774	0.71264367816092	0.796934865900383	0.742017879948914
GC_00003613	3	3	1	0	0.954985754985755	0.722280831705986	0.822490486427666	0.444816053511706	0.882943143812709	0.613154960981048
GC_00003614	2	3	2	0	0.930555555555556	1.0	0.964028776978417	0.875	0.984375	0.916666666666667
GC_00003615	2	3	2	0	0.870689655172414	0.721838679683866	0.789307740839381	0.504166666666667	0.6375	0.580555555555556
GC_00003616	3	3	1	0	0.998798798798799	0.994623655913977	0.996706855022248	0.989247311827957	0.994623655913978	0.992831541218638
GC_00003617	3	3	1	0	0.753725490196078	0.977234993614305	0.851049959242617	0.558620689655172	0.972413793103448	0.701149425287356
GC_00003618	2	3	2	0	0.901149425287356	0.98646468896837	0.941879042773131	0.816326530612245	0.969387755102041	0.870748299319728
GC_00003619	2	3	2	0	0.928462709284627	1.0	0.962904498816101	0.872146118721461	0.981735159817352	0.91324200913242
GC_00003620	3	3	1	0	0.9140625	1.0	0.955102040816327	0.875	0.90625	0.893229166666667
GC_00003621	2	3	2	0	0.685106382978723	0.570802919708028	0.622753128555176	0.178181818181818	0.527272727272727	0.333333333333333
GC_00003622	3	3	1	0	0.749049429657795	1.0	0.856521739130435	0.577946768060836	0.901140684410646	0.688212927756654
GC_00003623	3	3	1	0	0.779461279461279	1.0	0.876064333017975	0.590909090909091	0.727272727272727	0.661616161616162
GC_00003624	3	3	1	0	0.90771349862259	0.617727182406145	0.735157137094332	0.207430340557276	0.934984520123839	0.464396284829721
GC_00003625	3	3	1	0	0.854532919682868	0.916401483286925	0.884386495402274	0.684844192634561	0.864022662889518	0.767705382436261
GC_00003626	3	3	1	0	0.881199538638985	0.651576493681757	0.74918826170714	0.392344497607655	0.933014354066986	0.574162679425837
GC_00003627	2	3	2	0	0.905622489959839	1.0	0.950474183350896	0.819277108433735	0.969879518072289	0.877510040160642
GC_00003628	3	3	1	0	0.845462713387242	0.900401988786628	0.872067930156249	0.666666666666667	0.804347826086957	0.72463768115942
GC_00003629	3	3	1	0	0.985008818342152	1.0	0.992447800977343	0.978835978835979	0.984126984126984	0.981481481481481
GC_00003630	3	3	1	0	0.897043832823649	1.0	0.945728103170339	0.807339449541284	0.972477064220184	0.862385321100917
GC_00003631	2	3	2	0	0.789115646258503	0.974358432334164	0.872007695891281	0.706422018348624	0.834862385321101	0.753822629969419
GC_00003632	1	3	3	0	0.765822784810127	0.586961230236082	0.664567704696924	0.0648148148148148	0.592592592592593	0.248971193415638
GC_00003633	3	3	1	0	0.899122807017544	1.0	0.946882217090069	0.842105263157895	0.921052631578947	0.881578947368421
GC_00003634	3	3	1	0	0.914728682170543	0.995370370370372	0.953347237096745	0.865740740740741	0.916666666666667	0.890432098765432
GC_00003635	3	3	1	0	0.802911777488049	0.99869791666667	0.89016652391035	0.638671875	0.99609375	0.758463541666667
GC_00003636	3	3	1	0	0.946296296296296	1.0	0.972407231208373	0.933333333333333	0.95	0.938888888888889
GC_00003637	3	3	1	0	1.0	0.714371033967898	0.833391395227312	0.6	0.905263157894737	0.733333333333333
GC_00003638	3	3	1	0	0.93765903307888	0.951077057099865	0.944320382695043	0.847826086956522	0.885869565217391	0.86231884057971
GC_00003639	3	3	1	0	0.797856049004594	0.689641955266955	0.739812764893832	0.355844155844156	0.581818181818182	0.456277056277056
GC_00003640	2	3	2	0	0.940652818991098	0.599320833575201	0.732159060829564	0.0993788819875776	0.832298136645963	0.343685300207039
GC_00003641	3	3	1	0	0.997519170049617	0.927026020476285	0.960981567086208	0.878277153558052	0.99625468164794	0.918227215980025
GC_00003642	3	3	1	0	0.691931540342298	0.935679420563691	0.795553874098811	0.575342465753425	0.636986301369863	0.607305936073059
GC_00003643	2	3	2	0	0.905010438413361	0.994814382139146	0.947789912396065	0.831775700934579	0.906542056074766	0.880581516095535
GC_00003644	2	3	2	0	0.855297157622739	1.0	0.922005571030641	0.747508305647841	0.956810631229236	0.818383167220377
GC_00003645	3	3	1	0	0.895610913404508	0.961494404793374	0.927384003127992	0.8	0.897435897435897	0.832478632478633
GC_00003646	3	3	1	0	0.911764705882353	0.982281879194631	0.945710581496659	0.853333333333333	0.926666666666667	0.882222222222222
GC_00003647	3	3	1	0	0.997095134350036	1.0	0.998545454545455	0.995642701525055	0.997821350762527	0.997095134350036
GC_00003648	3	3	1	0	0.735686274509804	0.675760021522732	0.704450993415995	0.138983050847458	0.722033898305085	0.336723163841808
GC_00003649	3	3	1	0	0.991636798088411	0.946061673400325	0.968313266907912	0.928934010152284	0.99492385786802	0.952622673434856
GC_00003650	3	3	1	0	0.930793650793651	0.775175644028101	0.845886933488594	0.502040816326531	0.926530612244898	0.650340136054422
GC_00003651	2	3	2	0	0.971567527123083	1.0	0.985578747628083	0.954545454545455	0.978114478114478	0.964085297418631
GC_00003652	3	3	1	0	0.860252004581902	0.980054350612724	0.916253663238202	0.792929292929293	0.893939393939394	0.835016835016835
GC_00003653	3	3	1	0	0.956607495069034	0.988304093567252	0.972197511534949	0.894736842105263	0.982456140350877	0.929824561403509
GC_00003654	3	3	1	0	0.860215053763441	0.614354763848209	0.716788326875541	0.177966101694915	0.932203389830508	0.445386064030132
GC_00003655	2	3	2	0	0.944444444444444	1.0	0.971428571428571	0.9125	0.975	0.933333333333333
GC_00003656	2	3	2	0	0.882287705956908	0.994807113690092	0.935175013026036	0.795744680851064	0.974468085106383	0.858628841607565
GC_00003657	3	3	1	0	0.989191526156507	0.996131557161137	0.992649411635565	0.968992248062015	0.994186046511628	0.979328165374677
GC_00003658	3	3	1	0	0.994513031550069	1.0	0.997248968363136	0.987654320987654	0.993827160493827	0.991769547325103
GC_00003659	3	3	1	0	0.982716049382716	1.0	0.991282689912827	0.966666666666667	0.994444444444444	0.977777777777778
GC_00003660	2	3	2	0	0.953680727874276	0.537448322891361	0.687471158189381	0.138888888888889	0.598484848484849	0.35016835016835
GC_00003661	3	3	1	0	0.997085610200364	1.0	0.998540678584458	0.99344262295082	0.99672131147541	0.995628415300546
GC_00003662	2	3	2	0	0.888888888888889	0.922621251388375	0.905441002815878	0.743243243243243	0.918918918918919	0.81981981981982
GC_00003663	3	3	1	0	0.937991816178785	0.991604684285489	0.964053446946596	0.907303370786517	0.946629213483146	0.920411985018727
GC_00003664	3	3	1	0	0.987037037037037	1.0	0.993476234855545	0.979166666666667	0.9875	0.983333333333333
GC_00003665	3	3	1	0	0.926605504587156	0.922860543113707	0.924729232286792	0.784810126582278	0.886075949367089	0.839662447257384
GC_00003666	3	3	1	0	0.706703910614525	0.883805374001453	0.785394615511175	0.566176470588235	0.588235294117647	0.575980392156863
GC_00003667	3	3	1	0	0.687606837606838	0.977727337210954	0.807395911940539	0.545112781954887	0.676691729323308	0.595238095238095
GC_00003668	3	3	1	0	0.808080808080808	0.970880889669301	0.882031597269823	0.691176470588235	0.882352941176471	0.754901960784314
GC_00003669	2	3	2	0	0.94896331738437	0.57280406523752	0.71439308289355	0.0766694146743611	0.766694146743611	0.345424567188788
GC_00003670	3	3	1	0	0.773504273504274	0.992366412213742	0.869372448319817	0.564885496183206	0.99236641221374	0.707379134860051
GC_00003671	2	3	2	0	0.901075268817204	1.0	0.947963800904977	0.819354838709677	0.961290322580645	0.866666666666667
GC_00003672	2	3	2	0	0.895104895104895	0.632837101381455	0.741462160936937	0.0458015267175573	0.862595419847328	0.361323155216285
GC_00003673	3	3	1	0	0.965359477124183	1.0	0.98237445959428	0.935294117647059	0.964705882352941	0.950980392156863
GC_00003674	3	3	1	0	0.94367816091954	0.889352237976091	0.915710164816247	0.745454545454545	0.936363636363636	0.815151515151515
GC_00003675	3	3	1	0	0.993511759935118	1.0	0.996745321399512	0.985401459854015	0.992700729927007	0.990267639902676
GC_00003676	3	3	1	0	0.97495183044316	0.763639925555882	0.856454243097878	0.518072289156627	0.975903614457831	0.674698795180723
GC_00003677	2	3	2	0	0.851063829787234	1.0	0.919540229885058	0.734042553191489	0.893617021276596	0.808510638297872
GC_00003678	3	3	1	0	0.946525176862256	0.962838650925291	0.954612223289989	0.886486486486487	0.920720720720721	0.906906906906907
GC_00003679	3	3	1	0	0.997239475500345	0.987805801711731	0.992500222441991	0.969325153374233	0.993865030674847	0.979550102249489
GC_00003680	2	3	2	0	0.991452991452991	1.0	0.995708154506438	0.984615384615385	0.996923076923077	0.988717948717949
GC_00003681	3	3	1	0	0.991568296795953	0.916680889799172	0.952655151107806	0.857142857142857	0.990783410138249	0.903225806451613
GC_00003682	3	3	1	0	0.991111111111111	1.0	0.995535714285714	0.98	0.99	0.986666666666667
GC_00003683	3	3	1	0	0.854166666666667	0.643681491139118	0.734134859820177	0.338983050847458	0.991525423728814	0.559322033898305
GC_00003684	3	3	1	0	0.914201183431953	0.914546726112422	0.91437392212697	0.766129032258065	0.862903225806452	0.809139784946237
GC_00003685	3	3	1	0	0.784886782517114	0.941377664651605	0.856039047266155	0.55011135857461	0.997772828507795	0.699331848552339
GC_00003686	2	3	2	0	0.873015873015873	0.540720828355237	0.667815818273075	0.0599078341013825	0.576036866359447	0.339477726574501
GC_00003687	3	3	1	0	0.917635658914729	0.997101449275362	0.955719551782762	0.863768115942029	0.959420289855072	0.896618357487923
GC_00003688	3	3	1	0	0.932461873638344	1.0	0.965050732807215	0.901960784313726	0.96078431372549	0.928104575163399
GC_00003689	3	3	1	0	0.67065868263473	0.976817042606517	0.79529042028672	0.473684210526316	0.666666666666667	0.549707602339181
GC_00003690	2	3	2	0	0.799645390070922	0.55796606494281	0.657294088083571	0.134883720930233	0.469767441860465	0.306976744186047
GC_00003691	2	3	2	0	0.895535327264846	0.989763850228967	0.940294786218482	0.810810810810811	0.992277992277992	0.872586872586873
GC_00003692	3	3	1	0	0.860339506172839	0.911003974631141	0.884947180656244	0.660377358490566	0.817610062893082	0.758909853249476
GC_00003693	2	3	2	0	0.886762360446571	1.0	0.939983093829248	0.827751196172249	0.937799043062201	0.86762360446571
GC_00003694	2	3	2	0	0.92394452065234	1.0	0.960468985185772	0.890260631001372	0.925925925925926	0.91358024691358
GC_00003695	3	3	1	0	0.928874734607219	1.0	0.963126031920749	0.901273885350318	0.923566878980892	0.909766454352442
GC_00003696	2	3	2	0	0.993650793650794	0.923897581792319	0.957505507716691	0.894736842105263	0.973684210526316	0.929824561403509
GC_00003697	3	3	1	0	0.795422031473534	0.668453868687684	0.726431706566579	0.246835443037975	0.670886075949367	0.40295358649789
GC_00003698	2	3	2	0	0.942367601246106	0.99074074074074	0.965948938329081	0.888888888888889	0.986111111111111	0.921296296296296
GC_00003699	3	3	1	0	0.991957848031059	0.996687386012577	0.994316992959483	0.977611940298508	0.987562189054726	0.982587064676617
GC_00003700	2	3	2	0	0.87892838742916	0.936796536796538	0.906940317280632	0.675324675324675	0.891774891774892	0.779220779220779
GC_00003701	3	3	1	0	0.896921017402945	0.899485741000468	0.898201548378286	0.752688172043011	0.913978494623656	0.810035842293907
GC_00003702	3	3	1	0	0.985046728971963	0.928162780656303	0.955759112044824	0.854922279792746	0.989637305699482	0.903281519861831
GC_00003703	2	3	2	0	0.818325434439178	0.990610328638497	0.896263586677983	0.690140845070423	0.901408450704225	0.769953051643192
GC_00003704	3	3	1	0	0.954309449636552	0.990783707141013	0.972204596963403	0.923611111111111	0.951388888888889	0.933641975308642
GC_00003705	3	3	1	0	0.939622641509434	0.96086160216595	0.950123443282142	0.869565217391304	0.91304347826087	0.898550724637681
GC_00003706	2	2	1	0	1.0	1.0	1.0	1.0	1.0	1.0
GC_00003707	2	2	1	0	1.0	1.0	1.0	1.0	1.0	1.0
GC_00003708	2	2	1	0	1.0	1.0	1.0	1.0	1.0	1.0
GC_00003709	2	2	1	0	1.0	1.0	1.0	1.0	1.0	1.0
GC_00003710	2	2	1	0	1.0	1.0	1.0	1.0	1.0	1.0
GC_00003711	2	2	1	0	1.0	1.0	1.0	1.0	1.0	1.0
GC_00003712	2	2	1	0	1.0	1.0	1.0	1.0	1.0	1.0
GC_00003713	2	2	1	0	1.0	1.0	1.0	1.0	1.0	1.0
GC_00003714	2	2	1	0	1.0	1.0	1.0	1.0	1.0	1.0
GC_00003715	2	2	1	0	1.0	1.0	1.0	1.0	1.0	1.0
GC_00003716	2	2	1	0	1.0	1.0	1.0	1.0	1.0	1.0
GC_00003717	2	2	1	0	1.0	1.0	1.0	1.0	1.0	1.0
GC_00003718	2	2	1	0	1.0	1.0	1.0	1.0	1.0	1.0
GC_00003719	2	2	1	0	1.0	1.0	1.0	1.0	1.0	1.0
GC_00003720	2	2	1	0	1.0	1.0	1.0	1.0	1.0	1.0
GC_00003721	2	2	1	0	1.0	1.0	1.0	1.0	1.0	1.0
GC_00003722	2	2	1	0	1.0	1.0	1.0	1.0	1.0	1.0
GC_00003723	2	2	1	0	1.0	1.0	1.0	1.0	1.0	1.0
GC_00003724	2	2	1	0	1.0	1.0	1.0	1.0	1.0	1.0
GC_00003725	2	2	1	0	1.0	1.0	1.0	1.0	1.0	1.0
GC_00003726	2	2	1	0	1.0	1.0	1.0	1.0	1.0	1.0
GC_00003727	2	2	1	0	1.0	1.0	1.0	1.0	1.0	1.0
GC_00003728	2	2	1	0	1.0	1.0	1.0	1.0	1.0	1.0
GC_00003729	2	2	1	0	1.0	1.0	1.0	1.0	1.0	1.0
GC_00003730	2	2	1	0	1.0	1.0	1.0	1.0	1.0	1.0
GC_00003731	2	2	1	0	1.0	1.0	1.0	1.0	1.0	1.0
GC_00003732	2	2	1	0	1.0	1.0	1.0	1.0	1.0	1.0
GC_00003733	2	2	1	0	1.0	1.0	1.0	1.0	1.0	1.0
GC_00003734	2	2	1	0	1.0	1.0	1.0	1.0	1.0	1.0
GC_00003735	2	2	1	0	1.0	1.0	1.0	1.0	1.0	1.0
GC_00003736	2	2	1	0	1.0	1.0	1.0	1.0	1.0	1.0
GC_00003737	2	2	1	0	1.0	1.0	1.0	1.0	1.0	1.0
GC_00003738	2	2	1	0	1.0	1.0	1.0	1.0	1.0	1.0
GC_00003739	2	2	1	0	1.0	1.0	1.0	1.0	1.0	1.0
GC_00003740	2	2	1	0	1.0	1.0	1.0	1.0	1.0	1.0
GC_00003741	2	2	1	0	1.0	1.0	1.0	1.0	1.0	1.0
GC_00003742	2	2	1	0	1.0	1.0	1.0	1.0	1.0	1.0
GC_00003743	2	2	1	0	1.0	1.0	1.0	1.0	1.0	1.0
GC_00003744	2	2	1	0	1.0	1.0	1.0	1.0	1.0	1.0
GC_00003745	2	2	1	0	1.0	1.0	1.0	1.0	1.0	1.0
GC_00003746	2	2	1	0	1.0	1.0	1.0	1.0	1.0	1.0
GC_00003747	2	2	1	0	1.0	1.0	1.0	1.0	1.0	1.0
GC_00003748	2	2	1	0	1.0	1.0	1.0	1.0	1.0	1.0
GC_00003749	2	2	1	0	1.0	1.0	1.0	1.0	1.0	1.0
GC_00003750	2	2	1	0	1.0	1.0	1.0	1.0	1.0	1.0
GC_00003751	2	2	1	0	1.0	1.0	1.0	1.0	1.0	1.0
GC_00003752	2	2	1	0	1.0	1.0	1.0	1.0	1.0	1.0
GC_00003753	2	2	1	0	1.0	1.0	1.0	1.0	1.0	1.0
GC_00003754	2	2	1	0	1.0	1.0	1.0	1.0	1.0	1.0
GC_00003755	2	2	1	0	1.0	1.0	1.0	1.0	1.0	1.0
GC_00003756	2	2	1	0	1.0	1.0	1.0	1.0	1.0	1.0
GC_00003757	2	2	1	0	1.0	1.0	1.0	1.0	1.0	1.0
GC_00003758	2	2	1	0	1.0	1.0	1.0	1.0	1.0	1.0
GC_00003759	2	2	1	0	1.0	1.0	1.0	1.0	1.0	1.0
GC_00003760	2	2	1	0	1.0	1.0	1.0	1.0	1.0	1.0
GC_00003761	2	2	1	0	1.0	1.0	1.0	1.0	1.0	1.0
GC_00003762	2	2	1	0	1.0	1.0	1.0	1.0	1.0	1.0
GC_00003763	2	2	1	0	1.0	1.0	1.0	1.0	1.0	1.0
GC_00003764	2	2	1	0	1.0	1.0	1.0	1.0	1.0	1.0
GC_00003765	2	2	1	0	1.0	1.0	1.0	1.0	1.0	1.0
GC_00003766	2	2	1	0	1.0	1.0	1.0	1.0	1.0	1.0
GC_00003767	2	2	1	0	1.0	1.0	1.0	1.0	1.0	1.0
GC_00003768	2	2	1	0	1.0	1.0	1.0	1.0	1.0	1.0
GC_00003769	2	2	1	0	1.0	1.0	1.0	1.0	1.0	1.0
GC_00003770	2	2	1	0	1.0	1.0	1.0	1.0	1.0	1.0
GC_00003771	2	2	1	0	1.0	1.0	1.0	1.0	1.0	1.0
GC_00003772	2	2	1	0	1.0	1.0	1.0	1.0	1.0	1.0
GC_00003773	2	2	1	0	1.0	1.0	1.0	1.0	1.0	1.0
GC_00003774	2	2	1	0	1.0	1.0	1.0	1.0	1.0	1.0
GC_00003775	2	2	1	0	1.0	1.0	1.0	1.0	1.0	1.0
GC_00003776	2	2	1	0	1.0	1.0	1.0	1.0	1.0	1.0
GC_00003777	2	2	1	0	1.0	1.0	1.0	1.0	1.0	1.0
GC_00003778	2	2	1	0	1.0	1.0	1.0	1.0	1.0	1.0
GC_00003779	2	2	1	0	1.0	1.0	1.0	1.0	1.0	1.0
GC_00003780	2	2	1	0	1.0	1.0	1.0	1.0	1.0	1.0
GC_00003781	2	2	1	0	1.0	1.0	1.0	1.0	1.0	1.0
GC_00003782	2	2	1	0	1.0	1.0	1.0	1.0	1.0	1.0
GC_00003783	2	2	1	0	1.0	1.0	1.0	1.0	1.0	1.0
GC_00003784	2	2	1	0	1.0	1.0	1.0	1.0	1.0	1.0
GC_00003785	2	2	1	0	1.0	1.0	1.0	1.0	1.0	1.0
GC_00003786	2	2	1	0	1.0	1.0	1.0	1.0	1.0	1.0
GC_00003787	2	2	1	0	1.0	1.0	1.0	1.0	1.0	1.0
GC_00003788	2	2	1	0	1.0	1.0	1.0	1.0	1.0	1.0
GC_00003789	2	2	1	0	1.0	1.0	1.0	1.0	1.0	1.0
GC_00003790	2	2	1	0	1.0	1.0	1.0	1.0	1.0	1.0
GC_00003791	2	2	1	0	1.0	1.0	1.0	1.0	1.0	1.0
GC_00003792	2	2	1	0	1.0	1.0	1.0	1.0	1.0	1.0
GC_00003793	2	2	1	0	1.0	1.0	1.0	1.0	1.0	1.0
GC_00003794	2	2	1	0	1.0	1.0	1.0	1.0	1.0	1.0
GC_00003795	2	2	1	0	0.986928104575163	0.624590163934428	0.765024633817146	0.493464052287582	0.493464052287582	0.493464052287582
GC_00003796	2	2	1	0	1.0	1.0	1.0	1.0	1.0	1.0
GC_00003797	2	2	1	0	1.0	1.0	1.0	1.0	1.0	1.0
GC_00003798	2	2	1	0	1.0	1.0	1.0	1.0	1.0	1.0
GC_00003799	2	2	1	0	1.0	1.0	1.0	1.0	1.0	1.0
GC_00003800	2	2	1	0	1.0	1.0	1.0	1.0	1.0	1.0
GC_00003801	2	2	1	0	1.0	1.0	1.0	1.0	1.0	1.0
GC_00003802	2	2	1	0	1.0	1.0	1.0	1.0	1.0	1.0
GC_00003803	2	2	1	0	1.0	1.0	1.0	1.0	1.0	1.0
GC_00003804	2	2	1	0	1.0	1.0	1.0	1.0	1.0	1.0
GC_00003805	2	2	1	0	1.0	1.0	1.0	1.0	1.0	1.0
GC_00003806	2	2	1	0	1.0	1.0	1.0	1.0	1.0	1.0
GC_00003807	2	2	1	0	1.0	1.0	1.0	1.0	1.0	1.0
GC_00003808	2	2	1	0	1.0	1.0	1.0	1.0	1.0	1.0
GC_00003809	2	2	1	0	1.0	1.0	1.0	1.0	1.0	1.0
GC_00003810	2	2	1	0	1.0	1.0	1.0	1.0	1.0	1.0
GC_00003811	2	2	1	0	1.0	1.0	1.0	1.0	1.0	1.0
GC_00003812	2	2	1	0	1.0	1.0	1.0	1.0	1.0	1.0
GC_00003813	2	2	1	0	1.0	1.0	1.0	1.0	1.0	1.0
GC_00003814	2	2	1	0	1.0	1.0	1.0	1.0	1.0	1.0
GC_00003815	2	2	1	0	1.0	1.0	1.0	1.0	1.0	1.0
GC_00003816	2	2	1	0	1.0	1.0	1.0	1.0	1.0	1.0
GC_00003817	2	2	1	0	1.0	1.0	1.0	1.0	1.0	1.0
GC_00003818	2	2	1	0	1.0	1.0	1.0	1.0	1.0	1.0
GC_00003819	2	2	1	0	1.0	1.0	1.0	1.0	1.0	1.0
GC_00003820	2	2	1	0	1.0	1.0	1.0	1.0	1.0	1.0
GC_00003821	2	2	1	0	1.0	1.0	1.0	1.0	1.0	1.0
GC_00003822	2	2	1	0	1.0	1.0	1.0	1.0	1.0	1.0
GC_00003823	2	2	1	0	1.0	1.0	1.0	1.0	1.0	1.0
GC_00003824	2	2	1	0	1.0	1.0	1.0	1.0	1.0	1.0
GC_00003825	2	2	1	0	1.0	1.0	1.0	1.0	1.0	1.0
GC_00003826	2	2	1	0	1.0	1.0	1.0	1.0	1.0	1.0
GC_00003827	2	2	1	0	1.0	1.0	1.0	1.0	1.0	1.0
GC_00003828	2	2	1	0	1.0	1.0	1.0	1.0	1.0	1.0
GC_00003829	2	2	1	0	1.0	1.0	1.0	1.0	1.0	1.0
GC_00003830	2	2	1	0	1.0	1.0	1.0	1.0	1.0	1.0
GC_00003831	2	2	1	0	1.0	1.0	1.0	1.0	1.0	1.0
GC_00003832	2	2	1	0	1.0	1.0	1.0	1.0	1.0	1.0
GC_00003833	2	2	1	0	1.0	1.0	1.0	1.0	1.0	1.0
GC_00003834	2	2	1	0	1.0	1.0	1.0	1.0	1.0	1.0
GC_00003835	2	2	1	0	1.0	1.0	1.0	1.0	1.0	1.0
GC_00003836	2	2	1	0	1.0	1.0	1.0	1.0	1.0	1.0
GC_00003837	2	2	1	0	1.0	1.0	1.0	1.0	1.0	1.0
GC_00003838	2	2	1	0	1.0	1.0	1.0	1.0	1.0	1.0
GC_00003839	2	2	1	0	1.0	1.0	1.0	1.0	1.0	1.0
GC_00003840	2	2	1	0	1.0	1.0	1.0	1.0	1.0	1.0
GC_00003841	2	2	1	0	1.0	1.0	1.0	1.0	1.0	1.0
GC_00003842	2	2	1	0	1.0	1.0	1.0	1.0	1.0	1.0
GC_00003843	2	2	1	0	1.0	1.0	1.0	1.0	1.0	1.0
GC_00003844	2	2	1	0	1.0	1.0	1.0	1.0	1.0	1.0
GC_00003845	2	2	1	0	1.0	1.0	1.0	1.0	1.0	1.0
GC_00003846	2	2	1	0	0.975791433891993	0.994454751597608	0.985034697845131	0.962962962962963	0.962962962962963	0.962962962962963
GC_00003847	2	2	1	0	1.0	1.0	1.0	1.0	1.0	1.0
GC_00003848	2	2	1	0	1.0	1.0	1.0	1.0	1.0	1.0
GC_00003849	2	2	1	0	1.0	1.0	1.0	1.0	1.0	1.0
GC_00003850	2	2	1	0	1.0	1.0	1.0	1.0	1.0	1.0
GC_00003851	2	2	1	0	1.0	1.0	1.0	1.0	1.0	1.0
GC_00003852	2	2	1	0	1.0	1.0	1.0	1.0	1.0	1.0
GC_00003853	2	2	1	0	1.0	1.0	1.0	1.0	1.0	1.0
GC_00003854	2	2	1	0	1.0	1.0	1.0	1.0	1.0	1.0
GC_00003855	2	2	1	0	1.0	1.0	1.0	1.0	1.0	1.0
GC_00003856	2	2	1	0	1.0	1.0	1.0	1.0	1.0	1.0
GC_00003857	2	2	1	0	1.0	1.0	1.0	1.0	1.0	1.0
GC_00003858	2	2	1	0	1.0	1.0	1.0	1.0	1.0	1.0
GC_00003859	2	2	1	0	1.0	1.0	1.0	1.0	1.0	1.0
GC_00003860	2	2	1	0	1.0	1.0	1.0	1.0	1.0	1.0
GC_00003861	2	2	1	0	1.0	1.0	1.0	1.0	1.0	1.0
GC_00003862	2	2	1	0	1.0	1.0	1.0	1.0	1.0	1.0
GC_00003863	2	2	1	0	1.0	1.0	1.0	1.0	1.0	1.0
GC_00003864	2	2	1	0	1.0	1.0	1.0	1.0	1.0	1.0
GC_00003865	2	2	1	0	1.0	1.0	1.0	1.0	1.0	1.0
GC_00003866	2	2	1	0	1.0	1.0	1.0	1.0	1.0	1.0
GC_00003867	2	2	1	0	1.0	1.0	1.0	1.0	1.0	1.0
GC_00003868	2	2	1	0	1.0	1.0	1.0	1.0	1.0	1.0
GC_00003869	2	2	1	0	1.0	1.0	1.0	1.0	1.0	1.0
GC_00003870	2	2	1	0	0.981366459627329	0.565779393889876	0.717756402151168	0.352144469525959	0.352144469525959	0.352144469525959
GC_00003871	2	2	1	0	0.777056277056277	1.0	0.874543239951279	0.707792207792208	0.707792207792208	0.707792207792208
GC_00003872	2	2	1	0	0.991510277033065	1.0	0.995737042853938	0.987935656836461	0.987935656836461	0.987935656836461
GC_00003873	2	2	1	0	1.0	0.696955486617127	0.82141870203856	0.62874251497006	0.62874251497006	0.62874251497006
GC_00003874	2	2	1	0	0.707224334600761	0.996212121212118	0.827204856560668	0.628787878787879	0.628787878787879	0.628787878787879
GC_00003875	1	2	2	0	0.972549019607843	1.0	0.986083499005964	0.964705882352941	0.964705882352941	0.964705882352941
GC_00003876	2	2	1	0	0.67965367965368	0.824076147816349	0.744929542457153	0.473684210526316	0.473684210526316	0.473684210526316
GC_00003877	2	2	1	0	0.991967871485944	1.0	0.995967741935484	0.991967871485944	0.991967871485944	0.991967871485944
GC_00003878	2	2	1	0	0.742496050552923	0.920637934307954	0.822026410902833	0.626086956521739	0.626086956521739	0.626086956521739
GC_00003879	2	2	1	0	0.673611111111111	0.771153846153846	0.71908969903128	0.446153846153846	0.446153846153846	0.446153846153846
GC_00003880	2	2	1	0	0.99820788530466	1.0	0.999103139013453	0.994623655913978	0.994623655913978	0.994623655913978
GC_00003881	2	2	1	0	0.997916666666667	0.932476540187678	0.964087396728149	0.924418604651163	0.924418604651163	0.924418604651163
GC_00003882	2	2	1	0	0.995238095238095	1.0	0.997613365155131	0.985714285714286	0.985714285714286	0.985714285714286
GC_00003883	2	2	1	0	0.98998998998999	1.0	0.994969818913481	0.987987987987988	0.987987987987988	0.987987987987988
GC_00003884	2	2	1	0	0.999244142101285	1.0	0.999621928166352	0.997732426303855	0.997732426303855	0.997732426303855
GC_00003885	2	2	1	0	0.926253687315634	0.603304166122502	0.730685285538895	0.419354838709677	0.419354838709677	0.419354838709677
GC_00003886	2	2	1	0	0.95632183908046	1.0	0.977673325499412	0.944827586206897	0.944827586206897	0.944827586206897
GC_00003887	2	2	1	0	0.781746031746032	0.955329153605016	0.859864651962189	0.693181818181818	0.693181818181818	0.693181818181818
GC_00003888	2	2	1	0	0.972972972972973	1.0	0.986301369863014	0.972972972972973	0.972972972972973	0.972972972972973
GC_00003889	2	2	1	0	0.990804597701149	1.0	0.995381062355658	0.986206896551724	0.986206896551724	0.986206896551724
GC_00003890	2	2	1	0	0.950146627565982	1.0	0.974436090225564	0.932551319648094	0.932551319648094	0.932551319648094
GC_00003891	2	2	1	0	0.974910394265233	1.0	0.987295825771325	0.967741935483871	0.967741935483871	0.967741935483871
GC_00003892	2	2	1	0	0.666666666666667	0.996503496503497	0.798878766643308	0.573426573426573	0.573426573426573	0.573426573426573
GC_00003893	2	2	1	0	0.996941896024465	1.0	0.998468606431853	0.996941896024465	0.996941896024465	0.996941896024465
GC_00003894	2	2	1	0	0.999016715830875	0.991253794309823	0.995120115683458	0.988304093567251	0.988304093567251	0.988304093567251
GC_00003895	2	2	1	0	0.991189427312775	0.954756586178774	0.97263195105772	0.945378151260504	0.945378151260504	0.945378151260504
GC_00003896	2	2	1	0	0.968911917098446	1.0	0.98421052631579	0.948186528497409	0.948186528497409	0.948186528497409
GC_00003897	2	2	1	0	0.923497267759563	0.983958151700088	0.952769491139347	0.876344086021505	0.876344086021505	0.876344086021505
GC_00003898	2	2	1	0	0.585448392554992	0.963954408169137	0.72846848927234	0.474327628361858	0.474327628361858	0.474327628361858
GC_00003899	2	2	1	0	0.930783242258652	0.634021697141385	0.75426240813613	0.473087818696884	0.473087818696884	0.473087818696884
GC_00003900	2	2	1	0	0.997050147492625	1.0	0.998522895125554	0.991150442477876	0.991150442477876	0.991150442477876
GC_00003901	2	2	1	0	0.738396624472574	0.975462962962962	0.840533920550196	0.604938271604938	0.604938271604938	0.604938271604938
GC_00003902	2	2	1	0	0.895833333333333	0.506629210841815	0.647226318588625	0.099273607748184	0.099273607748184	0.099273607748184
GC_00003903	2	2	1	0	0.986666666666667	0.694327731092437	0.815077110220541	0.616666666666667	0.616666666666667	0.616666666666667
GC_00003904	2	2	1	0	0.983050847457627	1.0	0.991452991452991	0.983050847457627	0.983050847457627	0.983050847457627
GC_00003905	2	2	1	0	0.754521963824289	0.699561989209978	0.726003316127786	0.43298969072165	0.43298969072165	0.43298969072165
GC_00003906	2	2	1	0	0.817927170868347	0.866244188764512	0.8413925988526	0.676258992805755	0.676258992805755	0.676258992805755
GC_00003907	2	2	1	0	0.969298245614035	1.0	0.984409799554566	0.969298245614035	0.969298245614035	0.969298245614035
GC_00003908	2	2	1	0	0.995575221238938	1.0	0.997782705099778	0.995575221238938	0.995575221238938	0.995575221238938
GC_00003909	2	2	1	0	0.928703703703704	0.997229916897509	0.961747702371742	0.905817174515235	0.905817174515235	0.905817174515235
GC_00003910	2	2	1	0	0.691460055096419	0.932438878950506	0.794069415399381	0.530769230769231	0.530769230769231	0.530769230769231
GC_00003911	2	2	1	0	1.0	0.64280185758514	0.782567726737339	0.535947712418301	0.535947712418301	0.535947712418301
GC_00003912	2	2	1	0	0.977690288713911	1.0	0.988719309887193	0.97244094488189	0.97244094488189	0.97244094488189
GC_00003913	2	2	1	0	0.981132075471698	1.0	0.990476190476191	0.981132075471698	0.981132075471698	0.981132075471698
GC_00003914	2	2	1	0	0.994736842105263	1.0	0.997361477572559	0.994736842105263	0.994736842105263	0.994736842105263
GC_00003915	1	2	2	0	0.675968992248062	0.93628251376495	0.785110691388701	0.565217391304348	0.565217391304348	0.565217391304348
GC_00003916	2	2	1	0	0.935555555555556	0.996677740863788	0.965149911547029	0.910299003322259	0.910299003322259	0.910299003322259
GC_00003917	2	2	1	0	0.854961832061069	0.977780271574457	0.912255805855284	0.82089552238806	0.82089552238806	0.82089552238806
GC_00003918	2	2	1	0	0.956989247311828	1.0	0.978021978021978	0.951612903225806	0.951612903225806	0.951612903225806
GC_00003919	2	2	1	0	0.992481203007519	1.0	0.99622641509434	0.992481203007519	0.992481203007519	0.992481203007519
GC_00003920	2	2	1	0	0.993265993265993	1.0	0.996621621621622	0.993265993265993	0.993265993265993	0.993265993265993
GC_00003921	2	2	1	0	0.94150417827298	1.0	0.96987087517934	0.930362116991644	0.930362116991644	0.930362116991644
GC_00003922	2	2	1	0	0.707818930041152	0.58049701862894	0.637866478393234	0.258064516129032	0.258064516129032	0.258064516129032
GC_00003923	1	2	2	0	0.742081447963801	0.850126742712296	0.792438184753726	0.560606060606061	0.560606060606061	0.560606060606061
GC_00003924	2	2	1	0	1.0	0.718701007838746	0.836330466510295	0.663157894736842	0.663157894736842	0.663157894736842
GC_00003925	2	2	1	0	0.978354978354978	1.0	0.989059080962801	0.96969696969697	0.96969696969697	0.96969696969697
GC_00003926	2	2	1	0	0.986425339366516	0.991051589706299	0.988733053046672	0.977578475336323	0.977578475336323	0.977578475336323
GC_00003927	2	2	1	0	0.951851851851852	1.0	0.975332068311195	0.944444444444444	0.944444444444444	0.944444444444444
GC_00003928	2	2	1	0	0.977777777777778	1.0	0.98876404494382	0.955555555555556	0.955555555555556	0.955555555555556
GC_00003929	2	2	1	0	0.980802792321117	1.0	0.990308370044053	0.973821989528796	0.973821989528796	0.973821989528796
GC_00003930	2	2	1	0	0.971014492753623	1.0	0.985294117647059	0.971014492753623	0.971014492753623	0.971014492753623
GC_00003931	2	2	1	0	0.991507430997877	1.0	0.995735607675906	0.990445859872611	0.990445859872611	0.990445859872611
GC_00003932	2	2	1	0	0.684074790457769	0.998069498069496	0.811766490438154	0.592664092664093	0.592664092664093	0.592664092664093
GC_00003933	2	2	1	0	0.816296296296296	0.99558012675863	0.89706821039045	0.747787610619469	0.747787610619469	0.747787610619469
GC_00003934	2	2	1	0	0.890034364261168	0.979901051329623	0.932808269191975	0.858585858585859	0.858585858585859	0.858585858585859
GC_00003935	2	2	1	0	0.968137254901961	1.0	0.983810709838107	0.963235294117647	0.963235294117647	0.963235294117647
GC_00003936	2	2	1	0	0.997722095671982	1.0	0.998859749144812	0.997722095671982	0.997722095671982	0.997722095671982
GC_00003937	2	2	1	0	0.956521739130435	1.0	0.977777777777778	0.956521739130435	0.956521739130435	0.956521739130435
GC_00003938	2	2	1	0	0.927437641723356	0.986622528568838	0.956115053611227	0.906040268456376	0.906040268456376	0.906040268456376
GC_00003939	2	2	1	0	0.959139784946237	1.0	0.979143798024149	0.954838709677419	0.954838709677419	0.954838709677419
GC_00003940	2	2	1	0	0.952380952380952	0.534079844206426	0.684373879002448	0.253164556962025	0.253164556962025	0.253164556962025
GC_00003941	2	2	1	0	0.961240310077519	1.0	0.980237154150198	0.953488372093023	0.953488372093023	0.953488372093023
GC_00003942	2	2	1	0	0.993174061433447	0.901287030262095	0.945002147878951	0.889908256880734	0.889908256880734	0.889908256880734
GC_00003943	2	2	1	0	0.965608465608466	1.0	0.982503364737551	0.96031746031746	0.96031746031746	0.96031746031746
GC_00003944	2	2	1	0	0.996825396825397	1.0	0.998410174880763	0.996825396825397	0.996825396825397	0.996825396825397
GC_00003945	2	2	1	0	0.899543378995434	0.895663956639566	0.897599476124007	0.792682926829268	0.792682926829268	0.792682926829268
GC_00003946	2	2	1	0	0.994708994708995	1.0	0.997347480106101	0.993197278911565	0.993197278911565	0.993197278911565
GC_00003947	2	2	1	0	0.883870967741936	0.793951036894735	0.836501451739901	0.658415841584158	0.658415841584158	0.658415841584158
GC_00003948	2	2	1	0	0.977455716586151	1.0	0.988599348534202	0.971014492753623	0.971014492753623	0.971014492753623
GC_00003949	2	2	1	0	0.93018018018018	1.0	0.963827304550758	0.912162162162162	0.912162162162162	0.912162162162162
GC_00003950	2	2	1	0	0.998137802607076	0.987203444913875	0.992640513023011	0.985294117647059	0.985294117647059	0.985294117647059
GC_00003951	2	2	1	0	0.987096774193548	1.0	0.993506493506493	0.987096774193548	0.987096774193548	0.987096774193548
GC_00003952	2	2	1	0	0.997849462365591	1.0	0.998923573735199	0.997849462365591	0.997849462365591	0.997849462365591
GC_00003953	2	2	1	0	0.997635933806147	1.0	0.998816568047337	0.99290780141844	0.99290780141844	0.99290780141844
GC_00003954	2	2	1	0	0.997679814385151	1.0	0.99883855981417	0.997679814385151	0.997679814385151	0.997679814385151
GC_00003955	2	2	1	0	0.6875	0.841197822141561	0.756622393707798	0.5	0.5	0.5
GC_00003956	2	2	1	0	0.987654320987654	1.0	0.993788819875776	0.981481481481482	0.981481481481482	0.981481481481482
GC_00003957	2	2	1	0	0.984375	1.0	0.992125984251969	0.984375	0.984375	0.984375
GC_00003958	2	2	1	0	0.738888888888889	0.508419670633898	0.602362010034892	0.0893246187363834	0.0893246187363834	0.0893246187363834
GC_00003959	2	2	1	0	0.757281553398058	0.981043956043955	0.85476107547109	0.685714285714286	0.685714285714286	0.685714285714286
GC_00003960	2	2	1	0	0.982142857142857	0.770175438596491	0.863338935173597	0.723684210526316	0.723684210526316	0.723684210526316
GC_00003961	2	2	1	0	0.659540775930325	0.983726936461729	0.789655905832994	0.525700934579439	0.525700934579439	0.525700934579439
GC_00003962	2	2	1	0	0.707070707070707	0.854003139717425	0.773622087235642	0.530612244897959	0.530612244897959	0.530612244897959
GC_00003963	2	2	1	0	0.750476190476191	0.659973521624008	0.702321266861807	0.368932038834951	0.368932038834951	0.368932038834951
GC_00003964	2	2	1	0	0.894308943089431	0.660406885758998	0.759763003698975	0.5	0.5	0.5
GC_00003965	2	2	1	0	0.987522281639929	1.0	0.99372197309417	0.983957219251337	0.983957219251337	0.983957219251337
GC_00003966	2	2	1	0	0.943809523809524	1.0	0.97109260166585	0.928571428571429	0.928571428571429	0.928571428571429
GC_00003967	2	2	1	0	0.969765684051398	1.0	0.984650805832694	0.963718820861678	0.963718820861678	0.963718820861678
GC_00003968	1	2	2	0	0.959183673469388	1.0	0.979166666666667	0.959183673469388	0.959183673469388	0.959183673469388
GC_00003969	2	2	1	0	0.584615384615385	0.977614490772385	0.73168293672096	0.496240601503759	0.496240601503759	0.496240601503759
GC_00003970	1	2	2	0	0.656846699399891	0.973234693566576	0.784336290161948	0.525477707006369	0.525477707006369	0.525477707006369
GC_00003971	2	2	1	0	0.884422110552764	0.980441886553189	0.929960022742011	0.847290640394089	0.847290640394089	0.847290640394089
GC_00003972	2	2	1	0	0.967532467532468	1.0	0.983498349834984	0.954545454545455	0.954545454545455	0.954545454545455
GC_00003973	2	2	1	0	0.994186046511628	1.0	0.997084548104956	0.994186046511628	0.994186046511628	0.994186046511628
GC_00003974	2	2	1	0	0.957575757575758	1.0	0.978328173374613	0.945454545454545	0.945454545454545	0.945454545454545
GC_00003975	2	2	1	0	1.0	0.971428571428571	0.985507246376811	0.971428571428571	0.971428571428571	0.971428571428571
GC_00003976	2	2	1	0	0.613333333333333	0.943759071117562	0.743486893003284	0.528301886792453	0.528301886792453	0.528301886792453
GC_00003977	2	2	1	0	0.96969696969697	0.45350084950371	0.617986331324951	0.150943396226415	0.150943396226415	0.150943396226415
GC_00003978	2	2	1	0	0.985294117647059	1.0	0.992592592592593	0.985294117647059	0.985294117647059	0.985294117647059
GC_00003979	2	2	1	0	1.0	0.950641025641025	0.974696023660861	0.95	0.95	0.95
GC_00003980	2	2	1	0	0.966666666666667	1.0	0.983050847457627	0.947058823529412	0.947058823529412	0.947058823529412
GC_00003981	2	2	1	0	0.998310097169413	1.0	0.999154334038055	0.997465145754119	0.997465145754119	0.997465145754119
GC_00003982	2	2	1	0	1.0	0.948717948717948	0.973684210526316	0.948717948717949	0.948717948717949	0.948717948717949
GC_00003983	1	2	2	0	0.916666666666667	0.912262156448203	0.914459107985743	0.818181818181818	0.818181818181818	0.818181818181818
GC_00003984	1	2	2	0	0.663663663663664	0.973761838223877	0.789349314941727	0.517543859649123	0.517543859649123	0.517543859649123
GC_00003985	2	2	1	0	0.890710382513661	1.0	0.942196531791908	0.85655737704918	0.85655737704918	0.85655737704918
GC_00003986	2	2	1	0	0.873469387755102	1.0	0.932461873638344	0.83265306122449	0.83265306122449	0.83265306122449
GC_00003987	2	2	1	0	0.983630952380952	1.0	0.991747936984246	0.977678571428571	0.977678571428571	0.977678571428571
GC_00003988	2	2	1	0	0.952482269503546	1.0	0.975662913185616	0.938297872340425	0.938297872340425	0.938297872340425
GC_00003989	2	2	1	0	0.914728682170543	1.0	0.955465587044534	0.914728682170543	0.914728682170543	0.914728682170543
GC_00003990	2	2	1	0	0.935323383084577	0.985294117647059	0.959658679669346	0.882352941176471	0.882352941176471	0.882352941176471
GC_00003991	2	2	1	0	0.985232067510548	1.0	0.992561105207226	0.981012658227848	0.981012658227848	0.981012658227848
GC_00003992	2	2	1	0	1.0	0.894736842105263	0.944444444444445	0.888888888888889	0.888888888888889	0.888888888888889
GC_00003993	2	2	1	0	0.997614788312463	1.0	0.998805970149254	0.996422182468694	0.996422182468694	0.996422182468694
GC_00003994	2	2	1	0	0.996941896024465	0.667425190579132	0.799564159020076	0.574468085106383	0.574468085106383	0.574468085106383
GC_00003995	2	2	1	0	0.963768115942029	1.0	0.981549815498155	0.934782608695652	0.934782608695652	0.934782608695652
GC_00003996	2	2	1	0	0.992175273865415	1.0	0.996072270227808	0.985915492957746	0.985915492957746	0.985915492957746
GC_00003997	2	2	1	0	0.981578947368421	1.0	0.99070385126162	0.981578947368421	0.981578947368421	0.981578947368421
GC_00003998	2	2	1	0	0.845345345345345	0.995515695067266	0.914305360989902	0.79372197309417	0.79372197309417	0.79372197309417
GC_00003999	2	2	1	0	0.871794871794872	0.975158227848101	0.92058422316288	0.825	0.825	0.825
GC_00004000	2	2	1	0	0.972677595628415	1.0	0.986149584487535	0.950819672131147	0.950819672131147	0.950819672131147
GC_00004001	2	2	1	0	0.991894630192503	0.908349226531046	0.948285365531099	0.892857142857143	0.892857142857143	0.892857142857143
GC_00004002	2	2	1	0	0.986760124610592	1.0	0.993335946687574	0.983644859813084	0.983644859813084	0.983644859813084
GC_00004003	2	2	1	0	0.976811594202899	1.0	0.988269794721408	0.965217391304348	0.965217391304348	0.965217391304348
GC_00004004	2	2	1	0	0.785569105691057	1.0	0.879908935685828	0.728658536585366	0.728658536585366	0.728658536585366
GC_00004005	2	2	1	0	0.961165048543689	0.893778110944529	0.9262475531922	0.836206896551724	0.836206896551724	0.836206896551724
GC_00004006	2	2	1	0	1.0	0.984106951871659	0.991989822870512	0.984	0.984	0.984
GC_00004007	2	2	1	0	0.87536231884058	1.0	0.933539412673879	0.846376811594203	0.846376811594203	0.846376811594203
GC_00004008	2	2	1	0	0.882926829268293	1.0	0.937823834196891	0.853658536585366	0.853658536585366	0.853658536585366
GC_00004009	2	2	1	0	0.96420581655481	1.0	0.981776765375854	0.953020134228188	0.953020134228188	0.953020134228188
GC_00004010	2	2	1	0	0.972222222222222	1.0	0.985915492957746	0.972222222222222	0.972222222222222	0.972222222222222
GC_00004011	2	2	1	0	0.91156462585034	1.0	0.95373665480427	0.897959183673469	0.897959183673469	0.897959183673469
GC_00004012	2	2	1	0	0.597597597597598	0.949160035366931	0.73342551513232	0.487179487179487	0.487179487179487	0.487179487179487
GC_00004013	2	2	1	0	0.992481203007519	1.0	0.99622641509434	0.992481203007519	0.992481203007519	0.992481203007519
GC_00004014	2	2	1	0	0.975111111111111	1.0	0.987398739873988	0.968	0.968	0.968
GC_00004015	1	2	2	0	0.930930930930931	1.0	0.964230171073095	0.918918918918919	0.918918918918919	0.918918918918919
GC_00004016	2	2	1	0	0.903508771929825	1.0	0.949308755760369	0.85672514619883	0.85672514619883	0.85672514619883
GC_00004017	2	2	1	0	0.994152046783626	1.0	0.997067448680352	0.994152046783626	0.994152046783626	0.994152046783626
GC_00004018	2	2	1	0	0.905612244897959	1.0	0.950468540829987	0.885204081632653	0.885204081632653	0.885204081632653
GC_00004019	2	2	1	0	0.954462659380692	1.0	0.976700838769804	0.94207650273224	0.94207650273224	0.94207650273224
GC_00004020	2	2	1	0	0.779026217228464	1.0	0.87578947368421	0.741573033707865	0.741573033707865	0.741573033707865
GC_00004021	2	2	1	0	0.936096718480138	1.0	0.966993755575379	0.922279792746114	0.922279792746114	0.922279792746114
GC_00004022	2	2	1	0	0.979381443298969	1.0	0.989583333333333	0.979381443298969	0.979381443298969	0.979381443298969
GC_00004023	2	2	1	0	0.826923076923077	0.727693446871529	0.774141397487508	0.554054054054054	0.554054054054054	0.554054054054054
GC_00004024	2	2	1	0	0.971807628524046	1.0	0.985702270815812	0.965174129353234	0.965174129353234	0.965174129353234
GC_00004025	2	2	1	0	0.995291902071563	1.0	0.997640396413403	0.993408662900188	0.993408662900188	0.993408662900188
GC_00004026	2	2	1	0	0.978593272171254	1.0	0.989180834621329	0.972477064220184	0.972477064220184	0.972477064220184
GC_00004027	2	2	1	0	0.96031746031746	1.0	0.979757085020243	0.952380952380952	0.952380952380952	0.952380952380952
GC_00004028	2	2	1	0	0.975	1.0	0.987341772151899	0.975	0.975	0.975
GC_00004029	2	2	1	0	0.85632183908046	1.0	0.922600619195047	0.844827586206897	0.844827586206897	0.844827586206897
GC_00004030	2	2	1	0	0.697674418604651	0.990804744837005	0.818794971559947	0.608294930875576	0.608294930875576	0.608294930875576
GC_00004031	2	2	1	0	0.995614035087719	1.0	0.997802197802198	0.995614035087719	0.995614035087719	0.995614035087719
GC_00004032	2	2	1	0	0.672206832871653	0.994497968129309	0.802191640717679	0.567493112947658	0.567493112947658	0.567493112947658
GC_00004033	2	2	1	0	0.825337597725657	1.0	0.904312274895357	0.787313432835821	0.787313432835821	0.787313432835821
GC_00004034	2	2	1	0	0.981042654028436	1.0	0.990430622009569	0.977251184834123	0.977251184834123	0.977251184834123
GC_00004035	2	2	1	0	0.768115942028985	0.958776595744681	0.852921153953462	0.708333333333333	0.708333333333333	0.708333333333333
GC_00004036	2	2	1	0	0.864516129032258	0.993600049468216	0.924574338796978	0.826923076923077	0.826923076923077	0.826923076923077
GC_00004037	2	2	1	0	0.987373737373737	1.0	0.993646759847522	0.984848484848485	0.984848484848485	0.984848484848485
GC_00004038	2	2	1	0	0.76027397260274	0.973601789709171	0.853814461779381	0.646666666666667	0.646666666666667	0.646666666666667
GC_00004039	2	2	1	0	0.800356506238859	0.915853658536586	0.854218730802505	0.68780487804878	0.68780487804878	0.68780487804878
GC_00004040	2	2	1	0	0.691460055096419	0.939256298449612	0.796531181481519	0.596899224806202	0.596899224806202	0.596899224806202
GC_00004041	1	2	2	0	0.971428571428571	1.0	0.985507246376812	0.971428571428571	0.971428571428571	0.971428571428571
GC_00004042	2	2	1	0	0.975155279503106	1.0	0.987421383647799	0.971014492753623	0.971014492753623	0.971014492753623
GC_00004043	2	2	1	0	0.970588235294118	1.0	0.985074626865672	0.958823529411765	0.958823529411765	0.958823529411765
GC_00004044	2	2	1	0	0.992753623188406	1.0	0.996363636363636	0.992753623188406	0.992753623188406	0.992753623188406
GC_00004045	2	2	1	0	0.885521885521885	0.985149253731345	0.932682614682246	0.845771144278607	0.845771144278607	0.845771144278607
GC_00004046	2	2	1	0	0.997429305912596	1.0	0.998712998712999	0.997429305912596	0.997429305912596	0.997429305912596
GC_00004047	2	2	1	0	0.991094147582697	1.0	0.995527156549521	0.988549618320611	0.988549618320611	0.988549618320611
GC_00004048	2	2	1	0	0.913178294573643	1.0	0.954619124797407	0.888372093023256	0.888372093023256	0.888372093023256
GC_00004049	2	2	1	0	0.876741693461951	0.996794871794873	0.932921876346541	0.833333333333333	0.833333333333333	0.833333333333333
GC_00004050	2	2	1	0	0.894937917860554	0.7576301387298	0.820579746969324	0.631687242798354	0.631687242798354	0.631687242798354
GC_00004051	2	2	1	0	1.0	0.992047808764942	0.996008031935745	0.99203187250996	0.99203187250996	0.99203187250996
GC_00004052	2	2	1	0	0.920854271356784	1.0	0.958796599084369	0.898241206030151	0.898241206030151	0.898241206030151
GC_00004053	2	2	1	0	0.956690727373681	0.998891045445919	0.977335557241225	0.94342762063228	0.94342762063228	0.94342762063228
GC_00004054	2	2	1	0	0.994708994708995	1.0	0.997347480106101	0.990476190476191	0.990476190476191	0.990476190476191
GC_00004055	2	2	1	0	0.999438832772166	0.985173798780183	0.992255048543578	0.983416252072968	0.983416252072968	0.983416252072968
GC_00004056	2	2	1	0	0.97489014438167	1.0	0.987285441830896	0.962335216572505	0.962335216572505	0.962335216572505
GC_00004057	2	2	1	0	0.994082840236686	1.0	0.997032640949555	0.994082840236686	0.994082840236686	0.994082840236686
GC_00004058	2	2	1	0	0.931623931623932	0.967216487774764	0.949086629783835	0.884297520661157	0.884297520661157	0.884297520661157
GC_00004059	2	2	1	0	0.947826086956522	0.991379310344828	0.969113610885616	0.922413793103448	0.922413793103448	0.922413793103448
GC_00004060	2	2	1	0	0.997368421052632	1.0	0.998682476943346	0.997368421052632	0.997368421052632	0.997368421052632
GC_00004061	2	2	1	0	0.959183673469388	1.0	0.979166666666667	0.959183673469388	0.959183673469388	0.959183673469388
GC_00004062	2	2	1	0	0.818565400843882	0.96386630532972	0.885293507571043	0.75609756097561	0.75609756097561	0.75609756097561
GC_00004063	2	2	1	0	0.99822695035461	0.974407013643617	0.9861731668273	0.972366148531952	0.972366148531952	0.972366148531952
GC_00004064	2	2	1	0	0.998198198198198	1.0	0.999098286744815	0.994594594594595	0.994594594594595	0.994594594594595
GC_00004065	2	2	1	0	0.970149253731343	1.0	0.984848484848485	0.955223880597015	0.955223880597015	0.955223880597015
GC_00004066	2	2	1	0	0.84822695035461	1.0	0.917881811204912	0.8	0.8	0.8
GC_00004067	2	2	1	0	0.989130434782609	0.855589534488617	0.91752641305066	0.834862385321101	0.834862385321101	0.834862385321101
GC_00004068	2	2	1	0	0.99912739965096	1.0	0.999563509384548	0.99738219895288	0.99738219895288	0.99738219895288
GC_00004069	2	2	1	0	0.89327485380117	0.995633187772927	0.941680664884359	0.851528384279476	0.851528384279476	0.851528384279476
GC_00004070	2	2	1	0	0.955439814814815	1.0	0.977212192956496	0.935763888888889	0.935763888888889	0.935763888888889
GC_00004071	2	2	1	0	0.961748633879781	1.0	0.98050139275766	0.918032786885246	0.918032786885246	0.918032786885246
GC_00004072	2	2	1	0	0.930191972076789	0.994791666666668	0.961407882745693	0.921875	0.921875	0.921875
GC_00004073	1	1	1	0	1.0	1.0	1.0	0.0	0.0	0.0
GC_00004074	1	1	1	0	1.0	1.0	1.0	0.0	0.0	0.0
GC_00004075	1	1	1	0	1.0	1.0	1.0	0.0	0.0	0.0
GC_00004076	1	1	1	0	1.0	1.0	1.0	0.0	0.0	0.0
GC_00004077	1	1	1	0	1.0	1.0	1.0	0.0	0.0	0.0
GC_00004078	1	1	1	0	1.0	1.0	1.0	0.0	0.0	0.0
GC_00004079	1	1	1	0	1.0	1.0	1.0	0.0	0.0	0.0
GC_00004080	1	1	1	0	1.0	1.0	1.0	0.0	0.0	0.0
GC_00004081	1	1	1	0	1.0	1.0	1.0	0.0	0.0	0.0
GC_00004082	1	1	1	0	1.0	1.0	1.0	0.0	0.0	0.0
GC_00004083	1	1	1	0	1.0	1.0	1.0	0.0	0.0	0.0
GC_00004084	1	1	1	0	1.0	1.0	1.0	0.0	0.0	0.0
GC_00004085	1	1	1	0	1.0	1.0	1.0	0.0	0.0	0.0
GC_00004086	1	1	1	0	1.0	1.0	1.0	0.0	0.0	0.0
GC_00004087	1	1	1	0	1.0	1.0	1.0	0.0	0.0	0.0
GC_00004088	1	1	1	0	1.0	1.0	1.0	0.0	0.0	0.0
GC_00004089	1	1	1	0	1.0	1.0	1.0	0.0	0.0	0.0
GC_00004090	1	1	1	0	1.0	1.0	1.0	0.0	0.0	0.0
GC_00004091	1	1	1	0	1.0	1.0	1.0	0.0	0.0	0.0
GC_00004092	1	1	1	0	1.0	1.0	1.0	0.0	0.0	0.0
GC_00004093	1	1	1	0	1.0	1.0	1.0	0.0	0.0	0.0
GC_00004094	1	1	1	0	1.0	1.0	1.0	0.0	0.0	0.0
GC_00004095	1	1	1	0	1.0	1.0	1.0	0.0	0.0	0.0
GC_00004096	1	1	1	0	1.0	1.0	1.0	0.0	0.0	0.0
GC_00004097	1	1	1	0	1.0	1.0	1.0	0.0	0.0	0.0
GC_00004098	1	1	1	0	1.0	1.0	1.0	0.0	0.0	0.0
GC_00004099	1	1	1	0	1.0	1.0	1.0	0.0	0.0	0.0
GC_00004100	1	1	1	0	1.0	1.0	1.0	0.0	0.0	0.0
GC_00004101	1	1	1	0	1.0	1.0	1.0	0.0	0.0	0.0
GC_00004102	1	1	1	0	1.0	1.0	1.0	0.0	0.0	0.0
GC_00004103	1	1	1	0	1.0	1.0	1.0	0.0	0.0	0.0
GC_00004104	1	1	1	0	1.0	1.0	1.0	0.0	0.0	0.0
GC_00004105	1	1	1	0	1.0	1.0	1.0	0.0	0.0	0.0
GC_00004106	1	1	1	0	1.0	1.0	1.0	0.0	0.0	0.0
GC_00004107	1	1	1	0	1.0	1.0	1.0	0.0	0.0	0.0
GC_00004108	1	1	1	0	1.0	1.0	1.0	0.0	0.0	0.0
GC_00004109	1	1	1	0	1.0	1.0	1.0	0.0	0.0	0.0
GC_00004110	1	1	1	0	1.0	1.0	1.0	0.0	0.0	0.0
GC_00004111	1	1	1	0	1.0	1.0	1.0	0.0	0.0	0.0
GC_00004112	1	1	1	0	1.0	1.0	1.0	0.0	0.0	0.0
GC_00004113	1	1	1	0	1.0	1.0	1.0	0.0	0.0	0.0
GC_00004114	1	1	1	0	1.0	1.0	1.0	0.0	0.0	0.0
GC_00004115	1	1	1	0	1.0	1.0	1.0	0.0	0.0	0.0
GC_00004116	1	1	1	0	1.0	1.0	1.0	0.0	0.0	0.0
GC_00004117	1	1	1	0	1.0	1.0	1.0	0.0	0.0	0.0
GC_00004118	1	1	1	0	1.0	1.0	1.0	0.0	0.0	0.0
GC_00004119	1	1	1	0	1.0	1.0	1.0	0.0	0.0	0.0
GC_00004120	1	1	1	0	1.0	1.0	1.0	0.0	0.0	0.0
GC_00004121	1	1	1	0	1.0	1.0	1.0	0.0	0.0	0.0
GC_00004122	1	1	1	0	1.0	1.0	1.0	0.0	0.0	0.0
GC_00004123	1	1	1	0	1.0	1.0	1.0	0.0	0.0	0.0
GC_00004124	1	1	1	0	1.0	1.0	1.0	0.0	0.0	0.0
GC_00004125	1	1	1	0	1.0	1.0	1.0	0.0	0.0	0.0
GC_00004126	1	1	1	0	1.0	1.0	1.0	0.0	0.0	0.0
GC_00004127	1	1	1	0	1.0	1.0	1.0	0.0	0.0	0.0
GC_00004128	1	1	1	0	1.0	1.0	1.0	0.0	0.0	0.0
GC_00004129	1	1	1	0	1.0	1.0	1.0	0.0	0.0	0.0
GC_00004130	1	1	1	0	1.0	1.0	1.0	0.0	0.0	0.0
GC_00004131	1	1	1	0	1.0	1.0	1.0	0.0	0.0	0.0
GC_00004132	1	1	1	0	1.0	1.0	1.0	0.0	0.0	0.0
GC_00004133	1	1	1	0	1.0	1.0	1.0	0.0	0.0	0.0
GC_00004134	1	1	1	0	1.0	1.0	1.0	0.0	0.0	0.0
GC_00004135	1	1	1	0	1.0	1.0	1.0	0.0	0.0	0.0
GC_00004136	1	1	1	0	1.0	1.0	1.0	0.0	0.0	0.0
GC_00004137	1	1	1	0	1.0	1.0	1.0	0.0	0.0	0.0
GC_00004138	1	1	1	0	1.0	1.0	1.0	0.0	0.0	0.0
GC_00004139	1	1	1	0	1.0	1.0	1.0	0.0	0.0	0.0
GC_00004140	1	1	1	0	1.0	1.0	1.0	0.0	0.0	0.0
GC_00004141	1	1	1	0	1.0	1.0	1.0	0.0	0.0	0.0
GC_00004142	1	1	1	0	1.0	1.0	1.0	0.0	0.0	0.0
GC_00004143	1	1	1	0	1.0	1.0	1.0	0.0	0.0	0.0
GC_00004144	1	1	1	0	1.0	1.0	1.0	0.0	0.0	0.0
GC_00004145	1	1	1	0	1.0	1.0	1.0	0.0	0.0	0.0
GC_00004146	1	1	1	0	1.0	1.0	1.0	0.0	0.0	0.0
GC_00004147	1	1	1	0	1.0	1.0	1.0	0.0	0.0	0.0
GC_00004148	1	1	1	0	1.0	1.0	1.0	0.0	0.0	0.0
GC_00004149	1	1	1	0	1.0	1.0	1.0	0.0	0.0	0.0
GC_00004150	1	1	1	0	1.0	1.0	1.0	0.0	0.0	0.0
GC_00004151	1	1	1	0	1.0	1.0	1.0	0.0	0.0	0.0
GC_00004152	1	1	1	0	1.0	1.0	1.0	0.0	0.0	0.0
GC_00004153	1	1	1	0	1.0	1.0	1.0	0.0	0.0	0.0
GC_00004154	1	1	1	0	1.0	1.0	1.0	0.0	0.0	0.0
GC_00004155	1	1	1	0	1.0	1.0	1.0	0.0	0.0	0.0
GC_00004156	1	1	1	0	1.0	1.0	1.0	0.0	0.0	0.0
GC_00004157	1	1	1	0	1.0	1.0	1.0	0.0	0.0	0.0
GC_00004158	1	1	1	0	1.0	1.0	1.0	0.0	0.0	0.0
GC_00004159	1	1	1	0	1.0	1.0	1.0	0.0	0.0	0.0
GC_00004160	1	1	1	0	1.0	1.0	1.0	0.0	0.0	0.0
GC_00004161	1	1	1	0	1.0	1.0	1.0	0.0	0.0	0.0
GC_00004162	1	1	1	0	1.0	1.0	1.0	0.0	0.0	0.0
GC_00004163	1	1	1	0	1.0	1.0	1.0	0.0	0.0	0.0
GC_00004164	1	1	1	0	1.0	1.0	1.0	0.0	0.0	0.0
GC_00004165	1	1	1	0	1.0	1.0	1.0	0.0	0.0	0.0
GC_00004166	1	1	1	0	1.0	1.0	1.0	0.0	0.0	0.0
GC_00004167	1	1	1	0	1.0	1.0	1.0	0.0	0.0	0.0
GC_00004168	1	1	1	0	1.0	1.0	1.0	0.0	0.0	0.0
GC_00004169	1	1	1	0	1.0	1.0	1.0	0.0	0.0	0.0
GC_00004170	1	1	1	0	1.0	1.0	1.0	0.0	0.0	0.0
GC_00004171	1	1	1	0	1.0	1.0	1.0	0.0	0.0	0.0
GC_00004172	1	1	1	0	1.0	1.0	1.0	0.0	0.0	0.0
GC_00004173	1	1	1	0	1.0	1.0	1.0	0.0	0.0	0.0
GC_00004174	1	1	1	0	1.0	1.0	1.0	0.0	0.0	0.0
GC_00004175	1	1	1	0	1.0	1.0	1.0	0.0	0.0	0.0
GC_00004176	1	1	1	0	1.0	1.0	1.0	0.0	0.0	0.0
GC_00004177	1	1	1	0	1.0	1.0	1.0	0.0	0.0	0.0
GC_00004178	1	1	1	0	1.0	1.0	1.0	0.0	0.0	0.0
GC_00004179	1	1	1	0	1.0	1.0	1.0	0.0	0.0	0.0
GC_00004180	1	1	1	0	1.0	1.0	1.0	0.0	0.0	0.0
GC_00004181	1	1	1	0	1.0	1.0	1.0	0.0	0.0	0.0
GC_00004182	1	1	1	0	1.0	1.0	1.0	0.0	0.0	0.0
GC_00004183	1	1	1	0	1.0	1.0	1.0	0.0	0.0	0.0
GC_00004184	1	1	1	0	1.0	1.0	1.0	0.0	0.0	0.0
GC_00004185	1	1	1	0	1.0	1.0	1.0	0.0	0.0	0.0
GC_00004186	1	1	1	0	1.0	1.0	1.0	0.0	0.0	0.0
GC_00004187	1	1	1	0	1.0	1.0	1.0	0.0	0.0	0.0
GC_00004188	1	1	1	0	1.0	1.0	1.0	0.0	0.0	0.0
GC_00004189	1	1	1	0	1.0	1.0	1.0	0.0	0.0	0.0
GC_00004190	1	1	1	0	1.0	1.0	1.0	0.0	0.0	0.0
GC_00004191	1	1	1	0	1.0	1.0	1.0	0.0	0.0	0.0
GC_00004192	1	1	1	0	1.0	1.0	1.0	0.0	0.0	0.0
GC_00004193	1	1	1	0	1.0	1.0	1.0	0.0	0.0	0.0
GC_00004194	1	1	1	0	1.0	1.0	1.0	0.0	0.0	0.0
GC_00004195	1	1	1	0	1.0	1.0	1.0	0.0	0.0	0.0
GC_00004196	1	1	1	0	1.0	1.0	1.0	0.0	0.0	0.0
GC_00004197	1	1	1	0	1.0	1.0	1.0	0.0	0.0	0.0
GC_00004198	1	1	1	0	1.0	1.0	1.0	0.0	0.0	0.0
GC_00004199	1	1	1	0	1.0	1.0	1.0	0.0	0.0	0.0
GC_00004200	1	1	1	0	1.0	1.0	1.0	0.0	0.0	0.0
GC_00004201	1	1	1	0	1.0	1.0	1.0	0.0	0.0	0.0
GC_00004202	1	1	1	0	1.0	1.0	1.0	0.0	0.0	0.0
GC_00004203	1	1	1	0	1.0	1.0	1.0	0.0	0.0	0.0
GC_00004204	1	1	1	0	1.0	1.0	1.0	0.0	0.0	0.0
GC_00004205	1	1	1	0	1.0	1.0	1.0	0.0	0.0	0.0
GC_00004206	1	1	1	0	1.0	1.0	1.0	0.0	0.0	0.0
GC_00004207	1	1	1	0	1.0	1.0	1.0	0.0	0.0	0.0
GC_00004208	1	1	1	0	1.0	1.0	1.0	0.0	0.0	0.0
GC_00004209	1	1	1	0	1.0	1.0	1.0	0.0	0.0	0.0
GC_00004210	1	1	1	0	1.0	1.0	1.0	0.0	0.0	0.0
GC_00004211	1	1	1	0	1.0	1.0	1.0	0.0	0.0	0.0
GC_00004212	1	1	1	0	1.0	1.0	1.0	0.0	0.0	0.0
GC_00004213	1	1	1	0	1.0	1.0	1.0	0.0	0.0	0.0
GC_00004214	1	1	1	0	1.0	1.0	1.0	0.0	0.0	0.0
GC_00004215	1	1	1	0	1.0	1.0	1.0	0.0	0.0	0.0
GC_00004216	1	1	1	0	1.0	1.0	1.0	0.0	0.0	0.0
GC_00004217	1	1	1	0	1.0	1.0	1.0	0.0	0.0	0.0
GC_00004218	1	1	1	0	1.0	1.0	1.0	0.0	0.0	0.0
GC_00004219	1	1	1	0	1.0	1.0	1.0	0.0	0.0	0.0
GC_00004220	1	1	1	0	1.0	1.0	1.0	0.0	0.0	0.0
GC_00004221	1	1	1	0	1.0	1.0	1.0	0.0	0.0	0.0
GC_00004222	1	1	1	0	1.0	1.0	1.0	0.0	0.0	0.0
GC_00004223	1	1	1	0	1.0	1.0	1.0	0.0	0.0	0.0
GC_00004224	1	1	1	0	1.0	1.0	1.0	0.0	0.0	0.0
GC_00004225	1	1	1	0	1.0	1.0	1.0	0.0	0.0	0.0
GC_00004226	1	1	1	0	1.0	1.0	1.0	0.0	0.0	0.0
GC_00004227	1	1	1	0	1.0	1.0	1.0	0.0	0.0	0.0
GC_00004228	1	1	1	0	1.0	1.0	1.0	0.0	0.0	0.0
GC_00004229	1	1	1	0	1.0	1.0	1.0	0.0	0.0	0.0
GC_00004230	1	1	1	0	1.0	1.0	1.0	0.0	0.0	0.0
GC_00004231	1	1	1	0	1.0	1.0	1.0	0.0	0.0	0.0
GC_00004232	1	1	1	0	1.0	1.0	1.0	0.0	0.0	0.0
GC_00004233	1	1	1	0	1.0	1.0	1.0	0.0	0.0	0.0
GC_00004234	1	1	1	0	1.0	1.0	1.0	0.0	0.0	0.0
GC_00004235	1	1	1	0	1.0	1.0	1.0	0.0	0.0	0.0
GC_00004236	1	1	1	0	1.0	1.0	1.0	0.0	0.0	0.0
GC_00004237	1	1	1	0	1.0	1.0	1.0	0.0	0.0	0.0
GC_00004238	1	1	1	0	1.0	1.0	1.0	0.0	0.0	0.0
GC_00004239	1	1	1	0	1.0	1.0	1.0	0.0	0.0	0.0
GC_00004240	1	1	1	0	1.0	1.0	1.0	0.0	0.0	0.0
GC_00004241	1	1	1	0	1.0	1.0	1.0	0.0	0.0	0.0
GC_00004242	1	1	1	0	1.0	1.0	1.0	0.0	0.0	0.0
GC_00004243	1	1	1	0	1.0	1.0	1.0	0.0	0.0	0.0
GC_00004244	1	1	1	0	1.0	1.0	1.0	0.0	0.0	0.0
GC_00004245	1	1	1	0	1.0	1.0	1.0	0.0	0.0	0.0
GC_00004246	1	1	1	0	1.0	1.0	1.0	0.0	0.0	0.0
GC_00004247	1	1	1	0	1.0	1.0	1.0	0.0	0.0	0.0
GC_00004248	1	1	1	0	1.0	1.0	1.0	0.0	0.0	0.0
GC_00004249	1	1	1	0	1.0	1.0	1.0	0.0	0.0	0.0
GC_00004250	1	1	1	0	1.0	1.0	1.0	0.0	0.0	0.0
GC_00004251	1	1	1	0	1.0	1.0	1.0	0.0	0.0	0.0
GC_00004252	1	1	1	0	1.0	1.0	1.0	0.0	0.0	0.0
GC_00004253	1	1	1	0	1.0	1.0	1.0	0.0	0.0	0.0
GC_00004254	1	1	1	0	1.0	1.0	1.0	0.0	0.0	0.0
GC_00004255	1	1	1	0	1.0	1.0	1.0	0.0	0.0	0.0
GC_00004256	1	1	1	0	1.0	1.0	1.0	0.0	0.0	0.0
GC_00004257	1	1	1	0	1.0	1.0	1.0	0.0	0.0	0.0
GC_00004258	1	1	1	0	1.0	1.0	1.0	0.0	0.0	0.0
GC_00004259	1	1	1	0	1.0	1.0	1.0	0.0	0.0	0.0
GC_00004260	1	1	1	0	1.0	1.0	1.0	0.0	0.0	0.0
GC_00004261	1	1	1	0	1.0	1.0	1.0	0.0	0.0	0.0
GC_00004262	1	1	1	0	1.0	1.0	1.0	0.0	0.0	0.0
GC_00004263	1	1	1	0	1.0	1.0	1.0	0.0	0.0	0.0
GC_00004264	1	1	1	0	1.0	1.0	1.0	0.0	0.0	0.0
GC_00004265	1	1	1	0	1.0	1.0	1.0	0.0	0.0	0.0
GC_00004266	1	1	1	0	1.0	1.0	1.0	0.0	0.0	0.0
GC_00004267	1	1	1	0	1.0	1.0	1.0	0.0	0.0	0.0
GC_00004268	1	1	1	0	1.0	1.0	1.0	0.0	0.0	0.0
GC_00004269	1	1	1	0	1.0	1.0	1.0	0.0	0.0	0.0
GC_00004270	1	1	1	0	1.0	1.0	1.0	0.0	0.0	0.0
GC_00004271	1	1	1	0	1.0	1.0	1.0	0.0	0.0	0.0
GC_00004272	1	1	1	0	1.0	1.0	1.0	0.0	0.0	0.0
GC_00004273	1	1	1	0	1.0	1.0	1.0	0.0	0.0	0.0
GC_00004274	1	1	1	0	1.0	1.0	1.0	0.0	0.0	0.0
GC_00004275	1	1	1	0	1.0	1.0	1.0	0.0	0.0	0.0
GC_00004276	1	1	1	0	1.0	1.0	1.0	0.0	0.0	0.0
GC_00004277	1	1	1	0	1.0	1.0	1.0	0.0	0.0	0.0
GC_00004278	1	1	1	0	1.0	1.0	1.0	0.0	0.0	0.0
GC_00004279	1	1	1	0	1.0	1.0	1.0	0.0	0.0	0.0
GC_00004280	1	1	1	0	1.0	1.0	1.0	0.0	0.0	0.0
GC_00004281	1	1	1	0	1.0	1.0	1.0	0.0	0.0	0.0
GC_00004282	1	1	1	0	1.0	1.0	1.0	0.0	0.0	0.0
GC_00004283	1	1	1	0	1.0	1.0	1.0	0.0	0.0	0.0
GC_00004284	1	1	1	0	1.0	1.0	1.0	0.0	0.0	0.0
GC_00004285	1	1	1	0	1.0	1.0	1.0	0.0	0.0	0.0
GC_00004286	1	1	1	0	1.0	1.0	1.0	0.0	0.0	0.0
GC_00004287	1	1	1	0	1.0	1.0	1.0	0.0	0.0	0.0
GC_00004288	1	1	1	0	1.0	1.0	1.0	0.0	0.0	0.0
GC_00004289	1	1	1	0	1.0	1.0	1.0	0.0	0.0	0.0
GC_00004290	1	1	1	0	1.0	1.0	1.0	0.0	0.0	0.0
GC_00004291	1	1	1	0	1.0	1.0	1.0	0.0	0.0	0.0
GC_00004292	1	1	1	0	1.0	1.0	1.0	0.0	0.0	0.0
GC_00004293	1	1	1	0	1.0	1.0	1.0	0.0	0.0	0.0
GC_00004294	1	1	1	0	1.0	1.0	1.0	0.0	0.0	0.0
GC_00004295	1	1	1	0	1.0	1.0	1.0	0.0	0.0	0.0
GC_00004296	1	1	1	0	1.0	1.0	1.0	0.0	0.0	0.0
GC_00004297	1	1	1	0	1.0	1.0	1.0	0.0	0.0	0.0
GC_00004298	1	1	1	0	1.0	1.0	1.0	0.0	0.0	0.0
GC_00004299	1	1	1	0	1.0	1.0	1.0	0.0	0.0	0.0
GC_00004300	1	1	1	0	1.0	1.0	1.0	0.0	0.0	0.0
GC_00004301	1	1	1	0	1.0	1.0	1.0	0.0	0.0	0.0
GC_00004302	1	1	1	0	1.0	1.0	1.0	0.0	0.0	0.0
GC_00004303	1	1	1	0	1.0	1.0	1.0	0.0	0.0	0.0
GC_00004304	1	1	1	0	1.0	1.0	1.0	0.0	0.0	0.0
GC_00004305	1	1	1	0	1.0	1.0	1.0	0.0	0.0	0.0
GC_00004306	1	1	1	0	1.0	1.0	1.0	0.0	0.0	0.0
GC_00004307	1	1	1	0	1.0	1.0	1.0	0.0	0.0	0.0
GC_00004308	1	1	1	0	1.0	1.0	1.0	0.0	0.0	0.0
GC_00004309	1	1	1	0	1.0	1.0	1.0	0.0	0.0	0.0
GC_00004310	1	1	1	0	1.0	1.0	1.0	0.0	0.0	0.0
GC_00004311	1	1	1	0	1.0	1.0	1.0	0.0	0.0	0.0
GC_00004312	1	1	1	0	1.0	1.0	1.0	0.0	0.0	0.0
GC_00004313	1	1	1	0	1.0	1.0	1.0	0.0	0.0	0.0
GC_00004314	1	1	1	0	1.0	1.0	1.0	0.0	0.0	0.0
GC_00004315	1	1	1	0	1.0	1.0	1.0	0.0	0.0	0.0
GC_00004316	1	1	1	0	1.0	1.0	1.0	0.0	0.0	0.0
GC_00004317	1	1	1	0	1.0	1.0	1.0	0.0	0.0	0.0
GC_00004318	1	1	1	0	1.0	1.0	1.0	0.0	0.0	0.0
GC_00004319	1	1	1	0	1.0	1.0	1.0	0.0	0.0	0.0
GC_00004320	1	1	1	0	1.0	1.0	1.0	0.0	0.0	0.0
GC_00004321	1	1	1	0	1.0	1.0	1.0	0.0	0.0	0.0
GC_00004322	1	1	1	0	1.0	1.0	1.0	0.0	0.0	0.0
GC_00004323	1	1	1	0	1.0	1.0	1.0	0.0	0.0	0.0
GC_00004324	1	1	1	0	1.0	1.0	1.0	0.0	0.0	0.0
GC_00004325	1	1	1	0	1.0	1.0	1.0	0.0	0.0	0.0
GC_00004326	1	1	1	0	1.0	1.0	1.0	0.0	0.0	0.0
GC_00004327	1	1	1	0	1.0	1.0	1.0	0.0	0.0	0.0
GC_00004328	1	1	1	0	1.0	1.0	1.0	0.0	0.0	0.0
GC_00004329	1	1	1	0	1.0	1.0	1.0	0.0	0.0	0.0
GC_00004330	1	1	1	0	1.0	1.0	1.0	0.0	0.0	0.0
GC_00004331	1	1	1	0	1.0	1.0	1.0	0.0	0.0	0.0
GC_00004332	1	1	1	0	1.0	1.0	1.0	0.0	0.0	0.0
GC_00004333	1	1	1	0	1.0	1.0	1.0	0.0	0.0	0.0
GC_00004334	1	1	1	0	1.0	1.0	1.0	0.0	0.0	0.0
GC_00004335	1	1	1	0	1.0	1.0	1.0	0.0	0.0	0.0
GC_00004336	1	1	1	0	1.0	1.0	1.0	0.0	0.0	0.0
GC_00004337	1	1	1	0	1.0	1.0	1.0	0.0	0.0	0.0
GC_00004338	1	1	1	0	1.0	1.0	1.0	0.0	0.0	0.0
GC_00004339	1	1	1	0	1.0	1.0	1.0	0.0	0.0	0.0
GC_00004340	1	1	1	0	1.0	1.0	1.0	0.0	0.0	0.0
GC_00004341	1	1	1	0	1.0	1.0	1.0	0.0	0.0	0.0
GC_00004342	1	1	1	0	1.0	1.0	1.0	0.0	0.0	0.0
GC_00004343	1	1	1	0	1.0	1.0	1.0	0.0	0.0	0.0
GC_00004344	1	1	1	0	1.0	1.0	1.0	0.0	0.0	0.0
GC_00004345	1	1	1	0	1.0	1.0	1.0	0.0	0.0	0.0
GC_00004346	1	1	1	0	1.0	1.0	1.0	0.0	0.0	0.0
GC_00004347	1	1	1	0	1.0	1.0	1.0	0.0	0.0	0.0
GC_00004348	1	1	1	0	1.0	1.0	1.0	0.0	0.0	0.0
GC_00004349	1	1	1	0	1.0	1.0	1.0	0.0	0.0	0.0
GC_00004350	1	1	1	0	1.0	1.0	1.0	0.0	0.0	0.0
GC_00004351	1	1	1	0	1.0	1.0	1.0	0.0	0.0	0.0
GC_00004352	1	1	1	0	1.0	1.0	1.0	0.0	0.0	0.0
GC_00004353	1	1	1	0	1.0	1.0	1.0	0.0	0.0	0.0
GC_00004354	1	1	1	0	1.0	1.0	1.0	0.0	0.0	0.0
GC_00004355	1	1	1	0	1.0	1.0	1.0	0.0	0.0	0.0
GC_00004356	1	1	1	0	1.0	1.0	1.0	0.0	0.0	0.0
GC_00004357	1	1	1	0	1.0	1.0	1.0	0.0	0.0	0.0
GC_00004358	1	1	1	0	1.0	1.0	1.0	0.0	0.0	0.0
GC_00004359	1	1	1	0	1.0	1.0	1.0	0.0	0.0	0.0
GC_00004360	1	1	1	0	1.0	1.0	1.0	0.0	0.0	0.0
GC_00004361	1	1	1	0	1.0	1.0	1.0	0.0	0.0	0.0
GC_00004362	1	1	1	0	1.0	1.0	1.0	0.0	0.0	0.0
GC_00004363	1	1	1	0	1.0	1.0	1.0	0.0	0.0	0.0
GC_00004364	1	1	1	0	1.0	1.0	1.0	0.0	0.0	0.0
GC_00004365	1	1	1	0	1.0	1.0	1.0	0.0	0.0	0.0
GC_00004366	1	1	1	0	1.0	1.0	1.0	0.0	0.0	0.0
GC_00004367	1	1	1	0	1.0	1.0	1.0	0.0	0.0	0.0
GC_00004368	1	1	1	0	1.0	1.0	1.0	0.0	0.0	0.0
GC_00004369	1	1	1	0	1.0	1.0	1.0	0.0	0.0	0.0
GC_00004370	1	1	1	0	1.0	1.0	1.0	0.0	0.0	0.0
GC_00004371	1	1	1	0	1.0	1.0	1.0	0.0	0.0	0.0
GC_00004372	1	1	1	0	1.0	1.0	1.0	0.0	0.0	0.0
GC_00004373	1	1	1	0	1.0	1.0	1.0	0.0	0.0	0.0
GC_00004374	1	1	1	0	1.0	1.0	1.0	0.0	0.0	0.0
GC_00004375	1	1	1	0	1.0	1.0	1.0	0.0	0.0	0.0
GC_00004376	1	1	1	0	1.0	1.0	1.0	0.0	0.0	0.0
GC_00004377	1	1	1	0	1.0	1.0	1.0	0.0	0.0	0.0
GC_00004378	1	1	1	0	1.0	1.0	1.0	0.0	0.0	0.0
GC_00004379	1	1	1	0	1.0	1.0	1.0	0.0	0.0	0.0
GC_00004380	1	1	1	0	1.0	1.0	1.0	0.0	0.0	0.0
GC_00004381	1	1	1	0	1.0	1.0	1.0	0.0	0.0	0.0
GC_00004382	1	1	1	0	1.0	1.0	1.0	0.0	0.0	0.0
GC_00004383	1	1	1	0	1.0	1.0	1.0	0.0	0.0	0.0
GC_00004384	1	1	1	0	1.0	1.0	1.0	0.0	0.0	0.0
GC_00004385	1	1	1	0	1.0	1.0	1.0	0.0	0.0	0.0
GC_00004386	1	1	1	0	1.0	1.0	1.0	0.0	0.0	0.0
GC_00004387	1	1	1	0	1.0	1.0	1.0	0.0	0.0	0.0
GC_00004388	1	1	1	0	1.0	1.0	1.0	0.0	0.0	0.0
GC_00004389	1	1	1	0	1.0	1.0	1.0	0.0	0.0	0.0
GC_00004390	1	1	1	0	1.0	1.0	1.0	0.0	0.0	0.0
GC_00004391	1	1	1	0	1.0	1.0	1.0	0.0	0.0	0.0
GC_00004392	1	1	1	0	1.0	1.0	1.0	0.0	0.0	0.0
GC_00004393	1	1	1	0	1.0	1.0	1.0	0.0	0.0	0.0
GC_00004394	1	1	1	0	1.0	1.0	1.0	0.0	0.0	0.0
GC_00004395	1	1	1	0	1.0	1.0	1.0	0.0	0.0	0.0
GC_00004396	1	1	1	0	1.0	1.0	1.0	0.0	0.0	0.0
GC_00004397	1	1	1	0	1.0	1.0	1.0	0.0	0.0	0.0
GC_00004398	1	1	1	0	1.0	1.0	1.0	0.0	0.0	0.0
GC_00004399	1	1	1	0	1.0	1.0	1.0	0.0	0.0	0.0
GC_00004400	1	1	1	0	1.0	1.0	1.0	0.0	0.0	0.0
GC_00004401	1	1	1	0	1.0	1.0	1.0	0.0	0.0	0.0
GC_00004402	1	1	1	0	1.0	1.0	1.0	0.0	0.0	0.0
GC_00004403	1	1	1	0	1.0	1.0	1.0	0.0	0.0	0.0
GC_00004404	1	1	1	0	1.0	1.0	1.0	0.0	0.0	0.0
GC_00004405	1	1	1	0	1.0	1.0	1.0	0.0	0.0	0.0
GC_00004406	1	1	1	0	1.0	1.0	1.0	0.0	0.0	0.0
GC_00004407	1	1	1	0	1.0	1.0	1.0	0.0	0.0	0.0
GC_00004408	1	1	1	0	1.0	1.0	1.0	0.0	0.0	0.0
GC_00004409	1	1	1	0	1.0	1.0	1.0	0.0	0.0	0.0
GC_00004410	1	1	1	0	1.0	1.0	1.0	0.0	0.0	0.0
GC_00004411	1	1	1	0	1.0	1.0	1.0	0.0	0.0	0.0
GC_00004412	1	1	1	0	1.0	1.0	1.0	0.0	0.0	0.0
GC_00004413	1	1	1	0	1.0	1.0	1.0	0.0	0.0	0.0
GC_00004414	1	1	1	0	1.0	1.0	1.0	0.0	0.0	0.0
GC_00004415	1	1	1	0	1.0	1.0	1.0	0.0	0.0	0.0
GC_00004416	1	1	1	0	1.0	1.0	1.0	0.0	0.0	0.0
GC_00004417	1	1	1	0	1.0	1.0	1.0	0.0	0.0	0.0
GC_00004418	1	1	1	0	1.0	1.0	1.0	0.0	0.0	0.0
GC_00004419	1	1	1	0	1.0	1.0	1.0	0.0	0.0	0.0
GC_00004420	1	1	1	0	1.0	1.0	1.0	0.0	0.0	0.0
GC_00004421	1	1	1	0	1.0	1.0	1.0	0.0	0.0	0.0
GC_00004422	1	1	1	0	1.0	1.0	1.0	0.0	0.0	0.0
GC_00004423	1	1	1	0	1.0	1.0	1.0	0.0	0.0	0.0
GC_00004424	1	1	1	0	1.0	1.0	1.0	0.0	0.0	0.0
GC_00004425	1	1	1	0	1.0	1.0	1.0	0.0	0.0	0.0
GC_00004426	1	1	1	0	1.0	1.0	1.0	0.0	0.0	0.0
GC_00004427	1	1	1	0	1.0	1.0	1.0	0.0	0.0	0.0
GC_00004428	1	1	1	0	1.0	1.0	1.0	0.0	0.0	0.0
GC_00004429	1	1	1	0	1.0	1.0	1.0	0.0	0.0	0.0
GC_00004430	1	1	1	0	1.0	1.0	1.0	0.0	0.0	0.0
GC_00004431	1	1	1	0	1.0	1.0	1.0	0.0	0.0	0.0
GC_00004432	1	1	1	0	1.0	1.0	1.0	0.0	0.0	0.0
GC_00004433	1	1	1	0	1.0	1.0	1.0	0.0	0.0	0.0
GC_00004434	1	1	1	0	1.0	1.0	1.0	0.0	0.0	0.0
GC_00004435	1	1	1	0	1.0	1.0	1.0	0.0	0.0	0.0
GC_00004436	1	1	1	0	1.0	1.0	1.0	0.0	0.0	0.0
GC_00004437	1	1	1	0	1.0	1.0	1.0	0.0	0.0	0.0
GC_00004438	1	1	1	0	1.0	1.0	1.0	0.0	0.0	0.0
GC_00004439	1	1	1	0	1.0	1.0	1.0	0.0	0.0	0.0
GC_00004440	1	1	1	0	1.0	1.0	1.0	0.0	0.0	0.0
GC_00004441	1	1	1	0	1.0	1.0	1.0	0.0	0.0	0.0
GC_00004442	1	1	1	0	1.0	1.0	1.0	0.0	0.0	0.0
GC_00004443	1	1	1	0	1.0	1.0	1.0	0.0	0.0	0.0
GC_00004444	1	1	1	0	1.0	1.0	1.0	0.0	0.0	0.0
GC_00004445	1	1	1	0	1.0	1.0	1.0	0.0	0.0	0.0
GC_00004446	1	1	1	0	1.0	1.0	1.0	0.0	0.0	0.0
GC_00004447	1	1	1	0	1.0	1.0	1.0	0.0	0.0	0.0
GC_00004448	1	1	1	0	1.0	1.0	1.0	0.0	0.0	0.0
GC_00004449	1	1	1	0	1.0	1.0	1.0	0.0	0.0	0.0
GC_00004450	1	1	1	0	1.0	1.0	1.0	0.0	0.0	0.0
GC_00004451	1	1	1	0	1.0	1.0	1.0	0.0	0.0	0.0
GC_00004452	1	1	1	0	1.0	1.0	1.0	0.0	0.0	0.0
GC_00004453	1	1	1	0	1.0	1.0	1.0	0.0	0.0	0.0
GC_00004454	1	1	1	0	1.0	1.0	1.0	0.0	0.0	0.0
GC_00004455	1	1	1	0	1.0	1.0	1.0	0.0	0.0	0.0
GC_00004456	1	1	1	0	1.0	1.0	1.0	0.0	0.0	0.0
GC_00004457	1	1	1	0	1.0	1.0	1.0	0.0	0.0	0.0
GC_00004458	1	1	1	0	1.0	1.0	1.0	0.0	0.0	0.0
GC_00004459	1	1	1	0	1.0	1.0	1.0	0.0	0.0	0.0
GC_00004460	1	1	1	0	1.0	1.0	1.0	0.0	0.0	0.0
GC_00004461	1	1	1	0	1.0	1.0	1.0	0.0	0.0	0.0
GC_00004462	1	1	1	0	1.0	1.0	1.0	0.0	0.0	0.0
GC_00004463	1	1	1	0	1.0	1.0	1.0	0.0	0.0	0.0
GC_00004464	1	1	1	0	1.0	1.0	1.0	0.0	0.0	0.0
GC_00004465	1	1	1	0	1.0	1.0	1.0	0.0	0.0	0.0
GC_00004466	1	1	1	0	1.0	1.0	1.0	0.0	0.0	0.0
GC_00004467	1	1	1	0	1.0	1.0	1.0	0.0	0.0	0.0
GC_00004468	1	1	1	0	1.0	1.0	1.0	0.0	0.0	0.0
GC_00004469	1	1	1	0	1.0	1.0	1.0	0.0	0.0	0.0
GC_00004470	1	1	1	0	1.0	1.0	1.0	0.0	0.0	0.0
GC_00004471	1	1	1	0	1.0	1.0	1.0	0.0	0.0	0.0
GC_00004472	1	1	1	0	1.0	1.0	1.0	0.0	0.0	0.0
GC_00004473	1	1	1	0	1.0	1.0	1.0	0.0	0.0	0.0
GC_00004474	1	1	1	0	1.0	1.0	1.0	0.0	0.0	0.0
GC_00004475	1	1	1	0	1.0	1.0	1.0	0.0	0.0	0.0
GC_00004476	1	1	1	0	1.0	1.0	1.0	0.0	0.0	0.0
GC_00004477	1	1	1	0	1.0	1.0	1.0	0.0	0.0	0.0
GC_00004478	1	1	1	0	1.0	1.0	1.0	0.0	0.0	0.0
GC_00004479	1	1	1	0	1.0	1.0	1.0	0.0	0.0	0.0
GC_00004480	1	1	1	0	1.0	1.0	1.0	0.0	0.0	0.0
GC_00004481	1	1	1	0	1.0	1.0	1.0	0.0	0.0	0.0
GC_00004482	1	1	1	0	1.0	1.0	1.0	0.0	0.0	0.0
GC_00004483	1	1	1	0	1.0	1.0	1.0	0.0	0.0	0.0
GC_00004484	1	1	1	0	1.0	1.0	1.0	0.0	0.0	0.0
GC_00004485	1	1	1	0	1.0	1.0	1.0	0.0	0.0	0.0
GC_00004486	1	1	1	0	1.0	1.0	1.0	0.0	0.0	0.0
GC_00004487	1	1	1	0	1.0	1.0	1.0	0.0	0.0	0.0
GC_00004488	1	1	1	0	1.0	1.0	1.0	0.0	0.0	0.0
GC_00004489	1	1	1	0	1.0	1.0	1.0	0.0	0.0	0.0
GC_00004490	1	1	1	0	1.0	1.0	1.0	0.0	0.0	0.0
GC_00004491	1	1	1	0	1.0	1.0	1.0	0.0	0.0	0.0
GC_00004492	1	1	1	0	1.0	1.0	1.0	0.0	0.0	0.0
GC_00004493	1	1	1	0	1.0	1.0	1.0	0.0	0.0	0.0
GC_00004494	1	1	1	0	1.0	1.0	1.0	0.0	0.0	0.0
GC_00004495	1	1	1	0	1.0	1.0	1.0	0.0	0.0	0.0
GC_00004496	1	1	1	0	1.0	1.0	1.0	0.0	0.0	0.0
GC_00004497	1	1	1	0	1.0	1.0	1.0	0.0	0.0	0.0
GC_00004498	1	1	1	0	1.0	1.0	1.0	0.0	0.0	0.0
GC_00004499	1	1	1	0	1.0	1.0	1.0	0.0	0.0	0.0
GC_00004500	1	1	1	0	1.0	1.0	1.0	0.0	0.0	0.0
GC_00004501	1	1	1	0	1.0	1.0	1.0	0.0	0.0	0.0
GC_00004502	1	1	1	0	1.0	1.0	1.0	0.0	0.0	0.0
GC_00004503	1	1	1	0	1.0	1.0	1.0	0.0	0.0	0.0
GC_00004504	1	1	1	0	1.0	1.0	1.0	0.0	0.0	0.0
GC_00004505	1	1	1	0	1.0	1.0	1.0	0.0	0.0	0.0
GC_00004506	1	1	1	0	1.0	1.0	1.0	0.0	0.0	0.0
GC_00004507	1	1	1	0	1.0	1.0	1.0	0.0	0.0	0.0
GC_00004508	1	1	1	0	1.0	1.0	1.0	0.0	0.0	0.0
GC_00004509	1	1	1	0	1.0	1.0	1.0	0.0	0.0	0.0
GC_00004510	1	1	1	0	1.0	1.0	1.0	0.0	0.0	0.0
GC_00004511	1	1	1	0	1.0	1.0	1.0	0.0	0.0	0.0
GC_00004512	1	1	1	0	1.0	1.0	1.0	0.0	0.0	0.0
GC_00004513	1	1	1	0	1.0	1.0	1.0	0.0	0.0	0.0
GC_00004514	1	1	1	0	1.0	1.0	1.0	0.0	0.0	0.0
GC_00004515	1	1	1	0	1.0	1.0	1.0	0.0	0.0	0.0
GC_00004516	1	1	1	0	1.0	1.0	1.0	0.0	0.0	0.0
GC_00004517	1	1	1	0	1.0	1.0	1.0	0.0	0.0	0.0
GC_00004518	1	1	1	0	1.0	1.0	1.0	0.0	0.0	0.0
GC_00004519	1	1	1	0	1.0	1.0	1.0	0.0	0.0	0.0
GC_00004520	1	1	1	0	1.0	1.0	1.0	0.0	0.0	0.0
GC_00004521	1	1	1	0	1.0	1.0	1.0	0.0	0.0	0.0
GC_00004522	1	1	1	0	1.0	1.0	1.0	0.0	0.0	0.0
GC_00004523	1	1	1	0	1.0	1.0	1.0	0.0	0.0	0.0
GC_00004524	1	1	1	0	1.0	1.0	1.0	0.0	0.0	0.0
GC_00004525	1	1	1	0	1.0	1.0	1.0	0.0	0.0	0.0
GC_00004526	1	1	1	0	1.0	1.0	1.0	0.0	0.0	0.0
GC_00004527	1	1	1	0	1.0	1.0	1.0	0.0	0.0	0.0
GC_00004528	1	1	1	0	1.0	1.0	1.0	0.0	0.0	0.0
GC_00004529	1	1	1	0	1.0	1.0	1.0	0.0	0.0	0.0
GC_00004530	1	1	1	0	1.0	1.0	1.0	0.0	0.0	0.0
GC_00004531	1	1	1	0	1.0	1.0	1.0	0.0	0.0	0.0
GC_00004532	1	1	1	0	1.0	1.0	1.0	0.0	0.0	0.0
GC_00004533	1	1	1	0	1.0	1.0	1.0	0.0	0.0	0.0
GC_00004534	1	1	1	0	1.0	1.0	1.0	0.0	0.0	0.0
GC_00004535	1	1	1	0	1.0	1.0	1.0	0.0	0.0	0.0
GC_00004536	1	1	1	0	1.0	1.0	1.0	0.0	0.0	0.0
GC_00004537	1	1	1	0	1.0	1.0	1.0	0.0	0.0	0.0
GC_00004538	1	1	1	0	1.0	1.0	1.0	0.0	0.0	0.0
GC_00004539	1	1	1	0	1.0	1.0	1.0	0.0	0.0	0.0
GC_00004540	1	1	1	0	1.0	1.0	1.0	0.0	0.0	0.0
GC_00004541	1	1	1	0	1.0	1.0	1.0	0.0	0.0	0.0
GC_00004542	1	1	1	0	1.0	1.0	1.0	0.0	0.0	0.0
GC_00004543	1	1	1	0	1.0	1.0	1.0	0.0	0.0	0.0
GC_00004544	1	1	1	0	1.0	1.0	1.0	0.0	0.0	0.0
GC_00004545	1	1	1	0	1.0	1.0	1.0	0.0	0.0	0.0
GC_00004546	1	1	1	0	1.0	1.0	1.0	0.0	0.0	0.0
GC_00004547	1	1	1	0	1.0	1.0	1.0	0.0	0.0	0.0
GC_00004548	1	1	1	0	1.0	1.0	1.0	0.0	0.0	0.0
GC_00004549	1	1	1	0	1.0	1.0	1.0	0.0	0.0	0.0
GC_00004550	1	1	1	0	1.0	1.0	1.0	0.0	0.0	0.0
GC_00004551	1	1	1	0	1.0	1.0	1.0	0.0	0.0	0.0
GC_00004552	1	1	1	0	1.0	1.0	1.0	0.0	0.0	0.0
GC_00004553	1	1	1	0	1.0	1.0	1.0	0.0	0.0	0.0
GC_00004554	1	1	1	0	1.0	1.0	1.0	0.0	0.0	0.0
GC_00004555	1	1	1	0	1.0	1.0	1.0	0.0	0.0	0.0
GC_00004556	1	1	1	0	1.0	1.0	1.0	0.0	0.0	0.0
GC_00004557	1	1	1	0	1.0	1.0	1.0	0.0	0.0	0.0
GC_00004558	1	1	1	0	1.0	1.0	1.0	0.0	0.0	0.0
GC_00004559	1	1	1	0	1.0	1.0	1.0	0.0	0.0	0.0
GC_00004560	1	1	1	0	1.0	1.0	1.0	0.0	0.0	0.0
GC_00004561	1	1	1	0	1.0	1.0	1.0	0.0	0.0	0.0
GC_00004562	1	1	1	0	1.0	1.0	1.0	0.0	0.0	0.0
GC_00004563	1	1	1	0	1.0	1.0	1.0	0.0	0.0	0.0
GC_00004564	1	1	1	0	1.0	1.0	1.0	0.0	0.0	0.0
GC_00004565	1	1	1	0	1.0	1.0	1.0	0.0	0.0	0.0
GC_00004566	1	1	1	0	1.0	1.0	1.0	0.0	0.0	0.0
GC_00004567	1	1	1	0	1.0	1.0	1.0	0.0	0.0	0.0
GC_00004568	1	1	1	0	1.0	1.0	1.0	0.0	0.0	0.0
GC_00004569	1	1	1	0	1.0	1.0	1.0	0.0	0.0	0.0
GC_00004570	1	1	1	0	1.0	1.0	1.0	0.0	0.0	0.0
GC_00004571	1	1	1	0	1.0	1.0	1.0	0.0	0.0	0.0
GC_00004572	1	1	1	0	1.0	1.0	1.0	0.0	0.0	0.0
GC_00004573	1	1	1	0	1.0	1.0	1.0	0.0	0.0	0.0
GC_00004574	1	1	1	0	1.0	1.0	1.0	0.0	0.0	0.0
GC_00004575	1	1	1	0	1.0	1.0	1.0	0.0	0.0	0.0
GC_00004576	1	1	1	0	1.0	1.0	1.0	0.0	0.0	0.0
GC_00004577	1	1	1	0	1.0	1.0	1.0	0.0	0.0	0.0
GC_00004578	1	1	1	0	1.0	1.0	1.0	0.0	0.0	0.0
GC_00004579	1	1	1	0	1.0	1.0	1.0	0.0	0.0	0.0
GC_00004580	1	1	1	0	1.0	1.0	1.0	0.0	0.0	0.0
GC_00004581	1	1	1	0	1.0	1.0	1.0	0.0	0.0	0.0
GC_00004582	1	1	1	0	1.0	1.0	1.0	0.0	0.0	0.0
GC_00004583	1	1	1	0	1.0	1.0	1.0	0.0	0.0	0.0
GC_00004584	1	1	1	0	1.0	1.0	1.0	0.0	0.0	0.0
GC_00004585	1	1	1	0	1.0	1.0	1.0	0.0	0.0	0.0
GC_00004586	1	1	1	0	1.0	1.0	1.0	0.0	0.0	0.0
GC_00004587	1	1	1	0	1.0	1.0	1.0	0.0	0.0	0.0
GC_00004588	1	1	1	0	1.0	1.0	1.0	0.0	0.0	0.0
GC_00004589	1	1	1	0	1.0	1.0	1.0	0.0	0.0	0.0
GC_00004590	1	1	1	0	1.0	1.0	1.0	0.0	0.0	0.0
GC_00004591	1	1	1	0	1.0	1.0	1.0	0.0	0.0	0.0
GC_00004592	1	1	1	0	1.0	1.0	1.0	0.0	0.0	0.0
GC_00004593	1	1	1	0	1.0	1.0	1.0	0.0	0.0	0.0
GC_00004594	1	1	1	0	1.0	1.0	1.0	0.0	0.0	0.0
GC_00004595	1	1	1	0	1.0	1.0	1.0	0.0	0.0	0.0
GC_00004596	1	1	1	0	1.0	1.0	1.0	0.0	0.0	0.0
GC_00004597	1	1	1	0	1.0	1.0	1.0	0.0	0.0	0.0
GC_00004598	1	1	1	0	1.0	1.0	1.0	0.0	0.0	0.0
GC_00004599	1	1	1	0	1.0	1.0	1.0	0.0	0.0	0.0
GC_00004600	1	1	1	0	1.0	1.0	1.0	0.0	0.0	0.0
GC_00004601	1	1	1	0	1.0	1.0	1.0	0.0	0.0	0.0
GC_00004602	1	1	1	0	1.0	1.0	1.0	0.0	0.0	0.0
GC_00004603	1	1	1	0	1.0	1.0	1.0	0.0	0.0	0.0
GC_00004604	1	1	1	0	1.0	1.0	1.0	0.0	0.0	0.0
GC_00004605	1	1	1	0	1.0	1.0	1.0	0.0	0.0	0.0
GC_00004606	1	1	1	0	1.0	1.0	1.0	0.0	0.0	0.0
GC_00004607	1	1	1	0	1.0	1.0	1.0	0.0	0.0	0.0
GC_00004608	1	1	1	0	1.0	1.0	1.0	0.0	0.0	0.0
GC_00004609	1	1	1	0	1.0	1.0	1.0	0.0	0.0	0.0
GC_00004610	1	1	1	0	1.0	1.0	1.0	0.0	0.0	0.0
GC_00004611	1	1	1	0	1.0	1.0	1.0	0.0	0.0	0.0
GC_00004612	1	1	1	0	1.0	1.0	1.0	0.0	0.0	0.0
GC_00004613	1	1	1	0	1.0	1.0	1.0	0.0	0.0	0.0
GC_00004614	1	1	1	0	1.0	1.0	1.0	0.0	0.0	0.0
GC_00004615	1	1	1	0	1.0	1.0	1.0	0.0	0.0	0.0
GC_00004616	1	1	1	0	1.0	1.0	1.0	0.0	0.0	0.0
GC_00004617	1	1	1	0	1.0	1.0	1.0	0.0	0.0	0.0
GC_00004618	1	1	1	0	1.0	1.0	1.0	0.0	0.0	0.0
GC_00004619	1	1	1	0	1.0	1.0	1.0	0.0	0.0	0.0
GC_00004620	1	1	1	0	1.0	1.0	1.0	0.0	0.0	0.0
GC_00004621	1	1	1	0	1.0	1.0	1.0	0.0	0.0	0.0
GC_00004622	1	1	1	0	1.0	1.0	1.0	0.0	0.0	0.0
GC_00004623	1	1	1	0	1.0	1.0	1.0	0.0	0.0	0.0
GC_00004624	1	1	1	0	1.0	1.0	1.0	0.0	0.0	0.0
GC_00004625	1	1	1	0	1.0	1.0	1.0	0.0	0.0	0.0
GC_00004626	1	1	1	0	1.0	1.0	1.0	0.0	0.0	0.0
GC_00004627	1	1	1	0	1.0	1.0	1.0	0.0	0.0	0.0
GC_00004628	1	1	1	0	1.0	1.0	1.0	0.0	0.0	0.0
GC_00004629	1	1	1	0	1.0	1.0	1.0	0.0	0.0	0.0
GC_00004630	1	1	1	0	1.0	1.0	1.0	0.0	0.0	0.0
GC_00004631	1	1	1	0	1.0	1.0	1.0	0.0	0.0	0.0
GC_00004632	1	1	1	0	1.0	1.0	1.0	0.0	0.0	0.0
GC_00004633	1	1	1	0	1.0	1.0	1.0	0.0	0.0	0.0
GC_00004634	1	1	1	0	1.0	1.0	1.0	0.0	0.0	0.0
GC_00004635	1	1	1	0	1.0	1.0	1.0	0.0	0.0	0.0
GC_00004636	1	1	1	0	1.0	1.0	1.0	0.0	0.0	0.0
GC_00004637	1	1	1	0	1.0	1.0	1.0	0.0	0.0	0.0
GC_00004638	1	1	1	0	1.0	1.0	1.0	0.0	0.0	0.0
GC_00004639	1	1	1	0	1.0	1.0	1.0	0.0	0.0	0.0
GC_00004640	1	1	1	0	1.0	1.0	1.0	0.0	0.0	0.0
GC_00004641	1	1	1	0	1.0	1.0	1.0	0.0	0.0	0.0
GC_00004642	1	1	1	0	1.0	1.0	1.0	0.0	0.0	0.0
GC_00004643	1	1	1	0	1.0	1.0	1.0	0.0	0.0	0.0
GC_00004644	1	1	1	0	1.0	1.0	1.0	0.0	0.0	0.0
GC_00004645	1	1	1	0	1.0	1.0	1.0	0.0	0.0	0.0
GC_00004646	1	1	1	0	1.0	1.0	1.0	0.0	0.0	0.0
GC_00004647	1	1	1	0	1.0	1.0	1.0	0.0	0.0	0.0
GC_00004648	1	1	1	0	1.0	1.0	1.0	0.0	0.0	0.0
GC_00004649	1	1	1	0	1.0	1.0	1.0	0.0	0.0	0.0
GC_00004650	1	1	1	0	1.0	1.0	1.0	0.0	0.0	0.0
GC_00004651	1	1	1	0	1.0	1.0	1.0	0.0	0.0	0.0
GC_00004652	1	1	1	0	1.0	1.0	1.0	0.0	0.0	0.0
GC_00004653	1	1	1	0	1.0	1.0	1.0	0.0	0.0	0.0
GC_00004654	1	1	1	0	1.0	1.0	1.0	0.0	0.0	0.0
GC_00004655	1	1	1	0	1.0	1.0	1.0	0.0	0.0	0.0
GC_00004656	1	1	1	0	1.0	1.0	1.0	0.0	0.0	0.0
GC_00004657	1	1	1	0	1.0	1.0	1.0	0.0	0.0	0.0
GC_00004658	1	1	1	0	1.0	1.0	1.0	0.0	0.0	0.0
GC_00004659	1	1	1	0	1.0	1.0	1.0	0.0	0.0	0.0
GC_00004660	1	1	1	0	1.0	1.0	1.0	0.0	0.0	0.0
GC_00004661	1	1	1	0	1.0	1.0	1.0	0.0	0.0	0.0
GC_00004662	1	1	1	0	1.0	1.0	1.0	0.0	0.0	0.0
GC_00004663	1	1	1	0	1.0	1.0	1.0	0.0	0.0	0.0
GC_00004664	1	1	1	0	1.0	1.0	1.0	0.0	0.0	0.0
GC_00004665	1	1	1	0	1.0	1.0	1.0	0.0	0.0	0.0
GC_00004666	1	1	1	0	1.0	1.0	1.0	0.0	0.0	0.0
GC_00004667	1	1	1	0	1.0	1.0	1.0	0.0	0.0	0.0
GC_00004668	1	1	1	0	1.0	1.0	1.0	0.0	0.0	0.0
GC_00004669	1	1	1	0	1.0	1.0	1.0	0.0	0.0	0.0
GC_00004670	1	1	1	0	1.0	1.0	1.0	0.0	0.0	0.0
GC_00004671	1	1	1	0	1.0	1.0	1.0	0.0	0.0	0.0
GC_00004672	1	1	1	0	1.0	1.0	1.0	0.0	0.0	0.0
GC_00004673	1	1	1	0	1.0	1.0	1.0	0.0	0.0	0.0
GC_00004674	1	1	1	0	1.0	1.0	1.0	0.0	0.0	0.0
GC_00004675	1	1	1	0	1.0	1.0	1.0	0.0	0.0	0.0
GC_00004676	1	1	1	0	1.0	1.0	1.0	0.0	0.0	0.0
GC_00004677	1	1	1	0	1.0	1.0	1.0	0.0	0.0	0.0
GC_00004678	1	1	1	0	1.0	1.0	1.0	0.0	0.0	0.0
GC_00004679	1	1	1	0	1.0	1.0	1.0	0.0	0.0	0.0
GC_00004680	1	1	1	0	1.0	1.0	1.0	0.0	0.0	0.0
GC_00004681	1	1	1	0	1.0	1.0	1.0	0.0	0.0	0.0
GC_00004682	1	1	1	0	1.0	1.0	1.0	0.0	0.0	0.0
GC_00004683	1	1	1	0	1.0	1.0	1.0	0.0	0.0	0.0
GC_00004684	1	1	1	0	1.0	1.0	1.0	0.0	0.0	0.0
GC_00004685	1	1	1	0	1.0	1.0	1.0	0.0	0.0	0.0
GC_00004686	1	1	1	0	1.0	1.0	1.0	0.0	0.0	0.0
GC_00004687	1	1	1	0	1.0	1.0	1.0	0.0	0.0	0.0
GC_00004688	1	1	1	0	1.0	1.0	1.0	0.0	0.0	0.0
GC_00004689	1	1	1	0	1.0	1.0	1.0	0.0	0.0	0.0
GC_00004690	1	1	1	0	1.0	1.0	1.0	0.0	0.0	0.0
GC_00004691	1	1	1	0	1.0	1.0	1.0	0.0	0.0	0.0
GC_00004692	1	1	1	0	1.0	1.0	1.0	0.0	0.0	0.0
GC_00004693	1	1	1	0	1.0	1.0	1.0	0.0	0.0	0.0
GC_00004694	1	1	1	0	1.0	1.0	1.0	0.0	0.0	0.0
GC_00004695	1	1	1	0	1.0	1.0	1.0	0.0	0.0	0.0
GC_00004696	1	1	1	0	1.0	1.0	1.0	0.0	0.0	0.0
GC_00004697	1	1	1	0	1.0	1.0	1.0	0.0	0.0	0.0
GC_00004698	1	1	1	0	1.0	1.0	1.0	0.0	0.0	0.0
GC_00004699	1	1	1	0	1.0	1.0	1.0	0.0	0.0	0.0
GC_00004700	1	1	1	0	1.0	1.0	1.0	0.0	0.0	0.0
GC_00004701	1	1	1	0	1.0	1.0	1.0	0.0	0.0	0.0
GC_00004702	1	1	1	0	1.0	1.0	1.0	0.0	0.0	0.0
GC_00004703	1	1	1	0	1.0	1.0	1.0	0.0	0.0	0.0
GC_00004704	1	1	1	0	1.0	1.0	1.0	0.0	0.0	0.0
GC_00004705	1	1	1	0	1.0	1.0	1.0	0.0	0.0	0.0
GC_00004706	1	1	1	0	1.0	1.0	1.0	0.0	0.0	0.0
GC_00004707	1	1	1	0	1.0	1.0	1.0	0.0	0.0	0.0
GC_00004708	1	1	1	0	1.0	1.0	1.0	0.0	0.0	0.0
GC_00004709	1	1	1	0	1.0	1.0	1.0	0.0	0.0	0.0
GC_00004710	1	1	1	0	1.0	1.0	1.0	0.0	0.0	0.0
GC_00004711	1	1	1	0	1.0	1.0	1.0	0.0	0.0	0.0
GC_00004712	1	1	1	0	1.0	1.0	1.0	0.0	0.0	0.0
GC_00004713	1	1	1	0	1.0	1.0	1.0	0.0	0.0	0.0
GC_00004714	1	1	1	0	1.0	1.0	1.0	0.0	0.0	0.0
GC_00004715	1	1	1	0	1.0	1.0	1.0	0.0	0.0	0.0
GC_00004716	1	1	1	0	1.0	1.0	1.0	0.0	0.0	0.0
GC_00004717	1	1	1	0	1.0	1.0	1.0	0.0	0.0	0.0
GC_00004718	1	1	1	0	1.0	1.0	1.0	0.0	0.0	0.0
GC_00004719	1	1	1	0	1.0	1.0	1.0	0.0	0.0	0.0
GC_00004720	1	1	1	0	1.0	1.0	1.0	0.0	0.0	0.0
GC_00004721	1	1	1	0	1.0	1.0	1.0	0.0	0.0	0.0
GC_00004722	1	1	1	0	1.0	1.0	1.0	0.0	0.0	0.0
GC_00004723	1	1	1	0	1.0	1.0	1.0	0.0	0.0	0.0
GC_00004724	1	1	1	0	1.0	1.0	1.0	0.0	0.0	0.0
GC_00004725	1	1	1	0	1.0	1.0	1.0	0.0	0.0	0.0
GC_00004726	1	1	1	0	1.0	1.0	1.0	0.0	0.0	0.0
GC_00004727	1	1	1	0	1.0	1.0	1.0	0.0	0.0	0.0
GC_00004728	1	1	1	0	1.0	1.0	1.0	0.0	0.0	0.0
GC_00004729	1	1	1	0	1.0	1.0	1.0	0.0	0.0	0.0
GC_00004730	1	1	1	0	1.0	1.0	1.0	0.0	0.0	0.0
GC_00004731	1	1	1	0	1.0	1.0	1.0	0.0	0.0	0.0
GC_00004732	1	1	1	0	1.0	1.0	1.0	0.0	0.0	0.0
GC_00004733	1	1	1	0	1.0	1.0	1.0	0.0	0.0	0.0
GC_00004734	1	1	1	0	1.0	1.0	1.0	0.0	0.0	0.0
GC_00004735	1	1	1	0	1.0	1.0	1.0	0.0	0.0	0.0
GC_00004736	1	1	1	0	1.0	1.0	1.0	0.0	0.0	0.0
GC_00004737	1	1	1	0	1.0	1.0	1.0	0.0	0.0	0.0
GC_00004738	1	1	1	0	1.0	1.0	1.0	0.0	0.0	0.0
GC_00004739	1	1	1	0	1.0	1.0	1.0	0.0	0.0	0.0
GC_00004740	1	1	1	0	1.0	1.0	1.0	0.0	0.0	0.0
GC_00004741	1	1	1	0	1.0	1.0	1.0	0.0	0.0	0.0
GC_00004742	1	1	1	0	1.0	1.0	1.0	0.0	0.0	0.0
GC_00004743	1	1	1	0	1.0	1.0	1.0	0.0	0.0	0.0
GC_00004744	1	1	1	0	1.0	1.0	1.0	0.0	0.0	0.0
GC_00004745	1	1	1	0	1.0	1.0	1.0	0.0	0.0	0.0
GC_00004746	1	1	1	0	1.0	1.0	1.0	0.0	0.0	0.0
GC_00004747	1	1	1	0	1.0	1.0	1.0	0.0	0.0	0.0
GC_00004748	1	1	1	0	1.0	1.0	1.0	0.0	0.0	0.0
GC_00004749	1	1	1	0	1.0	1.0	1.0	0.0	0.0	0.0
GC_00004750	1	1	1	0	1.0	1.0	1.0	0.0	0.0	0.0
GC_00004751	1	1	1	0	1.0	1.0	1.0	0.0	0.0	0.0
GC_00004752	1	1	1	0	1.0	1.0	1.0	0.0	0.0	0.0
GC_00004753	1	1	1	0	1.0	1.0	1.0	0.0	0.0	0.0
GC_00004754	1	1	1	0	1.0	1.0	1.0	0.0	0.0	0.0
GC_00004755	1	1	1	0	1.0	1.0	1.0	0.0	0.0	0.0
GC_00004756	1	1	1	0	1.0	1.0	1.0	0.0	0.0	0.0
GC_00004757	1	1	1	0	1.0	1.0	1.0	0.0	0.0	0.0
GC_00004758	1	1	1	0	1.0	1.0	1.0	0.0	0.0	0.0
GC_00004759	1	1	1	0	1.0	1.0	1.0	0.0	0.0	0.0
GC_00004760	1	1	1	0	1.0	1.0	1.0	0.0	0.0	0.0
GC_00004761	1	1	1	0	1.0	1.0	1.0	0.0	0.0	0.0
GC_00004762	1	1	1	0	1.0	1.0	1.0	0.0	0.0	0.0
GC_00004763	1	1	1	0	1.0	1.0	1.0	0.0	0.0	0.0
GC_00004764	1	1	1	0	1.0	1.0	1.0	0.0	0.0	0.0
GC_00004765	1	1	1	0	1.0	1.0	1.0	0.0	0.0	0.0
GC_00004766	1	1	1	0	1.0	1.0	1.0	0.0	0.0	0.0
GC_00004767	1	1	1	0	1.0	1.0	1.0	0.0	0.0	0.0
GC_00004768	1	1	1	0	1.0	1.0	1.0	0.0	0.0	0.0
GC_00004769	1	1	1	0	1.0	1.0	1.0	0.0	0.0	0.0
GC_00004770	1	1	1	0	1.0	1.0	1.0	0.0	0.0	0.0
GC_00004771	1	1	1	0	1.0	1.0	1.0	0.0	0.0	0.0
GC_00004772	1	1	1	0	1.0	1.0	1.0	0.0	0.0	0.0
GC_00004773	1	1	1	0	1.0	1.0	1.0	0.0	0.0	0.0
GC_00004774	1	1	1	0	1.0	1.0	1.0	0.0	0.0	0.0
GC_00004775	1	1	1	0	1.0	1.0	1.0	0.0	0.0	0.0
GC_00004776	1	1	1	0	1.0	1.0	1.0	0.0	0.0	0.0
GC_00004777	1	1	1	0	1.0	1.0	1.0	0.0	0.0	0.0
GC_00004778	1	1	1	0	1.0	1.0	1.0	0.0	0.0	0.0
GC_00004779	1	1	1	0	1.0	1.0	1.0	0.0	0.0	0.0
GC_00004780	1	1	1	0	1.0	1.0	1.0	0.0	0.0	0.0
GC_00004781	1	1	1	0	1.0	1.0	1.0	0.0	0.0	0.0
GC_00004782	1	1	1	0	1.0	1.0	1.0	0.0	0.0	0.0
GC_00004783	1	1	1	0	1.0	1.0	1.0	0.0	0.0	0.0
GC_00004784	1	1	1	0	1.0	1.0	1.0	0.0	0.0	0.0
GC_00004785	1	1	1	0	1.0	1.0	1.0	0.0	0.0	0.0
GC_00004786	1	1	1	0	1.0	1.0	1.0	0.0	0.0	0.0
GC_00004787	1	1	1	0	1.0	1.0	1.0	0.0	0.0	0.0
GC_00004788	1	1	1	0	1.0	1.0	1.0	0.0	0.0	0.0
GC_00004789	1	1	1	0	1.0	1.0	1.0	0.0	0.0	0.0
GC_00004790	1	1	1	0	1.0	1.0	1.0	0.0	0.0	0.0
GC_00004791	1	1	1	0	1.0	1.0	1.0	0.0	0.0	0.0
GC_00004792	1	1	1	0	1.0	1.0	1.0	0.0	0.0	0.0
GC_00004793	1	1	1	0	1.0	1.0	1.0	0.0	0.0	0.0
GC_00004794	1	1	1	0	1.0	1.0	1.0	0.0	0.0	0.0
GC_00004795	1	1	1	0	1.0	1.0	1.0	0.0	0.0	0.0
GC_00004796	1	1	1	0	1.0	1.0	1.0	0.0	0.0	0.0
GC_00004797	1	1	1	0	1.0	1.0	1.0	0.0	0.0	0.0
GC_00004798	1	1	1	0	1.0	1.0	1.0	0.0	0.0	0.0
GC_00004799	1	1	1	0	1.0	1.0	1.0	0.0	0.0	0.0
GC_00004800	1	1	1	0	1.0	1.0	1.0	0.0	0.0	0.0
GC_00004801	1	1	1	0	1.0	1.0	1.0	0.0	0.0	0.0
GC_00004802	1	1	1	0	1.0	1.0	1.0	0.0	0.0	0.0
GC_00004803	1	1	1	0	1.0	1.0	1.0	0.0	0.0	0.0
GC_00004804	1	1	1	0	1.0	1.0	1.0	0.0	0.0	0.0
GC_00004805	1	1	1	0	1.0	1.0	1.0	0.0	0.0	0.0
GC_00004806	1	1	1	0	1.0	1.0	1.0	0.0	0.0	0.0
GC_00004807	1	1	1	0	1.0	1.0	1.0	0.0	0.0	0.0
GC_00004808	1	1	1	0	1.0	1.0	1.0	0.0	0.0	0.0
GC_00004809	1	1	1	0	1.0	1.0	1.0	0.0	0.0	0.0
GC_00004810	1	1	1	0	1.0	1.0	1.0	0.0	0.0	0.0
GC_00004811	1	1	1	0	1.0	1.0	1.0	0.0	0.0	0.0
GC_00004812	1	1	1	0	1.0	1.0	1.0	0.0	0.0	0.0
GC_00004813	1	1	1	0	1.0	1.0	1.0	0.0	0.0	0.0
GC_00004814	1	1	1	0	1.0	1.0	1.0	0.0	0.0	0.0
GC_00004815	1	1	1	0	1.0	1.0	1.0	0.0	0.0	0.0
GC_00004816	1	1	1	0	1.0	1.0	1.0	0.0	0.0	0.0
GC_00004817	1	1	1	0	1.0	1.0	1.0	0.0	0.0	0.0
GC_00004818	1	1	1	0	1.0	1.0	1.0	0.0	0.0	0.0
GC_00004819	1	1	1	0	1.0	1.0	1.0	0.0	0.0	0.0
GC_00004820	1	1	1	0	1.0	1.0	1.0	0.0	0.0	0.0
GC_00004821	1	1	1	0	1.0	1.0	1.0	0.0	0.0	0.0
GC_00004822	1	1	1	0	1.0	1.0	1.0	0.0	0.0	0.0
GC_00004823	1	1	1	0	1.0	1.0	1.0	0.0	0.0	0.0
GC_00004824	1	1	1	0	1.0	1.0	1.0	0.0	0.0	0.0
GC_00004825	1	1	1	0	1.0	1.0	1.0	0.0	0.0	0.0
GC_00004826	1	1	1	0	1.0	1.0	1.0	0.0	0.0	0.0
GC_00004827	1	1	1	0	1.0	1.0	1.0	0.0	0.0	0.0
GC_00004828	1	1	1	0	1.0	1.0	1.0	0.0	0.0	0.0
GC_00004829	1	1	1	0	1.0	1.0	1.0	0.0	0.0	0.0
GC_00004830	1	1	1	0	1.0	1.0	1.0	0.0	0.0	0.0
GC_00004831	1	1	1	0	1.0	1.0	1.0	0.0	0.0	0.0
GC_00004832	1	1	1	0	1.0	1.0	1.0	0.0	0.0	0.0
GC_00004833	1	1	1	0	1.0	1.0	1.0	0.0	0.0	0.0
GC_00004834	1	1	1	0	1.0	1.0	1.0	0.0	0.0	0.0
GC_00004835	1	1	1	0	1.0	1.0	1.0	0.0	0.0	0.0
GC_00004836	1	1	1	0	1.0	1.0	1.0	0.0	0.0	0.0
GC_00004837	1	1	1	0	1.0	1.0	1.0	0.0	0.0	0.0
GC_00004838	1	1	1	0	1.0	1.0	1.0	0.0	0.0	0.0
GC_00004839	1	1	1	0	1.0	1.0	1.0	0.0	0.0	0.0
GC_00004840	1	1	1	0	1.0	1.0	1.0	0.0	0.0	0.0
GC_00004841	1	1	1	0	1.0	1.0	1.0	0.0	0.0	0.0
GC_00004842	1	1	1	0	1.0	1.0	1.0	0.0	0.0	0.0
GC_00004843	1	1	1	0	1.0	1.0	1.0	0.0	0.0	0.0
GC_00004844	1	1	1	0	1.0	1.0	1.0	0.0	0.0	0.0
GC_00004845	1	1	1	0	1.0	1.0	1.0	0.0	0.0	0.0
GC_00004846	1	1	1	0	1.0	1.0	1.0	0.0	0.0	0.0
GC_00004847	1	1	1	0	1.0	1.0	1.0	0.0	0.0	0.0
GC_00004848	1	1	1	0	1.0	1.0	1.0	0.0	0.0	0.0
GC_00004849	1	1	1	0	1.0	1.0	1.0	0.0	0.0	0.0
GC_00004850	1	1	1	0	1.0	1.0	1.0	0.0	0.0	0.0
GC_00004851	1	1	1	0	1.0	1.0	1.0	0.0	0.0	0.0
GC_00004852	1	1	1	0	1.0	1.0	1.0	0.0	0.0	0.0
GC_00004853	1	1	1	0	1.0	1.0	1.0	0.0	0.0	0.0
GC_00004854	1	1	1	0	1.0	1.0	1.0	0.0	0.0	0.0
GC_00004855	1	1	1	0	1.0	1.0	1.0	0.0	0.0	0.0
GC_00004856	1	1	1	0	1.0	1.0	1.0	0.0	0.0	0.0
GC_00004857	1	1	1	0	1.0	1.0	1.0	0.0	0.0	0.0
GC_00004858	1	1	1	0	1.0	1.0	1.0	0.0	0.0	0.0
GC_00004859	1	1	1	0	1.0	1.0	1.0	0.0	0.0	0.0
GC_00004860	1	1	1	0	1.0	1.0	1.0	0.0	0.0	0.0
GC_00004861	1	1	1	0	1.0	1.0	1.0	0.0	0.0	0.0
GC_00004862	1	1	1	0	1.0	1.0	1.0	0.0	0.0	0.0
GC_00004863	1	1	1	0	1.0	1.0	1.0	0.0	0.0	0.0
GC_00004864	1	1	1	0	1.0	1.0	1.0	0.0	0.0	0.0
GC_00004865	1	1	1	0	1.0	1.0	1.0	0.0	0.0	0.0
GC_00004866	1	1	1	0	1.0	1.0	1.0	0.0	0.0	0.0
GC_00004867	1	1	1	0	1.0	1.0	1.0	0.0	0.0	0.0
GC_00004868	1	1	1	0	1.0	1.0	1.0	0.0	0.0	0.0
GC_00004869	1	1	1	0	1.0	1.0	1.0	0.0	0.0	0.0
GC_00004870	1	1	1	0	1.0	1.0	1.0	0.0	0.0	0.0
GC_00004871	1	1	1	0	1.0	1.0	1.0	0.0	0.0	0.0
GC_00004872	1	1	1	0	1.0	1.0	1.0	0.0	0.0	0.0
GC_00004873	1	1	1	0	1.0	1.0	1.0	0.0	0.0	0.0
GC_00004874	1	1	1	0	1.0	1.0	1.0	0.0	0.0	0.0
GC_00004875	1	1	1	0	1.0	1.0	1.0	0.0	0.0	0.0
GC_00004876	1	1	1	0	1.0	1.0	1.0	0.0	0.0	0.0
GC_00004877	1	1	1	0	1.0	1.0	1.0	0.0	0.0	0.0
GC_00004878	1	1	1	0	1.0	1.0	1.0	0.0	0.0	0.0
GC_00004879	1	1	1	0	1.0	1.0	1.0	0.0	0.0	0.0
GC_00004880	1	1	1	0	1.0	1.0	1.0	0.0	0.0	0.0
GC_00004881	1	1	1	0	1.0	1.0	1.0	0.0	0.0	0.0
GC_00004882	1	1	1	0	1.0	1.0	1.0	0.0	0.0	0.0
GC_00004883	1	1	1	0	1.0	1.0	1.0	0.0	0.0	0.0
GC_00004884	1	1	1	0	1.0	1.0	1.0	0.0	0.0	0.0
GC_00004885	1	1	1	0	1.0	1.0	1.0	0.0	0.0	0.0
GC_00004886	1	1	1	0	1.0	1.0	1.0	0.0	0.0	0.0
GC_00004887	1	1	1	0	1.0	1.0	1.0	0.0	0.0	0.0
GC_00004888	1	1	1	0	1.0	1.0	1.0	0.0	0.0	0.0
GC_00004889	1	1	1	0	1.0	1.0	1.0	0.0	0.0	0.0
GC_00004890	1	1	1	0	1.0	1.0	1.0	0.0	0.0	0.0
GC_00004891	1	1	1	0	1.0	1.0	1.0	0.0	0.0	0.0
GC_00004892	1	1	1	0	1.0	1.0	1.0	0.0	0.0	0.0
GC_00004893	1	1	1	0	1.0	1.0	1.0	0.0	0.0	0.0
GC_00004894	1	1	1	0	1.0	1.0	1.0	0.0	0.0	0.0
GC_00004895	1	1	1	0	1.0	1.0	1.0	0.0	0.0	0.0
GC_00004896	1	1	1	0	1.0	1.0	1.0	0.0	0.0	0.0
GC_00004897	1	1	1	0	1.0	1.0	1.0	0.0	0.0	0.0
GC_00004898	1	1	1	0	1.0	1.0	1.0	0.0	0.0	0.0
GC_00004899	1	1	1	0	1.0	1.0	1.0	0.0	0.0	0.0
GC_00004900	1	1	1	0	1.0	1.0	1.0	0.0	0.0	0.0
GC_00004901	1	1	1	0	1.0	1.0	1.0	0.0	0.0	0.0
GC_00004902	1	1	1	0	1.0	1.0	1.0	0.0	0.0	0.0
GC_00004903	1	1	1	0	1.0	1.0	1.0	0.0	0.0	0.0
GC_00004904	1	1	1	0	1.0	1.0	1.0	0.0	0.0	0.0
GC_00004905	1	1	1	0	1.0	1.0	1.0	0.0	0.0	0.0
GC_00004906	1	1	1	0	1.0	1.0	1.0	0.0	0.0	0.0
GC_00004907	1	1	1	0	1.0	1.0	1.0	0.0	0.0	0.0
GC_00004908	1	1	1	0	1.0	1.0	1.0	0.0	0.0	0.0
GC_00004909	1	1	1	0	1.0	1.0	1.0	0.0	0.0	0.0
GC_00004910	1	1	1	0	1.0	1.0	1.0	0.0	0.0	0.0
GC_00004911	1	1	1	0	1.0	1.0	1.0	0.0	0.0	0.0
GC_00004912	1	1	1	0	1.0	1.0	1.0	0.0	0.0	0.0
GC_00004913	1	1	1	0	1.0	1.0	1.0	0.0	0.0	0.0
GC_00004914	1	1	1	0	1.0	1.0	1.0	0.0	0.0	0.0
GC_00004915	1	1	1	0	1.0	1.0	1.0	0.0	0.0	0.0
GC_00004916	1	1	1	0	1.0	1.0	1.0	0.0	0.0	0.0
GC_00004917	1	1	1	0	1.0	1.0	1.0	0.0	0.0	0.0
GC_00004918	1	1	1	0	1.0	1.0	1.0	0.0	0.0	0.0
GC_00004919	1	1	1	0	1.0	1.0	1.0	0.0	0.0	0.0
GC_00004920	1	1	1	0	1.0	1.0	1.0	0.0	0.0	0.0
GC_00004921	1	1	1	0	1.0	1.0	1.0	0.0	0.0	0.0
GC_00004922	1	1	1	0	1.0	1.0	1.0	0.0	0.0	0.0
GC_00004923	1	1	1	0	1.0	1.0	1.0	0.0	0.0	0.0
GC_00004924	1	1	1	0	1.0	1.0	1.0	0.0	0.0	0.0
GC_00004925	1	1	1	0	1.0	1.0	1.0	0.0	0.0	0.0
GC_00004926	1	1	1	0	1.0	1.0	1.0	0.0	0.0	0.0
GC_00004927	1	1	1	0	1.0	1.0	1.0	0.0	0.0	0.0
GC_00004928	1	1	1	0	1.0	1.0	1.0	0.0	0.0	0.0
GC_00004929	1	1	1	0	1.0	1.0	1.0	0.0	0.0	0.0
GC_00004930	1	1	1	0	1.0	1.0	1.0	0.0	0.0	0.0
GC_00004931	1	1	1	0	1.0	1.0	1.0	0.0	0.0	0.0
GC_00004932	1	1	1	0	1.0	1.0	1.0	0.0	0.0	0.0
GC_00004933	1	1	1	0	1.0	1.0	1.0	0.0	0.0	0.0
GC_00004934	1	1	1	0	1.0	1.0	1.0	0.0	0.0	0.0
GC_00004935	1	1	1	0	1.0	1.0	1.0	0.0	0.0	0.0
GC_00004936	1	1	1	0	1.0	1.0	1.0	0.0	0.0	0.0
GC_00004937	1	1	1	0	1.0	1.0	1.0	0.0	0.0	0.0
GC_00004938	1	1	1	0	1.0	1.0	1.0	0.0	0.0	0.0
GC_00004939	1	1	1	0	1.0	1.0	1.0	0.0	0.0	0.0
GC_00004940	1	1	1	0	1.0	1.0	1.0	0.0	0.0	0.0
GC_00004941	1	1	1	0	1.0	1.0	1.0	0.0	0.0	0.0
GC_00004942	1	1	1	0	1.0	1.0	1.0	0.0	0.0	0.0
GC_00004943	1	1	1	0	1.0	1.0	1.0	0.0	0.0	0.0
GC_00004944	1	1	1	0	1.0	1.0	1.0	0.0	0.0	0.0
GC_00004945	1	1	1	0	1.0	1.0	1.0	0.0	0.0	0.0
GC_00004946	1	1	1	0	1.0	1.0	1.0	0.0	0.0	0.0
GC_00004947	1	1	1	0	1.0	1.0	1.0	0.0	0.0	0.0
GC_00004948	1	1	1	0	1.0	1.0	1.0	0.0	0.0	0.0
GC_00004949	1	1	1	0	1.0	1.0	1.0	0.0	0.0	0.0
GC_00004950	1	1	1	0	1.0	1.0	1.0	0.0	0.0	0.0
GC_00004951	1	1	1	0	1.0	1.0	1.0	0.0	0.0	0.0
GC_00004952	1	1	1	0	1.0	1.0	1.0	0.0	0.0	0.0
GC_00004953	1	1	1	0	1.0	1.0	1.0	0.0	0.0	0.0
GC_00004954	1	1	1	0	1.0	1.0	1.0	0.0	0.0	0.0
GC_00004955	1	1	1	0	1.0	1.0	1.0	0.0	0.0	0.0
GC_00004956	1	1	1	0	1.0	1.0	1.0	0.0	0.0	0.0
GC_00004957	1	1	1	0	1.0	1.0	1.0	0.0	0.0	0.0
GC_00004958	1	1	1	0	1.0	1.0	1.0	0.0	0.0	0.0
GC_00004959	1	1	1	0	1.0	1.0	1.0	0.0	0.0	0.0
GC_00004960	1	1	1	0	1.0	1.0	1.0	0.0	0.0	0.0
GC_00004961	1	1	1	0	1.0	1.0	1.0	0.0	0.0	0.0
GC_00004962	1	1	1	0	1.0	1.0	1.0	0.0	0.0	0.0
GC_00004963	1	1	1	0	1.0	1.0	1.0	0.0	0.0	0.0
GC_00004964	1	1	1	0	1.0	1.0	1.0	0.0	0.0	0.0
GC_00004965	1	1	1	0	1.0	1.0	1.0	0.0	0.0	0.0
GC_00004966	1	1	1	0	1.0	1.0	1.0	0.0	0.0	0.0
GC_00004967	1	1	1	0	1.0	1.0	1.0	0.0	0.0	0.0
GC_00004968	1	1	1	0	1.0	1.0	1.0	0.0	0.0	0.0
GC_00004969	1	1	1	0	1.0	1.0	1.0	0.0	0.0	0.0
GC_00004970	1	1	1	0	1.0	1.0	1.0	0.0	0.0	0.0
GC_00004971	1	1	1	0	1.0	1.0	1.0	0.0	0.0	0.0
GC_00004972	1	1	1	0	1.0	1.0	1.0	0.0	0.0	0.0
GC_00004973	1	1	1	0	1.0	1.0	1.0	0.0	0.0	0.0
GC_00004974	1	1	1	0	1.0	1.0	1.0	0.0	0.0	0.0
GC_00004975	1	1	1	0	1.0	1.0	1.0	0.0	0.0	0.0
GC_00004976	1	1	1	0	1.0	1.0	1.0	0.0	0.0	0.0
GC_00004977	1	1	1	0	1.0	1.0	1.0	0.0	0.0	0.0
GC_00004978	1	1	1	0	1.0	1.0	1.0	0.0	0.0	0.0
GC_00004979	1	1	1	0	1.0	1.0	1.0	0.0	0.0	0.0
GC_00004980	1	1	1	0	1.0	1.0	1.0	0.0	0.0	0.0
GC_00004981	1	1	1	0	1.0	1.0	1.0	0.0	0.0	0.0
GC_00004982	1	1	1	0	1.0	1.0	1.0	0.0	0.0	0.0
GC_00004983	1	1	1	0	1.0	1.0	1.0	0.0	0.0	0.0
GC_00004984	1	1	1	0	1.0	1.0	1.0	0.0	0.0	0.0
GC_00004985	1	1	1	0	1.0	1.0	1.0	0.0	0.0	0.0
GC_00004986	1	1	1	0	1.0	1.0	1.0	0.0	0.0	0.0
GC_00004987	1	1	1	0	1.0	1.0	1.0	0.0	0.0	0.0
GC_00004988	1	1	1	0	1.0	1.0	1.0	0.0	0.0	0.0
GC_00004989	1	1	1	0	1.0	1.0	1.0	0.0	0.0	0.0
GC_00004990	1	1	1	0	1.0	1.0	1.0	0.0	0.0	0.0
GC_00004991	1	1	1	0	1.0	1.0	1.0	0.0	0.0	0.0
GC_00004992	1	1	1	0	1.0	1.0	1.0	0.0	0.0	0.0
GC_00004993	1	1	1	0	1.0	1.0	1.0	0.0	0.0	0.0
GC_00004994	1	1	1	0	1.0	1.0	1.0	0.0	0.0	0.0
GC_00004995	1	1	1	0	1.0	1.0	1.0	0.0	0.0	0.0
GC_00004996	1	1	1	0	1.0	1.0	1.0	0.0	0.0	0.0
GC_00004997	1	1	1	0	1.0	1.0	1.0	0.0	0.0	0.0
GC_00004998	1	1	1	0	1.0	1.0	1.0	0.0	0.0	0.0
GC_00004999	1	1	1	0	1.0	1.0	1.0	0.0	0.0	0.0
GC_00005000	1	1	1	0	1.0	1.0	1.0	0.0	0.0	0.0
GC_00005001	1	1	1	0	1.0	1.0	1.0	0.0	0.0	0.0
GC_00005002	1	1	1	0	1.0	1.0	1.0	0.0	0.0	0.0
GC_00005003	1	1	1	0	1.0	1.0	1.0	0.0	0.0	0.0
GC_00005004	1	1	1	0	1.0	1.0	1.0	0.0	0.0	0.0
GC_00005005	1	1	1	0	1.0	1.0	1.0	0.0	0.0	0.0
GC_00005006	1	1	1	0	1.0	1.0	1.0	0.0	0.0	0.0
GC_00005007	1	1	1	0	1.0	1.0	1.0	0.0	0.0	0.0
GC_00005008	1	1	1	0	1.0	1.0	1.0	0.0	0.0	0.0
GC_00005009	1	1	1	0	1.0	1.0	1.0	0.0	0.0	0.0
GC_00005010	1	1	1	0	1.0	1.0	1.0	0.0	0.0	0.0
GC_00005011	1	1	1	0	1.0	1.0	1.0	0.0	0.0	0.0
GC_00005012	1	1	1	0	1.0	1.0	1.0	0.0	0.0	0.0
GC_00005013	1	1	1	0	1.0	1.0	1.0	0.0	0.0	0.0
GC_00005014	1	1	1	0	1.0	1.0	1.0	0.0	0.0	0.0
GC_00005015	1	1	1	0	1.0	1.0	1.0	0.0	0.0	0.0
GC_00005016	1	1	1	0	1.0	1.0	1.0	0.0	0.0	0.0
GC_00005017	1	1	1	0	1.0	1.0	1.0	0.0	0.0	0.0
GC_00005018	1	1	1	0	1.0	1.0	1.0	0.0	0.0	0.0
GC_00005019	1	1	1	0	1.0	1.0	1.0	0.0	0.0	0.0
GC_00005020	1	1	1	0	1.0	1.0	1.0	0.0	0.0	0.0
GC_00005021	1	1	1	0	1.0	1.0	1.0	0.0	0.0	0.0
GC_00005022	1	1	1	0	1.0	1.0	1.0	0.0	0.0	0.0
GC_00005023	1	1	1	0	1.0	1.0	1.0	0.0	0.0	0.0
GC_00005024	1	1	1	0	1.0	1.0	1.0	0.0	0.0	0.0
GC_00005025	1	1	1	0	1.0	1.0	1.0	0.0	0.0	0.0
GC_00005026	1	1	1	0	1.0	1.0	1.0	0.0	0.0	0.0
GC_00005027	1	1	1	0	1.0	1.0	1.0	0.0	0.0	0.0
GC_00005028	1	1	1	0	1.0	1.0	1.0	0.0	0.0	0.0
GC_00005029	1	1	1	0	1.0	1.0	1.0	0.0	0.0	0.0
GC_00005030	1	1	1	0	1.0	1.0	1.0	0.0	0.0	0.0
GC_00005031	1	1	1	0	1.0	1.0	1.0	0.0	0.0	0.0
GC_00005032	1	1	1	0	1.0	1.0	1.0	0.0	0.0	0.0
GC_00005033	1	1	1	0	1.0	1.0	1.0	0.0	0.0	0.0
GC_00005034	1	1	1	0	1.0	1.0	1.0	0.0	0.0	0.0
GC_00005035	1	1	1	0	1.0	1.0	1.0	0.0	0.0	0.0
GC_00005036	1	1	1	0	1.0	1.0	1.0	0.0	0.0	0.0
GC_00005037	1	1	1	0	1.0	1.0	1.0	0.0	0.0	0.0
GC_00005038	1	1	1	0	1.0	1.0	1.0	0.0	0.0	0.0
GC_00005039	1	1	1	0	1.0	1.0	1.0	0.0	0.0	0.0
GC_00005040	1	1	1	0	1.0	1.0	1.0	0.0	0.0	0.0
GC_00005041	1	1	1	0	1.0	1.0	1.0	0.0	0.0	0.0
GC_00005042	1	1	1	0	1.0	1.0	1.0	0.0	0.0	0.0
GC_00005043	1	1	1	0	1.0	1.0	1.0	0.0	0.0	0.0
GC_00005044	1	1	1	0	1.0	1.0	1.0	0.0	0.0	0.0
GC_00005045	1	1	1	0	1.0	1.0	1.0	0.0	0.0	0.0
GC_00005046	1	1	1	0	1.0	1.0	1.0	0.0	0.0	0.0
GC_00005047	1	1	1	0	1.0	1.0	1.0	0.0	0.0	0.0
GC_00005048	1	1	1	0	1.0	1.0	1.0	0.0	0.0	0.0
GC_00005049	1	1	1	0	1.0	1.0	1.0	0.0	0.0	0.0
GC_00005050	1	1	1	0	1.0	1.0	1.0	0.0	0.0	0.0
GC_00005051	1	1	1	0	1.0	1.0	1.0	0.0	0.0	0.0
GC_00005052	1	1	1	0	1.0	1.0	1.0	0.0	0.0	0.0
GC_00005053	1	1	1	0	1.0	1.0	1.0	0.0	0.0	0.0
GC_00005054	1	1	1	0	1.0	1.0	1.0	0.0	0.0	0.0
GC_00005055	1	1	1	0	1.0	1.0	1.0	0.0	0.0	0.0
GC_00005056	1	1	1	0	1.0	1.0	1.0	0.0	0.0	0.0
GC_00005057	1	1	1	0	1.0	1.0	1.0	0.0	0.0	0.0
GC_00005058	1	1	1	0	1.0	1.0	1.0	0.0	0.0	0.0
GC_00005059	1	1	1	0	1.0	1.0	1.0	0.0	0.0	0.0
GC_00005060	1	1	1	0	1.0	1.0	1.0	0.0	0.0	0.0
GC_00005061	1	1	1	0	1.0	1.0	1.0	0.0	0.0	0.0
GC_00005062	1	1	1	0	1.0	1.0	1.0	0.0	0.0	0.0
GC_00005063	1	1	1	0	1.0	1.0	1.0	0.0	0.0	0.0
GC_00005064	1	1	1	0	1.0	1.0	1.0	0.0	0.0	0.0
GC_00005065	1	1	1	0	1.0	1.0	1.0	0.0	0.0	0.0
GC_00005066	1	1	1	0	1.0	1.0	1.0	0.0	0.0	0.0
GC_00005067	1	1	1	0	1.0	1.0	1.0	0.0	0.0	0.0
GC_00005068	1	1	1	0	1.0	1.0	1.0	0.0	0.0	0.0
GC_00005069	1	1	1	0	1.0	1.0	1.0	0.0	0.0	0.0
GC_00005070	1	1	1	0	1.0	1.0	1.0	0.0	0.0	0.0
GC_00005071	1	1	1	0	1.0	1.0	1.0	0.0	0.0	0.0
GC_00005072	1	1	1	0	1.0	1.0	1.0	0.0	0.0	0.0
GC_00005073	1	1	1	0	1.0	1.0	1.0	0.0	0.0	0.0
GC_00005074	1	1	1	0	1.0	1.0	1.0	0.0	0.0	0.0
GC_00005075	1	1	1	0	1.0	1.0	1.0	0.0	0.0	0.0
GC_00005076	1	1	1	0	1.0	1.0	1.0	0.0	0.0	0.0
GC_00005077	1	1	1	0	1.0	1.0	1.0	0.0	0.0	0.0
GC_00005078	1	1	1	0	1.0	1.0	1.0	0.0	0.0	0.0
GC_00005079	1	1	1	0	1.0	1.0	1.0	0.0	0.0	0.0
GC_00005080	1	1	1	0	1.0	1.0	1.0	0.0	0.0	0.0
GC_00005081	1	1	1	0	1.0	1.0	1.0	0.0	0.0	0.0
GC_00005082	1	1	1	0	1.0	1.0	1.0	0.0	0.0	0.0
GC_00005083	1	1	1	0	1.0	1.0	1.0	0.0	0.0	0.0
GC_00005084	1	1	1	0	1.0	1.0	1.0	0.0	0.0	0.0
GC_00005085	1	1	1	0	1.0	1.0	1.0	0.0	0.0	0.0
GC_00005086	1	1	1	0	1.0	1.0	1.0	0.0	0.0	0.0
GC_00005087	1	1	1	0	1.0	1.0	1.0	0.0	0.0	0.0
GC_00005088	1	1	1	0	1.0	1.0	1.0	0.0	0.0	0.0
GC_00005089	1	1	1	0	1.0	1.0	1.0	0.0	0.0	0.0
GC_00005090	1	1	1	0	1.0	1.0	1.0	0.0	0.0	0.0
GC_00005091	1	1	1	0	1.0	1.0	1.0	0.0	0.0	0.0
GC_00005092	1	1	1	0	1.0	1.0	1.0	0.0	0.0	0.0
GC_00005093	1	1	1	0	1.0	1.0	1.0	0.0	0.0	0.0
GC_00005094	1	1	1	0	1.0	1.0	1.0	0.0	0.0	0.0
GC_00005095	1	1	1	0	1.0	1.0	1.0	0.0	0.0	0.0
GC_00005096	1	1	1	0	1.0	1.0	1.0	0.0	0.0	0.0
GC_00005097	1	1	1	0	1.0	1.0	1.0	0.0	0.0	0.0
GC_00005098	1	1	1	0	1.0	1.0	1.0	0.0	0.0	0.0
GC_00005099	1	1	1	0	1.0	1.0	1.0	0.0	0.0	0.0
GC_00005100	1	1	1	0	1.0	1.0	1.0	0.0	0.0	0.0
GC_00005101	1	1	1	0	1.0	1.0	1.0	0.0	0.0	0.0
GC_00005102	1	1	1	0	1.0	1.0	1.0	0.0	0.0	0.0
GC_00005103	1	1	1	0	1.0	1.0	1.0	0.0	0.0	0.0
GC_00005104	1	1	1	0	1.0	1.0	1.0	0.0	0.0	0.0
GC_00005105	1	1	1	0	1.0	1.0	1.0	0.0	0.0	0.0
GC_00005106	1	1	1	0	1.0	1.0	1.0	0.0	0.0	0.0
GC_00005107	1	1	1	0	1.0	1.0	1.0	0.0	0.0	0.0
GC_00005108	1	1	1	0	1.0	1.0	1.0	0.0	0.0	0.0
GC_00005109	1	1	1	0	1.0	1.0	1.0	0.0	0.0	0.0
GC_00005110	1	1	1	0	1.0	1.0	1.0	0.0	0.0	0.0
GC_00005111	1	1	1	0	1.0	1.0	1.0	0.0	0.0	0.0
GC_00005112	1	1	1	0	1.0	1.0	1.0	0.0	0.0	0.0
GC_00005113	1	1	1	0	1.0	1.0	1.0	0.0	0.0	0.0
GC_00005114	1	1	1	0	1.0	1.0	1.0	0.0	0.0	0.0
GC_00005115	1	1	1	0	1.0	1.0	1.0	0.0	0.0	0.0
GC_00005116	1	1	1	0	1.0	1.0	1.0	0.0	0.0	0.0
GC_00005117	1	1	1	0	1.0	1.0	1.0	0.0	0.0	0.0
GC_00005118	1	1	1	0	1.0	1.0	1.0	0.0	0.0	0.0
GC_00005119	1	1	1	0	1.0	1.0	1.0	0.0	0.0	0.0
GC_00005120	1	1	1	0	1.0	1.0	1.0	0.0	0.0	0.0
GC_00005121	1	1	1	0	1.0	1.0	1.0	0.0	0.0	0.0
GC_00005122	1	1	1	0	1.0	1.0	1.0	0.0	0.0	0.0
GC_00005123	1	1	1	0	1.0	1.0	1.0	0.0	0.0	0.0
GC_00005124	1	1	1	0	1.0	1.0	1.0	0.0	0.0	0.0
GC_00005125	1	1	1	0	1.0	1.0	1.0	0.0	0.0	0.0
GC_00005126	1	1	1	0	1.0	1.0	1.0	0.0	0.0	0.0
GC_00005127	1	1	1	0	1.0	1.0	1.0	0.0	0.0	0.0
GC_00005128	1	1	1	0	1.0	1.0	1.0	0.0	0.0	0.0
GC_00005129	1	1	1	0	1.0	1.0	1.0	0.0	0.0	0.0
GC_00005130	1	1	1	0	1.0	1.0	1.0	0.0	0.0	0.0
GC_00005131	1	1	1	0	1.0	1.0	1.0	0.0	0.0	0.0
GC_00005132	1	1	1	0	1.0	1.0	1.0	0.0	0.0	0.0
GC_00005133	1	1	1	0	1.0	1.0	1.0	0.0	0.0	0.0
GC_00005134	1	1	1	0	1.0	1.0	1.0	0.0	0.0	0.0
GC_00005135	1	1	1	0	1.0	1.0	1.0	0.0	0.0	0.0
GC_00005136	1	1	1	0	1.0	1.0	1.0	0.0	0.0	0.0
GC_00005137	1	1	1	0	1.0	1.0	1.0	0.0	0.0	0.0
GC_00005138	1	1	1	0	1.0	1.0	1.0	0.0	0.0	0.0
GC_00005139	1	1	1	0	1.0	1.0	1.0	0.0	0.0	0.0
GC_00005140	1	1	1	0	1.0	1.0	1.0	0.0	0.0	0.0
GC_00005141	1	1	1	0	1.0	1.0	1.0	0.0	0.0	0.0
GC_00005142	1	1	1	0	1.0	1.0	1.0	0.0	0.0	0.0
GC_00005143	1	1	1	0	1.0	1.0	1.0	0.0	0.0	0.0
GC_00005144	1	1	1	0	1.0	1.0	1.0	0.0	0.0	0.0
GC_00005145	1	1	1	0	1.0	1.0	1.0	0.0	0.0	0.0
GC_00005146	1	1	1	0	1.0	1.0	1.0	0.0	0.0	0.0
GC_00005147	1	1	1	0	1.0	1.0	1.0	0.0	0.0	0.0
GC_00005148	1	1	1	0	1.0	1.0	1.0	0.0	0.0	0.0
GC_00005149	1	1	1	0	1.0	1.0	1.0	0.0	0.0	0.0
GC_00005150	1	1	1	0	1.0	1.0	1.0	0.0	0.0	0.0
GC_00005151	1	1	1	0	1.0	1.0	1.0	0.0	0.0	0.0
GC_00005152	1	1	1	0	1.0	1.0	1.0	0.0	0.0	0.0
GC_00005153	1	1	1	0	1.0	1.0	1.0	0.0	0.0	0.0
GC_00005154	1	1	1	0	1.0	1.0	1.0	0.0	0.0	0.0
GC_00005155	1	1	1	0	1.0	1.0	1.0	0.0	0.0	0.0
GC_00005156	1	1	1	0	1.0	1.0	1.0	0.0	0.0	0.0
GC_00005157	1	1	1	0	1.0	1.0	1.0	0.0	0.0	0.0
GC_00005158	1	1	1	0	1.0	1.0	1.0	0.0	0.0	0.0
GC_00005159	1	1	1	0	1.0	1.0	1.0	0.0	0.0	0.0
GC_00005160	1	1	1	0	1.0	1.0	1.0	0.0	0.0	0.0
GC_00005161	1	1	1	0	1.0	1.0	1.0	0.0	0.0	0.0
GC_00005162	1	1	1	0	1.0	1.0	1.0	0.0	0.0	0.0
GC_00005163	1	1	1	0	1.0	1.0	1.0	0.0	0.0	0.0
GC_00005164	1	1	1	0	1.0	1.0	1.0	0.0	0.0	0.0
GC_00005165	1	1	1	0	1.0	1.0	1.0	0.0	0.0	0.0
GC_00005166	1	1	1	0	1.0	1.0	1.0	0.0	0.0	0.0
GC_00005167	1	1	1	0	1.0	1.0	1.0	0.0	0.0	0.0
GC_00005168	1	1	1	0	1.0	1.0	1.0	0.0	0.0	0.0
GC_00005169	1	1	1	0	1.0	1.0	1.0	0.0	0.0	0.0
GC_00005170	1	1	1	0	1.0	1.0	1.0	0.0	0.0	0.0
GC_00005171	1	1	1	0	1.0	1.0	1.0	0.0	0.0	0.0
GC_00005172	1	1	1	0	1.0	1.0	1.0	0.0	0.0	0.0
GC_00005173	1	1	1	0	1.0	1.0	1.0	0.0	0.0	0.0
GC_00005174	1	1	1	0	1.0	1.0	1.0	0.0	0.0	0.0
GC_00005175	1	1	1	0	1.0	1.0	1.0	0.0	0.0	0.0
GC_00005176	1	1	1	0	1.0	1.0	1.0	0.0	0.0	0.0
GC_00005177	1	1	1	0	1.0	1.0	1.0	0.0	0.0	0.0
GC_00005178	1	1	1	0	1.0	1.0	1.0	0.0	0.0	0.0
GC_00005179	1	1	1	0	1.0	1.0	1.0	0.0	0.0	0.0
GC_00005180	1	1	1	0	1.0	1.0	1.0	0.0	0.0	0.0
GC_00005181	1	1	1	0	1.0	1.0	1.0	0.0	0.0	0.0
GC_00005182	1	1	1	0	1.0	1.0	1.0	0.0	0.0	0.0
GC_00005183	1	1	1	0	1.0	1.0	1.0	0.0	0.0	0.0
GC_00005184	1	1	1	0	1.0	1.0	1.0	0.0	0.0	0.0
GC_00005185	1	1	1	0	1.0	1.0	1.0	0.0	0.0	0.0
GC_00005186	1	1	1	0	1.0	1.0	1.0	0.0	0.0	0.0
GC_00005187	1	1	1	0	1.0	1.0	1.0	0.0	0.0	0.0
GC_00005188	1	1	1	0	1.0	1.0	1.0	0.0	0.0	0.0
GC_00005189	1	1	1	0	1.0	1.0	1.0	0.0	0.0	0.0
GC_00005190	1	1	1	0	1.0	1.0	1.0	0.0	0.0	0.0
GC_00005191	1	1	1	0	1.0	1.0	1.0	0.0	0.0	0.0
GC_00005192	1	1	1	0	1.0	1.0	1.0	0.0	0.0	0.0
GC_00005193	1	1	1	0	1.0	1.0	1.0	0.0	0.0	0.0
GC_00005194	1	1	1	0	1.0	1.0	1.0	0.0	0.0	0.0
GC_00005195	1	1	1	0	1.0	1.0	1.0	0.0	0.0	0.0
GC_00005196	1	1	1	0	1.0	1.0	1.0	0.0	0.0	0.0
GC_00005197	1	1	1	0	1.0	1.0	1.0	0.0	0.0	0.0
GC_00005198	1	1	1	0	1.0	1.0	1.0	0.0	0.0	0.0
GC_00005199	1	1	1	0	1.0	1.0	1.0	0.0	0.0	0.0
GC_00005200	1	1	1	0	1.0	1.0	1.0	0.0	0.0	0.0
GC_00005201	1	1	1	0	1.0	1.0	1.0	0.0	0.0	0.0
GC_00005202	1	1	1	0	1.0	1.0	1.0	0.0	0.0	0.0
GC_00005203	1	1	1	0	1.0	1.0	1.0	0.0	0.0	0.0
GC_00005204	1	1	1	0	1.0	1.0	1.0	0.0	0.0	0.0
GC_00005205	1	1	1	0	1.0	1.0	1.0	0.0	0.0	0.0
GC_00005206	1	1	1	0	1.0	1.0	1.0	0.0	0.0	0.0
GC_00005207	1	1	1	0	1.0	1.0	1.0	0.0	0.0	0.0
GC_00005208	1	1	1	0	1.0	1.0	1.0	0.0	0.0	0.0
GC_00005209	1	1	1	0	1.0	1.0	1.0	0.0	0.0	0.0
GC_00005210	1	1	1	0	1.0	1.0	1.0	0.0	0.0	0.0
GC_00005211	1	1	1	0	1.0	1.0	1.0	0.0	0.0	0.0
GC_00005212	1	1	1	0	1.0	1.0	1.0	0.0	0.0	0.0
GC_00005213	1	1	1	0	1.0	1.0	1.0	0.0	0.0	0.0
GC_00005214	1	1	1	0	1.0	1.0	1.0	0.0	0.0	0.0
GC_00005215	1	1	1	0	1.0	1.0	1.0	0.0	0.0	0.0
GC_00005216	1	1	1	0	1.0	1.0	1.0	0.0	0.0	0.0
GC_00005217	1	1	1	0	1.0	1.0	1.0	0.0	0.0	0.0
GC_00005218	1	1	1	0	1.0	1.0	1.0	0.0	0.0	0.0
GC_00005219	1	1	1	0	1.0	1.0	1.0	0.0	0.0	0.0
GC_00005220	1	1	1	0	1.0	1.0	1.0	0.0	0.0	0.0
GC_00005221	1	1	1	0	1.0	1.0	1.0	0.0	0.0	0.0
GC_00005222	1	1	1	0	1.0	1.0	1.0	0.0	0.0	0.0
GC_00005223	1	1	1	0	1.0	1.0	1.0	0.0	0.0	0.0
GC_00005224	1	1	1	0	1.0	1.0	1.0	0.0	0.0	0.0
GC_00005225	1	1	1	0	1.0	1.0	1.0	0.0	0.0	0.0
GC_00005226	1	1	1	0	1.0	1.0	1.0	0.0	0.0	0.0
GC_00005227	1	1	1	0	1.0	1.0	1.0	0.0	0.0	0.0
GC_00005228	1	1	1	0	1.0	1.0	1.0	0.0	0.0	0.0
GC_00005229	1	1	1	0	1.0	1.0	1.0	0.0	0.0	0.0
GC_00005230	1	1	1	0	1.0	1.0	1.0	0.0	0.0	0.0
GC_00005231	1	1	1	0	1.0	1.0	1.0	0.0	0.0	0.0
GC_00005232	1	1	1	0	1.0	1.0	1.0	0.0	0.0	0.0
GC_00005233	1	1	1	0	1.0	1.0	1.0	0.0	0.0	0.0
