items	num_genomes_gene_cluster_has_hits	num_genes_in_gene_cluster	max_num_paralogs	SCG	functional_homogeneity_index	geometric_homogeneity_index	combined_homogeneity_index	AAI_min	AAI_max	AAI_avg
GC_00000001	24	259	22	0	0.363352572965661	0.802633203719709	0.500244249202233	0.0518672199170125	1.0	0.7601934587846
GC_00000002	24	254	19	0	0.697446161638646	0.702595224709753	0.700011224578925	0.0927318295739348	1.0	0.662063175117464
GC_00000003	24	203	17	0	0.816968703473769	0.646393412729602	0.721739591977106	0.0367965367965368	1.0	0.508618208759651
GC_00000004	24	203	15	0	0.442019351026356	0.76275423447715	0.559693764493168	0.19366852886406	1.0	0.733310772252886
GC_00000005	24	158	16	0	0.406935357113165	0.759786036209463	0.530004513063723	0.0269662921348315	1.0	0.711537893604936
GC_00000006	24	144	10	0	0.949073703679807	0.636204947580632	0.761765618201807	0.0127388535031847	1.0	0.548962493628099
GC_00000007	22	137	12	0	0.866716460136932	0.661160152186297	0.750110816625647	0.0553935860058309	1.0	0.582847529001173
GC_00000008	24	129	10	0	0.536797981272549	0.66847931653082	0.59544529427408	0.0867924528301887	1.0	0.553373647067427
GC_00000009	24	117	11	0	0.845358204342413	0.673676085209407	0.749815339414197	0.05625	1.0	0.580180702917772
GC_00000010	24	114	16	0	0.853307800225119	0.638242905820677	0.730270379367723	0.0526315789473684	1.0	0.572780460699957
GC_00000011	24	112	8	0	0.511502256657044	0.703232173712065	0.592236187292823	0.015015015015015	1.0	0.635039479634074
GC_00000012	24	109	8	0	0.883356226682414	0.64547343107291	0.745907788488977	0.11878453038674	1.0	0.59509408034422
GC_00000013	23	107	11	0	0.609539722203194	0.682880030552763	0.644128973166255	0.0492813141683778	1.0	0.580675775053525
GC_00000014	24	95	8	0	0.965688474964771	0.632852748150761	0.764620388140974	0.0	1.0	0.544536505872615
GC_00000015	24	94	21	0	0.942527463578524	0.634360479076945	0.758331847387947	0.0338600451467269	1.0	0.499674387882788
GC_00000016	24	93	8	0	0.60860508642519	0.690509872381492	0.646975570113069	0.0628019323671498	1.0	0.603752938864836
GC_00000017	24	92	7	0	0.721322697128864	0.805274711385685	0.760990322015019	0.0946428571428571	1.0	0.790750631356221
GC_00000018	24	81	7	0	0.602947013145975	0.648477865159391	0.624884159916348	0.142053445850914	1.0	0.515553645534893
GC_00000019	23	81	6	0	0.94210778370622	0.616445205037358	0.745252590176286	0.00593471810089021	1.0	0.507368941641939
GC_00000020	24	74	4	0	0.73417041341669	0.953703061520542	0.829660020552592	0.00401606425702811	1.0	0.630037365307212
GC_00000021	24	65	4	0	0.743405297754319	0.93184868229116	0.827028325701185	0.451327433628319	1.0	0.649855343771273
GC_00000022	24	59	4	0	0.80855187793734	0.711315046795164	0.756822992239982	0.0129589632829374	1.0	0.488611992279659
GC_00000023	24	57	3	0	0.811818788393869	0.872415823566405	0.841027196370221	0.465648854961832	1.0	0.776571677284815
GC_00000024	24	56	3	0	0.780779186612986	0.71884617349219	0.748533794600173	0.0309734513274336	1.0	0.486030341340076
GC_00000025	24	54	3	0	0.78956318865596	0.984585313247733	0.876355410606893	0.498412698412698	1.0	0.72680443246481
GC_00000026	23	51	6	0	0.849905025727839	0.680154091615232	0.755613131781397	0.0106837606837607	1.0	0.449408412937825
GC_00000027	24	51	6	0	0.96533567048889	0.781268722713013	0.863603193954617	0.00842696629213483	1.0	0.646166556510245
GC_00000028	19	50	5	0	0.953729680194112	0.66091642333957	0.780772464860484	0.00505050505050505	1.0	0.497095444238301
GC_00000029	24	49	3	0	0.802835927293304	0.9331297645562	0.863093208961188	0.0568862275449102	1.0	0.708234042119842
GC_00000030	24	49	3	0	0.82359234095987	0.929732733573706	0.873449846389366	0.120754716981132	1.0	0.726177640867668
GC_00000031	24	49	3	0	0.915245004418176	0.968475844961304	0.941108316863928	0.0160642570281124	1.0	0.837540638745458
GC_00000032	22	49	3	0	0.828886009696708	0.651345021146287	0.729468257676364	0.0161290322580645	1.0	0.530596815339039
GC_00000033	24	49	3	0	0.824495643661082	0.884352048092724	0.853375540293915	0.0364372469635627	1.0	0.65285466413286
GC_00000034	24	48	2	0	0.815616070548823	0.960432195725642	0.882120095924545	0.46	1.0	0.725455082742317
GC_00000035	24	48	3	0	0.893229422410528	0.831396103827779	0.861204302404411	0.0147492625368732	1.0	0.670285989246637
GC_00000036	24	48	2	0	0.863892866884888	1.0	0.926976954773915	0.634615384615385	1.0	0.818219789961811
GC_00000037	24	48	2	0	0.819232034429051	0.973930102863725	0.889908082450742	0.526946107784431	1.0	0.758971418864399
GC_00000038	24	48	2	0	0.881396515318283	0.988704767964435	0.931971915053418	0.641630901287554	1.0	0.816441801357562
GC_00000039	24	48	2	0	0.804999097635806	0.992383299735842	0.88892342771844	0.517676767676768	1.0	0.752216312056738
GC_00000040	24	48	2	0	0.872636833961899	0.981985392660152	0.924087516850855	0.626506024096386	1.0	0.809290352900966
GC_00000041	24	48	2	0	0.858073869444513	0.779758898142644	0.817044020860259	0.412162162162162	1.0	0.712741997316465
GC_00000042	24	48	2	0	0.796570069628322	0.995552567203569	0.885014631786487	0.498525073746313	1.0	0.742677671080985
GC_00000043	24	48	2	0	0.795226930613785	0.965349972570395	0.872069029494644	0.459798994974874	1.0	0.722513275597847
GC_00000044	24	48	2	0	0.830511262523657	0.979827330946103	0.899011529240567	0.526748971193416	1.0	0.757157867086945
GC_00000045	24	48	2	0	0.84879440784217	0.984257735420348	0.911520673070722	0.541033434650456	1.0	0.796805277113109
GC_00000046	24	48	2	0	0.884885053654117	0.969989763033935	0.925485036277334	0.720670391061452	1.0	0.855219105352827
GC_00000047	24	47	2	0	0.843388825613678	0.938079860094821	0.888217769848212	0.0511756569847856	1.0	0.712551643309624
GC_00000048	24	47	2	0	0.665672991276246	0.700490331090554	0.682637992724476	0.0699708454810496	1.0	0.735387005337354
GC_00000049	24	46	2	0	0.817300101612073	0.985953718596258	0.893740044094764	0.398176291793313	1.0	0.757872634098351
GC_00000050	24	46	2	0	0.814938982812032	0.964871245423273	0.883589923032923	0.48936170212766	1.0	0.750210710247713
GC_00000051	23	46	3	0	0.660881235640681	0.681646039414155	0.671103053424673	0.115555555555556	1.0	0.658280193236715
GC_00000052	24	46	2	0	0.900766258059003	0.997603485838778	0.946715003074764	0.748366013071895	1.0	0.871450222601118
GC_00000053	24	44	2	0	0.816648660301968	0.985242670163504	0.893058413742978	0.551369863013699	1.0	0.770185930666976
GC_00000054	24	44	2	0	0.862179795276018	0.976305963123249	0.915700621086404	0.597269624573379	1.0	0.798201877493885
GC_00000055	24	44	2	0	0.84866352477343	0.974653212712286	0.907305476801324	0.566343042071197	1.0	0.782121280540788
GC_00000056	24	44	3	0	0.623521473772453	0.678125024938012	0.649677950765007	0.0400801603206413	1.0	0.64026149550687
GC_00000057	24	43	3	0	0.832833321055301	0.951449967696328	0.888198910352282	0.456521739130435	1.0	0.753895228465502
GC_00000058	24	43	2	0	0.836251428871907	0.935846201458441	0.883250120963232	0.27827380952381	1.0	0.739906330749354
GC_00000059	24	42	5	0	0.992537020587406	0.636823080804322	0.77585118565617	0.00328947368421053	1.0	0.510991655969191
GC_00000060	24	42	3	0	0.740159983194578	0.653769516325798	0.694287672917933	0.0531645569620253	1.0	0.517502462547229
GC_00000061	24	41	3	0	0.951995659924049	0.609058780707939	0.742858545840146	0.0354330708661417	1.0	0.488529863645093
GC_00000062	24	41	3	0	0.834070662234026	0.940895627724726	0.884268556252636	0.0658513640639699	1.0	0.73925842645068
GC_00000063	24	40	3	0	0.936426615860624	0.611399223784214	0.73978672716749	0.146997929606625	1.0	0.521879811010246
GC_00000064	24	40	3	0	0.967428788331543	0.647427019935804	0.775721936563024	0.037199124726477	1.0	0.49969421533973
GC_00000065	24	39	2	0	0.922384565655608	0.993196100854156	0.956481520317677	0.761627906976744	1.0	0.885215610582808
GC_00000066	24	39	2	0	0.86023021802104	0.783564039316802	0.820109282370374	0.0830945558739255	1.0	0.629792466619491
GC_00000067	24	39	3	0	0.746452551904767	0.643494891626147	0.691160527295629	0.194690265486726	1.0	0.587982038145056
GC_00000068	24	39	3	0	0.693561083503566	0.649831520773847	0.670984568781517	0.0868263473053892	1.0	0.629429400308694
GC_00000069	23	38	2	0	0.936974210453731	0.559087155956484	0.700305827406161	0.0172413793103448	1.0	0.492084416539952
GC_00000070	24	38	2	0	0.940167577249665	0.56566983769579	0.706350414130102	0.0051413881748072	1.0	0.481593757199223
GC_00000071	24	38	3	0	0.937136204889406	0.643308785314028	0.762909126705639	0.0728929384965831	1.0	0.51466380659523
GC_00000072	24	37	3	0	0.834227506592367	0.742061290034442	0.785449901120764	0.0725190839694656	1.0	0.530752126171973
GC_00000073	24	37	2	0	0.959972063381204	0.607655568853663	0.74422312832788	0.00589970501474926	1.0	0.511750688741839
GC_00000074	24	37	3	0	0.945286946179007	0.612705709122091	0.743498638086367	0.054421768707483	1.0	0.516475659332802
GC_00000075	23	37	2	0	0.968872999280432	0.562487453763132	0.711757842906233	0.0	1.0	0.498457450256011
GC_00000076	17	37	6	0	0.640089096492366	0.653263300475194	0.646609101669722	0.0148148148148148	1.0	0.534262039817595
GC_00000077	24	36	5	0	0.999560291581645	0.947463118651485	0.972814714157686	0.938650306748466	1.0	0.99220956276171
GC_00000078	21	36	4	0	0.88633637789464	0.869240492749162	0.877705195079393	0.0120481927710843	1.0	0.689290495314592
GC_00000079	23	36	3	0	0.846618950041848	0.616160154139695	0.713235322085419	0.0153452685421995	1.0	0.505212519790525
GC_00000080	19	36	3	0	0.706325966567005	0.641333764274941	0.672262709312459	0.141176470588235	1.0	0.615639589169001
GC_00000081	24	35	3	0	0.954036027930448	0.598794902576416	0.735781209886813	0.0512820512820513	1.0	0.499787607350633
GC_00000082	23	35	2	0	0.76152113295147	0.644148372799413	0.697934467008333	0.0421052631578947	1.0	0.563688633348076
GC_00000083	22	35	3	0	0.930365810939298	0.650888760923861	0.765929358451978	0.0296052631578947	1.0	0.499817558602388
GC_00000084	16	35	6	0	0.967410093448227	0.612172487454619	0.749846004197399	0.00584795321637427	1.0	0.569556243550052
GC_00000085	15	34	6	0	0.804875236880598	0.615628798796803	0.697645853608296	0.0087463556851312	1.0	0.432848464060949
GC_00000086	24	33	2	0	0.987572202313747	0.663166920078712	0.79349329870435	0.0534591194968553	1.0	0.574864208118925
GC_00000087	24	33	3	0	0.860301041225999	0.749585282653052	0.801136067297325	0.0943396226415094	1.0	0.601388293310463
GC_00000088	24	33	2	0	0.985632268801639	0.676487474825991	0.80231028743259	0.0240963855421687	1.0	0.578876110502617
GC_00000089	24	33	4	0	0.89100712801494	0.727169064444462	0.800793909478094	0.0563674321503132	1.0	0.518014170936927
GC_00000090	24	33	2	0	0.981970228083688	0.678778356516528	0.802698426176601	0.00421052631578947	1.0	0.586315789473684
GC_00000091	21	32	3	0	0.826840214101475	0.652369193895185	0.729315377575964	0.158767772511848	1.0	0.520094404525302
GC_00000092	24	32	2	0	0.934057516886011	0.642933968027119	0.761624030874411	0.113924050632911	1.0	0.537004899959167
GC_00000093	15	32	3	0	0.759636419248236	0.619419854280069	0.682399825371474	0.116071428571429	1.0	0.551595802131336
GC_00000094	24	32	2	0	0.926938382109586	0.756780302211822	0.833261180120897	0.0256410256410256	1.0	0.595165547608622
GC_00000095	24	32	3	0	0.992818920795719	0.725927711204968	0.838651553865485	0.0154525386313466	1.0	0.600067649362672
GC_00000096	24	32	2	0	0.918109796874551	0.712026620487411	0.802041606999834	0.04375	1.0	0.639711441532258
GC_00000097	23	32	2	0	0.88141056099338	0.646312271684118	0.745772007561873	0.0780487804878049	1.0	0.497256097560976
GC_00000098	22	31	2	0	0.984781657348812	0.654031192780749	0.786029865379109	0.106583072100313	1.0	0.563413894225908
GC_00000099	19	31	3	0	0.764769524959742	0.63766422598838	0.69545697522363	0.0594594594594595	1.0	0.616820691659401
GC_00000100	24	30	2	0	0.91170130695226	0.910015385320438	0.910857566011821	0.152173913043478	1.0	0.784267866066967
GC_00000101	23	30	2	0	0.933755544866656	0.718174490818721	0.811898081029249	0.0140845070422535	1.0	0.616642383033835
GC_00000102	24	30	2	0	0.896061639279456	0.936566657890303	0.915866524662669	0.165919282511211	1.0	0.789907736714602
GC_00000103	24	30	2	0	0.968335881753313	0.749108248073767	0.844730123477409	0.0115384615384615	1.0	0.625057471264368
GC_00000104	23	30	2	0	0.968885610137129	0.635296375411115	0.767406094636753	0.0398230088495575	1.0	0.544603804292544
GC_00000105	23	30	2	0	0.967926053316527	0.656073339848294	0.782057531792565	0.0043859649122807	1.0	0.552177858439201
GC_00000106	24	30	2	0	0.901956588926135	0.704418546286255	0.79104181241034	0.0189393939393939	1.0	0.593591083246256
GC_00000107	24	29	2	0	0.97379029874567	0.684023898379057	0.803583221216202	0.130653266331658	1.0	0.796432903433423
GC_00000108	24	29	2	0	0.947119031779933	0.716550910253055	0.815857745810553	0.134453781512605	1.0	0.666659767355218
GC_00000109	24	29	2	0	0.922615959731248	0.759969868840836	0.833431873727897	0.146039603960396	1.0	0.638851631468566
GC_00000110	24	29	2	0	0.969286348025793	0.768745912263874	0.85744659047217	0.0592334494773519	1.0	0.678318257496438
GC_00000111	24	29	2	0	0.890990743705873	0.997045097530844	0.941039289143369	0.533950617283951	1.0	0.858062701453506
GC_00000112	22	29	2	0	0.939645811726096	0.67477412360886	0.785481726572784	0.0387096774193548	1.0	0.586214841887812
GC_00000113	24	29	3	0	0.856194088370381	0.628591331461909	0.724948096620377	0.0570342205323194	1.0	0.617411826406189
GC_00000114	24	29	2	0	0.943136699645434	0.898762730283983	0.92041519903922	0.3125	1.0	0.815263238916256
GC_00000115	24	29	2	0	0.942834756636237	0.862712120031717	0.900995684186628	0.177065767284992	1.0	0.747011521943196
GC_00000116	24	29	3	0	0.933146224067255	0.771308687572657	0.844544240488246	0.0194075587334014	1.0	0.619185154249083
GC_00000117	24	28	2	0	0.986231436780342	0.872737763125523	0.926020095549008	0.0518867924528302	1.0	0.757849156434062
GC_00000118	24	28	2	0	0.991023768304119	0.835416544641635	0.906591522653222	0.03690036900369	1.0	0.7323356566899
GC_00000119	23	28	2	0	0.874537935073015	0.972894098454638	0.92109780545765	0.520179372197309	1.0	0.830450565876575
GC_00000120	23	28	2	0	0.964185588830508	0.785027053981903	0.86543139898011	0.014018691588785	1.0	0.665739504524551
GC_00000121	24	28	2	0	0.93025433530051	0.945026191897937	0.937582083571177	0.131386861313869	1.0	0.857036650832271
GC_00000122	22	28	2	0	0.953540290688981	0.709065442648002	0.813328686101731	0.00347222222222222	1.0	0.596735376249265
GC_00000123	24	28	2	0	0.987256847804596	0.816488394292365	0.893788922742766	0.0434782608695652	1.0	0.727426961122613
GC_00000124	24	27	2	0	0.982452779739885	0.838542851854886	0.904811347641026	0.0191693290734824	1.0	0.755886877292628
GC_00000125	24	27	2	0	0.99082556872693	0.849290426721311	0.914614809231628	0.0160857908847185	1.0	0.782123843786042
GC_00000126	24	27	2	0	0.977264342372256	0.684169777295425	0.804864567983379	0.00858369098712446	1.0	0.607131066358534
GC_00000127	24	27	2	0	0.982000138513747	0.826613378525948	0.897631743390295	0.103825136612022	1.0	0.767611663786527
GC_00000128	24	27	2	0	0.931858052999292	0.933447821950841	0.932652260008343	0.111475409836066	1.0	0.829190602961095
GC_00000129	24	27	4	0	0.95706345263552	0.866763253873529	0.909677908991275	0.103235747303544	1.0	0.813967576679441
GC_00000130	23	27	2	0	0.953185777411991	0.630744032789998	0.759145054749919	0.0401785714285714	1.0	0.564585877085877
GC_00000131	24	27	2	0	0.990517875662631	0.840222206201588	0.909200735829077	0.0	1.0	0.77758980233207
GC_00000132	24	26	2	0	0.957402572813236	0.988800745091332	0.972848384997468	0.540350877192982	1.0	0.930612685560054
GC_00000133	24	26	2	0	0.946763529044525	0.990245905073099	0.968016666512493	0.547945205479452	1.0	0.929329118370214
GC_00000134	24	26	2	0	0.977563035818806	0.88935744227464	0.931376533065731	0.0222222222222222	1.0	0.832322344322344
GC_00000135	24	26	3	0	0.981606193879421	0.888211694680099	0.932576489195749	0.225925925925926	1.0	0.814427350427351
GC_00000136	24	26	2	0	0.977183281024261	0.928156797027267	0.952039286500062	0.257281553398058	1.0	0.872979835698282
GC_00000137	22	26	2	0	0.956686560780731	0.745145733428561	0.837768693683675	0.0699588477366255	1.0	0.656549540993985
GC_00000138	24	26	2	0	0.974296347987904	0.804696270591007	0.88141190636596	0.0736842105263158	1.0	0.743271255060729
GC_00000139	24	26	2	0	0.966557745046001	0.967167478409318	0.966862515598497	0.690104166666667	1.0	0.958790064102564
GC_00000140	24	26	2	0	0.994696503113666	0.865558910279018	0.925645387289268	0.0224215246636771	1.0	0.808561572956192
GC_00000141	24	26	2	0	0.952080467149714	0.800136147038802	0.869520344102976	0.00440528634361234	1.0	0.715676042019654
GC_00000142	24	26	2	0	0.980108428347865	0.889797201277316	0.932771924609959	0.013953488372093	1.0	0.83778175313059
GC_00000143	24	26	2	0	0.984861081419194	0.899436312061044	0.940212327448005	0.0584415584415584	1.0	0.83048951048951
GC_00000144	24	26	2	0	0.971035744599339	0.872176321088238	0.918954903926265	0.0077720207253886	1.0	0.784272618573137
GC_00000145	24	26	2	0	0.952109618776285	0.890529276474812	0.920290450960022	0.348314606741573	1.0	0.806637856525497
GC_00000146	24	26	2	0	0.964789664062676	0.85204974689374	0.90492179343199	0.113065326633166	1.0	0.785883262466177
GC_00000147	24	26	2	0	0.974218831917794	0.867699194436999	0.917878953965561	0.0763888888888889	1.0	0.81732905982906
GC_00000148	24	26	2	0	0.974766986701348	0.863490785439939	0.915760916367258	0.118243243243243	1.0	0.824293139293139
GC_00000149	24	26	2	0	0.982540659977542	0.869019696853481	0.92230013818321	0.00318471337579618	1.0	0.800186183243508
GC_00000150	24	26	2	0	0.989052869663557	0.860006943839279	0.920026847723733	0.0	1.0	0.815338553661907
GC_00000151	18	26	2	0	0.791566351006723	0.688657765748518	0.736534837604101	0.0210970464135021	1.0	0.530074651087309
GC_00000152	24	25	2	0	0.996376073022129	0.942612053180479	0.96874868209807	0.0377358490566038	1.0	0.921635220125786
GC_00000153	24	25	2	0	0.993444382583224	0.941712633658762	0.966887046440023	0.0208333333333333	1.0	0.916125
GC_00000154	24	25	2	0	0.995134469612686	0.937255972866476	0.965328439787975	0.0853658536585366	1.0	0.907764227642276
GC_00000155	24	25	2	0	0.991334745578018	0.935753168893456	0.962742408006057	0.221428571428571	1.0	0.898285714285714
GC_00000156	24	25	2	0	0.989332914082078	0.936744171684421	0.962320613199281	0.0431372549019608	1.0	0.904483660130719
GC_00000157	24	25	2	0	0.993664319606026	0.946352325390142	0.969431413840507	0.0494296577946768	1.0	0.908998732572877
GC_00000158	24	25	2	0	0.990406017345921	0.88050119560019	0.932225474751883	0.117073170731707	1.0	0.843772357723577
GC_00000159	24	25	2	0	0.995830202301493	0.947741318174143	0.971190839816251	0.00611620795107034	1.0	0.91796126401631
GC_00000160	24	25	2	0	0.983255511253818	0.944483163416386	0.963479425835016	0.0616883116883117	1.0	0.900508658008658
GC_00000161	24	25	2	0	0.990666777611361	0.859452753863708	0.920406790690478	0.183279742765273	1.0	0.772765273311897
GC_00000162	24	25	2	0	0.990268713423415	0.944015365157497	0.966589025322782	0.0555555555555556	1.0	0.906498316498316
GC_00000163	24	25	2	0	0.997304592863099	0.951492053813706	0.973859840080611	0.0163398692810458	1.0	0.915446623093682
GC_00000164	24	25	2	0	0.991555353093023	0.93800084515874	0.964034900943139	0.0282828282828283	1.0	0.907232323232323
GC_00000165	24	25	2	0	0.997097000233575	0.940247927893648	0.967838380008937	0.00184162062615101	1.0	0.915844076120319
GC_00000166	24	25	2	0	0.98326409330355	0.802453273040483	0.883704784201112	0.0416666666666667	1.0	0.874614197530864
GC_00000167	24	25	2	0	0.897136566696107	0.98286106346484	0.93804437396088	0.483018867924528	1.0	0.866012578616352
GC_00000168	24	25	2	0	0.991383698646545	0.930063456241883	0.95974510345418	0.265060240963855	1.0	0.886646586345382
GC_00000169	24	25	2	0	0.995140668863664	0.961156682955395	0.97785349805808	0.153846153846154	1.0	0.929024216524217
GC_00000170	24	25	2	0	0.992144395534619	0.947751938964497	0.96944023026208	0.0	1.0	0.911379514505625
GC_00000171	24	25	2	0	0.989550951319152	0.940760004654366	0.964538852859839	0.0687593423019432	1.0	0.90570004982561
GC_00000172	24	25	2	0	0.996585926740204	0.941828855380999	0.968433991865679	0.00209205020920502	1.0	0.915502092050209
GC_00000173	24	25	2	0	0.988111568358482	0.919236584721118	0.952430527121885	0.0256410256410256	1.0	0.906564102564103
GC_00000174	24	25	2	0	0.98174206889595	0.762935750381006	0.858618266063751	0.208029197080292	1.0	0.689294403892944
GC_00000175	24	25	2	0	0.994197337463843	0.940645477523441	0.966680313260854	0.0315533980582524	1.0	0.913689320388349
GC_00000176	24	25	2	0	0.928892703862661	0.77595975393598	0.845566841429663	0.0719424460431655	1.0	0.685827338129496
GC_00000177	24	25	2	0	0.992285119538566	0.939448105081824	0.965144009918436	0.0416666666666667	1.0	0.90662037037037
GC_00000178	24	25	2	0	0.963782292450464	0.935975490196078	0.949675386892686	0.166666666666667	1.0	0.880666666666667
GC_00000179	23	25	2	0	0.972190670907163	0.759989088367176	0.853091947005935	0.0291545189504373	1.0	0.697240038872692
GC_00000180	24	25	2	0	0.971152165970358	0.939838351336857	0.955238701915617	0.0436681222707424	1.0	0.880465793304221
GC_00000181	24	25	2	0	0.963420270523261	0.999579502846828	0.981166853003644	0.539473684210526	1.0	0.954236842105263
GC_00000182	23	25	2	0	0.996143132633383	0.883809036076022	0.936619895442189	0.0	1.0	0.841707717569786
GC_00000183	24	25	2	0	0.991471630925478	0.939488424618859	0.964780310103189	0.125541125541126	1.0	0.904718614718615
GC_00000184	24	25	2	0	0.95656096932199	0.74679926335175	0.838764476870966	0.0939226519337017	1.0	0.637771639042357
GC_00000185	24	25	2	0	0.976220921654453	0.83257380952381	0.898693431232237	0.0284090909090909	1.0	0.768125
GC_00000186	24	25	2	0	0.983545259383331	0.940981522079548	0.961792710938693	0.0387096774193548	1.0	0.897924731182796
GC_00000187	24	25	2	0	0.989032173538715	0.939513246583448	0.963636965602793	0.0565552699228792	1.0	0.902176520994002
GC_00000188	24	25	2	0	0.994495464039158	0.946936812886587	0.970133623861067	0.0	1.0	0.912112211221122
GC_00000189	12	25	4	0	0.731312342787753	0.643772486039964	0.684755958495369	0.0300429184549356	1.0	0.569420600858369
GC_00000190	24	25	2	0	0.962882664802183	0.931998153846151	0.947188717236832	0.096	1.0	0.865514666666667
GC_00000191	24	25	2	0	0.955794763618315	0.940369177571359	0.948019225834291	0.770348837209302	1.0	0.927296511627907
GC_00000192	24	25	2	0	0.984011881218128	0.938845154127483	0.960898048376706	0.08125	1.0	0.897166666666667
GC_00000193	24	25	2	0	0.99451967727709	0.958071812331996	0.975955569487247	0.0363881401617251	1.0	0.917574123989218
GC_00000194	24	25	2	0	0.980192460523133	0.936530418573124	0.95786413920074	0.0213523131672598	1.0	0.900474495848162
GC_00000195	24	25	2	0	0.975103130308178	0.830282288963049	0.896884233544016	0.133333333333333	1.0	0.833126436781609
GC_00000196	23	25	2	0	0.91626288636007	0.776869172826717	0.840827963484731	0.0443786982248521	1.0	0.719802761341223
GC_00000197	24	25	2	0	0.995769056656336	0.816617374818779	0.897338778144162	0.0204081632653061	1.0	0.835904761904762
GC_00000198	21	25	2	0	0.966687956851891	0.747642489534124	0.843171154297595	0.223484848484848	1.0	0.628232323232323
GC_00000199	24	25	2	0	0.989626907737755	0.939420161612436	0.963870176497231	0.00350262697022767	1.0	0.905890251021599
GC_00000200	24	25	2	0	0.993459584912997	0.934946809817454	0.963315483847282	0.252475247524752	1.0	0.895635313531353
GC_00000201	21	25	2	0	0.937961888634534	0.598620871281872	0.73082111507504	0.0316901408450704	1.0	0.551302816901408
GC_00000202	24	25	2	0	0.962653969859127	0.995111005297301	0.978613441200635	0.484276729559748	1.0	0.94622641509434
GC_00000203	24	25	2	0	0.994398717406908	0.865283224812452	0.925358804011791	0.0350877192982456	1.0	0.836775271512114
GC_00000204	24	25	2	0	0.976937600699858	0.924400603889438	0.949943261929374	0.0113268608414239	1.0	0.874228694714132
GC_00000205	24	25	2	0	0.990213966740637	0.93791684967093	0.963356175089824	0.0586907449209932	1.0	0.904469525959368
GC_00000206	14	25	4	0	0.74282579825625	0.66860433220614	0.703763560192535	0.0288184438040346	1.0	0.58747358309318
GC_00000207	24	25	2	0	0.977845115325943	0.939060732152041	0.958060565298394	0.112627986348123	1.0	0.891808873720137
GC_00000208	24	25	2	0	0.983364636436812	0.973710715896815	0.978513865591079	0.929503916449086	1.0	0.975404699738903
GC_00000209	24	25	2	0	0.877104334783009	0.729859522712358	0.796735966609022	0.0228310502283105	1.0	0.583044140030441
GC_00000210	24	25	2	0	0.987847795963567	0.928049979927736	0.957015701726728	0.0188679245283019	1.0	0.904182389937107
GC_00000211	24	25	2	0	0.965623028843397	0.726725252652061	0.829312319781795	0.0391061452513966	1.0	0.676741154562383
GC_00000212	13	25	3	0	0.877508501686896	0.767867560282655	0.819035025355893	0.032345013477089	1.0	0.589928122192273
GC_00000213	24	25	2	0	0.992936202671341	0.945381847021764	0.968575679728963	0.0535117056856187	1.0	0.908015607580825
GC_00000214	24	25	2	0	0.996790922266411	0.918648176187524	0.956125583443958	0.0143805309734513	1.0	0.908510324483776
GC_00000215	24	25	2	0	0.992807106138886	0.954629421430427	0.973344044756445	0.00268096514745308	1.0	0.91047363717605
GC_00000216	24	25	2	0	0.976973735484374	0.940962104603816	0.958629838463999	0.0225806451612903	1.0	0.894849462365591
GC_00000217	20	25	2	0	0.977062515623839	0.704672205595505	0.818807852632238	0.0217983651226158	1.0	0.541825613079019
GC_00000218	24	24	1	1	1.0	1.0	1.0	1.0	1.0	1.0
GC_00000219	24	24	1	1	1.0	1.0	1.0	1.0	1.0	1.0
GC_00000220	24	24	1	1	1.0	1.0	1.0	1.0	1.0	1.0
GC_00000221	24	24	1	1	1.0	1.0	1.0	1.0	1.0	1.0
GC_00000222	24	24	1	1	1.0	1.0	1.0	1.0	1.0	1.0
GC_00000223	24	24	1	1	1.0	1.0	1.0	1.0	1.0	1.0
GC_00000224	24	24	1	1	1.0	1.0	1.0	1.0	1.0	1.0
GC_00000225	24	24	1	1	1.0	1.0	1.0	1.0	1.0	1.0
GC_00000226	24	24	1	1	1.0	1.0	1.0	1.0	1.0	1.0
GC_00000227	24	24	1	1	1.0	1.0	1.0	1.0	1.0	1.0
GC_00000228	24	24	1	1	1.0	1.0	1.0	1.0	1.0	1.0
GC_00000229	24	24	1	1	1.0	1.0	1.0	1.0	1.0	1.0
GC_00000230	24	24	1	1	1.0	1.0	1.0	1.0	1.0	1.0
GC_00000231	24	24	1	1	1.0	1.0	1.0	1.0	1.0	1.0
GC_00000232	24	24	1	1	1.0	1.0	1.0	1.0	1.0	1.0
GC_00000233	24	24	1	1	1.0	1.0	1.0	1.0	1.0	1.0
GC_00000234	24	24	1	1	1.0	1.0	1.0	1.0	1.0	1.0
GC_00000235	24	24	1	1	1.0	1.0	1.0	1.0	1.0	1.0
GC_00000236	24	24	1	1	1.0	1.0	1.0	1.0	1.0	1.0
GC_00000237	24	24	1	1	1.0	1.0	1.0	1.0	1.0	1.0
GC_00000238	24	24	1	1	1.0	1.0	1.0	1.0	1.0	1.0
GC_00000239	24	24	1	1	1.0	1.0	1.0	1.0	1.0	1.0
GC_00000240	24	24	1	1	1.0	1.0	1.0	1.0	1.0	1.0
GC_00000241	24	24	1	1	1.0	1.0	1.0	1.0	1.0	1.0
GC_00000242	24	24	1	1	1.0	1.0	1.0	1.0	1.0	1.0
GC_00000243	24	24	1	1	1.0	1.0	1.0	1.0	1.0	1.0
GC_00000244	24	24	1	1	1.0	1.0	1.0	1.0	1.0	1.0
GC_00000245	24	24	1	1	1.0	1.0	1.0	1.0	1.0	1.0
GC_00000246	24	24	1	1	1.0	1.0	1.0	1.0	1.0	1.0
GC_00000247	24	24	1	1	1.0	1.0	1.0	1.0	1.0	1.0
GC_00000248	24	24	1	1	0.999084249084249	1.0	0.999541914796152	0.989010989010989	1.0	0.999084249084249
GC_00000249	24	24	1	1	0.999166666666667	1.0	0.999583159649854	0.99	1.0	0.999166666666667
GC_00000250	24	24	1	1	0.999305555555556	1.0	0.999652657172629	0.991666666666667	1.0	0.999305555555555
GC_00000251	24	24	1	1	0.998873873873874	1.0	0.99943661971831	0.986486486486487	1.0	0.998873873873874
GC_00000252	24	24	1	1	0.998106060606061	1.0	0.999052132701422	0.977272727272727	1.0	0.998106060606061
GC_00000253	24	24	1	1	0.99969474969475	1.0	0.999847351549382	0.996336996336996	1.0	0.99969474969475
GC_00000254	24	24	1	1	0.998873873873874	1.0	0.99943661971831	0.986486486486487	1.0	0.998873873873874
GC_00000255	24	24	1	1	0.999645390070922	1.0	0.999822663592836	0.995744680851064	1.0	0.999645390070922
GC_00000256	24	24	1	1	0.999772313296903	1.0	0.999886143686667	0.991803278688525	1.0	0.99931693989071
GC_00000257	24	24	1	1	0.999338624338624	1.0	0.999669202778697	0.976190476190476	1.0	0.998015873015873
GC_00000258	24	24	1	1	0.999063670411985	1.0	0.999531615925059	0.98876404494382	1.0	0.999063670411985
GC_00000259	24	24	1	1	0.998563218390805	1.0	0.999281092739037	0.982758620689655	1.0	0.998563218390805
GC_00000260	24	24	1	1	0.999821937321937	1.0	0.999910960733684	0.993589743589744	1.0	0.999465811965812
GC_00000261	24	24	1	1	0.999727668845316	1.0	0.999863815879068	0.990196078431373	1.0	0.999183006535948
GC_00000262	24	24	1	1	0.999720357941834	1.0	0.999860159418263	0.996644295302013	1.0	0.999720357941834
GC_00000263	24	24	1	1	0.999287749287749	1.0	0.999643747773424	0.991452991452991	1.0	0.999287749287749
GC_00000264	24	24	1	1	0.999174917491749	1.0	0.999587288485349	0.99009900990099	1.0	0.999174917491749
GC_00000265	24	24	1	1	0.999789562289562	1.0	0.999894770072609	0.992424242424242	1.0	0.999368686868687
GC_00000266	24	24	1	1	0.999472573839662	1.0	0.999736217356898	0.993670886075949	1.0	0.999472573839663
GC_00000267	24	24	1	1	0.999242424242424	1.0	0.999621068586586	0.990909090909091	1.0	0.999242424242424
GC_00000268	24	24	1	1	0.999762583095916	1.0	0.999881277454589	0.991452991452991	1.0	0.999287749287749
GC_00000269	24	24	1	1	0.999275362318841	1.0	0.999637549836897	0.991304347826087	1.0	0.999275362318841
GC_00000270	24	24	1	1	0.999184231413705	1.0	0.999591949269369	0.993914807302231	1.0	0.999184231413705
GC_00000271	24	24	1	1	0.999745158002039	1.0	0.999872562762839	0.995412844036697	1.0	0.999617737003058
GC_00000272	24	24	1	1	0.997261345852895	1.0	0.998628795298727	0.957746478873239	1.0	0.996478873239437
GC_00000273	24	24	1	1	0.998031848273394	1.0	0.999014954777469	0.987654320987654	1.0	0.998031848273394
GC_00000274	24	24	1	1	0.999259259259259	1.0	0.999629492404594	0.986666666666667	1.0	0.998888888888889
GC_00000275	24	24	1	1	0.997342995169082	1.0	0.998669730318055	0.983333333333333	1.0	0.997342995169082
GC_00000276	24	24	1	1	0.998660333698697	1.0	0.999329717872159	0.991596638655462	1.0	0.998660333698697
GC_00000277	24	24	1	1	0.9994708994709	1.0	0.999735379730087	0.990476190476191	1.0	0.999206349206349
GC_00000278	24	24	1	1	0.998727735368957	1.0	0.999363462762572	0.984732824427481	1.0	0.998727735368957
GC_00000279	24	24	1	1	0.999390488855643	0.990953860191117	0.995154294023642	0.931818181818182	1.0	0.989130434782609
GC_00000280	24	24	1	1	0.998687664041995	1.0	0.999343401181878	0.984251968503937	1.0	0.998687664041995
GC_00000281	24	24	1	1	0.999242424242424	1.0	0.999621068586586	0.990909090909091	1.0	0.999242424242424
GC_00000282	24	24	1	1	0.998496035001367	1.0	0.999247451597455	0.990566037735849	1.0	0.998496035001367
GC_00000283	24	24	1	1	0.996527777777778	1.0	0.998260869565217	0.958333333333333	1.0	0.996527777777778
GC_00000284	24	24	1	1	0.999228395061728	1.0	0.999614048629873	0.972222222222222	1.0	0.997685185185185
GC_00000285	24	24	1	1	0.999291465378422	1.0	0.999645607139405	0.986666666666667	1.0	0.997874396135266
GC_00000286	24	24	1	1	0.998093681917211	1.0	0.999045931579665	0.970588235294118	1.0	0.997549019607843
GC_00000287	24	24	1	1	0.998644986449865	1.0	0.999322033898305	0.983739837398374	1.0	0.998644986449865
GC_00000288	24	24	1	1	0.998828647925033	1.0	0.999413980745082	0.987951807228916	1.0	0.998493975903615
GC_00000289	24	24	1	1	0.998477929984779	1.0	0.999238385376999	0.979452054794521	1.0	0.997716894977169
GC_00000290	24	24	1	1	0.998960190136661	1.0	0.999479824626588	0.989304812834225	1.0	0.998663101604278
GC_00000291	24	24	1	1	0.998214285714286	1.0	0.999106344950849	0.985714285714286	1.0	0.998214285714286
GC_00000292	24	24	1	1	0.999368686868687	1.0	0.999684243763814	0.993181818181818	1.0	0.999242424242424
GC_00000293	24	24	1	1	0.999160546781915	1.0	0.999580097146557	0.991031390134529	1.0	0.998911418730097
GC_00000294	24	24	1	1	0.999325236167341	1.0	0.999662504218697	0.987854251012146	1.0	0.998650472334683
GC_00000295	24	24	1	1	0.99844001610306	1.0	0.999219399189182	0.983333333333333	1.0	0.997977053140097
GC_00000296	24	24	1	1	0.998175182481752	1.0	0.999086757990868	0.985401459854015	1.0	0.998175182481752
GC_00000297	24	24	1	1	0.998431339885613	1.0	0.99921505428629	0.977011494252874	1.0	0.997209728469099
GC_00000298	24	24	1	1	0.999550456253355	1.0	0.999775177592924	0.988888888888889	1.0	0.998651368760064
GC_00000299	24	24	1	1	0.999355195283714	1.0	0.999677493665054	0.991525423728814	1.0	0.998065585851142
GC_00000300	24	24	1	1	0.998690922603966	1.0	0.999345032600474	0.986013986013986	1.0	0.998302422215466
GC_00000301	24	24	1	1	0.998029944838456	1.0	0.999014001183199	0.978723404255319	1.0	0.997635933806147
GC_00000302	24	24	1	1	0.999002849002849	1.0	0.9995011757999	0.98974358974359	1.0	0.998717948717949
GC_00000303	24	24	1	1	0.999175733597099	1.0	0.999587696874742	0.991097922848665	1.0	0.999010880316519
GC_00000304	24	24	1	1	0.996424173534148	1.0	0.998208884407805	0.980392156862745	1.0	0.995382210855357
GC_00000305	24	24	1	1	0.996719545632589	1.0	0.998357078051053	0.972972972972973	1.0	0.996719545632589
GC_00000306	24	24	1	1	0.999578785710026	1.0	0.9997893484903	0.993827160493827	1.0	0.999250760422258
GC_00000307	24	24	1	1	0.999307287337213	1.0	0.999653523664334	0.992518703241895	1.0	0.999168744804655
GC_00000308	24	24	1	1	0.996826199303449	1.0	0.998410577396441	0.953488372093023	1.0	0.994354566902595
GC_00000309	24	24	1	1	0.997643168706909	1.0	0.998820194051665	0.980582524271845	1.0	0.997643168706909
GC_00000310	24	24	1	1	0.996820467317362	1.0	0.998407702277356	0.979591836734694	1.0	0.996820467317362
GC_00000311	24	24	1	1	0.998761303109129	1.0	0.999380267724343	0.987179487179487	1.0	0.996283909327388
GC_00000312	24	24	1	1	0.999514480615639	1.0	0.999757181361241	0.994974874371859	1.0	0.998543441846916
GC_00000313	24	24	1	1	0.998310430277089	1.0	0.999154500873682	0.989637305699482	1.0	0.998310430277089
GC_00000314	24	24	1	1	0.99777222875049	1.0	0.998884872250475	0.97972972972973	1.0	0.996646102624363
GC_00000315	24	24	1	1	0.999194847020934	1.0	0.999597261377366	0.992424242424242	1.0	0.998792270531401
GC_00000316	24	24	1	1	0.99762943806907	1.0	0.998813312476401	0.966542750929368	1.0	0.995824578417111
GC_00000317	24	24	1	1	0.992372234935164	1.0	0.996171516079633	0.973684210526316	1.0	0.992372234935164
GC_00000318	24	24	1	1	0.998632051625182	0.998663578047043	0.998647814587297	0.983606557377049	1.0	0.997327156094084
GC_00000319	24	24	1	1	0.999088506061435	1.0	0.999544045230713	0.990566037735849	1.0	0.997265518184304
GC_00000320	24	24	1	1	0.998792270531401	1.0	0.999395770392749	0.977777777777778	1.0	0.996376811594203
GC_00000321	24	24	1	1	0.999038289497227	1.0	0.999518913415603	0.993827160493827	1.0	0.999038289497227
GC_00000322	24	24	1	1	0.999216627923808	0.998851806491119	0.999034183901628	0.985915492957746	1.0	0.997703612982241
GC_00000323	24	24	1	1	0.996883278790712	1.0	0.998439207117215	0.989247311827957	1.0	0.996883278790712
GC_00000324	24	24	1	1	0.9956738048886	1.0	0.99783221331021	0.985074626865672	1.0	0.9956738048886
GC_00000325	24	24	1	1	0.998324762350008	1.0	0.999161678981537	0.967741935483871	1.0	0.994974287050023
GC_00000326	24	24	1	1	0.999223244532644	1.0	0.999611471370453	0.987551867219917	1.0	0.998361296530158
GC_00000327	24	24	1	1	0.997964752191805	1.0	0.99898133948261	0.981481481481482	1.0	0.996980676328502
GC_00000328	24	24	1	1	0.998355142022439	0.991006106777919	0.994667050113694	0.879194630872483	1.0	0.988862951074798
GC_00000329	24	24	1	1	0.997811496936096	1.0	0.998904549769955	0.979865771812081	1.0	0.996790195506274
GC_00000330	24	24	1	1	0.999726512556492	0.966226155954135	0.982690906759916	0.961748633879781	1.0	0.988912647501386
GC_00000331	24	24	1	1	0.997959353656505	1.0	0.998978634705576	0.979310344827586	1.0	0.996176911544228
GC_00000332	24	24	1	1	0.995767602924202	1.0	0.997879313668787	0.973451327433628	1.0	0.995767602924202
GC_00000333	24	24	1	1	0.997251873065463	1.0	0.998624045884449	0.988023952095808	1.0	0.995877809598195
GC_00000334	24	24	1	1	0.998490338164251	1.0	0.999244598882006	0.995614035087719	1.0	0.998490338164251
GC_00000335	24	24	1	1	0.999570674242059	1.0	0.999785291030984	0.993355481727575	1.0	0.998712022726178
GC_00000336	24	24	1	1	0.99901608053782	1.0	0.999507798125408	0.993006993006993	1.0	0.99821374277896
GC_00000337	24	24	1	1	0.998428297266892	1.0	0.999213530585382	0.995433789954338	1.0	0.998428297266891
GC_00000338	24	24	1	1	0.99864888712417	1.0	0.999323986877068	0.990867579908676	1.0	0.998163589438158
GC_00000339	24	24	1	1	0.994322103017755	1.0	0.997152968934329	0.961038961038961	1.0	0.993600602296254
GC_00000340	24	24	1	1	0.999305049523655	1.0	0.999652403980818	0.988826815642458	1.0	0.997915148570966
GC_00000341	24	24	1	1	0.99920537719068	1.0	0.999602530676245	0.995975855130785	1.0	0.99920537719068
GC_00000342	24	24	1	1	0.995379603776094	1.0	0.997684452514618	0.981651376146789	1.0	0.995379603776094
GC_00000343	24	24	1	1	0.996152696847453	1.0	0.998072640856271	0.979381443298969	1.0	0.996152696847452
GC_00000344	24	24	1	1	0.998743473381155	1.0	0.999371341727651	0.97979797979798	1.0	0.996230420143464
GC_00000345	24	24	1	1	0.997512077294686	1.0	0.998754489280143	0.986666666666667	1.0	0.997512077294686
GC_00000346	24	24	1	1	0.995997572872179	0.995308999253174	0.995653167011789	0.903846153846154	1.0	0.989653010033445
GC_00000347	24	24	1	1	0.996726417493008	1.0	0.998360525268603	0.980263157894737	1.0	0.995089626239512
GC_00000348	24	24	1	1	0.998271812528358	1.0	0.999135158960454	0.988950276243094	1.0	0.997637921370806
GC_00000349	24	24	1	1	0.996635610766046	1.0	0.998314970836034	0.980519480519481	1.0	0.993953510257858
GC_00000350	24	24	1	1	0.997669701474049	1.0	0.9988334915806	0.993589743589744	1.0	0.997491638795986
GC_00000351	24	24	1	1	0.9982497212932	1.0	0.999124094106883	0.990769230769231	1.0	0.998249721293199
GC_00000352	24	24	1	1	0.999230745561402	1.0	0.99961522478568	0.993630573248408	1.0	0.998223022246838
GC_00000353	24	24	1	1	0.998623001855954	0.997551361681796	0.998086894115481	0.983516483516483	1.0	0.996476349737219
GC_00000354	24	24	1	1	0.999201848351187	1.0	0.999600764850497	0.991304347826087	1.0	0.99760554505356
GC_00000355	24	24	1	1	0.998194268561512	1.0	0.999096318377598	0.990291262135922	1.0	0.997924581398621
GC_00000356	24	24	1	1	0.996966632962588	1.0	0.998481012658228	0.992248062015504	1.0	0.996966632962589
GC_00000357	24	24	1	1	0.998608485612266	1.0	0.999303758391025	0.985507246376812	1.0	0.997637051039697
GC_00000358	24	24	1	1	0.99770526059394	0.996962831625954	0.997333907941403	0.947089947089947	1.0	0.991737596810061
GC_00000359	24	24	1	1	0.993979933110368	1.0	0.996980878899698	0.984615384615385	1.0	0.993979933110368
GC_00000360	24	24	1	1	0.996314342828586	1.0	0.998153769127265	0.96551724137931	1.0	0.991816591704148
GC_00000361	24	24	1	1	0.997930302321957	1.0	0.998964079139479	0.987903225806452	1.0	0.99770628798504
GC_00000362	24	24	1	1	0.996862393545495	1.0	0.998428731762065	0.979381443298969	1.0	0.995293590318243
GC_00000363	24	24	1	1	0.998086765198259	1.0	0.999042466606023	0.993399339933993	1.0	0.997225809537475
GC_00000364	24	24	1	1	0.997380417772334	1.0	0.998688491083443	0.985915492957746	1.0	0.996989181465605
GC_00000365	24	24	1	1	0.99932178555367	1.0	0.999660777744118	0.990990990990991	1.0	0.998465857161509
GC_00000366	24	24	1	1	0.998569868135086	1.0	0.999284422382366	0.995337995337995	1.0	0.998310867876085
GC_00000367	24	24	1	1	0.997483495967819	1.0	0.998740162791202	0.97609561752988	1.0	0.995048790345863
GC_00000368	24	24	1	1	0.997446514837819	1.0	0.998721625263449	0.982857142857143	1.0	0.996811594202899
GC_00000369	24	24	1	1	0.990667545015371	1.0	0.99531189675142	0.954545454545455	1.0	0.990667545015371
GC_00000370	24	24	1	1	0.998280812144343	1.0	0.999139666534749	0.98932384341637	1.0	0.997885398937542
GC_00000371	24	24	1	1	0.997734259591967	1.0	0.998865844945516	0.983471074380165	1.0	0.995837824889208
GC_00000372	24	24	1	1	0.99824585076238	0.970378576586015	0.984114973164725	0.813813813813814	1.0	0.969175697436567
GC_00000373	24	24	1	1	0.992376207729469	1.0	0.996173517711688	0.95	1.0	0.989085144927536
GC_00000374	24	24	1	1	0.99636152387941	1.0	0.998177446280612	0.987341772151899	1.0	0.994542285819116
GC_00000375	24	24	1	1	0.993434906478385	1.0	0.996706642639657	0.948717948717949	1.0	0.988294314381271
GC_00000376	24	24	1	1	0.971321862078165	0.998117083190688	0.984537191311059	0.866141732283465	1.0	0.964481342006162
GC_00000377	24	24	1	1	0.993078781122259	1.0	0.996527373155895	0.974358974358974	1.0	0.993078781122259
GC_00000378	24	24	1	1	0.998142953612799	1.0	0.999070613849803	0.978494623655914	1.0	0.994428860838398
GC_00000379	24	24	1	1	0.997912219600794	1.0	0.998955018954925	0.988372093023256	1.0	0.997696887990114
GC_00000380	24	24	1	1	0.996650259775772	1.0	0.998322319991783	0.987421383647799	1.0	0.996650259775773
GC_00000381	24	24	1	1	0.996376811594203	1.0	0.998185117967332	0.991596638655462	1.0	0.996376811594203
GC_00000382	24	24	1	1	0.997127771584293	1.0	0.998561820401993	0.987179487179487	1.0	0.996446488294314
GC_00000383	24	24	1	1	0.999276136504397	1.0	0.99963793721018	0.993589743589744	1.0	0.99836259754738
GC_00000384	24	24	1	1	0.997694334650856	0.973905657395702	0.985656482844178	0.946902654867257	1.0	0.992529177888932
GC_00000385	24	24	1	1	0.998872091731912	1.0	0.999435727642227	0.988505747126437	1.0	0.998053056804931
GC_00000386	24	24	1	1	0.999158660370189	1.0	0.999579153147527	0.993258426966292	1.0	0.998599576616186
GC_00000387	24	24	1	1	0.998101588183544	1.0	0.999049892243876	0.990415335463259	1.0	0.998101588183544
GC_00000388	24	24	1	1	0.998277224028358	0.988270619174528	0.993248719051944	0.918831168831169	1.0	0.985554300771692
GC_00000389	24	24	1	1	0.997188776639332	0.994821895982704	0.996003930162918	0.921182266009852	1.0	0.991593488969801
GC_00000390	24	24	1	1	0.994547280815038	1.0	0.99726618705036	0.98019801980198	1.0	0.994547280815038
GC_00000391	24	24	1	1	0.996385500295416	1.0	0.998189478082239	0.985611510791367	1.0	0.995620894588677
GC_00000392	24	24	1	1	0.996042758762463	1.0	0.998017456680141	0.985815602836879	1.0	0.996042758762463
GC_00000393	24	24	1	1	0.99821038158992	0.999689054726371	0.998949170964877	0.98134328358209	1.0	0.996133463119187
GC_00000394	24	24	1	1	0.996065541112605	1.0	0.998028892936451	0.979381443298969	1.0	0.993089795308531
GC_00000395	24	24	1	1	0.997503575958762	1.0	0.998750227998946	0.988826815642458	1.0	0.996882843494454
GC_00000396	24	24	1	1	0.996871645195921	1.0	0.998433372114024	0.979166666666667	1.0	0.995143921095008
GC_00000397	24	24	1	1	0.98413252638113	0.861725930814673	0.918870581907046	0.783783783783784	1.0	0.936936936936937
GC_00000398	24	24	1	1	0.997002089971563	1.0	0.998498794746639	0.985815602836879	1.0	0.995631616815706
GC_00000399	24	24	1	1	0.996283396055195	1.0	0.998138238312181	0.972375690607735	1.0	0.994294979582032
GC_00000400	24	24	1	1	0.994024501910265	1.0	0.99700329756028	0.973856209150327	1.0	0.993298285497774
GC_00000401	24	24	1	1	0.996916737709577	1.0	0.998455988558662	0.988235294117647	1.0	0.996291560102302
GC_00000402	24	24	1	1	0.994453824867502	1.0	0.997219201034716	0.970873786407767	1.0	0.99166314900802
GC_00000403	24	24	1	1	0.995945479641132	1.0	0.997968621688205	0.964285714285714	1.0	0.990812629399586
GC_00000404	24	24	1	1	0.995475324190689	0.827016575343719	0.903460359589729	0.755102040816326	1.0	0.899475007394262
GC_00000405	24	24	1	1	0.993784750706408	1.0	0.996882687917344	0.966981132075472	1.0	0.989796964725185
GC_00000406	24	24	1	1	0.995521336553945	1.0	0.997755642415837	0.986111111111111	1.0	0.995521336553945
GC_00000407	24	24	1	1	0.999583636644387	1.0	0.999791774973558	0.995433789954338	1.0	0.998750909933161
GC_00000408	24	24	1	1	0.99522659305268	1.0	0.997607586544836	0.984126984126984	1.0	0.99522659305268
GC_00000409	24	24	1	1	0.998849326403434	0.993778464621517	0.996307443319214	0.987234042553191	1.0	0.996662041319766
GC_00000410	24	24	1	1	0.997635333423631	1.0	0.998816267145057	0.985981308411215	1.0	0.996664634972233
GC_00000411	24	24	1	1	0.998912061584384	1.0	0.999455734728643	0.99349593495935	1.0	0.998821727347708
GC_00000412	24	24	1	1	0.996592477570738	1.0	0.99829333102897	0.988095238095238	1.0	0.996592477570738
GC_00000413	24	24	1	1	0.98574290090727	1.0	0.99282026938824	0.939024390243902	1.0	0.984446800989749
GC_00000414	24	24	1	1	0.97897227185494	1.0	0.98937442002391	0.945205479452055	1.0	0.976126662696049
GC_00000415	24	24	1	1	0.997947883402931	1.0	0.998972887824494	0.991525423728814	1.0	0.997497543601081
GC_00000416	24	24	1	1	0.997324649911331	1.0	0.998660533184334	0.987341772151899	1.0	0.997003607900691
GC_00000417	24	24	1	1	0.996349772874757	1.0	0.99817154930722	0.992537313432836	1.0	0.996349772874757
GC_00000418	24	24	1	1	0.995592351799178	1.0	0.99779130833166	0.981308411214953	1.0	0.994734525260734
GC_00000419	24	24	1	1	0.996030737068113	1.0	0.998011421939465	0.982456140350877	1.0	0.995380964488516
GC_00000420	24	24	1	1	0.999072486185368	1.0	0.999536027922428	0.995359628770302	1.0	0.99837755136353
GC_00000421	24	24	1	1	0.994796484736355	0.969689647766323	0.982082629063158	0.958762886597938	1.0	0.992380098610488
GC_00000422	24	24	1	1	0.9969831819913	1.0	0.998489312260661	0.987551867219917	1.0	0.996752661013891
GC_00000423	24	24	1	1	0.990128124343625	1.0	0.995039577836412	0.956521739130435	1.0	0.990128124343625
GC_00000424	24	24	1	1	0.99014669494521	1.0	0.995048955396195	0.963414634146341	1.0	0.99014669494521
GC_00000425	24	24	1	1	0.998800542651049	1.0	0.999399911435205	0.98972602739726	1.0	0.997543180464562
GC_00000426	24	24	1	1	0.997348712231655	1.0	0.998672596451432	0.988165680473373	1.0	0.996119543778406
GC_00000427	24	24	1	1	0.99687656171914	1.0	0.998435838077958	0.986206896551724	1.0	0.994627686156922
GC_00000428	24	24	1	1	0.995099405425492	1.0	0.997543684008335	0.985576923076923	1.0	0.994565217391304
GC_00000429	24	24	1	1	0.998368365486131	1.0	0.999183516641852	0.986754966887417	1.0	0.996208849217775
GC_00000430	24	24	1	1	0.997885154947999	1.0	0.998941458148001	0.991266375545852	1.0	0.997041326498323
GC_00000431	24	24	1	1	0.994165940709063	1.0	0.997074436398777	0.978142076502732	1.0	0.993585174625802
GC_00000432	24	24	1	1	0.996399706939579	1.0	0.998196607098315	0.985781990521327	1.0	0.995483893124528
GC_00000433	24	24	1	1	0.997983570622912	1.0	0.998990767788716	0.986784140969163	1.0	0.996089510310924
GC_00000434	24	24	1	1	0.997565903262361	1.0	0.998781468619551	0.987654320987654	1.0	0.9973944354983
GC_00000435	24	24	1	1	0.994995169082126	1.0	0.997491306748288	0.976	1.0	0.994550724637681
GC_00000436	24	24	1	1	0.994729907773386	1.0	0.997357992073976	0.980519480519481	1.0	0.992612460003764
GC_00000437	24	24	1	1	0.99468336483932	1.0	0.997334596931825	0.989130434782609	1.0	0.994683364839319
GC_00000438	24	24	1	1	0.997513758383324	1.0	0.998755331918871	0.985347985347985	1.0	0.996920953442692
GC_00000439	24	24	1	1	0.992817187897279	1.0	0.996395649261587	0.95906432748538	1.0	0.991037376048818
GC_00000440	24	24	1	1	0.996450970421222	1.0	0.998222330710166	0.982456140350877	1.0	0.994438087973557
GC_00000441	24	24	1	1	0.99479038729223	1.0	0.997388390910164	0.983050847457627	1.0	0.994319577499386
GC_00000442	24	24	1	1	0.995777556514364	1.0	0.997884311569767	0.980916030534351	1.0	0.994827967695542
GC_00000443	24	24	1	1	0.996241415913867	1.0	0.998117169568685	0.982062780269058	1.0	0.993533502307142
GC_00000444	24	24	1	1	0.993115942028985	1.0	0.996546082530449	0.966666666666667	1.0	0.990700483091788
GC_00000445	24	24	1	1	0.996812029420725	1.0	0.998403469864813	0.990990990990991	1.0	0.996812029420725
GC_00000446	24	24	1	1	0.99504414459437	1.0	0.997515916918902	0.980295566502463	1.0	0.992485899907189
GC_00000447	24	24	1	1	0.990519323671498	1.0	0.995237084003276	0.97	1.0	0.989963768115942
GC_00000448	24	24	1	1	0.992729142185664	1.0	0.996351306527107	0.97972972972973	1.0	0.992729142185664
GC_00000449	24	24	1	1	0.994842668755712	1.0	0.997414667670256	0.981981981981982	1.0	0.994842668755712
GC_00000450	24	24	1	1	0.99390995991366	1.0	0.996945679489658	0.978723404255319	1.0	0.99390995991366
GC_00000451	24	24	1	1	0.986891716743254	1.0	0.993402618196913	0.963414634146341	1.0	0.986214209968187
GC_00000452	24	24	1	1	0.996060694484972	1.0	0.99802646005409	0.979865771812081	1.0	0.992559089582725
GC_00000453	24	24	1	1	0.991326909805171	1.0	0.995644567372578	0.972527472527473	1.0	0.99102165949992
GC_00000454	24	24	1	1	0.998643450786455	1.0	0.999321265024529	0.995260663507109	1.0	0.998643450786455
GC_00000455	24	24	1	1	0.994968747853561	1.0	0.997478029592267	0.985781990521327	1.0	0.994968747853561
GC_00000456	24	24	1	1	0.995303274288782	1.0	0.997646109355034	0.973544973544973	1.0	0.991239168775401
GC_00000457	24	24	1	1	0.99438143247217	1.0	0.997182801927279	0.978260869565217	1.0	0.99377756773787
GC_00000458	24	24	1	1	0.995772946859903	1.0	0.997881996974281	0.991666666666667	1.0	0.995772946859903
GC_00000459	24	24	1	1	0.990363325281804	1.0	0.995158333860059	0.965277777777778	1.0	0.985834339774557
GC_00000460	24	24	1	1	0.9987077791694	1.0	0.999353471856133	0.991769547325103	1.0	0.996809208564442
GC_00000461	24	24	1	1	0.998974079268609	1.0	0.999486776370924	0.989247311827957	1.0	0.996922237805828
GC_00000462	24	24	1	1	0.994795261099609	1.0	0.997390840552969	0.952380952380952	1.0	0.986369910282954
GC_00000463	24	24	1	1	0.998819541841982	1.0	0.999409422344886	0.990322580645161	1.0	0.997533894343151
GC_00000464	24	24	1	1	0.987175819984744	1.0	0.993546529760334	0.960526315789474	1.0	0.987175819984744
GC_00000465	24	24	1	1	0.99820986291964	1.0	0.999104129594404	0.989847715736041	1.0	0.996321636136246
GC_00000466	24	24	1	1	0.994900697799249	1.0	0.997443831561953	0.968253968253968	1.0	0.989993098688751
GC_00000467	24	24	1	1	0.994024917365879	1.0	0.997003506534906	0.982456140350877	1.0	0.994024917365879
GC_00000468	24	24	1	1	0.997824144228154	1.0	0.998910887237932	0.989276139410188	1.0	0.996872207327971
GC_00000469	24	24	1	1	0.994993153029784	1.0	0.997490293657093	0.976377952755906	1.0	0.994993153029784
GC_00000470	24	24	1	1	0.997690882022301	1.0	0.998844106463878	0.990566037735849	1.0	0.996627472427308
GC_00000471	24	24	1	1	0.997453880272339	1.0	0.998725317388898	0.988304093567251	1.0	0.996726417493008
GC_00000472	24	24	1	1	0.996865520728008	1.0	0.998430300268368	0.990697674418605	1.0	0.996865520728008
GC_00000473	24	24	1	1	0.994471496485981	0.997204361196535	0.995836053900238	0.952380952380952	1.0	0.991274770777876
GC_00000474	24	24	1	1	0.992795558239399	0.993126317464105	0.992960910307449	0.975862068965517	1.0	0.991979010494752
GC_00000475	24	24	1	1	0.991867954911433	1.0	0.995917377420268	0.973333333333333	1.0	0.98975845410628
GC_00000476	24	24	1	1	0.998522187570069	1.0	0.999260547398912	0.991561181434599	1.0	0.996973032471106
GC_00000477	24	24	1	1	0.991581415174766	1.0	0.995772914548665	0.970588235294118	1.0	0.991581415174766
GC_00000478	24	24	1	1	0.997730050637332	1.0	0.99886373568744	0.987951807228916	1.0	0.997271695477562
GC_00000479	24	24	1	1	0.997728318380492	1.0	0.998862867588847	0.976190476190476	1.0	0.993184955141477
GC_00000480	24	24	1	1	0.993823326432022	1.0	0.996902095844655	0.980952380952381	1.0	0.993823326432022
GC_00000481	24	24	1	1	0.998107975610503	1.0	0.999053092018754	0.99154334038055	1.0	0.997418574011092
GC_00000482	24	24	1	1	0.998671497584541	1.0	0.999335307269322	0.992307692307692	1.0	0.996014492753623
GC_00000483	24	24	1	1	0.990963855421687	1.0	0.995461422087746	0.951807228915663	1.0	0.985201676270299
GC_00000484	24	24	1	1	0.998812333912321	0.970130970406764	0.984262753149923	0.889880952380952	1.0	0.968167701863354
GC_00000485	24	24	1	1	0.994261893630758	1.0	0.997122691664736	0.976958525345622	1.0	0.993772123155012
GC_00000486	24	24	1	1	0.979320616371656	0.95943842090631	0.969277571545785	0.718181818181818	1.0	0.968379446640316
GC_00000487	24	24	1	1	0.995878136200717	1.0	0.9979348118883	0.983870967741935	1.0	0.994647031323048
GC_00000488	24	24	1	1	0.994224174613902	1.0	0.997103723112164	0.968911917098446	1.0	0.991458286400841
GC_00000489	24	24	1	1	0.988199889126475	1.0	0.994064927305318	0.950819672131147	1.0	0.984794488001901
GC_00000490	24	24	1	1	0.997800850818372	1.0	0.998899215013985	0.982089552238806	1.0	0.996452520008652
GC_00000491	24	24	1	1	0.993115942028985	1.0	0.996546082530449	0.981818181818182	1.0	0.993115942028986
GC_00000492	24	24	1	1	0.993079998261852	0.937557926634176	0.964520599275387	0.907563025210084	1.0	0.973115333089758
GC_00000493	24	24	1	1	0.99761329652634	1.0	0.998805222473333	0.992063492063492	1.0	0.99761329652634
GC_00000494	24	24	1	1	0.995939844148278	1.0	0.997965792474344	0.984924623115578	1.0	0.995939844148278
GC_00000495	24	24	1	1	0.993011453074961	1.0	0.99649347377595	0.97752808988764	1.0	0.992387233349617
GC_00000496	24	24	1	1	0.995184903909035	1.0	0.997586641678407	0.982532751091703	1.0	0.994478197582431
GC_00000497	24	24	1	1	0.998363887856641	1.0	0.99918127416468	0.991452991452991	1.0	0.997166480862133
GC_00000498	24	24	1	1	0.996799268404207	1.0	0.998397068926036	0.987654320987654	1.0	0.99636190135385
GC_00000499	24	24	1	1	0.998291630538007	1.0	0.999145085013676	0.982905982905983	1.0	0.995587142326273
GC_00000500	24	24	1	1	0.962204424103738	1.0	0.980738206767867	0.894736842105263	1.0	0.951906941266209
GC_00000501	24	24	1	1	0.994876487872902	0.9617178135724	0.978016178402392	0.945544554455445	1.0	0.990081073324724
GC_00000502	24	24	1	1	0.998582601864818	0.977495807438101	0.987926695730482	0.669724770642202	1.0	0.969867703762798
GC_00000503	24	24	1	1	0.995647721454173	1.0	0.99781911481719	0.986175115207373	1.0	0.995157950978428
GC_00000504	24	24	1	1	0.996401868222182	1.0	0.998197691639598	0.983402489626556	1.0	0.995159059474412
GC_00000505	24	24	1	1	0.997477790443106	0.999253744762729	0.998364977808774	0.982035928143713	1.0	0.995617460730713
GC_00000506	24	24	1	1	0.994658324288663	1.0	0.997322009666372	0.977973568281938	1.0	0.993264381025346
GC_00000507	24	24	1	1	0.989726353928299	1.0	0.994836653768284	0.967105263157895	1.0	0.989726353928299
GC_00000508	24	24	1	1	0.991745294024321	0.991746220906642	0.991745757465265	0.942528735632184	1.0	0.983300016658338
GC_00000509	24	24	1	1	0.994299688217357	1.0	0.997141697500972	0.982269503546099	1.0	0.994102682701203
GC_00000510	24	24	1	1	0.998280400815217	1.0	0.999139460516111	0.9921875	1.0	0.996143285778985
GC_00000511	24	24	1	1	0.993754903175193	1.0	0.996867670737832	0.965811965811966	1.0	0.991793633097981
GC_00000512	24	24	1	1	0.996267018006148	1.0	0.998130018699813	0.965909090909091	1.0	0.990694993412385
GC_00000513	24	24	1	1	0.997704791183052	1.0	0.998851077082521	0.995670995670996	1.0	0.997600225861095
GC_00000514	24	24	1	1	0.998242598786077	1.0	0.999120526599227	0.987179487179487	1.0	0.995796172426607
GC_00000515	24	24	1	1	0.991955856933918	1.0	0.995961686079498	0.972477064220184	1.0	0.991955856933918
GC_00000516	24	24	1	1	0.995587142326273	1.0	0.997788692069551	0.985576923076923	1.0	0.994809085841694
GC_00000517	24	24	1	1	0.998759920634921	1.0	0.999379575629731	0.995535714285714	1.0	0.9980266563147
GC_00000518	24	24	1	1	0.998630121667561	1.0	0.999314591370565	0.990740740740741	1.0	0.997785829307569
GC_00000519	24	24	1	1	0.996213768115942	1.0	0.998103293372417	0.985	1.0	0.995380434782609
GC_00000520	24	24	1	1	0.997481512008609	1.0	0.998739168309569	0.990521327014218	1.0	0.995981866886462
GC_00000521	24	24	1	1	0.996630045192458	1.0	0.998312178655402	0.978494623655914	1.0	0.994214586255259
GC_00000522	24	24	1	1	0.997789107617744	1.0	0.998893330445228	0.986970684039088	1.0	0.996483028843884
GC_00000523	24	24	1	1	0.997083968980422	1.0	0.998539855576996	0.980263157894737	1.0	0.992348398169337
GC_00000524	24	24	1	1	0.995939228453406	1.0	0.997965483373088	0.985507246376812	1.0	0.995037807183365
GC_00000525	24	24	1	1	0.997208594146507	1.0	0.998602346363983	0.98443579766537	1.0	0.995967969322732
GC_00000526	24	24	1	1	0.994697459584296	0.99057066285603	0.992629772013319	0.924242424242424	1.0	0.986934563021519
GC_00000527	24	24	1	1	0.997752394988946	1.0	0.998874933141519	0.989830508474576	1.0	0.996155735691476
GC_00000528	24	24	1	1	0.996604787493893	1.0	0.998299506979362	0.98876404494382	1.0	0.996213971665852
GC_00000529	24	24	1	1	0.993621361588114	1.0	0.996800476492284	0.974789915966387	1.0	0.991611862136159
GC_00000530	24	24	1	1	0.996330121021963	1.0	0.998161687318449	0.987113402061856	1.0	0.995246899746003
GC_00000531	24	24	1	1	0.996274194057655	1.0	0.998133620144249	0.986928104575163	1.0	0.995926873164725
GC_00000532	24	24	1	1	0.991106041629391	1.0	0.995533156856211	0.969135802469136	1.0	0.990449991053856
GC_00000533	24	24	1	1	0.999081563869228	1.0	0.999540570956498	0.990697674418605	1.0	0.998019885406134
GC_00000534	24	24	1	1	0.994658286149637	1.0	0.997321990494585	0.982078853046595	1.0	0.993870448288401
GC_00000535	24	24	1	1	0.996779388083736	1.0	0.998387096774194	0.984313725490196	1.0	0.996021597044615
GC_00000536	24	24	1	1	0.992999444230687	1.0	0.996487427134223	0.97787610619469	1.0	0.992753623188406
GC_00000537	24	24	1	1	0.989656381486676	1.0	0.994801304079655	0.951612903225806	1.0	0.985448807854137
GC_00000538	24	24	1	1	0.998008385744235	1.0	0.999003200251823	0.992452830188679	1.0	0.996732294230243
GC_00000539	24	24	1	1	0.993409074357294	1.0	0.996693641196135	0.974874371859296	1.0	0.991916102250382
GC_00000540	24	24	1	1	0.998325561194166	1.0	0.999162079073425	0.99211356466877	1.0	0.997765509989485
GC_00000541	24	24	1	1	0.994441135596585	1.0	0.997212821023293	0.972602739726027	1.0	0.989974190986698
GC_00000542	24	24	1	1	0.996957744756314	1.0	0.998476555023923	0.989873417721519	1.0	0.996431847367456
GC_00000543	24	24	1	1	0.99611801242236	1.0	0.99805523142746	0.985714285714286	1.0	0.99611801242236
GC_00000544	24	24	1	1	0.995355992638601	1.0	0.99767259206952	0.988095238095238	1.0	0.994392684610076
GC_00000545	24	24	1	1	0.996376811594203	1.0	0.998185117967332	0.993055555555556	1.0	0.996376811594203
GC_00000546	24	24	1	1	0.997369038525863	0.999655647382918	0.998511033861893	0.983471074380165	1.0	0.993142891364235
GC_00000547	24	24	1	1	0.989231078904992	1.0	0.994586390083481	0.916666666666667	1.0	0.981280193236715
GC_00000548	24	24	1	1	0.997737733886253	1.0	0.998867586032253	0.991150442477876	1.0	0.997573853191398
GC_00000549	24	24	1	1	0.993980223429952	1.0	0.996981024937302	0.984375	1.0	0.993980223429952
GC_00000550	24	24	1	1	0.993620950142689	1.0	0.996800269450994	0.969111969111969	1.0	0.990990990990991
GC_00000551	24	24	1	1	0.995808820012436	1.0	0.997900009286692	0.985148514851485	1.0	0.993919500645717
GC_00000552	24	24	1	1	0.99462345815248	1.0	0.997304482795715	0.984771573604061	1.0	0.993801956889576
GC_00000553	24	24	1	1	0.990961260346472	1.0	0.995460112743753	0.980891719745223	1.0	0.989499676913136
GC_00000554	24	24	1	1	0.997151212202541	1.0	0.998573574309219	0.986111111111111	1.0	0.996771001073537
GC_00000555	24	24	1	1	0.988329127133715	0.980634682658669	0.984466870471617	0.698275862068966	1.0	0.959926286856572
GC_00000556	24	24	1	1	0.997071385623354	1.0	0.99853354547177	0.991416309012876	1.0	0.996843316539155
GC_00000557	24	24	1	1	0.985262322218844	1.0	0.992576458226093	0.951048951048951	1.0	0.9809719266241
GC_00000558	24	24	1	1	0.993993913990717	1.0	0.996987911564252	0.982843137254902	1.0	0.993721582836033
GC_00000559	24	24	1	1	0.99520988379684	1.0	0.997599191823346	0.97972972972973	1.0	0.994491774383079
GC_00000560	24	24	1	1	0.996669915529565	1.0	0.998332180775333	0.988304093567251	1.0	0.995942452750233
GC_00000561	24	24	1	1	0.987870573106732	1.0	0.993898281378394	0.964028776978417	1.0	0.981701595245543
GC_00000562	24	24	1	1	0.991501162998748	1.0	0.995732446880194	0.97037037037037	1.0	0.991035963499732
GC_00000563	24	24	1	1	0.995177469135803	1.0	0.997582906313449	0.986111111111111	1.0	0.994791666666667
GC_00000564	24	24	1	1	0.98193173150267	0.987012987012987	0.984465802659942	0.935064935064935	1.0	0.974496517974779
GC_00000565	24	24	1	1	0.986782541130367	1.0	0.993347304701947	0.958041958041958	1.0	0.983657646701125
GC_00000566	24	24	1	1	0.994630149083164	1.0	0.997307846309601	0.983870967741935	1.0	0.994565217391304
GC_00000567	24	24	1	1	0.996376811594203	0.997742663656891	0.997059269862236	0.977426636568849	1.0	0.995297215951843
GC_00000568	24	24	1	1	0.997232014623319	1.0	0.998614089221275	0.983783783783784	1.0	0.994986290638465
GC_00000569	24	24	1	1	0.991739586181752	1.0	0.995852663733976	0.971698113207547	1.0	0.989916598304621
GC_00000570	24	24	1	1	0.987615655449112	1.0	0.993769245821275	0.966101694915254	1.0	0.984340456890199
GC_00000571	24	24	1	1	0.989830043265654	0.91528451368875	0.951098826553769	0.880434782608696	1.0	0.967115626969124
GC_00000572	24	24	1	1	0.994388703084355	1.0	0.997186457731651	0.976923076923077	1.0	0.992251950947603
GC_00000573	24	24	1	1	0.998700114467532	1.0	0.999349634533436	0.991967871485944	1.0	0.997439031488272
GC_00000574	24	24	1	1	0.995019630652901	1.0	0.997503598826509	0.979933110367893	1.0	0.993904803451117
GC_00000575	24	24	1	1	0.991436227743071	0.894814726336465	0.940650802470651	0.816568047337278	1.0	0.95478518137381
GC_00000576	24	24	1	1	0.996923937360179	0.996655518394648	0.996789709807218	0.986622073578595	1.0	0.993674567398575
GC_00000577	24	24	1	1	0.996015262008062	1.0	0.998003653545249	0.980891719745223	1.0	0.994692144373673
GC_00000578	24	24	1	1	0.996554196859903	1.0	0.998274124917062	0.984375	1.0	0.994735054347826
GC_00000579	24	24	1	1	0.992685389885095	1.0	0.996329269963019	0.971751412429379	1.0	0.989928764431344
GC_00000580	24	24	1	1	0.994990446898737	1.0	0.997488933789608	0.983922829581994	1.0	0.994990446898737
GC_00000581	24	24	1	1	0.991064433999217	1.0	0.995512166332641	0.972972972972973	1.0	0.986462005483745
GC_00000582	24	24	1	1	0.996048080496241	1.0	0.998020128100934	0.982248520710059	1.0	0.995283423377069
GC_00000583	24	24	1	1	0.992111858993795	1.0	0.99604031220908	0.97071129707113	1.0	0.989130434782609
GC_00000584	24	24	1	1	0.995389094858256	1.0	0.997689220035518	0.98062015503876	1.0	0.993048533872599
GC_00000585	24	24	1	1	0.990542412617221	1.0	0.995248738573551	0.977941176470588	1.0	0.988917306052856
GC_00000586	24	24	1	1	0.995608943546583	1.0	0.997799640822609	0.986232790988736	1.0	0.994426910449656
GC_00000587	24	24	1	1	0.997226540516747	1.0	0.998611344568586	0.991926182237601	1.0	0.996017418049914
GC_00000588	24	24	1	1	0.996317960370097	1.0	0.998155584579713	0.989406779661017	1.0	0.995601510685335
GC_00000589	24	24	1	1	0.985075507631233	0.902705069799657	0.942093234251149	0.30859375	1.0	0.877052196557971
GC_00000590	24	24	1	1	0.988991674375578	0.991595449235974	0.990291850282096	0.966244725738397	1.0	0.984712285207607
GC_00000591	24	24	1	1	0.995750894301619	0.99922602116832	0.997485431006528	0.981366459627329	1.0	0.994047619047619
GC_00000592	24	24	1	1	0.996805509459011	1.0	0.998400199455652	0.984732824427481	1.0	0.99343124239407
GC_00000593	24	24	1	1	0.997357423795477	1.0	0.99867696378573	0.991150442477876	1.0	0.997234513274336
GC_00000594	24	24	1	1	0.995152308105207	1.0	0.997570264748661	0.986111111111111	1.0	0.993642646269458
GC_00000595	24	24	1	1	0.998520870650817	1.0	0.999259887964692	0.98876404494382	1.0	0.996186831677794
GC_00000596	24	24	1	1	0.995606884057971	1.0	0.997798606540635	0.990625	1.0	0.995606884057971
GC_00000597	24	24	1	1	0.996422509465988	1.0	0.998208049389821	0.989189189189189	1.0	0.994751273012143
GC_00000598	24	24	1	1	0.995540047528199	1.0	0.99776503985609	0.983833718244804	1.0	0.993799578270911
GC_00000599	24	24	1	1	0.979450838306337	1.0	0.989618756224709	0.941176470588235	1.0	0.976609121909633
GC_00000600	24	24	1	1	0.989013826420123	1.0	0.994476572543666	0.937931034482759	1.0	0.979335332333833
GC_00000601	24	24	1	1	0.995592022406436	1.0	0.997791142906931	0.980544747081712	1.0	0.993909659956014
GC_00000602	24	24	1	1	0.992326604554865	1.0	0.996148525333351	0.975	1.0	0.988625776397515
GC_00000603	24	24	1	1	0.995612205887464	1.0	0.99780127917659	0.97841726618705	1.0	0.992988218121155
GC_00000604	24	24	1	1	0.993203962990256	1.0	0.99659039559627	0.983050847457627	1.0	0.991095553917956
GC_00000605	24	24	1	1	0.996315746621071	1.0	0.99815447361713	0.98314606741573	1.0	0.994483797427129
GC_00000606	24	24	1	1	0.994298148674392	1.0	0.997140923322123	0.984749455337691	1.0	0.993424584004294
GC_00000607	24	24	1	1	0.996573682855542	1.0	0.998283901478879	0.984326018808777	1.0	0.996399527508973
GC_00000608	24	24	1	1	0.99537500834836	1.0	0.997682144142184	0.986175115207373	1.0	0.99537500834836
GC_00000609	24	24	1	1	0.988868760064412	1.0	0.994403230540346	0.961111111111111	1.0	0.988868760064412
GC_00000610	24	24	1	1	0.9924430316368	0.997317447045706	0.994874268792075	0.980769230769231	1.0	0.98925817539948
GC_00000611	23	24	2	0	0.970806515693286	0.904489786198915	0.93647556061827	0.127536231884058	1.0	0.884877126654064
GC_00000612	24	24	1	1	0.994500888158441	1.0	0.997242863177345	0.982817869415808	1.0	0.99356292644056
GC_00000613	24	24	1	1	0.984995169082126	1.0	0.992440872828515	0.952	1.0	0.984550724637681
GC_00000614	24	24	1	1	0.994730659784263	1.0	0.997358370068716	0.986301369863014	1.0	0.994366686519754
GC_00000615	24	24	1	1	0.993302591128678	1.0	0.996640044064996	0.96969696969697	1.0	0.990996925779534
GC_00000616	24	24	1	1	0.994038441772022	1.0	0.997010309278351	0.982978723404255	1.0	0.993802035152636
GC_00000617	24	24	1	1	0.997595570555666	1.0	0.998796338217918	0.990867579908676	1.0	0.995930117133214
GC_00000618	24	24	1	1	0.997390572390572	1.0	0.998693581693287	0.984848484848485	1.0	0.996717171717172
GC_00000619	24	24	1	1	0.989575637018092	1.0	0.994760509332768	0.968627450980392	1.0	0.985350951974993
GC_00000620	24	24	1	1	0.985939005005111	0.999415329010312	0.992631429250581	0.953545232273839	1.0	0.981574005173452
GC_00000621	24	24	1	1	0.993967421649309	1.0	0.996974585299041	0.979899497487437	1.0	0.992280241788653
GC_00000622	24	24	1	1	0.970601527193393	0.984320762983183	0.977413005724488	0.853968253968254	1.0	0.958396595353117
GC_00000623	24	24	1	1	0.993734869818685	0.997781721384209	0.995754183908964	0.979591836734694	1.0	0.991496598639456
GC_00000624	24	24	1	1	0.993460094465302	1.0	0.996719319562576	0.972144846796657	1.0	0.992127891486012
GC_00000625	24	24	1	1	0.993148066819564	1.0	0.996562255813052	0.983164983164983	1.0	0.992107060947641
GC_00000626	24	24	1	1	0.997515131323227	1.0	0.998756020098267	0.990804597701149	1.0	0.997259703481593
GC_00000627	24	24	1	1	0.996200576392776	1.0	0.998096672422523	0.987124463519313	1.0	0.995506002363625
GC_00000628	24	24	1	1	0.997485231743103	1.0	0.998741032866259	0.992042440318302	1.0	0.9963383692769
GC_00000629	24	24	1	1	0.992546583850932	1.0	0.996259351620948	0.971428571428571	1.0	0.986611456176674
GC_00000630	24	24	1	1	0.995524930986888	1.0	0.997757447705302	0.982142857142857	1.0	0.993918219461698
GC_00000631	24	24	1	1	0.993750479257726	1.0	0.99686544489529	0.984126984126984	1.0	0.993750479257726
GC_00000632	24	24	1	1	0.976449275362319	1.0	0.988084326306141	0.9375	1.0	0.976449275362319
GC_00000633	24	24	1	1	0.997157897500525	1.0	0.998576926489873	0.983695652173913	1.0	0.991473692501575
GC_00000634	24	24	1	1	0.992578651781294	1.0	0.996275505505355	0.975265017667845	1.0	0.991281302811492
GC_00000635	24	24	1	1	0.992833959960153	0.981404977457824	0.987086387191204	0.739583333333333	1.0	0.969731280193237
GC_00000636	24	24	1	1	0.993993993993994	1.0	0.996987951807229	0.986486486486487	1.0	0.993693693693694
GC_00000637	24	24	1	1	0.99819485275156	1.0	0.999096611000697	0.99288256227758	1.0	0.997034400948992
GC_00000638	24	24	1	1	0.995797594400079	1.0	0.997894372850377	0.969387755102041	1.0	0.990794143744454
GC_00000639	24	24	1	1	0.996133023975251	1.0	0.998062766369624	0.988399071925754	1.0	0.99562863579811
GC_00000640	24	24	1	1	0.984018534950212	1.0	0.991944901336222	0.96734693877551	1.0	0.981691807157646
GC_00000641	24	24	1	1	0.988917020739965	1.0	0.994427631145762	0.967871485943775	1.0	0.987762644782027
GC_00000642	24	24	1	1	0.986792006932227	0.891494479764834	0.936725715791222	0.5	1.0	0.857948369565217
GC_00000643	24	24	1	1	0.996002990568208	1.0	0.99799749326495	0.988095238095238	1.0	0.994522084195997
GC_00000644	24	24	1	1	0.984452512565553	0.980675946792724	0.98256060079448	0.893805309734513	1.0	0.957163011414647
GC_00000645	24	24	1	1	0.996064881466551	1.0	0.9980285618118	0.973509933774834	1.0	0.990402149918418
GC_00000646	24	24	1	1	0.991812213551344	1.0	0.995889277918395	0.964102564102564	1.0	0.990672612411743
GC_00000647	24	24	1	1	0.985025733320704	1.0	0.992456386621121	0.96078431372549	1.0	0.980605285592498
GC_00000648	20	24	2	0	0.982360578581137	0.756031760788648	0.854462805816666	0.0271739130434783	1.0	0.66247243226213
GC_00000649	24	24	1	1	0.98964699377219	1.0	0.994796561269303	0.969879518072289	1.0	0.986620394621966
GC_00000650	24	24	1	1	0.996025045729562	1.0	0.99800856493312	0.990291262135922	1.0	0.996025045729562
GC_00000651	24	24	1	1	0.923962676196148	0.697261378778316	0.794761819092767	0.397959183673469	1.0	0.803793256433008
GC_00000652	24	24	1	1	0.994005829946217	0.994016976159834	0.994011403021779	0.905405405405405	1.0	0.984258715236976
GC_00000653	24	24	1	1	0.9829004218548	1.0	0.991376481664568	0.96830985915493	1.0	0.979319759134517
GC_00000654	24	24	1	1	0.989914836396235	1.0	0.994931861696137	0.979381443298969	1.0	0.989914836396235
GC_00000655	24	24	1	1	0.984890668700737	1.0	0.992387826927942	0.960526315789474	1.0	0.980968726163234
GC_00000656	24	24	1	1	0.990544072226182	0.966248911660303	0.978245669952418	0.939873417721519	1.0	0.980863603008623
GC_00000657	24	24	1	1	0.991728715153127	1.0	0.995847183010445	0.979357798165138	1.0	0.990410184815849
GC_00000658	24	24	1	1	0.99047088177523	1.0	0.995212631185907	0.970695970695971	1.0	0.989674576631098
GC_00000659	24	24	1	1	0.994690215630766	1.0	0.997338040600177	0.979591836734694	1.0	0.992647990873368
GC_00000660	24	24	1	1	0.994110295165197	1.0	0.997046449813191	0.981233243967828	1.0	0.991189726852391
GC_00000661	24	24	1	1	0.991883877712885	1.0	0.995925403896318	0.970149253731343	1.0	0.989116915422886
GC_00000662	24	24	1	1	0.988578929289955	0.963071202323278	0.975658375034416	0.84390243902439	1.0	0.950901378579003
GC_00000663	24	24	1	1	0.987092607175916	0.985146282591975	0.986118484508556	0.943661971830986	1.0	0.978505817513778
GC_00000664	24	24	1	1	0.990366250983036	1.0	0.995159810908065	0.972093023255814	1.0	0.989871924502865
GC_00000665	24	24	1	1	0.993166139838174	1.0	0.996571354477063	0.975308641975309	1.0	0.991545893719807
GC_00000666	24	24	1	1	0.995781959766386	1.0	0.997886522516664	0.990049751243781	1.0	0.994159636599611
GC_00000667	24	24	1	1	0.992277661907054	0.99500831676478	0.993641113290891	0.916299559471366	1.0	0.983815361041946
GC_00000668	24	24	1	1	0.995450246657976	1.0	0.997719936465645	0.984126984126984	1.0	0.992408557625949
GC_00000669	24	24	1	1	0.996081113818705	1.0	0.998036709954237	0.982300884955752	1.0	0.994036167756829
GC_00000670	24	24	1	1	0.991900104129325	1.0	0.995933583288698	0.968197879858657	1.0	0.987248425257336
GC_00000671	24	24	1	1	0.984863653699466	1.0	0.992374112815093	0.960526315789474	1.0	0.982718344774981
GC_00000672	24	24	1	1	0.994983871216681	1.0	0.997485629404984	0.984025559105431	1.0	0.992869380006483
GC_00000673	24	24	1	1	0.993669374104157	1.0	0.996824636031394	0.967032967032967	1.0	0.991161012900143
GC_00000674	24	24	1	1	0.993708933314693	1.0	0.996844541056027	0.987138263665595	1.0	0.993708933314693
GC_00000675	24	24	1	1	0.993183492999263	1.0	0.996580090581385	0.983050847457627	1.0	0.993183492999263
GC_00000676	24	24	1	1	0.993901711695592	1.0	0.996941530132284	0.982716049382716	1.0	0.992762569332618
GC_00000677	24	24	1	1	0.993915523636991	1.0	0.996948478362859	0.984375	1.0	0.991645639233955
GC_00000678	24	24	1	1	0.992514073541741	1.0	0.996242974362057	0.983471074380165	1.0	0.989819140016768
GC_00000679	24	24	1	1	0.982383808095952	1.0	0.991113632066553	0.96551724137931	1.0	0.982383808095952
GC_00000680	24	24	1	1	0.99055330634278	0.989461234965141	0.990006969489533	0.842794759825327	1.0	0.973482690968926
GC_00000681	24	24	1	1	0.997202171115215	1.0	0.998599125854533	0.988416988416988	1.0	0.995789267528398
GC_00000682	24	24	1	1	0.995055238774056	1.0	0.997521491570838	0.983606557377049	1.0	0.994372178664766
GC_00000683	24	24	1	1	0.994422960795243	1.0	0.997203682812329	0.980769230769231	1.0	0.9911249303233
GC_00000684	24	24	1	1	0.992825001998607	1.0	0.996399584512339	0.978723404255319	1.0	0.990980573543016
GC_00000685	24	24	1	1	0.970935420832063	0.999221183800624	0.984875251354599	0.906542056074766	1.0	0.96417445482866
GC_00000686	24	24	1	1	0.983193277310924	0.991666666666666	0.987411793908017	0.941666666666667	1.0	0.976237922705314
GC_00000687	24	24	1	1	0.993184488836663	1.0	0.996580591911331	0.972972972972973	1.0	0.992009400705053
GC_00000688	24	24	1	1	0.996921228504918	1.0	0.99845824089046	0.989637305699482	1.0	0.995231658782008
GC_00000689	24	24	1	1	0.993364311253036	1.0	0.996671110890516	0.980225988700565	1.0	0.992395398346025
GC_00000690	24	24	1	1	0.983912590736912	0.896839551728853	0.938360464298053	0.701107011070111	1.0	0.96633509813359
GC_00000691	24	24	1	1	0.997024119834567	1.0	0.998509842652437	0.985611510791367	1.0	0.995190803878636
GC_00000692	24	24	1	1	0.996506114299975	0.987288690109621	0.991875988470748	0.946175637393768	1.0	0.981914849940469
GC_00000693	24	24	1	1	0.989968741119636	1.0	0.994959087209219	0.970588235294118	1.0	0.98772378516624
GC_00000694	24	24	1	1	0.997020743182911	1.0	0.998508149288254	0.992890995260663	1.0	0.996248025276461
GC_00000695	24	24	1	1	0.991379310344828	1.0	0.995670995670996	0.969827586206897	1.0	0.988693153423288
GC_00000696	24	24	1	1	0.990168787557441	1.0	0.995060111230754	0.963414634146341	1.0	0.990168787557441
GC_00000697	24	24	1	1	0.984677122182133	0.971152229647374	0.977867912448937	0.504854368932039	1.0	0.951081093757329
GC_00000698	24	24	1	1	0.991444687339757	1.0	0.995703966715906	0.972067039106145	1.0	0.98967694923488
GC_00000699	24	24	1	1	0.995708247066943	1.0	0.997849508845111	0.982142857142857	1.0	0.993821169772257
GC_00000700	24	24	1	1	0.99450529188332	0.996197718631182	0.995350785835951	0.980988593155893	1.0	0.992436766407671
GC_00000701	21	24	4	0	0.975857197893926	0.862502249030667	0.915684937811621	0.144444444444444	1.0	0.766626409017713
GC_00000702	24	24	1	1	0.993336074279645	1.0	0.996656898048282	0.985815602836879	1.0	0.993336074279645
GC_00000703	24	24	1	1	0.991620856238547	1.0	0.99579280175983	0.982758620689655	1.0	0.989405297351324
GC_00000704	24	24	1	1	0.998487288342361	1.0	0.999243071664021	0.992424242424242	1.0	0.995461865027082
GC_00000705	24	24	1	1	0.978734931599621	1.0	0.989253200082141	0.957943925233645	1.0	0.977211160774753
GC_00000706	24	24	1	1	0.993869569314862	0.989651937073576	0.991756269143588	0.972972972972973	1.0	0.986080801298193
GC_00000707	24	24	1	1	0.99233242216377	1.0	0.996151456578766	0.97864768683274	1.0	0.990793749032957
GC_00000708	24	24	1	1	0.990928407976463	1.0	0.995443536800624	0.977443609022556	1.0	0.986487959028005
GC_00000709	24	24	1	1	0.990914653784219	1.0	0.995436596843309	0.976	1.0	0.989787439613527
GC_00000710	24	24	1	1	0.997625780605632	1.0	0.998811479398485	0.990243902439024	1.0	0.996854012018381
GC_00000711	24	24	1	1	0.992461373783468	1.0	0.996216425414453	0.973760932944606	1.0	0.988052985169223
GC_00000712	24	24	1	1	0.99566425120773	1.0	0.997827415714018	0.98	1.0	0.993340579710145
GC_00000713	24	24	1	1	0.997825604828989	1.0	0.99891161912944	0.994011976047904	1.0	0.997063843327837
GC_00000714	24	24	1	1	0.996928859552622	1.0	0.998462068173993	0.988448844884488	1.0	0.994361936193619
GC_00000715	24	24	1	1	0.990013006317354	1.0	0.994981443010201	0.968531468531469	1.0	0.988813722509375
GC_00000716	24	24	1	1	0.989770581693092	0.993741744697676	0.99175218788971	0.897163120567376	1.0	0.978145235892692
GC_00000717	24	24	1	1	0.974825710897047	1.0	0.987252399559089	0.940119760479042	1.0	0.966610257745379
GC_00000718	24	24	1	1	0.99327485380117	1.0	0.996626081854188	0.978947368421053	1.0	0.990122044241037
GC_00000719	24	24	1	1	0.995576621037196	1.0	0.997783408105621	0.989214175654854	1.0	0.994824814095264
GC_00000720	24	24	1	1	0.994285183415618	1.0	0.99713440352869	0.984615384615385	1.0	0.992745660136965
GC_00000721	24	24	1	1	0.994540783558125	1.0	0.997262920624698	0.976878612716763	1.0	0.990449861774315
GC_00000722	24	24	1	1	0.995218932122432	1.0	0.997603737714897	0.9906191369606	1.0	0.994303504907959
GC_00000723	24	24	1	1	0.997876207396516	0.910841864903003	0.952374726134778	0.893129770992366	1.0	0.967335988494303
GC_00000724	24	24	1	1	0.996777087646653	1.0	0.998385942840948	0.988571428571429	1.0	0.994596273291925
GC_00000725	24	24	1	1	0.993531518384326	1.0	0.996755264937614	0.956597222222222	1.0	0.991904438405797
GC_00000726	24	24	1	1	0.989233220269298	1.0	0.994587472388359	0.971631205673759	1.0	0.989233220269298
GC_00000727	24	24	1	1	0.990338164251208	1.0	0.995145631067961	0.977777777777778	1.0	0.989130434782609
GC_00000728	24	24	1	1	0.994100424535207	1.0	0.997041485277168	0.981818181818182	1.0	0.991743522178305
GC_00000729	24	24	1	1	0.988083023385063	1.0	0.994005795293877	0.973451327433628	1.0	0.983358984224702
GC_00000730	24	24	1	1	0.982000185804534	1.0	0.990918358976763	0.948717948717949	1.0	0.977819583797845
GC_00000731	24	24	1	1	0.988510834159467	0.998385939741752	0.993423846745114	0.965853658536585	1.0	0.986161187698833
GC_00000732	24	24	1	1	0.995402234532669	1.0	0.99769582022724	0.984555984555985	1.0	0.995187734318169
GC_00000733	24	24	1	1	0.994461595632164	0.994134276129334	0.994297908942632	0.979411764705882	1.0	0.993627450980392
GC_00000734	24	24	1	1	0.989627285513361	1.0	0.994786604223734	0.949367088607595	1.0	0.985759493670886
GC_00000735	24	24	1	1	0.998132243891772	1.0	0.999065249002443	0.995884773662551	1.0	0.997730661418262
GC_00000736	24	24	1	1	0.995325991859713	1.0	0.99765752154818	0.984251968503937	1.0	0.993709346114344
GC_00000737	24	24	1	1	0.994909621063296	1.0	0.997448316012436	0.979539641943734	1.0	0.991270988546647
GC_00000738	24	24	1	1	0.99607696151924	1.0	0.998034625639999	0.986206896551724	1.0	0.993178410794603
GC_00000739	24	24	1	1	0.998661469505921	1.0	0.999330286537014	0.992779783393502	1.0	0.996586093234971
GC_00000740	24	24	1	1	0.993384280555968	1.0	0.996681162027531	0.972696245733788	1.0	0.989723994657961
GC_00000741	24	24	1	1	0.989653261392392	1.0	0.994799727767457	0.956709956709957	1.0	0.989193173975783
GC_00000742	24	24	1	1	0.9829249739771	1.0	0.991388970209673	0.961325966850829	1.0	0.980723036271919
GC_00000743	24	24	1	1	0.962055787174906	1.0	0.980660991867245	0.897260273972603	1.0	0.959723049434187
GC_00000744	24	24	1	1	0.996926837785926	0.997625185804532	0.997275889539718	0.956730769230769	1.0	0.99296265328874
GC_00000745	24	24	1	1	0.988851727982163	1.0	0.994394618834081	0.975524475524476	1.0	0.988851727982163
GC_00000746	24	24	1	1	0.994950897422335	1.0	0.997469059221363	0.981751824817518	1.0	0.993104041045171
GC_00000747	24	24	1	1	0.994231164559564	1.0	0.997107238346809	0.982269503546099	1.0	0.993460273409395
GC_00000748	24	24	1	1	0.996354095679433	1.0	0.998173718616122	0.990595611285266	1.0	0.995331879514788
GC_00000749	24	24	1	1	0.921115907320035	0.861198605148506	0.890150115498334	0.665551839464883	1.0	0.81651398381077
GC_00000750	24	24	1	1	0.984921680573855	1.0	0.992403569584778	0.954545454545455	1.0	0.983311374615722
GC_00000751	24	24	1	1	0.981176302529739	1.0	0.990498726717948	0.959677419354839	1.0	0.978085553997195
GC_00000752	24	24	1	1	0.994827271898642	1.0	0.997406929324545	0.984276729559748	1.0	0.994143651444718
GC_00000753	24	24	1	1	0.997837469352215	0.979093696555382	0.988376725783473	0.923433874709977	1.0	0.976873802078079
GC_00000754	24	24	1	1	0.987143662879703	0.942151323615283	0.964122868810418	0.897243107769424	1.0	0.946396789074134
GC_00000755	24	24	1	1	0.991508152173913	1.0	0.995735971345727	0.979166666666667	1.0	0.989923007246377
GC_00000756	24	24	1	1	0.990558582189938	0.977551830738252	0.984012227273951	0.938775510204082	1.0	0.968278615794144
GC_00000757	24	24	1	1	0.991553082585691	1.0	0.995758628033483	0.964285714285714	1.0	0.985658212560387
GC_00000758	24	24	1	1	0.995557749259625	0.983234010407923	0.989357504259754	0.973214285714286	1.0	0.988645186335404
GC_00000759	24	24	1	1	0.903897187247465	0.910903754617787	0.907386945486065	0.7109375	1.0	0.847373188405797
GC_00000760	24	24	1	1	0.988084488389243	1.0	0.994006536603275	0.956386292834891	1.0	0.986963294053908
GC_00000761	24	24	1	1	0.996709978344161	1.0	0.998352278652623	0.985221674876847	1.0	0.994770471906903
GC_00000762	24	24	1	1	0.99654298567342	1.0	0.99826849992643	0.99017199017199	1.0	0.996145354841007
GC_00000763	24	24	1	1	0.993357487922705	1.0	0.996667676461678	0.969230769230769	1.0	0.990161649944259
GC_00000764	24	24	1	1	0.983421168203777	1.0	0.991641295322447	0.924242424242424	1.0	0.974527887571366
GC_00000765	24	24	1	1	0.994531580363664	1.0	0.997258293781772	0.981432360742706	1.0	0.992782454926383
GC_00000766	24	24	1	1	0.986947102365048	0.96610034993187	0.976412467436721	0.745192307692308	1.0	0.963419732441472
GC_00000767	24	24	1	1	0.995971620971621	1.0	0.997981745338434	0.984848484848485	1.0	0.993718238283456
GC_00000768	24	24	1	1	0.99854936827328	0.950266920738362	0.973810039196176	0.93469387755102	1.0	0.98117420881396
GC_00000769	24	24	1	1	0.989236863049957	1.0	0.994589313545326	0.973180076628352	1.0	0.987367427397412
GC_00000770	24	24	1	1	0.992539865760335	1.0	0.996255967387223	0.976401179941003	1.0	0.990893933564191
GC_00000771	24	24	1	1	0.992750436567117	1.0	0.996362031441643	0.981530343007916	1.0	0.989876104164277
GC_00000772	24	24	1	1	0.989817517625169	1.0	0.99488270543171	0.971731448763251	1.0	0.988195831412915
GC_00000773	24	24	1	1	0.996425868303759	1.0	0.998209734830135	0.986460348162476	1.0	0.995907268802736
GC_00000774	24	24	1	1	0.994591802631179	1.0	0.997288569339508	0.987421383647799	1.0	0.993573967733114
GC_00000775	24	24	1	1	0.97845359235276	1.0	0.989109470279959	0.946808510638298	1.0	0.974984582176997
GC_00000776	24	24	1	1	0.992748960140264	1.0	0.996361287846701	0.976833976833977	1.0	0.990585305802697
GC_00000777	24	24	1	1	0.992023199976858	1.0	0.995995628954906	0.973053892215569	1.0	0.991191529983511
GC_00000778	24	24	1	1	0.995011288325686	1.0	0.997499406793583	0.984924623115578	1.0	0.994592527856675
GC_00000779	24	24	1	1	0.995203753784989	1.0	0.99759611207331	0.976076555023923	1.0	0.992129533319465
GC_00000780	24	24	1	1	0.998217373478083	1.0	0.999107891590986	0.988929889298893	1.0	0.994652120434248
GC_00000781	24	24	1	1	0.997049094500369	1.0	0.998522367072618	0.990147783251232	1.0	0.996269722281716
GC_00000782	24	24	1	1	0.992240338164251	1.0	0.99610505736326	0.9625	1.0	0.987545289855073
GC_00000783	24	24	1	1	0.994697138610182	1.0	0.997341520531025	0.981538461538462	1.0	0.992853957636566
GC_00000784	24	24	1	1	0.995581276483487	1.0	0.997785746153973	0.986348122866894	1.0	0.995028936043924
GC_00000785	24	24	1	1	0.994410380279946	1.0	0.997197357286483	0.978632478632479	1.0	0.994410380279945
GC_00000786	24	24	1	1	0.997511515560049	1.0	0.998754207712663	0.990697674418605	1.0	0.995736434108527
GC_00000787	24	24	1	1	0.9968387866394	0.933589207337659	0.964177825400071	0.918032786885246	1.0	0.973865526253267
GC_00000788	24	24	1	1	0.997191735847287	1.0	0.998593893564495	0.992718446601942	1.0	0.996130575488955
GC_00000789	24	24	1	1	0.995750015287715	1.0	0.99787048243531	0.987341772151899	1.0	0.993441570354063
GC_00000790	24	24	1	1	0.996960877484755	1.0	0.998478126161854	0.988524590163934	1.0	0.99580066524115
GC_00000791	24	24	1	1	0.990694453580068	1.0	0.995325477296028	0.978819969742814	1.0	0.988593260102173
GC_00000792	24	24	1	1	0.987443273312839	1.0	0.993681969767001	0.96969696969697	1.0	0.985298638559508
GC_00000793	24	24	1	1	0.987514458733075	1.0	0.99371801235857	0.967136150234742	1.0	0.984758794311764
GC_00000794	24	24	1	1	0.998434430795391	0.999865156418554	0.999149281427562	0.98705501618123	1.0	0.997326579428732
GC_00000795	24	24	1	1	0.997686602708036	1.0	0.998841961852861	0.985915492957746	1.0	0.994624753351024
GC_00000796	24	24	1	1	0.994384040225944	0.982289270802159	0.988299653080064	0.955752212389381	1.0	0.979896113889958
GC_00000797	24	24	1	1	0.996426755294032	1.0	0.998210179914443	0.981203007518797	1.0	0.9936117467582
GC_00000798	24	24	1	1	0.994492753623188	1.0	0.997238773434094	0.985	1.0	0.992065217391305
GC_00000799	24	24	1	1	0.990304727238789	0.995414375602288	0.992852977352141	0.953846153846154	1.0	0.98479375696767
GC_00000800	24	24	1	1	0.987211303024287	0.986574584788872	0.986892841207975	0.952702702702703	1.0	0.98340188014101
GC_00000801	24	24	1	1	0.985943703065959	1.0	0.992922107050497	0.965346534653465	1.0	0.985668675563209
GC_00000802	24	24	1	1	0.994651133105534	1.0	0.997318394778069	0.989837398373984	1.0	0.993674148698009
GC_00000803	24	24	1	1	0.984015726060031	0.993142881849573	0.98855823711361	0.931506849315068	1.0	0.970468532856859
GC_00000804	24	24	1	1	0.988782260521391	1.0	0.994359493393878	0.972972972972973	1.0	0.987106671889281
GC_00000805	24	24	1	1	0.993408280283534	1.0	0.996693241529263	0.97196261682243	1.0	0.98936746579981
GC_00000806	24	24	1	1	0.98543952322904	1.0	0.992666371047515	0.97196261682243	1.0	0.98543952322904
GC_00000807	24	24	1	1	0.994765446224256	1.0	0.997375854998064	0.981578947368421	1.0	0.9933352402746
GC_00000808	24	24	1	1	0.987790296435393	1.0	0.993857650081851	0.970099667774086	1.0	0.984989648033126
GC_00000809	24	24	1	1	0.9987070190395	1.0	0.999353091299434	0.996638655462185	1.0	0.998343685300207
GC_00000810	24	24	1	1	0.993738950260689	1.0	0.996859644168314	0.976689976689977	1.0	0.990608425391034
GC_00000811	24	24	1	1	0.990934480676328	1.0	0.995446600874283	0.971875	1.0	0.98870018115942
GC_00000812	24	24	1	1	0.990405260332797	1.0	0.995179504466543	0.970588235294118	1.0	0.98722411669982
GC_00000813	24	24	1	1	0.995103568498769	1.0	0.997545775778991	0.988207547169811	1.0	0.993898687448729
GC_00000814	24	24	1	1	0.996351650563607	1.0	0.998172491587159	0.983333333333333	1.0	0.994308574879227
GC_00000815	24	24	1	1	0.994665546014871	1.0	0.997325639881941	0.987460815047022	1.0	0.994014356458135
GC_00000816	24	24	1	1	0.995471502267176	1.0	0.997730612675912	0.98546042003231	1.0	0.993976961438505
GC_00000817	24	24	1	1	0.995380864070335	1.0	0.997685085582988	0.990521327014218	1.0	0.995380864070334
GC_00000818	24	24	1	1	0.995017574844597	1.0	0.997502565782764	0.978494623655914	1.0	0.994273024777934
GC_00000819	24	24	1	1	0.994549185584199	1.0	0.997267144648426	0.982300884955752	1.0	0.993106322944722
GC_00000820	24	24	1	1	0.993097908059545	1.0	0.996537003068166	0.972850678733032	1.0	0.991917502787068
GC_00000821	24	24	1	1	0.992957289893833	0.993478260869565	0.993217707065675	0.973333333333333	1.0	0.990700483091787
GC_00000822	24	24	1	1	0.996458736350279	1.0	0.99822622747706	0.991247264770241	1.0	0.99562363238512
GC_00000823	24	24	1	1	0.996226164578035	1.0	0.998109515099577	0.987315010570824	1.0	0.99555718969268
GC_00000824	24	24	1	1	0.995375738056897	1.0	0.997682510689638	0.988888888888889	1.0	0.994259259259259
GC_00000825	24	24	1	1	0.995356892554855	0.950462294290383	0.972391681746407	0.936507936507937	1.0	0.979257725634537
GC_00000826	24	24	1	1	0.977592305037957	1.0	0.988669204008855	0.946428571428571	1.0	0.977096273291925
GC_00000827	24	24	1	1	0.986930751389758	0.999156134535035	0.993005816211496	0.949238578680203	1.0	0.980100051497094
GC_00000828	24	24	1	1	0.988191969588976	1.0	0.994060920378094	0.977049180327869	1.0	0.986647659776669
GC_00000829	24	24	1	1	0.994235561684934	1.0	0.997109449642852	0.986644407345576	1.0	0.99272337954562
GC_00000830	24	24	1	1	0.991500829187396	1.0	0.995732278546893	0.98134328358209	1.0	0.990482370754921
GC_00000831	24	24	1	1	0.994540543348397	1.0	0.997262799861447	0.98494623655914	1.0	0.993189964157706
GC_00000832	24	24	1	1	0.991616246892735	1.0	0.99579047764832	0.961165048543689	1.0	0.98723089911355
GC_00000833	24	24	1	1	0.982651531377169	1.0	0.991249864967052	0.955665024630542	1.0	0.978046690940244
GC_00000834	24	24	1	1	0.996169653880893	1.0	0.998081152014479	0.986277873070326	1.0	0.995208442091133
GC_00000835	24	24	1	1	0.990569879788788	1.0	0.995262602781766	0.976744186046512	1.0	0.990246882372767
GC_00000836	24	24	1	1	0.997551973077132	1.0	0.998774486493537	0.986516853932584	1.0	0.995831297834229
GC_00000837	24	24	1	1	0.994334187347839	1.0	0.99715904551599	0.973614775725594	1.0	0.991109326603189
GC_00000838	24	24	1	1	0.995988034298797	1.0	0.997989985093968	0.986587183308495	1.0	0.995016091060282
GC_00000839	24	24	1	1	0.990670529096021	0.99474531739978	0.992703741781396	0.964912280701754	1.0	0.98355792863802
GC_00000840	24	24	1	1	0.996458194131152	0.998890963105704	0.997673095578514	0.990304709141274	1.0	0.995533742823879
GC_00000841	24	24	1	1	0.995401537582463	1.0	0.997695470144266	0.989247311827957	1.0	0.99443275673991
GC_00000842	24	24	1	1	0.991354108353549	1.0	0.995658285178822	0.974248927038627	1.0	0.988834981650806
GC_00000843	24	24	1	1	0.993059135781253	1.0	0.996517482048506	0.982213438735178	1.0	0.991407458326173
GC_00000844	24	24	1	1	0.984373301023657	0.96947128287708	0.976865462930632	0.487654320987654	1.0	0.942878869207372
GC_00000845	24	24	1	1	0.994031526540501	1.0	0.997006830945219	0.984709480122324	1.0	0.993861631875194
GC_00000846	24	24	1	1	0.98471878050612	1.0	0.992300561850892	0.958549222797927	1.0	0.98058872118345
GC_00000847	24	24	1	1	0.985358814191766	0.996390649547648	0.990844026325554	0.935374149659864	1.0	0.978112984324164
GC_00000848	24	24	1	1	0.99696641180722	1.0	0.998480901744344	0.988188976377953	1.0	0.995406824146982
GC_00000849	24	24	1	1	0.989997111079012	1.0	0.994973415355581	0.978405315614618	1.0	0.989202657807309
GC_00000850	24	24	1	1	0.984923226962419	1.0	0.992404354570099	0.955399061032864	1.0	0.979978907259985
GC_00000851	24	24	1	1	0.995021248020526	1.0	0.997504411552301	0.985477178423237	1.0	0.992716038246437
GC_00000852	24	24	1	1	0.985784226228421	0.886683594257617	0.933611452556547	0.828220858895706	1.0	0.970025340090691
GC_00000853	24	24	1	1	0.99440656798313	0.974057296314142	0.984126750421663	0.937293729372937	1.0	0.972389630267374
GC_00000854	24	24	1	1	0.997861186043945	0.996985148390661	0.997422974861141	0.953488372093023	1.0	0.993273227727222
GC_00000855	24	24	1	1	0.993737338320087	1.0	0.996858833127342	0.975806451612903	1.0	0.991088125292192
GC_00000856	24	24	1	1	0.994656712048016	1.0	0.997321199222047	0.984848484848485	1.0	0.994235836627141
GC_00000857	23	24	2	0	0.959359052328195	0.735354191163916	0.832552294814075	0.0569105691056911	1.0	0.618018734535172
GC_00000858	24	24	1	1	0.994453621904602	0.998925626798212	0.996684608038585	0.976897689768977	1.0	0.990888219256708
GC_00000859	24	24	1	1	0.991445249597424	1.0	0.995704250265326	0.954545454545455	1.0	0.985918972332016
GC_00000860	24	24	1	1	0.993849546354229	0.999086778782914	0.996461281113513	0.978021978021978	1.0	0.99235547061634
GC_00000861	24	24	1	1	0.994345630215195	1.0	0.997164799471497	0.984848484848485	1.0	0.993555116381203
GC_00000862	24	24	1	1	0.990163395624002	0.989971050454923	0.990067213697505	0.846153846153846	1.0	0.977029914529915
GC_00000863	24	24	1	1	0.997645802702513	1.0	0.998821514157164	0.981884057971015	1.0	0.99414513757614
GC_00000864	24	24	1	1	0.989349906629318	0.991441553770405	0.990394625846412	0.964071856287425	1.0	0.982903757701987
GC_00000865	24	24	1	1	0.981111466325661	1.0	0.990465688581687	0.955882352941177	1.0	0.979885976129582
GC_00000866	24	24	1	1	0.996752421237547	1.0	0.998373569638423	0.990430622009569	1.0	0.994348519520144
GC_00000867	24	24	1	1	0.977936913895993	0.993270369882847	0.985544004611688	0.873831775700935	1.0	0.969219829337668
GC_00000868	24	24	1	1	0.994947319827618	0.997800808897875	0.996372021354963	0.983720930232558	1.0	0.9925261206606
GC_00000869	24	24	1	1	0.989231830169514	0.967986459981481	0.978493837100731	0.936567164179104	1.0	0.977138762708198
GC_00000870	24	24	1	1	0.995479324557905	0.900224104568971	0.945458524575033	0.872282608695652	1.0	0.985359562066793
GC_00000871	24	24	1	1	0.984454325530682	0.847880250626133	0.911077475830484	0.660919540229885	1.0	0.837310511410961
GC_00000872	24	24	1	1	0.993540082619889	0.992142882500979	0.992840990999544	0.977049180327869	1.0	0.990163934426229
GC_00000873	24	24	1	1	0.989250380517504	0.995737425404946	0.992483302958735	0.965686274509804	1.0	0.98083617504973
GC_00000874	24	24	1	1	0.987057709883797	1.0	0.99348670647469	0.966216216216216	1.0	0.98575205640423
GC_00000875	24	24	1	1	0.996228167967298	1.0	0.998110520584156	0.986813186813187	1.0	0.993573817486861
GC_00000876	24	24	1	1	0.996903744172126	1.0	0.998449471669874	0.987783595113438	1.0	0.996338872448593
GC_00000877	24	24	1	1	0.992999444230687	1.0	0.996487427134223	0.982300884955752	1.0	0.991396263520157
GC_00000878	24	24	1	1	0.993059749060655	1.0	0.996517790827588	0.979166666666667	1.0	0.991432669082125
GC_00000879	24	24	1	1	0.997192558691415	1.0	0.998594306144208	0.982456140350877	1.0	0.993770658530384
GC_00000880	24	24	1	1	0.993274097078445	1.0	0.996625700935254	0.978571428571429	1.0	0.99010524499655
GC_00000881	24	24	1	1	0.992797223530232	1.0	0.996385594889074	0.985559566787004	1.0	0.991851096112593
GC_00000882	24	24	1	1	0.985275627026669	1.0	0.992583209720162	0.958904109589041	1.0	0.983819733968632
GC_00000883	24	24	1	1	0.987150715945425	0.933833459448665	0.959752172741796	0.563451776649746	1.0	0.949955859633635
GC_00000884	24	24	1	1	0.988341712727311	0.945861269018961	0.966634996892233	0.902439024390244	1.0	0.973312124425592
GC_00000885	24	24	1	1	0.993399374493871	1.0	0.996688759116419	0.979768786127168	1.0	0.991402781268325
GC_00000886	24	24	1	1	0.982137106050149	1.0	0.990988063391111	0.942857142857143	1.0	0.979951690821256
GC_00000887	24	24	1	1	0.994340579710145	1.0	0.997162259873047	0.984	1.0	0.993253623188406
GC_00000888	24	24	1	1	0.995334979030631	1.0	0.997662036190216	0.983516483516483	1.0	0.993131868131868
GC_00000889	24	24	1	1	0.991896524855852	1.0	0.995931779064309	0.979472140762463	1.0	0.989672319265587
GC_00000890	24	24	1	1	0.992068330217562	0.962512468968209	0.977066937627395	0.497326203208556	1.0	0.946078431372549
GC_00000891	24	24	1	1	0.968499848304511	1.0	0.983997889701328	0.917874396135266	1.0	0.964415738990408
GC_00000892	24	24	1	1	0.987339905628581	1.0	0.993629628059316	0.959302325581395	1.0	0.98476996966633
GC_00000893	24	24	1	1	0.994496204278813	1.0	0.997240508300101	0.978571428571429	1.0	0.9925983436853
GC_00000894	24	24	1	1	0.995246242619431	1.0	0.997617458297113	0.988888888888889	1.0	0.994796698872786
GC_00000895	24	24	1	1	0.997413605807326	0.994756778309415	0.996083420439735	0.982894736842105	1.0	0.996229023646072
GC_00000896	24	24	1	1	0.995699881376038	1.0	0.99784530797236	0.98932384341637	1.0	0.994513641755635
GC_00000897	24	24	1	1	0.991261722080136	1.0	0.995611687894681	0.949579831932773	1.0	0.984258920959688
GC_00000898	24	24	1	1	0.981254944921186	0.992288761279736	0.986741008811821	0.9375	1.0	0.968523550724638
GC_00000899	24	24	1	1	0.992238325281804	1.0	0.996104043065682	0.977777777777778	1.0	0.99159420289855
GC_00000900	24	24	1	1	0.993911939097239	0.991368355151887	0.992638517677249	0.933333333333333	1.0	0.983146684233641
GC_00000901	24	24	1	1	0.988606325767934	1.0	0.994270522986662	0.969811320754717	1.0	0.985808039376538
GC_00000902	24	24	1	1	0.98885279582431	1.0	0.994395158757303	0.971264367816092	1.0	0.98688155922039
GC_00000903	24	24	1	1	0.992712215320911	1.0	0.996342781148699	0.982857142857143	1.0	0.990683229813665
GC_00000904	24	24	1	1	0.993152173913043	1.0	0.996564323498937	0.9825	1.0	0.992336956521739
GC_00000905	24	24	1	1	0.991990116053085	1.0	0.995978953970522	0.974137931034483	1.0	0.987985174079627
GC_00000906	24	24	1	1	0.985843952873287	0.996286980476704	0.991037956679644	0.971074380165289	1.0	0.983381243262666
GC_00000907	24	24	1	1	0.994179993336665	1.0	0.997081503834768	0.982758620689655	1.0	0.991285607196402
GC_00000908	24	24	1	1	0.970827086456772	0.943637387387388	0.95703915949871	0.827027027027027	1.0	0.964747356051704
GC_00000909	24	24	1	1	0.99399702399152	1.0	0.996989475943919	0.978902953586498	1.0	0.993762612364704
GC_00000910	24	24	1	1	0.996167251229788	1.0	0.99807994607273	0.981735159817352	1.0	0.993167229170802
GC_00000911	24	24	1	1	0.995156279339718	1.0	0.997572260022716	0.978798586572438	1.0	0.991767808675168
GC_00000912	24	24	1	1	0.989949097039847	1.0	0.994949165797706	0.973154362416107	1.0	0.985312712771131
GC_00000913	24	24	1	1	0.985305958132045	1.0	0.99259860083139	0.95578231292517	1.0	0.981773144040225
GC_00000914	24	24	1	1	0.99650293524124	1.0	0.998248404899872	0.981012658227848	1.0	0.994370299027701
GC_00000915	24	24	1	1	0.995820872632467	1.0	0.997906060897128	0.984126984126984	1.0	0.993052680009202
GC_00000916	24	24	1	1	0.993182730506762	1.0	0.996579706722873	0.979942693409742	1.0	0.992545990615008
GC_00000917	24	24	1	1	0.982861411298204	1.0	0.991356638137118	0.953757225433526	1.0	0.98192594454218
GC_00000918	24	24	1	1	0.998500846251275	1.0	0.99924986083867	0.993039443155452	1.0	0.997654594976294
GC_00000919	24	24	1	1	0.970535864464977	0.986959710733667	0.978678887641213	0.909952606635071	1.0	0.961862078439453
GC_00000920	24	24	1	1	0.989853191525224	0.981780087292872	0.985800111230951	0.958904109589041	1.0	0.98539143670174
GC_00000921	24	24	1	1	0.994410569105691	0.995721917077414	0.995065811051597	0.959459459459459	1.0	0.989407886147017
GC_00000922	24	24	1	1	0.989059807328305	1.0	0.994499817134011	0.976608187134503	1.0	0.987541317060768
GC_00000923	24	24	1	1	0.973725317138434	0.974530795240542	0.974127889682896	0.72316384180791	1.0	0.966101694915254
GC_00000924	24	24	1	1	0.995103069583221	1.0	0.997545525095201	0.986335403726708	1.0	0.993455756593753
GC_00000925	24	24	1	1	0.99024154589372	1.0	0.99509684936162	0.976470588235294	1.0	0.987450980392157
GC_00000926	24	24	1	1	0.991853857638357	0.994350840243955	0.993100779384368	0.892523364485981	1.0	0.98208722741433
GC_00000927	24	24	1	1	0.990087676264513	0.989864990185323	0.989976320702121	0.965635738831615	1.0	0.986291647990438
GC_00000928	24	24	1	1	0.996658023112627	1.0	0.998326214680387	0.990196078431373	1.0	0.995923913043478
GC_00000929	24	24	1	1	0.991578359565737	1.0	0.995771373798167	0.975806451612903	1.0	0.989403147888421
GC_00000930	24	24	1	1	0.996023691675866	1.0	0.998007885206615	0.98034398034398	1.0	0.992486557703949
GC_00000931	24	24	1	1	0.997638402068263	1.0	0.998817805099615	0.986277873070326	1.0	0.996209013846421
GC_00000932	24	24	1	1	0.99548388374119	1.0	0.997736831504575	0.985245901639344	1.0	0.9938049417914
GC_00000933	24	24	1	1	0.988089580699442	0.974758174229845	0.981378604875872	0.618705035971223	1.0	0.95721683522747
GC_00000934	24	24	1	1	0.991203889557964	0.967848372097621	0.979386910397966	0.947619047619048	1.0	0.975370945479641
GC_00000935	24	24	1	1	0.986655439885691	1.0	0.993282901581023	0.964788732394366	1.0	0.984359052867932
GC_00000936	24	24	1	1	0.993395434890175	0.999506176110406	0.996441436959953	0.976261127596439	1.0	0.989227196490775
GC_00000937	24	24	1	1	0.985864332403476	0.994976321873369	0.990399369280979	0.954716981132075	1.0	0.980120317199891
GC_00000938	24	24	1	1	0.993691886135785	1.0	0.996835963516689	0.96505376344086	1.0	0.990776453171264
GC_00000939	24	24	1	1	0.993970444723268	1.0	0.996976105993603	0.978670012547051	1.0	0.991976251522921
GC_00000940	24	24	1	1	0.991887703946769	1.0	0.995927332631675	0.976415094339623	1.0	0.988993710691824
GC_00000941	24	24	1	1	0.989453047448878	1.0	0.994698566741926	0.976027397260274	1.0	0.987616636887036
GC_00000942	24	24	1	1	0.996410476527126	1.0	0.998202011302246	0.989547038327526	1.0	0.996023329798515
GC_00000943	24	24	1	1	0.99178059418334	1.0	0.995873337735761	0.97165991902834	1.0	0.986548729683741
GC_00000944	24	24	1	1	0.986379831999681	0.827309374522943	0.899868928942124	0.766233766233766	1.0	0.950369376999811
GC_00000945	24	24	1	1	0.98487892391511	0.982673529233933	0.983774990580612	0.74496644295302	1.0	0.963670849139189
GC_00000946	24	24	1	1	0.991120312859443	1.0	0.995540356309356	0.976190476190476	1.0	0.988474810213941
GC_00000947	24	24	1	1	0.994676389141552	1.0	0.997331090452853	0.98326359832636	1.0	0.994443939118307
GC_00000948	23	24	2	0	0.981902928743961	0.961895102868736	0.971796043920962	0.156862745098039	1.0	0.917963199772663
GC_00000949	24	24	1	1	0.99460417640642	1.0	0.997294789784657	0.986175115207373	1.0	0.99351332398317
GC_00000950	24	24	1	1	0.99124566718524	1.0	0.995603589773463	0.971751412429379	1.0	0.98626463604356
GC_00000951	24	24	1	1	0.992271607438156	0.974217660063828	0.983161758898538	0.931972789115646	1.0	0.97688060731539
GC_00000952	24	24	1	1	0.99381438028781	1.0	0.996897594995129	0.984126984126984	1.0	0.993252051223066
GC_00000953	24	24	1	1	0.985762726483701	0.944285978930188	0.964578685045089	0.903361344537815	1.0	0.976799415418341
GC_00000954	24	24	1	1	0.982808595702149	1.0	0.991329771146285	0.951724137931034	1.0	0.980709645177411
GC_00000955	24	24	1	1	0.991701014935957	1.0	0.995833217434842	0.977064220183486	1.0	0.990426804946151
GC_00000956	24	24	1	1	0.993550118608557	1.0	0.996764625413107	0.985663082437276	1.0	0.992467923744221
GC_00000957	24	24	1	1	0.995079115822074	1.0	0.997533489204062	0.986455981941309	1.0	0.99407040272189
GC_00000958	24	24	1	1	0.996029427042751	1.0	0.998010764318675	0.990591397849462	1.0	0.99500350631136
GC_00000959	24	24	1	1	0.994380197963881	0.977843935175271	0.986042741794967	0.96	1.0	0.986728778467909
GC_00000960	24	24	1	1	0.98975677873228	0.993860534895125	0.991804411837988	0.963636363636364	1.0	0.980579710144928
GC_00000961	24	24	1	1	0.991276511682201	1.0	0.995619147684101	0.973977695167286	1.0	0.988645547114918
GC_00000962	24	24	1	1	0.993965391885997	1.0	0.99697356426618	0.973244147157191	1.0	0.988730551112404
GC_00000963	24	24	1	1	0.995181072275387	0.997196946730158	0.996187989678778	0.985915492957746	1.0	0.994136558481323
GC_00000964	24	24	1	1	0.991018399156217	0.978795997711148	0.98486927935427	0.958227848101266	1.0	0.987350944780774
GC_00000965	24	24	1	1	0.993034091169265	1.0	0.996504872213878	0.976303317535545	1.0	0.98813448725874
GC_00000966	24	24	1	1	0.992779251399941	1.0	0.996376543666346	0.984084880636605	1.0	0.992349978856725
GC_00000967	24	24	1	1	0.981528843421427	1.0	0.990678330704145	0.964705882352941	1.0	0.981202046035805
GC_00000968	23	24	2	0	0.982347524720406	0.947531137754572	0.964625275015996	0.0105263157894737	1.0	0.895614035087719
GC_00000969	24	24	1	1	0.995903653512349	1.0	0.997947623132789	0.989177489177489	1.0	0.994722065374239
GC_00000970	24	24	1	1	0.988797474904274	0.954548247728712	0.971371059751166	0.870748299319728	1.0	0.9723454599231
GC_00000971	24	24	1	1	0.994552893621217	1.0	0.997269008810845	0.98469387755102	1.0	0.992605737947353
GC_00000972	24	24	1	1	0.905824457155692	0.99405991000519	0.947893244372843	0.718487394957983	1.0	0.862539581049811
GC_00000973	24	24	1	1	0.954091494845361	0.69723432599391	0.80568635450384	0.170967741935484	1.0	0.655458158017765
GC_00000974	24	24	1	1	0.990541714161646	1.0	0.995248386019211	0.975922953451043	1.0	0.988269709447042
GC_00000975	24	24	1	1	0.995793769781776	1.0	0.997892452475847	0.981191222570533	1.0	0.99287856071964
GC_00000976	24	24	1	1	0.977348910578724	1.0	0.988544717980679	0.948979591836735	1.0	0.972752144335995
GC_00000977	24	24	1	1	0.985519507589691	1.0	0.992706950319573	0.964467005076142	1.0	0.979768998749356
GC_00000978	24	24	1	1	0.987441577314324	1.0	0.993681111017791	0.951219512195122	1.0	0.982178626134088
GC_00000979	24	24	1	1	0.993056146421245	1.0	0.996515976937617	0.98238747553816	1.0	0.990030914092856
GC_00000980	24	24	1	1	0.996604626196807	1.0	0.998299426056294	0.987080103359173	1.0	0.994457551585964
GC_00000981	24	24	1	1	0.992698164957581	0.889001700828314	0.937992687465973	0.781456953642384	1.0	0.937661963720127
GC_00000982	24	24	1	1	0.995991995832149	1.0	0.99799197382744	0.985294117647059	1.0	0.994565217391304
GC_00000983	24	24	1	1	0.989122742238223	1.0	0.994531630687839	0.968152866242038	1.0	0.984561063417336
GC_00000984	24	24	1	1	0.982178504411706	1.0	0.991009136892248	0.958677685950413	1.0	0.981150437178105
GC_00000985	24	24	1	1	0.993768679862403	1.0	0.996874602254246	0.98443579766537	1.0	0.993176563469238
GC_00000986	24	24	1	1	0.989755873315429	0.99061162756382	0.990183565545828	0.912698412698413	1.0	0.983681274442144
GC_00000987	24	24	1	1	0.988543649212883	0.998276776246022	0.993386372184875	0.966463414634146	1.0	0.984159597030753
GC_00000988	24	24	1	1	0.991279252148817	1.0	0.995620529947383	0.975649350649351	1.0	0.988753999623565
GC_00000989	24	24	1	1	0.998071388946675	1.0	0.99903476369063	0.990430622009569	1.0	0.996675854656404
GC_00000990	24	24	1	1	0.996361216809099	1.0	0.998177292185271	0.985652797704448	1.0	0.99365812072443
GC_00000991	24	24	1	1	0.995335144927536	1.0	0.997662119526976	0.985714285714286	1.0	0.992850672877847
GC_00000992	24	24	1	1	0.993432647052725	1.0	0.996705505472189	0.974248927038627	1.0	0.991742862474342
GC_00000993	24	24	1	1	0.992537337345035	0.999778956675508	0.996144986185686	0.981432360742706	1.0	0.991658017145274
GC_00000994	24	24	1	1	0.994982458382398	0.999790092359364	0.997380481892209	0.984886649874055	1.0	0.994359872960245
GC_00000995	24	24	1	1	0.99059291968599	1.0	0.995274232003451	0.973958333333333	1.0	0.988837937801932
GC_00000996	24	24	1	1	0.993166710813436	1.0	0.996571641925639	0.973890339425587	1.0	0.988733113860824
GC_00000997	24	24	1	1	0.984369772639073	0.994504943965012	0.989411403728733	0.961432506887052	1.0	0.979358805445762
GC_00000998	22	24	2	0	0.863109401653683	0.904143962613991	0.883150283212423	0.0807291666666667	1.0	0.744216108091787
GC_00000999	24	24	1	1	0.985121646004307	1.0	0.992505066867998	0.951807228915663	1.0	0.977060415575345
GC_00001000	24	24	1	1	0.997323560442001	1.0	0.998659986989085	0.990804597701149	1.0	0.996635015825421
GC_00001001	24	24	1	1	0.990819510224237	0.999484805363796	0.995133294512842	0.975232198142415	1.0	0.987997487324449
GC_00001002	24	24	1	1	0.99180581810544	1.0	0.995886053841155	0.971739130434783	1.0	0.987295211090107
GC_00001003	24	24	1	1	0.99400809799182	0.995232481178123	0.99461991277932	0.92436974789916	1.0	0.986527219583486
GC_00001004	24	24	1	1	0.99530474488783	1.0	0.997646848119717	0.986301369863014	1.0	0.994371649791542
GC_00001005	24	24	1	1	0.991104367487802	0.981510082870435	0.986283893124215	0.966921119592875	1.0	0.982358852380426
GC_00001006	24	24	1	1	0.990676927789264	0.949168669434127	0.969478707722673	0.885	1.0	0.94429347826087
GC_00001007	24	24	1	1	0.99411663216011	1.0	0.997049637044792	0.98	1.0	0.992163561076605
GC_00001008	24	24	1	1	0.993167229170803	1.0	0.996571902884416	0.982876712328767	1.0	0.991388723446496
GC_00001009	24	24	1	1	0.991978133740147	1.0	0.995972914499422	0.973684210526316	1.0	0.989359267734554
GC_00001010	24	24	1	1	0.996033204055249	1.0	0.998012660342177	0.988732394366197	1.0	0.994468258828332
GC_00001011	24	24	1	1	0.987640163098879	1.0	0.993781652670043	0.963302752293578	1.0	0.980504587155963
GC_00001012	24	24	1	1	0.993365131780102	1.0	0.996671523889869	0.974683544303797	1.0	0.991622332293769
GC_00001013	24	24	1	1	0.993543764840743	1.0	0.996761427928936	0.983050847457627	1.0	0.99114468189634
GC_00001014	24	24	1	1	0.966695190361708	0.913737717309146	0.939470749497699	0.444444444444444	1.0	0.923254281949934
GC_00001015	24	24	1	1	0.996002362719659	1.0	0.997997178082047	0.98471615720524	1.0	0.99534839567116
GC_00001016	24	24	1	1	0.99119091918005	1.0	0.995575973787798	0.976351351351351	1.0	0.987502448100274
GC_00001017	24	24	1	1	0.975371791228569	1.0	0.987532367891052	0.941176470588235	1.0	0.968243819266837
GC_00001018	24	24	1	1	0.992613421524926	0.930107665899115	0.960344543650465	0.904081632653061	1.0	0.963361431529133
GC_00001019	24	24	1	1	0.986638050401551	1.0	0.993274089562642	0.955414012738854	1.0	0.983037939628912
GC_00001020	24	24	1	1	0.99593270475134	1.0	0.997962208225269	0.988352745424293	1.0	0.994453688297282
GC_00001021	24	24	1	1	0.98901460840489	0.966549472359803	0.977653002847221	0.66904422253923	1.0	0.952335173354835
GC_00001022	24	24	1	1	0.995726168605838	1.0	0.997858508115295	0.985915492957746	1.0	0.99358287405593
GC_00001023	24	24	1	1	0.998594809059349	1.0	0.999296910542206	0.994930291508238	1.0	0.998062122297533
GC_00001024	24	24	1	1	0.992586094682928	0.855243876866215	0.918810921795406	0.542194092827004	1.0	0.825460160215251
GC_00001025	24	24	1	1	0.993635538742699	0.996503469378461	0.995067437615448	0.982425307557118	1.0	0.991594712309926
GC_00001026	24	24	1	1	0.995499464047105	1.0	0.997744656897192	0.984802431610942	1.0	0.994669838333113
GC_00001027	24	24	1	1	0.988367658276125	1.0	0.994149803395032	0.962406015037594	1.0	0.986460717009916
GC_00001028	24	24	1	1	0.88838208850489	0.855271137879833	0.871512234440123	0.616161616161616	1.0	0.773715415019763
GC_00001029	24	24	1	1	0.987765346425593	1.0	0.993845021196085	0.964169381107492	1.0	0.983854978048435
GC_00001030	24	24	1	1	0.988471673254282	1.0	0.994202418419745	0.972027972027972	1.0	0.986900780379041
GC_00001031	24	24	1	1	0.991698116459012	1.0	0.995831756091758	0.978596908442331	1.0	0.989319995174826
GC_00001032	24	24	1	1	0.990478790285223	1.0	0.995216623376623	0.972602739726027	1.0	0.988187413142744
GC_00001033	24	24	1	1	0.989899482246918	1.0	0.994924106547494	0.973094170403587	1.0	0.986270878013908
GC_00001034	24	24	1	1	0.985989588665664	0.976438942580238	0.981191025326758	0.705508474576271	1.0	0.959001166789487
GC_00001035	24	24	1	1	0.98863480801214	0.866456282015363	0.923522132822568	0.447524752475248	1.0	0.824587458745875
GC_00001036	24	24	1	1	0.994497938983407	1.0	0.997241380445147	0.987771739130435	1.0	0.993122833963453
GC_00001037	24	24	1	1	0.994733542055917	1.0	0.997359818826401	0.98780487804878	1.0	0.994539968691612
GC_00001038	24	24	1	1	0.993502502034526	1.0	0.996740662247054	0.982078853046595	1.0	0.992065347254688
GC_00001039	24	24	1	1	0.992642435396059	1.0	0.996307634288397	0.980952380952381	1.0	0.991499884978146
GC_00001040	24	24	1	1	0.969094041187064	0.976569921723005	0.972817619059767	0.886075949367089	1.0	0.94278572738947
GC_00001041	24	24	1	1	0.986674812296359	0.966083213578542	0.976270444970468	0.931603773584906	1.0	0.964827727645611
GC_00001042	24	24	1	1	0.993942607410264	1.0	0.996962102837251	0.984478935698448	1.0	0.99177351457309
GC_00001043	24	24	1	1	0.99056975738227	1.0	0.995262540997241	0.976228209191759	1.0	0.986982934840029
GC_00001044	24	24	1	1	0.994902548725637	0.998631162625883	0.996763368761659	0.979338842975207	1.0	0.993532159540065
GC_00001045	24	24	1	1	0.994395551468979	1.0	0.997189901207464	0.981873111782477	1.0	0.993410394500635
GC_00001046	24	24	1	1	0.985753457319981	1.0	0.992825623630414	0.969957081545064	1.0	0.984255458107856
GC_00001047	24	24	1	1	0.995699856603879	1.0	0.997845295532847	0.988472622478386	1.0	0.993949170947667
GC_00001048	24	24	1	1	0.984248250997897	0.999016741805203	0.991577509215895	0.952662721893491	1.0	0.979761598490695
GC_00001049	24	24	1	1	0.99136319579064	1.0	0.995662868417164	0.980891719745223	1.0	0.990474706914059
GC_00001050	24	24	1	1	0.99619134743663	0.995139303985051	0.995665047807364	0.984924623115578	1.0	0.993172383657418
GC_00001051	23	24	2	0	0.987172642880446	0.93191325729737	0.958747363061059	0.0807860262008734	1.0	0.876210366432504
GC_00001052	24	24	1	1	0.993617290192113	1.0	0.996798427742733	0.98546511627907	1.0	0.992669362992922
GC_00001053	24	24	1	1	0.993529267943108	1.0	0.996754132401794	0.986038394415358	1.0	0.99226041429547
GC_00001054	24	24	1	1	0.994251042384002	0.998614361374549	0.996427925201288	0.985835694050991	1.0	0.992137783799318
GC_00001055	24	24	1	1	0.983292909693589	0.992807509589613	0.988027304021447	0.890365448504983	1.0	0.970508931580721
GC_00001056	24	24	1	1	0.981732092011389	1.0	0.990781847827842	0.95364238410596	1.0	0.977924944812362
GC_00001057	24	24	1	1	0.981717474596035	1.0	0.990774403698645	0.955172413793103	1.0	0.975712143928036
GC_00001058	24	24	1	1	0.984463674311711	1.0	0.992171020367164	0.956310679611651	1.0	0.980793583790629
GC_00001059	24	24	1	1	0.995784695201038	1.0	0.997887896019496	0.986381322957198	1.0	0.994360796255569
GC_00001060	24	24	1	1	0.980210187304009	1.0	0.990006205996276	0.933333333333333	1.0	0.974828375286041
GC_00001061	24	24	1	1	0.990684730098719	1.0	0.995320569972514	0.976811594202899	1.0	0.989802562486872
GC_00001062	24	24	1	1	0.992539595181312	1.0	0.99625583108274	0.970464135021097	1.0	0.988992845349477
GC_00001063	24	24	1	1	0.99088630667578	0.999318811288272	0.995084694709294	0.975409836065574	1.0	0.985517145798685
GC_00001064	24	24	1	1	0.994094809304753	0.991596655696671	0.992844161065381	0.970238095238095	1.0	0.987868788819876
GC_00001065	24	24	1	1	0.983601660434886	0.9865746860542	0.985085930074445	0.711484593837535	1.0	0.966315511711931
GC_00001066	24	24	1	1	0.991632937285111	1.0	0.99579889318044	0.977477477477477	1.0	0.991382687034861
GC_00001067	24	24	1	1	0.993262140859395	1.0	0.996619682377703	0.982456140350877	1.0	0.991736587846427
GC_00001068	24	24	1	1	0.992996355390431	0.995679630203202	0.994336182556292	0.972027972027972	1.0	0.98633492111753
GC_00001069	24	24	1	1	0.989760554505356	1.0	0.994853930805162	0.956521739130435	1.0	0.985629769656235
GC_00001070	24	24	1	1	0.982573388479774	1.0	0.991210105198886	0.946635730858469	1.0	0.97352802716971
GC_00001071	24	24	1	1	0.995117772704379	0.956880366981402	0.97562455637213	0.915697674418605	1.0	0.957501263902932
GC_00001072	24	24	1	1	0.980359986488443	0.978710982000456	0.979534790237993	0.662337662337662	1.0	0.951533973273104
GC_00001073	24	24	1	1	0.99569234889742	1.0	0.997841525471118	0.985626283367556	1.0	0.993951432907776
GC_00001074	24	24	1	1	0.993690314487354	0.999143855907102	0.996409623182962	0.972508591065292	1.0	0.992106180586683
GC_00001075	24	24	1	1	0.992587822177543	1.0	0.996280124900916	0.982658959537572	1.0	0.991722166373461
GC_00001076	24	24	1	1	0.993000294724433	1.0	0.996487855373581	0.981432360742706	1.0	0.991263983392919
GC_00001077	24	24	1	1	0.975768555116381	1.0	0.987735686540374	0.945454545454545	1.0	0.974341238471673
GC_00001078	24	24	1	1	0.990794485209117	1.0	0.995375959266877	0.969773299748111	1.0	0.987113496148651
GC_00001079	24	24	1	1	0.993553743961353	1.0	0.996766449834536	0.983333333333333	1.0	0.993553743961353
GC_00001080	24	24	1	1	0.98300279684719	1.0	0.991428553111557	0.936842105263158	1.0	0.97326468344775
GC_00001081	24	24	1	1	0.997284967542271	1.0	0.998640638415724	0.990234375	1.0	0.995846071105073
GC_00001082	24	24	1	1	0.993225794699361	0.999209836571075	0.99620882945856	0.984042553191489	1.0	0.991462380511872
GC_00001083	24	24	1	1	0.98954539824105	1.0	0.994745230861184	0.964102564102564	1.0	0.987328130806392
GC_00001084	24	24	1	1	0.991488536668121	0.999333787914585	0.99539570436566	0.981283422459893	1.0	0.989769820971867
GC_00001085	24	24	1	1	0.992926883956053	1.0	0.996450890345808	0.985232067510548	1.0	0.990766220265395
GC_00001086	24	24	1	1	0.992153162653389	0.970928418092081	0.98142604990904	0.951167728237792	1.0	0.983084094895228
GC_00001087	24	24	1	1	0.990036767541717	0.98961267605634	0.989824676373413	0.83859649122807	1.0	0.972679888126113
GC_00001088	24	24	1	1	0.995429781438209	1.0	0.997709657035139	0.982378854625551	1.0	0.993344186937368
GC_00001089	24	24	1	1	0.982705772641106	1.0	0.991277461538906	0.958860759493671	1.0	0.979258392955421
GC_00001090	24	24	1	1	0.990080374042998	1.0	0.99501546465842	0.976608187134503	1.0	0.987954487668447
GC_00001091	24	24	1	1	0.993819452327796	0.982249027750314	0.988000366029563	0.953846153846154	1.0	0.983389074693422
GC_00001092	24	24	1	1	0.98571295172285	0.828953930797389	0.900562669478749	0.18562874251497	1.0	0.715915994098759
GC_00001093	24	24	1	1	0.985377951737837	0.970173178999953	0.977716455404861	0.929245283018868	1.0	0.979499931637955
GC_00001094	24	24	1	1	0.988438962729343	1.0	0.994185872693428	0.971502590673575	1.0	0.984202523090786
GC_00001095	24	24	1	1	0.979777107354906	0.919715343305858	0.948796651801035	0.628865979381443	1.0	0.888801733154042
GC_00001096	24	24	1	1	0.988261913282042	1.0	0.994096307614432	0.962962962962963	1.0	0.984265968867418
GC_00001097	24	24	1	1	0.986342181800256	1.0	0.993124136251607	0.974489795918367	1.0	0.985812259686483
GC_00001098	24	24	1	1	0.992375863057817	1.0	0.996173344054428	0.974885844748858	1.0	0.990164449738601
GC_00001099	24	24	1	1	0.987984011378406	0.985144472361811	0.986562198672746	0.96	1.0	0.984547101449275
GC_00001100	24	24	1	1	0.993861305990286	0.988737919855554	0.991292993056145	0.950920245398773	1.0	0.981372810527252
GC_00001101	24	24	1	1	0.985995137089292	1.0	0.992948188719518	0.962472406181015	1.0	0.982315961224685
GC_00001102	24	24	1	1	0.996186871944839	1.0	0.998089794042455	0.98813056379822	1.0	0.994731862555369
GC_00001103	24	24	1	1	0.99010372264848	1.0	0.995027255494829	0.976470588235294	1.0	0.989492753623188
GC_00001104	24	24	1	1	0.991319661974968	1.0	0.99564091180799	0.978386167146974	1.0	0.990258113018419
GC_00001105	24	24	1	1	0.984117246080436	0.973280481883497	0.978668866129057	0.933333333333333	1.0	0.976797385620915
GC_00001106	24	24	1	1	0.993644430739713	1.0	0.996812084862129	0.984042553191489	1.0	0.993447425223558
GC_00001107	24	24	1	1	0.987877052310042	1.0	0.99390156062425	0.965635738831615	1.0	0.983901090691768
GC_00001108	24	24	1	1	0.981364439525446	0.777906970260637	0.86787090795228	0.385041551246537	1.0	0.734694287205428
GC_00001109	24	24	1	1	0.9930131088302	1.0	0.996494307469006	0.981432360742706	1.0	0.990937223695844
GC_00001110	24	24	1	1	0.99416384374326	0.984320909393072	0.98921789233687	0.937984496124031	1.0	0.977717859416545
GC_00001111	24	24	1	1	0.980903453745764	1.0	0.990359678449686	0.958208955223881	1.0	0.979158555050833
GC_00001112	24	24	1	1	0.989285057586547	1.0	0.994613671694467	0.972318339100346	1.0	0.985331728599368
GC_00001113	24	24	1	1	0.993489862211751	1.0	0.996734301030743	0.983990147783251	1.0	0.991196366102663
GC_00001114	24	24	1	1	0.992279821627648	1.0	0.996124952785977	0.964102564102564	1.0	0.986947231512449
GC_00001115	24	24	1	1	0.989340474690191	1.0	0.994641678764683	0.968944099378882	1.0	0.98521469079125
GC_00001116	24	24	1	1	0.995733051892472	1.0	0.997861964502977	0.987987987987988	1.0	0.994271445358402
GC_00001117	24	24	1	1	0.993277254146819	1.0	0.99662729013779	0.981351981351981	1.0	0.989949663862707
GC_00001118	24	24	1	1	0.993443376779881	1.0	0.996710905713956	0.978118161925602	1.0	0.991826023530904
GC_00001119	24	24	1	1	0.988595140769054	1.0	0.994264866187627	0.974358974358974	1.0	0.986197377501725
GC_00001120	24	24	1	1	0.991696322657177	1.0	0.995830851697439	0.97508896797153	1.0	0.990561658672443
GC_00001121	24	24	1	1	0.994022802688675	1.0	0.997002442849066	0.980430528375734	1.0	0.993186136872855
GC_00001122	24	24	1	1	0.995208761122519	1.0	0.997598627787307	0.981519507186858	1.0	0.993705919114365
GC_00001123	24	24	1	1	0.983502954694682	0.987379390299935	0.985437360308052	0.932907348242812	1.0	0.976397184794184
GC_00001124	24	24	1	1	0.989358069656271	1.0	0.994650570701147	0.963350785340314	1.0	0.987043781774035
GC_00001125	24	24	1	1	0.993338480073926	1.0	0.99665810900022	0.978208232445521	1.0	0.990823595466189
GC_00001126	24	24	1	1	0.991692921655114	1.0	0.99582913698464	0.976086956521739	1.0	0.988815374921235
GC_00001127	24	24	1	1	0.990235856589612	1.0	0.995093976737451	0.973140495867769	1.0	0.987595819858666
GC_00001128	24	24	1	1	0.993537322247967	1.0	0.996758185723483	0.981191222570533	1.0	0.990016355458634
GC_00001129	24	24	1	1	0.983107404631018	1.0	0.991481754679785	0.956896551724138	1.0	0.977152048975512
GC_00001130	24	24	1	1	0.991981911067895	1.0	0.995974818401937	0.977635782747604	1.0	0.989709218872992
GC_00001131	24	24	1	1	0.989335205522959	1.0	0.99463901586448	0.965397923875433	1.0	0.986911388596359
GC_00001132	24	24	1	1	0.987129221218698	1.0	0.993522928129753	0.963768115942029	1.0	0.983179304067773
GC_00001133	24	24	1	1	0.992229917489633	1.0	0.996099806331511	0.97787610619469	1.0	0.989483134538925
GC_00001134	17	24	2	0	0.890620147816906	0.601057109662707	0.717733771390583	0.0393518518518519	1.0	0.53599704777241
GC_00001135	24	24	1	1	0.990096618357488	1.0	0.995023667920864	0.977049180327869	1.0	0.987324780232834
GC_00001136	24	24	1	1	0.976297922510875	0.945644016334734	0.960726513036047	0.894179894179894	1.0	0.954873092554252
GC_00001137	24	24	1	1	0.990770561221447	1.0	0.995363886246695	0.975308641975309	1.0	0.988742768533429
GC_00001138	24	24	1	1	0.985946780708007	1.0	0.992923667729413	0.967213114754098	1.0	0.983380850558327
GC_00001139	24	24	1	1	0.992447356863833	1.0	0.996209363770566	0.976076555023923	1.0	0.987882255044726
GC_00001140	24	24	1	1	0.989755253813682	1.0	0.994851253104279	0.974763406940063	1.0	0.986615919169753
GC_00001141	24	24	1	1	0.991762203475377	1.0	0.995864066247342	0.97910447761194	1.0	0.990558079169371
GC_00001142	24	24	1	1	0.986732229123533	1.0	0.99332181222916	0.971428571428571	1.0	0.985170807453416
GC_00001143	24	24	1	1	0.994562966963723	1.0	0.997274073004297	0.986335403726708	1.0	0.993653794220902
GC_00001144	24	24	1	1	0.996655518394649	1.0	0.998324958123953	0.985576923076923	1.0	0.993276198439242
GC_00001145	24	24	1	1	0.986013047607251	1.0	0.992957270643513	0.957264957264957	1.0	0.979964077790165
GC_00001146	24	24	1	1	0.994750140738122	1.0	0.997368161979457	0.983739837398374	1.0	0.99357841404501
GC_00001147	24	24	1	1	0.989747920525953	1.0	0.994847548592317	0.977443609022556	1.0	0.987659365805819
GC_00001148	24	24	1	1	0.993159170722142	1.0	0.996567845971188	0.981549815498155	1.0	0.99276699288732
GC_00001149	24	24	1	1	0.986471281140667	0.953942045875745	0.969934002232336	0.875288683602771	1.0	0.979474177460923
GC_00001150	24	24	1	1	0.991597228976861	1.0	0.995780888373973	0.986577181208054	1.0	0.990889342800635
GC_00001151	24	24	1	1	0.988241411701557	1.0	0.994085935324936	0.972222222222222	1.0	0.984853059581321
GC_00001152	24	24	1	1	0.985702178150691	1.0	0.99279961415834	0.964912280701754	1.0	0.981973048563437
GC_00001153	24	24	1	1	0.991558507082403	1.0	0.995761363330489	0.973890339425587	1.0	0.988373633026829
GC_00001154	24	24	1	1	0.993009498075821	0.95376751384816	0.972992997561005	0.939516129032258	1.0	0.988443782141187
GC_00001155	24	24	1	1	0.987461152650851	1.0	0.993691022673613	0.968152866242038	1.0	0.985876488507339
GC_00001156	24	24	1	1	0.9919803066154	1.0	0.995974009703828	0.977040816326531	1.0	0.99126552795031
GC_00001157	24	24	1	1	0.991766697445368	1.0	0.995866331852424	0.977839335180055	1.0	0.989531896101811
GC_00001158	24	24	1	1	0.99105461393597	1.0	0.995507212106881	0.969491525423729	1.0	0.986502087939081
GC_00001159	24	24	1	1	0.995788273376002	1.0	0.997889692669216	0.988155668358714	1.0	0.995199735157802
GC_00001160	24	24	1	1	0.988809884601935	1.0	0.994373461493377	0.970509383378016	1.0	0.984905000582818
GC_00001161	24	24	1	1	0.994401041666667	1.0	0.997192661748384	0.98125	1.0	0.991310009057971
GC_00001162	24	24	1	1	0.996269797590656	1.0	0.998131413692755	0.987341772151899	1.0	0.996068873339099
GC_00001163	24	24	1	1	0.97895307838351	0.94466373255484	0.961502793865379	0.690140845070423	1.0	0.93405116690481
GC_00001164	24	24	1	1	0.994667683126762	1.0	0.997326714159785	0.987556561085973	1.0	0.992979047806414
GC_00001165	24	24	1	1	0.989469798372533	0.997276357001761	0.99335774045912	0.964912280701754	1.0	0.983703597762522
GC_00001166	24	24	1	1	0.99685096791302	0.958307566676177	0.977199350844699	0.940919037199125	1.0	0.985967082104462
GC_00001167	24	24	1	1	0.988085764045073	0.981931583923947	0.984999061395819	0.95	1.0	0.97403759057971
GC_00001168	24	24	1	1	0.994569561741911	1.0	0.997277388383814	0.985611510791367	1.0	0.993648559413339
GC_00001169	24	24	1	1	0.985427865097185	1.0	0.992660456136944	0.967136150234742	1.0	0.983942301149894
GC_00001170	24	24	1	1	0.980122297265607	1.0	0.989961376243355	0.949029126213592	1.0	0.97181476009568
GC_00001171	24	24	1	1	0.983109290765245	1.0	0.99148271388097	0.951690821256039	1.0	0.978593432752223
GC_00001172	24	24	1	1	0.989798544072116	0.992293915684529	0.99104465909401	0.909090909090909	1.0	0.981200592885376
GC_00001173	24	24	1	1	0.982900851041612	0.984443416589577	0.983671529064177	0.914893617021277	1.0	0.969626888683318
GC_00001174	24	24	1	1	0.993699344598762	0.997728050887816	0.995709622657649	0.982029598308668	1.0	0.989624505928854
GC_00001175	24	24	1	1	0.992402992052361	1.0	0.996187012377544	0.980645161290323	1.0	0.990719962599345
GC_00001176	24	24	1	1	0.992780885704627	1.0	0.996377366750575	0.981941309255079	1.0	0.990929760853208
GC_00001177	24	24	1	1	0.99468182575379	1.0	0.997333823280713	0.982758620689655	1.0	0.993565717141429
GC_00001178	24	24	1	1	0.98470340046427	1.0	0.992292752895898	0.964285714285714	1.0	0.980860624882364
GC_00001179	24	24	1	1	0.992021925625575	0.997487275726898	0.99474709378667	0.961240310077519	1.0	0.98699584316369
GC_00001180	24	24	1	1	0.99320652173913	1.0	0.996591683708248	0.975	1.0	0.98738154960981
GC_00001181	24	24	1	1	0.9943538647343	1.0	0.997168940093561	0.98125	1.0	0.99236865942029
GC_00001182	24	24	1	1	0.987231323951551	1.0	0.993574640307572	0.956521739130435	1.0	0.98254043268221
GC_00001183	24	24	1	1	0.961685657127946	0.997746304492469	0.979384157528303	0.892215568862275	1.0	0.947886835025601
GC_00001184	24	24	1	1	0.99364153579424	1.0	0.996810628143727	0.979094076655052	1.0	0.99094834116043
GC_00001185	24	24	1	1	0.988291210742068	1.0	0.994111129599792	0.971046770601336	1.0	0.984934314579904
GC_00001186	24	24	1	1	0.978532331693481	1.0	0.989149700531735	0.940366972477064	1.0	0.974222177901875
GC_00001187	24	24	1	1	0.992295305338784	1.0	0.996132754697273	0.976923076923077	1.0	0.989464882943144
GC_00001188	24	24	1	1	0.987813620071685	0.998837537196586	0.993294992804225	0.971428571428571	1.0	0.98555900621118
GC_00001189	24	24	1	1	0.988325281803543	0.936097472267683	0.96150265955575	0.897872340425532	1.0	0.978584643848289
GC_00001190	24	24	1	1	0.99515639589169	1.0	0.997572318582	0.985294117647059	1.0	0.993644196809158
GC_00001191	24	24	1	1	0.993256189417212	1.0	0.996616686495899	0.985695708712614	1.0	0.991849003976555
GC_00001192	24	24	1	1	0.982406283815786	0.992505355956443	0.987429998159196	0.9375	1.0	0.971014492753623
GC_00001193	24	24	1	1	0.984525241614088	0.988147478919292	0.986333034676246	0.819397993311037	1.0	0.969221075081189
GC_00001194	24	24	1	1	0.993408598730938	1.0	0.996693401807708	0.978056426332288	1.0	0.991084003452819
GC_00001195	24	24	1	1	0.983034716929393	0.882156717116975	0.929867747480648	0.337950138504155	1.0	0.823748444337388
GC_00001196	24	24	1	1	0.991987454889156	0.977306333689312	0.984592170275749	0.94980694980695	1.0	0.986773263947177
GC_00001197	24	24	1	1	0.990842802385974	1.0	0.995400341200696	0.971830985915493	1.0	0.989368578621487
GC_00001198	24	24	1	1	0.992361264376272	1.0	0.996165988688744	0.979695431472081	1.0	0.990178768483778
GC_00001199	24	24	1	1	0.982203751065644	0.962451653593296	0.972227390121553	0.932862190812721	1.0	0.976302043324627
GC_00001200	24	24	1	1	0.992591071521297	0.956996432910615	0.97446881725024	0.848880597014925	1.0	0.96273388492321
GC_00001201	24	24	1	1	0.994927536231884	1.0	0.997457319288049	0.986842105263158	1.0	0.993115942028986
GC_00001202	24	24	1	1	0.990166965486329	0.999485997929638	0.99480465770971	0.973724884080371	1.0	0.987730439262595
GC_00001203	24	24	1	1	0.98738751539263	1.0	0.993653736621729	0.972549019607843	1.0	0.984271099744245
GC_00001204	24	24	1	1	0.990010216823703	1.0	0.994980034227039	0.968668407310705	1.0	0.986112687781436
GC_00001205	24	24	1	1	0.992938808373591	1.0	0.996456894914816	0.98	1.0	0.991690821256039
GC_00001206	24	24	1	1	0.996388675341439	1.0	0.998191071356411	0.990176817288802	1.0	0.995899888955326
GC_00001207	24	24	1	1	0.988613929571645	0.992964334049836	0.99078435631954	0.886792452830189	1.0	0.981359948956339
GC_00001208	24	24	1	1	0.988474144492598	1.0	0.994203668406087	0.967845659163987	1.0	0.984948040449229
GC_00001209	24	24	1	1	0.994309764309764	0.992548356915087	0.993428279843035	0.948616600790514	1.0	0.984805522140116
GC_00001210	24	24	1	1	0.987628042693696	0.985725593205208	0.98667590090296	0.93984962406015	1.0	0.972794304602085
GC_00001211	24	24	1	1	0.995524642382783	1.0	0.997757302755293	0.982968369829684	1.0	0.993926090482739
GC_00001212	24	24	1	1	0.99462334340851	1.0	0.997304425114016	0.983957219251337	1.0	0.991368286445013
GC_00001213	24	24	1	1	0.99435279066659	1.0	0.997168400014361	0.976284584980237	1.0	0.99253880964656
GC_00001214	24	24	1	1	0.98721630216343	0.899091427178299	0.941095347529058	0.493464052287582	1.0	0.863266079378611
GC_00001215	24	24	1	1	0.9855591917303	1.0	0.992727082461281	0.962365591397849	1.0	0.982468443197756
GC_00001216	24	24	1	1	0.987794880803379	0.96588168911377	0.976715391543815	0.921052631578947	1.0	0.963249004152894
GC_00001217	24	24	1	1	0.99438143247217	1.0	0.997182801927279	0.975155279503106	1.0	0.988455306508236
GC_00001218	24	24	1	1	0.993897796166997	0.994865617645061	0.994381471413359	0.976331360946746	1.0	0.98939842209073
GC_00001219	24	24	1	1	0.991796179760997	1.0	0.995881194912229	0.976973684210526	1.0	0.990310354691075
GC_00001220	24	24	1	1	0.995423340961098	1.0	0.997706422018349	0.989473684210526	1.0	0.993668954996186
GC_00001221	24	24	1	1	0.977645703863555	0.997580798680149	0.98751265318732	0.925324675324675	1.0	0.968473555430077
GC_00001222	24	24	1	1	0.994793255974423	0.993963174270083	0.994378041889466	0.981900452488688	1.0	0.988982884123549
GC_00001223	24	24	1	1	0.987530068984712	1.0	0.993725915793738	0.97119341563786	1.0	0.986864078248941
GC_00001224	24	24	1	1	0.994255673283806	1.0	0.997119563557899	0.980392156862745	1.0	0.993058092802338
GC_00001225	24	24	1	1	0.989781409531641	1.0	0.994864465805435	0.964539007092199	1.0	0.985173193545071
GC_00001226	24	24	1	1	0.986159245689892	0.910200794763908	0.94665876736774	0.304	1.0	0.864811594202899
GC_00001227	24	24	1	1	0.986352657004831	1.0	0.993129446099593	0.955	1.0	0.978369565217391
GC_00001228	24	24	1	1	0.993360842726785	1.0	0.996669365058795	0.983333333333333	1.0	0.99320652173913
GC_00001229	24	24	1	1	0.993818128328998	1.0	0.996899480658157	0.977564102564103	1.0	0.991069769602378
GC_00001230	24	24	1	1	0.993065401176223	1.0	0.996520636593418	0.980978260869565	1.0	0.991326008191556
GC_00001231	24	24	1	1	0.990066641518924	0.999622926093515	0.9948218348557	0.963800904977376	1.0	0.988064791133845
GC_00001232	24	24	1	1	0.981885471871499	0.946804310312489	0.964025843439101	0.685245901639344	1.0	0.930102162033737
GC_00001233	24	24	1	1	0.992800830854931	0.998921295859665	0.995851659411996	0.976138828633406	1.0	0.991063849853815
GC_00001234	24	24	1	1	0.991146887626909	0.997838662013892	0.994481517864699	0.978308026030369	1.0	0.989861359992455
GC_00001235	24	24	1	1	0.991062169613274	1.0	0.99551102395338	0.981675392670157	1.0	0.990410880946961
GC_00001236	24	24	1	1	0.993023205659075	0.995555555555558	0.994287768200475	0.982222222222222	1.0	0.99
GC_00001237	24	24	1	1	0.992432882716671	0.9955007543216	0.993964451278094	0.974654377880184	1.0	0.987352234021238
GC_00001238	24	24	1	1	0.990287666851824	1.0	0.995120135993437	0.975609756097561	1.0	0.989420794829066
GC_00001239	24	24	1	1	0.937963261359974	0.759719245890017	0.839484106774752	0.530120481927711	1.0	0.788523659856819
GC_00001240	24	24	1	1	0.97948401685682	1.0	0.989635691438541	0.957446808510638	1.0	0.977860006167129
GC_00001241	24	24	1	1	0.996310716946668	1.0	0.998151949482606	0.990049751243781	1.0	0.995950200687384
GC_00001242	24	24	1	1	0.98610642998914	1.0	0.993004619590836	0.95968992248062	1.0	0.981608807999101
GC_00001243	24	24	1	1	0.996808143547274	1.0	0.998401520715428	0.982993197278912	1.0	0.992642709257616
GC_00001244	24	24	1	1	0.992183014772807	1.0	0.996076171130249	0.979710144927536	1.0	0.990537702163411
GC_00001245	24	24	1	1	0.991536421331818	1.0	0.995750226519823	0.979084967320261	1.0	0.988751539263048
GC_00001246	24	24	1	1	0.992878055921534	0.955684007707129	0.9739260528151	0.933526011560694	1.0	0.984732344810254
GC_00001247	24	24	1	1	0.98949351157372	0.96099205321755	0.975034543702898	0.932432432432432	1.0	0.97841999608304
GC_00001248	24	24	1	1	0.995535257581293	0.99966431791029	0.997595515205989	0.981854838709677	1.0	0.992936243571763
GC_00001249	24	24	1	1	0.991846120254374	1.0	0.995906370646451	0.977401129943503	1.0	0.98990829444035
GC_00001250	24	24	1	1	0.990544587400177	1.0	0.99524983632134	0.969387755102041	1.0	0.987272626441881
GC_00001251	24	24	1	1	0.987958640710765	0.995900532639662	0.991913689970383	0.963076923076923	1.0	0.982753623188406
GC_00001252	24	24	1	1	0.995716949378277	1.0	0.997853878716089	0.982456140350877	1.0	0.993961352657005
GC_00001253	24	24	1	1	0.991907924062496	0.996866739586179	0.994381149663068	0.971698113207547	1.0	0.98897092334336
GC_00001254	24	24	1	1	0.995875176032929	0.999502357255122	0.997685469913607	0.988755020080321	1.0	0.99408358069961
GC_00001255	24	24	1	1	0.991209234626969	0.993965273856576	0.992585341122245	0.905138339920949	1.0	0.982943804777453
GC_00001256	24	24	1	1	0.989184427394146	1.0	0.994562810538376	0.967058823529412	1.0	0.98460358056266
GC_00001257	24	24	1	1	0.99168391994479	1.0	0.995824598485767	0.980952380952381	1.0	0.989993098688751
GC_00001258	24	24	1	1	0.992834362762908	0.990421508858832	0.991626468056748	0.973793103448276	1.0	0.991109445277361
GC_00001259	22	24	2	0	0.977841179267713	0.879552790785856	0.926096403926028	0.0	1.0	0.814967516241879
GC_00001260	24	24	1	1	0.992859321176332	1.0	0.996416867589302	0.985652797704448	1.0	0.991625600399226
GC_00001261	24	24	1	1	0.99016498040288	1.0	0.995058188796424	0.969811320754717	1.0	0.98813234891988
GC_00001262	24	24	1	1	0.986429033665929	1.0	0.993168159494213	0.962616822429907	1.0	0.981906632353605
GC_00001263	24	24	1	1	0.98264140491902	0.992130842393211	0.98736332370445	0.955026455026455	1.0	0.976075454336324
GC_00001264	24	24	1	1	0.992386718033388	1.0	0.996178813130151	0.982278481012658	1.0	0.991194276279582
GC_00001265	24	24	1	1	0.997750556341277	1.0	0.998874011747071	0.993704092339979	1.0	0.99701552686406
GC_00001266	24	24	1	1	0.98826746871748	0.948252487562188	0.967846556447053	0.900497512437811	1.0	0.951618718004182
GC_00001267	24	24	1	1	0.996072317376665	1.0	0.998032294426839	0.989090909090909	1.0	0.994137022397892
GC_00001268	24	24	1	1	0.983023944489875	0.99439305314077	0.988675815615049	0.943511450381679	1.0	0.97316074787034
GC_00001269	24	24	1	1	0.984432234432234	1.0	0.992155053068759	0.967032967032967	1.0	0.979017359452142
GC_00001270	24	24	1	1	0.992456004140787	0.942910650125417	0.967049147015578	0.919463087248322	1.0	0.984473786596634
GC_00001271	24	24	1	1	0.988259746095944	1.0	0.994095211188021	0.965116279069767	1.0	0.985119649477587
GC_00001272	24	24	1	1	0.99205106000017	1.0	0.996009670555418	0.975395430579965	1.0	0.988748376251242
GC_00001273	24	24	1	1	0.981057025834909	1.0	0.990437946046955	0.952898550724638	1.0	0.976304872925856
GC_00001274	24	24	1	1	0.992196974215224	1.0	0.996083205684092	0.975308641975309	1.0	0.989383908868611
GC_00001275	24	24	1	1	0.989774557165861	1.0	0.994861004329705	0.961904761904762	1.0	0.98567977915804
GC_00001276	24	24	1	1	0.993384823363353	1.0	0.996681435235628	0.979423868312757	1.0	0.990576728096857
GC_00001277	24	24	1	1	0.987156934817615	0.996389891696748	0.991751924605744	0.971119133574007	1.0	0.98650133417046
GC_00001278	24	24	1	1	0.986560248938402	1.0	0.99323466224154	0.97153024911032	1.0	0.985133323018206
GC_00001279	24	24	1	1	0.995783340662102	0.998751085177094	0.997265005008972	0.976190476190476	1.0	0.992471296819123
GC_00001280	24	24	1	1	0.98243454239731	0.99727961432507	0.989801419780432	0.925619834710744	1.0	0.972062522457779
GC_00001281	24	24	1	1	0.991369626716346	0.999066991978655	0.995203425821086	0.970319634703196	1.0	0.987939249553306
GC_00001282	24	24	1	1	0.993153461062364	1.0	0.996564971503004	0.985260770975057	1.0	0.991660915573959
GC_00001283	24	24	1	1	0.976988743469597	0.986236307975438	0.981590745883974	0.868131868131868	1.0	0.959109730848862
GC_00001284	24	24	1	1	0.977268989618666	0.953498897337155	0.965237624158305	0.91497975708502	1.0	0.971821275597019
GC_00001285	24	24	1	1	0.995550822863368	1.0	0.997770451603809	0.987060998151571	1.0	0.994930215114254
GC_00001286	24	24	1	1	0.991976371550198	1.0	0.995972026292884	0.98019801980198	1.0	0.989130434782609
GC_00001287	24	24	1	1	0.995569110662672	1.0	0.997779636238277	0.981012658227848	1.0	0.992424937320369
GC_00001288	24	24	1	1	0.99274178270342	1.0	0.996357672951117	0.970588235294118	1.0	0.989201477692526
GC_00001289	24	24	1	1	0.995491643412248	1.0	0.997740728906265	0.988612836438923	1.0	0.993961352657005
GC_00001290	24	24	1	1	0.993084507974323	1.0	0.996530256495393	0.982876712328767	1.0	0.990544967242406
GC_00001291	24	24	1	1	0.992324430071466	1.0	0.996147429699359	0.975206611570248	1.0	0.990403042280513
GC_00001292	24	24	1	1	0.986454626977928	1.0	0.993181131429778	0.967065868263473	1.0	0.984335676473141
GC_00001293	24	24	1	1	0.993990313692916	0.987416010528989	0.990692255347014	0.970315398886827	1.0	0.988451507085048
GC_00001294	24	24	1	1	0.988336937692995	1.0	0.994134262616205	0.973273942093541	1.0	0.987363222620316
GC_00001295	24	24	1	1	0.990726252126722	1.0	0.995341525303456	0.97172236503856	1.0	0.987770574866808
GC_00001296	24	24	1	1	0.994601617274825	1.0	0.997293503284856	0.984544049459042	1.0	0.993380821181372
GC_00001297	24	24	1	1	0.993678960797959	1.0	0.996829459844673	0.979123173277662	1.0	0.990749145260355
GC_00001298	24	24	1	1	0.995536540240518	1.0	0.997763278361746	0.987234042553191	1.0	0.994888991674376
GC_00001299	24	24	1	1	0.981577369376378	0.993701226309923	0.987602090963254	0.926666666666667	1.0	0.969190821256039
GC_00001300	24	24	1	1	0.991594620557157	1.0	0.995779573133968	0.971181556195965	1.0	0.986937727101867
GC_00001301	24	24	1	1	0.996599804479838	1.0	0.998297006985309	0.989660265878877	1.0	0.995140539036243
GC_00001302	24	24	1	1	0.993470809582355	1.0	0.996724712302653	0.979434447300771	1.0	0.991123654111248
GC_00001303	24	24	1	1	0.991772751011881	1.0	0.99586938370156	0.97972972972973	1.0	0.989262632197415
GC_00001304	24	24	1	1	0.99202365015618	1.0	0.995995855850811	0.973895582329317	1.0	0.988904894942087
GC_00001305	24	24	1	1	0.993065365144002	0.998447685886802	0.995749252307585	0.966442953020134	1.0	0.989879389164478
GC_00001306	24	24	1	1	0.993586646847516	1.0	0.996783007569485	0.979487179487179	1.0	0.990403195837978
GC_00001307	24	24	1	1	0.98885224990501	1.0	0.994394882729211	0.971910112359551	1.0	0.985690441296206
GC_00001308	24	24	1	1	0.993427946353804	0.963945608167579	0.978464742927255	0.916083916083916	1.0	0.960499645282254
GC_00001309	24	24	1	1	0.989989657210402	0.990834524408278	0.990411910631667	0.967365967365967	1.0	0.984046147089625
GC_00001310	24	24	1	1	0.99186484898006	1.0	0.995915811745909	0.979228486646884	1.0	0.989356212101664
GC_00001311	24	24	1	1	0.993137583424088	1.0	0.996556977986375	0.982658959537572	1.0	0.991308536483203
GC_00001312	24	24	1	1	0.992204460232879	1.0	0.996086978057358	0.982238010657194	1.0	0.990102195793755
GC_00001313	24	24	1	1	0.989584828048022	1.0	0.994765153108754	0.97029702970297	1.0	0.985901851054671
GC_00001314	24	24	1	1	0.991231340385541	1.0	0.995596363196674	0.977491961414791	1.0	0.986555757491029
GC_00001315	24	24	1	1	0.992400419287212	1.0	0.996185716164672	0.976415094339623	1.0	0.990429313645064
GC_00001316	24	24	1	1	0.971507790705586	1.0	0.985548010802323	0.938967136150235	1.0	0.967085119412125
GC_00001317	24	24	1	1	0.987902443358092	0.999197579177896	0.993517909186634	0.960348162475822	1.0	0.98259538025958
GC_00001318	24	24	1	1	0.987618600771557	1.0	0.99377073688904	0.973621103117506	1.0	0.985550689882876
GC_00001319	24	24	1	1	0.990549828178694	1.0	0.995252481657316	0.975257731958763	1.0	0.98790527416704
GC_00001320	24	24	1	1	0.992451690821256	1.0	0.996211547204122	0.982300884955752	1.0	0.989924009234321
GC_00001321	24	24	1	1	0.984115204780475	1.0	0.991994015679506	0.959839357429719	1.0	0.982582503928758
GC_00001322	24	24	1	1	0.980584795321637	1.0	0.990197236329278	0.955789473684211	1.0	0.977787948131198
GC_00001323	24	24	1	1	0.958680937071854	0.943665647474785	0.951114034164541	0.775429326287979	1.0	0.916570941741811
GC_00001324	24	24	1	1	0.994222358130398	1.0	0.997102809600922	0.987212276214834	1.0	0.993175247414656
GC_00001325	24	24	1	1	0.976696629304842	0.974503187657169	0.975598675602082	0.913661202185792	1.0	0.960461709036192
GC_00001326	24	24	1	1	0.98574372487416	1.0	0.992820687308608	0.96969696969697	1.0	0.983311374615722
GC_00001327	24	24	1	1	0.992147132955261	1.0	0.996058088825453	0.978260869565217	1.0	0.987626023944549
GC_00001328	24	24	1	1	0.981874731874732	1.0	0.99085448346772	0.945945945945946	1.0	0.974665659448268
GC_00001329	23	24	2	0	0.97494263662912	0.912059302358728	0.94245319268796	0.126684636118598	1.0	0.848314387280753
GC_00001330	24	24	1	1	0.980701671471557	0.99140243190093	0.986023020187964	0.922413793103448	1.0	0.964986256871564
GC_00001331	24	24	1	1	0.996381921874042	1.0	0.998187682383658	0.988716502115656	1.0	0.995094131354633
GC_00001332	24	24	1	1	0.992973866828419	0.999502986059756	0.996227728854835	0.9800796812749	1.0	0.989837750447485
GC_00001333	24	24	1	1	0.994781575344235	1.0	0.997383961873187	0.986631016042781	1.0	0.993402697047198
GC_00001334	24	24	1	1	0.98582569067029	1.0	0.992862259061154	0.96484375	1.0	0.982669553894927
GC_00001335	24	24	1	1	0.984522101456397	0.999155571265856	0.99178486125176	0.962059620596206	1.0	0.980882526216566
GC_00001336	24	24	1	1	0.992642500380157	1.0	0.996307667020833	0.978208232445521	1.0	0.990156858616697
GC_00001337	24	24	1	1	0.974855468440643	1.0	0.987267659856034	0.934426229508197	1.0	0.965827195691772
GC_00001338	24	24	1	1	0.987177139468773	0.992856252632303	0.990008551661042	0.96415770609319	1.0	0.982507402212872
GC_00001339	24	24	1	1	0.9896846717613	0.999401561783066	0.994519382770584	0.971223021582734	1.0	0.984138775935773
GC_00001340	24	24	1	1	0.990955156479731	1.0	0.995457033027172	0.976086956521739	1.0	0.98773629489603
GC_00001341	24	24	1	1	0.990666090795662	1.0	0.995311162807517	0.97682119205298	1.0	0.988482579902102
GC_00001342	24	24	1	1	0.991554868058367	0.998498758588828	0.995014698671245	0.972111553784861	1.0	0.986070211905999
GC_00001343	24	24	1	1	0.98485776538526	0.946024807660951	0.965050791879188	0.907142857142857	1.0	0.962292960662526
GC_00001344	24	24	1	1	0.987100701999622	1.0	0.993508482993641	0.97179253867152	1.0	0.984195118091546
GC_00001345	24	24	1	1	0.996283334081153	0.996967672139491	0.996625385634255	0.952674897119342	1.0	0.989928132641498
GC_00001346	24	24	1	1	0.986367228931451	0.99971751412429	0.992997501812378	0.949152542372881	1.0	0.984696634733481
GC_00001347	24	24	1	1	0.992632850241546	1.0	0.996302806230681	0.982222222222222	1.0	0.991086956521739
GC_00001348	24	24	1	1	0.954430647416092	0.970980276907002	0.962634337023316	0.521875	1.0	0.907382246376812
GC_00001349	24	24	1	1	0.992418457047823	0.998836586772094	0.995617178586715	0.964912280701754	1.0	0.988367658276125
GC_00001350	24	24	1	1	0.993532006375329	1.0	0.996755510519025	0.9846547314578	1.0	0.992179102264724
GC_00001351	24	24	1	1	0.985935383278378	1.0	0.992917888044069	0.957671957671958	1.0	0.983647726401349
GC_00001352	24	24	1	1	0.990144853270866	0.980352706081919	0.985224449236064	0.955445544554455	1.0	0.976386497345387
GC_00001353	24	24	1	1	0.991193753920306	0.982372100333395	0.986763211146297	0.957494407158837	1.0	0.987168887591998
GC_00001354	24	24	1	1	0.995268574713406	1.0	0.997628677489058	0.981693363844394	1.0	0.993516399694889
GC_00001355	24	24	1	1	0.995825328672259	0.972811383160176	0.984183836000773	0.954929577464789	1.0	0.98604817309655
GC_00001356	24	24	1	1	0.991938145453031	0.99977910345062	0.995843190377949	0.980106100795756	1.0	0.99047591588821
GC_00001357	24	24	1	1	0.975137739201872	0.98912734127542	0.982082722887586	0.945155393053016	1.0	0.970186524653578
GC_00001358	24	24	1	1	0.976873932941537	0.996247356912603	0.986465534312661	0.93598615916955	1.0	0.970187051802818
GC_00001359	24	24	1	1	0.989586711813979	0.990695947362127	0.990141018924448	0.886524822695035	1.0	0.976988899167438
GC_00001360	24	24	1	1	0.994828835554775	0.994014413097018	0.994421457574711	0.975903614457831	1.0	0.991389470927187
GC_00001361	24	24	1	1	0.989175245680619	0.999820788530463	0.994469528465891	0.967741935483871	1.0	0.982094436652641
GC_00001362	24	24	1	1	0.984842384816957	0.956190955392251	0.97030520943799	0.890130353817505	1.0	0.952264324076323
GC_00001363	24	24	1	1	0.988707494501776	0.996124031007749	0.992401906411532	0.961240310077519	1.0	0.982305358948433
GC_00001364	24	24	1	1	0.989426975500345	1.0	0.99468539200993	0.975446428571429	1.0	0.988726061076604
GC_00001365	24	24	1	1	0.996147022359027	1.0	0.998069792656645	0.98377581120944	1.0	0.993806378521654
GC_00001366	24	24	1	1	0.994549391970681	1.0	0.997267248406452	0.983448275862069	1.0	0.993303348325837
GC_00001367	24	24	1	1	0.992247943705766	1.0	0.996108889800225	0.97893850042123	1.0	0.990656630404259
GC_00001368	24	24	1	1	0.984099378881988	1.0	0.99198597545705	0.958857142857143	1.0	0.979718426501035
GC_00001369	24	24	1	1	0.994453571684693	1.0	0.997219073738266	0.986504723346829	1.0	0.99230867022629
GC_00001370	24	24	1	1	0.99515663130634	1.0	0.997572436861517	0.985272459499264	1.0	0.993890205118354
GC_00001371	23	24	2	0	0.986095587973267	0.933450532315623	0.95905114420403	0.105392156862745	1.0	0.896961139528275
GC_00001372	24	24	1	1	0.98589597156094	0.971094693203229	0.978439359237969	0.855670103092783	1.0	0.953782558892375
GC_00001373	24	24	1	1	0.993424015393433	1.0	0.996701161139935	0.984745762711864	1.0	0.991878531073446
GC_00001374	24	24	1	1	0.993329057379659	1.0	0.996653366088432	0.983050847457627	1.0	0.992009880182319
GC_00001375	24	24	1	1	0.987871092943557	1.0	0.993898544478313	0.965811965811966	1.0	0.984392419175028
GC_00001376	24	24	1	1	0.984765386959171	0.997419963492008	0.991052280842897	0.96078431372549	1.0	0.9803447949228
GC_00001377	24	24	1	1	0.965403961058701	0.81657514116671	0.884774546233361	0.615635179153095	1.0	0.928763631213709
GC_00001378	24	24	1	1	0.992257818459191	1.0	0.996113865650784	0.971052631578947	1.0	0.986727688787185
GC_00001379	24	24	1	1	0.989480930535022	0.996748494311587	0.993101416506281	0.968553459119497	1.0	0.982203080849512
GC_00001380	24	24	1	1	0.996587141812646	1.0	0.998290654028626	0.988942639944713	1.0	0.995420309886522
GC_00001381	24	24	1	1	0.966319362687387	0.992782606175391	0.979372253750946	0.85752688172043	1.0	0.949246143057504
GC_00001382	24	24	1	1	0.979324107697844	1.0	0.989554064328452	0.950338600451467	1.0	0.9743023522099
GC_00001383	24	24	1	1	0.98794964351777	1.0	0.993938298929491	0.970260223048327	1.0	0.986530898119713
GC_00001384	24	24	1	1	0.986810582895574	0.992649442713067	0.98972140129322	0.9618138424821	1.0	0.97989519560029
GC_00001385	14	24	3	0	0.972965422388413	0.611529228824789	0.751024049176562	0.0492227979274611	1.0	0.490228655102501
GC_00001386	24	24	1	1	0.990285572610273	1.0	0.995119078627	0.973561430793157	1.0	0.986656749385805
GC_00001387	24	24	1	1	0.993385768089325	1.0	0.996681910738725	0.977961432506887	1.0	0.991975086836747
GC_00001388	24	24	1	1	0.987142740686394	0.985187326549489	0.986164064296298	0.952127659574468	1.0	0.976189099599136
GC_00001389	24	24	1	1	0.991689725395651	1.0	0.995827525493361	0.977315689981096	1.0	0.99013725651352
GC_00001390	24	24	1	1	0.983073348821772	1.0	0.991464435146443	0.961832061068702	1.0	0.980335214072353
GC_00001391	24	24	1	1	0.992636644156107	1.0	0.99630471723709	0.981675392670157	1.0	0.990761818043858
GC_00001392	24	24	1	1	0.970833577812983	1.0	0.985200971550635	0.931174089068826	1.0	0.963724109605116
GC_00001393	24	24	1	1	0.980564242240828	1.0	0.99018675721562	0.953596287703016	1.0	0.973469181882377
GC_00001394	24	24	1	1	0.992094026499978	0.984747931845903	0.988407329850485	0.956937799043062	1.0	0.984142049788503
GC_00001395	24	24	1	1	0.968548204619428	0.995995423340963	0.982080077384269	0.91866028708134	1.0	0.955117536925317
GC_00001396	24	24	1	1	0.990797047250496	1.0	0.995377252160277	0.979057591623037	1.0	0.987984130597379
GC_00001397	24	24	1	1	0.990579710144928	1.0	0.995267564615945	0.972	1.0	0.987188405797101
GC_00001398	24	24	1	1	0.980503795721187	1.0	0.990155936928304	0.95578231292517	1.0	0.977447500739426
GC_00001399	24	24	1	1	0.994765057519202	1.0	0.997375659624142	0.988009592326139	1.0	0.99399176311125
GC_00001400	23	23	1	0	0.998756495092597	1.0	0.99937786072968	0.97752808988764	1.0	0.99626948527779
GC_00001401	23	23	1	0	0.989704936115452	1.0	0.994825833872309	0.976744186046512	1.0	0.989704936115452
GC_00001402	22	23	2	0	0.998422532261179	0.934086718704919	0.965183712910735	0.0316742081447964	1.0	0.908876289950459
GC_00001403	23	23	1	0	0.996729840208101	1.0	0.998362242239262	0.98974358974359	1.0	0.996432552954292
GC_00001404	23	23	1	0	0.989915255615739	1.0	0.994932073435891	0.950617283950617	1.0	0.984189723320158
GC_00001405	23	23	1	0	0.986270022883295	1.0	0.993087557603687	0.973684210526316	1.0	0.986270022883295
GC_00001406	23	23	1	0	0.973745942993027	1.0	0.986698360495596	0.902439024390244	1.0	0.972332015810277
GC_00001407	23	23	1	0	0.988481084133258	1.0	0.994207178555202	0.942857142857143	1.0	0.982458121588556
GC_00001408	23	23	1	0	0.992199739117325	1.0	0.99608459898397	0.975124378109453	1.0	0.990443041708454
GC_00001409	23	23	1	0	0.99463392927257	1.0	0.997309746591252	0.980132450331126	1.0	0.992016333795775
GC_00001410	21	23	2	0	0.964841498559078	0.85071549568444	0.904191514015902	0.66	1.0	0.864189723320158
GC_00001411	23	23	1	0	0.988312716747222	0.948084834058854	0.967780916336619	0.911764705882353	1.0	0.962334340850965
GC_00001412	23	23	1	0	0.972664031136036	0.997706842781139	0.985026293717233	0.594936708860759	1.0	0.9626757392305
GC_00001413	23	23	1	0	0.985927116361899	1.0	0.992913695813831	0.93956043956044	1.0	0.976979542196934
GC_00001414	23	23	1	0	0.992946593737108	1.0	0.996460815214488	0.983164983164983	1.0	0.992946593737107
GC_00001415	23	23	1	0	0.99293825877247	1.0	0.996456618163435	0.975778546712803	1.0	0.991752943911812
GC_00001416	23	23	1	0	0.888268424436065	0.739189004850545	0.806900679407478	0.181619256017505	1.0	0.786388285865025
GC_00001417	23	23	1	0	0.996380993978723	0.954857499479925	0.975177424624755	0.894736842105263	1.0	0.952331421438973
GC_00001418	23	23	1	0	0.987669007508602	0.990384615384616	0.989024947360102	0.961538461538462	1.0	0.983201581027668
GC_00001419	23	23	1	0	0.960234355522314	0.801390338637639	0.873650940401328	0.477707006369427	1.0	0.918657637018202
GC_00001420	23	23	1	0	0.992094861660079	1.0	0.996031746031746	0.966850828729282	1.0	0.989212325027843
GC_00001421	23	23	1	0	0.993950047943016	0.922685429382356	0.956992852966194	0.303292894280763	1.0	0.933916057569136
GC_00001422	23	23	1	0	0.997346612498433	1.0	0.998671543794671	0.990719257540603	1.0	0.99603826013591
GC_00001423	23	23	1	0	0.881264187183517	1.0	0.936885093744199	0.542168674698795	1.0	0.852056447132403
GC_00001424	23	23	1	0	0.981581565432497	1.0	0.990705184742934	0.948979591836735	1.0	0.980667365760533
GC_00001425	23	23	1	0	0.966359351941478	0.997360085536429	0.981615018435773	0.563563563563564	1.0	0.956905522122913
GC_00001426	23	23	1	0	0.903271479277586	0.822984562607205	0.861260977806257	0.305660377358491	1.0	0.735744649116265
GC_00001427	23	23	1	0	0.988484458044774	0.99965384832116	0.994037778283457	0.963340122199593	1.0	0.983771121289938
GC_00001428	23	23	1	0	0.985054558967602	1.0	0.992471017501821	0.953846153846154	1.0	0.977784534306274
GC_00001429	23	23	1	0	0.988570234761717	1.0	0.994252269777309	0.966751918158568	1.0	0.985807142929349
GC_00001430	23	23	1	0	0.945764725852996	0.985661869565663	0.965301223525355	0.756613756613757	1.0	0.931070539766192
GC_00001431	23	23	1	0	0.994312924197475	0.999249964284014	0.99677533097365	0.984939759036145	1.0	0.991380541930568
GC_00001432	23	23	1	0	0.991532122998593	1.0	0.995748059042775	0.976271186440678	1.0	0.988423661820861
GC_00001433	23	23	1	0	0.98180487804878	0.816515559911787	0.891564087024742	0.594339622641509	1.0	0.799724065925871
GC_00001434	23	23	1	0	0.995861049519586	0.990861257269454	0.993354862147258	0.879365079365079	1.0	0.98406424493381
GC_00001435	20	23	2	0	0.921782963931641	0.794584758982995	0.853470598930252	0.037037037037037	1.0	0.68150100034158
GC_00001436	23	23	1	0	0.997350150256843	1.0	0.998673317373613	0.993258426966292	1.0	0.9962783674557
GC_00001437	23	23	1	0	0.995425423838298	0.992770543676613	0.994096211198616	0.980088495575221	1.0	0.99001364161041
GC_00001438	23	23	1	0	0.985087504518055	1.0	0.992487738979766	0.969026548672566	1.0	0.983175347161496
GC_00001439	23	23	1	0	0.981384251865979	0.793577096434067	0.877544816204382	0.552966101694915	1.0	0.78407416091646
GC_00001440	23	23	1	0	0.994142047433583	0.987178454509251	0.990648013772446	0.855603448275862	1.0	0.980927150061333
GC_00001441	23	23	1	0	0.964929288577109	0.810319180854646	0.88089157564827	0.201005025125628	1.0	0.740361888493853
GC_00001442	23	23	1	0	0.984343335873849	1.0	0.992109901626849	0.968609865470852	1.0	0.980963859692657
GC_00001443	17	23	2	0	0.89582757950512	0.632567451452139	0.741524746456649	0.163333333333333	1.0	0.504137022397892
GC_00001444	23	23	1	0	0.995744140512997	0.965052800974715	0.980158272918491	0.440828402366864	1.0	0.945868512758145
GC_00001445	23	23	1	0	0.989746570564985	0.989134856600448	0.989440619035876	0.848837209302326	1.0	0.975939884180531
GC_00001446	23	23	1	0	0.977371201934178	1.0	0.988556120346201	0.95360824742268	1.0	0.976773562609511
GC_00001447	23	23	1	0	0.987327304158987	0.825938188699869	0.899450553118174	0.557746478873239	1.0	0.828503034014363
GC_00001448	23	23	1	0	0.992448728764024	1.0	0.996210054930417	0.980815347721823	1.0	0.990729945687719
GC_00001449	23	23	1	0	0.990178063257175	0.941747428097278	0.965355701970705	0.918918918918919	1.0	0.97826850000763
GC_00001450	23	23	1	0	0.989827080037465	0.965692692504131	0.977610956899234	0.936599423631124	1.0	0.966272169128954
GC_00001451	12	23	3	0	0.82382802204728	0.621084868374046	0.708232478273326	0.00856531049250535	1.0	0.490296315731564
GC_00001452	18	23	2	0	0.961613683237323	0.649650261521717	0.775431713506644	0.05	1.0	0.573069828722003
GC_00001453	23	23	1	0	0.974013132483584	0.999336091897232	0.986512134037646	0.91015625	1.0	0.962975543478261
GC_00001454	23	23	1	0	0.987674784308725	0.857280380469601	0.917869692485615	0.794642857142857	1.0	0.971908526256352
GC_00001455	23	23	1	0	0.975461871069182	0.889266316258897	0.930371933702191	0.826797385620915	1.0	0.943604846418146
GC_00001456	23	23	1	0	0.982815550853089	0.995230486442325	0.988984058324545	0.953667953667954	1.0	0.976513498252629
GC_00001457	23	23	1	0	0.997484728710025	1.0	0.998740780715956	0.989177489177489	1.0	0.995670995670996
GC_00001458	23	23	1	0	0.923434412055336	1.0	0.960193294107259	0.6171875	1.0	0.897835350790514
GC_00001459	19	23	2	0	0.986501807317301	0.8111114982366	0.890250374175656	0.054176072234763	1.0	0.685364787337503
GC_00001460	15	23	2	0	0.827847487421955	0.627764899878843	0.714054922299864	0.0238095238095238	1.0	0.523265784135349
GC_00001461	23	23	1	0	0.949811397586746	0.979883659039729	0.964613206080357	0.705179282868526	1.0	0.9243972725698
GC_00001462	23	23	1	0	0.992092840919195	1.0	0.996030727625547	0.980061349693252	1.0	0.990864230461456
GC_00001463	22	22	1	0	0.994657590077437	1.0	0.997321640591779	0.977099236641221	1.0	0.993489970589207
GC_00001464	22	22	1	0	0.993286906330385	1.0	0.996632148814957	0.971014492753623	1.0	0.9908400777966
GC_00001465	21	22	2	0	0.995916283818275	0.783072170396114	0.876761537215041	0.0138888888888889	1.0	0.740079365079365
GC_00001466	22	22	1	0	0.990337540638745	0.982119302077846	0.986211300718801	0.75974025974026	1.0	0.967040535222353
GC_00001467	22	22	1	0	0.972751116183154	0.934630125712927	0.953309677201056	0.496815286624204	1.0	0.892381503846472
GC_00001468	22	22	1	0	0.988824508824509	1.0	0.994380856065528	0.975384615384615	1.0	0.988265068265068
GC_00001469	22	22	1	0	0.968697243207047	1.0	0.984099760945487	0.928104575163399	1.0	0.966584613643437
GC_00001470	22	22	1	0	0.988311108793037	1.0	0.994121196046599	0.963855421686747	1.0	0.984544237556286
GC_00001471	13	22	2	0	0.873016944575711	0.665538623047616	0.755288281316602	0.18705035971223	1.0	0.644575248891796
GC_00001472	16	22	2	0	0.800511240282933	0.662533360717201	0.72501604114323	0.196491228070175	1.0	0.596703880914407
GC_00001473	22	22	1	0	0.964840986350537	0.854787103443819	0.906485931528634	0.666666666666667	1.0	0.885636751308393
GC_00001474	19	22	2	0	0.89777852637883	0.721113506827792	0.799806544515988	0.027027027027027	1.0	0.571110999682428
GC_00001475	22	22	1	0	0.98913161340907	1.0	0.99453611489674	0.971098265895954	1.0	0.98778870455171
GC_00001476	21	21	1	0	0.982426303854875	1.0	0.991135258793251	0.928571428571429	1.0	0.980272108843537
GC_00001477	21	21	1	0	0.959508143293784	0.912988946657287	0.935670697440466	0.723618090452261	1.0	0.913591768365638
GC_00001478	21	21	1	0	0.967662973460448	0.922108755760369	0.944336807092461	0.296	1.0	0.856038095238095
GC_00001479	21	21	1	0	0.98616715578381	0.766917253327572	0.862831934965353	0.427672955974843	1.0	0.719586702605571
GC_00001480	21	21	1	0	0.988831410001326	0.863504186155	0.921928039076171	0.636574074074074	1.0	0.843364197530864
GC_00001481	13	21	2	0	0.666621993495586	0.648010313946291	0.657184407903616	0.0684474123539232	1.0	0.568447412353923
GC_00001482	20	21	2	0	0.968312862504265	0.740672686026464	0.839331718634614	0.158203125	1.0	0.591062127976191
GC_00001483	15	21	3	0	0.93999491482329	0.637698127335694	0.759885454102779	0.0268948655256724	1.0	0.484782861799977
GC_00001484	18	21	2	0	0.863784822286263	0.654950894154425	0.745009991651834	0.0363288718929254	1.0	0.574196485477556
GC_00001485	21	21	1	0	0.966051725883187	0.91775047477999	0.941281871078827	0.710144927536232	1.0	0.885817805383023
GC_00001486	15	21	3	0	0.969897867765633	0.859436890097583	0.911332388565593	0.705263157894737	1.0	0.927719298245614
GC_00001487	12	21	2	0	0.917875856509472	0.553344067285707	0.690448996087702	0.0470588235294118	1.0	0.47781512605042
GC_00001488	17	21	2	0	0.964943244739756	0.718507500156908	0.82368784554349	0.148672566371681	1.0	0.635474083438685
GC_00001489	20	20	1	0	0.995656073090073	1.0	0.997823308851409	0.980830670926518	1.0	0.994131494871364
GC_00001490	14	20	5	0	0.985807647288334	0.748307001389293	0.850793533232073	0.237569060773481	1.0	0.637220122128526
GC_00001491	20	20	1	0	0.964106988783434	0.983870967741935	0.973888716639353	0.870967741935484	1.0	0.948981324278438
GC_00001492	11	20	2	0	0.84651829321791	0.727932593722067	0.782759579135455	0.0104529616724739	1.0	0.58813497157528
GC_00001493	20	20	1	0	0.986596522208324	0.92796507397526	0.956383034674632	0.883870967741936	1.0	0.964855687606112
GC_00001494	17	20	2	0	0.995922964916619	0.786259965399778	0.878758675796728	0.0593406593406593	1.0	0.717964141122036
GC_00001495	16	20	3	0	0.928637768540934	0.688543451652387	0.790767845312363	0.0972222222222222	1.0	0.693908382066277
GC_00001496	18	20	2	0	0.985600182018489	0.847402208750044	0.911291524106233	0.0450928381962865	1.0	0.776266927265112
GC_00001497	19	19	1	0	0.996586302538938	0.870973637049613	0.929555596215452	0.6875	1.0	0.930555555555556
GC_00001498	19	19	1	0	0.994537922944389	0.951339497392128	0.972459208234917	0.928571428571429	1.0	0.971700083542189
GC_00001499	19	19	1	0	0.989442481828887	0.914819182389938	0.950668680945056	0.675	1.0	0.896418128654971
GC_00001500	19	19	1	0	0.931855119572788	0.935799199839804	0.933822995185863	0.759259259259259	1.0	0.871453324669699
GC_00001501	18	19	2	0	0.995407086971615	1.0	0.997698257634558	0.986301369863014	1.0	0.995407086971615
GC_00001502	19	19	1	0	0.924862606404189	0.674948240165631	0.780385243575435	0.0434782608695652	1.0	0.656796800961561
GC_00001503	19	19	1	0	0.988903883640726	1.0	0.994420989143546	0.948717948717949	1.0	0.983805668016194
GC_00001504	19	19	1	0	0.99076005500703	0.730021736806471	0.840636947177897	0.540284360189573	1.0	0.789750838391397
GC_00001505	19	19	1	0	0.912171825518439	0.680550550407528	0.779519453366013	0.108527131782946	1.0	0.541343669250646
GC_00001506	19	19	1	0	0.912128247650636	0.973279352226722	0.941712115808648	0.527472527472527	1.0	0.862348178137652
GC_00001507	19	19	1	0	0.781298959157398	0.675464756696325	0.72453741895276	0.0794223826714801	1.0	0.681909346169274
GC_00001508	17	19	2	0	0.967192053996012	0.700960010817024	0.812831116457203	0.0635838150289017	1.0	0.650779163708887
GC_00001509	11	19	4	0	0.778533799989855	0.803501561215566	0.790820659374263	0.0757180156657963	1.0	0.559571251889515
GC_00001510	15	19	5	0	0.929452450928319	0.787676179889279	0.852711372691233	0.113924050632911	1.0	0.677079477878945
GC_00001511	10	19	2	0	0.936962171078225	0.582406313112655	0.718315127978055	0.0317796610169492	1.0	0.476818812568143
GC_00001512	16	19	2	0	0.984966831470633	0.813495581057912	0.891056893164016	0.0075	1.0	0.709342105263158
GC_00001513	19	19	1	0	0.955842038971623	0.693395277814126	0.803736793260117	0.271523178807947	1.0	0.716045079586383
GC_00001514	19	19	1	0	0.98810316509078	0.93182499250824	0.959139247751355	0.873239436619718	1.0	0.933531010625154
GC_00001515	15	19	2	0	0.933830886331127	0.693824695228707	0.796132716828127	0.0108147080028839	1.0	0.574149264051742
GC_00001516	19	19	1	0	0.770154229808801	0.991491950420097	0.866918372153706	0.504273504273504	1.0	0.697555855450592
GC_00001517	15	19	2	0	0.988244247835719	0.75890744631468	0.858524100650434	0.0108225108225108	1.0	0.647224120908331
GC_00001518	9	19	3	0	0.695346397749487	0.700487550936371	0.697907506362832	0.0335429769392034	1.0	0.397942795493275
GC_00001519	18	18	1	0	1.0	1.0	1.0	1.0	1.0	1.0
GC_00001520	18	18	1	0	1.0	1.0	1.0	1.0	1.0	1.0
GC_00001521	18	18	1	0	0.980917205293937	0.991801128164767	0.986329142225841	0.771978021978022	1.0	0.974664224664225
GC_00001522	18	18	1	0	0.993748223927252	1.0	0.996864310148233	0.971014492753623	1.0	0.993748223927252
GC_00001523	18	18	1	0	0.996576991179327	1.0	0.998285561320302	0.99438202247191	1.0	0.996315879660229
GC_00001524	18	18	1	0	0.996647708882415	0.991950464396285	0.99429353898622	0.957894736842105	1.0	0.986790505675955
GC_00001525	10	18	2	0	0.681892794475576	0.709292789966529	0.695322964902073	0.216867469879518	1.0	0.720686668241594
GC_00001526	18	18	1	0	0.996903077116981	0.995884773662553	0.99639366521608	0.983539094650206	1.0	0.996153742704215
GC_00001527	18	18	1	0	0.895511910757069	0.716734204270695	0.79621096405662	0.255154639175258	1.0	0.837443568492689
GC_00001528	17	18	2	0	0.95406173255646	0.69148479321136	0.801823794729653	0.0699658703071672	1.0	0.500044613977559
GC_00001529	17	18	2	0	0.996062018789292	0.908636455768546	0.950342822832856	0.0498220640569395	1.0	0.877770799897658
GC_00001530	18	18	1	0	0.963621193158114	0.884640522875816	0.922443340977542	0.75	1.0	0.931372549019608
GC_00001531	12	18	4	0	0.994155520356682	0.668470550916312	0.799414492376508	0.0640326975476839	1.0	0.518022831294189
GC_00001532	16	18	2	0	0.961571432398403	0.709194030285609	0.816321302757386	0.142857142857143	1.0	0.595571561958117
GC_00001533	17	18	2	0	0.990848065376918	0.915363969993287	0.951611470239656	0.0310734463276836	1.0	0.876592444887559
GC_00001534	18	18	1	0	0.988979060214407	0.898304759089567	0.941463692258191	0.56	1.0	0.865915032679738
GC_00001535	18	18	1	0	0.845219228737454	0.761130055887089	0.800973692289029	0.463768115942029	1.0	0.840579710144927
GC_00001536	16	18	2	0	0.888377946657631	0.655459009000428	0.754348218443628	0.032069970845481	1.0	0.664341927247089
GC_00001537	13	18	4	0	0.989422726811477	0.700980026431203	0.820592096009645	0.0115384615384615	1.0	0.546212502094855
GC_00001538	15	18	2	0	0.949951909865348	0.665157152426989	0.782445374198818	0.074792243767313	1.0	0.591602846124599
GC_00001539	17	18	2	0	0.995786146958125	0.656130030959752	0.79103916308447	0.276315789473684	1.0	0.76281389748882
GC_00001540	12	18	3	0	0.637215814704068	0.678763360619793	0.65733372676231	0.217948717948718	1.0	0.659376571141277
GC_00001541	15	18	2	0	0.897531057113837	0.71416014186993	0.79541404393751	0.0436241610738255	1.0	0.625016449532833
GC_00001542	17	17	1	0	0.999396681749623	0.970574932822518	0.984774968407715	0.955223880597015	1.0	0.994732221246708
GC_00001543	17	17	1	0	0.995034377387319	1.0	0.99751100899866	0.987012987012987	1.0	0.995034377387319
GC_00001544	5	17	5	0	0.687819110138585	0.644468274605352	0.665438403497004	0.0588235294117647	0.982352941176471	0.584256055363322
GC_00001545	16	17	2	0	0.873872849890127	0.739019850364388	0.800808860578752	0.0909090909090909	1.0	0.690508021390374
GC_00001546	17	17	1	0	0.967240186561335	0.6937306501548	0.807966219088676	0.140350877192982	1.0	0.599948400412797
GC_00001547	17	17	1	0	0.99185520361991	1.0	0.995910949568378	0.969230769230769	1.0	0.989366515837104
GC_00001548	16	17	2	0	0.9947404432545	0.871477655205976	0.929038325950352	0.00803212851405622	1.0	0.824887786439877
GC_00001549	16	17	2	0	0.938917652859961	0.892668128394657	0.915208965338316	0.160857908847185	1.0	0.785246806497398
GC_00001550	17	17	1	0	0.978918650793651	0.821533846354506	0.893347428747512	0.593939393939394	1.0	0.932486631016043
GC_00001551	17	17	1	0	0.984998051106337	0.894510173631003	0.937575868117801	0.207951070336391	1.0	0.81478233495233
GC_00001552	16	17	2	0	0.964682759044285	0.693282329453879	0.80676911113977	0.144444444444444	1.0	0.813916122004357
GC_00001553	12	17	3	0	0.99205676290776	0.659541358652005	0.792326482728344	0.00727802037845706	1.0	0.553686103262266
GC_00001554	13	17	2	0	0.979927409813712	0.670268611622519	0.796044319504584	0.00868621064060804	1.0	0.589145430159034
GC_00001555	17	17	1	0	0.966663481359125	0.946861687803516	0.956660126815325	0.742556917688266	1.0	0.918666941382507
GC_00001556	12	17	3	0	0.947158090490039	0.637652327286054	0.762182724109424	0.0872274143302181	1.0	0.488982041414697
GC_00001557	15	17	2	0	0.98532206969377	0.844336307397453	0.909397304260777	0.0175438596491228	1.0	0.759433049535604
GC_00001558	11	17	2	0	0.824692485437162	0.679162284235974	0.74488580080573	0.185263157894737	1.0	0.620015479876161
GC_00001559	17	17	1	0	0.868774081383329	0.962415790689036	0.913200654084478	0.511520737327189	1.0	0.822072377338032
GC_00001560	17	17	1	0	0.99380892311778	1.0	0.996894849445984	0.984198645598194	1.0	0.992647058823529
GC_00001561	13	17	2	0	0.981294162488639	0.701464873615577	0.818112838381652	0.0206185567010309	1.0	0.615322417626845
GC_00001562	15	17	2	0	0.837627855590007	0.996696504688832	0.910265135190869	0.449275362318841	1.0	0.762574595055413
GC_00001563	16	17	2	0	0.979032611074633	0.910131746436358	0.94332571604249	0.0469973890339426	1.0	0.856972815235755
GC_00001564	13	17	2	0	0.894381906567122	0.662591188497086	0.761232897756863	0.0225321888412017	1.0	0.498516788689725
GC_00001565	11	17	2	0	0.718607855936506	0.699406181386083	0.708877011377926	0.0752551020408163	1.0	0.6343787515006
GC_00001566	16	16	1	0	0.998871968415116	0.99831081081081	0.99859131077745	0.959459459459459	1.0	0.994932432432433
GC_00001567	16	16	1	0	0.995833333333333	1.0	0.997912317327766	0.966666666666667	1.0	0.995833333333333
GC_00001568	16	16	1	0	0.988235294117647	1.0	0.994082840236686	0.970588235294118	1.0	0.988235294117647
GC_00001569	16	16	1	0	0.953167087542088	1.0	0.97602206551778	0.882575757575758	1.0	0.936963383838384
GC_00001570	16	16	1	0	0.990692204301075	1.0	0.995324342116368	0.971774193548387	1.0	0.985786290322581
GC_00001571	16	16	1	0	0.97516081871345	1.0	0.987424223358821	0.905263157894737	1.0	0.965833333333333
GC_00001572	16	16	1	0	0.77748144197004	0.617467620510487	0.688296983562444	0.148936170212766	1.0	0.601241134751773
GC_00001573	15	16	2	0	0.995050773932762	0.907841705607477	0.949447855289667	0.00934579439252336	1.0	0.872689511941848
GC_00001574	15	16	2	0	0.989651979739666	0.913996404829739	0.950320824840024	0.0113960113960114	1.0	0.862060778727445
GC_00001575	12	16	2	0	0.940898119918699	0.692213698214424	0.797621522299008	0.0155038759689922	1.0	0.52489233419466
GC_00001576	16	16	1	0	0.977490421455939	0.722470216072223	0.830851844928205	0.0815450643776824	1.0	0.616988555078684
GC_00001577	16	16	1	0	0.989689265536723	1.0	0.994817917228651	0.949152542372881	1.0	0.977542372881356
GC_00001578	16	16	1	0	0.979586184424894	1.0	0.989687836914746	0.947214076246334	1.0	0.973313782991202
GC_00001579	15	16	2	0	0.951804235761754	0.758846807953951	0.844442949084468	0.142857142857143	1.0	0.682312925170068
GC_00001580	11	16	2	0	0.958429689894402	0.614763838061675	0.749059672826463	0.214154411764706	1.0	0.63828125
GC_00001581	15	16	2	0	0.953770481432277	0.871822496825819	0.910957231347867	0.187793427230047	1.0	0.799647887323944
GC_00001582	15	16	2	0	0.951143346428931	0.675550059696399	0.790001289782559	0.0696864111498258	1.0	0.696138211382114
GC_00001583	16	16	1	0	0.970053058676654	1.0	0.984798916358394	0.935393258426966	1.0	0.967228464419476
GC_00001584	15	16	2	0	0.876919207508774	0.68950317762453	0.771999411954049	0.150341685649203	1.0	0.680296127562642
GC_00001585	14	16	2	0	0.968356799401111	0.711923253029022	0.82057240604072	0.106508875739645	1.0	0.618491124260355
GC_00001586	15	16	2	0	0.978117089899567	0.617470669539855	0.75703590832365	0.00403225806451613	1.0	0.556888440860215
GC_00001587	15	16	2	0	0.936006006006006	0.994623655913977	0.964424958358191	0.510752688172043	1.0	0.912231182795699
GC_00001588	15	16	2	0	0.993505193233561	0.90020435069216	0.944556360559998	0.0324324324324324	1.0	0.858400900900901
GC_00001589	14	16	2	0	0.97144126984127	0.777765220012056	0.86388112249714	0.237341772151899	1.0	0.837447257383966
GC_00001590	15	16	2	0	0.959693248508162	0.995153069201665	0.977101548180912	0.651943462897526	1.0	0.950426972909305
GC_00001591	15	16	2	0	0.979939021695904	0.895446511533954	0.935789428835317	0.251121076233184	1.0	0.82432735426009
GC_00001592	16	16	1	0	0.989304305857207	0.997832817337458	0.993550260014814	0.959752321981424	1.0	0.98374613003096
GC_00001593	15	15	1	0	1.0	1.0	1.0	1.0	1.0	1.0
GC_00001594	15	15	1	0	0.995948601662887	1.0	0.99797018904508	0.980952380952381	1.0	0.995102040816326
GC_00001595	15	15	1	0	0.995986133917168	1.0	0.997989031078611	0.977011494252874	1.0	0.994088669950739
GC_00001596	15	15	1	0	0.999009083402147	1.0	0.999504296100463	0.996146435452794	1.0	0.999009083402147
GC_00001597	15	15	1	0	0.996378269617706	1.0	0.998185849627091	0.992957746478873	1.0	0.996378269617706
GC_00001598	15	15	1	0	0.994522253345783	1.0	0.997253604643905	0.986928104575163	1.0	0.992281356987239
GC_00001599	15	15	1	0	0.980359091359984	0.989788905252824	0.985051431121044	0.876288659793814	1.0	0.97093765341188
GC_00001600	15	15	1	0	0.995651755651756	1.0	0.997821140719602	0.981818181818182	1.0	0.994574314574315
GC_00001601	15	15	1	0	0.99500693481276	1.0	0.997497219132369	0.990291262135922	1.0	0.99500693481276
GC_00001602	15	15	1	0	0.995425244333541	1.0	0.997707378074198	0.982532751091703	1.0	0.99209814930339
GC_00001603	15	15	1	0	0.996506417559049	1.0	0.998250152160682	0.990430622009569	1.0	0.996081111870585
GC_00001604	15	15	1	0	0.99147592738753	1.0	0.99571972098922	0.966850828729282	1.0	0.989581689029203
GC_00001605	15	15	1	0	0.981731057202755	1.0	0.99078132084026	0.952830188679245	1.0	0.979335130278526
GC_00001606	13	15	2	0	0.976212813606513	0.81196434673799	0.886545267499736	0.0255220417633411	1.0	0.728869738150481
GC_00001607	15	15	1	0	0.955170865145143	0.717631203424767	0.819535592775049	0.329140461215933	1.0	0.87245682340022
GC_00001608	15	15	1	0	0.993671143671144	1.0	0.996825526442038	0.983974358974359	1.0	0.992857142857143
GC_00001609	15	15	1	0	0.965949306551889	0.717340521114106	0.823286124044982	0.0754716981132075	1.0	0.71266846361186
GC_00001610	15	15	1	0	0.987720458553792	1.0	0.993822299612923	0.951388888888889	1.0	0.984722222222222
GC_00001611	15	15	1	0	0.993681917211329	1.0	0.996830947437438	0.980392156862745	1.0	0.99281045751634
GC_00001612	15	15	1	0	0.981176789220665	0.997568389057751	0.989304696479717	0.963525835866261	1.0	0.977478651034882
GC_00001613	15	15	1	0	0.992451174017994	1.0	0.99621128684083	0.976958525345622	1.0	0.992451174017994
GC_00001614	15	15	1	0	0.994734804490902	1.0	0.997360453380949	0.983739837398374	1.0	0.993573364305072
GC_00001615	15	15	1	0	0.996541996541996	1.0	0.998268003646308	0.991809991809992	1.0	0.995054795054795
GC_00001616	15	15	1	0	0.994625977640228	0.878076834598576	0.932724641996721	0.162055335968379	1.0	0.787088274044796
GC_00001617	15	15	1	0	0.996432500392896	1.0	0.998213062747475	0.985148514851485	1.0	0.993729372937294
GC_00001618	15	15	1	0	0.905166599217591	0.712179868622162	0.797159350244829	0.218691588785047	1.0	0.633716065865599
GC_00001619	15	15	1	0	0.990551181102362	1.0	0.995253164556962	0.976377952755906	1.0	0.989201349831271
GC_00001620	15	15	1	0	0.969309462915601	0.958439909297051	0.963844042289871	0.862857142857143	1.0	0.942204081632653
GC_00001621	15	15	1	0	0.989547038327526	1.0	0.994746059544659	0.975609756097561	1.0	0.986527293844367
GC_00001622	13	15	2	0	0.794290365718937	0.840403564763948	0.816696559961741	0.209386281588448	1.0	0.637338834450748
GC_00001623	15	15	1	0	0.994301760153414	0.978422778680236	0.986298362356396	0.936708860759494	1.0	0.973799477596946
GC_00001624	14	15	2	0	0.966850893974822	0.703902190051969	0.814684669122141	0.0734966592427617	1.0	0.656061088132358
GC_00001625	15	15	1	0	0.819467101685699	0.991506439053609	0.897315051419551	0.556603773584906	1.0	0.764959568733154
GC_00001626	15	15	1	0	0.986638512928796	0.941706902916206	0.963649241130262	0.338870431893688	1.0	0.899129884511945
GC_00001627	14	14	1	0	0.995090819833088	1.0	0.99753937007874	0.969072164948454	1.0	0.994108983799705
GC_00001628	12	14	2	0	0.881641373676438	0.7629787659686	0.818029198474603	0.0747126436781609	1.0	0.646141215106732
GC_00001629	14	14	1	0	0.996900535362074	1.0	0.998447862283053	0.98868778280543	1.0	0.995574561185421
GC_00001630	12	14	3	0	0.965716503514597	0.887194904499257	0.924791932742619	0.135761589403974	1.0	0.814715086238265
GC_00001631	12	14	2	0	0.861138467598976	0.97909675918023	0.916337075350148	0.486842105263158	1.0	0.811114324272219
GC_00001632	14	14	1	0	0.987885947235541	0.964396579030724	0.975999954072779	0.672727272727273	1.0	0.944388944388944
GC_00001633	12	14	2	0	0.882137530627463	0.989546554528502	0.932760139358612	0.593525179856115	1.0	0.853308561941656
GC_00001634	12	14	2	0	0.892047273891654	0.990852523033286	0.938857493578821	0.614173228346457	1.0	0.857921605953102
GC_00001635	13	14	2	0	0.97598504457866	0.853252929562984	0.910501651800847	0.144876325088339	1.0	0.796606220634489
GC_00001636	14	14	1	0	0.923905819804424	0.797744420141143	0.856202607689017	0.561576354679803	1.0	0.788285606019596
GC_00001637	14	14	1	0	0.982725037519558	0.947026148218399	0.964545392087977	0.5	1.0	0.920915150423347
GC_00001638	13	14	2	0	0.952661328308997	0.82967350446164	0.886924104596592	0.0621468926553672	1.0	0.787111193890855
GC_00001639	14	14	1	0	0.981691297208539	0.888068250910418	0.932535816301124	0.725490196078431	1.0	0.884399913811678
GC_00001640	13	14	2	0	0.927226647356988	0.735978732152202	0.820607124949192	0.469387755102041	1.0	0.788293339313748
GC_00001641	14	14	1	0	0.99308031923926	0.955614630042411	0.973987316200564	0.637362637362637	1.0	0.943968119792296
GC_00001642	14	14	1	0	0.994866635711706	1.0	0.997426713046177	0.97887323943662	1.0	0.990326574833617
GC_00001643	14	14	1	0	0.978955007256894	1.0	0.989365603226989	0.933962264150943	1.0	0.973564171677379
GC_00001644	12	14	2	0	0.811203961621789	0.963933194028953	0.880998319758994	0.569767441860465	1.0	0.745591617684641
GC_00001645	12	14	2	0	0.940189903008356	0.977557816333323	0.958509796939288	0.757369614512472	1.0	0.906381600259151
GC_00001646	9	14	2	0	0.989159891598916	0.574320966438464	0.726705750166177	0.0355029585798817	1.0	0.501463034007413
GC_00001647	14	14	1	0	0.962685234779504	0.837352497126934	0.895655542104765	0.558441558441558	1.0	0.788354502640217
GC_00001648	6	14	3	0	0.9147971901201	0.60120623562484	0.725567984468154	0.13953488372093	1.0	0.51750575006389
GC_00001649	14	14	1	0	0.9897848630243	1.0	0.994866210329807	0.971830985915493	1.0	0.988959397410102
GC_00001650	14	14	1	0	0.985380690737834	1.0	0.992636520879664	0.964285714285714	1.0	0.981652276295134
GC_00001651	14	14	1	0	0.992283850272016	1.0	0.99612698274549	0.976331360946746	1.0	0.992002080759477
GC_00001652	14	14	1	0	0.908908966148216	0.995752789956159	0.950351038401023	0.637305699481865	1.0	0.8796902579286
GC_00001653	14	14	1	0	0.975509825732295	0.735161866332013	0.838451501170467	0.235474006116208	1.0	0.743623349127936
GC_00001654	14	14	1	0	0.97941006362059	1.0	0.989597942964002	0.926315789473684	1.0	0.971235781762097
GC_00001655	13	14	2	0	0.944013463038214	0.707126939314477	0.808577332174425	0.19755600814664	1.0	0.648687361518319
GC_00001656	14	14	1	0	0.908571283728122	0.993222987464011	0.949013148706965	0.735395189003436	1.0	0.878932064499075
GC_00001657	12	14	2	0	0.962271489692727	0.595157651337427	0.735446929387335	0.146067415730337	1.0	0.614149895048771
GC_00001658	14	14	1	0	0.943950910276557	0.990365812456792	0.966601486910935	0.794797687861272	1.0	0.921012513498062
GC_00001659	14	14	1	0	0.950000453798749	0.902444286720453	0.925611936658612	0.775555555555556	1.0	0.886398046398046
GC_00001660	10	14	3	0	0.895987710103018	0.988682182804534	0.940055431801967	0.731707317073171	1.0	0.860001786831055
GC_00001661	11	14	2	0	0.957591530135447	0.626542569863869	0.757476097725813	0.0162162162162162	1.0	0.627838827838828
GC_00001662	13	13	1	0	1.0	1.0	1.0	1.0	1.0	1.0
GC_00001663	13	13	1	0	1.0	1.0	1.0	1.0	1.0	1.0
GC_00001664	13	13	1	0	0.995841995841996	1.0	0.997916666666667	0.972972972972973	1.0	0.995841995841996
GC_00001665	12	13	2	0	0.979996435890582	0.989244647105472	0.984598825159836	0.77319587628866	1.0	0.960745440126883
GC_00001666	13	13	1	0	0.994139194139194	1.0	0.997060984570169	0.980952380952381	1.0	0.994139194139194
GC_00001667	13	13	1	0	0.995785036880927	1.0	0.997888067581837	0.990867579908676	1.0	0.995785036880927
GC_00001668	13	13	1	0	0.98005698005698	1.0	0.989928057553957	0.916666666666667	1.0	0.974358974358975
GC_00001669	13	13	1	0	0.992560296204021	1.0	0.996266259138982	0.979757085020243	1.0	0.991383784906052
GC_00001670	13	13	1	0	0.881751227495908	0.83895842719372	0.859822714401555	0.5	1.0	0.767898767898768
GC_00001671	13	13	1	0	0.992329149232915	0.886646686646687	0.936515877883453	0.803571428571429	1.0	0.912087912087912
GC_00001672	12	13	2	0	0.925332208394853	0.664579010732858	0.773573211203192	0.0452961672473868	1.0	0.609220048244439
GC_00001673	13	13	1	0	0.94766241146548	0.976801363193766	0.962011286007062	0.518987341772152	1.0	0.913988964621876
GC_00001674	13	13	1	0	0.978811841038118	0.904334088939847	0.940100180679145	0.803191489361702	1.0	0.909983633387889
GC_00001675	11	13	2	0	0.871905518964343	0.736144941201121	0.798294397956759	0.0786516853932584	1.0	0.711322385479689
GC_00001676	11	13	2	0	0.993379675604105	0.786500962805309	0.877917377641745	0.0507246376811594	1.0	0.710237829803047
GC_00001677	13	13	1	0	0.915741941682279	0.877613412228795	0.896272351609639	0.419047619047619	1.0	0.775824175824176
GC_00001678	13	13	1	0	0.992246384651448	1.0	0.996108104194197	0.974683544303797	1.0	0.99058747160013
GC_00001679	13	13	1	0	0.98728722258134	0.941967097230254	0.964094852231079	0.852631578947368	1.0	0.96417004048583
GC_00001680	13	13	1	0	0.987128972944576	0.913004715590921	0.948621049805658	0.627586206896552	1.0	0.891777188328912
GC_00001681	13	13	1	0	0.86416549378372	0.911918076977421	0.887399836645947	0.154302670623145	1.0	0.741801719546527
GC_00001682	13	13	1	0	0.966864868691159	0.971092359390973	0.968974003083363	0.889067524115756	1.0	0.944781103141232
GC_00001683	12	13	2	0	0.978846127685045	0.847599669210875	0.90850728277207	0.113065326633166	1.0	0.801604174719753
GC_00001684	13	13	1	0	0.988956894020185	1.0	0.994447790189412	0.974683544303797	1.0	0.986854917234664
GC_00001685	12	13	2	0	0.956250211269986	0.732669143754881	0.829660719349491	0.00824499411071849	1.0	0.613436622270545
GC_00001686	13	13	1	0	0.994058072825196	1.0	0.997020183486239	0.986301369863014	1.0	0.992887249736565
GC_00001687	11	13	2	0	0.985214042412033	0.80407313241521	0.885474564761446	0.0348993288590604	1.0	0.709938048528653
GC_00001688	13	13	1	0	0.952241741069469	0.947023937027319	0.949625671678569	0.641472868217054	1.0	0.895646988670244
GC_00001689	9	13	3	0	0.814849044978435	0.59933110367893	0.690667844435951	0.0	1.0	0.594871794871795
GC_00001690	13	13	1	0	0.98651327548666	1.0	0.993210856086508	0.965779467680608	1.0	0.983913424978064
GC_00001691	13	13	1	0	0.989288489288489	1.0	0.9946154060765	0.974025974025974	1.0	0.986679986679987
GC_00001692	12	13	2	0	0.842996238105776	0.68592369398821	0.756391595821165	0.267281105990783	1.0	0.673460947654496
GC_00001693	13	13	1	0	0.961928821521961	0.686942186942187	0.801505375432021	0.242424242424242	1.0	0.66990416990417
GC_00001694	12	13	2	0	0.967631899540812	0.697558038571622	0.810693596513248	0.068649885583524	1.0	0.5951710379628
GC_00001695	13	13	1	0	0.996201329534663	1.0	0.998097050428164	0.987480438184664	1.0	0.99341920468681
GC_00001696	10	13	2	0	0.870981968057702	0.814265755274535	0.841669483046308	0.0303430079155673	1.0	0.608915161355795
GC_00001697	13	13	1	0	0.923592931937173	0.92930402930403	0.926439679096875	0.741176470588235	1.0	0.847209653092006
GC_00001698	12	13	2	0	0.926504240139992	0.785261805489613	0.850055875642179	0.119402985074627	1.0	0.667240719479525
GC_00001699	12	12	1	0	1.0	1.0	1.0	1.0	1.0	1.0
GC_00001700	12	12	1	0	0.963307068093614	0.998711357459395	0.980689780581279	0.723514211886305	1.0	0.953136011275546
GC_00001701	5	12	8	0	0.999143306835614	1.0	0.999571469858386	0.994082840236686	1.0	0.998744844898691
GC_00001702	12	12	1	0	0.997289972899729	1.0	0.998643147896879	0.985365853658537	1.0	0.996747967479675
GC_00001703	12	12	1	0	0.996804782519068	1.0	0.998399834821659	0.986394557823129	1.0	0.996804782519068
GC_00001704	12	12	1	0	0.997748917748918	1.0	0.998873190604143	0.991428571428571	1.0	0.996969696969697
GC_00001705	11	12	2	0	0.986319389634307	0.873738694706436	0.926622048330463	0.0591397849462366	1.0	0.813864450961225
GC_00001706	12	12	1	0	0.988576091391269	0.719301221166893	0.83271085636594	0.441176470588235	1.0	0.882352941176471
GC_00001707	12	12	1	0	0.978986866791745	0.92866865958469	0.953164141810688	0.877862595419847	1.0	0.954314133703447
GC_00001708	12	12	1	0	0.995218263149776	0.955090597580604	0.974741616380582	0.941747572815534	1.0	0.975581053250956
GC_00001709	12	12	1	0	0.989812126175763	1.0	0.994879982039401	0.968058968058968	1.0	0.983359392450302
GC_00001710	11	12	2	0	0.973263574734799	0.87710760632755	0.922687180926939	0.0478260869565217	1.0	0.811133069828722
GC_00001711	12	12	1	0	0.977030087350372	0.99645390070922	0.986646405586291	0.936170212765957	1.0	0.973565441650548
GC_00001712	12	12	1	0	0.998667383368049	1.0	0.999333247421236	0.995565410199557	1.0	0.997816300477054
GC_00001713	12	12	1	0	0.982571617817519	1.0	0.991209204234616	0.954918032786885	1.0	0.977272727272727
GC_00001714	12	12	1	0	0.925625458908648	0.996519970018204	0.959765312944835	0.798586572438163	1.0	0.903041010814862
GC_00001715	10	12	2	0	0.829350576328367	0.963690476190475	0.89148795640565	0.303571428571429	1.0	0.76271645021645
GC_00001716	7	12	2	0	0.669960595985716	0.665610791848416	0.667778610508345	0.0247524752475248	1.0	0.542679267926793
GC_00001717	12	12	1	0	0.925004320027648	0.918312590187591	0.921646308729532	0.765625	1.0	0.880918560606061
GC_00001718	12	12	1	0	0.946147441719649	0.921630094043888	0.933727854623753	0.589041095890411	1.0	0.876089663760896
GC_00001719	12	12	1	0	0.983547176398708	0.859369355581479	0.917274644291734	0.282828282828283	1.0	0.775022956841139
GC_00001720	12	12	1	0	0.995635159542444	1.0	0.997812806395656	0.983443708609272	1.0	0.992725265904074
GC_00001721	6	12	3	0	0.934040282779779	0.584785114196879	0.719256939628661	0.157657657657658	1.0	0.510988260988261
GC_00001722	11	12	2	0	0.832773673606447	0.81065510774171	0.821565546087241	0.21195652173913	1.0	0.655797101449275
GC_00001723	8	12	4	0	0.740154332093879	0.722297857577502	0.731117081466089	0.0233532934131737	1.0	0.684331337325349
GC_00001724	9	12	2	0	0.828722002635046	0.666197143420568	0.738624871187115	0.0541125541125541	1.0	0.605076741440378
GC_00001725	4	12	5	0	0.377743537065571	0.760528573493077	0.504773420565866	0.0951724137931034	0.995402298850575	0.681205154998258
GC_00001726	11	11	1	0	0.997395154988278	1.0	0.998695878977569	0.98567335243553	1.0	0.997395154988278
GC_00001727	11	11	1	0	0.994227994227994	1.0	0.997105643994211	0.968253968253968	1.0	0.994227994227994
GC_00001728	11	11	1	0	0.998972778633796	1.0	0.999486125385406	0.991525423728814	1.0	0.998459167950693
GC_00001729	11	11	1	0	0.922905830224697	0.997275347131251	0.958650405556158	0.755043227665706	1.0	0.892166623002358
GC_00001730	11	11	1	0	0.996320346320346	1.0	0.998156781958148	0.979166666666667	1.0	0.993939393939394
GC_00001731	11	11	1	0	0.970415400202634	0.999532601075022	0.984758814403939	0.796915167095116	1.0	0.960925449871465
GC_00001732	11	11	1	0	0.998644833427442	1.0	0.999321957283309	0.984472049689441	1.0	0.995934500282327
GC_00001733	11	11	1	0	0.993610223642173	0.91909681227863	0.954902106853326	0.892857142857143	1.0	0.95974025974026
GC_00001734	11	11	1	0	0.990743801652893	1.0	0.995350381932913	0.981818181818182	1.0	0.990743801652893
GC_00001735	11	11	1	0	0.926329966329966	1.0	0.961756274907362	0.777777777777778	1.0	0.903164983164983
GC_00001736	11	11	1	0	0.991077441077441	0.711721412021261	0.828484273996828	0.353448275862069	1.0	0.759561128526646
GC_00001737	11	11	1	0	0.962461191081005	0.8211949920583	0.886233925167247	0.1	1.0	0.742727272727272
GC_00001738	9	11	2	0	0.989574129704895	0.616116868033245	0.759415496928549	0.0528455284552846	1.0	0.590465631929047
GC_00001739	11	11	1	0	0.993939393939394	1.0	0.996960486322188	0.979166666666667	1.0	0.991919191919192
GC_00001740	11	11	1	0	0.990032057097925	1.0	0.994991064155715	0.968063872255489	1.0	0.987225548902195
GC_00001741	11	11	1	0	0.910811341758889	0.94965594039417	0.929828123909523	0.706484641638225	1.0	0.867328575860999
GC_00001742	11	11	1	0	0.750450530296316	0.784829859335907	0.767255268950714	0.327464788732394	1.0	0.567285531370038
GC_00001743	11	11	1	0	0.920597277119016	1.0	0.958657276136468	0.753623188405797	1.0	0.891084760649978
GC_00001744	11	11	1	0	0.993218794741637	0.983194538042394	0.988181245160357	0.894514767932489	1.0	0.974798619102417
GC_00001745	11	11	1	0	0.800141843971631	0.95068870523416	0.868942815732938	0.466666666666667	1.0	0.69979797979798
GC_00001746	10	11	2	0	0.99498817585725	0.758853285934761	0.861024286589765	0.191279887482419	1.0	0.692954865106764
GC_00001747	11	11	1	0	0.996301545522036	1.0	0.998147346784227	0.984409799554566	1.0	0.99473577647297
GC_00001748	10	11	2	0	0.918347068794202	0.606596995706324	0.730605909966581	0.00966183574879227	1.0	0.574615722441809
GC_00001749	11	11	1	0	0.998259518259518	1.0	0.999129001150963	0.994871794871795	1.0	0.997389277389277
GC_00001750	11	11	1	0	0.919355416935542	0.99445112236367	0.955429932387467	0.752941176470588	1.0	0.890748663101604
GC_00001751	11	11	1	0	0.844559585492228	0.722585420007401	0.778825750855922	0.343283582089552	1.0	0.799728629579376
GC_00001752	11	11	1	0	0.830962003358615	0.992221584146882	0.904460133349973	0.583081570996979	1.0	0.787201318319143
GC_00001753	11	11	1	0	0.995069337442219	1.0	0.997528575841829	0.983050847457627	1.0	0.993528505392912
GC_00001754	11	11	1	0	0.919190056997127	0.979208850850643	0.948250692417349	0.69727047146402	1.0	0.86645612452064
GC_00001755	11	11	1	0	0.98210624417521	0.722720397188991	0.832680810647262	0.559748427672956	1.0	0.792109777015437
GC_00001756	11	11	1	0	0.995701508476839	1.0	0.997846125031773	0.984581497797357	1.0	0.993191830196235
GC_00001757	10	11	2	0	0.933540097474524	0.684438036190614	0.789813332734318	0.0461538461538462	1.0	0.533240093240093
GC_00001758	10	11	2	0	0.904390660150493	0.805276292335116	0.851960502096243	0.336585365853659	1.0	0.736319290465632
GC_00001759	9	11	3	0	0.865837069877576	0.748540368557867	0.802927474042671	0.113013698630137	1.0	0.575996264009963
GC_00001760	8	11	3	0	0.934534534534535	0.63574097135741	0.756710386836937	0.22972972972973	1.0	0.60958230958231
GC_00001761	10	11	2	0	0.919787516600266	0.978285155704512	0.948134902337261	0.717857142857143	0.996428571428571	0.899480519480519
GC_00001762	10	10	1	0	0.999529411764706	1.0	0.999764650506001	0.997647058823529	1.0	0.999529411764706
GC_00001763	10	10	1	0	0.998639455782313	1.0	0.99931926480599	0.993197278911565	1.0	0.998639455782313
GC_00001764	9	10	2	0	0.993928354584092	0.849600325159192	0.916114690829953	0.0	1.0	0.794171220400729
GC_00001765	9	10	2	0	0.999264946096047	0.851675631904681	0.91958608992818	0.0205882352941176	1.0	0.799934640522876
GC_00001766	10	10	1	0	0.94270905641168	0.803046665958291	0.867291288259229	0.454968944099379	1.0	0.89071773636991
GC_00001767	10	10	1	0	0.997013142174432	1.0	0.998504337421478	0.987903225806452	1.0	0.995519713261648
GC_00001768	10	10	1	0	0.999564270152505	1.0	0.999782087600784	0.993464052287582	1.0	0.998692810457516
GC_00001769	10	10	1	0	0.995143256464011	1.0	0.99756571688762	0.981132075471698	1.0	0.994025157232705
GC_00001770	10	10	1	0	0.993578402463797	0.983117213323164	0.988320126221765	0.939130434782609	1.0	0.981062801932367
GC_00001771	10	10	1	0	0.974728222504588	0.996226719342096	0.985360221828383	0.936708860759494	1.0	0.970182841068917
GC_00001772	10	10	1	0	0.964125721248611	0.692435484759781	0.806000839257579	0.372246696035242	1.0	0.805824767498776
GC_00001773	10	10	1	0	0.899801262311909	0.848966687851482	0.873645125207322	0.342995169082126	1.0	0.760923242082662
GC_00001774	10	10	1	0	0.879205551567361	0.956698957987203	0.916316759029192	0.746913580246914	1.0	0.832373113854595
GC_00001775	9	10	2	0	0.981907194550873	0.853952254641913	0.913470650495076	0.0	1.0	0.777692635163899
GC_00001776	10	10	1	0	0.844650876430537	0.919834940125666	0.880641126223331	0.45413870246085	1.0	0.794630872483221
GC_00001777	10	10	1	0	0.958735566912739	0.999148936170215	0.978525158395234	0.897872340425532	1.0	0.947517730496454
GC_00001778	6	10	2	0	0.806278397356464	0.95320796460177	0.873608351463625	0.566371681415929	1.0	0.741002949852507
GC_00001779	10	10	1	0	0.962878787878788	1.0	0.981088382863759	0.920454545454545	1.0	0.956313131313132
GC_00001780	10	10	1	0	0.996646368369959	0.887064279551335	0.938667935758774	0.20655737704918	1.0	0.823023679417122
GC_00001781	10	10	1	0	0.980900243309002	0.802293627610084	0.88265222011152	0.481012658227848	1.0	0.778902953586498
GC_00001782	9	9	1	0	1.0	1.0	1.0	1.0	1.0	1.0
GC_00001783	9	9	1	0	1.0	1.0	1.0	1.0	1.0	1.0
GC_00001784	9	9	1	0	1.0	1.0	1.0	1.0	1.0	1.0
GC_00001785	9	9	1	0	1.0	1.0	1.0	1.0	1.0	1.0
GC_00001786	9	9	1	0	1.0	1.0	1.0	1.0	1.0	1.0
GC_00001787	9	9	1	0	1.0	1.0	1.0	1.0	1.0	1.0
GC_00001788	9	9	1	0	1.0	1.0	1.0	1.0	1.0	1.0
GC_00001789	9	9	1	0	0.993366500829187	1.0	0.996672212978369	0.970149253731343	1.0	0.993366500829187
GC_00001790	9	9	1	0	1.0	0.914688928642418	0.955443900008305	0.907692307692308	1.0	0.97948717948718
GC_00001791	9	9	1	0	0.995614035087719	0.975615887380593	0.985513520527733	0.865384615384615	1.0	0.97008547008547
GC_00001792	9	9	1	0	0.995505617977528	0.942589904854055	0.968325384045229	0.679245283018868	1.0	0.928721174004193
GC_00001793	9	9	1	0	0.995884773662551	1.0	0.997938144329897	0.981481481481482	1.0	0.995884773662551
GC_00001794	9	9	1	0	0.998456790123457	1.0	0.999227799227799	0.989583333333333	1.0	0.997685185185185
GC_00001795	9	9	1	0	0.996825396825397	1.0	0.998410174880763	0.985714285714286	1.0	0.996825396825397
GC_00001796	9	9	1	0	0.992521367521368	1.0	0.996246648793566	0.980769230769231	1.0	0.992521367521368
GC_00001797	9	9	1	0	0.99212962962963	1.0	0.996049267952591	0.95625	1.0	0.990277777777778
GC_00001798	9	9	1	0	0.989635854341737	0.946376811594204	0.967523034275674	0.9	1.0	0.965873015873016
GC_00001799	9	9	1	0	0.996732026143791	1.0	0.998363338788871	0.993464052287582	1.0	0.996732026143791
GC_00001800	9	9	1	0	0.969554300062775	1.0	0.984541832669323	0.906779661016949	1.0	0.965160075329567
GC_00001801	9	9	1	0	1.0	0.936004179318901	0.966944378857894	0.927710843373494	1.0	0.965194109772423
GC_00001802	9	9	1	0	0.998152884342143	1.0	0.999075588423523	0.994884910485934	1.0	0.998152884342143
GC_00001803	9	9	1	0	0.978897502153316	1.0	0.989336235038085	0.906976744186046	1.0	0.975452196382429
GC_00001804	9	9	1	0	0.985528574932548	1.0	0.992711550339716	0.947019867549669	1.0	0.978660779985283
GC_00001805	9	9	1	0	0.997435897435897	1.0	0.998716302952503	0.984615384615385	1.0	0.992307692307692
GC_00001806	9	9	1	0	0.99782626870663	0.995514615739336	0.996669101825191	0.986516853932584	1.0	0.996504369538077
GC_00001807	9	9	1	0	0.988743645606391	1.0	0.994339967135293	0.950980392156863	1.0	0.985838779956427
GC_00001808	9	9	1	0	0.996521383261715	1.0	0.998257661166342	0.986187845303867	1.0	0.995395948434623
GC_00001809	7	9	2	0	0.990812517944301	0.887971304637971	0.936577240697533	0.486486486486487	1.0	0.863363363363364
GC_00001810	9	9	1	0	0.996164803857112	1.0	0.998078717681287	0.988165680473373	1.0	0.995397764628534
GC_00001811	9	9	1	0	0.996537187594098	1.0	0.998265590830254	0.983739837398374	1.0	0.993224932249323
GC_00001812	9	9	1	0	0.996001683501683	1.0	0.997996837111228	0.988636363636364	1.0	0.993686868686869
GC_00001813	9	9	1	0	1.0	0.960353307236776	0.979775741129486	0.951219512195122	1.0	0.97289972899729
GC_00001814	9	9	1	0	0.982681755829904	1.0	0.991265242584105	0.962962962962963	1.0	0.977880658436214
GC_00001815	9	9	1	0	0.986493136493137	1.0	0.993200649295618	0.969230769230769	1.0	0.983411033411034
GC_00001816	9	9	1	0	0.897012578616352	0.953809783597018	0.924539697554434	0.761702127659574	1.0	0.85709219858156
GC_00001817	9	9	1	0	0.921580895771417	0.971069441325446	0.945678161519967	0.841530054644809	1.0	0.896782027929569
GC_00001818	9	9	1	0	0.996609735815263	1.0	0.998301989555634	0.993091537132988	1.0	0.995970063327576
GC_00001819	9	9	1	0	0.975079127103115	0.985696768548661	0.980359200453454	0.925531914893617	1.0	0.951733648542159
GC_00001820	9	9	1	0	0.984618830732472	0.997393506106641	0.990965000075676	0.954423592493298	1.0	0.979445933869526
GC_00001821	9	9	1	0	0.991378551948623	1.0	0.995670613182541	0.969121140142518	1.0	0.987067827922935
GC_00001822	9	9	1	0	0.986416883176079	0.976990560097442	0.981681093738744	0.927884615384615	1.0	0.971153846153846
GC_00001823	9	9	1	0	0.985249318582652	1.0	0.992569859473429	0.95959595959596	1.0	0.980118646785314
GC_00001824	9	9	1	0	0.945652173913043	0.992940947703773	0.968719795085448	0.707006369426752	1.0	0.927813163481953
GC_00001825	9	9	1	0	0.999105461393597	1.0	0.999552530557453	0.996610169491525	1.0	0.997316384180791
GC_00001826	9	9	1	0	0.860872675250358	0.877024482109228	0.868873522206025	0.466666666666667	1.0	0.817592592592593
GC_00001827	9	9	1	0	0.982817017761256	0.975146198830409	0.978966582103672	0.921739130434783	1.0	0.957971014492754
GC_00001828	5	9	3	0	0.948099415204678	0.68408529741863	0.794739548062913	0.36	1.0	0.623333333333333
GC_00001829	9	9	1	0	0.898512685914261	1.0	0.946543778801843	0.771653543307087	1.0	0.861767279090114
GC_00001830	9	9	1	0	0.992514482848402	1.0	0.996243180556009	0.978910369068541	1.0	0.9900410076157
GC_00001831	9	9	1	0	0.997040236781057	0.9618279307076	0.979117598306567	0.939834024896266	1.0	0.965652374366067
GC_00001832	9	9	1	0	0.911279912620395	0.997326203208552	0.952363431906107	0.786096256684492	1.0	0.888591800356506
GC_00001833	9	9	1	0	0.971643518518518	0.76488739579445	0.855956982273731	0.305263157894737	1.0	0.703508771929825
GC_00001834	9	9	1	0	0.925380260555214	0.990947473880064	0.957042175091096	0.781021897810219	1.0	0.879967558799675
GC_00001835	9	9	1	0	0.91167552667848	0.98802974072892	0.948318194097914	0.5	1.0	0.883403361344538
GC_00001836	9	9	1	0	0.971736442324678	0.927560420224604	0.949134683011516	0.763157894736842	1.0	0.891812865497076
GC_00001837	8	9	2	0	0.991776315789474	0.734011135318325	0.843643704868944	0.227941176470588	1.0	0.819852941176471
GC_00001838	9	9	1	0	0.932895139101192	0.990359815302867	0.960768987534968	0.604904632152589	1.0	0.907508325764456
GC_00001839	9	9	1	0	0.9985770188545	0.990253014387449	0.994397597070483	0.980978260869565	1.0	0.990338164251207
GC_00001840	9	9	1	0	0.975799401886358	0.991411825911653	0.983543661277828	0.940886699507389	1.0	0.961138478379858
GC_00001841	8	9	2	0	0.972882231404959	0.811174374854325	0.884699659302294	0.00704225352112676	1.0	0.734937402190923
GC_00001842	9	9	1	0	0.947550776583035	0.981796262808922	0.964369594766221	0.819620253164557	1.0	0.919127988748242
GC_00001843	9	9	1	0	0.870743132042031	0.975611296915643	0.920199093964303	0.51	1.0	0.831481481481482
GC_00001844	6	9	2	0	0.966042780748663	0.676560433382402	0.7957933075822	0.0267175572519084	1.0	0.486535199321459
GC_00001845	9	9	1	0	0.970450650734102	0.785215229384437	0.86806110314225	0.229166666666667	1.0	0.739776234567901
GC_00001846	9	9	1	0	0.663817663817664	0.931306306306307	0.775134206657133	0.383928571428571	1.0	0.589285714285714
GC_00001847	5	9	3	0	0.988740109555691	0.636042310310518	0.774110472749035	0.147492625368732	0.994100294985251	0.515978367748279
GC_00001848	9	9	1	0	0.992424242424242	1.0	0.996197718631179	0.986225895316804	1.0	0.991812059993878
GC_00001849	9	9	1	0	0.906441717791411	0.939153439153437	0.922507683716675	0.461206896551724	1.0	0.855842911877395
GC_00001850	5	9	3	0	0.591780821917808	0.666365981420817	0.626862631827778	0.0336134453781513	1.0	0.526610644257703
GC_00001851	9	9	1	0	0.959611610370829	0.993322731780722	0.976176214108564	0.894736842105263	1.0	0.940751000307787
GC_00001852	9	9	1	0	0.80510752688172	0.573614710601012	0.669926847452823	0.162162162162162	1.0	0.53003003003003
GC_00001853	9	9	1	0	0.969541910331384	1.0	0.984535444760609	0.93859649122807	1.0	0.965155945419103
GC_00001854	9	9	1	0	0.957215836526181	1.0	0.978140293637847	0.896551724137931	1.0	0.946360153256705
GC_00001855	9	9	1	0	0.969954648526077	0.993687005854308	0.981677413858361	0.922053231939164	0.998098859315589	0.959231094212083
GC_00001856	8	8	1	0	1.0	1.0	1.0	1.0	1.0	1.0
GC_00001857	8	8	1	0	1.0	1.0	1.0	1.0	1.0	1.0
GC_00001858	8	8	1	0	1.0	1.0	1.0	1.0	1.0	1.0
GC_00001859	8	8	1	0	0.947010597880424	0.929957892075347	0.93840678103088	0.431718061674009	1.0	0.857929515418502
GC_00001860	8	8	1	0	0.997254901960784	0.883145446507516	0.936737888175108	0.245210727969349	1.0	0.811302681992337
GC_00001861	8	8	1	0	0.995901639344262	1.0	0.997946611909651	0.983606557377049	1.0	0.995901639344262
GC_00001862	8	8	1	0	0.975439725439725	1.0	0.987567186057875	0.882882882882883	1.0	0.966859716859717
GC_00001863	8	8	1	0	0.979572510822511	0.967673992673992	0.973586899202779	0.89010989010989	1.0	0.970172684458399
GC_00001864	8	8	1	0	0.997709391494871	0.964915973245769	0.981038710500859	0.951612903225806	1.0	0.974366359447005
GC_00001865	8	8	1	0	0.997242399784773	1.0	0.998619296177808	0.985875706214689	1.0	0.995964487489911
GC_00001866	8	8	1	0	0.995232209076461	0.886295583807291	0.937610292128956	0.297959183673469	1.0	0.820991253644315
GC_00001867	8	8	1	0	0.995287698412698	1.0	0.99763828464885	0.986111111111111	1.0	0.995287698412699
GC_00001868	8	8	1	0	0.994756970145571	0.786654552516228	0.878550620401288	0.702602230483271	1.0	0.924986723313861
GC_00001869	8	8	1	0	0.995179921881493	1.0	0.99758413862046	0.987783595113438	1.0	0.994889055098479
GC_00001870	4	8	2	0	0.948051948051948	1.0	0.973333333333333	0.909090909090909	1.0	0.948051948051948
GC_00001871	8	8	1	0	0.834285714285714	0.919998551354482	0.875048204663108	0.355932203389831	1.0	0.710653753026634
GC_00001872	8	8	1	0	0.995802808302808	1.0	0.997896990784996	0.987179487179487	1.0	0.994734432234432
GC_00001873	8	8	1	0	0.99703164001889	0.956163023249357	0.976169764462232	0.814748201438849	1.0	0.949961459403905
GC_00001874	8	8	1	0	0.993882091212458	0.847307075696521	0.914760246722657	0.615873015873016	1.0	0.839002267573696
GC_00001875	8	8	1	0	0.855866954111487	0.849995403566832	0.852921073948328	0.195945945945946	1.0	0.665299227799228
GC_00001876	8	8	1	0	0.859442586399108	0.974709900804791	0.9134542563727	0.558394160583942	1.0	0.808654848800834
GC_00001877	8	8	1	0	0.995642701525055	0.706666386801561	0.826626886100558	0.385542168674699	1.0	0.648881239242685
GC_00001878	7	8	2	0	0.997742075553626	0.817494895848624	0.898669503749058	0.00182481751824818	1.0	0.748501042752868
GC_00001879	8	8	1	0	0.997959183673469	1.0	0.998978549540347	0.996428571428571	1.0	0.997959183673469
GC_00001880	8	8	1	0	0.9995670995671	1.0	0.999783502922711	0.997727272727273	1.0	0.998701298701299
GC_00001881	8	8	1	0	0.979535615899252	1.0	0.989662027833002	0.942148760330578	1.0	0.973435655253837
GC_00001882	8	8	1	0	0.884792004321988	0.711286594186689	0.7886086460978	0.145161290322581	1.0	0.751728110599079
GC_00001883	5	8	2	0	0.827037773359841	0.593131342371463	0.690821986298762	0.142857142857143	1.0	0.443499622071051
GC_00001884	8	8	1	0	0.950370521449453	0.983890823516608	0.966840222939178	0.882022471910112	1.0	0.931380417335473
GC_00001885	8	8	1	0	0.994675634019896	0.704449819382704	0.82477614507687	0.466442953020134	1.0	0.828619367209971
GC_00001886	5	8	2	0	0.842603102534998	0.983454648821956	0.907596638369256	0.608333333333333	1.0	0.789806547619048
GC_00001887	8	8	1	0	0.996386054421769	0.994144294418205	0.995263912071006	0.970414201183432	1.0	0.989644970414201
GC_00001888	8	8	1	0	0.967047989063961	0.852186564280885	0.905991260752997	0.524509803921569	1.0	0.794117647058823
GC_00001889	8	8	1	0	0.888996763754045	0.91372905643739	0.901193254151779	0.666666666666667	1.0	0.798059964726631
GC_00001890	7	8	2	0	0.932864949258392	0.763031275060144	0.839444208300626	0.471264367816092	1.0	0.755336617405583
GC_00001891	7	8	2	0	0.958837772397094	0.911241610738255	0.93443399679742	0.486666666666667	1.0	0.838571428571429
GC_00001892	7	8	2	0	0.998660355452353	0.798917413566504	0.887691383327327	0.0696428571428571	1.0	0.726913265306123
GC_00001893	4	8	3	0	0.892401215805471	0.601566111881647	0.718674792522614	0.103559870550162	1.0	0.447757743874249
GC_00001894	6	8	2	0	0.837659273242095	0.627038340480012	0.717205347589334	0.0928853754940712	1.0	0.537972896668549
GC_00001895	8	8	1	0	0.920323073564724	0.982748332748332	0.950511854820829	0.792792792792793	1.0	0.907335907335907
GC_00001896	7	8	2	0	0.897569444444444	0.675029056513518	0.770553265655049	0.101083032490975	1.0	0.596183599793708
GC_00001897	8	8	1	0	0.852020469384154	0.905445378151262	0.877920896358818	0.544	1.0	0.77352380952381
GC_00001898	7	7	1	0	1.0	1.0	1.0	1.0	1.0	1.0
GC_00001899	7	7	1	0	1.0	1.0	1.0	1.0	1.0	1.0
GC_00001900	7	7	1	0	0.961099932930919	0.735586876891225	0.83335650864066	0.2	1.0	0.771428571428571
GC_00001901	7	7	1	0	0.998592540464462	1.0	0.999295774647887	0.995073891625616	1.0	0.998592540464462
GC_00001902	7	7	1	0	1.0	0.902159685863875	0.948563564424566	0.5625	1.0	0.875
GC_00001903	7	7	1	0	0.976657329598506	1.0	0.988190836088805	0.941176470588235	1.0	0.971988795518207
GC_00001904	7	7	1	0	1.0	0.932142857142857	0.964879852125693	0.785714285714286	1.0	0.938775510204082
GC_00001905	7	7	1	0	0.993946731234867	1.0	0.996964177292046	0.983050847457627	1.0	0.991525423728814
GC_00001906	7	7	1	0	0.99301342158485	1.0	0.99649446494465	0.984555984555985	1.0	0.990071704357419
GC_00001907	7	7	1	0	0.997566909975669	1.0	0.998781973203411	0.994525547445255	1.0	0.996871741397289
GC_00001908	7	7	1	0	0.999194847020934	1.0	0.999597261377366	0.996376811594203	1.0	0.998619737750173
GC_00001909	7	7	1	0	0.981390257252326	1.0	0.99060773480663	0.942528735632184	1.0	0.974822112753147
GC_00001910	7	7	1	0	1.0	0.875824175824176	0.933801991798477	0.807692307692308	1.0	0.89010989010989
GC_00001911	7	7	1	0	0.844981493577183	0.805592515319712	0.824817018976785	0.471204188481675	1.0	0.739217152829718
GC_00001912	7	7	1	0	0.943122592340811	0.63019042742545	0.755535385666805	0.188940092165899	1.0	0.574061882817643
GC_00001913	7	7	1	0	0.993944398568676	0.967287498767005	0.980434789492324	0.949720670391061	1.0	0.984570364458633
GC_00001914	7	7	1	0	0.997686524002314	1.0	0.998841922408801	0.995951417004049	1.0	0.997686524002313
GC_00001915	7	7	1	0	0.998525073746313	1.0	0.999261992619926	0.995575221238938	1.0	0.998103666245259
GC_00001916	7	7	1	0	0.931517020790496	0.97056230564084	0.95063890856578	0.647469458987784	1.0	0.889636832045209
GC_00001917	7	7	1	0	0.848853615520282	0.677814351547071	0.753752846557084	0.303225806451613	1.0	0.568970814132104
GC_00001918	7	7	1	0	0.992337164750958	1.0	0.996153846153846	0.977011494252874	1.0	0.986863711001642
GC_00001919	7	7	1	0	0.994047619047619	1.0	0.997014925373134	0.986111111111111	1.0	0.992283950617284
GC_00001920	7	7	1	0	0.997031539888683	1.0	0.998513563730955	0.994805194805195	1.0	0.997031539888683
GC_00001921	7	7	1	0	0.997239475500345	1.0	0.998617829993089	0.995169082125604	1.0	0.997239475500345
GC_00001922	7	7	1	0	0.994397759103641	1.0	0.997191011235955	0.986425339366516	1.0	0.990950226244344
GC_00001923	7	7	1	0	0.998926237161531	1.0	0.999462830184273	0.997058823529412	1.0	0.998459383753501
GC_00001924	7	7	1	0	0.9918430335097	1.0	0.995904814609851	0.975694444444444	1.0	0.986772486772487
GC_00001925	7	7	1	0	0.999409681227863	1.0	0.999704753469147	0.995867768595041	1.0	0.998229043683589
GC_00001926	7	7	1	0	0.964473190851144	0.869105907478971	0.914309449248432	0.731645569620253	1.0	0.838215792646172
GC_00001927	7	7	1	0	0.976518431063886	0.910621495696122	0.942419437648105	0.62962962962963	1.0	0.87336860670194
GC_00001928	7	7	1	0	0.938866577420794	0.942907268170425	0.940882584553325	0.631578947368421	1.0	0.87468671679198
GC_00001929	7	7	1	0	0.999050332383666	0.690178643415762	0.816376243821306	0.512658227848101	1.0	0.725135623869801
GC_00001930	6	7	2	0	0.965339444285305	0.967569116589925	0.966452994438192	0.848837209302326	1.0	0.92109634551495
GC_00001931	7	7	1	0	0.984454262804778	1.0	0.992166240620104	0.969072164948454	1.0	0.982817869415807
GC_00001932	5	7	2	0	0.915243976268313	0.79897253130923	0.853165038665969	0.49438202247191	1.0	0.693418940609952
GC_00001933	6	7	2	0	0.949210604706583	0.642010037400504	0.765956297577513	0.0213414634146341	1.0	0.507113821138211
GC_00001934	6	7	2	0	0.669029615626969	0.684846859440101	0.676845841659003	0.0478723404255319	1.0	0.438449848024316
GC_00001935	7	7	1	0	0.967207621236057	0.857168052406144	0.908869247650237	0.317733990147783	1.0	0.794159042927516
GC_00001936	6	7	2	0	0.990940766550523	0.781912850605763	0.874104113342229	0.0412371134020619	1.0	0.700049091801669
GC_00001937	7	7	1	0	0.983354140657511	0.729308276689324	0.83748940413983	0.40650406504065	0.991869918699187	0.740611691831204
GC_00001938	6	6	1	0	1.0	1.0	1.0	1.0	1.0	1.0
GC_00001939	6	6	1	0	1.0	1.0	1.0	1.0	1.0	1.0
GC_00001940	6	6	1	0	1.0	1.0	1.0	1.0	1.0	1.0
GC_00001941	6	6	1	0	1.0	1.0	1.0	1.0	1.0	1.0
GC_00001942	6	6	1	0	1.0	1.0	1.0	1.0	1.0	1.0
GC_00001943	6	6	1	0	1.0	1.0	1.0	1.0	1.0	1.0
GC_00001944	6	6	1	0	1.0	1.0	1.0	1.0	1.0	1.0
GC_00001945	6	6	1	0	1.0	1.0	1.0	1.0	1.0	1.0
GC_00001946	6	6	1	0	1.0	1.0	1.0	1.0	1.0	1.0
GC_00001947	6	6	1	0	1.0	1.0	1.0	1.0	1.0	1.0
GC_00001948	6	6	1	0	1.0	1.0	1.0	1.0	1.0	1.0
GC_00001949	6	6	1	0	1.0	1.0	1.0	1.0	1.0	1.0
GC_00001950	6	6	1	0	1.0	1.0	1.0	1.0	1.0	1.0
GC_00001951	6	6	1	0	1.0	0.989247311827957	0.994594594594595	0.967741935483871	1.0	0.989247311827957
GC_00001952	6	6	1	0	0.998805256869773	1.0	0.999402271368799	0.996415770609319	1.0	0.998805256869773
GC_00001953	6	6	1	0	1.0	0.69808201058201	0.8222005842259	0.5	1.0	0.833333333333333
GC_00001954	6	6	1	0	0.998505231689088	1.0	0.99925205684368	0.995515695067265	1.0	0.998505231689088
GC_00001955	6	6	1	0	0.998366013071895	1.0	0.999182338511856	0.995098039215686	1.0	0.998366013071896
GC_00001956	3	6	4	0	0.798780487804878	0.653237608739077	0.718714810790647	0.0346399270738377	0.954421148587056	0.47894257064722
GC_00001957	6	6	1	0	0.964285714285714	0.973108747044918	0.968677140304622	0.8125	1.0	0.9375
GC_00001958	6	6	1	0	0.815138282387191	0.985033656788181	0.892068835886536	0.57258064516129	1.0	0.772043010752688
GC_00001959	6	6	1	0	0.997932816537468	1.0	0.998965338851526	0.988372093023256	1.0	0.993798449612403
GC_00001960	6	6	1	0	0.936757539839326	0.887685757279474	0.911561710306618	0.392456676860347	1.0	0.794699286442406
GC_00001961	6	6	1	0	0.996978281397545	1.0	0.998486854548894	0.994334277620397	1.0	0.996978281397545
GC_00001962	6	6	1	0	0.900535096002518	0.901894702894461	0.901214386659891	0.677215189873418	1.0	0.827848101265823
GC_00001963	6	6	1	0	0.994961763382816	1.0	0.997474519707766	0.987854251012146	1.0	0.993522267206478
GC_00001964	6	6	1	0	0.994515852613539	1.0	0.997250386664375	0.989717223650386	1.0	0.994515852613539
GC_00001965	6	6	1	0	0.995833333333333	1.0	0.997912317327766	0.9921875	1.0	0.995833333333333
GC_00001966	6	6	1	0	0.998116760828625	1.0	0.999057492931197	0.99273607748184	1.0	0.997578692493947
GC_00001967	6	6	1	0	0.865469573891977	0.940720457587927	0.901527435530138	0.626506024096386	1.0	0.800803212851406
GC_00001968	6	6	1	0	0.885035116153431	0.885605241014545	0.88532008679732	0.588983050847458	1.0	0.780790960451977
GC_00001969	6	6	1	0	0.983921906402527	0.825108225108226	0.897543986355725	0.606060606060606	1.0	0.78989898989899
GC_00001970	6	6	1	0	0.997610513739546	1.0	0.998803827751196	0.992831541218638	1.0	0.997610513739546
GC_00001971	6	6	1	0	0.997673242286292	1.0	0.998835266116372	0.993930197268589	1.0	0.997268588770865
GC_00001972	6	6	1	0	0.997257383966245	1.0	0.998626808915179	0.993670886075949	1.0	0.997257383966245
GC_00001973	6	6	1	0	0.999498746867168	1.0	0.999749310604161	0.99749373433584	1.0	0.998496240601504
GC_00001974	6	6	1	0	0.856424079065588	0.933242196400091	0.893184499874566	0.586466165413534	1.0	0.780952380952381
GC_00001975	6	6	1	0	0.997839506172839	1.0	0.998918584891086	0.99537037037037	1.0	0.997839506172839
GC_00001976	4	6	3	0	1.0	0.641683212953106	0.781738167132535	0.142372881355932	1.0	0.46271186440678
GC_00001977	6	6	1	0	0.994275845053047	0.995243566550944	0.994759470447444	0.971270718232044	1.0	0.987550644567219
GC_00001978	6	6	1	0	0.997993311036789	0.856368178081326	0.921772500696586	0.373015873015873	1.0	0.789417989417989
GC_00001979	6	6	1	0	0.971717171717172	1.0	0.985655737704918	0.939393939393939	1.0	0.971717171717172
GC_00001980	6	6	1	0	0.99677559912854	1.0	0.998385196176843	0.992156862745098	1.0	0.994509803921569
GC_00001981	6	6	1	0	0.980590717299578	1.0	0.990200255645505	0.962025316455696	1.0	0.980590717299578
GC_00001982	6	6	1	0	0.989771037763901	0.999108734402854	0.994417966060926	0.981283422459893	1.0	0.987344028520499
GC_00001983	6	6	1	0	0.994564348521183	1.0	0.997274767553703	0.982014388489209	1.0	0.989928057553957
GC_00001984	4	6	2	0	0.984165984165984	0.57412935323383	0.725200886382399	0.0398009950248756	1.0	0.469983416252073
GC_00001985	5	6	2	0	0.983595800524934	0.718007358776423	0.830074884356059	0.143712574850299	1.0	0.627944111776447
GC_00001986	6	6	1	0	0.974975845410628	1.0	0.987329387016291	0.947826086956522	1.0	0.972463768115942
GC_00001987	6	6	1	0	0.932689832689833	0.903191565918249	0.917703715655972	0.658031088082902	1.0	0.883246977547496
GC_00001988	6	6	1	0	0.966567754698318	1.0	0.982999698219495	0.922848664688427	1.0	0.957467853610287
GC_00001989	6	6	1	0	0.985610200364299	0.729287965386465	0.838293109227445	0.582474226804124	1.0	0.821993127147766
GC_00001990	6	6	1	0	0.995524691358025	1.0	0.997757327352873	0.979166666666667	1.0	0.991203703703704
GC_00001991	6	6	1	0	0.993644354293442	1.0	0.996812046394899	0.98580121703854	1.0	0.991751183231913
GC_00001992	6	6	1	0	0.988181818181818	1.0	0.994055784179241	0.977272727272727	1.0	0.986060606060606
GC_00001993	4	6	2	0	0.882337729506077	0.618202808029042	0.72702289390547	0.3125	1.0	0.523809523809524
GC_00001994	6	6	1	0	0.990632785251619	1.0	0.995294353223869	0.977578475336323	1.0	0.987443946188341
GC_00001995	6	6	1	0	0.841655996585574	0.948375721500724	0.891834602652301	0.625974025974026	1.0	0.761038961038961
GC_00001996	6	6	1	0	0.98989898989899	1.0	0.99492385786802	0.978609625668449	1.0	0.987522281639929
GC_00001997	6	6	1	0	0.866758241758242	0.679422514619883	0.761741551566532	0.260416666666667	0.979166666666667	0.685416666666667
GC_00001998	5	6	2	0	0.86429512516469	0.79657594381036	0.829054967504042	0.441176470588235	1.0	0.679411764705882
GC_00001999	6	6	1	0	0.98094425483504	0.997446808510637	0.989126704461965	0.957446808510638	1.0	0.97531914893617
GC_00002000	6	6	1	0	0.990528233151184	1.0	0.995241581259151	0.983606557377049	0.997658079625293	0.990007806401249
GC_00002001	6	6	1	0	0.989764868603043	1.0	0.994856110107049	0.983402489626556	0.995850622406639	0.986998616874136
GC_00002002	6	6	1	0	0.99608520437536	1.0	0.99803876326719	0.987046632124352	0.99740932642487	0.993436960276339
GC_00002003	6	6	1	0	0.976412429378531	0.925542974664948	0.950297428073845	0.723837209302326	0.988372093023256	0.892635658914729
GC_00002004	5	5	1	0	1.0	1.0	1.0	1.0	1.0	1.0
GC_00002005	4	5	2	0	1.0	1.0	1.0	1.0	1.0	1.0
GC_00002006	5	5	1	0	1.0	1.0	1.0	1.0	1.0	1.0
GC_00002007	5	5	1	0	1.0	1.0	1.0	1.0	1.0	1.0
GC_00002008	5	5	1	0	1.0	1.0	1.0	1.0	1.0	1.0
GC_00002009	5	5	1	0	1.0	1.0	1.0	1.0	1.0	1.0
GC_00002010	5	5	1	0	0.995402298850575	1.0	0.997695852534562	0.988505747126437	1.0	0.995402298850575
GC_00002011	5	5	1	0	0.992639327024185	0.990698818897639	0.991668123659403	0.953125	1.0	0.98125
GC_00002012	4	5	2	0	1.0	0.699374593010633	0.82309644487695	0.00367647058823529	1.0	0.599264705882353
GC_00002013	5	5	1	0	0.993073593073593	1.0	0.996524761077324	0.974025974025974	1.0	0.989610389610389
GC_00002014	5	5	1	0	0.990074441687345	0.841157433847325	0.909560922146348	0.436893203883495	1.0	0.774757281553398
GC_00002015	5	5	1	0	0.996	1.0	0.997995991983968	0.99	1.0	0.996
GC_00002016	5	5	1	0	0.881907645722937	0.982294845475228	0.929398323056685	0.587360594795539	1.0	0.834944237918216
GC_00002017	5	5	1	0	0.998816568047337	1.0	0.999407933688573	0.997041420118343	1.0	0.998816568047337
GC_00002018	5	5	1	0	0.962530929657123	0.977795768566493	0.970103303732042	0.83419689119171	1.0	0.933678756476684
GC_00002019	5	5	1	0	0.992982456140351	1.0	0.996478873239437	0.982456140350877	1.0	0.992982456140351
GC_00002020	4	5	2	0	0.991549295774648	0.74562683258242	0.851181119391729	0.029535864978903	1.0	0.59662447257384
GC_00002021	5	5	1	0	0.988888888888889	1.0	0.994413407821229	0.981481481481482	1.0	0.988888888888889
GC_00002022	5	5	1	0	0.991827203736135	0.960774818401936	0.976054096791572	0.899159663865546	1.0	0.959663865546218
GC_00002023	5	5	1	0	0.976218787158145	0.997233201581026	0.986614107783021	0.956521739130435	1.0	0.973913043478261
GC_00002024	5	5	1	0	0.989513108614232	0.994425926795295	0.991963434911379	0.966480446927374	1.0	0.98659217877095
GC_00002025	5	5	1	0	0.790286975717439	0.736170212765958	0.762269306272654	0.312056737588652	1.0	0.587234042553191
GC_00002026	5	5	1	0	0.843981481481481	0.695861657722123	0.762797635471132	0.253846153846154	1.0	0.680769230769231
GC_00002027	5	5	1	0	0.997826086956522	1.0	0.998911860718172	0.996376811594203	1.0	0.997826086956522
GC_00002028	5	5	1	0	0.993415637860082	1.0	0.996696944673823	0.987654320987654	1.0	0.992592592592593
GC_00002029	5	5	1	0	0.911475409836066	1.0	0.95368782161235	0.852459016393443	1.0	0.911475409836066
GC_00002030	5	5	1	0	0.99821029082774	0.980495015070714	0.989273350843398	0.969298245614035	1.0	0.981578947368421
GC_00002031	5	5	1	0	0.967222222222222	1.0	0.983338040101666	0.883333333333333	1.0	0.948333333333333
GC_00002032	4	5	2	0	0.872934372049103	0.741676477572391	0.801970196552341	0.0927374301675978	1.0	0.564804469273743
GC_00002033	5	5	1	0	0.996179560649475	1.0	0.998086124401914	0.991404011461318	1.0	0.99541547277937
GC_00002034	5	5	1	0	0.990455738487235	0.726838297606623	0.838413396524981	0.40295358649789	1.0	0.640506329113924
GC_00002035	5	5	1	0	0.996238651102464	1.0	0.998115781950491	0.994163424124514	1.0	0.995719844357977
GC_00002036	5	5	1	0	0.939236111111111	0.94098584342487	0.940110163118586	0.70383275261324	1.0	0.877351916376307
GC_00002037	5	5	1	0	0.983606557377049	1.0	0.991735537190083	0.967213114754098	1.0	0.983606557377049
GC_00002038	5	5	1	0	0.618109507954125	0.709210750634175	0.660533741233639	0.0573065902578797	1.0	0.343696275071633
GC_00002039	5	5	1	0	0.995238095238095	1.0	0.997613365155131	0.990601503759398	1.0	0.994736842105263
GC_00002040	5	5	1	0	0.853503184713376	0.576418511066398	0.688114651837108	0.183098591549296	1.0	0.507042253521127
GC_00002041	4	5	2	0	0.987140039447732	0.70806135998323	0.824628529754498	0.00429799426934097	1.0	0.596418338108883
GC_00002042	5	5	1	0	0.87122030237581	0.990425943714072	0.927006612535301	0.719251336898396	1.0	0.826470588235294
GC_00002043	5	5	1	0	0.991883019994032	0.959378849769826	0.9753602072317	0.927958833619211	1.0	0.954373927958833
GC_00002044	5	5	1	0	0.993625796775403	0.982664211172498	0.988114604498558	0.939226519337017	1.0	0.974585635359116
GC_00002045	5	5	1	0	0.793960384007777	0.838052587138304	0.815410864578822	0.539909638554217	1.0	0.660090361445783
GC_00002046	3	5	2	0	0.890976571561123	0.6538401281823	0.754207584438603	0.0778588807785888	1.0	0.445255474452555
GC_00002047	4	5	2	0	0.987976127786554	0.777037391421356	0.86990199765309	0.0	1.0	0.589747634069401
GC_00002048	5	5	1	0	0.989620758483034	1.0	0.994783306581059	0.976047904191617	1.0	0.988023952095808
GC_00002049	5	5	1	0	0.991566265060241	1.0	0.995765275257108	0.987951807228916	1.0	0.991566265060241
GC_00002050	5	5	1	0	0.993553459119497	1.0	0.996766306491048	0.981132075471698	1.0	0.990094339622641
GC_00002051	5	5	1	0	0.764285714285714	0.751358024691358	0.757766736097374	0.308641975308642	1.0	0.553086419753086
GC_00002052	5	5	1	0	0.914709517923362	0.810013290298081	0.859183705054759	0.156521739130435	1.0	0.627826086956522
GC_00002053	5	5	1	0	0.979311409603211	0.77265136137381	0.863792663147578	0.546925566343042	0.998381877022654	0.723624595469256
GC_00002054	4	5	2	0	0.976387249114522	0.70852123199072	0.821161629133542	0.00235849056603774	0.97877358490566	0.579716981132075
GC_00002055	4	5	2	0	0.854197963612085	0.695268479475036	0.766582486482224	0.0140845070422535	0.9983429991715	0.368765534382767
GC_00002056	4	5	2	0	0.973348896021788	0.714982346318669	0.824396611294845	0.101200686106346	0.998284734133791	0.57770154373928
GC_00002057	4	5	2	0	0.963498891930648	0.707031759182548	0.815578350601604	0.0140845070422535	0.974178403755869	0.576056338028169
GC_00002058	5	5	1	0	0.992576095025984	1.0	0.996274217585693	0.982182628062361	0.99554565701559	0.990200445434298
GC_00002059	4	5	2	0	0.786170406860062	0.692072559128567	0.736126574460528	0.0632911392405063	0.941455696202532	0.436075949367089
GC_00002060	5	5	1	0	0.872640735269982	0.650137404580156	0.745133342687962	0.0571428571428571	0.95047619047619	0.46552380952381
GC_00002061	4	4	1	0	1.0	1.0	1.0	1.0	1.0	1.0
GC_00002062	4	4	1	0	1.0	1.0	1.0	1.0	1.0	1.0
GC_00002063	4	4	1	0	1.0	1.0	1.0	1.0	1.0	1.0
GC_00002064	4	4	1	0	1.0	1.0	1.0	1.0	1.0	1.0
GC_00002065	4	4	1	0	1.0	1.0	1.0	1.0	1.0	1.0
GC_00002066	4	4	1	0	1.0	1.0	1.0	1.0	1.0	1.0
GC_00002067	4	4	1	0	1.0	1.0	1.0	1.0	1.0	1.0
GC_00002068	4	4	1	0	1.0	1.0	1.0	1.0	1.0	1.0
GC_00002069	4	4	1	0	1.0	1.0	1.0	1.0	1.0	1.0
GC_00002070	4	4	1	0	1.0	1.0	1.0	1.0	1.0	1.0
GC_00002071	4	4	1	0	1.0	1.0	1.0	1.0	1.0	1.0
GC_00002072	4	4	1	0	1.0	1.0	1.0	1.0	1.0	1.0
GC_00002073	4	4	1	0	1.0	1.0	1.0	1.0	1.0	1.0
GC_00002074	4	4	1	0	1.0	1.0	1.0	1.0	1.0	1.0
GC_00002075	4	4	1	0	1.0	1.0	1.0	1.0	1.0	1.0
GC_00002076	4	4	1	0	1.0	1.0	1.0	1.0	1.0	1.0
GC_00002077	4	4	1	0	1.0	1.0	1.0	1.0	1.0	1.0
GC_00002078	4	4	1	0	1.0	1.0	1.0	1.0	1.0	1.0
GC_00002079	4	4	1	0	1.0	1.0	1.0	1.0	1.0	1.0
GC_00002080	4	4	1	0	1.0	1.0	1.0	1.0	1.0	1.0
GC_00002081	4	4	1	0	1.0	1.0	1.0	1.0	1.0	1.0
GC_00002082	4	4	1	0	1.0	1.0	1.0	1.0	1.0	1.0
GC_00002083	4	4	1	0	1.0	1.0	1.0	1.0	1.0	1.0
GC_00002084	4	4	1	0	1.0	1.0	1.0	1.0	1.0	1.0
GC_00002085	4	4	1	0	1.0	1.0	1.0	1.0	1.0	1.0
GC_00002086	4	4	1	0	1.0	1.0	1.0	1.0	1.0	1.0
GC_00002087	4	4	1	0	1.0	1.0	1.0	1.0	1.0	1.0
GC_00002088	4	4	1	0	1.0	1.0	1.0	1.0	1.0	1.0
GC_00002089	4	4	1	0	1.0	1.0	1.0	1.0	1.0	1.0
GC_00002090	4	4	1	0	1.0	1.0	1.0	1.0	1.0	1.0
GC_00002091	4	4	1	0	1.0	1.0	1.0	1.0	1.0	1.0
GC_00002092	4	4	1	0	1.0	1.0	1.0	1.0	1.0	1.0
GC_00002093	4	4	1	0	1.0	1.0	1.0	1.0	1.0	1.0
GC_00002094	4	4	1	0	1.0	1.0	1.0	1.0	1.0	1.0
GC_00002095	4	4	1	0	1.0	1.0	1.0	1.0	1.0	1.0
GC_00002096	4	4	1	0	1.0	1.0	1.0	1.0	1.0	1.0
GC_00002097	4	4	1	0	1.0	1.0	1.0	1.0	1.0	1.0
GC_00002098	4	4	1	0	1.0	1.0	1.0	1.0	1.0	1.0
GC_00002099	4	4	1	0	1.0	1.0	1.0	1.0	1.0	1.0
GC_00002100	4	4	1	0	1.0	1.0	1.0	1.0	1.0	1.0
GC_00002101	4	4	1	0	1.0	1.0	1.0	1.0	1.0	1.0
GC_00002102	4	4	1	0	1.0	1.0	1.0	1.0	1.0	1.0
GC_00002103	4	4	1	0	1.0	1.0	1.0	1.0	1.0	1.0
GC_00002104	4	4	1	0	1.0	1.0	1.0	1.0	1.0	1.0
GC_00002105	4	4	1	0	1.0	1.0	1.0	1.0	1.0	1.0
GC_00002106	4	4	1	0	1.0	1.0	1.0	1.0	1.0	1.0
GC_00002107	4	4	1	0	1.0	1.0	1.0	1.0	1.0	1.0
GC_00002108	4	4	1	0	0.992805755395683	0.966255868544601	0.97935090530381	0.916666666666667	1.0	0.958333333333333
GC_00002109	4	4	1	0	0.993827160493827	0.792857142857143	0.882039386012536	0.722222222222222	1.0	0.861111111111111
GC_00002110	4	4	1	0	0.9875	1.0	0.993710691823899	0.975	1.0	0.9875
GC_00002111	4	4	1	0	0.996610169491525	1.0	0.99830220713073	0.993220338983051	1.0	0.996610169491525
GC_00002112	4	4	1	0	0.990384615384615	1.0	0.995169082125604	0.980769230769231	1.0	0.990384615384615
GC_00002113	4	4	1	0	1.0	0.977843764275926	0.988797782653887	0.954773869346734	1.0	0.977386934673367
GC_00002114	4	4	1	0	0.995238095238095	1.0	0.997613365155131	0.990476190476191	1.0	0.995238095238095
GC_00002115	4	4	1	0	0.994202898550725	1.0	0.997093023255814	0.982608695652174	1.0	0.991304347826087
GC_00002116	4	4	1	0	1.0	0.92979797979798	0.963622088458519	0.872727272727273	1.0	0.936363636363636
GC_00002117	4	4	1	0	1.0	0.981913986218043	0.990874470886363	0.963210702341137	1.0	0.981605351170569
GC_00002118	4	4	1	0	0.994623655913978	0.856633906633906	0.920486014732	0.828828828828829	1.0	0.914414414414414
GC_00002119	4	4	1	0	0.98936170212766	1.0	0.994652406417112	0.978723404255319	1.0	0.98936170212766
GC_00002120	4	4	1	0	0.99685534591195	1.0	0.998425196850394	0.993710691823899	1.0	0.99685534591195
GC_00002121	4	4	1	0	0.994285714285714	0.826884920634923	0.902891632646392	0.546666666666667	1.0	0.773333333333333
GC_00002122	4	4	1	0	0.980555555555556	1.0	0.990182328190743	0.966666666666667	1.0	0.980555555555556
GC_00002123	4	4	1	0	0.820322180916977	0.908341002446635	0.862090752339004	0.468227424749164	1.0	0.693422519509476
GC_00002124	4	4	1	0	0.967741935483871	1.0	0.983606557377049	0.951612903225806	1.0	0.967741935483871
GC_00002125	4	4	1	0	0.961748633879781	0.991903238704519	0.976593218220703	0.943089430894309	1.0	0.953929539295393
GC_00002126	4	4	1	0	0.957975167144222	0.99928418038655	0.978193749273007	0.912670007158196	1.0	0.946313528990694
GC_00002127	4	4	1	0	0.95769622833843	1.0	0.978391043998958	0.899082568807339	1.0	0.937308868501529
GC_00002128	4	4	1	0	0.999109924343569	0.879419925151635	0.935451917488118	0.836805555555556	1.0	0.891203703703704
GC_00002129	4	4	1	0	1.0	0.777278911564626	0.874684222613488	0.72	1.0	0.853333333333333
GC_00002130	4	4	1	0	0.98978288633461	1.0	0.994865211810013	0.977011494252874	1.0	0.984674329501916
GC_00002131	4	4	1	0	0.910031488978857	0.944862008220788	0.927119731153135	0.748091603053435	1.0	0.83206106870229
GC_00002132	4	4	1	0	0.990740740740741	0.765882352941176	0.863919929553883	0.627450980392157	1.0	0.751633986928105
GC_00002133	4	4	1	0	0.905604719764012	0.958713602781398	0.931402704228528	0.754237288135593	1.0	0.862994350282486
GC_00002134	4	4	1	0	0.997173058013766	1.0	0.998584528278663	0.991150442477876	1.0	0.994469026548673
GC_00002135	4	4	1	0	0.996376811594203	1.0	0.998185117967332	0.991847826086957	1.0	0.995471014492754
GC_00002136	4	4	1	0	0.992753623188406	1.0	0.996363636363636	0.989130434782609	1.0	0.992753623188406
GC_00002137	4	4	1	0	0.855148342059337	0.648809523809524	0.737824378181617	0.446428571428571	0.892857142857143	0.610119047619048
GC_00002138	4	4	1	0	1.0	0.761640211640212	0.864694398558342	0.611111111111111	1.0	0.75462962962963
GC_00002139	4	4	1	0	0.984761904761905	0.994318181818182	0.989516971350763	0.971590909090909	1.0	0.982007575757576
GC_00002140	4	4	1	0	0.977294685990338	0.892425132119789	0.932933727093355	0.717557251908397	1.0	0.856234096692112
GC_00002141	4	4	1	0	1.0	0.925500076347536	0.961308792158667	0.905405405405405	1.0	0.936936936936937
GC_00002142	4	4	1	0	0.972802877051023	0.977272727272729	0.975032679396133	0.928853754940711	1.0	0.951910408432147
GC_00002143	4	4	1	0	0.876225490196078	0.666256157635466	0.756949853038443	0.248157248157248	1.0	0.616707616707617
GC_00002144	4	4	1	0	0.995614035087719	1.0	0.997802197802198	0.993421052631579	1.0	0.995614035087719
GC_00002145	4	4	1	0	0.832458442694663	1.0	0.908570064454524	0.645669291338583	1.0	0.780839895013123
GC_00002146	4	4	1	0	0.97979797979798	1.0	0.989795918367347	0.96969696969697	1.0	0.974747474747475
GC_00002147	3	4	2	0	0.97	0.619793272506502	0.756324089085423	0.257756563245823	1.0	0.46260938743039
GC_00002148	4	4	1	0	0.955050795476327	0.987576869332312	0.971041534861242	0.904599659284497	1.0	0.932708688245315
GC_00002149	4	4	1	0	0.93739837398374	1.0	0.967687788501888	0.878048780487805	1.0	0.922764227642276
GC_00002150	4	4	1	0	1.0	0.962121212121212	0.980694980694981	0.954545454545455	1.0	0.96969696969697
GC_00002151	4	4	1	0	0.91488603988604	0.98740224139321	0.949761963308045	0.80379746835443	1.0	0.895569620253165
GC_00002152	4	4	1	0	0.997482376636455	0.994007561778645	0.99574193772392	0.987987987987988	1.0	0.993493493493494
GC_00002153	4	4	1	0	0.943569553805774	1.0	0.970965563808238	0.897637795275591	1.0	0.938320209973753
GC_00002154	4	4	1	0	0.991169977924945	0.956966056599211	0.973767753776026	0.930379746835443	1.0	0.965189873417721
GC_00002155	4	4	1	0	0.866666666666667	0.983872233558311	0.921557789441988	0.664259927797834	1.0	0.832129963898917
GC_00002156	4	4	1	0	0.84339457567804	0.76210986267166	0.800694546704221	0.511111111111111	1.0	0.655555555555555
GC_00002157	4	4	1	0	0.964444444444444	1.0	0.981900452488688	0.93	1.0	0.956666666666667
GC_00002158	4	4	1	0	0.963114754098361	1.0	0.981210855949896	0.901639344262295	1.0	0.938524590163934
GC_00002159	4	4	1	0	0.937762504772814	0.996575342465753	0.966274832165086	0.876712328767123	1.0	0.908675799086758
GC_00002160	4	4	1	0	0.914619883040936	0.893691588785046	0.904034630255231	0.592592592592593	1.0	0.79320987654321
GC_00002161	4	4	1	0	0.970665355621108	0.855145046524353	0.909250675444514	0.788177339901478	1.0	0.889983579638752
GC_00002162	4	4	1	0	0.953360768175583	1.0	0.976123595505618	0.901234567901235	1.0	0.946502057613169
GC_00002163	4	4	1	0	0.998522167487685	0.863884711779449	0.926336821956897	0.74	1.0	0.856666666666667
GC_00002164	4	4	1	0	0.988817891373802	1.0	0.994377510040161	0.977635782747604	1.0	0.984558040468584
GC_00002165	3	4	2	0	0.970959595959596	0.65269098415213	0.780631722147034	0.00464037122969838	1.0	0.490332559938128
GC_00002166	4	4	1	0	0.989696032972694	0.941485507246375	0.964988999964574	0.852173913043478	1.0	0.926086956521739
GC_00002167	4	4	1	0	0.999194847020934	1.0	0.999597261377366	0.995859213250518	1.0	0.997584541062802
GC_00002168	4	4	1	0	0.820743405275779	0.992863543266768	0.898635954311713	0.542857142857143	1.0	0.76547619047619
GC_00002169	4	4	1	0	0.977777777777778	1.0	0.98876404494382	0.933333333333333	1.0	0.966666666666667
GC_00002170	4	4	1	0	0.873563218390805	1.0	0.932515337423313	0.775862068965517	1.0	0.850574712643678
GC_00002171	4	4	1	0	0.971626862625026	0.625840277929666	0.761309212955741	0.152671755725191	0.99618320610687	0.479325699745547
GC_00002172	2	4	2	0	0.614197530864197	0.623399558498895	0.618764334309965	0.0463576158940397	0.860927152317881	0.386313465783664
GC_00002173	4	4	1	0	0.955319507671556	0.777164174540562	0.857081777132906	0.30978809283552	0.956609485368315	0.625967036663303
GC_00002174	3	4	2	0	0.966325306762617	0.658915063464794	0.783547237069963	0.130820399113082	0.994826311899483	0.467233308696723
GC_00002175	2	4	2	0	0.973821989528796	0.818191056910569	0.889248484477792	0.560975609756098	0.975609756097561	0.747967479674797
GC_00002176	4	4	1	0	0.890663826766063	0.993665958952584	0.939349717056399	0.701587301587302	0.996825396825397	0.847619047619048
GC_00002177	3	4	2	0	0.69194619996759	0.637899216816358	0.663824431723543	0.31304347826087	0.614492753623188	0.383091787439614
GC_00002178	3	4	2	0	0.973333333333333	0.805570179286947	0.881541131687747	0.683206106870229	0.977099236641221	0.776717557251908
GC_00002179	4	4	1	0	0.78336686787391	0.718329684078824	0.749439923779481	0.237410071942446	0.820143884892086	0.471223021582734
GC_00002180	4	4	1	0	0.687526607066837	0.864994482641541	0.766117414731907	0.350649350649351	0.961038961038961	0.517316017316017
GC_00002181	3	4	2	0	0.784642233856894	0.582589423782129	0.668685901681338	0.114495798319328	0.827731092436975	0.406687675070028
GC_00002182	4	4	1	0	0.96046783625731	0.752683363148476	0.843974730824509	0.0953488372093023	0.97906976744186	0.524806201550387
GC_00002183	3	4	2	0	0.89533932951758	0.668471277399848	0.765448990640518	0.0975056689342404	0.789115646258503	0.412320483749055
GC_00002184	4	4	1	0	0.824717765894237	0.991184873317797	0.900321147906395	0.597173144876325	0.96113074204947	0.774440518256773
GC_00002185	3	3	1	0	1.0	1.0	1.0	1.0	1.0	1.0
GC_00002186	3	3	1	0	1.0	1.0	1.0	1.0	1.0	1.0
GC_00002187	3	3	1	0	1.0	1.0	1.0	1.0	1.0	1.0
GC_00002188	3	3	1	0	1.0	1.0	1.0	1.0	1.0	1.0
GC_00002189	3	3	1	0	1.0	1.0	1.0	1.0	1.0	1.0
GC_00002190	3	3	1	0	1.0	1.0	1.0	1.0	1.0	1.0
GC_00002191	3	3	1	0	1.0	1.0	1.0	1.0	1.0	1.0
GC_00002192	3	3	1	0	1.0	1.0	1.0	1.0	1.0	1.0
GC_00002193	3	3	1	0	1.0	1.0	1.0	1.0	1.0	1.0
GC_00002194	3	3	1	0	1.0	1.0	1.0	1.0	1.0	1.0
GC_00002195	3	3	1	0	1.0	1.0	1.0	1.0	1.0	1.0
GC_00002196	3	3	1	0	1.0	1.0	1.0	1.0	1.0	1.0
GC_00002197	3	3	1	0	1.0	1.0	1.0	1.0	1.0	1.0
GC_00002198	3	3	1	0	1.0	1.0	1.0	1.0	1.0	1.0
GC_00002199	3	3	1	0	1.0	1.0	1.0	1.0	1.0	1.0
GC_00002200	3	3	1	0	1.0	0.975518672199172	0.987607645452637	0.962655601659751	1.0	0.975103734439834
GC_00002201	3	3	1	0	0.920852359208524	0.819238593432143	0.867078574682351	0.559139784946237	1.0	0.706093189964158
GC_00002202	3	3	1	0	0.992831541218638	1.0	0.996402877697842	0.98811544991511	1.0	0.992076966610074
GC_00002203	3	3	1	0	0.987823439878234	1.0	0.993874425727412	0.972602739726027	1.0	0.981735159817351
GC_00002204	3	3	1	0	0.991991991991992	1.0	0.995979899497487	0.986486486486487	1.0	0.990990990990991
GC_00002205	3	3	1	0	0.997195934104452	1.0	0.998595998595999	0.993690851735016	1.0	0.995793901156677
GC_00002206	3	3	1	0	0.981421936405859	1.0	0.990623873061666	0.961414790996785	1.0	0.97427652733119
GC_00002207	3	3	1	0	0.963963963963964	1.0	0.981651376146789	0.945945945945946	1.0	0.963963963963964
GC_00002208	3	3	1	0	0.936253341558709	0.998767714109679	0.96650070761441	0.878003696857671	1.0	0.918669131238447
GC_00002209	3	3	1	0	0.983111111111111	1.0	0.991483639623487	0.972	1.0	0.981333333333333
GC_00002210	3	3	1	0	0.993827160493827	1.0	0.996904024767802	0.972222222222222	1.0	0.981481481481482
GC_00002211	3	3	1	0	0.994047619047619	1.0	0.997014925373134	0.991071428571429	1.0	0.994047619047619
GC_00002212	3	3	1	0	1.0	0.945397696941967	0.971932575460604	0.914893617021277	1.0	0.943262411347518
GC_00002213	3	3	1	0	0.996561358263486	1.0	0.998277717976319	0.992263056092843	1.0	0.994842037395229
GC_00002214	3	3	1	0	0.991228070175439	1.0	0.995594713656388	0.986842105263158	1.0	0.991228070175439
GC_00002215	3	3	1	0	0.805068226120858	1.0	0.892008639308855	0.640350877192982	1.0	0.760233918128655
GC_00002216	3	3	1	0	0.982521847690387	1.0	0.991183879093199	0.966292134831461	1.0	0.977528089887641
GC_00002217	3	3	1	0	0.995209580838323	1.0	0.997599039615846	0.990419161676647	1.0	0.993612774451098
GC_00002218	3	3	1	0	0.935763888888889	1.0	0.966816143497758	0.8828125	1.0	0.921875
GC_00002219	3	3	1	0	0.984496124031008	1.0	0.9921875	0.976744186046512	1.0	0.984496124031008
GC_00002220	3	3	1	0	0.831908831908832	1.0	0.908242612752722	0.67948717948718	1.0	0.786324786324786
GC_00002221	3	3	1	0	0.944498857329416	0.997074130926198	0.970074659082074	0.884765625	1.0	0.923177083333333
GC_00002222	3	3	1	0	0.869731800766284	0.983050847457627	0.922925940205391	0.677966101694915	1.0	0.785310734463277
GC_00002223	3	3	1	0	0.9949609473419	1.0	0.997474109623642	0.990929705215419	1.0	0.99395313681028
GC_00002224	3	3	1	0	0.996415770609319	1.0	0.998204667863555	0.983870967741935	1.0	0.989247311827957
GC_00002225	3	3	1	0	0.978494623655914	1.0	0.989130434782609	0.967741935483871	1.0	0.978494623655914
GC_00002226	3	3	1	0	0.998619737750173	0.94392844857241	0.970504192797175	0.906432748538012	1.0	0.937621832358674
GC_00002227	3	3	1	0	0.821673525377229	1.0	0.90210843373494	0.666666666666667	1.0	0.777777777777778
GC_00002228	3	3	1	0	0.988700564971751	1.0	0.994318181818182	0.983050847457627	1.0	0.988700564971751
GC_00002229	3	3	1	0	0.756294058408862	0.968146768100191	0.849207043960082	0.535087719298246	1.0	0.690058479532164
GC_00002230	3	3	1	0	0.993464052287582	1.0	0.99672131147541	0.970588235294118	1.0	0.980392156862745
GC_00002231	3	3	1	0	0.962441314553991	0.972856418061897	0.967620841064269	0.917808219178082	1.0	0.945205479452055
GC_00002232	3	3	1	0	1.0	0.915511042629686	0.955892210752111	0.864406779661017	1.0	0.909604519774011
GC_00002233	3	3	1	0	0.804750717828243	0.959454375368592	0.8753195422446	0.612612612612613	1.0	0.741741741741742
GC_00002234	3	3	1	0	0.993464052287582	1.0	0.99672131147541	0.980392156862745	1.0	0.986928104575163
GC_00002235	3	3	1	0	0.79813401187447	0.957492486045514	0.870580752947825	0.532846715328467	1.0	0.688564476885645
GC_00002236	3	3	1	0	0.986666666666667	1.0	0.993288590604027	0.98	1.0	0.986666666666667
GC_00002237	3	3	1	0	0.99546485260771	1.0	0.997727272727273	0.993197278911565	1.0	0.99546485260771
GC_00002238	3	3	1	0	0.956315289648623	0.991525423728813	0.973602118771872	0.898305084745763	1.0	0.932203389830509
GC_00002239	3	3	1	0	0.978367748279253	1.0	0.989065606361829	0.955752212389381	1.0	0.970501474926254
GC_00002240	3	3	1	0	0.783708467309754	0.986457040158273	0.873471697135439	0.585156993339677	1.0	0.723437995559784
GC_00002241	3	3	1	0	0.983385254413292	1.0	0.991623036649215	0.97196261682243	1.0	0.981308411214953
GC_00002242	3	3	1	0	0.821522309711286	0.994136832815315	0.899624349014104	0.655577299412916	1.0	0.770384866275277
GC_00002243	3	3	1	0	0.988571428571429	1.0	0.994252873563218	0.982857142857143	1.0	0.988571428571429
GC_00002244	3	3	1	0	0.998556998556999	1.0	0.99927797833935	0.993506493506494	1.0	0.995670995670996
GC_00002245	3	3	1	0	0.994343434343434	1.0	0.997163695299838	0.989090909090909	1.0	0.992727272727273
GC_00002246	3	3	1	0	0.99931833674165	1.0	0.999659052165019	0.996932515337423	1.0	0.997955010224949
GC_00002247	3	3	1	0	0.798534798534799	0.973645372127348	0.877438675758971	0.614973262032086	1.0	0.74331550802139
GC_00002248	3	3	1	0	0.785822021116139	0.922521097046413	0.848702330692224	0.5625	1.0	0.708333333333333
GC_00002249	3	3	1	0	0.975975975975976	0.568826782719071	0.718747129755885	0.174418604651163	1.0	0.449612403100775
GC_00002250	3	3	1	0	0.995934959349594	1.0	0.9979633401222	0.99390243902439	1.0	0.995934959349594
GC_00002251	3	3	1	0	0.9880174291939	0.823958333333334	0.898560798768582	0.77734375	1.0	0.8515625
GC_00002252	3	3	1	0	0.979035639412998	1.0	0.989406779661017	0.943396226415094	0.981132075471698	0.962264150943396
GC_00002253	3	3	1	0	0.846198830409357	0.884949081185641	0.865140260350343	0.622119815668203	0.861751152073733	0.737327188940092
GC_00002254	3	3	1	0	1.0	0.598391812865496	0.748742339705478	0.458333333333333	0.583333333333333	0.527777777777778
GC_00002255	3	3	1	0	0.969312169312169	0.872533080431739	0.918380013855684	0.80327868852459	0.918032786885246	0.844262295081967
GC_00002256	3	3	1	0	0.745893719806763	0.966956274035037	0.842159692586713	0.529411764705882	0.974789915966387	0.677871148459384
GC_00002257	3	3	1	0	0.988540109616343	1.0	0.994237033324981	0.982062780269058	0.988789237668161	0.986547085201794
GC_00002258	3	3	1	0	0.979550102249489	0.996941896024465	0.988169481121479	0.966360856269113	0.990825688073395	0.977573904179409
GC_00002259	3	3	1	0	0.95440084835631	0.997885280238217	0.975658786970186	0.914285714285714	0.976190476190476	0.93968253968254
GC_00002260	3	3	1	0	0.953125	0.919254658385094	0.935883481055305	0.828571428571429	0.957142857142857	0.871428571428571
GC_00002261	2	3	2	0	0.782993197278912	0.625824989570296	0.695642225653829	0.06	0.775	0.371666666666667
GC_00002262	3	3	1	0	0.762745098039216	0.953567867825097	0.847548473148108	0.638655462184874	0.697478991596639	0.675070028011204
GC_00002263	1	3	3	0	0.899782135076253	0.544749759758982	0.678636593170025	0.0971223021582734	0.449640287769784	0.311750599520384
GC_00002264	3	3	1	0	0.996220710506425	1.0	0.998106777735706	0.994897959183674	0.996598639455782	0.99546485260771
GC_00002265	3	3	1	0	0.957887223411849	0.713131142462899	0.817584323347297	0.329588014981273	0.99625468164794	0.551810237203496
GC_00002266	3	3	1	0	0.993614303959132	1.0	0.996796925048046	0.988505747126437	0.997126436781609	0.992337164750958
GC_00002267	3	3	1	0	0.76686706746827	0.961867634538694	0.853369358913185	0.566473988439306	0.930635838150289	0.689788053949904
GC_00002268	2	3	2	0	0.935569755058573	0.6413701938507	0.76102651287109	0.0415944540727903	0.906412478336222	0.360485268630849
GC_00002269	3	3	1	0	0.778455284552846	0.944545271224037	0.85349509078042	0.431034482758621	0.96551724137931	0.614942528735632
GC_00002270	3	3	1	0	0.861111111111111	0.626081228160626	0.725024581946421	0.215500945179584	0.994328922495274	0.475110270951481
GC_00002271	2	3	2	0	0.873873873873874	0.545459034076233	0.671671031479325	0.143338954468803	0.509274873524452	0.352445193929174
GC_00002272	3	3	1	0	0.779441117764471	0.972767144754567	0.865439031250789	0.689956331877729	0.705240174672489	0.695778748180495
GC_00002273	3	3	1	0	0.995995995995996	1.0	0.997993981945837	0.990990990990991	0.995495495495496	0.993993993993994
GC_00002274	3	3	1	0	0.976444809641194	0.777796843205188	0.865873512090775	0.655172413793103	0.836660617059891	0.768905021173624
GC_00002275	2	3	2	0	0.944444444444444	0.607156308851224	0.739140402691804	0.366666666666667	0.966666666666667	0.566666666666667
GC_00002276	3	3	1	0	0.740808823529412	0.965032047635302	0.83818399237763	0.558510638297872	0.808510638297872	0.679078014184397
GC_00002277	3	3	1	0	0.990488543017726	1.0	0.995221546481321	0.98443579766537	0.992217898832685	0.987029831387808
GC_00002278	3	3	1	0	0.75669099756691	0.967886765236205	0.849357121163352	0.546610169491525	0.906779661016949	0.672316384180791
GC_00002279	3	3	1	0	0.994579945799458	1.0	0.997282608695652	0.990243902439024	0.997560975609756	0.99349593495935
GC_00002280	3	3	1	0	0.931877275091004	0.996892810020532	0.9632892614114	0.856920684292379	0.995334370139969	0.903058579574909
GC_00002281	3	3	1	0	0.773825018076645	0.993980789468384	0.870194225061814	0.672703751617076	0.769728331177232	0.710219922380336
GC_00002282	3	3	1	0	0.992961287078934	1.0	0.996468213925328	0.986425339366516	0.995475113122172	0.990950226244344
GC_00002283	3	3	1	0	0.996101364522417	1.0	0.998046875	0.994736842105263	0.996491228070175	0.995321637426901
GC_00002284	3	3	1	0	0.751942869145138	0.964053200023048	0.844888799291105	0.519125683060109	0.981785063752277	0.675166970248937
GC_00002285	3	3	1	0	0.780538302277433	0.935469107551487	0.851009692451174	0.573913043478261	0.930434782608696	0.698550724637681
GC_00002286	3	3	1	0	0.935528120713306	0.982879597535148	0.958619478041967	0.896013864818024	0.909878682842288	0.901213171577123
GC_00002287	3	3	1	0	0.779829545454545	0.973905025357306	0.866128690031698	0.564315352697095	0.933609958506224	0.69432918395574
GC_00002288	3	3	1	0	0.705800139762404	0.969861339717691	0.817024533302856	0.530487804878049	0.76219512195122	0.628048780487805
GC_00002289	3	3	1	0	0.74268018018018	0.680023635788983	0.709972196160174	0.196335078534031	0.557591623036649	0.365619546247819
GC_00002290	3	3	1	0	0.998088410991637	1.0	0.999043291078689	0.995698924731183	0.997849462365591	0.997132616487455
GC_00002291	3	3	1	0	0.997008547008547	0.977755122268945	0.987287976733122	0.971804511278195	0.994360902255639	0.981203007518797
GC_00002292	3	3	1	0	0.868251609707776	0.984008295334519	0.922512854771849	0.719298245614035	0.934210526315789	0.795321637426901
GC_00002293	3	3	1	0	0.973520249221184	0.990773115773115	0.982070914434811	0.951388888888889	0.965277777777778	0.958333333333333
GC_00002294	3	3	1	0	0.844852726742491	0.992201098781548	0.912617575092948	0.700520833333333	0.973958333333333	0.791666666666667
GC_00002295	3	3	1	0	0.754521963824289	0.984811117635543	0.854421302503724	0.541984732824427	0.977099236641221	0.687022900763359
GC_00002296	3	3	1	0	0.840690435766836	0.98671780396525	0.907869629301942	0.71105527638191	0.937185929648241	0.789782244556114
GC_00002297	3	3	1	0	0.788194444444444	0.977216676453318	0.872586273283791	0.633587786259542	0.893129770992366	0.725190839694656
GC_00002298	2	2	1	0	1.0	1.0	1.0	1.0	1.0	1.0
GC_00002299	2	2	1	0	1.0	1.0	1.0	1.0	1.0	1.0
GC_00002300	2	2	1	0	1.0	1.0	1.0	1.0	1.0	1.0
GC_00002301	2	2	1	0	1.0	1.0	1.0	1.0	1.0	1.0
GC_00002302	2	2	1	0	1.0	1.0	1.0	1.0	1.0	1.0
GC_00002303	2	2	1	0	1.0	1.0	1.0	1.0	1.0	1.0
GC_00002304	2	2	1	0	1.0	1.0	1.0	1.0	1.0	1.0
GC_00002305	2	2	1	0	1.0	1.0	1.0	1.0	1.0	1.0
GC_00002306	2	2	1	0	1.0	1.0	1.0	1.0	1.0	1.0
GC_00002307	2	2	1	0	1.0	1.0	1.0	1.0	1.0	1.0
GC_00002308	1	2	2	0	1.0	1.0	1.0	1.0	1.0	1.0
GC_00002309	2	2	1	0	1.0	1.0	1.0	1.0	1.0	1.0
GC_00002310	2	2	1	0	1.0	1.0	1.0	1.0	1.0	1.0
GC_00002311	2	2	1	0	1.0	1.0	1.0	1.0	1.0	1.0
GC_00002312	2	2	1	0	1.0	1.0	1.0	1.0	1.0	1.0
GC_00002313	2	2	1	0	1.0	1.0	1.0	1.0	1.0	1.0
GC_00002314	2	2	1	0	1.0	1.0	1.0	1.0	1.0	1.0
GC_00002315	2	2	1	0	1.0	1.0	1.0	1.0	1.0	1.0
GC_00002316	2	2	1	0	1.0	1.0	1.0	1.0	1.0	1.0
GC_00002317	2	2	1	0	1.0	1.0	1.0	1.0	1.0	1.0
GC_00002318	2	2	1	0	1.0	1.0	1.0	1.0	1.0	1.0
GC_00002319	2	2	1	0	1.0	1.0	1.0	1.0	1.0	1.0
GC_00002320	2	2	1	0	1.0	1.0	1.0	1.0	1.0	1.0
GC_00002321	2	2	1	0	1.0	1.0	1.0	1.0	1.0	1.0
GC_00002322	2	2	1	0	1.0	1.0	1.0	1.0	1.0	1.0
GC_00002323	2	2	1	0	1.0	1.0	1.0	1.0	1.0	1.0
GC_00002324	2	2	1	0	1.0	1.0	1.0	1.0	1.0	1.0
GC_00002325	2	2	1	0	1.0	1.0	1.0	1.0	1.0	1.0
GC_00002326	2	2	1	0	1.0	1.0	1.0	1.0	1.0	1.0
GC_00002327	2	2	1	0	1.0	1.0	1.0	1.0	1.0	1.0
GC_00002328	2	2	1	0	1.0	1.0	1.0	1.0	1.0	1.0
GC_00002329	2	2	1	0	1.0	1.0	1.0	1.0	1.0	1.0
GC_00002330	2	2	1	0	1.0	1.0	1.0	1.0	1.0	1.0
GC_00002331	2	2	1	0	1.0	1.0	1.0	1.0	1.0	1.0
GC_00002332	2	2	1	0	1.0	1.0	1.0	1.0	1.0	1.0
GC_00002333	2	2	1	0	1.0	1.0	1.0	1.0	1.0	1.0
GC_00002334	2	2	1	0	1.0	1.0	1.0	1.0	1.0	1.0
GC_00002335	2	2	1	0	1.0	1.0	1.0	1.0	1.0	1.0
GC_00002336	2	2	1	0	1.0	1.0	1.0	1.0	1.0	1.0
GC_00002337	2	2	1	0	1.0	1.0	1.0	1.0	1.0	1.0
GC_00002338	2	2	1	0	1.0	1.0	1.0	1.0	1.0	1.0
GC_00002339	2	2	1	0	1.0	1.0	1.0	1.0	1.0	1.0
GC_00002340	2	2	1	0	1.0	1.0	1.0	1.0	1.0	1.0
GC_00002341	2	2	1	0	1.0	1.0	1.0	1.0	1.0	1.0
GC_00002342	2	2	1	0	1.0	1.0	1.0	1.0	1.0	1.0
GC_00002343	2	2	1	0	1.0	1.0	1.0	1.0	1.0	1.0
GC_00002344	2	2	1	0	1.0	1.0	1.0	1.0	1.0	1.0
GC_00002345	2	2	1	0	1.0	1.0	1.0	1.0	1.0	1.0
GC_00002346	2	2	1	0	1.0	1.0	1.0	1.0	1.0	1.0
GC_00002347	2	2	1	0	1.0	1.0	1.0	1.0	1.0	1.0
GC_00002348	2	2	1	0	1.0	1.0	1.0	1.0	1.0	1.0
GC_00002349	2	2	1	0	1.0	1.0	1.0	1.0	1.0	1.0
GC_00002350	2	2	1	0	1.0	1.0	1.0	1.0	1.0	1.0
GC_00002351	2	2	1	0	1.0	1.0	1.0	1.0	1.0	1.0
GC_00002352	2	2	1	0	1.0	1.0	1.0	1.0	1.0	1.0
GC_00002353	2	2	1	0	1.0	1.0	1.0	1.0	1.0	1.0
GC_00002354	2	2	1	0	1.0	1.0	1.0	1.0	1.0	1.0
GC_00002355	2	2	1	0	1.0	1.0	1.0	1.0	1.0	1.0
GC_00002356	2	2	1	0	1.0	1.0	1.0	1.0	1.0	1.0
GC_00002357	2	2	1	0	1.0	1.0	1.0	1.0	1.0	1.0
GC_00002358	2	2	1	0	1.0	1.0	1.0	1.0	1.0	1.0
GC_00002359	2	2	1	0	1.0	1.0	1.0	1.0	1.0	1.0
GC_00002360	2	2	1	0	1.0	1.0	1.0	1.0	1.0	1.0
GC_00002361	2	2	1	0	1.0	1.0	1.0	1.0	1.0	1.0
GC_00002362	2	2	1	0	1.0	1.0	1.0	1.0	1.0	1.0
GC_00002363	2	2	1	0	1.0	1.0	1.0	1.0	1.0	1.0
GC_00002364	1	2	2	0	1.0	1.0	1.0	1.0	1.0	1.0
GC_00002365	2	2	1	0	1.0	1.0	1.0	1.0	1.0	1.0
GC_00002366	2	2	1	0	1.0	1.0	1.0	1.0	1.0	1.0
GC_00002367	2	2	1	0	1.0	1.0	1.0	1.0	1.0	1.0
GC_00002368	2	2	1	0	1.0	1.0	1.0	1.0	1.0	1.0
GC_00002369	2	2	1	0	1.0	1.0	1.0	1.0	1.0	1.0
GC_00002370	2	2	1	0	1.0	1.0	1.0	1.0	1.0	1.0
GC_00002371	2	2	1	0	1.0	1.0	1.0	1.0	1.0	1.0
GC_00002372	2	2	1	0	1.0	1.0	1.0	1.0	1.0	1.0
GC_00002373	2	2	1	0	1.0	1.0	1.0	1.0	1.0	1.0
GC_00002374	2	2	1	0	1.0	1.0	1.0	1.0	1.0	1.0
GC_00002375	2	2	1	0	1.0	1.0	1.0	1.0	1.0	1.0
GC_00002376	2	2	1	0	1.0	1.0	1.0	1.0	1.0	1.0
GC_00002377	2	2	1	0	1.0	1.0	1.0	1.0	1.0	1.0
GC_00002378	2	2	1	0	0.817777777777778	0.938132911392405	0.87383060228563	0.725	0.725	0.725
GC_00002379	2	2	1	0	1.0	1.0	1.0	1.0	1.0	1.0
GC_00002380	2	2	1	0	1.0	1.0	1.0	1.0	1.0	1.0
GC_00002381	2	2	1	0	1.0	1.0	1.0	1.0	1.0	1.0
GC_00002382	2	2	1	0	1.0	1.0	1.0	1.0	1.0	1.0
GC_00002383	1	2	2	0	1.0	1.0	1.0	1.0	1.0	1.0
GC_00002384	2	2	1	0	1.0	1.0	1.0	1.0	1.0	1.0
GC_00002385	2	2	1	0	1.0	1.0	1.0	1.0	1.0	1.0
GC_00002386	2	2	1	0	1.0	1.0	1.0	1.0	1.0	1.0
GC_00002387	2	2	1	0	1.0	1.0	1.0	1.0	1.0	1.0
GC_00002388	2	2	1	0	1.0	1.0	1.0	1.0	1.0	1.0
GC_00002389	2	2	1	0	1.0	1.0	1.0	1.0	1.0	1.0
GC_00002390	2	2	1	0	1.0	1.0	1.0	1.0	1.0	1.0
GC_00002391	2	2	1	0	1.0	1.0	1.0	1.0	1.0	1.0
GC_00002392	2	2	1	0	1.0	1.0	1.0	1.0	1.0	1.0
GC_00002393	2	2	1	0	1.0	1.0	1.0	1.0	1.0	1.0
GC_00002394	1	2	2	0	1.0	1.0	1.0	1.0	1.0	1.0
GC_00002395	2	2	1	0	1.0	1.0	1.0	1.0	1.0	1.0
GC_00002396	2	2	1	0	1.0	1.0	1.0	1.0	1.0	1.0
GC_00002397	2	2	1	0	0.992359121298949	0.983217951778468	0.987767388039533	0.971830985915493	0.971830985915493	0.971830985915493
GC_00002398	2	2	1	0	0.987421383647799	0.981568016614744	0.98448599975289	0.962962962962963	0.962962962962963	0.962962962962963
GC_00002399	2	2	1	0	0.929174788823912	0.988495101211871	0.957917451480529	0.901734104046243	0.901734104046243	0.901734104046243
GC_00002400	1	2	2	0	0.706060606060606	0.95728451563692	0.812700715523483	0.582608695652174	0.582608695652174	0.582608695652174
GC_00002401	2	2	1	0	0.77597672485453	0.892884093336865	0.830335600032988	0.64712389380531	0.64712389380531	0.64712389380531
GC_00002402	2	2	1	0	0.98804780876494	0.996031746031748	0.992023713714273	0.984126984126984	0.984126984126984	0.984126984126984
GC_00002403	2	2	1	0	0.968253968253968	1.0	0.983870967741935	0.964285714285714	0.964285714285714	0.964285714285714
GC_00002404	2	2	1	0	0.943589743589744	1.0	0.970976253298153	0.923076923076923	0.923076923076923	0.923076923076923
GC_00002405	2	2	1	0	0.865771812080537	1.0	0.928057553956835	0.852348993288591	0.852348993288591	0.852348993288591
GC_00002406	2	2	1	0	0.995395948434622	1.0	0.997692662667282	0.99171270718232	0.99171270718232	0.99171270718232
GC_00002407	1	2	2	0	0.930232558139535	1.0	0.963855421686747	0.883720930232558	0.883720930232558	0.883720930232558
GC_00002408	2	2	1	0	0.956043956043956	0.64423076923077	0.769758996368439	0.502958579881657	0.502958579881657	0.502958579881657
GC_00002409	2	2	1	0	0.992156862745098	0.618277179461844	0.761816914700969	0.481375358166189	0.481375358166189	0.481375358166189
GC_00002410	2	2	1	0	0.988505747126437	0.841176470588235	0.908909500757548	0.8	0.8	0.8
GC_00002411	2	2	1	0	0.994791666666667	1.0	0.997389033942559	0.984375	0.984375	0.984375
GC_00002412	2	2	1	0	0.96360153256705	1.0	0.981463414634146	0.954022988505747	0.954022988505747	0.954022988505747
GC_00002413	2	2	1	0	0.992481203007519	0.903681898602894	0.946002268581001	0.891891891891892	0.891891891891892	0.891891891891892
GC_00002414	2	2	1	0	1.0	0.85	0.918918918918919	0.84	0.84	0.84
GC_00002415	2	2	1	0	0.952038369304556	1.0	0.975429975429975	0.942446043165468	0.942446043165468	0.942446043165468
GC_00002416	2	2	1	0	0.987373737373737	1.0	0.993646759847522	0.981060606060606	0.981060606060606	0.981060606060606
GC_00002417	2	2	1	0	0.974489795918367	0.961460446247464	0.96793127595995	0.936274509803922	0.936274509803922	0.936274509803922
GC_00002418	2	2	1	0	0.711711711711712	0.608081791626095	0.655828251441485	0.316455696202532	0.316455696202532	0.316455696202532
GC_00002419	2	2	1	0	0.988505747126437	0.581848303393217	0.732523206049785	0.395209580838323	0.395209580838323	0.395209580838323
GC_00002420	2	2	1	0	1.0	0.461887477313975	0.631905648665425	0.362068965517241	0.362068965517241	0.362068965517241
GC_00002421	2	2	1	0	0.975	1.0	0.987341772151899	0.975	0.975	0.975
GC_00002422	2	2	1	0	0.767932489451477	0.503022025152756	0.607869048948249	0.0619977037887486	0.0619977037887486	0.0619977037887486
GC_00002423	2	2	1	0	0.952380952380952	0.568501170960189	0.711994280581476	0.351020408163265	0.351020408163265	0.351020408163265
GC_00002424	2	2	1	0	0.997747747747748	1.0	0.998872604284104	0.997747747747748	0.997747747747748	0.997747747747748
GC_00002425	2	2	1	0	0.998240985048373	0.99736842105263	0.997804512289743	0.992105263157895	0.992105263157895	0.992105263157895
GC_00002426	2	2	1	0	0.622222222222222	0.904081632653061	0.737126727083643	0.52	0.52	0.52
GC_00002427	2	2	1	0	0.652083333333333	0.559723356903401	0.602383656163493	0.188311688311688	0.188311688311688	0.188311688311688
GC_00002428	2	2	1	0	0.738440303657695	0.989779344935538	0.845833410843649	0.602459016393443	0.602459016393443	0.602459016393443
GC_00002429	2	2	1	0	0.992430858806405	1.0	0.996201052016365	0.989519650655022	0.989519650655022	0.989519650655022
GC_00002430	2	2	1	0	0.855555555555556	0.736567762630313	0.791615365673479	0.574712643678161	0.574712643678161	0.574712643678161
GC_00002431	1	2	2	0	0.666666666666667	0.951307096896124	0.783949339039416	0.546583850931677	0.546583850931677	0.546583850931677
GC_00002432	2	2	1	0	0.974358974358974	0.558530274279797	0.710043449882586	0.334310850439883	0.334310850439883	0.334310850439883
GC_00002433	2	2	1	0	0.931707317073171	1.0	0.964646464646465	0.892682926829268	0.892682926829268	0.892682926829268
GC_00002434	2	2	1	0	0.971428571428571	0.647569444444444	0.777107141762921	0.53125	0.53125	0.53125
GC_00002435	2	2	1	0	0.973063973063973	1.0	0.986348122866894	0.95959595959596	0.95959595959596	0.95959595959596
GC_00002436	2	2	1	0	0.802504816955684	0.837128152923876	0.819450922824481	0.63895486935867	0.63895486935867	0.63895486935867
GC_00002437	2	2	1	0	0.943396226415094	0.916817906836055	0.929917194110627	0.862068965517241	0.862068965517241	0.862068965517241
GC_00002438	2	2	1	0	0.997854077253219	1.0	0.998925886143931	0.997854077253219	0.997854077253219	0.997854077253219
GC_00002439	1	2	2	0	0.966666666666667	1.0	0.983050847457627	0.966666666666667	0.966666666666667	0.966666666666667
GC_00002440	2	2	1	0	1.0	0.734782608695652	0.847117794486215	0.717391304347826	0.717391304347826	0.717391304347826
GC_00002441	2	2	1	0	1.0	0.74228348816302	0.852081183350533	0.697183098591549	0.697183098591549	0.697183098591549
GC_00002442	2	2	1	0	0.927536231884058	1.0	0.962406015037594	0.91304347826087	0.91304347826087	0.91304347826087
GC_00002443	1	2	2	0	0.768115942028985	0.725490196078431	0.746194824961948	0.5	0.5	0.5
GC_00002444	2	2	1	0	1.0	0.989487791598612	0.994716123192221	0.989445910290237	0.989445910290237	0.989445910290237
GC_00002445	2	2	1	0	0.734767025089606	0.587195793078147	0.652744691599052	0.283783783783784	0.283783783783784	0.283783783783784
GC_00002446	2	2	1	0	0.738396624472574	1.0	0.849514563106796	0.678119349005425	0.678119349005425	0.678119349005425
GC_00002447	2	2	1	0	1.0	0.903754672103297	0.949444469233859	0.899082568807339	0.899082568807339	0.899082568807339
GC_00002448	2	2	1	0	0.976744186046512	0.698200175592625	0.814311182897283	0.617647058823529	0.617647058823529	0.617647058823529
GC_00002449	2	2	1	0	0.91343669250646	0.988549955791335	0.949510137522337	0.877394636015326	0.877394636015326	0.877394636015326
GC_00002450	2	2	1	0	0.96551724137931	0.983050847457627	0.974205158968206	0.949152542372881	0.949152542372881	0.949152542372881
GC_00002451	2	2	1	0	1.0	0.995121951219513	0.997555012224939	0.995121951219512	0.995121951219512	0.995121951219512
GC_00002452	2	2	1	0	0.978666666666667	1.0	0.98921832884097	0.968	0.968	0.968
GC_00002453	2	2	1	0	0.983333333333333	1.0	0.991596638655462	0.975	0.975	0.975
GC_00002454	1	2	2	0	0.954022988505747	0.989384578936822	0.971382069918487	0.925373134328358	0.925373134328358	0.925373134328358
GC_00002455	2	2	1	0	0.98989898989899	0.802095739807604	0.886156359140444	0.77027027027027	0.77027027027027	0.77027027027027
GC_00002456	2	2	1	0	0.914285714285714	0.775208140610546	0.839022558743469	0.638297872340426	0.638297872340426	0.638297872340426
GC_00002457	2	2	1	0	0.993265993265993	0.986777408637876	0.990011069434859	0.980066445182724	0.980066445182724	0.980066445182724
GC_00002458	2	2	1	0	0.991809991809992	1.0	0.995888157894737	0.99017199017199	0.99017199017199	0.99017199017199
GC_00002459	2	2	1	0	1.0	0.921028334006582	0.95889094158819	0.917710196779964	0.917710196779964	0.917710196779964
GC_00002460	2	2	1	0	0.974358974358974	0.760179434092477	0.85404583735035	0.703703703703704	0.703703703703704	0.703703703703704
GC_00002461	2	2	1	0	1.0	0.975609756097561	0.987654320987654	0.975609756097561	0.975609756097561	0.975609756097561
GC_00002462	2	2	1	0	0.895833333333333	0.555135135135135	0.685484997594027	0.346666666666667	0.346666666666667	0.346666666666667
GC_00002463	2	2	1	0	0.975308641975309	1.0	0.9875	0.962962962962963	0.962962962962963	0.962962962962963
GC_00002464	2	2	1	0	0.996732026143791	1.0	0.998363338788871	0.996732026143791	0.996732026143791	0.996732026143791
GC_00002465	2	2	1	0	0.890295358649789	0.931512605042016	0.910437724854492	0.811764705882353	0.811764705882353	0.811764705882353
GC_00002466	2	2	1	0	0.986338797814208	1.0	0.993122420907841	0.980874316939891	0.980874316939891	0.980874316939891
GC_00002467	2	2	1	0	0.73224043715847	0.572844518748507	0.642808606342004	0.264150943396226	0.264150943396226	0.264150943396226
GC_00002468	2	2	1	0	0.986496913580247	0.869483260985917	0.924301417791592	0.846766169154229	0.846766169154229	0.846766169154229
GC_00002469	1	2	2	0	0.986702127659574	1.0	0.99330655957162	0.986702127659574	0.986702127659574	0.986702127659574
GC_00002470	2	2	1	0	1.0	0.772260273972603	0.871497584541063	0.73972602739726	0.73972602739726	0.73972602739726
GC_00002471	2	2	1	0	0.666666666666667	0.968832710224913	0.789836404231284	0.515815085158151	0.515815085158151	0.515815085158151
GC_00002472	2	2	1	0	0.97119341563786	1.0	0.985386221294363	0.962962962962963	0.962962962962963	0.962962962962963
GC_00002473	1	2	2	0	0.6171802054155	0.975529605509397	0.756041757497005	0.516393442622951	0.516393442622951	0.516393442622951
GC_00002474	2	2	1	0	0.999079189686924	0.790210970464137	0.882454230884918	0.76	0.76	0.76
GC_00002475	2	2	1	0	0.988505747126437	0.856082238720731	0.917540631817195	0.83495145631068	0.83495145631068	0.83495145631068
GC_00002476	1	2	2	0	0.990476190476191	0.881410256410256	0.932765846419777	0.85	0.85	0.85
GC_00002477	2	2	1	0	0.764044943820225	0.880120364977674	0.817985285562379	0.647058823529412	0.647058823529412	0.647058823529412
GC_00002478	2	2	1	0	0.998054474708171	1.0	0.999026290165531	0.998054474708171	0.998054474708171	0.998054474708171
GC_00002479	2	2	1	0	0.961038961038961	0.993548387096774	0.977023319615912	0.941935483870968	0.941935483870968	0.941935483870968
GC_00002480	2	2	1	0	0.905797101449275	1.0	0.950570342205323	0.891304347826087	0.891304347826087	0.891304347826087
GC_00002481	2	2	1	0	0.747747747747748	0.660096153846154	0.70119338056811	0.384615384615385	0.384615384615385	0.384615384615385
GC_00002482	1	2	2	0	0.642857142857143	0.947994987468671	0.766162156079446	0.533834586466165	0.533834586466165	0.533834586466165
GC_00002483	2	2	1	0	0.950731331793687	0.964688394845685	0.957659012948269	0.902004454342984	0.902004454342984	0.902004454342984
GC_00002484	2	2	1	0	0.62962962962963	0.717295873573309	0.670609820868138	0.367647058823529	0.367647058823529	0.367647058823529
GC_00002485	1	2	2	0	0.661111111111111	0.83675799086758	0.738635978728449	0.506849315068493	0.506849315068493	0.506849315068493
GC_00002486	2	2	1	0	0.990566037735849	1.0	0.995260663507109	0.990566037735849	0.990566037735849	0.990566037735849
GC_00002487	2	2	1	0	0.679542203147353	0.929577689243027	0.785133878379252	0.585657370517928	0.585657370517928	0.585657370517928
GC_00002488	2	2	1	0	1.0	0.64246947082768	0.782321354812061	0.537313432835821	0.537313432835821	0.537313432835821
GC_00002489	2	2	1	0	0.986666666666667	1.0	0.993288590604027	0.986666666666667	0.986666666666667	0.986666666666667
GC_00002490	2	2	1	0	0.706293706293706	0.987943058966952	0.823707735580342	0.635578583765112	0.635578583765112	0.635578583765112
GC_00002491	2	2	1	0	0.992994746059545	0.993061657324643	0.993028200564956	0.986086956521739	0.986086956521739	0.986086956521739
GC_00002492	2	2	1	0	0.970588235294118	1.0	0.985074626865672	0.970588235294118	0.970588235294118	0.970588235294118
GC_00002493	2	2	1	0	0.893827160493827	0.992647058823528	0.940648849451913	0.823529411764706	0.823529411764706	0.823529411764706
GC_00002494	2	2	1	0	0.819444444444444	0.508286795172039	0.627405273086003	0.103825136612022	0.103825136612022	0.103825136612022
GC_00002495	1	2	2	0	0.72938443670151	0.976434259710711	0.835019517599479	0.639455782312925	0.639455782312925	0.639455782312925
GC_00002496	2	2	1	0	0.804166666666667	1.0	0.891454965357968	0.7875	0.7875	0.7875
GC_00002497	2	2	1	0	0.995555555555556	1.0	0.997772828507795	0.986666666666667	0.986666666666667	0.986666666666667
GC_00002498	2	2	1	0	0.990867579908676	0.53813891388268	0.697478271568907	0.269961977186312	0.269961977186312	0.269961977186312
GC_00002499	2	2	1	0	0.989193682460515	0.992592683585974	0.990890268176102	0.98019801980198	0.98019801980198	0.98019801980198
GC_00002500	2	2	1	0	0.941176470588235	0.848360655737705	0.892361578876465	0.786885245901639	0.786885245901639	0.786885245901639
GC_00002501	2	2	1	0	0.916666666666667	1.0	0.956521739130435	0.901515151515151	0.901515151515151	0.901515151515151
GC_00002502	2	2	1	0	0.954918032786885	1.0	0.976939203354298	0.922131147540984	0.922131147540984	0.922131147540984
GC_00002503	2	2	1	0	0.950050968399592	1.0	0.974385781495034	0.935779816513762	0.935779816513762	0.935779816513762
GC_00002504	2	2	1	0	0.9792663476874	0.968044788975021	0.973623235701472	0.944444444444444	0.944444444444444	0.944444444444444
GC_00002505	1	1	1	0	1.0	1.0	1.0	0.0	0.0	0.0
GC_00002506	1	1	1	0	1.0	1.0	1.0	0.0	0.0	0.0
GC_00002507	1	1	1	0	1.0	1.0	1.0	0.0	0.0	0.0
GC_00002508	1	1	1	0	1.0	1.0	1.0	0.0	0.0	0.0
GC_00002509	1	1	1	0	1.0	1.0	1.0	0.0	0.0	0.0
GC_00002510	1	1	1	0	1.0	1.0	1.0	0.0	0.0	0.0
GC_00002511	1	1	1	0	1.0	1.0	1.0	0.0	0.0	0.0
GC_00002512	1	1	1	0	1.0	1.0	1.0	0.0	0.0	0.0
GC_00002513	1	1	1	0	1.0	1.0	1.0	0.0	0.0	0.0
GC_00002514	1	1	1	0	1.0	1.0	1.0	0.0	0.0	0.0
GC_00002515	1	1	1	0	1.0	1.0	1.0	0.0	0.0	0.0
GC_00002516	1	1	1	0	1.0	1.0	1.0	0.0	0.0	0.0
GC_00002517	1	1	1	0	1.0	1.0	1.0	0.0	0.0	0.0
GC_00002518	1	1	1	0	1.0	1.0	1.0	0.0	0.0	0.0
GC_00002519	1	1	1	0	1.0	1.0	1.0	0.0	0.0	0.0
GC_00002520	1	1	1	0	1.0	1.0	1.0	0.0	0.0	0.0
GC_00002521	1	1	1	0	1.0	1.0	1.0	0.0	0.0	0.0
GC_00002522	1	1	1	0	1.0	1.0	1.0	0.0	0.0	0.0
GC_00002523	1	1	1	0	1.0	1.0	1.0	0.0	0.0	0.0
GC_00002524	1	1	1	0	1.0	1.0	1.0	0.0	0.0	0.0
GC_00002525	1	1	1	0	1.0	1.0	1.0	0.0	0.0	0.0
GC_00002526	1	1	1	0	1.0	1.0	1.0	0.0	0.0	0.0
GC_00002527	1	1	1	0	1.0	1.0	1.0	0.0	0.0	0.0
GC_00002528	1	1	1	0	1.0	1.0	1.0	0.0	0.0	0.0
GC_00002529	1	1	1	0	1.0	1.0	1.0	0.0	0.0	0.0
GC_00002530	1	1	1	0	1.0	1.0	1.0	0.0	0.0	0.0
GC_00002531	1	1	1	0	1.0	1.0	1.0	0.0	0.0	0.0
GC_00002532	1	1	1	0	1.0	1.0	1.0	0.0	0.0	0.0
GC_00002533	1	1	1	0	1.0	1.0	1.0	0.0	0.0	0.0
GC_00002534	1	1	1	0	1.0	1.0	1.0	0.0	0.0	0.0
GC_00002535	1	1	1	0	1.0	1.0	1.0	0.0	0.0	0.0
GC_00002536	1	1	1	0	1.0	1.0	1.0	0.0	0.0	0.0
GC_00002537	1	1	1	0	1.0	1.0	1.0	0.0	0.0	0.0
GC_00002538	1	1	1	0	1.0	1.0	1.0	0.0	0.0	0.0
GC_00002539	1	1	1	0	1.0	1.0	1.0	0.0	0.0	0.0
GC_00002540	1	1	1	0	1.0	1.0	1.0	0.0	0.0	0.0
GC_00002541	1	1	1	0	1.0	1.0	1.0	0.0	0.0	0.0
GC_00002542	1	1	1	0	1.0	1.0	1.0	0.0	0.0	0.0
GC_00002543	1	1	1	0	1.0	1.0	1.0	0.0	0.0	0.0
GC_00002544	1	1	1	0	1.0	1.0	1.0	0.0	0.0	0.0
GC_00002545	1	1	1	0	1.0	1.0	1.0	0.0	0.0	0.0
GC_00002546	1	1	1	0	1.0	1.0	1.0	0.0	0.0	0.0
GC_00002547	1	1	1	0	1.0	1.0	1.0	0.0	0.0	0.0
GC_00002548	1	1	1	0	1.0	1.0	1.0	0.0	0.0	0.0
GC_00002549	1	1	1	0	1.0	1.0	1.0	0.0	0.0	0.0
GC_00002550	1	1	1	0	1.0	1.0	1.0	0.0	0.0	0.0
GC_00002551	1	1	1	0	1.0	1.0	1.0	0.0	0.0	0.0
GC_00002552	1	1	1	0	1.0	1.0	1.0	0.0	0.0	0.0
GC_00002553	1	1	1	0	1.0	1.0	1.0	0.0	0.0	0.0
GC_00002554	1	1	1	0	1.0	1.0	1.0	0.0	0.0	0.0
GC_00002555	1	1	1	0	1.0	1.0	1.0	0.0	0.0	0.0
GC_00002556	1	1	1	0	1.0	1.0	1.0	0.0	0.0	0.0
GC_00002557	1	1	1	0	1.0	1.0	1.0	0.0	0.0	0.0
GC_00002558	1	1	1	0	1.0	1.0	1.0	0.0	0.0	0.0
GC_00002559	1	1	1	0	1.0	1.0	1.0	0.0	0.0	0.0
GC_00002560	1	1	1	0	1.0	1.0	1.0	0.0	0.0	0.0
GC_00002561	1	1	1	0	1.0	1.0	1.0	0.0	0.0	0.0
GC_00002562	1	1	1	0	1.0	1.0	1.0	0.0	0.0	0.0
GC_00002563	1	1	1	0	1.0	1.0	1.0	0.0	0.0	0.0
GC_00002564	1	1	1	0	1.0	1.0	1.0	0.0	0.0	0.0
GC_00002565	1	1	1	0	1.0	1.0	1.0	0.0	0.0	0.0
GC_00002566	1	1	1	0	1.0	1.0	1.0	0.0	0.0	0.0
GC_00002567	1	1	1	0	1.0	1.0	1.0	0.0	0.0	0.0
GC_00002568	1	1	1	0	1.0	1.0	1.0	0.0	0.0	0.0
GC_00002569	1	1	1	0	1.0	1.0	1.0	0.0	0.0	0.0
GC_00002570	1	1	1	0	1.0	1.0	1.0	0.0	0.0	0.0
GC_00002571	1	1	1	0	1.0	1.0	1.0	0.0	0.0	0.0
GC_00002572	1	1	1	0	1.0	1.0	1.0	0.0	0.0	0.0
GC_00002573	1	1	1	0	1.0	1.0	1.0	0.0	0.0	0.0
GC_00002574	1	1	1	0	1.0	1.0	1.0	0.0	0.0	0.0
GC_00002575	1	1	1	0	1.0	1.0	1.0	0.0	0.0	0.0
GC_00002576	1	1	1	0	1.0	1.0	1.0	0.0	0.0	0.0
GC_00002577	1	1	1	0	1.0	1.0	1.0	0.0	0.0	0.0
GC_00002578	1	1	1	0	1.0	1.0	1.0	0.0	0.0	0.0
GC_00002579	1	1	1	0	1.0	1.0	1.0	0.0	0.0	0.0
GC_00002580	1	1	1	0	1.0	1.0	1.0	0.0	0.0	0.0
GC_00002581	1	1	1	0	1.0	1.0	1.0	0.0	0.0	0.0
GC_00002582	1	1	1	0	1.0	1.0	1.0	0.0	0.0	0.0
GC_00002583	1	1	1	0	1.0	1.0	1.0	0.0	0.0	0.0
GC_00002584	1	1	1	0	1.0	1.0	1.0	0.0	0.0	0.0
GC_00002585	1	1	1	0	1.0	1.0	1.0	0.0	0.0	0.0
GC_00002586	1	1	1	0	1.0	1.0	1.0	0.0	0.0	0.0
GC_00002587	1	1	1	0	1.0	1.0	1.0	0.0	0.0	0.0
GC_00002588	1	1	1	0	1.0	1.0	1.0	0.0	0.0	0.0
GC_00002589	1	1	1	0	1.0	1.0	1.0	0.0	0.0	0.0
GC_00002590	1	1	1	0	1.0	1.0	1.0	0.0	0.0	0.0
GC_00002591	1	1	1	0	1.0	1.0	1.0	0.0	0.0	0.0
GC_00002592	1	1	1	0	1.0	1.0	1.0	0.0	0.0	0.0
GC_00002593	1	1	1	0	1.0	1.0	1.0	0.0	0.0	0.0
GC_00002594	1	1	1	0	1.0	1.0	1.0	0.0	0.0	0.0
GC_00002595	1	1	1	0	1.0	1.0	1.0	0.0	0.0	0.0
GC_00002596	1	1	1	0	1.0	1.0	1.0	0.0	0.0	0.0
GC_00002597	1	1	1	0	1.0	1.0	1.0	0.0	0.0	0.0
GC_00002598	1	1	1	0	1.0	1.0	1.0	0.0	0.0	0.0
GC_00002599	1	1	1	0	1.0	1.0	1.0	0.0	0.0	0.0
GC_00002600	1	1	1	0	1.0	1.0	1.0	0.0	0.0	0.0
GC_00002601	1	1	1	0	1.0	1.0	1.0	0.0	0.0	0.0
GC_00002602	1	1	1	0	1.0	1.0	1.0	0.0	0.0	0.0
GC_00002603	1	1	1	0	1.0	1.0	1.0	0.0	0.0	0.0
GC_00002604	1	1	1	0	1.0	1.0	1.0	0.0	0.0	0.0
GC_00002605	1	1	1	0	1.0	1.0	1.0	0.0	0.0	0.0
GC_00002606	1	1	1	0	1.0	1.0	1.0	0.0	0.0	0.0
GC_00002607	1	1	1	0	1.0	1.0	1.0	0.0	0.0	0.0
GC_00002608	1	1	1	0	1.0	1.0	1.0	0.0	0.0	0.0
GC_00002609	1	1	1	0	1.0	1.0	1.0	0.0	0.0	0.0
GC_00002610	1	1	1	0	1.0	1.0	1.0	0.0	0.0	0.0
GC_00002611	1	1	1	0	1.0	1.0	1.0	0.0	0.0	0.0
GC_00002612	1	1	1	0	1.0	1.0	1.0	0.0	0.0	0.0
GC_00002613	1	1	1	0	1.0	1.0	1.0	0.0	0.0	0.0
GC_00002614	1	1	1	0	1.0	1.0	1.0	0.0	0.0	0.0
GC_00002615	1	1	1	0	1.0	1.0	1.0	0.0	0.0	0.0
GC_00002616	1	1	1	0	1.0	1.0	1.0	0.0	0.0	0.0
GC_00002617	1	1	1	0	1.0	1.0	1.0	0.0	0.0	0.0
GC_00002618	1	1	1	0	1.0	1.0	1.0	0.0	0.0	0.0
GC_00002619	1	1	1	0	1.0	1.0	1.0	0.0	0.0	0.0
GC_00002620	1	1	1	0	1.0	1.0	1.0	0.0	0.0	0.0
GC_00002621	1	1	1	0	1.0	1.0	1.0	0.0	0.0	0.0
GC_00002622	1	1	1	0	1.0	1.0	1.0	0.0	0.0	0.0
GC_00002623	1	1	1	0	1.0	1.0	1.0	0.0	0.0	0.0
GC_00002624	1	1	1	0	1.0	1.0	1.0	0.0	0.0	0.0
GC_00002625	1	1	1	0	1.0	1.0	1.0	0.0	0.0	0.0
GC_00002626	1	1	1	0	1.0	1.0	1.0	0.0	0.0	0.0
GC_00002627	1	1	1	0	1.0	1.0	1.0	0.0	0.0	0.0
GC_00002628	1	1	1	0	1.0	1.0	1.0	0.0	0.0	0.0
GC_00002629	1	1	1	0	1.0	1.0	1.0	0.0	0.0	0.0
GC_00002630	1	1	1	0	1.0	1.0	1.0	0.0	0.0	0.0
GC_00002631	1	1	1	0	1.0	1.0	1.0	0.0	0.0	0.0
GC_00002632	1	1	1	0	1.0	1.0	1.0	0.0	0.0	0.0
GC_00002633	1	1	1	0	1.0	1.0	1.0	0.0	0.0	0.0
GC_00002634	1	1	1	0	1.0	1.0	1.0	0.0	0.0	0.0
GC_00002635	1	1	1	0	1.0	1.0	1.0	0.0	0.0	0.0
GC_00002636	1	1	1	0	1.0	1.0	1.0	0.0	0.0	0.0
GC_00002637	1	1	1	0	1.0	1.0	1.0	0.0	0.0	0.0
GC_00002638	1	1	1	0	1.0	1.0	1.0	0.0	0.0	0.0
GC_00002639	1	1	1	0	1.0	1.0	1.0	0.0	0.0	0.0
GC_00002640	1	1	1	0	1.0	1.0	1.0	0.0	0.0	0.0
GC_00002641	1	1	1	0	1.0	1.0	1.0	0.0	0.0	0.0
GC_00002642	1	1	1	0	1.0	1.0	1.0	0.0	0.0	0.0
GC_00002643	1	1	1	0	1.0	1.0	1.0	0.0	0.0	0.0
GC_00002644	1	1	1	0	1.0	1.0	1.0	0.0	0.0	0.0
GC_00002645	1	1	1	0	1.0	1.0	1.0	0.0	0.0	0.0
GC_00002646	1	1	1	0	1.0	1.0	1.0	0.0	0.0	0.0
GC_00002647	1	1	1	0	1.0	1.0	1.0	0.0	0.0	0.0
GC_00002648	1	1	1	0	1.0	1.0	1.0	0.0	0.0	0.0
GC_00002649	1	1	1	0	1.0	1.0	1.0	0.0	0.0	0.0
GC_00002650	1	1	1	0	1.0	1.0	1.0	0.0	0.0	0.0
GC_00002651	1	1	1	0	1.0	1.0	1.0	0.0	0.0	0.0
GC_00002652	1	1	1	0	1.0	1.0	1.0	0.0	0.0	0.0
GC_00002653	1	1	1	0	1.0	1.0	1.0	0.0	0.0	0.0
GC_00002654	1	1	1	0	1.0	1.0	1.0	0.0	0.0	0.0
GC_00002655	1	1	1	0	1.0	1.0	1.0	0.0	0.0	0.0
GC_00002656	1	1	1	0	1.0	1.0	1.0	0.0	0.0	0.0
GC_00002657	1	1	1	0	1.0	1.0	1.0	0.0	0.0	0.0
GC_00002658	1	1	1	0	1.0	1.0	1.0	0.0	0.0	0.0
GC_00002659	1	1	1	0	1.0	1.0	1.0	0.0	0.0	0.0
GC_00002660	1	1	1	0	1.0	1.0	1.0	0.0	0.0	0.0
GC_00002661	1	1	1	0	1.0	1.0	1.0	0.0	0.0	0.0
GC_00002662	1	1	1	0	1.0	1.0	1.0	0.0	0.0	0.0
GC_00002663	1	1	1	0	1.0	1.0	1.0	0.0	0.0	0.0
GC_00002664	1	1	1	0	1.0	1.0	1.0	0.0	0.0	0.0
GC_00002665	1	1	1	0	1.0	1.0	1.0	0.0	0.0	0.0
GC_00002666	1	1	1	0	1.0	1.0	1.0	0.0	0.0	0.0
GC_00002667	1	1	1	0	1.0	1.0	1.0	0.0	0.0	0.0
GC_00002668	1	1	1	0	1.0	1.0	1.0	0.0	0.0	0.0
GC_00002669	1	1	1	0	1.0	1.0	1.0	0.0	0.0	0.0
GC_00002670	1	1	1	0	1.0	1.0	1.0	0.0	0.0	0.0
GC_00002671	1	1	1	0	1.0	1.0	1.0	0.0	0.0	0.0
GC_00002672	1	1	1	0	1.0	1.0	1.0	0.0	0.0	0.0
GC_00002673	1	1	1	0	1.0	1.0	1.0	0.0	0.0	0.0
GC_00002674	1	1	1	0	1.0	1.0	1.0	0.0	0.0	0.0
GC_00002675	1	1	1	0	1.0	1.0	1.0	0.0	0.0	0.0
GC_00002676	1	1	1	0	1.0	1.0	1.0	0.0	0.0	0.0
GC_00002677	1	1	1	0	1.0	1.0	1.0	0.0	0.0	0.0
GC_00002678	1	1	1	0	1.0	1.0	1.0	0.0	0.0	0.0
GC_00002679	1	1	1	0	1.0	1.0	1.0	0.0	0.0	0.0
GC_00002680	1	1	1	0	1.0	1.0	1.0	0.0	0.0	0.0
GC_00002681	1	1	1	0	1.0	1.0	1.0	0.0	0.0	0.0
GC_00002682	1	1	1	0	1.0	1.0	1.0	0.0	0.0	0.0
GC_00002683	1	1	1	0	1.0	1.0	1.0	0.0	0.0	0.0
GC_00002684	1	1	1	0	1.0	1.0	1.0	0.0	0.0	0.0
GC_00002685	1	1	1	0	1.0	1.0	1.0	0.0	0.0	0.0
GC_00002686	1	1	1	0	1.0	1.0	1.0	0.0	0.0	0.0
GC_00002687	1	1	1	0	1.0	1.0	1.0	0.0	0.0	0.0
GC_00002688	1	1	1	0	1.0	1.0	1.0	0.0	0.0	0.0
GC_00002689	1	1	1	0	1.0	1.0	1.0	0.0	0.0	0.0
GC_00002690	1	1	1	0	1.0	1.0	1.0	0.0	0.0	0.0
GC_00002691	1	1	1	0	1.0	1.0	1.0	0.0	0.0	0.0
GC_00002692	1	1	1	0	1.0	1.0	1.0	0.0	0.0	0.0
GC_00002693	1	1	1	0	1.0	1.0	1.0	0.0	0.0	0.0
GC_00002694	1	1	1	0	1.0	1.0	1.0	0.0	0.0	0.0
GC_00002695	1	1	1	0	1.0	1.0	1.0	0.0	0.0	0.0
GC_00002696	1	1	1	0	1.0	1.0	1.0	0.0	0.0	0.0
GC_00002697	1	1	1	0	1.0	1.0	1.0	0.0	0.0	0.0
GC_00002698	1	1	1	0	1.0	1.0	1.0	0.0	0.0	0.0
GC_00002699	1	1	1	0	1.0	1.0	1.0	0.0	0.0	0.0
GC_00002700	1	1	1	0	1.0	1.0	1.0	0.0	0.0	0.0
GC_00002701	1	1	1	0	1.0	1.0	1.0	0.0	0.0	0.0
GC_00002702	1	1	1	0	1.0	1.0	1.0	0.0	0.0	0.0
GC_00002703	1	1	1	0	1.0	1.0	1.0	0.0	0.0	0.0
GC_00002704	1	1	1	0	1.0	1.0	1.0	0.0	0.0	0.0
GC_00002705	1	1	1	0	1.0	1.0	1.0	0.0	0.0	0.0
GC_00002706	1	1	1	0	1.0	1.0	1.0	0.0	0.0	0.0
GC_00002707	1	1	1	0	1.0	1.0	1.0	0.0	0.0	0.0
GC_00002708	1	1	1	0	1.0	1.0	1.0	0.0	0.0	0.0
GC_00002709	1	1	1	0	1.0	1.0	1.0	0.0	0.0	0.0
GC_00002710	1	1	1	0	1.0	1.0	1.0	0.0	0.0	0.0
GC_00002711	1	1	1	0	1.0	1.0	1.0	0.0	0.0	0.0
GC_00002712	1	1	1	0	1.0	1.0	1.0	0.0	0.0	0.0
GC_00002713	1	1	1	0	1.0	1.0	1.0	0.0	0.0	0.0
GC_00002714	1	1	1	0	1.0	1.0	1.0	0.0	0.0	0.0
GC_00002715	1	1	1	0	1.0	1.0	1.0	0.0	0.0	0.0
GC_00002716	1	1	1	0	1.0	1.0	1.0	0.0	0.0	0.0
GC_00002717	1	1	1	0	1.0	1.0	1.0	0.0	0.0	0.0
GC_00002718	1	1	1	0	1.0	1.0	1.0	0.0	0.0	0.0
GC_00002719	1	1	1	0	1.0	1.0	1.0	0.0	0.0	0.0
GC_00002720	1	1	1	0	1.0	1.0	1.0	0.0	0.0	0.0
GC_00002721	1	1	1	0	1.0	1.0	1.0	0.0	0.0	0.0
GC_00002722	1	1	1	0	1.0	1.0	1.0	0.0	0.0	0.0
GC_00002723	1	1	1	0	1.0	1.0	1.0	0.0	0.0	0.0
GC_00002724	1	1	1	0	1.0	1.0	1.0	0.0	0.0	0.0
GC_00002725	1	1	1	0	1.0	1.0	1.0	0.0	0.0	0.0
GC_00002726	1	1	1	0	1.0	1.0	1.0	0.0	0.0	0.0
GC_00002727	1	1	1	0	1.0	1.0	1.0	0.0	0.0	0.0
GC_00002728	1	1	1	0	1.0	1.0	1.0	0.0	0.0	0.0
GC_00002729	1	1	1	0	1.0	1.0	1.0	0.0	0.0	0.0
GC_00002730	1	1	1	0	1.0	1.0	1.0	0.0	0.0	0.0
GC_00002731	1	1	1	0	1.0	1.0	1.0	0.0	0.0	0.0
GC_00002732	1	1	1	0	1.0	1.0	1.0	0.0	0.0	0.0
GC_00002733	1	1	1	0	1.0	1.0	1.0	0.0	0.0	0.0
GC_00002734	1	1	1	0	1.0	1.0	1.0	0.0	0.0	0.0
GC_00002735	1	1	1	0	1.0	1.0	1.0	0.0	0.0	0.0
GC_00002736	1	1	1	0	1.0	1.0	1.0	0.0	0.0	0.0
GC_00002737	1	1	1	0	1.0	1.0	1.0	0.0	0.0	0.0
GC_00002738	1	1	1	0	1.0	1.0	1.0	0.0	0.0	0.0
GC_00002739	1	1	1	0	1.0	1.0	1.0	0.0	0.0	0.0
GC_00002740	1	1	1	0	1.0	1.0	1.0	0.0	0.0	0.0
GC_00002741	1	1	1	0	1.0	1.0	1.0	0.0	0.0	0.0
GC_00002742	1	1	1	0	1.0	1.0	1.0	0.0	0.0	0.0
GC_00002743	1	1	1	0	1.0	1.0	1.0	0.0	0.0	0.0
GC_00002744	1	1	1	0	1.0	1.0	1.0	0.0	0.0	0.0
GC_00002745	1	1	1	0	1.0	1.0	1.0	0.0	0.0	0.0
GC_00002746	1	1	1	0	1.0	1.0	1.0	0.0	0.0	0.0
GC_00002747	1	1	1	0	1.0	1.0	1.0	0.0	0.0	0.0
GC_00002748	1	1	1	0	1.0	1.0	1.0	0.0	0.0	0.0
GC_00002749	1	1	1	0	1.0	1.0	1.0	0.0	0.0	0.0
GC_00002750	1	1	1	0	1.0	1.0	1.0	0.0	0.0	0.0
GC_00002751	1	1	1	0	1.0	1.0	1.0	0.0	0.0	0.0
GC_00002752	1	1	1	0	1.0	1.0	1.0	0.0	0.0	0.0
GC_00002753	1	1	1	0	1.0	1.0	1.0	0.0	0.0	0.0
GC_00002754	1	1	1	0	1.0	1.0	1.0	0.0	0.0	0.0
GC_00002755	1	1	1	0	1.0	1.0	1.0	0.0	0.0	0.0
GC_00002756	1	1	1	0	1.0	1.0	1.0	0.0	0.0	0.0
GC_00002757	1	1	1	0	1.0	1.0	1.0	0.0	0.0	0.0
GC_00002758	1	1	1	0	1.0	1.0	1.0	0.0	0.0	0.0
GC_00002759	1	1	1	0	1.0	1.0	1.0	0.0	0.0	0.0
GC_00002760	1	1	1	0	1.0	1.0	1.0	0.0	0.0	0.0
GC_00002761	1	1	1	0	1.0	1.0	1.0	0.0	0.0	0.0
GC_00002762	1	1	1	0	1.0	1.0	1.0	0.0	0.0	0.0
GC_00002763	1	1	1	0	1.0	1.0	1.0	0.0	0.0	0.0
GC_00002764	1	1	1	0	1.0	1.0	1.0	0.0	0.0	0.0
GC_00002765	1	1	1	0	1.0	1.0	1.0	0.0	0.0	0.0
GC_00002766	1	1	1	0	1.0	1.0	1.0	0.0	0.0	0.0
GC_00002767	1	1	1	0	1.0	1.0	1.0	0.0	0.0	0.0
GC_00002768	1	1	1	0	1.0	1.0	1.0	0.0	0.0	0.0
GC_00002769	1	1	1	0	1.0	1.0	1.0	0.0	0.0	0.0
GC_00002770	1	1	1	0	1.0	1.0	1.0	0.0	0.0	0.0
GC_00002771	1	1	1	0	1.0	1.0	1.0	0.0	0.0	0.0
GC_00002772	1	1	1	0	1.0	1.0	1.0	0.0	0.0	0.0
GC_00002773	1	1	1	0	1.0	1.0	1.0	0.0	0.0	0.0
GC_00002774	1	1	1	0	1.0	1.0	1.0	0.0	0.0	0.0
GC_00002775	1	1	1	0	1.0	1.0	1.0	0.0	0.0	0.0
GC_00002776	1	1	1	0	1.0	1.0	1.0	0.0	0.0	0.0
GC_00002777	1	1	1	0	1.0	1.0	1.0	0.0	0.0	0.0
GC_00002778	1	1	1	0	1.0	1.0	1.0	0.0	0.0	0.0
GC_00002779	1	1	1	0	1.0	1.0	1.0	0.0	0.0	0.0
GC_00002780	1	1	1	0	1.0	1.0	1.0	0.0	0.0	0.0
GC_00002781	1	1	1	0	1.0	1.0	1.0	0.0	0.0	0.0
GC_00002782	1	1	1	0	1.0	1.0	1.0	0.0	0.0	0.0
GC_00002783	1	1	1	0	1.0	1.0	1.0	0.0	0.0	0.0
GC_00002784	1	1	1	0	1.0	1.0	1.0	0.0	0.0	0.0
GC_00002785	1	1	1	0	1.0	1.0	1.0	0.0	0.0	0.0
GC_00002786	1	1	1	0	1.0	1.0	1.0	0.0	0.0	0.0
GC_00002787	1	1	1	0	1.0	1.0	1.0	0.0	0.0	0.0
GC_00002788	1	1	1	0	1.0	1.0	1.0	0.0	0.0	0.0
GC_00002789	1	1	1	0	1.0	1.0	1.0	0.0	0.0	0.0
GC_00002790	1	1	1	0	1.0	1.0	1.0	0.0	0.0	0.0
GC_00002791	1	1	1	0	1.0	1.0	1.0	0.0	0.0	0.0
GC_00002792	1	1	1	0	1.0	1.0	1.0	0.0	0.0	0.0
GC_00002793	1	1	1	0	1.0	1.0	1.0	0.0	0.0	0.0
GC_00002794	1	1	1	0	1.0	1.0	1.0	0.0	0.0	0.0
GC_00002795	1	1	1	0	1.0	1.0	1.0	0.0	0.0	0.0
GC_00002796	1	1	1	0	1.0	1.0	1.0	0.0	0.0	0.0
GC_00002797	1	1	1	0	1.0	1.0	1.0	0.0	0.0	0.0
GC_00002798	1	1	1	0	1.0	1.0	1.0	0.0	0.0	0.0
GC_00002799	1	1	1	0	1.0	1.0	1.0	0.0	0.0	0.0
GC_00002800	1	1	1	0	1.0	1.0	1.0	0.0	0.0	0.0
GC_00002801	1	1	1	0	1.0	1.0	1.0	0.0	0.0	0.0
GC_00002802	1	1	1	0	1.0	1.0	1.0	0.0	0.0	0.0
GC_00002803	1	1	1	0	1.0	1.0	1.0	0.0	0.0	0.0
GC_00002804	1	1	1	0	1.0	1.0	1.0	0.0	0.0	0.0
GC_00002805	1	1	1	0	1.0	1.0	1.0	0.0	0.0	0.0
GC_00002806	1	1	1	0	1.0	1.0	1.0	0.0	0.0	0.0
GC_00002807	1	1	1	0	1.0	1.0	1.0	0.0	0.0	0.0
GC_00002808	1	1	1	0	1.0	1.0	1.0	0.0	0.0	0.0
GC_00002809	1	1	1	0	1.0	1.0	1.0	0.0	0.0	0.0
GC_00002810	1	1	1	0	1.0	1.0	1.0	0.0	0.0	0.0
GC_00002811	1	1	1	0	1.0	1.0	1.0	0.0	0.0	0.0
GC_00002812	1	1	1	0	1.0	1.0	1.0	0.0	0.0	0.0
GC_00002813	1	1	1	0	1.0	1.0	1.0	0.0	0.0	0.0
GC_00002814	1	1	1	0	1.0	1.0	1.0	0.0	0.0	0.0
GC_00002815	1	1	1	0	1.0	1.0	1.0	0.0	0.0	0.0
GC_00002816	1	1	1	0	1.0	1.0	1.0	0.0	0.0	0.0
GC_00002817	1	1	1	0	1.0	1.0	1.0	0.0	0.0	0.0
GC_00002818	1	1	1	0	1.0	1.0	1.0	0.0	0.0	0.0
GC_00002819	1	1	1	0	1.0	1.0	1.0	0.0	0.0	0.0
GC_00002820	1	1	1	0	1.0	1.0	1.0	0.0	0.0	0.0
GC_00002821	1	1	1	0	1.0	1.0	1.0	0.0	0.0	0.0
GC_00002822	1	1	1	0	1.0	1.0	1.0	0.0	0.0	0.0
GC_00002823	1	1	1	0	1.0	1.0	1.0	0.0	0.0	0.0
GC_00002824	1	1	1	0	1.0	1.0	1.0	0.0	0.0	0.0
GC_00002825	1	1	1	0	1.0	1.0	1.0	0.0	0.0	0.0
GC_00002826	1	1	1	0	1.0	1.0	1.0	0.0	0.0	0.0
GC_00002827	1	1	1	0	1.0	1.0	1.0	0.0	0.0	0.0
GC_00002828	1	1	1	0	1.0	1.0	1.0	0.0	0.0	0.0
GC_00002829	1	1	1	0	1.0	1.0	1.0	0.0	0.0	0.0
GC_00002830	1	1	1	0	1.0	1.0	1.0	0.0	0.0	0.0
GC_00002831	1	1	1	0	1.0	1.0	1.0	0.0	0.0	0.0
GC_00002832	1	1	1	0	1.0	1.0	1.0	0.0	0.0	0.0
GC_00002833	1	1	1	0	1.0	1.0	1.0	0.0	0.0	0.0
GC_00002834	1	1	1	0	1.0	1.0	1.0	0.0	0.0	0.0
GC_00002835	1	1	1	0	1.0	1.0	1.0	0.0	0.0	0.0
GC_00002836	1	1	1	0	1.0	1.0	1.0	0.0	0.0	0.0
GC_00002837	1	1	1	0	1.0	1.0	1.0	0.0	0.0	0.0
GC_00002838	1	1	1	0	1.0	1.0	1.0	0.0	0.0	0.0
GC_00002839	1	1	1	0	1.0	1.0	1.0	0.0	0.0	0.0
GC_00002840	1	1	1	0	1.0	1.0	1.0	0.0	0.0	0.0
GC_00002841	1	1	1	0	1.0	1.0	1.0	0.0	0.0	0.0
GC_00002842	1	1	1	0	1.0	1.0	1.0	0.0	0.0	0.0
GC_00002843	1	1	1	0	1.0	1.0	1.0	0.0	0.0	0.0
GC_00002844	1	1	1	0	1.0	1.0	1.0	0.0	0.0	0.0
GC_00002845	1	1	1	0	1.0	1.0	1.0	0.0	0.0	0.0
GC_00002846	1	1	1	0	1.0	1.0	1.0	0.0	0.0	0.0
GC_00002847	1	1	1	0	1.0	1.0	1.0	0.0	0.0	0.0
GC_00002848	1	1	1	0	1.0	1.0	1.0	0.0	0.0	0.0
GC_00002849	1	1	1	0	1.0	1.0	1.0	0.0	0.0	0.0
GC_00002850	1	1	1	0	1.0	1.0	1.0	0.0	0.0	0.0
GC_00002851	1	1	1	0	1.0	1.0	1.0	0.0	0.0	0.0
GC_00002852	1	1	1	0	1.0	1.0	1.0	0.0	0.0	0.0
GC_00002853	1	1	1	0	1.0	1.0	1.0	0.0	0.0	0.0
GC_00002854	1	1	1	0	1.0	1.0	1.0	0.0	0.0	0.0
GC_00002855	1	1	1	0	1.0	1.0	1.0	0.0	0.0	0.0
GC_00002856	1	1	1	0	1.0	1.0	1.0	0.0	0.0	0.0
GC_00002857	1	1	1	0	1.0	1.0	1.0	0.0	0.0	0.0
GC_00002858	1	1	1	0	1.0	1.0	1.0	0.0	0.0	0.0
GC_00002859	1	1	1	0	1.0	1.0	1.0	0.0	0.0	0.0
GC_00002860	1	1	1	0	1.0	1.0	1.0	0.0	0.0	0.0
GC_00002861	1	1	1	0	1.0	1.0	1.0	0.0	0.0	0.0
GC_00002862	1	1	1	0	1.0	1.0	1.0	0.0	0.0	0.0
GC_00002863	1	1	1	0	1.0	1.0	1.0	0.0	0.0	0.0
GC_00002864	1	1	1	0	1.0	1.0	1.0	0.0	0.0	0.0
GC_00002865	1	1	1	0	1.0	1.0	1.0	0.0	0.0	0.0
GC_00002866	1	1	1	0	1.0	1.0	1.0	0.0	0.0	0.0
GC_00002867	1	1	1	0	1.0	1.0	1.0	0.0	0.0	0.0
GC_00002868	1	1	1	0	1.0	1.0	1.0	0.0	0.0	0.0
GC_00002869	1	1	1	0	1.0	1.0	1.0	0.0	0.0	0.0
GC_00002870	1	1	1	0	1.0	1.0	1.0	0.0	0.0	0.0
GC_00002871	1	1	1	0	1.0	1.0	1.0	0.0	0.0	0.0
GC_00002872	1	1	1	0	1.0	1.0	1.0	0.0	0.0	0.0
GC_00002873	1	1	1	0	1.0	1.0	1.0	0.0	0.0	0.0
GC_00002874	1	1	1	0	1.0	1.0	1.0	0.0	0.0	0.0
GC_00002875	1	1	1	0	1.0	1.0	1.0	0.0	0.0	0.0
GC_00002876	1	1	1	0	1.0	1.0	1.0	0.0	0.0	0.0
GC_00002877	1	1	1	0	1.0	1.0	1.0	0.0	0.0	0.0
GC_00002878	1	1	1	0	1.0	1.0	1.0	0.0	0.0	0.0
GC_00002879	1	1	1	0	1.0	1.0	1.0	0.0	0.0	0.0
GC_00002880	1	1	1	0	1.0	1.0	1.0	0.0	0.0	0.0
GC_00002881	1	1	1	0	1.0	1.0	1.0	0.0	0.0	0.0
GC_00002882	1	1	1	0	1.0	1.0	1.0	0.0	0.0	0.0
GC_00002883	1	1	1	0	1.0	1.0	1.0	0.0	0.0	0.0
GC_00002884	1	1	1	0	1.0	1.0	1.0	0.0	0.0	0.0
GC_00002885	1	1	1	0	1.0	1.0	1.0	0.0	0.0	0.0
GC_00002886	1	1	1	0	1.0	1.0	1.0	0.0	0.0	0.0
GC_00002887	1	1	1	0	1.0	1.0	1.0	0.0	0.0	0.0
GC_00002888	1	1	1	0	1.0	1.0	1.0	0.0	0.0	0.0
GC_00002889	1	1	1	0	1.0	1.0	1.0	0.0	0.0	0.0
GC_00002890	1	1	1	0	1.0	1.0	1.0	0.0	0.0	0.0
GC_00002891	1	1	1	0	1.0	1.0	1.0	0.0	0.0	0.0
GC_00002892	1	1	1	0	1.0	1.0	1.0	0.0	0.0	0.0
GC_00002893	1	1	1	0	1.0	1.0	1.0	0.0	0.0	0.0
GC_00002894	1	1	1	0	1.0	1.0	1.0	0.0	0.0	0.0
GC_00002895	1	1	1	0	1.0	1.0	1.0	0.0	0.0	0.0
GC_00002896	1	1	1	0	1.0	1.0	1.0	0.0	0.0	0.0
GC_00002897	1	1	1	0	1.0	1.0	1.0	0.0	0.0	0.0
GC_00002898	1	1	1	0	1.0	1.0	1.0	0.0	0.0	0.0
GC_00002899	1	1	1	0	1.0	1.0	1.0	0.0	0.0	0.0
GC_00002900	1	1	1	0	1.0	1.0	1.0	0.0	0.0	0.0
GC_00002901	1	1	1	0	1.0	1.0	1.0	0.0	0.0	0.0
GC_00002902	1	1	1	0	1.0	1.0	1.0	0.0	0.0	0.0
GC_00002903	1	1	1	0	1.0	1.0	1.0	0.0	0.0	0.0
GC_00002904	1	1	1	0	1.0	1.0	1.0	0.0	0.0	0.0
GC_00002905	1	1	1	0	1.0	1.0	1.0	0.0	0.0	0.0
GC_00002906	1	1	1	0	1.0	1.0	1.0	0.0	0.0	0.0
GC_00002907	1	1	1	0	1.0	1.0	1.0	0.0	0.0	0.0
GC_00002908	1	1	1	0	1.0	1.0	1.0	0.0	0.0	0.0
GC_00002909	1	1	1	0	1.0	1.0	1.0	0.0	0.0	0.0
GC_00002910	1	1	1	0	1.0	1.0	1.0	0.0	0.0	0.0
GC_00002911	1	1	1	0	1.0	1.0	1.0	0.0	0.0	0.0
GC_00002912	1	1	1	0	1.0	1.0	1.0	0.0	0.0	0.0
GC_00002913	1	1	1	0	1.0	1.0	1.0	0.0	0.0	0.0
GC_00002914	1	1	1	0	1.0	1.0	1.0	0.0	0.0	0.0
GC_00002915	1	1	1	0	1.0	1.0	1.0	0.0	0.0	0.0
GC_00002916	1	1	1	0	1.0	1.0	1.0	0.0	0.0	0.0
GC_00002917	1	1	1	0	1.0	1.0	1.0	0.0	0.0	0.0
GC_00002918	1	1	1	0	1.0	1.0	1.0	0.0	0.0	0.0
GC_00002919	1	1	1	0	1.0	1.0	1.0	0.0	0.0	0.0
GC_00002920	1	1	1	0	1.0	1.0	1.0	0.0	0.0	0.0
GC_00002921	1	1	1	0	1.0	1.0	1.0	0.0	0.0	0.0
GC_00002922	1	1	1	0	1.0	1.0	1.0	0.0	0.0	0.0
GC_00002923	1	1	1	0	1.0	1.0	1.0	0.0	0.0	0.0
GC_00002924	1	1	1	0	1.0	1.0	1.0	0.0	0.0	0.0
GC_00002925	1	1	1	0	1.0	1.0	1.0	0.0	0.0	0.0
GC_00002926	1	1	1	0	1.0	1.0	1.0	0.0	0.0	0.0
GC_00002927	1	1	1	0	1.0	1.0	1.0	0.0	0.0	0.0
GC_00002928	1	1	1	0	1.0	1.0	1.0	0.0	0.0	0.0
GC_00002929	1	1	1	0	1.0	1.0	1.0	0.0	0.0	0.0
GC_00002930	1	1	1	0	1.0	1.0	1.0	0.0	0.0	0.0
GC_00002931	1	1	1	0	1.0	1.0	1.0	0.0	0.0	0.0
GC_00002932	1	1	1	0	1.0	1.0	1.0	0.0	0.0	0.0
GC_00002933	1	1	1	0	1.0	1.0	1.0	0.0	0.0	0.0
GC_00002934	1	1	1	0	1.0	1.0	1.0	0.0	0.0	0.0
GC_00002935	1	1	1	0	1.0	1.0	1.0	0.0	0.0	0.0
GC_00002936	1	1	1	0	1.0	1.0	1.0	0.0	0.0	0.0
GC_00002937	1	1	1	0	1.0	1.0	1.0	0.0	0.0	0.0
GC_00002938	1	1	1	0	1.0	1.0	1.0	0.0	0.0	0.0
GC_00002939	1	1	1	0	1.0	1.0	1.0	0.0	0.0	0.0
GC_00002940	1	1	1	0	1.0	1.0	1.0	0.0	0.0	0.0
GC_00002941	1	1	1	0	1.0	1.0	1.0	0.0	0.0	0.0
GC_00002942	1	1	1	0	1.0	1.0	1.0	0.0	0.0	0.0
GC_00002943	1	1	1	0	1.0	1.0	1.0	0.0	0.0	0.0
GC_00002944	1	1	1	0	1.0	1.0	1.0	0.0	0.0	0.0
GC_00002945	1	1	1	0	1.0	1.0	1.0	0.0	0.0	0.0
GC_00002946	1	1	1	0	1.0	1.0	1.0	0.0	0.0	0.0
GC_00002947	1	1	1	0	1.0	1.0	1.0	0.0	0.0	0.0
GC_00002948	1	1	1	0	1.0	1.0	1.0	0.0	0.0	0.0
GC_00002949	1	1	1	0	1.0	1.0	1.0	0.0	0.0	0.0
GC_00002950	1	1	1	0	1.0	1.0	1.0	0.0	0.0	0.0
GC_00002951	1	1	1	0	1.0	1.0	1.0	0.0	0.0	0.0
GC_00002952	1	1	1	0	1.0	1.0	1.0	0.0	0.0	0.0
GC_00002953	1	1	1	0	1.0	1.0	1.0	0.0	0.0	0.0
GC_00002954	1	1	1	0	1.0	1.0	1.0	0.0	0.0	0.0
GC_00002955	1	1	1	0	1.0	1.0	1.0	0.0	0.0	0.0
GC_00002956	1	1	1	0	1.0	1.0	1.0	0.0	0.0	0.0
GC_00002957	1	1	1	0	1.0	1.0	1.0	0.0	0.0	0.0
GC_00002958	1	1	1	0	1.0	1.0	1.0	0.0	0.0	0.0
GC_00002959	1	1	1	0	1.0	1.0	1.0	0.0	0.0	0.0
GC_00002960	1	1	1	0	1.0	1.0	1.0	0.0	0.0	0.0
GC_00002961	1	1	1	0	1.0	1.0	1.0	0.0	0.0	0.0
GC_00002962	1	1	1	0	1.0	1.0	1.0	0.0	0.0	0.0
GC_00002963	1	1	1	0	1.0	1.0	1.0	0.0	0.0	0.0
GC_00002964	1	1	1	0	1.0	1.0	1.0	0.0	0.0	0.0
GC_00002965	1	1	1	0	1.0	1.0	1.0	0.0	0.0	0.0
GC_00002966	1	1	1	0	1.0	1.0	1.0	0.0	0.0	0.0
GC_00002967	1	1	1	0	1.0	1.0	1.0	0.0	0.0	0.0
GC_00002968	1	1	1	0	1.0	1.0	1.0	0.0	0.0	0.0
GC_00002969	1	1	1	0	1.0	1.0	1.0	0.0	0.0	0.0
GC_00002970	1	1	1	0	1.0	1.0	1.0	0.0	0.0	0.0
GC_00002971	1	1	1	0	1.0	1.0	1.0	0.0	0.0	0.0
GC_00002972	1	1	1	0	1.0	1.0	1.0	0.0	0.0	0.0
GC_00002973	1	1	1	0	1.0	1.0	1.0	0.0	0.0	0.0
GC_00002974	1	1	1	0	1.0	1.0	1.0	0.0	0.0	0.0
GC_00002975	1	1	1	0	1.0	1.0	1.0	0.0	0.0	0.0
GC_00002976	1	1	1	0	1.0	1.0	1.0	0.0	0.0	0.0
GC_00002977	1	1	1	0	1.0	1.0	1.0	0.0	0.0	0.0
GC_00002978	1	1	1	0	1.0	1.0	1.0	0.0	0.0	0.0
GC_00002979	1	1	1	0	1.0	1.0	1.0	0.0	0.0	0.0
GC_00002980	1	1	1	0	1.0	1.0	1.0	0.0	0.0	0.0
GC_00002981	1	1	1	0	1.0	1.0	1.0	0.0	0.0	0.0
GC_00002982	1	1	1	0	1.0	1.0	1.0	0.0	0.0	0.0
GC_00002983	1	1	1	0	1.0	1.0	1.0	0.0	0.0	0.0
GC_00002984	1	1	1	0	1.0	1.0	1.0	0.0	0.0	0.0
GC_00002985	1	1	1	0	1.0	1.0	1.0	0.0	0.0	0.0
GC_00002986	1	1	1	0	1.0	1.0	1.0	0.0	0.0	0.0
GC_00002987	1	1	1	0	1.0	1.0	1.0	0.0	0.0	0.0
GC_00002988	1	1	1	0	1.0	1.0	1.0	0.0	0.0	0.0
GC_00002989	1	1	1	0	1.0	1.0	1.0	0.0	0.0	0.0
GC_00002990	1	1	1	0	1.0	1.0	1.0	0.0	0.0	0.0
GC_00002991	1	1	1	0	1.0	1.0	1.0	0.0	0.0	0.0
GC_00002992	1	1	1	0	1.0	1.0	1.0	0.0	0.0	0.0
GC_00002993	1	1	1	0	1.0	1.0	1.0	0.0	0.0	0.0
GC_00002994	1	1	1	0	1.0	1.0	1.0	0.0	0.0	0.0
GC_00002995	1	1	1	0	1.0	1.0	1.0	0.0	0.0	0.0
GC_00002996	1	1	1	0	1.0	1.0	1.0	0.0	0.0	0.0
GC_00002997	1	1	1	0	1.0	1.0	1.0	0.0	0.0	0.0
GC_00002998	1	1	1	0	1.0	1.0	1.0	0.0	0.0	0.0
GC_00002999	1	1	1	0	1.0	1.0	1.0	0.0	0.0	0.0
GC_00003000	1	1	1	0	1.0	1.0	1.0	0.0	0.0	0.0
GC_00003001	1	1	1	0	1.0	1.0	1.0	0.0	0.0	0.0
GC_00003002	1	1	1	0	1.0	1.0	1.0	0.0	0.0	0.0
GC_00003003	1	1	1	0	1.0	1.0	1.0	0.0	0.0	0.0
GC_00003004	1	1	1	0	1.0	1.0	1.0	0.0	0.0	0.0
GC_00003005	1	1	1	0	1.0	1.0	1.0	0.0	0.0	0.0
GC_00003006	1	1	1	0	1.0	1.0	1.0	0.0	0.0	0.0
GC_00003007	1	1	1	0	1.0	1.0	1.0	0.0	0.0	0.0
GC_00003008	1	1	1	0	1.0	1.0	1.0	0.0	0.0	0.0
GC_00003009	1	1	1	0	1.0	1.0	1.0	0.0	0.0	0.0
GC_00003010	1	1	1	0	1.0	1.0	1.0	0.0	0.0	0.0
GC_00003011	1	1	1	0	1.0	1.0	1.0	0.0	0.0	0.0
GC_00003012	1	1	1	0	1.0	1.0	1.0	0.0	0.0	0.0
GC_00003013	1	1	1	0	1.0	1.0	1.0	0.0	0.0	0.0
GC_00003014	1	1	1	0	1.0	1.0	1.0	0.0	0.0	0.0
GC_00003015	1	1	1	0	1.0	1.0	1.0	0.0	0.0	0.0
GC_00003016	1	1	1	0	1.0	1.0	1.0	0.0	0.0	0.0
GC_00003017	1	1	1	0	1.0	1.0	1.0	0.0	0.0	0.0
GC_00003018	1	1	1	0	1.0	1.0	1.0	0.0	0.0	0.0
GC_00003019	1	1	1	0	1.0	1.0	1.0	0.0	0.0	0.0
GC_00003020	1	1	1	0	1.0	1.0	1.0	0.0	0.0	0.0
GC_00003021	1	1	1	0	1.0	1.0	1.0	0.0	0.0	0.0
GC_00003022	1	1	1	0	1.0	1.0	1.0	0.0	0.0	0.0
GC_00003023	1	1	1	0	1.0	1.0	1.0	0.0	0.0	0.0
GC_00003024	1	1	1	0	1.0	1.0	1.0	0.0	0.0	0.0
GC_00003025	1	1	1	0	1.0	1.0	1.0	0.0	0.0	0.0
GC_00003026	1	1	1	0	1.0	1.0	1.0	0.0	0.0	0.0
GC_00003027	1	1	1	0	1.0	1.0	1.0	0.0	0.0	0.0
GC_00003028	1	1	1	0	1.0	1.0	1.0	0.0	0.0	0.0
GC_00003029	1	1	1	0	1.0	1.0	1.0	0.0	0.0	0.0
GC_00003030	1	1	1	0	1.0	1.0	1.0	0.0	0.0	0.0
GC_00003031	1	1	1	0	1.0	1.0	1.0	0.0	0.0	0.0
GC_00003032	1	1	1	0	1.0	1.0	1.0	0.0	0.0	0.0
GC_00003033	1	1	1	0	1.0	1.0	1.0	0.0	0.0	0.0
GC_00003034	1	1	1	0	1.0	1.0	1.0	0.0	0.0	0.0
GC_00003035	1	1	1	0	1.0	1.0	1.0	0.0	0.0	0.0
GC_00003036	1	1	1	0	1.0	1.0	1.0	0.0	0.0	0.0
GC_00003037	1	1	1	0	1.0	1.0	1.0	0.0	0.0	0.0
GC_00003038	1	1	1	0	1.0	1.0	1.0	0.0	0.0	0.0
GC_00003039	1	1	1	0	1.0	1.0	1.0	0.0	0.0	0.0
GC_00003040	1	1	1	0	1.0	1.0	1.0	0.0	0.0	0.0
GC_00003041	1	1	1	0	1.0	1.0	1.0	0.0	0.0	0.0
GC_00003042	1	1	1	0	1.0	1.0	1.0	0.0	0.0	0.0
GC_00003043	1	1	1	0	1.0	1.0	1.0	0.0	0.0	0.0
GC_00003044	1	1	1	0	1.0	1.0	1.0	0.0	0.0	0.0
GC_00003045	1	1	1	0	1.0	1.0	1.0	0.0	0.0	0.0
GC_00003046	1	1	1	0	1.0	1.0	1.0	0.0	0.0	0.0
GC_00003047	1	1	1	0	1.0	1.0	1.0	0.0	0.0	0.0
GC_00003048	1	1	1	0	1.0	1.0	1.0	0.0	0.0	0.0
GC_00003049	1	1	1	0	1.0	1.0	1.0	0.0	0.0	0.0
GC_00003050	1	1	1	0	1.0	1.0	1.0	0.0	0.0	0.0
GC_00003051	1	1	1	0	1.0	1.0	1.0	0.0	0.0	0.0
GC_00003052	1	1	1	0	1.0	1.0	1.0	0.0	0.0	0.0
GC_00003053	1	1	1	0	1.0	1.0	1.0	0.0	0.0	0.0
GC_00003054	1	1	1	0	1.0	1.0	1.0	0.0	0.0	0.0
GC_00003055	1	1	1	0	1.0	1.0	1.0	0.0	0.0	0.0
GC_00003056	1	1	1	0	1.0	1.0	1.0	0.0	0.0	0.0
GC_00003057	1	1	1	0	1.0	1.0	1.0	0.0	0.0	0.0
GC_00003058	1	1	1	0	1.0	1.0	1.0	0.0	0.0	0.0
GC_00003059	1	1	1	0	1.0	1.0	1.0	0.0	0.0	0.0
GC_00003060	1	1	1	0	1.0	1.0	1.0	0.0	0.0	0.0
GC_00003061	1	1	1	0	1.0	1.0	1.0	0.0	0.0	0.0
GC_00003062	1	1	1	0	1.0	1.0	1.0	0.0	0.0	0.0
GC_00003063	1	1	1	0	1.0	1.0	1.0	0.0	0.0	0.0
GC_00003064	1	1	1	0	1.0	1.0	1.0	0.0	0.0	0.0
GC_00003065	1	1	1	0	1.0	1.0	1.0	0.0	0.0	0.0
GC_00003066	1	1	1	0	1.0	1.0	1.0	0.0	0.0	0.0
GC_00003067	1	1	1	0	1.0	1.0	1.0	0.0	0.0	0.0
GC_00003068	1	1	1	0	1.0	1.0	1.0	0.0	0.0	0.0
GC_00003069	1	1	1	0	1.0	1.0	1.0	0.0	0.0	0.0
GC_00003070	1	1	1	0	1.0	1.0	1.0	0.0	0.0	0.0
GC_00003071	1	1	1	0	1.0	1.0	1.0	0.0	0.0	0.0
GC_00003072	1	1	1	0	1.0	1.0	1.0	0.0	0.0	0.0
GC_00003073	1	1	1	0	1.0	1.0	1.0	0.0	0.0	0.0
GC_00003074	1	1	1	0	1.0	1.0	1.0	0.0	0.0	0.0
GC_00003075	1	1	1	0	1.0	1.0	1.0	0.0	0.0	0.0
GC_00003076	1	1	1	0	1.0	1.0	1.0	0.0	0.0	0.0
GC_00003077	1	1	1	0	1.0	1.0	1.0	0.0	0.0	0.0
GC_00003078	1	1	1	0	1.0	1.0	1.0	0.0	0.0	0.0
GC_00003079	1	1	1	0	1.0	1.0	1.0	0.0	0.0	0.0
GC_00003080	1	1	1	0	1.0	1.0	1.0	0.0	0.0	0.0
GC_00003081	1	1	1	0	1.0	1.0	1.0	0.0	0.0	0.0
GC_00003082	1	1	1	0	1.0	1.0	1.0	0.0	0.0	0.0
GC_00003083	1	1	1	0	1.0	1.0	1.0	0.0	0.0	0.0
GC_00003084	1	1	1	0	1.0	1.0	1.0	0.0	0.0	0.0
GC_00003085	1	1	1	0	1.0	1.0	1.0	0.0	0.0	0.0
GC_00003086	1	1	1	0	1.0	1.0	1.0	0.0	0.0	0.0
GC_00003087	1	1	1	0	1.0	1.0	1.0	0.0	0.0	0.0
GC_00003088	1	1	1	0	1.0	1.0	1.0	0.0	0.0	0.0
GC_00003089	1	1	1	0	1.0	1.0	1.0	0.0	0.0	0.0
GC_00003090	1	1	1	0	1.0	1.0	1.0	0.0	0.0	0.0
GC_00003091	1	1	1	0	1.0	1.0	1.0	0.0	0.0	0.0
GC_00003092	1	1	1	0	1.0	1.0	1.0	0.0	0.0	0.0
GC_00003093	1	1	1	0	1.0	1.0	1.0	0.0	0.0	0.0
GC_00003094	1	1	1	0	1.0	1.0	1.0	0.0	0.0	0.0
GC_00003095	1	1	1	0	1.0	1.0	1.0	0.0	0.0	0.0
GC_00003096	1	1	1	0	1.0	1.0	1.0	0.0	0.0	0.0
GC_00003097	1	1	1	0	1.0	1.0	1.0	0.0	0.0	0.0
GC_00003098	1	1	1	0	1.0	1.0	1.0	0.0	0.0	0.0
GC_00003099	1	1	1	0	1.0	1.0	1.0	0.0	0.0	0.0
GC_00003100	1	1	1	0	1.0	1.0	1.0	0.0	0.0	0.0
GC_00003101	1	1	1	0	1.0	1.0	1.0	0.0	0.0	0.0
GC_00003102	1	1	1	0	1.0	1.0	1.0	0.0	0.0	0.0
GC_00003103	1	1	1	0	1.0	1.0	1.0	0.0	0.0	0.0
GC_00003104	1	1	1	0	1.0	1.0	1.0	0.0	0.0	0.0
GC_00003105	1	1	1	0	1.0	1.0	1.0	0.0	0.0	0.0
GC_00003106	1	1	1	0	1.0	1.0	1.0	0.0	0.0	0.0
GC_00003107	1	1	1	0	1.0	1.0	1.0	0.0	0.0	0.0
GC_00003108	1	1	1	0	1.0	1.0	1.0	0.0	0.0	0.0
GC_00003109	1	1	1	0	1.0	1.0	1.0	0.0	0.0	0.0
GC_00003110	1	1	1	0	1.0	1.0	1.0	0.0	0.0	0.0
GC_00003111	1	1	1	0	1.0	1.0	1.0	0.0	0.0	0.0
GC_00003112	1	1	1	0	1.0	1.0	1.0	0.0	0.0	0.0
GC_00003113	1	1	1	0	1.0	1.0	1.0	0.0	0.0	0.0
GC_00003114	1	1	1	0	1.0	1.0	1.0	0.0	0.0	0.0
GC_00003115	1	1	1	0	1.0	1.0	1.0	0.0	0.0	0.0
GC_00003116	1	1	1	0	1.0	1.0	1.0	0.0	0.0	0.0
GC_00003117	1	1	1	0	1.0	1.0	1.0	0.0	0.0	0.0
GC_00003118	1	1	1	0	1.0	1.0	1.0	0.0	0.0	0.0
GC_00003119	1	1	1	0	1.0	1.0	1.0	0.0	0.0	0.0
GC_00003120	1	1	1	0	1.0	1.0	1.0	0.0	0.0	0.0
GC_00003121	1	1	1	0	1.0	1.0	1.0	0.0	0.0	0.0
GC_00003122	1	1	1	0	1.0	1.0	1.0	0.0	0.0	0.0
GC_00003123	1	1	1	0	1.0	1.0	1.0	0.0	0.0	0.0
GC_00003124	1	1	1	0	1.0	1.0	1.0	0.0	0.0	0.0
GC_00003125	1	1	1	0	1.0	1.0	1.0	0.0	0.0	0.0
GC_00003126	1	1	1	0	1.0	1.0	1.0	0.0	0.0	0.0
GC_00003127	1	1	1	0	1.0	1.0	1.0	0.0	0.0	0.0
GC_00003128	1	1	1	0	1.0	1.0	1.0	0.0	0.0	0.0
GC_00003129	1	1	1	0	1.0	1.0	1.0	0.0	0.0	0.0
GC_00003130	1	1	1	0	1.0	1.0	1.0	0.0	0.0	0.0
GC_00003131	1	1	1	0	1.0	1.0	1.0	0.0	0.0	0.0
GC_00003132	1	1	1	0	1.0	1.0	1.0	0.0	0.0	0.0
GC_00003133	1	1	1	0	1.0	1.0	1.0	0.0	0.0	0.0
GC_00003134	1	1	1	0	1.0	1.0	1.0	0.0	0.0	0.0
GC_00003135	1	1	1	0	1.0	1.0	1.0	0.0	0.0	0.0
GC_00003136	1	1	1	0	1.0	1.0	1.0	0.0	0.0	0.0
GC_00003137	1	1	1	0	1.0	1.0	1.0	0.0	0.0	0.0
GC_00003138	1	1	1	0	1.0	1.0	1.0	0.0	0.0	0.0
GC_00003139	1	1	1	0	1.0	1.0	1.0	0.0	0.0	0.0
GC_00003140	1	1	1	0	1.0	1.0	1.0	0.0	0.0	0.0
GC_00003141	1	1	1	0	1.0	1.0	1.0	0.0	0.0	0.0
GC_00003142	1	1	1	0	1.0	1.0	1.0	0.0	0.0	0.0
GC_00003143	1	1	1	0	1.0	1.0	1.0	0.0	0.0	0.0
GC_00003144	1	1	1	0	1.0	1.0	1.0	0.0	0.0	0.0
GC_00003145	1	1	1	0	1.0	1.0	1.0	0.0	0.0	0.0
GC_00003146	1	1	1	0	1.0	1.0	1.0	0.0	0.0	0.0
GC_00003147	1	1	1	0	1.0	1.0	1.0	0.0	0.0	0.0
GC_00003148	1	1	1	0	1.0	1.0	1.0	0.0	0.0	0.0
GC_00003149	1	1	1	0	1.0	1.0	1.0	0.0	0.0	0.0
GC_00003150	1	1	1	0	1.0	1.0	1.0	0.0	0.0	0.0
GC_00003151	1	1	1	0	1.0	1.0	1.0	0.0	0.0	0.0
GC_00003152	1	1	1	0	1.0	1.0	1.0	0.0	0.0	0.0
GC_00003153	1	1	1	0	1.0	1.0	1.0	0.0	0.0	0.0
GC_00003154	1	1	1	0	1.0	1.0	1.0	0.0	0.0	0.0
GC_00003155	1	1	1	0	1.0	1.0	1.0	0.0	0.0	0.0
GC_00003156	1	1	1	0	1.0	1.0	1.0	0.0	0.0	0.0
GC_00003157	1	1	1	0	1.0	1.0	1.0	0.0	0.0	0.0
GC_00003158	1	1	1	0	1.0	1.0	1.0	0.0	0.0	0.0
