items	num_genomes_gene_cluster_has_hits	num_genes_in_gene_cluster	max_num_paralogs	SCG	functional_homogeneity_index	geometric_homogeneity_index	combined_homogeneity_index	AAI_min	AAI_max	AAI_avg
GC_00000001	28	137	13	0	0.691746084551509	0.695532722205163	0.693634235482506	0.194260485651214	1.0	0.66228459286262
GC_00000002	29	113	8	0	0.870365774135823	0.95562888872363	0.911006690696465	0.2	1.0	0.772941920130884
GC_00000003	28	112	13	0	0.820278313962368	0.646087825600816	0.722836974963597	0.0198300283286119	1.0	0.454460936047338
GC_00000004	29	88	4	0	0.797222476305338	0.875128902119063	0.834361055259859	0.434944237918216	1.0	0.688953047977532
GC_00000005	29	87	3	0	0.760308914726197	0.748800078190452	0.754510611848588	0.286821705426357	1.0	0.625114745673855
GC_00000006	29	87	3	0	0.785048681237429	0.939301304245694	0.855275618512071	0.507246376811594	1.0	0.695949505867221
GC_00000007	29	87	3	0	0.74649480815148	0.94849959670717	0.835460013845557	0.405737704918033	1.0	0.642068834054189
GC_00000008	29	87	4	0	0.730593759717932	0.97695978515813	0.836003912935811	0.490853658536585	1.0	0.660481089574328
GC_00000009	25	86	18	0	0.899842994789209	0.668110353248014	0.76685243456886	0.0186915887850467	1.0	0.520281609709739
GC_00000010	26	86	8	0	0.950953972189285	0.641404158611718	0.766091271319372	0.0389908256880734	1.0	0.523717667139397
GC_00000011	29	84	4	0	0.739529488358087	0.917655287337432	0.81901928509924	0.065	1.0	0.635212277682157
GC_00000012	29	74	3	0	0.822824247811466	0.653837007338524	0.728661284879415	0.00566037735849057	1.0	0.585961872961098
GC_00000013	29	74	12	0	0.871481985584138	0.673303171281406	0.759680505733249	0.0408163265306122	1.0	0.546158971733825
GC_00000014	29	71	3	0	0.779747111039767	0.70903670541899	0.742712698189687	0.309210526315789	1.0	0.77489145398708
GC_00000015	24	69	4	0	0.597122907599048	0.765013489336937	0.670721493284983	0.0715596330275229	1.0	0.769056836935013
GC_00000016	22	69	6	0	0.965936817092059	0.616245986903004	0.752447423435275	0.066193853427896	1.0	0.522059579305049
GC_00000017	26	67	7	0	0.947994365369244	0.656118434476642	0.775502295048707	0.027027027027027	1.0	0.678221066280768
GC_00000018	27	66	6	0	0.806765474754904	0.711691518704141	0.756252101231303	0.193548387096774	1.0	0.663282953605534
GC_00000019	29	65	3	0	0.827507534211543	0.89500416501245	0.859933421679714	0.0256410256410256	1.0	0.667482330703485
GC_00000020	29	63	3	0	0.836617346617894	0.884851356318013	0.860058614613783	0.0378486055776892	1.0	0.67083942774728
GC_00000021	29	62	3	0	0.81210356938392	0.988818786342008	0.891791101719688	0.498727735368957	1.0	0.725336164475357
GC_00000022	29	62	3	0	0.800302614179636	0.862802484161303	0.830378169466017	0.09375	1.0	0.643630602194606
GC_00000023	29	62	3	0	0.848656732013773	0.897403239139704	0.872349533016049	0.0241545893719807	1.0	0.704133743105532
GC_00000024	29	61	3	0	0.851376083917902	0.828075043274615	0.8395639219485	0.0127551020408163	1.0	0.699570647931304
GC_00000025	27	61	6	0	0.928974704330338	0.704204945084673	0.801122620995578	0.0693069306930693	1.0	0.657301303900882
GC_00000026	29	60	3	0	0.801258691645354	0.929664080651655	0.860698624865984	0.142857142857143	1.0	0.691348309568649
GC_00000027	29	60	3	0	0.822752266800211	0.947424566495938	0.880698125797166	0.0197044334975369	1.0	0.724494169380201
GC_00000028	29	59	3	0	0.91530805397814	0.912837395404545	0.91407105519787	0.617647058823529	1.0	0.867231638418079
GC_00000029	29	59	3	0	0.864504919500904	0.972982476153361	0.915541667618621	0.0	1.0	0.779972639299069
GC_00000030	29	59	3	0	0.831430176253602	0.963807059896419	0.892738026538105	0.0367965367965368	1.0	0.73516285000797
GC_00000031	29	59	3	0	0.84665481269056	0.969836218548754	0.90406887546888	0.0990291262135922	1.0	0.772807589951939
GC_00000032	29	59	3	0	0.850656672380243	0.988043436911573	0.914217319032036	0.611439842209073	1.0	0.798117990448162
GC_00000033	29	59	3	0	0.885494648023595	0.923781257024965	0.904232855539146	0.050251256281407	1.0	0.739882933075665
GC_00000034	25	59	5	0	0.901380325062208	0.719695272713017	0.800356454386335	0.0338983050847458	1.0	0.693709199694896
GC_00000035	29	58	2	0	0.815424320004882	0.977439136097316	0.889111371181722	0.5	1.0	0.74470396380757
GC_00000036	29	58	2	0	0.805116690704078	0.980111692017395	0.884037347417116	0.47787610619469	1.0	0.735316319483481
GC_00000037	29	58	2	0	0.835287541613395	0.99540940906753	0.908345947579802	0.588414634146341	1.0	0.790545276142417
GC_00000038	29	58	2	0	0.860785599268004	0.993765812926756	0.922508047161519	0.606508875739645	1.0	0.816759558557688
GC_00000039	29	58	2	0	0.809555824687594	0.884511003473515	0.845375191768001	0.291390728476821	1.0	0.74869292436389
GC_00000040	29	58	2	0	0.844314888495923	0.991502663175952	0.912008341722665	0.59622641509434	1.0	0.794694609001358
GC_00000041	29	58	2	0	0.840764113482342	0.998094984937087	0.912699016366283	0.598484848484849	1.0	0.795775357935067
GC_00000042	29	58	2	0	0.875126379008348	0.952107014069024	0.911995114370585	0.588235294117647	1.0	0.792627720684224
GC_00000043	29	58	2	0	0.828293989206114	0.990853875084672	0.902310719237971	0.582995951417004	1.0	0.789493278078625
GC_00000044	29	58	2	0	0.824090354342925	0.975301228462655	0.893342330413381	0.533333333333333	1.0	0.76406936882436
GC_00000045	28	58	3	0	0.847977919744323	0.960024882870746	0.900529470310609	0.474541751527495	1.0	0.78834261720035
GC_00000046	29	58	2	0	0.821183485575818	0.928562652619293	0.871578223844505	0.481605351170569	1.0	0.735702998703078
GC_00000047	29	58	2	0	0.937795673931472	0.983360711391462	0.960037848144334	0.811111111111111	1.0	0.904920346844122
GC_00000048	29	58	2	0	0.857575908577503	0.996131354026091	0.921675464325073	0.605128205128205	1.0	0.802314362386958
GC_00000049	29	58	2	0	0.834337732072441	0.995536177722412	0.907836755604766	0.544378698224852	1.0	0.76629903671646
GC_00000050	29	58	2	0	0.88733558897102	0.989866428680025	0.935800944423134	0.626151012891344	1.0	0.850951281168566
GC_00000051	29	58	2	0	0.864358092608646	0.994914249664475	0.925052412814112	0.638513513513513	1.0	0.817729026667321
GC_00000052	29	58	2	0	0.816873143639515	0.977494745820579	0.889994978844413	0.51505016722408	1.0	0.752227125303745
GC_00000053	29	58	2	0	0.804945864002711	0.970217593351925	0.879888142937674	0.488272921108742	1.0	0.739410285879392
GC_00000054	29	58	3	0	0.804133952702952	0.942649705140713	0.867899845530745	0.0443686006825939	1.0	0.726904645396002
GC_00000055	29	58	2	0	0.79959861713876	0.984853186155805	0.882609711599916	0.498533724340176	1.0	0.743264268467711
GC_00000056	29	58	2	0	0.855165758440536	0.987317369790883	0.91650229456287	0.657303370786517	1.0	0.827759538326638
GC_00000057	29	58	2	0	0.894204486400445	0.998090162114149	0.943295698156953	0.736708860759494	1.0	0.865067732622696
GC_00000058	29	58	2	0	0.893925459908081	0.997183365849249	0.942735380204782	0.736448598130841	1.0	0.865835552464791
GC_00000059	29	57	2	0	0.864505911649081	0.921240399124425	0.891971906970427	0.583333333333333	1.0	0.785435811751601
GC_00000060	29	57	2	0	0.813632169826427	0.965578992952622	0.883117358535167	0.469667318982387	1.0	0.733855185909981
GC_00000061	28	56	3	0	0.833161705644066	0.667800399714123	0.74137210802245	0.0486358244365362	1.0	0.624063718013896
GC_00000062	28	56	2	0	0.817055023228804	0.982386045327222	0.892125301695586	0.517647058823529	1.0	0.751619556913675
GC_00000063	29	56	3	0	0.749853674480829	0.647161076309497	0.69473298084664	0.0339702760084926	1.0	0.619697659028869
GC_00000064	29	55	2	0	0.782066836538918	0.95514398455575	0.859983630507199	0.47985347985348	1.0	0.704734771401438
GC_00000065	29	55	3	0	0.813383389016128	0.903699219635516	0.856166069372253	0.0188172043010753	1.0	0.671800441692915
GC_00000066	29	54	8	0	0.996643341332104	0.669664707679104	0.801072613469683	0.0695443645083933	1.0	0.507751450830949
GC_00000067	29	54	2	0	0.846148647800655	0.997040155702248	0.915418081910113	0.615702479338843	1.0	0.803804194027179
GC_00000068	29	54	2	0	0.841977243778495	0.890494547720575	0.865556540162518	0.4860853432282	1.0	0.768475409984844
GC_00000069	29	54	2	0	0.811361702294537	0.66252882451219	0.729430721072677	0.17720207253886	1.0	0.613346947494958
GC_00000070	29	53	2	0	0.886374860487038	0.998316539137005	0.939021298952159	0.687350835322196	1.0	0.844179416746625
GC_00000071	29	53	5	0	0.850442276251781	0.855307132013794	0.852867766765121	0.0490463215258856	1.0	0.670535032804325
GC_00000072	29	52	4	0	0.928790734827447	0.587704941861606	0.719889826531022	0.0428893905191874	1.0	0.561222162071983
GC_00000073	24	52	5	0	0.841817191832832	0.81080396449608	0.826019579750767	0.0242424242424242	1.0	0.635017596782303
GC_00000074	29	51	3	0	0.761010804726071	0.679339982359725	0.717859942582688	0.113793103448276	1.0	0.663529411764706
GC_00000075	29	51	3	0	0.593740505545699	0.790725869331697	0.678219400520493	0.344582593250444	1.0	0.542883014662348
GC_00000076	29	50	2	0	0.842687011930299	0.639653721626815	0.727265831863518	0.26457399103139	1.0	0.578343552667704
GC_00000077	25	50	2	0	0.892479045382964	0.999872611464968	0.943128461938442	0.735668789808917	1.0	0.865313921747043
GC_00000078	28	50	2	0	0.95145731737972	0.721767998148379	0.820847541470579	0.0	1.0	0.527622311293333
GC_00000079	26	49	4	0	0.772721109595706	0.629715522572665	0.693927220910714	0.173913043478261	1.0	0.612513780215644
GC_00000080	29	49	2	0	0.99481500094997	0.734388868391495	0.844991242223811	0.0798771121351766	1.0	0.563528637261356
GC_00000081	29	48	2	0	0.947976713783089	0.990630311423229	0.968834276350532	0.860294117647059	1.0	0.933895233625365
GC_00000082	25	48	2	0	0.723691644112603	0.710327267995593	0.716947181230702	0.114599686028257	1.0	0.756131912666867
GC_00000083	28	48	2	0	0.980857666375742	0.580524557902786	0.729369086293327	0.0324483775811209	1.0	0.51107502249001
GC_00000084	28	48	2	0	0.997995320306077	0.548910656576298	0.708265757216008	0.0413793103448276	1.0	0.511323061873319
GC_00000085	29	48	2	0	0.920441335893317	1.0	0.958572718353995	0.756906077348066	1.0	0.884036675678853
GC_00000086	29	48	2	0	0.969405326802388	1.0	0.984465019576601	0.906474820143885	1.0	0.961994234399714
GC_00000087	29	48	2	0	0.981353427895981	1.0	0.99058897224418	0.916666666666667	1.0	0.96306146572104
GC_00000088	29	48	3	0	0.824824042761099	0.989341497984233	0.899623144317269	0.547738693467337	1.0	0.777987900495385
GC_00000089	22	48	5	0	0.926086871415429	0.726041174152877	0.813952890992459	0.01	1.0	0.642774822695035
GC_00000090	25	47	7	0	0.912956086686996	0.747324305369457	0.821878372569467	0.119148936170213	1.0	0.725899974412975
GC_00000091	29	46	2	0	0.791367164607528	0.657994037203502	0.718543969439424	0.234741784037559	1.0	0.62687623324488
GC_00000092	28	46	3	0	0.878343194741371	0.959826614115501	0.917278883134617	0.0804347826086956	1.0	0.789245956731779
GC_00000093	29	46	2	0	0.982231840159458	0.644441122384683	0.778264106049106	0.00679347826086957	1.0	0.523666246586852
GC_00000094	23	45	2	0	0.930107153602259	0.569270591912516	0.706269852886789	0.225190839694656	1.0	0.603570051661655
GC_00000095	24	45	2	0	0.831602605548005	0.599035785496276	0.696415982058991	0.201834862385321	1.0	0.595482346399778
GC_00000096	29	45	2	0	0.988579145219558	0.653481969027515	0.786838736698093	0.0	1.0	0.525480061026936
GC_00000097	29	45	2	0	0.931298752651066	1.0	0.964427436586582	0.825622775800712	1.0	0.919335705812574
GC_00000098	22	44	2	0	0.856927556589556	0.989646384198789	0.918517519571518	0.63013698630137	1.0	0.810130614845492
GC_00000099	28	44	2	0	0.933076916545675	0.988095238095238	0.959798272932698	0.69047619047619	1.0	0.883859357696567
GC_00000100	29	44	2	0	0.924667917607523	0.661592248573247	0.771314995908165	0.117647058823529	1.0	0.549694180958949
GC_00000101	29	44	4	0	0.859259610570969	0.848954489862811	0.854075966433896	0.0159817351598174	1.0	0.650004344174462
GC_00000102	22	44	4	0	0.829529729611	0.671242439285743	0.74203875938539	0.0264550264550265	1.0	0.572108124433706
GC_00000103	29	43	2	0	0.887679412437964	0.975019144053768	0.929301649902532	0.400641025641026	1.0	0.842448249424994
GC_00000104	24	43	2	0	0.831070612888795	0.646930620017642	0.727529876030387	0.233870967741935	1.0	0.647255563890973
GC_00000105	21	43	5	0	0.91716095281341	0.653748050750943	0.763369722582511	0.00267379679144385	1.0	0.501871361652483
GC_00000106	29	42	2	0	0.995121243304573	0.637157525920457	0.776888116575655	0.00972447325769854	1.0	0.562185992316047
GC_00000107	29	42	2	0	0.982735800813899	0.681254684887274	0.80468413018456	0.0	1.0	0.555792374033163
GC_00000108	21	42	4	0	0.910757454718232	0.65162116862531	0.759699125564922	0.0528301886792453	1.0	0.693441150044924
GC_00000109	15	42	6	0	0.839070374752112	0.643889593584883	0.728635558779263	0.0284697508896797	1.0	0.537300416217177
GC_00000110	29	41	2	0	0.978625121740442	0.67093106611789	0.796080789598971	0.0494350282485876	1.0	0.575449565936337
GC_00000111	29	40	3	0	0.897956758404572	0.782241794339824	0.836114642268498	0.04149377593361	1.0	0.649702095967656
GC_00000112	26	40	2	0	0.756252541683611	0.939213964396432	0.83786137350685	0.1875	1.0	0.645974736048265
GC_00000113	29	40	2	0	0.984659491898641	0.704580062017356	0.821400901085486	0.0155945419103314	1.0	0.580369370720248
GC_00000114	29	39	2	0	0.946963469215601	0.905377596735215	0.92570372240209	0.5	1.0	0.848867258161771
GC_00000115	28	38	3	0	0.879534596144118	0.928710875075064	0.903454046969695	0.0575539568345324	1.0	0.792349335325481
GC_00000116	14	38	9	0	0.983098976109215	0.664156958882086	0.79275115952912	0.0801186943620178	1.0	0.508819767760889
GC_00000117	29	37	2	0	0.898485676371868	0.992117450915987	0.9429830153781	0.63323782234957	1.0	0.862700809692214
GC_00000118	29	37	2	0	0.96401155249902	0.66673783597206	0.788279279341469	0.0792349726775956	1.0	0.566562464103448
GC_00000119	16	37	8	0	0.823195177525886	0.675302431103225	0.741950739800309	0.0087719298245614	1.0	0.477898951583162
GC_00000120	29	37	2	0	0.911808809366098	0.718782311770114	0.803870492600052	0.0162337662337662	1.0	0.58044733044733
GC_00000121	24	37	3	0	0.691397949908735	0.658293175758928	0.674439571399692	0.231735159817352	1.0	0.629657054314589
GC_00000122	24	36	3	0	0.887642438322823	0.697033967972116	0.780874793701505	0.0321100917431193	1.0	0.547218581622251
GC_00000123	29	36	3	0	0.869089050173093	0.995693252410176	0.928093431391064	0.490500863557858	1.0	0.828368561011048
GC_00000124	29	36	2	0	0.986567637694461	0.697307652288678	0.817092770892315	0.217008797653959	1.0	0.669389750034911
GC_00000125	19	36	5	0	0.886709674630704	0.629286134119659	0.736142013076951	0.0578778135048231	1.0	0.55815342214056
GC_00000126	29	35	2	0	0.899399295726024	0.993553474408909	0.944134802777799	0.551020408163265	1.0	0.868221574344023
GC_00000127	29	35	2	0	0.948059671678652	0.765216224170827	0.84688128048503	0.0243055555555556	1.0	0.646022992530346
GC_00000128	28	35	3	0	0.931293567889557	0.877325956749448	0.903504589365077	0.0495626822157434	1.0	0.765107675723351
GC_00000129	20	35	6	0	0.991016458758241	0.716150718351858	0.831455944507604	0.0	1.0	0.598546045984376
GC_00000130	29	35	2	0	0.889699389046083	0.986931402435884	0.935796502714516	0.518518518518518	1.0	0.854119425547997
GC_00000131	29	34	2	0	0.949642017525112	0.995876233804241	0.972209759768601	0.701492537313433	1.0	0.922845664724506
GC_00000132	29	34	3	0	0.943165906928528	0.955184711581442	0.949137262630753	0.0896860986547085	1.0	0.873528212752692
GC_00000133	29	34	2	0	0.928705164210877	0.948056452559635	0.938281042821689	0.100502512562814	1.0	0.850240507349582
GC_00000134	29	34	2	0	0.963048345733925	0.799924492281727	0.873939680058903	0.072992700729927	1.0	0.709278270033959
GC_00000135	25	34	6	0	0.930989630162441	0.718702952956288	0.811187494223308	0.0548628428927681	1.0	0.569249781073164
GC_00000136	29	34	2	0	0.92587193752006	0.702201566890875	0.798672447534377	0.0401606425702811	1.0	0.564231972453092
GC_00000137	15	34	5	0	0.768628798289815	0.731935407391797	0.749833469943095	0.021551724137931	1.0	0.476788677853587
GC_00000138	21	34	4	0	0.887593142303265	0.723441067016918	0.797154183604497	0.270833333333333	1.0	0.773414289958408
GC_00000139	29	33	2	0	0.929441285990764	0.998341295116771	0.962660028453963	0.585987261146497	1.0	0.906280158270604
GC_00000140	29	33	2	0	0.915226675495912	0.997564689557744	0.954623521515568	0.524282560706402	1.0	0.89411917185096
GC_00000141	29	33	2	0	0.918789950284091	1.0	0.957676425340937	0.55859375	1.0	0.899436257102273
GC_00000142	29	33	2	0	0.994657962576332	0.841140348005503	0.911480242644667	0.00397350993377483	1.0	0.773206401766005
GC_00000143	19	33	3	0	0.860216059000727	0.840361725361725	0.850172991994868	0.493333333333333	1.0	0.827752525252525
GC_00000144	29	33	2	0	0.918483665292036	0.992463017894886	0.954041343343669	0.551724137931034	1.0	0.89405912574016
GC_00000145	29	33	4	0	0.951459097799899	0.909933495906225	0.930233101818747	0.0743243243243243	1.0	0.825574153699154
GC_00000146	29	33	2	0	0.978053144181926	0.83687703162792	0.901974327152386	0.0925266903914591	1.0	0.769262913835868
GC_00000147	29	33	2	0	0.982303901623039	0.894976602943989	0.936609107476964	0.177725118483412	1.0	0.817726285365503
GC_00000148	29	33	2	0	0.993675405118391	0.842718517768626	0.91199241525265	0.0	1.0	0.779983164983165
GC_00000149	29	33	2	0	0.989838494399125	0.84528730322066	0.911869815834814	0.0138461538461538	1.0	0.767421328671329
GC_00000150	29	33	2	0	0.98620841595065	0.827570399685783	0.899951952162792	0.00591715976331361	1.0	0.760814506006814
GC_00000151	29	33	2	0	0.990510899206972	0.824637899652595	0.8999954472253	0.0689655172413793	1.0	0.765690308254963
GC_00000152	29	33	2	0	0.957874161841231	0.841650665308247	0.896009228027488	0.00696864111498258	1.0	0.734462437968536
GC_00000153	29	33	3	0	0.951669053523816	0.806955044348218	0.87335792136634	0.0867579908675799	1.0	0.787645288501453
GC_00000154	29	33	2	0	0.897484362426034	0.824678159760054	0.859542282315387	0.018641810918775	1.0	0.65905308074083
GC_00000155	29	33	2	0	0.832900309828975	0.775281905058116	0.803058923236555	0.0186046511627907	1.0	0.584705778717407
GC_00000156	29	33	2	0	0.987783477926101	0.827839266686824	0.900766365081019	0.0	1.0	0.76763216403162
GC_00000157	14	33	6	0	0.778575498575499	0.67010324041574	0.720278348071894	0.0892857142857143	1.0	0.502705627705628
GC_00000158	29	32	2	0	0.996259563869627	0.990635727747095	0.993439686774771	0.871287128712871	1.0	0.986439369743426
GC_00000159	29	32	2	0	0.969076424183842	0.9986016352061	0.983617515285704	0.776061776061776	1.0	0.960183397683398
GC_00000160	29	32	2	0	0.986749651824283	0.857320460807744	0.917492952582418	0.248466257668712	1.0	0.783191915693647
GC_00000161	29	32	2	0	0.893037955988776	0.680273653791493	0.772269383278519	0.289808917197452	1.0	0.667679011711527
GC_00000162	29	32	2	0	0.982891101206593	0.995909664144431	0.989357558005152	0.868312757201646	1.0	0.975972388158768
GC_00000163	29	32	2	0	0.931536185808275	0.998022551879636	0.963633916055441	0.551912568306011	1.0	0.917570068746695
GC_00000164	29	32	2	0	0.997272878779462	0.862848178000588	0.925203317588172	0.010183299389002	1.0	0.819484593653505
GC_00000165	29	32	2	0	0.982756325581872	0.922536137041014	0.951694547730303	0.013215859030837	1.0	0.858724420918005
GC_00000166	29	32	2	0	0.936692973281354	0.803971811922744	0.865272570968927	0.461538461538462	1.0	0.922512970900068
GC_00000167	29	32	2	0	0.945140103077468	0.994657026881909	0.969266559264971	0.608879492600423	1.0	0.928502011866603
GC_00000168	29	32	2	0	0.990830619893101	0.871846500979799	0.927538325711137	0.0	1.0	0.814761079288514
GC_00000169	28	32	2	0	0.983302161604451	0.831927019133888	0.901302871165575	0.0524109014675052	1.0	0.768707310475418
GC_00000170	29	32	2	0	0.968675117688079	0.840336234806688	0.899953225861561	0.0928270042194093	1.0	0.70582805907173
GC_00000171	29	32	2	0	0.974960601353726	0.868687411832841	0.918761059997686	0.142857142857143	1.0	0.803469228482236
GC_00000172	29	32	2	0	0.994856614315351	0.871807760906884	0.92927655218835	0.00454545454545455	1.0	0.817040872434018
GC_00000173	29	32	2	0	0.981496026775922	0.853112800049078	0.912812378744455	0.136929460580913	1.0	0.784700843260608
GC_00000174	29	32	2	0	0.988621891547691	0.867756088591312	0.924254300453329	0.0269662921348315	1.0	0.809804276911925
GC_00000175	29	32	2	0	0.986873601939238	0.860035312936728	0.919099085219163	0.00966702470461869	1.0	0.803233602439278
GC_00000176	28	32	2	0	0.989031832426192	0.822719328131707	0.898242123299077	0.0805555555555556	1.0	0.752749775985663
GC_00000177	29	32	2	0	0.970825247395296	0.856303383832595	0.909975280608495	0.026027397260274	1.0	0.795451281484755
GC_00000178	29	32	2	0	0.970169877584178	0.904234084179355	0.936042271197886	0.0202702702702703	1.0	0.843715943766347
GC_00000179	29	32	2	0	0.973191795609932	0.861392823197756	0.913885813430782	0.0	1.0	0.784367769157479
GC_00000180	29	32	2	0	0.982633984009993	0.863859076673777	0.919426456789185	0.164705882352941	1.0	0.802407495256167
GC_00000181	29	31	2	0	0.995097207002814	0.91160603624426	0.951523656097354	0.0342679127725857	1.0	0.865420560747664
GC_00000182	25	31	2	0	0.87799417953884	0.909720791542425	0.893575959143665	0.435294117647059	1.0	0.799013282732448
GC_00000183	29	31	2	0	0.966075558982267	0.99749626148259	0.981534516182227	0.615894039735099	1.0	0.950523392437513
GC_00000184	29	31	2	0	0.969511562791662	0.983972084144303	0.97668830198647	0.44794952681388	1.0	0.941453817713103
GC_00000185	29	31	2	0	0.998063797072917	0.951436588565984	0.974192589294679	0.462897526501767	1.0	0.931957901136061
GC_00000186	29	31	2	0	0.995677183272636	0.873882886854452	0.930812831528064	0.148883374689826	1.0	0.847578644040663
GC_00000187	29	31	2	0	0.988402322589512	0.936817555780798	0.961918852365253	0.0874403815580286	1.0	0.886763423765321
GC_00000188	29	31	3	0	0.989847243631086	0.808087109774707	0.889779759432375	0.0748829953198128	1.0	0.817741096740644
GC_00000189	29	31	2	0	0.942053393613002	0.988071456958459	0.964513843634797	0.458823529411765	1.0	0.919335863377609
GC_00000190	29	31	2	0	0.972059031166934	0.899064972387316	0.934138223180142	0.0912408759124088	1.0	0.828796797739581
GC_00000191	29	31	2	0	0.960199436751732	0.995248278547214	0.977409755333775	0.526104417670683	1.0	0.93718530034115
GC_00000192	29	31	2	0	0.954491722861363	0.98929719116762	0.971582843799889	0.515837104072398	1.0	0.938670753661266
GC_00000193	29	31	2	0	0.948298497845435	1.0	0.973463254110322	0.528089887640449	1.0	0.93526640086988
GC_00000194	29	31	2	0	0.995683873500286	0.916546470355816	0.954477626379061	0.00674157303370787	1.0	0.864182674882204
GC_00000195	29	31	2	0	0.991581076200794	0.899837061043092	0.943484028015766	0.148275862068966	1.0	0.851805710048202
GC_00000196	29	31	2	0	0.983709967439374	0.902764976958525	0.941500875722171	0.0352941176470588	1.0	0.855382669196711
GC_00000197	29	31	2	0	0.963126344370394	0.914849152717313	0.938367216689864	0.0649350649350649	1.0	0.841614299678816
GC_00000198	29	31	2	0	0.964334194694896	0.888895212877171	0.925079265174267	0.250513347022587	1.0	0.880801925327328
GC_00000199	29	31	2	0	0.983977026452198	0.893932679735616	0.936796074013928	0.119433198380567	1.0	0.913630229419703
GC_00000200	29	31	2	0	0.992061130616662	0.914625296157158	0.951770771171389	0.0294117647058824	1.0	0.862227588982807
GC_00000201	29	31	2	0	0.988497327261928	0.919015135102265	0.952490767620897	0.013550135501355	1.0	0.871264970714223
GC_00000202	28	31	2	0	0.947089947089947	0.978532415775819	0.962554477715652	0.618131868131868	1.0	0.931383670093347
GC_00000203	29	31	2	0	0.990513023672987	0.906546271394167	0.946671398952052	0.0573248407643312	1.0	0.865831107458393
GC_00000204	29	31	2	0	0.994708466649054	0.891271657821652	0.940153560068238	0.132250580046404	1.0	0.857036648953422
GC_00000205	29	31	2	0	0.9554217765287	0.991761182048739	0.973252386244655	0.564064801178203	1.0	0.943424073986096
GC_00000206	28	31	2	0	0.983433883888834	0.8069660552393	0.886503338753342	0.0333333333333333	1.0	0.726594982078853
GC_00000207	29	31	2	0	0.997126736697343	0.853600301677921	0.919798182667918	0.11036036036036	1.0	0.813193839000291
GC_00000208	29	31	2	0	0.981114837155701	0.903231175045266	0.940563464969381	0.0543933054393305	1.0	0.846699959508706
GC_00000209	21	31	2	0	0.942881260551491	0.698412162168501	0.802439991209632	0.147492625368732	1.0	0.559552129920386
GC_00000210	19	31	6	0	0.973169975186104	0.686659928978135	0.805187115099503	0.00564971751412429	1.0	0.721875949213292
GC_00000211	29	31	2	0	0.984743486948443	0.881388093133707	0.93020362920938	0.181481481481481	1.0	0.840374352847471
GC_00000212	29	31	2	0	0.965561529271207	1.0	0.982479067576398	0.733333333333333	1.0	0.959444444444444
GC_00000213	29	31	2	0	0.997149223409136	0.842130137939568	0.91310698168234	0.0424107142857143	1.0	0.745962941628264
GC_00000214	29	31	2	0	0.997148210859013	0.92551807524168	0.959998830287479	0.0469945355191257	1.0	0.86633762265703
GC_00000215	29	31	2	0	0.977925867637174	0.867143785837916	0.919209025561242	0.102102102102102	1.0	0.776273047240789
GC_00000216	29	31	2	0	0.981346716033378	0.905433234802722	0.941862808291326	0.00398406374501992	1.0	0.855648374244956
GC_00000217	20	31	3	0	0.883958438451907	0.865593766723036	0.874679717590582	0.290909090909091	1.0	0.737970674486803
GC_00000218	29	31	2	0	0.951327991007839	0.99747251419596	0.973853937826587	0.584269662921348	1.0	0.938963392533527
GC_00000219	19	31	4	0	0.874732029083277	0.702892638245379	0.779453714705377	0.231707317073171	1.0	0.688329399423027
GC_00000220	29	30	2	0	0.976342464769887	0.986660993511327	0.981474609464648	0.5	1.0	0.966396213657877
GC_00000221	29	30	2	0	0.990839694656489	1.0	0.995398773006135	0.83206106870229	1.0	0.988804071246819
GC_00000222	29	30	2	0	0.979523748694404	0.983908999757982	0.981711477081917	0.604501607717042	1.0	0.97342647004472
GC_00000223	29	30	2	0	0.976090334401271	0.996054802848708	0.98597151622452	0.529605263157895	1.0	0.968436176648518
GC_00000224	29	30	2	0	0.98137972195639	0.999552572706937	0.990382789484126	0.651006711409396	1.0	0.975005785697755
GC_00000225	29	30	2	0	0.998379096322594	0.952029286459399	0.974653459325518	0.137404580152672	1.0	0.927507238747039
GC_00000226	29	30	2	0	0.998721636305529	0.951086630938849	0.974322257502777	0.0561224489795918	1.0	0.928231292517007
GC_00000227	29	30	2	0	0.985336375929682	0.991666666666667	0.988491386619585	0.7421875	1.0	0.978717672413793
GC_00000228	29	30	2	0	0.974642981539533	0.966666666666667	0.970638437845758	0.541984732824427	1.0	0.968491708344301
GC_00000229	29	30	2	0	0.964493142836681	0.964914004914005	0.964703527973966	0.522522522522523	1.0	0.952987470228849
GC_00000230	29	30	2	0	0.99284073273622	0.914829612641984	0.952240102850882	0.439746300211416	1.0	0.951714417632621
GC_00000231	29	30	2	0	0.999284846601267	0.959893594912509	0.979193220403697	0.00203665987780041	1.0	0.9328229978697
GC_00000232	29	30	2	0	0.998068588656491	0.961679592620813	0.979536251561894	0.00441501103752759	1.0	0.931019258582629
GC_00000233	29	30	2	0	0.987595457760189	0.958567955694721	0.972865230590268	0.058252427184466	1.0	0.919607186697913
GC_00000234	29	30	2	0	0.995850251801774	0.961197512346169	0.978217090289485	0.0	1.0	0.928081565911605
GC_00000235	29	30	2	0	0.989317797616553	0.942376645608244	0.965276874744239	0.0794701986754967	1.0	0.898469970312857
GC_00000236	29	30	2	0	0.997603769239866	0.955812379579294	0.976261031865466	0.0277777777777778	1.0	0.928845930570068
GC_00000237	29	30	2	0	0.995778215592457	0.951887903842294	0.973338529508551	0.0569105691056911	1.0	0.92587608634707
GC_00000238	29	30	2	0	0.997875552861409	0.955697566461363	0.976331244598139	0.0221843003412969	1.0	0.929830136126476
GC_00000239	29	30	2	0	0.995195070733864	0.952589710923042	0.973426421307153	0.00336700336700337	1.0	0.928696930995781
GC_00000240	29	30	2	0	0.994049418038457	0.948839630606387	0.970918522881146	0.0538336052202284	1.0	0.923102885751252
GC_00000241	29	30	2	0	0.986269431812775	0.999852180339989	0.993014361020746	0.753880266075388	1.0	0.982674516400337
GC_00000242	29	30	2	0	0.975662098229527	0.993847899149467	0.984671037867887	0.521084337349398	1.0	0.966375848220468
GC_00000243	29	30	2	0	0.969236127856818	0.973329605814929	0.971278553838505	0.476190476190476	1.0	0.960700602079912
GC_00000244	29	30	2	0	0.912698064060576	0.955340206891352	0.933532434434161	0.0414201183431953	1.0	0.827391235348795
GC_00000245	29	30	2	0	0.997387197266606	0.94838738525474	0.972270318051452	0.0782608695652174	1.0	0.92119940029985
GC_00000246	29	30	2	0	0.980512851922174	0.997604282022885	0.988984729842798	0.697674418604651	1.0	0.972009012105243
GC_00000247	29	30	2	0	0.958893831801199	0.994582601925958	0.976412211314951	0.481967213114754	1.0	0.948038439796495
GC_00000248	29	30	2	0	0.978046649190025	0.938093302623853	0.957653443205263	0.60655737704918	1.0	0.970378745053703
GC_00000249	29	30	2	0	0.997370434117422	0.945207673025033	0.970588707563317	0.169064748201439	1.0	0.919862730505251
GC_00000250	29	30	2	0	0.990488093365263	0.951716249145385	0.970715173895852	0.0854092526690391	1.0	0.924596064956845
GC_00000251	29	30	2	0	0.993944211315278	0.950690500739189	0.97183631877458	0.0377906976744186	1.0	0.926998128842555
GC_00000252	29	30	2	0	0.991356113063549	0.968471685847008	0.979780291541022	0.143626570915619	1.0	0.939028869766194
GC_00000253	29	30	2	0	0.989019966391108	0.95045345229741	0.969353260931147	0.0927835051546392	1.0	0.922396018485602
GC_00000254	29	30	2	0	0.997584855896402	0.950384064754449	0.973412604516843	0.046583850931677	1.0	0.928064539158992
GC_00000255	29	30	2	0	0.989297112166264	0.979234614183068	0.984240145055851	0.42680412371134	1.0	0.959630287948809
GC_00000256	29	30	2	0	0.997384969112718	0.952028439097404	0.974179054401215	0.0303030303030303	1.0	0.927365610124231
GC_00000257	29	30	2	0	0.979317184948314	0.953953735965931	0.966469083221185	0.00347222222222222	1.0	0.909977650063857
GC_00000258	29	30	2	0	0.993697730703793	0.967443917169974	0.980395093967094	0.0983606557377049	1.0	0.936137177312983
GC_00000259	29	30	2	0	0.998703615827833	0.94973159865746	0.973602175318632	0.0618279569892473	1.0	0.929322704239278
GC_00000260	29	30	2	0	0.994313725490196	0.951205130942504	0.972281830449119	0.0242914979757085	1.0	0.926981246218996
GC_00000261	29	30	2	0	0.99059800417039	0.95521426405129	0.972584415236604	0.0416666666666667	1.0	0.925008707767328
GC_00000262	29	30	2	0	0.994912379875636	0.950151791135399	0.972017061288262	0.0	1.0	0.928584887883927
GC_00000263	29	30	2	0	0.989847607760913	0.919139117120614	0.953183848188133	0.170731707317073	1.0	0.870968000320397
GC_00000264	29	30	2	0	0.996974346227361	0.954116207770855	0.975074560755776	0.0571923743500867	1.0	0.926444749895416
GC_00000265	29	30	2	0	0.996142577893895	0.955984369761444	0.975650416243903	0.00288184438040346	1.0	0.928503759647554
GC_00000266	29	30	2	0	0.995473544219626	0.950319323151686	0.972372507497406	0.0447330447330447	1.0	0.926848119951568
GC_00000267	29	30	2	0	0.986200746809341	0.975605250269448	0.980874385988741	0.728132387706856	1.0	0.972832259992935
GC_00000268	29	30	2	0	0.99063680212122	0.938286916062496	0.963751486114294	0.136125654450262	1.0	0.923319492086418
GC_00000269	29	30	2	0	0.999469945013312	0.941026433982035	0.969368094069866	0.0520833333333333	1.0	0.920426245210728
GC_00000270	29	30	2	0	0.993743220625103	0.951653735301965	0.972243166061927	0.0262008733624454	1.0	0.922852983988355
GC_00000271	29	30	2	0	0.987740182943015	0.947219364300869	0.967055491691664	0.0937866354044549	1.0	0.912503537211465
GC_00000272	29	30	2	0	0.985352612831366	0.949355557254635	0.967019205594454	0.0199556541019956	1.0	0.914422611310753
GC_00000273	29	30	2	0	0.978175377719945	0.973090094279797	0.975626109503365	0.591743119266055	1.0	0.968786249077296
GC_00000274	29	30	2	0	0.991942270173707	1.0	0.995954837674291	0.883435582822086	1.0	0.989408363303011
GC_00000275	29	30	2	0	0.990833333333333	0.945133049913399	0.967443792819044	0.0684931506849315	1.0	0.911809163911195
GC_00000276	29	30	2	0	0.996846812957158	0.954226138520583	0.975070957038493	0.0	1.0	0.929920172296744
GC_00000277	29	30	2	0	0.971533857940776	0.989398714456137	0.980384908311525	0.654639175257732	1.0	0.964865505391634
GC_00000278	29	30	2	0	0.96107965032006	0.889799885525449	0.924067229956135	0.0645161290322581	1.0	0.790849091583241
GC_00000279	29	30	2	0	0.981743101461878	0.938103637752525	0.959427391789301	0.0558823529411765	1.0	0.90579445571332
GC_00000280	29	30	2	0	0.992183067779543	0.952596368897652	0.971986817449476	0.0178117048346056	1.0	0.922078909654587
GC_00000281	29	30	2	0	0.985084266277343	0.956413962916969	0.970537425942895	0.0443213296398892	1.0	0.914630496386156
GC_00000282	29	30	2	0	0.995825781292909	0.956254031765441	0.975638815510716	0.0782778864970646	1.0	0.923310164878422
GC_00000283	29	30	2	0	0.990725562381218	0.953580611806837	0.971798269686283	0.0402684563758389	1.0	0.920167656663838
GC_00000284	29	30	2	0	0.973191938697073	0.949688066276617	0.961296355452884	0.161812297734628	1.0	0.897913179332664
GC_00000285	29	30	2	0	0.984999671197223	0.965810428975089	0.975310672110302	0.690631808278867	1.0	0.976335361730899
GC_00000286	29	30	2	0	0.987964002024336	0.954356872252533	0.970869692394233	0.0491071428571429	1.0	0.917631362889984
GC_00000287	29	30	2	0	0.992812522611611	0.948534508462869	0.970168571674661	0.0536585365853659	1.0	0.921581160639193
GC_00000288	20	30	2	0	0.806371157207914	0.963384017633655	0.877912488889209	0.503496503496504	1.0	0.749473514990756
GC_00000289	29	30	2	0	0.996444039790189	0.950040102343829	0.972688939047098	0.0	1.0	0.928489875329596
GC_00000290	29	30	2	0	0.973652183086451	0.906190067723781	0.938710615053185	0.119047619047619	1.0	0.895176518883415
GC_00000291	29	30	2	0	0.986624834331456	0.965501083782061	0.975948670108199	0.169042769857434	1.0	0.932551443219327
GC_00000292	29	30	2	0	0.980939653959769	0.912332578884302	0.945393048819618	0.0730769230769231	1.0	0.862192749778957
GC_00000293	29	30	2	0	0.986788058028164	0.946939096671136	0.966452986921373	0.0701754385964912	1.0	0.907844323452309
GC_00000294	29	30	2	0	0.989383905064614	0.832781602911814	0.904353321087579	0.0516605166051661	1.0	0.831352589387963
GC_00000295	29	30	2	0	0.977891579455325	0.997145243541263	0.987424564240254	0.619640387275242	1.0	0.970789017662676
GC_00000296	29	30	2	0	0.998534027916917	0.954894530861178	0.976226827289835	0.00813008130081301	1.0	0.930034576207831
GC_00000297	29	30	2	0	0.992642137247254	0.959604428540052	0.975843735674631	0.0	1.0	0.924785114773991
GC_00000298	29	30	2	0	0.955520877805095	0.859480495015512	0.90495970895858	0.041025641025641	1.0	0.793480695549661
GC_00000299	29	30	2	0	0.989115646258503	0.951463802704857	0.969924456951988	0.0	1.0	0.921510673234811
GC_00000300	29	30	2	0	0.988095347533117	0.951618132247837	0.969513754380288	0.0224719101123595	1.0	0.923242498600887
GC_00000301	29	30	2	0	0.975681657343508	0.950720213035936	0.9630392156359	0.267399267399267	1.0	0.908984884846954
GC_00000302	29	30	2	0	0.990471650046118	0.950486735463451	0.970067336064265	0.0637450199203187	1.0	0.9198287310528
GC_00000303	29	30	2	0	0.985305727597211	0.937610446941836	0.96086657947867	0.0422222222222222	1.0	0.918176245210728
GC_00000304	29	30	2	0	0.974713553961509	0.925511345518829	0.949475457425128	0.564024390243902	1.0	0.944326464816372
GC_00000305	29	30	2	0	0.98441081340095	0.950176742071619	0.966990878124306	0.00324149108589951	1.0	0.91315039400883
GC_00000306	29	30	2	0	0.947359391788787	0.988062015503877	0.967282708076207	0.686046511627907	1.0	0.931970061480887
GC_00000307	29	30	2	0	0.99371941633193	0.949428616058123	0.971069248942044	0.0924574209245742	1.0	0.919159884777806
GC_00000308	29	30	2	0	0.98983376978087	0.946523067480787	0.967694051055175	0.107583774250441	1.0	0.914180299620913
GC_00000309	29	30	2	0	0.99431032850516	0.952294981300533	0.972849227237815	0.0459770114942529	1.0	0.923413925221297
GC_00000310	29	30	2	0	0.983899146317252	0.779947973429001	0.870132265588938	0.0935754189944134	1.0	0.751104475695113
GC_00000311	29	30	2	0	0.982796637542812	0.944234427688411	0.963129694510641	0.0	1.0	0.905955099994429
GC_00000312	29	30	2	0	0.986782462254265	0.831820785490338	0.902699545795275	0.056782334384858	1.0	0.838594582834766
GC_00000313	21	30	4	0	0.727752935820439	0.692570344135394	0.709725888915062	0.0979591836734694	1.0	0.461393384940183
GC_00000314	29	30	2	0	0.979080895802012	0.944297444038165	0.961374648202871	0.0230179028132992	1.0	0.905317929270659
GC_00000315	29	29	1	1	1.0	1.0	1.0	1.0	1.0	1.0
GC_00000316	29	29	1	1	1.0	1.0	1.0	1.0	1.0	1.0
GC_00000317	29	29	1	1	1.0	1.0	1.0	1.0	1.0	1.0
GC_00000318	29	29	1	1	1.0	1.0	1.0	1.0	1.0	1.0
GC_00000319	29	29	1	1	1.0	1.0	1.0	1.0	1.0	1.0
GC_00000320	29	29	1	1	1.0	1.0	1.0	1.0	1.0	1.0
GC_00000321	29	29	1	1	1.0	1.0	1.0	1.0	1.0	1.0
GC_00000322	29	29	1	1	1.0	1.0	1.0	1.0	1.0	1.0
GC_00000323	29	29	1	1	1.0	1.0	1.0	1.0	1.0	1.0
GC_00000324	29	29	1	1	1.0	1.0	1.0	1.0	1.0	1.0
GC_00000325	29	29	1	1	1.0	1.0	1.0	1.0	1.0	1.0
GC_00000326	29	29	1	1	1.0	1.0	1.0	1.0	1.0	1.0
GC_00000327	29	29	1	1	1.0	1.0	1.0	1.0	1.0	1.0
GC_00000328	29	29	1	1	1.0	1.0	1.0	1.0	1.0	1.0
GC_00000329	29	29	1	1	1.0	1.0	1.0	1.0	1.0	1.0
GC_00000330	29	29	1	1	1.0	1.0	1.0	1.0	1.0	1.0
GC_00000331	29	29	1	1	1.0	1.0	1.0	1.0	1.0	1.0
GC_00000332	29	29	1	1	1.0	1.0	1.0	1.0	1.0	1.0
GC_00000333	29	29	1	1	1.0	1.0	1.0	1.0	1.0	1.0
GC_00000334	29	29	1	1	1.0	1.0	1.0	1.0	1.0	1.0
GC_00000335	29	29	1	1	1.0	1.0	1.0	1.0	1.0	1.0
GC_00000336	29	29	1	1	1.0	1.0	1.0	1.0	1.0	1.0
GC_00000337	29	29	1	1	1.0	1.0	1.0	1.0	1.0	1.0
GC_00000338	29	29	1	1	1.0	1.0	1.0	1.0	1.0	1.0
GC_00000339	29	29	1	1	1.0	1.0	1.0	1.0	1.0	1.0
GC_00000340	29	29	1	1	1.0	1.0	1.0	1.0	1.0	1.0
GC_00000341	29	29	1	1	1.0	1.0	1.0	1.0	1.0	1.0
GC_00000342	29	29	1	1	1.0	1.0	1.0	1.0	1.0	1.0
GC_00000343	29	29	1	1	1.0	1.0	1.0	1.0	1.0	1.0
GC_00000344	29	29	1	1	1.0	1.0	1.0	1.0	1.0	1.0
GC_00000345	29	29	1	1	1.0	1.0	1.0	1.0	1.0	1.0
GC_00000346	29	29	1	1	1.0	1.0	1.0	1.0	1.0	1.0
GC_00000347	29	29	1	1	1.0	1.0	1.0	1.0	1.0	1.0
GC_00000348	29	29	1	1	1.0	1.0	1.0	1.0	1.0	1.0
GC_00000349	29	29	1	1	1.0	1.0	1.0	1.0	1.0	1.0
GC_00000350	29	29	1	1	1.0	1.0	1.0	1.0	1.0	1.0
GC_00000351	29	29	1	1	1.0	1.0	1.0	1.0	1.0	1.0
GC_00000352	29	29	1	1	1.0	1.0	1.0	1.0	1.0	1.0
GC_00000353	29	29	1	1	1.0	1.0	1.0	1.0	1.0	1.0
GC_00000354	29	29	1	1	1.0	1.0	1.0	1.0	1.0	1.0
GC_00000355	29	29	1	1	1.0	1.0	1.0	1.0	1.0	1.0
GC_00000356	29	29	1	1	1.0	1.0	1.0	1.0	1.0	1.0
GC_00000357	29	29	1	1	1.0	1.0	1.0	1.0	1.0	1.0
GC_00000358	29	29	1	1	1.0	1.0	1.0	1.0	1.0	1.0
GC_00000359	29	29	1	1	1.0	1.0	1.0	1.0	1.0	1.0
GC_00000360	29	29	1	1	1.0	1.0	1.0	1.0	1.0	1.0
GC_00000361	29	29	1	1	1.0	1.0	1.0	1.0	1.0	1.0
GC_00000362	29	29	1	1	1.0	1.0	1.0	1.0	1.0	1.0
GC_00000363	29	29	1	1	1.0	1.0	1.0	1.0	1.0	1.0
GC_00000364	29	29	1	1	1.0	1.0	1.0	1.0	1.0	1.0
GC_00000365	29	29	1	1	1.0	1.0	1.0	1.0	1.0	1.0
GC_00000366	29	29	1	1	1.0	1.0	1.0	1.0	1.0	1.0
GC_00000367	29	29	1	1	1.0	1.0	1.0	1.0	1.0	1.0
GC_00000368	29	29	1	1	1.0	1.0	1.0	1.0	1.0	1.0
GC_00000369	29	29	1	1	1.0	1.0	1.0	1.0	1.0	1.0
GC_00000370	29	29	1	1	1.0	1.0	1.0	1.0	1.0	1.0
GC_00000371	29	29	1	1	1.0	1.0	1.0	1.0	1.0	1.0
GC_00000372	29	29	1	1	1.0	1.0	1.0	1.0	1.0	1.0
GC_00000373	29	29	1	1	1.0	1.0	1.0	1.0	1.0	1.0
GC_00000374	29	29	1	1	1.0	1.0	1.0	1.0	1.0	1.0
GC_00000375	29	29	1	1	1.0	1.0	1.0	1.0	1.0	1.0
GC_00000376	29	29	1	1	1.0	1.0	1.0	1.0	1.0	1.0
GC_00000377	29	29	1	1	1.0	1.0	1.0	1.0	1.0	1.0
GC_00000378	29	29	1	1	1.0	1.0	1.0	1.0	1.0	1.0
GC_00000379	29	29	1	1	1.0	1.0	1.0	1.0	1.0	1.0
GC_00000380	29	29	1	1	1.0	1.0	1.0	1.0	1.0	1.0
GC_00000381	29	29	1	1	1.0	1.0	1.0	1.0	1.0	1.0
GC_00000382	29	29	1	1	1.0	1.0	1.0	1.0	1.0	1.0
GC_00000383	29	29	1	1	1.0	1.0	1.0	1.0	1.0	1.0
GC_00000384	29	29	1	1	1.0	1.0	1.0	1.0	1.0	1.0
GC_00000385	29	29	1	1	1.0	1.0	1.0	1.0	1.0	1.0
GC_00000386	29	29	1	1	1.0	1.0	1.0	1.0	1.0	1.0
GC_00000387	29	29	1	1	1.0	1.0	1.0	1.0	1.0	1.0
GC_00000388	29	29	1	1	1.0	1.0	1.0	1.0	1.0	1.0
GC_00000389	29	29	1	1	1.0	1.0	1.0	1.0	1.0	1.0
GC_00000390	29	29	1	1	1.0	1.0	1.0	1.0	1.0	1.0
GC_00000391	29	29	1	1	1.0	1.0	1.0	1.0	1.0	1.0
GC_00000392	29	29	1	1	1.0	1.0	1.0	1.0	1.0	1.0
GC_00000393	29	29	1	1	1.0	1.0	1.0	1.0	1.0	1.0
GC_00000394	29	29	1	1	1.0	1.0	1.0	1.0	1.0	1.0
GC_00000395	29	29	1	1	1.0	1.0	1.0	1.0	1.0	1.0
GC_00000396	29	29	1	1	1.0	1.0	1.0	1.0	1.0	1.0
GC_00000397	29	29	1	1	1.0	1.0	1.0	1.0	1.0	1.0
GC_00000398	29	29	1	1	1.0	1.0	1.0	1.0	1.0	1.0
GC_00000399	29	29	1	1	1.0	1.0	1.0	1.0	1.0	1.0
GC_00000400	29	29	1	1	1.0	1.0	1.0	1.0	1.0	1.0
GC_00000401	29	29	1	1	1.0	1.0	1.0	1.0	1.0	1.0
GC_00000402	29	29	1	1	1.0	1.0	1.0	1.0	1.0	1.0
GC_00000403	29	29	1	1	1.0	1.0	1.0	1.0	1.0	1.0
GC_00000404	29	29	1	1	1.0	1.0	1.0	1.0	1.0	1.0
GC_00000405	29	29	1	1	1.0	1.0	1.0	1.0	1.0	1.0
GC_00000406	29	29	1	1	1.0	1.0	1.0	1.0	1.0	1.0
GC_00000407	29	29	1	1	1.0	1.0	1.0	1.0	1.0	1.0
GC_00000408	29	29	1	1	1.0	1.0	1.0	1.0	1.0	1.0
GC_00000409	29	29	1	1	1.0	1.0	1.0	1.0	1.0	1.0
GC_00000410	29	29	1	1	1.0	1.0	1.0	1.0	1.0	1.0
GC_00000411	29	29	1	1	1.0	1.0	1.0	1.0	1.0	1.0
GC_00000412	29	29	1	1	1.0	1.0	1.0	1.0	1.0	1.0
GC_00000413	29	29	1	1	1.0	1.0	1.0	1.0	1.0	1.0
GC_00000414	29	29	1	1	1.0	1.0	1.0	1.0	1.0	1.0
GC_00000415	29	29	1	1	1.0	1.0	1.0	1.0	1.0	1.0
GC_00000416	29	29	1	1	1.0	1.0	1.0	1.0	1.0	1.0
GC_00000417	29	29	1	1	1.0	1.0	1.0	1.0	1.0	1.0
GC_00000418	29	29	1	1	1.0	1.0	1.0	1.0	1.0	1.0
GC_00000419	29	29	1	1	1.0	1.0	1.0	1.0	1.0	1.0
GC_00000420	29	29	1	1	1.0	1.0	1.0	1.0	1.0	1.0
GC_00000421	29	29	1	1	1.0	1.0	1.0	1.0	1.0	1.0
GC_00000422	29	29	1	1	1.0	1.0	1.0	1.0	1.0	1.0
GC_00000423	29	29	1	1	1.0	1.0	1.0	1.0	1.0	1.0
GC_00000424	29	29	1	1	1.0	1.0	1.0	1.0	1.0	1.0
GC_00000425	29	29	1	1	0.999877066814187	1.0	0.999938529628719	0.994652406417112	1.0	0.999631200442559
GC_00000426	29	29	1	1	0.999068033550792	1.0	0.9995337995338	0.986486486486487	1.0	0.999068033550792
GC_00000427	29	29	1	1	0.99865008195931	0.986724612900161	0.992651531315868	0.760330578512397	1.0	0.983471074380165
GC_00000428	29	29	1	1	0.999828443986962	1.0	0.999914214634983	0.997512437810945	1.0	0.999828443986962
GC_00000429	29	29	1	1	0.99945696443117	1.0	0.999728408473656	0.992125984251969	1.0	0.99945696443117
GC_00000430	29	29	1	1	0.999310344827586	1.0	0.999655053466713	0.99	1.0	0.999310344827586
GC_00000431	29	29	1	1	0.999756305592787	1.0	0.999878137947843	0.996466431095406	1.0	0.999756305592787
GC_00000432	29	29	1	1	0.999465383587276	1.0	0.999732620320856	0.992248062015504	1.0	0.999465383587276
GC_00000433	29	29	1	1	0.999814109117948	1.0	0.999907045919316	0.997304582210243	1.0	0.999814109117948
GC_00000434	29	29	1	1	0.999400299850075	1.0	0.999700059988002	0.991304347826087	1.0	0.999400299850075
GC_00000435	29	29	1	1	1.0	0.994791666666667	0.997389033942559	0.994791666666667	1.0	0.999640804597701
GC_00000436	29	29	1	1	0.999787143465304	1.0	0.99989356040447	0.990740740740741	1.0	0.999361430395913
GC_00000437	29	29	1	1	0.999712643678161	1.0	0.9998563011927	0.995833333333333	1.0	0.999712643678161
GC_00000438	29	29	1	1	0.999875062468766	1.0	0.999937527331792	0.994565217391304	1.0	0.999625187406297
GC_00000439	29	29	1	1	1.0	0.963856960408685	0.981595889965533	0.962962962962963	1.0	0.997445721583653
GC_00000440	29	29	1	1	0.999713836028044	1.0	0.999856897538638	0.995850622406639	1.0	0.999713836028044
GC_00000441	29	29	1	1	0.999397681072128	1.0	0.999698749811719	0.991266375545852	1.0	0.999397681072128
GC_00000442	29	29	1	1	0.999828443986962	1.0	0.999914214634983	0.992537313432836	1.0	0.999485331960885
GC_00000443	29	29	1	1	0.999660268387974	1.0	0.999830105334692	0.995073891625616	1.0	0.999660268387973
GC_00000444	29	29	1	1	0.999605911330049	1.0	0.999802916830903	0.994285714285714	1.0	0.999605911330049
GC_00000445	29	29	1	1	0.999870121436457	1.0	0.999935056500844	0.994350282485876	1.0	0.999610364309371
GC_00000446	29	29	1	1	0.999860675722745	1.0	0.999930333008221	0.993939393939394	1.0	0.999582027168234
GC_00000447	29	29	1	1	0.999546279491833	1.0	0.999773088268664	0.993421052631579	1.0	0.999546279491833
GC_00000448	29	29	1	1	0.999676218228914	1.0	0.999838082901555	0.985915492957746	1.0	0.999028654686741
GC_00000449	29	29	1	1	0.999682186556491	1.0	0.999841068022886	0.995391705069124	1.0	0.999682186556491
GC_00000450	29	29	1	1	0.999860956618465	1.0	0.999930473475631	0.997983870967742	1.0	0.999860956618465
GC_00000451	29	29	1	1	0.999803517044896	1.0	0.999901748870112	0.991452991452991	1.0	0.999410551134689
GC_00000452	29	29	1	1	0.999687231214325	1.0	0.999843591147259	0.986394557823129	1.0	0.999061693642974
GC_00000453	29	29	1	1	0.999872991680955	1.0	0.999936491807443	0.994475138121547	1.0	0.999618975042865
GC_00000454	29	29	1	1	0.999500249875062	1.0	0.999750062484379	0.992753623188406	1.0	0.999500249875062
GC_00000455	29	29	1	1	0.999389685688129	1.0	0.99969474969475	0.991150442477876	1.0	0.999389685688129
GC_00000456	29	29	1	1	0.999676218228914	1.0	0.999838082901555	0.995305164319249	1.0	0.999676218228914
GC_00000457	29	29	1	1	0.999879007864489	1.0	0.999939500272249	0.994736842105263	1.0	0.999637023593466
GC_00000458	29	29	1	1	0.999560729189545	1.0	0.999780316344464	0.993630573248408	1.0	0.999560729189545
GC_00000459	29	29	1	1	0.999676218228914	1.0	0.999838082901555	0.995305164319249	1.0	0.999676218228914
GC_00000460	29	29	1	1	0.99897066392177	1.0	0.999485066941298	0.985074626865672	1.0	0.99897066392177
GC_00000461	29	29	1	1	0.999560729189545	1.0	0.999780316344464	0.993630573248408	1.0	0.999560729189545
GC_00000462	29	29	1	1	0.998647734956051	1.0	0.999323410013532	0.980392156862745	1.0	0.998647734956052
GC_00000463	29	29	1	1	0.999738766980146	1.0	0.999869366427172	0.988636363636364	1.0	0.999216300940439
GC_00000464	29	29	1	1	0.999514327343371	1.0	0.999757104687879	0.992957746478873	1.0	0.999514327343371
GC_00000465	29	29	1	1	0.998905309250137	1.0	0.999452354874042	0.984126984126984	1.0	0.998905309250137
GC_00000466	29	29	1	1	0.999751027013569	1.0	0.999875498007968	0.996389891696751	1.0	0.999751027013569
GC_00000467	29	29	1	1	0.999758015728978	1.0	0.999878993223621	0.989473684210526	1.0	0.999274047186933
GC_00000468	29	29	1	1	0.999689344516931	0.901780376341361	0.948214135028145	0.879518072289157	1.0	0.991690901537183
GC_00000469	29	29	1	1	0.999543274720256	1.0	0.999771585198721	0.993377483443709	1.0	0.999543274720256
GC_00000470	29	29	1	1	0.999115826702034	1.0	0.999557717823972	0.987179487179487	1.0	0.999115826702034
GC_00000471	29	29	1	1	0.999862344276963	1.0	0.999931167400881	0.994011976047904	1.0	0.99958703283089
GC_00000472	29	29	1	1	0.999781754692274	1.0	0.999890865437084	0.996835443037975	1.0	0.999781754692274
GC_00000473	29	29	1	1	0.999931581828134	1.0	0.999965789743765	0.99702380952381	1.0	0.999794745484401
GC_00000474	29	29	1	1	0.999872286079183	1.0	0.999936138961619	0.994444444444444	1.0	0.999616858237548
GC_00000475	29	29	1	1	0.999808429118774	1.0	0.999904205383657	0.991666666666667	1.0	0.999425287356322
GC_00000476	29	29	1	1	0.999296270232231	1.0	0.99964801126364	0.989795918367347	1.0	0.999296270232231
GC_00000477	29	29	1	1	0.999692118226601	1.0	0.999846035411855	0.995535714285714	1.0	0.999692118226601
GC_00000478	29	29	1	1	0.999627213420317	1.0	0.999813571961223	0.994594594594595	1.0	0.999627213420317
GC_00000479	29	29	1	1	0.999926318891836	1.0	0.999963158088642	0.996794871794872	1.0	0.999778956675509
GC_00000480	29	29	1	1	0.999870121436457	1.0	0.999935056500844	0.994350282485876	1.0	0.999610364309371
GC_00000481	29	29	1	1	0.999903409639718	1.0	0.999951702487322	0.995798319327731	1.0	0.999710228919154
GC_00000482	29	29	1	1	0.999886941775014	1.0	0.999943467691786	0.998360655737705	1.0	0.999886941775014
GC_00000483	29	29	1	1	0.999933366650008	1.0	0.999966682214966	0.997101449275362	1.0	0.999800099950025
GC_00000484	29	29	1	1	0.999779662884213	1.0	0.999889819303658	0.996805111821086	1.0	0.999779662884213
GC_00000485	29	29	1	1	1.0	0.845027930327386	0.916005569820769	0.81203007518797	1.0	0.987036556909515
GC_00000486	29	29	1	1	0.999762187871581	1.0	0.999881079795457	0.996551724137931	1.0	0.999762187871581
GC_00000487	29	29	1	1	0.999776810623814	1.0	0.999888392857143	0.990291262135922	1.0	0.999330431871443
GC_00000488	29	29	1	1	0.999395039322444	1.0	0.999697428139183	0.991228070175439	1.0	0.999395039322444
GC_00000489	29	29	1	1	0.999926554294738	1.0	0.999963275798751	0.996805111821086	1.0	0.999779662884213
GC_00000490	29	29	1	1	0.99965858654831	1.0	0.999829264128393	0.995049504950495	1.0	0.99965858654831
GC_00000491	29	29	1	1	0.999560729189545	1.0	0.999780316344464	0.993630573248408	1.0	0.999560729189545
GC_00000492	29	29	1	1	0.999794745484401	1.0	0.999897362208765	0.991071428571429	1.0	0.999384236453202
GC_00000493	29	29	1	1	0.999741702182617	1.0	0.999870834409713	0.99625468164794	1.0	0.999741702182617
GC_00000494	29	29	1	1	0.999310344827586	1.0	0.999655053466713	0.99	1.0	0.999310344827586
GC_00000495	29	29	1	1	0.999872991680955	1.0	0.999936491807443	0.994475138121547	1.0	0.999618975042865
GC_00000496	29	29	1	1	0.999687938836012	1.0	0.999843945068664	0.995475113122172	1.0	0.999687938836012
GC_00000497	29	29	1	1	0.999115826702034	1.0	0.999557717823972	0.987179487179487	1.0	0.999115826702034
GC_00000498	29	29	1	1	0.999767792871241	1.0	0.999883882954018	0.98989898989899	1.0	0.999303378613723
GC_00000499	29	29	1	1	0.999789096277549	1.0	0.999894537017507	0.990825688073395	1.0	0.999367288832648
GC_00000500	29	29	1	1	0.999367288832648	1.0	0.999683544303797	0.990825688073395	1.0	0.999367288832648
GC_00000501	29	29	1	1	0.999756992539671	1.0	0.999878481504885	0.993657505285412	1.0	0.999562586571408
GC_00000502	29	29	1	1	0.999380504552918	1.0	0.999690156303079	0.990909090909091	1.0	0.998768472906404
GC_00000503	29	29	1	1	0.997324089278112	1.0	0.998660252116193	0.972222222222222	1.0	0.996898376208721
GC_00000504	29	29	1	1	0.997775305895439	1.0	0.998886414253897	0.967741935483871	1.0	0.997775305895439
GC_00000505	29	29	1	1	0.999211822660099	1.0	0.999605755962941	0.988571428571429	1.0	0.999211822660099
GC_00000506	29	29	1	1	0.999021765712888	1.0	0.999510643503793	0.978723404255319	1.0	0.998532648569332
GC_00000507	29	29	1	1	0.999021765712888	1.0	0.999510643503793	0.978723404255319	1.0	0.998532648569332
GC_00000508	29	29	1	1	0.999080459770115	1.0	0.999540018399264	0.986666666666667	1.0	0.999080459770115
GC_00000509	29	29	1	1	0.999886476514829	1.0	0.999943235035336	0.995061728395062	1.0	0.999659429544487
GC_00000510	29	29	1	1	0.999491029393053	1.0	0.999745449917271	0.992619926199262	1.0	0.999491029393053
GC_00000511	29	29	1	1	0.999092558983666	0.987012987012988	0.993016038782643	0.974025974025974	1.0	0.99820868786386
GC_00000512	29	29	1	1	0.996905393457118	1.0	0.998450298870932	0.942307692307692	1.0	0.996021220159151
GC_00000513	29	29	1	1	0.999233716475096	1.0	0.999616711383672	0.988888888888889	1.0	0.999233716475096
GC_00000514	29	29	1	1	0.999468473855558	1.0	0.999734166278993	0.988439306358382	1.0	0.999202710783337
GC_00000515	29	29	1	1	0.993914807302231	1.0	0.996948118006104	0.941176470588235	1.0	0.992176180817154
GC_00000516	29	29	1	1	0.994800297994618	0.993880141436731	0.994340006838816	0.950920245398773	1.0	0.993472150865847
GC_00000517	29	29	1	1	0.999403565353774	1.0	0.999701693716786	0.995515695067265	1.0	0.999403565353774
GC_00000518	29	29	1	1	0.999607034089793	1.0	0.999803478431758	0.991452991452991	1.0	0.999410551134689
GC_00000519	29	29	1	1	0.993826775581468	1.0	0.996903831118061	0.936708860759494	1.0	0.991581966702001
GC_00000520	29	29	1	1	0.999656887973923	1.0	0.999828414550446	0.992537313432836	1.0	0.999485331960885
GC_00000521	29	29	1	1	0.998660863742886	1.0	0.999329983249581	0.980582524271845	1.0	0.998660863742886
GC_00000522	29	29	1	1	0.999739206027239	1.0	0.999869586008028	0.994117647058824	1.0	0.999217618081715
GC_00000523	29	29	1	1	0.99987260064549	1.0	0.999936296264838	0.997126436781609	1.0	0.99961780193647
GC_00000524	29	29	1	1	0.997775305895439	1.0	0.998886414253897	0.967741935483871	1.0	0.997775305895439
GC_00000525	29	29	1	1	0.99913250921709	1.0	0.999566066391842	0.987421383647799	1.0	0.99913250921709
GC_00000526	29	29	1	1	0.997984773846843	1.0	0.998991370615264	0.984848484848485	1.0	0.997984773846843
GC_00000527	29	29	1	1	0.999882110226938	1.0	0.999941051638765	0.994871794871795	1.0	0.999646330680814
GC_00000528	29	29	1	1	0.99913250921709	1.0	0.999566066391842	0.981132075471698	1.0	0.998698763825634
GC_00000529	29	29	1	1	0.999563509384548	1.0	0.999781707050862	0.993670886075949	1.0	0.999563509384549
GC_00000530	29	29	1	1	0.999850723988655	0.921702515079098	0.959187503387728	0.912871287128713	1.0	0.993991123250256
GC_00000531	29	29	1	1	0.999307266009852	1.0	0.999653512993263	0.984375	1.0	0.997921798029557
GC_00000532	29	29	1	1	0.999694942830027	1.0	0.999847448146495	0.997706422018349	1.0	0.999694942830027
GC_00000533	29	29	1	1	0.999226715545881	1.0	0.999613208222907	0.994186046511628	1.0	0.999226715545882
GC_00000534	29	29	1	1	0.999793516415445	1.0	0.999896747547754	0.997005988023952	1.0	0.999793516415445
GC_00000535	29	29	1	1	0.998686371100164	1.0	0.999342753861321	0.971428571428571	1.0	0.998029556650246
GC_00000536	29	29	1	1	0.999370177924736	1.0	0.999684989762167	0.990867579908676	1.0	0.999370177924736
GC_00000537	29	29	1	1	0.998905309250137	1.0	0.999452354874042	0.984126984126984	1.0	0.998905309250137
GC_00000538	29	29	1	1	0.99886476514829	1.0	0.999432060201619	0.975308641975309	1.0	0.998297147722435
GC_00000539	29	29	1	1	0.999721163676922	1.0	0.999860562398327	0.993710691823899	1.0	0.999163491030765
GC_00000540	29	29	1	1	0.999287178116368	1.0	0.999643461984134	0.984496124031008	1.0	0.998930767174552
GC_00000541	29	29	1	1	0.999747660372804	1.0	0.999873814265572	0.99554565701559	1.0	0.999550177186303
GC_00000542	29	29	1	1	0.997831273042724	1.0	0.998914459400782	0.962264150943396	1.0	0.997397527651269
GC_00000543	29	29	1	1	0.999511002444988	0.993514031117494	0.99650349439956	0.894366197183099	1.0	0.992714910150558
GC_00000544	29	29	1	1	0.999370177924736	1.0	0.999684989762167	0.986301369863014	1.0	0.999055266887104
GC_00000545	29	29	1	1	0.999384236453202	1.0	0.999692023406221	0.99537037037037	1.0	0.999384236453202
GC_00000546	29	29	1	1	0.999216300940439	1.0	0.999607996863975	0.992424242424242	1.0	0.998992386923422
GC_00000547	29	29	1	1	0.998831092928112	1.0	0.999415204678363	0.983050847457627	1.0	0.998831092928112
GC_00000548	29	29	1	1	0.999732921835124	1.0	0.999866443082494	0.993975903614458	1.0	0.999198765505371
GC_00000549	29	29	1	1	0.999623891166946	1.0	0.999811910212358	0.988826815642458	1.0	0.998871673500839
GC_00000550	29	29	1	1	0.998952717117257	1.0	0.999476084214611	0.992125984251969	1.0	0.998952717117257
GC_00000551	29	29	1	1	0.999736521424102	1.0	0.999868243354524	0.994269340974212	1.0	0.999604782136153
GC_00000552	29	29	1	1	0.999710836405696	1.0	0.999855397295929	0.987421383647799	1.0	0.99913250921709
GC_00000553	29	29	1	1	0.998740355849473	1.0	0.999369780998897	0.972602739726027	1.0	0.998110533774209
GC_00000554	29	29	1	1	0.999762107840577	1.0	0.999881039770436	0.992932862190813	1.0	0.999286323521732
GC_00000555	29	29	1	1	0.999731128587753	1.0	0.999865546218487	0.994152046783626	1.0	0.999462257175506
GC_00000556	29	29	1	1	0.999178981937603	1.0	0.99958932238193	0.987124463519313	1.0	0.998699761094315
GC_00000557	29	29	1	1	0.99912186763761	1.0	0.999560740955013	0.991304347826087	1.0	0.99912186763761
GC_00000558	29	29	1	1	0.998849591457479	1.0	0.999424464678364	0.994011976047904	1.0	0.998849591457479
GC_00000559	29	29	1	1	0.99910897264546	1.0	0.999554287751827	0.988372093023256	1.0	0.998930767174552
GC_00000560	29	29	1	1	0.999716748768473	1.0	0.99985835432358	0.995	1.0	0.999495073891626
GC_00000561	29	29	1	1	0.999021917612622	1.0	0.999510719528005	0.98695652173913	1.0	0.998822017562647
GC_00000562	29	29	1	1	0.998807569004613	1.0	0.999403428817322	0.982142857142857	1.0	0.998006098991321
GC_00000563	29	29	1	1	0.998959625966733	1.0	0.999479542248001	0.977099236641221	1.0	0.997931786560373
GC_00000564	29	29	1	1	0.999657617999511	1.0	0.999828779688379	0.995744680851064	1.0	0.9995597945708
GC_00000565	29	29	1	1	0.998914137401345	1.0	0.999456773766148	0.989247311827957	1.0	0.998914137401345
GC_00000566	29	29	1	1	0.996989600437876	1.0	0.998492531177196	0.966666666666667	1.0	0.996989600437876
GC_00000567	29	29	1	1	0.996460200812943	1.0	0.99822696230778	0.950819672131147	1.0	0.99608334006299
GC_00000568	29	29	1	1	0.998895872260914	1.0	0.999447631187593	0.982758620689655	1.0	0.996687616782741
GC_00000569	29	29	1	1	0.999019503608936	1.0	0.999509511343289	0.97841726618705	1.0	0.998050820427402
GC_00000570	29	29	1	1	0.999106325471904	1.0	0.999552962983154	0.991150442477876	1.0	0.999106325471904
GC_00000571	29	29	1	1	0.998947880557076	1.0	0.99947366339405	0.992592592592593	1.0	0.998777595329319
GC_00000572	29	29	1	1	0.999852148771192	0.999540998731401	0.999696549540363	0.99	1.0	0.999096880131363
GC_00000573	29	29	1	1	0.999371623047215	1.0	0.999685712778184	0.991620111731844	1.0	0.999243195640807
GC_00000574	29	29	1	1	0.999226091763405	0.999668435013263	0.999447214444394	0.985576923076923	1.0	0.99867374005305
GC_00000575	29	29	1	1	0.999474191099343	0.949932928272706	0.974074051181088	0.938080495356037	1.0	0.992359194131373
GC_00000576	29	29	1	1	0.999546881170626	1.0	0.999773389244513	0.992405063291139	1.0	0.999314086175719
GC_00000577	29	29	1	1	0.998574414091655	1.0	0.999286698609622	0.977272727272727	1.0	0.99755933721451
GC_00000578	29	29	1	1	0.998510711421698	1.0	0.999254800802522	0.992248062015504	1.0	0.998510711421698
GC_00000579	29	29	1	1	0.999373899894862	1.0	0.999686851916407	0.985611510791367	1.0	0.998121699684587
GC_00000580	29	29	1	1	0.999153055051422	1.0	0.999576348120801	0.989473684210526	1.0	0.998911070780399
GC_00000581	29	29	1	1	0.999689631297898	1.0	0.999844791563029	0.998384491114701	1.0	0.999689631297898
GC_00000582	29	29	1	1	0.998118500273673	1.0	0.999058364293174	0.979166666666667	1.0	0.998118500273673
GC_00000583	29	29	1	1	0.998983501446556	1.0	0.999491492274594	0.994708994708995	1.0	0.998983501446556
GC_00000584	29	29	1	1	0.998778846780839	1.0	0.999389050358859	0.981949458483754	1.0	0.998292756664473
GC_00000585	29	29	1	1	0.999133369823025	1.0	0.999566497068151	0.988888888888889	1.0	0.99887794198139
GC_00000586	29	29	1	1	0.997472128597355	1.0	0.998734464743486	0.986842105263158	1.0	0.997472128597355
GC_00000587	29	29	1	1	0.999235620103191	0.997011070891809	0.998122106016624	0.950276243093923	1.0	0.996189750428653
GC_00000588	29	29	1	1	0.998352751062111	1.0	0.999175696614617	0.980952380952381	1.0	0.998060833528814
GC_00000589	29	29	1	1	0.996961007769037	1.0	0.998478191502418	0.977611940298508	1.0	0.99661789574296
GC_00000590	29	29	1	1	0.9992465951898	1.0	0.999623155636722	0.996078431372549	1.0	0.9992465951898
GC_00000591	29	29	1	1	0.998804908619232	1.0	0.999402097035276	0.988165680473373	1.0	0.998804908619232
GC_00000592	29	29	1	1	0.995314189595098	1.0	0.997651592701873	0.975609756097561	1.0	0.995314189595098
GC_00000593	29	29	1	1	0.999473648694244	1.0	0.999736755067465	0.997260273972603	1.0	0.999473648694244
GC_00000594	29	29	1	1	0.999264367816092	0.913763920959229	0.954603475722796	0.898550724637681	1.0	0.992503748125937
GC_00000595	29	29	1	1	0.99658425504229	1.0	0.998289205702648	0.971698113207547	1.0	0.996166000557673
GC_00000596	29	29	1	1	0.998831953684424	1.0	0.999415635559847	0.979381443298969	1.0	0.99791783048093
GC_00000597	29	29	1	1	0.999592608758912	1.0	0.999796262879097	0.994936708860759	1.0	0.999476211261458
GC_00000598	29	29	1	1	0.998813496477568	1.0	0.999406396082214	0.980645161290323	1.0	0.998220244716351
GC_00000599	29	29	1	1	0.998960971491655	1.0	0.99948021571048	0.983050847457627	1.0	0.998441457237483
GC_00000600	29	29	1	1	0.999021891839021	1.0	0.999510706628591	0.992779783393502	1.0	0.999021891839021
GC_00000601	29	29	1	1	0.996348884381339	1.0	0.998171103434261	0.976470588235294	1.0	0.994842074760939
GC_00000602	29	29	1	1	0.993280863673254	1.0	0.996629107092131	0.954022988505747	1.0	0.991789819376026
GC_00000603	29	29	1	1	0.999521363938092	1.0	0.999760624682216	0.995744680851064	1.0	0.999423540509381
GC_00000604	29	29	1	1	0.998557548376562	1.0	0.999278253646181	0.988950276243094	1.0	0.998557548376562
GC_00000605	29	29	1	1	0.99965488178793	1.0	0.999827411112181	0.993362831858407	1.0	0.999269802519726
GC_00000606	29	29	1	1	0.99577297631241	1.0	0.997882011762981	0.96039603960396	1.0	0.995317758376823
GC_00000607	29	29	1	1	0.998712128529573	1.0	0.999355649344373	0.980392156862745	1.0	0.997037895618017
GC_00000608	29	29	1	1	0.999353374795725	1.0	0.999676582833017	0.995226730310263	1.0	0.999353374795725
GC_00000609	29	29	1	1	0.999280579490475	1.0	0.99964016030721	0.993311036789298	1.0	0.999126810221263
GC_00000610	29	29	1	1	0.997839426151586	1.0	0.998918544793875	0.991228070175439	1.0	0.997839426151586
GC_00000611	29	29	1	1	0.996375791695989	1.0	0.998184606165289	0.978571428571429	1.0	0.996375791695989
GC_00000612	29	29	1	1	0.996168582375479	1.0	0.998080614203455	0.962962962962963	1.0	0.994761122839941
GC_00000613	29	29	1	1	0.997251750064817	1.0	0.998623984214762	0.978947368421053	1.0	0.997251750064817
GC_00000614	29	29	1	1	0.999050806121954	1.0	0.999525177711773	0.991561181434599	1.0	0.998856810292864
GC_00000615	29	29	1	1	0.998437785075716	1.0	0.999218281932042	0.986111111111111	1.0	0.998118500273673
GC_00000616	29	29	1	1	0.998068192794359	1.0	0.999033162525379	0.992156862745098	1.0	0.998068192794359
GC_00000617	29	29	1	1	0.998177624647627	1.0	0.999087981303617	0.988439306358382	1.0	0.998177624647627
GC_00000618	29	29	1	1	0.998635846911709	1.0	0.999317457909905	0.984615384615385	1.0	0.997953770367563
GC_00000619	29	29	1	1	0.996257886094547	1.0	0.998125435630577	0.957894736842105	1.0	0.994425719471092
GC_00000620	29	29	1	1	0.99911734394493	1.0	0.999558477116042	0.990990990990991	1.0	0.998979274841344
GC_00000621	29	29	1	1	0.999096521608192	1.0	0.999548056643567	0.986899563318777	1.0	0.998494202680319
GC_00000622	29	29	1	1	0.999814848601566	1.0	0.99990741572973	0.998353909465021	1.0	0.999777007439843
GC_00000623	29	29	1	1	0.998834684040468	1.0	0.999417002331991	0.986175115207373	1.0	0.998410932782457
GC_00000624	29	29	1	1	0.998973727422003	1.0	0.999486600266968	0.995833333333333	1.0	0.998973727422003
GC_00000625	29	29	1	1	0.998821773623439	1.0	0.999410539552796	0.988610478359909	1.0	0.998619791958886
GC_00000626	29	29	1	1	0.998924430485942	1.0	0.999461925874909	0.995633187772926	1.0	0.998924430485942
GC_00000627	29	29	1	1	0.999208021161675	1.0	0.999603853711098	0.996784565916399	1.0	0.999208021161675
GC_00000628	29	29	1	1	0.998245275121543	1.0	0.999121867119966	0.980392156862745	1.0	0.997343765092244
GC_00000629	29	29	1	1	0.998436624288369	1.0	0.999217700630268	0.988023952095808	1.0	0.998436624288369
GC_00000630	29	29	1	1	0.99715901686345	1.0	0.99857748776509	0.968253968253968	1.0	0.996794119946829
GC_00000631	29	29	1	1	0.998864258347017	1.0	0.999431806513003	0.983333333333333	1.0	0.997742200328407
GC_00000632	29	29	1	1	0.997443115177105	1.0	0.998719921081373	0.978571428571429	1.0	0.997114707952146
GC_00000633	29	29	1	1	0.999420098766336	1.0	0.999709965287424	0.988847583643123	1.0	0.998773051074038
GC_00000634	29	29	1	1	0.997997516920982	1.0	0.998997754971135	0.991869918699187	1.0	0.997997516920982
GC_00000635	29	29	1	1	0.998756744076941	1.0	0.999377985376788	0.990476190476191	1.0	0.998756744076941
GC_00000636	29	29	1	1	0.999190795147133	1.0	0.999595233804182	0.992805755395683	1.0	0.999025410213701
GC_00000637	29	29	1	1	0.993237037655506	1.0	0.996607045616387	0.932203389830508	1.0	0.993237037655506
GC_00000638	29	29	1	1	0.999195080330983	1.0	0.999597378126359	0.990196078431373	1.0	0.997585240992949
GC_00000639	29	29	1	1	0.999130686757462	1.0	0.999565154370199	0.986928104575163	1.0	0.998293570301684
GC_00000640	29	29	1	1	0.999484177133572	1.0	0.999742022031318	0.994764397905759	1.0	0.998452531400717
GC_00000641	29	29	1	1	0.998638174818003	1.0	0.99931862345113	0.989761092150171	1.0	0.998638174818003
GC_00000642	29	29	1	1	0.991353474112095	1.0	0.99565796529832	0.93006993006993	1.0	0.988597609287264
GC_00000643	29	29	1	1	0.995029378598136	1.0	0.99750849714035	0.975903614457831	1.0	0.993575286367143
GC_00000644	29	29	1	1	0.998235134401303	1.0	0.99911678782526	0.976377952755906	1.0	0.996838757224312
GC_00000645	29	29	1	1	0.997082228116711	1.0	0.998538982600611	0.984615384615385	1.0	0.995566502463054
GC_00000646	29	29	1	1	0.999015724743639	1.0	0.99950762005312	0.99135446685879	1.0	0.998750727559234
GC_00000647	29	29	1	1	0.998547429581912	1.0	0.999273186917365	0.980769230769231	1.0	0.99741063534167
GC_00000648	29	29	1	1	0.997316373796044	1.0	0.998656384016491	0.970149253731343	1.0	0.995992941695464
GC_00000649	29	29	1	1	0.999159287981591	0.989341648844448	0.994226232558652	0.982683982683983	1.0	0.997089117778773
GC_00000650	29	29	1	1	0.993179234558545	1.0	0.996577946768061	0.942307692307692	1.0	0.992326638878363
GC_00000651	29	29	1	1	0.996409414340449	1.0	0.998201478297107	0.973333333333333	1.0	0.995796387520525
GC_00000652	29	29	1	1	0.999449917898194	1.0	0.999724883280705	0.996666666666667	1.0	0.999449917898194
GC_00000653	29	29	1	1	0.999263191386037	0.841798751829233	0.913797072779213	0.796703296703297	1.0	0.972635738645591
GC_00000654	29	29	1	1	0.999047813371421	1.0	0.999523679912901	0.99112426035503	1.0	0.99877576004897
GC_00000655	29	29	1	1	1.0	0.995148529631288	0.997568366316262	0.984848484848485	1.0	0.995521719659651
GC_00000656	29	29	1	1	0.998279771678786	1.0	0.999139145406167	0.989795918367347	1.0	0.997453168459502
GC_00000657	29	29	1	1	0.996331858283933	1.0	0.998162559145241	0.972881355932203	1.0	0.994673123486683
GC_00000658	29	29	1	1	0.998333132020775	0.994805794479272	0.996566342014979	0.951219512195122	1.0	0.993151507869759
GC_00000659	29	29	1	1	0.995264826058731	1.0	0.997626794258373	0.970930232558139	1.0	0.994042845686791
GC_00000660	29	29	1	1	0.998351178601962	1.0	0.999174909087205	0.987603305785124	1.0	0.998351178601962
GC_00000661	29	29	1	1	0.998044316525525	1.0	0.999021201152397	0.98314606741573	1.0	0.997066474788288
GC_00000662	29	29	1	1	0.996755977411991	1.0	0.998375353511042	0.967479674796748	1.0	0.995714686210902
GC_00000663	29	29	1	1	0.998134971315048	1.0	0.99906661526287	0.975308641975309	1.0	0.996107766222709
GC_00000664	29	29	1	1	0.998402104631248	1.0	0.999200413487832	0.983870967741935	1.0	0.997431007998305
GC_00000665	29	29	1	1	0.999131248329324	1.0	0.999565435400301	0.988372093023256	1.0	0.9985966319166
GC_00000666	29	29	1	1	0.99893489548662	1.0	0.999467163980285	0.993243243243243	1.0	0.99893489548662
GC_00000667	29	29	1	1	0.992047005757018	1.0	0.99600762721964	0.963855421686747	1.0	0.992047005757018
GC_00000668	29	29	1	1	0.993968030561978	1.0	0.996974891600282	0.979591836734694	1.0	0.993968030561978
GC_00000669	29	29	1	1	0.999671592775041	1.0	0.999835769420266	0.996666666666667	1.0	0.999014778325123
GC_00000670	29	29	1	1	0.999338702174997	1.0	0.999669241722634	0.995449374288965	1.0	0.998890364666521
GC_00000671	29	29	1	1	0.996681358568836	1.0	0.998337921362904	0.978947368421053	1.0	0.996681358568836
GC_00000672	29	29	1	1	0.999650630611746	1.0	0.999825284785799	0.99645390070922	1.0	0.998951891835237
GC_00000673	29	29	1	1	0.999297361286134	1.0	0.9996485571744	0.990697674418605	1.0	0.998533623553672
GC_00000674	29	29	1	1	0.99170339642209	1.0	0.995834418120281	0.942105263157895	1.0	0.990095929478869
GC_00000675	29	29	1	1	0.995308468214872	1.0	0.997648718551611	0.984126984126984	1.0	0.995308468214872
GC_00000676	29	29	1	1	0.999144291033558	1.0	0.999571962378964	0.991549295774648	1.0	0.998765003815999
GC_00000677	29	29	1	1	0.998843872524379	1.0	0.999421601911228	0.989795918367347	1.0	0.996531617573138
GC_00000678	29	29	1	1	0.999214194901904	1.0	0.999606943017862	0.99548532731377	1.0	0.99911040932291
GC_00000679	29	29	1	1	0.998030579725714	1.0	0.999014319253033	0.981308411214953	1.0	0.997744118594908
GC_00000680	29	29	1	1	0.996753675707302	1.0	0.998374198914872	0.96551724137931	1.0	0.994677538078252
GC_00000681	29	29	1	1	0.999056075042034	1.0	0.999527814667257	0.994011976047904	1.0	0.998790596147606
GC_00000682	29	29	1	1	0.998175515416895	1.0	0.9990869247626	0.990740740740741	1.0	0.998175515416895
GC_00000683	29	29	1	1	0.99839793905728	0.99983096686951	0.999113939116181	0.987745098039216	1.0	0.997512798222737
GC_00000684	29	29	1	1	0.99539384719405	1.0	0.99769160719202	0.955882352941177	1.0	0.993860475224573
GC_00000685	29	29	1	1	0.996994764073489	1.0	0.998495120778193	0.981132075471698	1.0	0.996994764073489
GC_00000686	29	29	1	1	0.997393680916014	1.0	0.998695140017269	0.976510067114094	1.0	0.994164710549807
GC_00000687	29	29	1	1	0.99688013136289	1.0	0.9984376284845	0.975	1.0	0.996141215106732
GC_00000688	29	29	1	1	0.998898107337309	1.0	0.999448749959467	0.986842105263158	1.0	0.99760176302826
GC_00000689	29	29	1	1	0.997553701283469	1.0	0.998775352715194	0.979591836734694	1.0	0.996213263630575
GC_00000690	29	29	1	1	0.99146603760494	1.0	0.995714733651535	0.971830985915493	1.0	0.99146603760494
GC_00000691	29	29	1	1	0.997602336631937	1.0	0.998799729393536	0.982300884955752	1.0	0.996468895767034
GC_00000692	29	29	1	1	0.987564580079298	1.0	0.993743388242406	0.963414634146341	1.0	0.987564580079298
GC_00000693	29	29	1	1	0.997384471029791	1.0	0.998690523027417	0.971428571428571	1.0	0.996727656579873
GC_00000694	29	29	1	1	0.999100789741184	1.0	0.999550192634893	0.992063492063492	1.0	0.997302369223552
GC_00000695	29	29	1	1	0.99216875078944	1.0	0.996068983007862	0.948717948717949	1.0	0.98635846911709
GC_00000696	29	29	1	1	0.999112288593598	1.0	0.999555947201432	0.994397759103641	1.0	0.998854714299513
GC_00000697	29	29	1	1	0.996794119946829	1.0	0.998394486431452	0.973544973544973	1.0	0.996794119946829
GC_00000698	29	29	1	1	0.997975253093363	0.987635911773843	0.992778663271178	0.783783783783784	1.0	0.982825189721741
GC_00000699	29	29	1	1	0.998601228486286	1.0	0.999300124760369	0.995884773662551	1.0	0.998601228486286
GC_00000700	29	29	1	1	0.998688612787707	1.0	0.999343876177658	0.993174061433447	1.0	0.998688612787706
GC_00000701	29	29	1	1	0.998753873346201	0.968963220772328	0.983633036241823	0.317596566523605	1.0	0.95157402904924
GC_00000702	29	29	1	1	0.999088669950739	1.0	0.999544127250102	0.99	1.0	0.99795566502463
GC_00000703	29	29	1	1	0.999256888761042	1.0	0.999628306275629	0.992700729927007	1.0	0.999122649311424
GC_00000704	29	29	1	1	0.993325917686318	1.0	0.996651785714286	0.975806451612903	1.0	0.993325917686318
GC_00000705	29	29	1	1	0.995223167636961	1.0	0.997605865629208	0.977272727272727	1.0	0.995223167636961
GC_00000706	29	29	1	1	0.99734322244977	1.0	0.998669844260932	0.98314606741573	1.0	0.996623678529917
GC_00000707	29	29	1	1	0.998194324536308	1.0	0.999096346415602	0.986254295532646	1.0	0.998036327933235
GC_00000708	29	29	1	1	0.995847543261336	1.0	0.997919451937758	0.980769230769231	1.0	0.995405456612353
GC_00000709	29	29	1	1	0.998415291819712	1.0	0.999207017586997	0.99501246882793	1.0	0.998415291819712
GC_00000710	29	29	1	1	0.999337547657808	1.0	0.999668664081777	0.995708154506438	1.0	0.999154316158904
GC_00000711	29	29	1	1	0.998995734459767	0.997498708764284	0.998246660356787	0.974842767295597	1.0	0.99544567338972
GC_00000712	29	29	1	1	0.999586698390358	1.0	0.999793306481797	0.993197278911565	1.0	0.998760095171073
GC_00000713	29	29	1	1	0.995718977246071	1.0	0.997854897005671	0.928571428571429	1.0	0.989619985925405
GC_00000714	29	29	1	1	0.998770219753345	1.0	0.999384731554182	0.987234042553191	1.0	0.998029556650246
GC_00000715	29	29	1	1	0.997745547456226	0.993519028133401	0.995627802337229	0.893939393939394	1.0	0.990968801313629
GC_00000716	29	29	1	1	0.98941971062986	1.0	0.994681720848744	0.943396226415094	1.0	0.988985965238405
GC_00000717	29	29	1	1	0.998142614875232	1.0	0.999070444166027	0.983606557377049	1.0	0.994427844625697
GC_00000718	29	29	1	1	0.997835022434188	1.0	0.998916338165313	0.993630573248408	1.0	0.997835022434188
GC_00000719	29	29	1	1	0.9943631595716	1.0	0.997173613841919	0.980099502487562	1.0	0.9943631595716
GC_00000720	29	29	1	1	0.998987295989873	0.83111955416416	0.907354536145124	0.789473684210526	1.0	0.932114769682828
GC_00000721	29	29	1	1	0.996457250826641	1.0	0.998225482077369	0.979452054794521	1.0	0.996457250826642
GC_00000722	29	29	1	1	0.998672509756254	1.0	0.999335814027928	0.993506493506494	1.0	0.998672509756254
GC_00000723	29	29	1	1	0.999114662550226	1.0	0.999557135232731	0.995391705069124	1.0	0.999114662550226
GC_00000724	29	29	1	1	0.999541757360522	1.0	0.999770826171651	0.994186046511628	1.0	0.998625272081567
GC_00000725	29	29	1	1	0.998976033652516	1.0	0.999487754565214	0.98876404494382	1.0	0.997702994409697
GC_00000726	29	29	1	1	0.997777812310609	1.0	0.998887670252569	0.987381703470032	1.0	0.997156221348542
GC_00000727	29	29	1	1	0.997405332230286	1.0	0.998700980853587	0.99236641221374	1.0	0.997405332230286
GC_00000728	29	29	1	1	0.999225236476329	1.0	0.99961246811538	0.992957746478873	1.0	0.998647054742247
GC_00000729	29	29	1	1	0.995787328010871	1.0	0.99788921798931	0.979310344827586	1.0	0.995787328010872
GC_00000730	29	29	1	1	0.999663796757831	1.0	0.99983187011601	0.997032640949555	1.0	0.998991390273494
GC_00000731	29	29	1	1	0.996961947100118	1.0	0.998478662598307	0.979094076655052	1.0	0.996652992567927
GC_00000732	29	29	1	1	0.999212417062316	1.0	0.999606053398347	0.995475113122172	1.0	0.99910839667432
GC_00000733	29	29	1	1	0.99804519508953	1.0	0.999021641294564	0.980952380952381	1.0	0.995449214168426
GC_00000734	29	29	1	1	0.99812734082397	0.981308479319089	0.989646456857578	0.905325443786982	1.0	0.97904217798117
GC_00000735	29	29	1	1	0.999069645391763	1.0	0.999534606205251	0.995157384987893	1.0	0.999069645391763
GC_00000736	29	29	1	1	0.991113686854052	1.0	0.995537013680023	0.96078431372549	1.0	0.986670530281078
GC_00000737	29	29	1	1	0.999427775289844	1.0	0.999713805761214	0.994949494949495	1.0	0.998283325869533
GC_00000738	29	29	1	1	0.993534482758621	1.0	0.996756756756757	0.96875	1.0	0.990455665024631
GC_00000739	29	29	1	1	0.998135314909131	1.0	0.999066787380737	0.98728813559322	1.0	0.997745679218502
GC_00000740	29	29	1	1	0.998496011160033	1.0	0.999247439658839	0.995575221238938	1.0	0.998496011160033
GC_00000741	29	29	1	1	0.999178981937603	1.0	0.99958932238193	0.995535714285714	1.0	0.999076354679803
GC_00000742	29	29	1	1	0.99911343847884	1.0	0.999556522654445	0.993697478991597	1.0	0.999016848118558
GC_00000743	29	29	1	1	0.99946112746369	1.0	0.999730491116377	0.993808049535604	1.0	0.998810413457579
GC_00000744	29	29	1	1	0.995932228690849	1.0	0.997961969223865	0.96969696969697	1.0	0.995932228690849
GC_00000745	29	29	1	1	0.999040934652775	1.0	0.99952023726448	0.993362831858407	1.0	0.999040934652775
GC_00000746	29	29	1	1	0.999457541637345	1.0	0.999728697233445	0.994047619047619	1.0	0.998783133943232
GC_00000747	29	29	1	1	0.99917359722076	0.999852637783669	0.999513002172041	0.995726495726496	1.0	0.999026356784978
GC_00000748	29	29	1	1	0.995987213493845	1.0	0.997989573039834	0.970414201183432	1.0	0.994374325939313
GC_00000749	27	29	2	0	0.934578973592426	0.970979642500335	0.952431638684296	0.602941176470588	1.0	0.89365401332947
GC_00000750	29	29	1	1	0.992833067891403	1.0	0.996403646535141	0.973684210526316	1.0	0.991981184488314
GC_00000751	29	29	1	1	0.996605723983646	1.0	0.998299976817866	0.986577181208054	1.0	0.994908585975468
GC_00000752	29	29	1	1	0.999150565444495	0.908332165218204	0.951579358387046	0.850694444444444	1.0	0.988608374384237
GC_00000753	29	29	1	1	0.997438308793997	0.992299919355624	0.994862479270883	0.869822485207101	1.0	0.988763226163757
GC_00000754	29	29	1	1	0.997751673613743	1.0	0.998874571641734	0.98974358974359	1.0	0.997751673613743
GC_00000755	29	29	1	1	0.999263023156588	1.0	0.999631375744524	0.988188976377953	1.0	0.997789069469765
GC_00000756	29	29	1	1	0.999433847734224	1.0	0.999716843712325	0.996445497630332	1.0	0.999433847734224
GC_00000757	29	29	1	1	0.999211261280227	1.0	0.999605475051562	0.994871794871795	1.0	0.99879584017515
GC_00000758	29	29	1	1	0.998089134952119	1.0	0.99904365375175	0.986725663716814	1.0	0.997885696848163
GC_00000759	29	29	1	1	0.993324586809252	1.0	0.996651115811784	0.979899497487437	1.0	0.993093546550486
GC_00000760	29	29	1	1	0.998604269293924	1.0	0.999301647290802	0.983333333333333	1.0	0.997345374931582
GC_00000761	29	29	1	1	0.995213910209901	1.0	0.997601214704044	0.98062015503876	1.0	0.994157406346661
GC_00000762	29	29	1	1	0.998333727179636	1.0	0.999166168894765	0.988929889298893	1.0	0.998164070310654
GC_00000763	29	29	1	1	0.993631245601689	1.0	0.996805450149138	0.95	1.0	0.991168191414497
GC_00000764	29	29	1	1	0.995395284327323	0.997701736465781	0.996547175860046	0.943820224719101	1.0	0.993081308462944
GC_00000765	29	29	1	1	0.998793352241628	1.0	0.999396311901369	0.994949494949495	1.0	0.998793352241628
GC_00000766	29	29	1	1	0.997995658440367	0.993268936108448	0.995626687295687	0.88865096359743	1.0	0.990548622904822
GC_00000767	29	29	1	1	0.993063912653436	0.992268903948088	0.992666249123712	0.850220264317181	1.0	0.979622838046049
GC_00000768	29	29	1	1	0.995431431749563	1.0	0.997710485974238	0.967741935483871	1.0	0.995431431749563
GC_00000769	29	29	1	1	0.994224562595549	1.0	0.997103918228279	0.96551724137931	1.0	0.992780703244437
GC_00000770	29	29	1	1	0.999071892625116	1.0	0.999535730866755	0.987577639751553	1.0	0.997215677875348
GC_00000771	29	29	1	1	0.999256372984468	1.0	0.999628048195529	0.995901639344262	1.0	0.99916215779698
GC_00000772	29	29	1	1	0.998043698588163	1.0	0.999020891578488	0.980861244019139	1.0	0.994791052867278
GC_00000773	29	29	1	1	0.999032515540219	1.0	0.999516023650311	0.993453355155483	1.0	0.998661646497303
GC_00000774	29	29	1	1	0.996237539273108	1.0	0.998115223938599	0.976377952755906	1.0	0.996237539273108
GC_00000775	29	29	1	1	0.998963763610566	1.0	0.99948161321966	0.990291262135922	1.0	0.998230427088813
GC_00000776	29	29	1	1	0.996997098319725	1.0	0.998496291415345	0.986301369863014	1.0	0.996997098319725
GC_00000777	29	29	1	1	0.996284218722295	1.0	0.998138651178597	0.971830985915493	1.0	0.995097018894979
GC_00000778	29	29	1	1	0.99756959994029	1.0	0.998783321462349	0.985795454545455	1.0	0.996319413345275
GC_00000779	29	29	1	1	0.99911416472215	1.0	0.999556886098112	0.990131578947368	1.0	0.998249935182784
GC_00000780	29	29	1	1	0.994720662924352	1.0	0.997353345170692	0.976744186046512	1.0	0.992983159582999
GC_00000781	29	29	1	1	0.999125866166468	1.0	0.999562741972216	0.994454713493531	1.0	0.998889121586553
GC_00000782	29	29	1	1	0.990524929357633	1.0	0.995239913601371	0.957597173144876	1.0	0.989364479799474
GC_00000783	29	29	1	1	0.997521741774615	0.995391705069123	0.996455585124475	0.981566820276498	1.0	0.996458650200904
GC_00000784	29	29	1	1	0.980476341121707	1.0	0.990141937839441	0.899082568807339	1.0	0.962308491887739
GC_00000785	29	29	1	1	0.995009074410163	1.0	0.997498294291562	0.986842105263158	1.0	0.995009074410163
GC_00000786	29	29	1	1	0.999363292114876	1.0	0.99968154467593	0.994331065759637	1.0	0.999072863956749
GC_00000787	29	29	1	1	0.997964142202998	1.0	0.998981033866425	0.983739837398374	1.0	0.99777724378229
GC_00000788	29	29	1	1	0.993654504466895	1.0	0.996817153865483	0.957627118644068	1.0	0.987893462469734
GC_00000789	29	29	1	1	0.99907932078552	1.0	0.999539448382609	0.994219653179191	1.0	0.99907932078552
GC_00000790	29	29	1	1	0.997212082550708	1.0	0.998604095442017	0.985611510791367	1.0	0.996881312683843
GC_00000791	29	29	1	1	0.992190554382673	1.0	0.996079970562983	0.970238095238095	1.0	0.989649307999062
GC_00000792	29	29	1	1	0.956795191053462	0.98914662073631	0.97270198341319	0.692307692307692	1.0	0.93987170465003
GC_00000793	29	29	1	1	0.991974047819296	1.0	0.995970855047288	0.970731707317073	1.0	0.990868677159678
GC_00000794	29	29	1	1	0.997470959304562	0.993141434178873	0.995301488444945	0.877906976744186	1.0	0.990004582426395
GC_00000795	29	29	1	1	0.996753035911423	1.0	0.998373877975803	0.985875706214689	1.0	0.996242798697503
GC_00000796	29	29	1	1	0.997444745923448	1.0	0.998720738542697	0.983957219251337	1.0	0.997444745923448
GC_00000797	29	29	1	1	0.995183360700602	1.0	0.997585866344782	0.977777777777778	1.0	0.995183360700602
GC_00000798	29	29	1	1	0.998485371371602	0.98529957094974	0.991848649542446	0.873563218390805	1.0	0.982447200045298
GC_00000799	29	29	1	1	0.997208538587849	1.0	0.998602318506947	0.984615384615385	1.0	0.996854869268662
GC_00000800	29	29	1	1	0.99899484859907	1.0	0.999497171590195	0.992084432717678	1.0	0.99841428701405
GC_00000801	29	29	1	1	0.995882278640899	1.0	0.997936891667827	0.930769230769231	1.0	0.992951875710496
GC_00000802	29	29	1	1	0.995429995845451	1.0	0.997709764730377	0.987951807228916	1.0	0.995429995845451
GC_00000803	29	29	1	1	0.998181400851034	1.0	0.999089872847284	0.985663082437276	1.0	0.997404523544679
GC_00000804	29	29	1	1	0.998314176245211	1.0	0.999156377022778	0.986666666666667	1.0	0.994942528735632
GC_00000805	29	29	1	1	0.999567336513149	1.0	0.999783621447025	0.993650793650794	1.0	0.998702009539448
GC_00000806	29	29	1	1	0.995814231612517	1.0	0.997902726455608	0.982658959537572	1.0	0.995814231612518
GC_00000807	29	29	1	1	0.998433459788989	1.0	0.999216115901514	0.977011494252874	1.0	0.995300379366967
GC_00000808	29	29	1	1	0.996268099716376	1.0	0.998130561579302	0.945454545454545	1.0	0.991312136139722
GC_00000809	29	29	1	1	0.997141986366124	1.0	0.998568948200285	0.96969696969697	1.0	0.996799895506792
GC_00000810	29	29	1	1	0.993942570412249	0.945611778250681	0.969175008820461	0.914473684210526	1.0	0.971926043557169
GC_00000811	29	29	1	1	0.998941116891487	1.0	0.999470277988899	0.995327102803738	1.0	0.998941116891487
GC_00000812	29	29	1	1	0.927007373197213	0.701662942832631	0.79874571925726	0.211640211640212	1.0	0.753707613313525
GC_00000813	29	29	1	1	0.998184581178798	1.0	0.999091465904451	0.987577639751553	1.0	0.997338065661047
GC_00000814	29	29	1	1	0.992677859321068	1.0	0.996325476973269	0.938775510204082	1.0	0.991303910726852
GC_00000815	29	29	1	1	0.995320197044335	1.0	0.997654610541908	0.983333333333333	1.0	0.993295019157088
GC_00000816	29	29	1	1	0.994159042927516	1.0	0.997070967286586	0.964285714285714	1.0	0.993173821252639
GC_00000817	29	29	1	1	0.992968839500516	1.0	0.996472016842347	0.965116279069767	1.0	0.990190743498683
GC_00000818	29	29	1	1	0.995822702887737	1.0	0.997906979860376	0.980456026058632	1.0	0.994303685756005
GC_00000819	29	29	1	1	0.994419983434326	1.0	0.99720218579235	0.946902654867257	1.0	0.988491215833297
GC_00000820	29	29	1	1	0.999412143214623	0.996950881472446	0.998179995132164	0.990353697749196	1.0	0.997465667717359
GC_00000821	29	29	1	1	0.99816091954023	1.0	0.999079613437644	0.986666666666667	1.0	0.99448275862069
GC_00000822	29	29	1	1	0.981749941355853	1.0	0.990790937714543	0.933333333333333	1.0	0.974806474313864
GC_00000823	29	29	1	1	0.998313584520481	1.0	0.999156080660922	0.990990990990991	1.0	0.998313584520481
GC_00000824	29	29	1	1	0.994214767239647	1.0	0.997098992116902	0.978902953586498	1.0	0.99266280060693
GC_00000825	29	29	1	1	0.998831092928112	1.0	0.999415204678363	0.991525423728814	1.0	0.996493278784337
GC_00000826	29	29	1	1	0.999625301883881	0.997126896902503	0.9983745363481	0.988527724665392	1.0	0.996543247087191
GC_00000827	29	29	1	1	0.99318859088974	1.0	0.996582656984195	0.975308641975309	1.0	0.98978288633461
GC_00000828	29	29	1	1	0.9965149792736	1.0	0.998254447994341	0.979020979020979	1.0	0.99588342691791
GC_00000829	29	29	1	1	0.997145722440793	1.0	0.998570821584457	0.984340044742729	1.0	0.996638785113675
GC_00000830	29	29	1	1	0.997576460051105	1.0	0.998786759857576	0.983957219251337	1.0	0.997102289191539
GC_00000831	29	29	1	1	0.995335124645469	1.0	0.997662109338471	0.977272727272727	1.0	0.993898343036274
GC_00000832	29	29	1	1	0.992860397994835	1.0	0.996417409863557	0.977973568281938	1.0	0.992860397994835
GC_00000833	29	29	1	1	0.999372813301277	0.998925101040504	0.99914890701664	0.992518703241895	1.0	0.997862486640541
GC_00000834	29	29	1	1	0.995985079301802	1.0	0.997988501647717	0.982658959537572	1.0	0.994675247017284
GC_00000835	29	29	1	1	0.993930330752991	1.0	0.996955927118719	0.96875	1.0	0.98966396903589
GC_00000836	29	29	1	1	0.99827099475721	0.999293538160349	0.998782004741325	0.981723237597911	1.0	0.997106072103821
GC_00000837	29	29	1	1	0.998836659152264	0.9681503079349	0.98325411943828	0.957377049180328	1.0	0.995719938625535
GC_00000838	29	29	1	1	0.998432601880878	1.0	0.99921568627451	0.988636363636364	1.0	0.995297805642633
GC_00000839	29	29	1	1	0.998498616371951	1.0	0.999248744224414	0.99203187250996	1.0	0.997144427217239
GC_00000840	29	29	1	1	0.998531206218647	1.0	0.999265063374151	0.981651376146789	1.0	0.996226329823293
GC_00000841	29	29	1	1	0.998208120274463	1.0	0.999103256709171	0.988593155893536	1.0	0.998033302740265
GC_00000842	29	29	1	1	0.99741063534167	1.0	0.998703639295539	0.983516483516483	1.0	0.997158014399394
GC_00000843	29	29	1	1	0.995832174088561	1.0	0.99791173528238	0.980066445182724	1.0	0.994632014794691
GC_00000844	29	29	1	1	0.997505175256422	1.0	0.998751029647141	0.987780040733198	1.0	0.996889829743261
GC_00000845	29	29	1	1	0.999043814329769	1.0	0.999521678482794	0.990853658536585	1.0	0.998302895590532
GC_00000846	29	29	1	1	0.997866989618622	1.0	0.998932356161616	0.98671096345515	1.0	0.997135983503265
GC_00000847	29	29	1	1	0.997831273042724	1.0	0.998914459400782	0.981132075471698	1.0	0.994795055302537
GC_00000848	29	29	1	1	0.99933524821534	1.0	0.999667513597205	0.993957703927492	1.0	0.998422454719986
GC_00000849	29	29	1	1	0.995011535823408	1.0	0.997499531162093	0.974683544303797	1.0	0.993390284966016
GC_00000850	29	29	1	1	0.999291371881179	1.0	0.999645560357641	0.993039443155452	1.0	0.998194141245585
GC_00000851	29	29	1	1	0.997966757776508	1.0	0.998982344318003	0.981191222570533	1.0	0.995537162005652
GC_00000852	29	29	1	1	0.995284547575836	1.0	0.997636701777753	0.980263157894737	1.0	0.993340031112263
GC_00000853	29	29	1	1	0.988646493079991	1.0	0.994290837029348	0.885714285714286	1.0	0.981421534130894
GC_00000854	29	29	1	1	0.990656032527954	1.0	0.995306086375867	0.972222222222222	1.0	0.98893580420674
GC_00000855	29	29	1	1	0.999418012512731	1.0	0.999708921554359	0.9957805907173	1.0	0.998254037538193
GC_00000856	29	29	1	1	0.999519488376113	1.0	0.99975968645133	0.993684210526316	1.0	0.998848846253565
GC_00000857	29	29	1	1	0.995915961433203	1.0	0.997953802341525	0.982905982905983	1.0	0.995915961433203
GC_00000858	29	29	1	1	0.991521731845448	1.0	0.995742819162362	0.972789115646258	1.0	0.990047250427264
GC_00000859	29	29	1	1	0.996835151495445	1.0	0.998415067712432	0.983498349834984	1.0	0.995480336210961
GC_00000860	29	29	1	1	0.999395039322444	1.0	0.999697428139183	0.994736842105263	1.0	0.998548094373865
GC_00000861	29	29	1	1	0.995906312716658	1.0	0.997948958196454	0.972222222222222	1.0	0.993397646414888
GC_00000862	29	29	1	1	0.996891358960324	1.0	0.998443259806936	0.982905982905983	1.0	0.995221253841944
GC_00000863	29	29	1	1	0.996608253250424	1.0	0.998301245753114	0.991803278688525	1.0	0.996608253250424
GC_00000864	29	29	1	1	0.997976431952091	1.0	0.998987191232315	0.979411764705882	1.0	0.996653144016227
GC_00000865	29	29	1	1	0.999239173877661	1.0	0.999619442169661	0.991202346041056	1.0	0.998122011470176
GC_00000866	29	29	1	1	0.99252349509136	0.963698710745615	0.977898737423888	0.935153583617747	1.0	0.987894887271138
GC_00000867	29	29	1	1	0.999186514213404	1.0	0.999593091599602	0.990825688073395	1.0	0.997875898223889
GC_00000868	29	29	1	1	0.997746073055117	1.0	0.998871765047979	0.990566037735849	1.0	0.997746073055117
GC_00000869	29	29	1	1	0.997937479858202	1.0	0.998967675333893	0.990654205607477	1.0	0.997164034805027
GC_00000870	29	29	1	1	0.998820443466541	0.998579545454554	0.9986999799337	0.990056818181818	1.0	0.998467588446037
GC_00000871	29	29	1	1	0.99831758593771	1.0	0.999158084743822	0.983606557377049	1.0	0.99608334006299
GC_00000872	29	29	1	1	0.996393016880681	0.991734630610005	0.994058366207776	0.979253112033195	1.0	0.994665085951393
GC_00000873	29	29	1	1	0.990829974160207	0.932159021067331	0.960599463699022	0.566820276497696	1.0	0.912011078068602
GC_00000874	29	29	1	1	0.996346611666979	1.0	0.998169962915423	0.982698961937716	1.0	0.995244345202584
GC_00000875	29	29	1	1	0.99752646473116	1.0	0.998761700877303	0.987234042553191	1.0	0.99752646473116
GC_00000876	29	29	1	1	0.995996566613593	0.986972282342312	0.991463890190021	0.933070866141732	1.0	0.981750126061829
GC_00000877	29	29	1	1	0.992846661775495	1.0	0.996410492406811	0.973404255319149	1.0	0.991641337386018
GC_00000878	29	29	1	1	0.989028213166144	1.0	0.994483845547675	0.920454545454545	1.0	0.980407523510972
GC_00000879	29	29	1	1	0.996468073241008	1.0	0.998230912476722	0.981132075471698	1.0	0.995042909811941
GC_00000880	29	29	1	1	0.992032267662909	1.0	0.996000199160208	0.959731543624161	1.0	0.987469831718848
GC_00000881	29	29	1	1	0.998605476673428	1.0	0.99930225182366	0.987132352941177	1.0	0.997645609968125
GC_00000882	29	29	1	1	0.998213730972352	1.0	0.999106067083835	0.97972972972973	1.0	0.996505125815471
GC_00000883	29	29	1	1	0.997454844006568	1.0	0.998725800485018	0.9875	1.0	0.997454844006568
GC_00000884	29	29	1	1	0.991369763623172	1.0	0.995666180869832	0.953488372093023	1.0	0.986099973269179
GC_00000885	29	29	1	1	0.997941327843541	1.0	0.998969603297269	0.995024875621891	1.0	0.997941327843541
GC_00000886	29	29	1	1	0.998471994161649	1.0	0.999235412934074	0.986111111111111	1.0	0.99710363072432
GC_00000887	29	29	1	1	0.998586901604143	1.0	0.999292951237335	0.992788461538462	1.0	0.998057976506252
GC_00000888	29	29	1	1	0.995846136337772	1.0	0.99791874554526	0.965346534653465	1.0	0.995390918402185
GC_00000889	29	29	1	1	0.998604269293924	1.0	0.999301647290802	0.990740740740741	1.0	0.998604269293924
GC_00000890	29	29	1	1	0.991276156793398	1.0	0.995618968681546	0.953846153846154	1.0	0.989137299482127
GC_00000891	29	29	1	1	0.998239618929274	1.0	0.999119034046743	0.990990990990991	1.0	0.998239618929274
GC_00000892	29	29	1	1	0.995277293073363	0.998943104476385	0.997106829495015	0.961538461538462	1.0	0.994221295945434
GC_00000893	29	29	1	1	0.994774461508741	1.0	0.997380386308282	0.958823529411765	1.0	0.992205157925239
GC_00000894	29	29	1	1	0.99584113121231	1.0	0.997916232548448	0.956331877729258	1.0	0.992815195646095
GC_00000895	29	29	1	1	0.998762058702791	1.0	0.999380645989442	0.98828125	1.0	0.998133466748768
GC_00000896	29	29	1	1	0.996575490450264	1.0	0.998284808380091	0.980263157894737	1.0	0.996273010111486
GC_00000897	29	29	1	1	0.998957085163982	1.0	0.999478270522285	0.994594594594595	1.0	0.998708560777526
GC_00000898	29	29	1	1	0.997597367055495	1.0	0.998797238630702	0.987012987012987	1.0	0.996545326594588
GC_00000899	29	29	1	1	0.999302187949934	0.999445325593873	0.999373751646597	0.986559139784946	1.0	0.998066634885322
GC_00000900	29	29	1	1	0.997683290422117	1.0	0.998840301869175	0.984894259818731	1.0	0.995758486747131
GC_00000901	29	29	1	1	0.99935910324721	1.0	0.999679448903527	0.994897959183674	1.0	0.9987810395094
GC_00000902	29	29	1	1	0.998805313460486	1.0	0.99940229969799	0.990384615384615	1.0	0.997647467475054
GC_00000903	29	29	1	1	0.99735846362533	1.0	0.998677485077027	0.985507246376812	1.0	0.99735846362533
GC_00000904	29	29	1	1	0.999260270854672	1.0	0.999629998576918	0.99009900990099	1.0	0.997780812564015
GC_00000905	29	29	1	1	0.997922725384296	1.0	0.998960282803078	0.987951807228916	1.0	0.997922725384296
GC_00000906	29	29	1	1	0.998335242584824	0.99954692983179	0.998940718772729	0.983277591973244	1.0	0.997594609288762
GC_00000907	29	29	1	1	0.997851097418677	1.0	0.998924393022033	0.990353697749196	1.0	0.997037999144663
GC_00000908	29	29	1	1	0.998155521065299	1.0	0.999076909221902	0.979452054794521	1.0	0.996288548485053
GC_00000909	29	29	1	1	0.993267940979209	0.99929627023223	0.996272986513502	0.948979591836735	1.0	0.98926812104152
GC_00000910	29	29	1	1	0.989326765188834	1.0	0.994634750309534	0.957142857142857	1.0	0.985714285714286
GC_00000911	29	29	1	1	0.997676832000755	0.994776198745437	0.996224403987494	0.9	1.0	0.990534834623505
GC_00000912	29	29	1	1	0.99816091954023	1.0	0.999079613437644	0.989090909090909	1.0	0.996775638154948
GC_00000913	29	29	1	1	0.995402298850575	1.0	0.997695852534562	0.966666666666667	1.0	0.986206896551724
GC_00000914	29	29	1	1	0.994552755439016	1.0	0.99726893934185	0.975501113585746	1.0	0.992929004794453
GC_00000915	29	29	1	1	0.990618158182813	1.0	0.995286970643455	0.932291666666667	1.0	0.988634031198686
GC_00000916	29	29	1	1	0.99871198083789	1.0	0.999355575403331	0.990825688073395	1.0	0.997356171193564
GC_00000917	29	29	1	1	0.992343458529387	0.999610364309371	0.9959636561122	0.966101694915254	1.0	0.989507667473769
GC_00000918	29	29	1	1	0.997508634845139	1.0	0.998752763762118	0.988505747126437	1.0	0.997508634845139
GC_00000919	29	29	1	1	0.997103008226479	1.0	0.998549402929349	0.985111662531017	1.0	0.995978437580217
GC_00000920	29	29	1	1	0.995979298420143	0.983867713083933	0.989886459834221	0.914893617021277	1.0	0.979229989868288
GC_00000921	29	29	1	1	0.99696535095924	1.0	0.998480369707315	0.984177215189873	1.0	0.996445719274178
GC_00000922	29	29	1	1	0.997934678194044	0.989634242238987	0.993767128179288	0.818181818181818	1.0	0.985608435451696
GC_00000923	29	29	1	1	0.996424598760528	1.0	0.998209097783261	0.983870967741935	1.0	0.994040997934213
GC_00000924	29	29	1	1	0.991944268318458	1.0	0.995955844844824	0.97029702970297	1.0	0.989847014258076
GC_00000925	29	29	1	1	0.993263833199679	1.0	0.996620534277438	0.976744186046512	1.0	0.993263833199679
GC_00000926	29	29	1	1	0.982920936432559	0.77699123536562	0.86790802962075	0.589285714285714	1.0	0.891977480647432
GC_00000927	29	29	1	1	0.994142775355617	1.0	0.997062785715863	0.977011494252874	1.0	0.992658022384538
GC_00000928	29	29	1	1	0.998602828911359	1.0	0.999300926092753	0.985380116959064	1.0	0.997018408089189
GC_00000929	29	29	1	1	0.990519097952818	1.0	0.995236970066284	0.969849246231156	1.0	0.989380399534619
GC_00000930	29	29	1	1	0.994802825344697	1.0	0.997394642423165	0.968253968253968	1.0	0.99363515521151
GC_00000931	29	29	1	1	0.996485642196323	1.0	0.998239727985316	0.984756097560976	1.0	0.995704673795506
GC_00000932	29	29	1	1	0.995880505862357	1.0	0.997936001616558	0.982456140350877	1.0	0.994105954541526
GC_00000933	29	29	1	1	0.997377098321343	0.95582028680528	0.976156604990255	0.859903381642512	1.0	0.953094881130863
GC_00000934	29	29	1	1	0.993509022458782	0.833021742140978	0.906214811993869	0.771084337349398	1.0	0.914831740756128
GC_00000935	29	29	1	1	0.996602453709266	1.0	0.998298336113721	0.979674796747967	1.0	0.995013817133245
GC_00000936	29	29	1	1	0.996122912684387	0.997040462683552	0.996581476487534	0.945255474452555	1.0	0.993114235374492
GC_00000937	29	29	1	1	0.990219802379512	1.0	0.99508587061148	0.971929824561404	1.0	0.988358828104745
GC_00000938	29	29	1	1	0.99604314906039	1.0	0.998017652603616	0.986111111111111	1.0	0.99430988870644
GC_00000939	29	29	1	1	0.98642713790497	1.0	0.993167198617038	0.96031746031746	1.0	0.985866760497302
GC_00000940	29	29	1	1	0.998044261451364	1.0	0.999021173561383	0.985074626865672	1.0	0.997014925373134
GC_00000941	29	29	1	1	0.999387715343297	1.0	0.999693763919822	0.994350282485876	1.0	0.99855278172052
GC_00000942	29	29	1	1	0.998423499685064	1.0	0.999211128014065	0.991130820399113	1.0	0.99771716928992
GC_00000943	29	29	1	1	0.997141895280692	1.0	0.998568902527125	0.98326359832636	1.0	0.995712842921038
GC_00000944	29	29	1	1	0.994838153766116	1.0	0.997412398482484	0.98019801980198	1.0	0.993586304443252
GC_00000945	29	29	1	1	0.996758341967656	1.0	0.998376539632157	0.977859778597786	1.0	0.995910057622744
GC_00000946	29	29	1	1	0.997645182920712	1.0	0.998821203535332	0.990353697749196	1.0	0.997497346870892
GC_00000947	29	29	1	1	0.993792489602996	1.0	0.996886581512683	0.976635514018692	1.0	0.991229685557755
GC_00000948	29	29	1	1	0.998767520449255	1.0	0.999383380239005	0.993039443155452	1.0	0.99855417004789
GC_00000949	29	29	1	1	0.993293242061715	1.0	0.996635338044217	0.974025974025974	1.0	0.992994690039025
GC_00000950	29	29	1	1	0.99689737579222	0.990020774932185	0.993447175617019	0.975206611570248	1.0	0.989835660682056
GC_00000951	29	29	1	1	0.99713753162029	1.0	0.998566714442852	0.986486486486487	1.0	0.996538410331514
GC_00000952	29	29	1	1	0.997736222041545	1.0	0.998866828396323	0.990291262135922	1.0	0.997449264272164
GC_00000953	29	29	1	1	0.995413288856134	1.0	0.997701372858705	0.984251968503937	1.0	0.99523874170901
GC_00000954	29	29	1	1	0.998574400974256	1.0	0.999286692041562	0.991212653778559	1.0	0.998095353528358
GC_00000955	29	29	1	1	0.997757649593022	1.0	0.998877566351737	0.991039426523297	1.0	0.996698271447994
GC_00000956	29	29	1	1	0.997875380739292	1.0	0.998936560667802	0.988549618320611	1.0	0.996747264317678
GC_00000957	29	29	1	1	0.987987538007205	1.0	0.993957476209918	0.950570342205323	1.0	0.986364232332503
GC_00000958	29	29	1	1	0.999225589949878	1.0	0.999612644989133	0.995633187772926	1.0	0.998580248241444
GC_00000959	29	29	1	1	0.999267190489761	1.0	0.999633460943227	0.998347107438017	1.0	0.999267190489761
GC_00000960	29	29	1	1	0.993511126210294	1.0	0.996745002471071	0.972413793103448	1.0	0.992084253439783
GC_00000961	29	29	1	1	0.980815248212236	0.731854439976269	0.83823985342998	0.53030303030303	1.0	0.79213315420212
GC_00000962	29	29	1	1	0.994612068965517	1.0	0.997298757428417	0.984375	1.0	0.99368842364532
GC_00000963	29	29	1	1	0.992752392276768	1.0	0.996363016423254	0.954022988505747	1.0	0.990714002604609
GC_00000964	29	29	1	1	0.998492218401132	1.0	0.99924554042043	0.992138364779874	1.0	0.998063636645289
GC_00000965	29	29	1	1	0.995891987915549	1.0	0.997941766333387	0.97864768683274	1.0	0.993881808460284
GC_00000966	29	29	1	1	0.990404801786711	0.996910745595725	0.993647124324312	0.966101694915254	1.0	0.987851715788595
GC_00000967	29	29	1	1	0.995820810584909	1.0	0.997906029743288	0.981949458483754	1.0	0.993935729401931
GC_00000968	29	29	1	1	0.995231918967328	0.999482440649443	0.997352651106197	0.943609022556391	1.0	0.993333086410608
GC_00000969	29	29	1	1	0.998344827586207	1.0	0.999171728326891	0.984	1.0	0.996137931034483
GC_00000970	29	29	1	1	0.993680321493389	1.0	0.996830144512899	0.973684210526316	1.0	0.991346901737101
GC_00000971	29	29	1	1	0.997177116908918	1.0	0.99858656347142	0.990740740740741	1.0	0.997035212552454
GC_00000972	29	29	1	1	0.995203526056521	1.0	0.997595997660971	0.980263157894737	1.0	0.992805289084781
GC_00000973	29	29	1	1	0.998884585705874	1.0	0.999441981642111	0.99554565701559	1.0	0.998782187016578
GC_00000974	29	29	1	1	0.996858300824815	1.0	0.998426678961703	0.988439306358382	1.0	0.996155926991087
GC_00000975	29	29	1	1	0.994394777919682	1.0	0.997189512255861	0.966049382716049	1.0	0.992337164750958
GC_00000976	29	29	1	1	0.998869144117359	1.0	0.999434252169048	0.993646759847522	1.0	0.998234863327095
GC_00000977	29	29	1	1	0.986886623133616	1.0	0.99340003767014	0.953488372093023	1.0	0.983709474166571
GC_00000978	29	29	1	1	0.99700523887716	1.0	0.99850037392765	0.990476190476191	1.0	0.996567362577215
GC_00000979	29	29	1	1	0.990631124529901	1.0	0.995293515029154	0.967741935483871	1.0	0.988141585889083
GC_00000980	29	29	1	1	0.995120276826881	1.0	0.997554170929043	0.980225988700565	1.0	0.992819570844118
GC_00000981	29	29	1	1	0.987008121596489	0.997784794128327	0.992367201240738	0.91869918699187	1.0	0.98217790059674
GC_00000982	29	29	1	1	0.991558779117261	1.0	0.995761500503399	0.974874371859296	1.0	0.990865658340966
GC_00000983	29	29	1	1	0.997548776044255	1.0	0.998772884054126	0.988472622478386	1.0	0.996763248676197
GC_00000984	29	29	1	1	0.993805440439266	1.0	0.996893097272636	0.973544973544973	1.0	0.990434487971434
GC_00000985	29	29	1	1	0.99779313572417	1.0	0.99889534895462	0.987714987714988	1.0	0.997083066048583
GC_00000986	29	29	1	1	0.99795775435375	1.0	0.99897783341925	0.985663082437276	1.0	0.997298585730176
GC_00000987	29	29	1	1	0.998671329547876	1.0	0.999335223139252	0.99236641221374	1.0	0.998300304591434
GC_00000988	29	29	1	1	0.995709288213036	1.0	0.997850031659268	0.973913043478261	1.0	0.993553223388306
GC_00000989	29	29	1	1	0.998364023049097	1.0	0.999181341871634	0.996309963099631	1.0	0.998364023049098
GC_00000990	29	29	1	1	0.996808041972045	1.0	0.998401469765315	0.975609756097561	1.0	0.995446353478313
GC_00000991	29	29	1	1	0.999116538310322	1.0	0.99955807394279	0.995774647887324	1.0	0.998987025601887
GC_00000992	29	29	1	1	0.995192068467931	1.0	0.997590241256441	0.977272727272727	1.0	0.993114643976713
GC_00000993	29	29	1	1	0.99748454040457	1.0	0.998740686325952	0.993920972644377	1.0	0.99748454040457
GC_00000994	29	29	1	1	0.996553203449755	1.0	0.998273626495758	0.977477477477477	1.0	0.993653752274442
GC_00000995	29	29	1	1	0.996675216110953	1.0	0.998334839906751	0.983471074380165	1.0	0.995236738183447
GC_00000996	29	29	1	1	0.997503810554684	1.0	0.998750345590268	0.986547085201794	1.0	0.9971061874572
GC_00000997	29	29	1	1	0.998948161912943	1.0	0.99947380422009	0.99288256227758	1.0	0.996844485738829
GC_00000998	29	29	1	1	0.995978274598964	1.0	0.997985085583237	0.987692307692308	1.0	0.995134520651762
GC_00000999	29	29	1	1	0.994465766159072	0.997367976396269	0.995914756938487	0.973614775725594	1.0	0.993774126883034
GC_00001000	29	29	1	1	0.997146559773335	1.0	0.998571241448104	0.982843137254902	1.0	0.996172606973824
GC_00001001	29	29	1	1	0.997473246135553	0.960167630597788	0.978464982734539	0.946280991735537	1.0	0.994727842690225
GC_00001002	29	29	1	1	0.999597729558355	1.0	0.999798824315662	0.996539792387543	1.0	0.999325003835206
GC_00001003	29	29	1	1	0.994250541125541	1.0	0.997116982667978	0.971590909090909	1.0	0.993457512315271
GC_00001004	29	29	1	1	0.995779067213973	0.99237281119344	0.994073021272687	0.854591836734694	1.0	0.985680355886197
GC_00001005	29	29	1	1	0.991326819026084	1.0	0.995644521586789	0.977049180327869	1.0	0.988904142776387
GC_00001006	29	29	1	1	0.990331080307023	1.0	0.995142054611595	0.958139534883721	1.0	0.98588612670409
GC_00001007	29	29	1	1	0.993788411916491	1.0	0.996884529949927	0.971428571428571	1.0	0.993525686136524
GC_00001008	29	29	1	1	0.997054491899853	1.0	0.998525073746313	0.979381443298969	1.0	0.994007414554873
GC_00001009	29	29	1	1	0.999222193414571	1.0	0.999610945402671	0.994459833795014	1.0	0.998403449640435
GC_00001010	29	29	1	1	0.998363797040835	1.0	0.999181228682391	0.992895204262877	1.0	0.997838812134151
GC_00001011	29	29	1	1	0.994663382594417	1.0	0.997324552377032	0.979166666666667	1.0	0.994663382594417
GC_00001012	29	29	1	1	0.999429608504019	1.0	0.999714722892191	0.994736842105263	1.0	0.998651801918589
GC_00001013	29	29	1	1	0.990221455277538	0.999137931034483	0.994659710959613	0.9375	1.0	0.983128078817734
GC_00001014	29	29	1	1	0.998748184868059	1.0	0.999373700428389	0.993690851735016	1.0	0.998409763122044
GC_00001015	29	29	1	1	0.997714691991265	1.0	0.998856038843837	0.994845360824742	1.0	0.997714691991265
GC_00001016	29	29	1	1	0.994073275862069	1.0	0.997027830316131	0.9453125	1.0	0.99211052955665
GC_00001017	29	29	1	1	0.994001349412892	0.875531712736257	0.931012905343516	0.827893175074184	1.0	0.926298402303723
GC_00001018	29	29	1	1	0.992573089481532	1.0	0.996272703592318	0.96551724137931	1.0	0.989156899382821
GC_00001019	29	29	1	1	0.993545827159868	1.0	0.996762465777209	0.976863753213368	1.0	0.992110628490382
GC_00001020	29	29	1	1	0.991922063896144	1.0	0.995944652529198	0.966442953020134	1.0	0.987238403808642
GC_00001021	29	29	1	1	0.99968623513539	1.0	0.999843092951735	0.997876857749469	1.0	0.999058705406169
GC_00001022	29	29	1	1	0.994076941121276	1.0	0.997029673852307	0.96031746031746	1.0	0.993725076237391
GC_00001023	29	29	1	1	0.99311848982815	1.0	0.996547365243477	0.977099236641221	1.0	0.99311848982815
GC_00001024	29	29	1	1	0.998826427122573	1.0	0.999412869040802	0.991176470588235	1.0	0.997290640394089
GC_00001025	29	29	1	1	0.996153207505397	1.0	0.998072897170348	0.98314606741573	1.0	0.995655061714729
GC_00001026	29	29	1	1	0.997889292373467	1.0	0.998943531238398	0.985626283367556	1.0	0.996803592923397
GC_00001027	29	29	1	1	0.99755913549017	1.0	0.998778076470196	0.990990990990991	1.0	0.996671548395686
GC_00001028	29	29	1	1	0.99944987622215	1.0	0.999724862431216	0.99492385786802	1.0	0.998699707434173
GC_00001029	29	29	1	1	0.993252817294068	1.0	0.996614989003205	0.978193146417445	1.0	0.99212743428019
GC_00001030	29	29	1	1	0.994004146911607	1.0	0.996993058867165	0.973190348525469	1.0	0.991072253991732
GC_00001031	29	29	1	1	0.992118054367943	0.995561962271005	0.993837024815705	0.972350230414747	1.0	0.990374792853738
GC_00001032	29	29	1	1	0.876688191420133	0.761484339112816	0.815035431993703	0.0656063618290258	1.0	0.682834030300953
GC_00001033	29	29	1	1	0.996250509867905	1.0	0.998121733663405	0.990445859872611	1.0	0.996250509867905
GC_00001034	29	29	1	1	0.980322643595915	0.996471110409044	0.988330918431969	0.901315789473684	1.0	0.970410941145968
GC_00001035	29	29	1	1	0.998951891835237	1.0	0.99947567114094	0.99290780141844	1.0	0.996855675505712
GC_00001036	29	29	1	1	0.985137467896089	1.0	0.992513096778299	0.955128205128205	1.0	0.981621826449413
GC_00001037	29	29	1	1	0.997256536566881	1.0	0.998626384050877	0.981538461538462	1.0	0.995589238347859
GC_00001038	29	29	1	1	0.998672848449725	1.0	0.999335983599665	0.988235294117647	1.0	0.997919443639525
GC_00001039	29	29	1	1	0.997804795677136	1.0	0.998901191784295	0.99468085106383	1.0	0.997641756629284
GC_00001040	29	29	1	1	0.997036996266432	1.0	0.998516300028939	0.983240223463687	1.0	0.996119657649228
GC_00001041	29	29	1	1	0.996914386311096	0.998580121703854	0.997746558772688	0.973529411764706	1.0	0.992755722978847
GC_00001042	29	29	1	1	0.997858970565197	1.0	0.998928338052712	0.982332155477032	1.0	0.996257550174938
GC_00001043	29	29	1	1	0.999264145488949	0.976643567473931	0.987824374080421	0.96875	1.0	0.987736042692939
GC_00001044	29	29	1	1	0.996403504947905	1.0	0.99819851295433	0.97787610619469	1.0	0.994834125288809
GC_00001045	29	29	1	1	0.998708356521082	1.0	0.999353760905285	0.99163179916318	1.0	0.997279304161428
GC_00001046	29	29	1	1	0.99316810876575	1.0	0.9965723457022	0.963730569948187	1.0	0.986957298552796
GC_00001047	29	29	1	1	0.997240779479797	1.0	0.998618483785955	0.986301369863014	1.0	0.996131092966237
GC_00001048	29	29	1	1	0.994871682429239	1.0	0.997429249401888	0.976261127596439	1.0	0.99280086535791
GC_00001049	29	29	1	1	0.99403541472507	1.0	0.997008786689101	0.978378378378378	1.0	0.992437757954999
GC_00001050	29	29	1	1	0.998497765712456	1.0	0.999248318255183	0.990712074303406	1.0	0.997506443593772
GC_00001051	29	29	1	1	0.99520421195298	1.0	0.997596342259961	0.98015873015873	1.0	0.993158182813355
GC_00001052	29	29	1	1	0.998758123939231	1.0	0.999378676166018	0.997198879551821	1.0	0.998758123939231
GC_00001053	29	29	1	1	0.991917218730536	1.0	0.995942210251782	0.956896551724138	1.0	0.991124511635808
GC_00001054	29	29	1	1	0.996759780347215	1.0	0.998377261158465	0.98813056379822	1.0	0.995600122787271
GC_00001055	29	29	1	1	0.99906744050819	1.0	0.999533502735869	0.993318485523385	1.0	0.998299450338464
GC_00001056	29	29	1	1	0.995835558984707	0.992478087649404	0.994153988599861	0.868525896414343	1.0	0.986624928856005
GC_00001057	29	29	1	1	0.998937726060497	1.0	0.999468580773851	0.993166287015945	1.0	0.998316819462056
GC_00001058	29	29	1	1	0.998967863007272	1.0	0.999483665039429	0.996190476190476	1.0	0.998967863007272
GC_00001059	29	29	1	1	0.988054638300944	1.0	0.993991431890793	0.956043956043956	1.0	0.986575001353327
GC_00001060	29	29	1	1	0.996526462043703	1.0	0.998260209407522	0.974358974358974	1.0	0.992989768851838
GC_00001061	29	29	1	1	0.990770884979541	0.999582027168235	0.995156952943012	0.945454545454545	1.0	0.980862815345574
GC_00001062	29	29	1	1	0.993007757019556	0.994053233912786	0.993530220431349	0.957671957671958	1.0	0.98595146871009
GC_00001063	29	29	1	1	0.995902582754017	1.0	0.99794708555348	0.981308411214953	1.0	0.993999662385096
GC_00001064	29	29	1	1	0.99698327086571	0.980545450455702	0.988696042578415	0.909090909090909	1.0	0.977295118674429
GC_00001065	29	29	1	1	0.991919764680866	1.0	0.995943493577198	0.971223021582734	1.0	0.991919764680866
GC_00001066	29	29	1	1	0.993265086206897	0.956849148088955	0.974717106156342	0.902985074626866	1.0	0.989449305198147
GC_00001067	29	29	1	1	0.994288570000714	1.0	0.997136106536837	0.960869565217391	1.0	0.992546583850932
GC_00001068	29	29	1	1	0.991689286552059	1.0	0.995827304236632	0.965986394557823	1.0	0.988807345598338
GC_00001069	29	29	1	1	0.991676097279546	1.0	0.995820654406696	0.972972972972973	1.0	0.990156104380242
GC_00001070	29	29	1	1	0.996562356026509	1.0	0.998278218577489	0.964028776978417	1.0	0.994577736825318
GC_00001071	29	29	1	1	0.964065229592038	0.998697423266388	0.981075790546678	0.817307692307692	1.0	0.957086017430845
GC_00001072	29	29	1	1	0.992953114723292	1.0	0.996464098816652	0.978201634877384	1.0	0.991100790593415
GC_00001073	29	29	1	1	0.996499055054683	1.0	0.998246458000341	0.981132075471698	1.0	0.995352727948694
GC_00001074	29	29	1	1	0.996612001413398	1.0	0.998303126203687	0.981012658227848	1.0	0.995572738043275
GC_00001075	29	29	1	1	0.999114262045297	1.0	0.999556934802817	0.994369369369369	1.0	0.998396795810589
GC_00001076	29	29	1	1	0.995887770400514	1.0	0.99793964888183	0.982608695652174	1.0	0.995587920325551
GC_00001077	29	29	1	1	0.993922333823812	1.0	0.996951904257709	0.978354978354978	1.0	0.9936451069456
GC_00001078	29	29	1	1	0.99729648933543	1.0	0.998646414951909	0.986807387862797	1.0	0.997062531681766
GC_00001079	29	29	1	1	0.996582428878476	1.0	0.998288289493039	0.979674796747967	1.0	0.992710961592375
GC_00001080	29	29	1	1	0.984535761052566	1.0	0.992207628982593	0.949367088607595	1.0	0.981459541477001
GC_00001081	29	29	1	1	0.994685276409414	1.0	0.997335557817847	0.983333333333333	1.0	0.994532019704433
GC_00001082	29	29	1	1	0.999745939036066	1.0	0.99987295337924	0.998371335504886	1.0	0.999237817108198
GC_00001083	29	29	1	1	0.99192900484154	1.0	0.995948151194725	0.974248927038627	1.0	0.990438487071608
GC_00001084	29	29	1	1	0.990725536702548	1.0	0.995341164250691	0.962962962962963	1.0	0.988110442133431
GC_00001085	29	29	1	1	0.995903615987003	0.969863636231219	0.982711153873419	0.943820224719101	1.0	0.990544454899356
GC_00001086	29	29	1	1	0.99639729797348	0.998751640145093	0.997573079958214	0.981159420289855	1.0	0.993988719925751
GC_00001087	29	29	1	1	0.991082997986885	0.992534899394191	0.991808417333743	0.93984962406015	1.0	0.988573650875958
GC_00001088	29	29	1	1	0.976349382912231	1.0	0.98803318011873	0.830645161290323	1.0	0.965993961544574
GC_00001089	29	29	1	1	0.993882325588154	1.0	0.996931777601248	0.979351032448378	1.0	0.99283607248209
GC_00001090	29	29	1	1	0.997374409242079	1.0	0.998685478923845	0.989847715736041	1.0	0.996724262959166
GC_00001091	29	29	1	1	0.990429275158339	1.0	0.995191627775421	0.971428571428571	1.0	0.989795918367347
GC_00001092	29	29	1	1	0.986991174993064	1.0	0.993453003128219	0.954337899543379	1.0	0.983332208651056
GC_00001093	29	29	1	1	0.996859966006971	1.0	0.998427514174012	0.988304093567251	1.0	0.996859966006971
GC_00001094	29	29	1	1	0.988415525361338	1.0	0.994174017205706	0.967032967032967	1.0	0.988415525361338
GC_00001095	29	29	1	1	0.99752722962272	1.0	0.998762084270688	0.99112426035503	1.0	0.997391202961495
GC_00001096	29	29	1	1	0.995411957886603	1.0	0.997700704310574	0.970588235294118	1.0	0.986235873659809
GC_00001097	29	29	1	1	0.997805642633229	1.0	0.998901616193316	0.986363636363636	1.0	0.996462158531124
GC_00001098	29	29	1	1	0.999161469632633	1.0	0.999580558959292	0.996235884567127	1.0	0.999103782039792
GC_00001099	29	29	1	1	0.996997602563241	1.0	0.998496544295844	0.988304093567251	1.0	0.996504671640788
GC_00001100	29	29	1	1	0.998023657119259	1.0	0.999010851110947	0.994011976047904	1.0	0.998023657119259
GC_00001101	29	29	1	1	0.999339180583924	1.0	0.999669481085304	0.99390243902439	1.0	0.998438063198366
GC_00001102	29	29	1	1	0.99273446564087	1.0	0.996353987706639	0.976833976833977	1.0	0.991669361127489
GC_00001103	29	29	1	1	0.996579962975746	1.0	0.998287052315622	0.987261146496815	1.0	0.996579962975746
GC_00001104	29	29	1	1	0.997437654307006	0.999920729290523	0.998677648344815	0.990804597701149	1.0	0.99670743446011
GC_00001105	29	29	1	1	0.99871249440215	1.0	0.999355832516454	0.984848484848485	1.0	0.996659949246156
GC_00001106	29	29	1	1	0.990090881009283	1.0	0.99502077061642	0.945544554455445	1.0	0.980856460030239
GC_00001107	29	29	1	1	0.997428641302449	1.0	0.99871266555191	0.987234042553191	1.0	0.996059113300493
GC_00001108	29	29	1	1	0.994086577104145	0.986330049261082	0.990193123519141	0.958620689655172	1.0	0.991676575505351
GC_00001109	29	29	1	1	0.982429561863059	1.0	0.991136916804031	0.952380952380952	1.0	0.978409179763859
GC_00001110	29	29	1	1	0.993528147742707	1.0	0.996753568659353	0.962962962962963	1.0	0.991288086115672
GC_00001111	29	29	1	1	0.982935703016839	1.0	0.991394427485874	0.934640522875817	1.0	0.979088186998938
GC_00001112	29	29	1	1	0.992579112592927	0.986979988420364	0.989771632028363	0.856382978723404	1.0	0.976600985221675
GC_00001113	29	29	1	1	0.995520410220955	1.0	0.99775517716777	0.982456140350877	1.0	0.993993604701409
GC_00001114	29	29	1	1	0.998774920692234	1.0	0.999387084911321	0.99738219895288	1.0	0.998774920692234
GC_00001115	29	29	1	1	0.997855370008916	1.0	0.998926533910673	0.985324947589098	1.0	0.996395782342432
GC_00001116	29	29	1	1	0.997220223489112	1.0	0.998608177266485	0.98501872659176	1.0	0.996088633051051
GC_00001117	29	29	1	1	0.996399572166734	1.0	0.998196539468621	0.972477064220184	1.0	0.992904596194694
GC_00001118	29	29	1	1	0.983606001717359	0.978379244074309	0.980985660816094	0.558035714285714	1.0	0.952597202674173
GC_00001119	29	29	1	1	0.997332905820969	1.0	0.998664672187967	0.985207100591716	1.0	0.995379951613373
GC_00001120	29	29	1	1	0.998274136205171	1.0	0.999136322807987	0.990990990990991	1.0	0.998136067101584
GC_00001121	29	29	1	1	0.994977301265334	1.0	0.997482327878377	0.974789915966387	1.0	0.992176180817155
GC_00001122	29	29	1	1	0.995346100822774	1.0	0.997667623087891	0.983957219251337	1.0	0.992465951898001
GC_00001123	29	29	1	1	0.998255336617406	1.0	0.999126906681732	0.982142857142857	1.0	0.997170419892095
GC_00001124	29	29	1	1	0.998886354631801	0.968796851574214	0.983611541121638	0.298136645962733	1.0	0.94927026282777
GC_00001125	29	29	1	1	0.993301073862563	1.0	0.996639280324845	0.964601769911504	1.0	0.99088887920136
GC_00001126	29	29	1	1	0.99486125385406	1.0	0.997424008243174	0.985611510791367	1.0	0.99486125385406
GC_00001127	29	29	1	1	0.99035898717308	1.0	0.995156143746404	0.960144927536232	1.0	0.989103662454487
GC_00001128	29	29	1	1	0.997725357468295	1.0	0.998861383761686	0.990264255910987	1.0	0.997533520146344
GC_00001129	29	29	1	1	0.996393491565905	1.0	0.9981934881829	0.981818181818182	1.0	0.993837886251679
GC_00001130	29	29	1	1	0.998126746377919	1.0	0.999062495096732	0.990453460620525	1.0	0.996872685375689
GC_00001131	29	29	1	1	0.995621237000547	1.0	0.997805814591333	0.976344086021505	1.0	0.994173420202341
GC_00001132	29	29	1	1	0.994372400293614	0.977589509842782	0.985909537509259	0.572413793103448	1.0	0.964430100220826
GC_00001133	29	29	1	1	0.979152930834197	0.994846326836584	0.98693724718121	0.918478260869565	1.0	0.971112657956736
GC_00001134	29	29	1	1	0.997531283619274	1.0	0.998764116286453	0.979310344827586	1.0	0.994496347885171
GC_00001135	29	29	1	1	0.984445439617853	0.978160919540229	0.981293117654901	0.933333333333333	1.0	0.981871921182266
GC_00001136	29	29	1	1	0.983486693311026	1.0	0.991674606769654	0.943396226415094	1.0	0.974068221953713
GC_00001137	29	29	1	1	0.999761124761125	0.975811747290414	0.987641269859198	0.969594594594595	1.0	0.987784582612169
GC_00001138	29	29	1	1	0.992127634099617	1.0	0.9960482622872	0.979166666666667	1.0	0.991700020525451
GC_00001139	29	29	1	1	0.996794897584238	0.986018972080787	0.991377653069804	0.971014492753623	1.0	0.991393192292743
GC_00001140	29	29	1	1	0.952762139338494	1.0	0.975809721158611	0.839285714285714	1.0	0.949243490499648
GC_00001141	29	29	1	1	0.990457676671835	0.968397961666739	0.979303606078597	0.886363636363636	1.0	0.986497984773847
GC_00001142	29	29	1	1	0.995577178239717	1.0	0.997783687943262	0.981424148606811	1.0	0.993259009592948
GC_00001143	29	29	1	1	0.993905964522769	1.0	0.996943669568344	0.964788732394366	1.0	0.992402692014154
GC_00001144	28	29	2	0	0.984679902266925	0.948609711928321	0.966308318808049	0.0031055900621118	1.0	0.912592173301105
GC_00001145	29	29	1	1	0.991629118206374	0.970595413312506	0.98099953229432	0.916666666666667	1.0	0.978465380405036
GC_00001146	29	29	1	1	0.994094431481001	1.0	0.997038470984239	0.973684210526316	1.0	0.992913317777201
GC_00001147	29	29	1	1	0.989343520659495	1.0	0.994643218111987	0.965986394557823	1.0	0.986461579705774
GC_00001148	29	29	1	1	0.998643039591316	1.0	0.99932105914773	0.993055555555556	1.0	0.998563218390805
GC_00001149	29	29	1	1	0.999032279650591	1.0	0.99951590559129	0.987460815047022	1.0	0.997961610327841
GC_00001150	29	29	1	1	0.99832727161119	1.0	0.999162935714999	0.993769470404984	1.0	0.99832727161119
GC_00001151	29	29	1	1	0.995757626271045	0.998385644557476	0.99706990372321	0.952702702702703	1.0	0.992452735987219
GC_00001152	29	29	1	1	0.996726032588102	1.0	0.998360332184554	0.981538461538462	1.0	0.9959378552482
GC_00001153	29	29	1	1	0.998357963875205	1.0	0.999178307313065	0.986363636363636	1.0	0.996820420958352
GC_00001154	29	29	1	1	0.998795338958104	0.999750977977394	0.999272929990198	0.992647058823529	1.0	0.998388148362793
GC_00001155	29	29	1	1	0.998469920883714	1.0	0.999234374708222	0.984848484848485	1.0	0.995409762651142
GC_00001156	29	29	1	1	0.993690217828149	1.0	0.996835124075231	0.975524475524476	1.0	0.992438595886872
GC_00001157	29	29	1	1	0.989961739749407	1.0	0.994955551129412	0.960591133004926	1.0	0.989735252008056
GC_00001158	29	29	1	1	0.996900945905317	1.0	0.998448068192347	0.990610328638498	1.0	0.996900945905317
GC_00001159	29	29	1	1	0.994292943878323	0.995121494225457	0.994707046514769	0.94	1.0	0.987873563218391
GC_00001160	29	29	1	1	0.996009610740848	1.0	0.998000816610462	0.985294117647059	1.0	0.995671544479861
GC_00001161	29	29	1	1	0.988691287931498	1.0	0.994313490415969	0.943502824858757	1.0	0.984553727978626
GC_00001162	28	29	2	0	0.987562244026047	0.949935102099218	0.968383304353247	0.0912863070539419	1.0	0.912362283588496
GC_00001163	29	29	1	1	0.998613980260254	1.0	0.99930650953439	0.989247311827957	1.0	0.997298585730176
GC_00001164	29	29	1	1	0.99473198557168	0.979058547649249	0.986833036943189	0.96	1.0	0.983513957307061
GC_00001165	29	29	1	1	0.99392409899237	1.0	0.996952792229804	0.979865771812081	1.0	0.992748592146879
GC_00001166	29	29	1	1	0.996117622633675	1.0	0.998055035774293	0.986206896551724	1.0	0.995102202593285
GC_00001167	29	29	1	1	0.999408002765535	1.0	0.999703913741644	0.994736842105263	1.0	0.998586984703137
GC_00001168	29	29	1	1	0.98774058063291	1.0	0.993832485241517	0.962585034013605	1.0	0.985741094467344
GC_00001169	29	29	1	1	0.99658898730186	1.0	0.998291579929653	0.985037406483791	1.0	0.995466997530804
GC_00001170	29	29	1	1	0.989120337790289	1.0	0.994530415278043	0.962857142857143	1.0	0.983377902885292
GC_00001171	29	29	1	1	0.996054118513801	1.0	0.998023159066881	0.980988593155893	1.0	0.992058289160689
GC_00001172	29	29	1	1	0.998772252915899	1.0	0.999385749385749	0.994475138121547	1.0	0.998367035897994
GC_00001173	29	29	1	1	0.99244142101285	1.0	0.996206373292868	0.961451247165533	1.0	0.989566926934978
GC_00001174	29	29	1	1	0.997512191499369	1.0	0.998754546524813	0.987437185929648	1.0	0.997512191499369
GC_00001175	29	29	1	1	0.990395998014282	1.0	0.995174828528946	0.953488372093023	1.0	0.987245579867873
GC_00001176	29	29	1	1	0.994238636255778	1.0	0.997110995825936	0.976878612716763	1.0	0.992966770124434
GC_00001177	29	29	1	1	0.989297559012701	1.0	0.994619989885972	0.960474308300395	1.0	0.987558168967464
GC_00001178	29	29	1	1	0.99570308303792	1.0	0.99784691570675	0.962616822429907	1.0	0.992081395884167
GC_00001179	29	29	1	1	0.997105111637131	1.0	0.998550457686979	0.99025974025974	1.0	0.997105111637131
GC_00001180	29	29	1	1	0.99910491296374	1.0	0.999552256096988	0.996188055908513	1.0	0.99910491296374
GC_00001181	29	29	1	1	0.997719953928966	1.0	0.998858675828637	0.991820040899795	1.0	0.997128955241923
GC_00001182	29	29	1	1	0.997286791871921	1.0	0.998641553061323	0.9921875	1.0	0.997286791871921
GC_00001183	29	29	1	1	0.995755968169761	1.0	0.997873471557682	0.98974358974359	1.0	0.995755968169761
GC_00001184	29	29	1	1	0.997765006385696	1.0	0.998881252996644	0.986111111111111	1.0	0.996134373289546
GC_00001185	29	29	1	1	0.99038180265144	1.0	0.995167662136105	0.966745843230404	1.0	0.989726548330857
GC_00001186	29	29	1	1	0.984737139626908	1.0	0.992309883224153	0.934426229508197	1.0	0.98328353387709
GC_00001187	29	29	1	1	0.993569786535304	1.0	0.996774523014882	0.956	1.0	0.991507389162562
GC_00001188	29	29	1	1	0.99626174754568	1.0	0.998127373597718	0.984042553191489	1.0	0.996017188973902
GC_00001189	29	29	1	1	0.996201554988427	1.0	0.998097163584468	0.984939759036145	1.0	0.995103566977269
GC_00001190	29	29	1	1	0.994302957453735	1.0	0.997143341474287	0.978213507625272	1.0	0.991956169440956
GC_00001191	29	29	1	1	0.991422230220143	0.955656187681096	0.973210714271837	0.574712643678161	1.0	0.936866542098409
GC_00001192	29	29	1	1	0.990701723148753	1.0	0.99532914612816	0.933734939759036	1.0	0.980711021425604
GC_00001193	29	29	1	1	0.999271977511013	1.0	0.99963585620307	0.993527508090615	1.0	0.998262311285411
GC_00001194	29	29	1	1	0.924297869808402	0.740684404774773	0.822366733850087	0.454545454545455	1.0	0.761055754590237
GC_00001195	29	29	1	1	0.996806693566354	1.0	0.998400793404822	0.989949748743719	1.0	0.996806693566354
GC_00001196	29	29	1	1	0.982166240568685	1.0	0.991002894173902	0.924050632911392	1.0	0.972314023819916
GC_00001197	29	29	1	1	0.998908267873785	1.0	0.999453835804393	0.989189189189189	1.0	0.996724803621355
GC_00001198	29	29	1	1	0.997548844625306	1.0	0.998772918428859	0.985507246376812	1.0	0.996596939625425
GC_00001199	29	29	1	1	0.981818614502273	1.0	0.99082590840318	0.927536231884058	1.0	0.978153780252731
GC_00001200	29	29	1	1	0.996517686487053	1.0	0.998255806328931	0.988610478359909	1.0	0.996308224020109
GC_00001201	29	29	1	1	0.995363662706462	1.0	0.99767644496079	0.979411764705882	1.0	0.993567082005216
GC_00001202	29	29	1	1	0.999495601591048	1.0	0.99974773717504	0.997495826377296	1.0	0.999457223451236
GC_00001203	29	29	1	1	0.995190423221569	1.0	0.997589414663155	0.980645161290323	1.0	0.994374702049897
GC_00001204	29	29	1	1	0.990544136798596	1.0	0.995249608874982	0.970961887477314	1.0	0.989638185833192
GC_00001205	29	29	1	1	0.993497435364248	0.997499495866101	0.995494443386911	0.931578947368421	1.0	0.98876069484055
GC_00001206	29	29	1	1	0.99571059951074	1.0	0.997850690129966	0.982993197278912	1.0	0.995241446332227
GC_00001207	29	29	1	1	0.990194698569083	1.0	0.995073194879894	0.928571428571429	1.0	0.98752052545156
GC_00001208	29	29	1	1	0.991808478877444	1.0	0.995887395194154	0.977272727272727	1.0	0.991472607851918
GC_00001209	29	29	1	1	0.9865804516915	0.955768139012216	0.970929900855116	0.704347826086957	1.0	0.9431998286571
GC_00001210	29	29	1	1	0.994007820241762	1.0	0.996994906590932	0.978213507625272	1.0	0.992863045601382
GC_00001211	29	29	1	1	0.992630862269214	1.0	0.99630180488001	0.979674796747967	1.0	0.991709720052866
GC_00001212	29	29	1	1	0.996359911068486	1.0	0.998176636932383	0.986725663716814	1.0	0.994921313047648
GC_00001213	29	29	1	1	0.99529654059169	1.0	0.99764272662603	0.983050847457627	1.0	0.994572931451949
GC_00001214	29	29	1	1	0.986303015739517	1.0	0.993104282603436	0.963414634146341	1.0	0.986303015739517
GC_00001215	29	29	1	1	0.99518983794891	0.995282247993416	0.995236040826039	0.919811320754717	1.0	0.989264801561483
GC_00001216	29	29	1	1	0.991732001202618	1.0	0.995848839707155	0.975352112676056	1.0	0.990598765003816
GC_00001217	29	29	1	1	0.986685565573009	0.80924517817777	0.889199696698735	0.720848056537102	1.0	0.97150516109941
GC_00001218	29	29	1	1	0.988415525361338	1.0	0.994174017205706	0.956043956043956	1.0	0.982785687219185
GC_00001219	29	29	1	1	0.994778012907573	0.997684936439445	0.996229354131086	0.950959488272921	1.0	0.990000735240056
GC_00001220	29	29	1	1	0.996602683879735	1.0	0.998298451590948	0.982758620689655	1.0	0.996220485816205
GC_00001221	29	29	1	1	0.9949755811303	0.999733330747452	0.997348781882555	0.982283464566929	1.0	0.993357511345565
GC_00001222	29	29	1	1	0.998552601777929	1.0	0.999275776769256	0.993534482758621	1.0	0.998354425004246
GC_00001223	29	29	1	1	0.992396710022953	0.990526714664646	0.991460830594511	0.961538461538462	1.0	0.980721864342554
GC_00001224	29	29	1	1	0.996609761621652	1.0	0.998302002502685	0.982758620689655	1.0	0.994882792593851
GC_00001225	29	29	1	1	0.997660660863306	1.0	0.998828960702624	0.98972602739726	1.0	0.997098319724678
GC_00001226	29	29	1	1	0.996176460872725	0.715238219477903	0.832648552499774	0.469945355191257	1.0	0.755834611968021
GC_00001227	29	29	1	1	0.998957512158768	0.970655543080615	0.984603187818615	0.961832061068702	1.0	0.990147783251231
GC_00001228	29	29	1	1	0.992687409071186	1.0	0.996330286980524	0.968911917098446	1.0	0.990773118252125
GC_00001229	29	29	1	1	0.997647704138142	1.0	0.998822467116206	0.991434689507495	1.0	0.997162477189059
GC_00001230	29	29	1	1	0.998029556650246	1.0	0.999013806706114	0.990697674418605	1.0	0.99651735593997
GC_00001231	29	29	1	1	0.995743965951728	0.999608150470218	0.997672316535037	0.965909090909091	1.0	0.994122257053292
GC_00001232	29	29	1	1	0.985157421289355	1.0	0.992523223321501	0.956521739130435	1.0	0.983401156564575
GC_00001233	29	29	1	1	0.996760710553814	1.0	0.998377727772254	0.986363636363636	1.0	0.996551724137931
GC_00001234	29	29	1	1	0.998363143799889	1.0	0.999180901526737	0.990536277602524	1.0	0.9972339202188
GC_00001235	29	29	1	1	0.996352892552752	1.0	0.998173114853164	0.979591836734694	1.0	0.993314567206193
GC_00001236	29	29	1	1	0.997048511506343	0.991325543049682	0.99417879131057	0.857692307692308	1.0	0.986225843122395
GC_00001237	29	29	1	1	0.992492925269888	1.0	0.996232320509196	0.976063829787234	1.0	0.99215229011634
GC_00001238	29	29	1	1	0.994496768550051	0.970726138516404	0.982467693034059	0.946488294314381	1.0	0.988846236222548
GC_00001239	29	29	1	1	0.990576783680232	1.0	0.99526608749935	0.954954954954955	1.0	0.985399192295744
GC_00001240	29	29	1	1	0.997846510000269	1.0	0.998922094370638	0.983606557377049	1.0	0.997480416700315
GC_00001241	29	29	1	1	0.993823983530623	1.0	0.996902426432628	0.940298507462687	1.0	0.98750091905007
GC_00001242	29	29	1	1	0.996170882145962	1.0	0.998081768505749	0.987394957983193	1.0	0.995632735852962
GC_00001243	29	29	1	1	0.981217183615984	1.0	0.990519557098867	0.932806324110672	1.0	0.976674000662007
GC_00001244	29	29	1	1	0.990295145467559	1.0	0.995123911870789	0.948717948717949	1.0	0.987179487179487
GC_00001245	29	29	1	1	0.996456380104878	1.0	0.998225045169815	0.983870967741935	1.0	0.996456380104878
GC_00001246	29	29	1	1	0.998500480218112	1.0	0.999249677547376	0.988679245283019	1.0	0.997025745887164
GC_00001247	29	29	1	1	0.995718135464052	0.968465799400042	0.981902909317946	0.953703703703704	1.0	0.989851304506477
GC_00001248	29	29	1	1	0.997925849105522	1.0	0.998961847910719	0.981578947368421	1.0	0.995851698211045
GC_00001249	29	29	1	1	0.99251147856463	1.0	0.996241667104089	0.974522292993631	1.0	0.990524301088764
GC_00001250	29	29	1	1	0.998305066067158	1.0	0.999151814224153	0.993288590604027	1.0	0.99802294442424
GC_00001251	29	29	1	1	0.980402329385047	0.978975448759453	0.979688369522538	0.699751861042184	1.0	0.958280873742498
GC_00001252	29	29	1	1	0.991267639305689	1.0	0.995614672522195	0.96551724137931	1.0	0.986486231432724
GC_00001253	29	29	1	1	0.995685732486975	0.989578717208263	0.992622831732354	0.828767123287671	1.0	0.983188811660706
GC_00001254	29	29	1	1	0.995585325606676	0.999835796387517	0.997706034007365	0.976190476190476	1.0	0.993701618578466
GC_00001255	29	29	1	1	0.976532173741345	0.983805756021213	0.980155471034534	0.897849462365591	1.0	0.965338471317337
GC_00001256	29	29	1	1	0.996709385773818	1.0	0.998351981390168	0.98804780876494	1.0	0.996526210429219
GC_00001257	29	29	1	1	0.996253797823073	1.0	0.998123383819727	0.982035928143713	1.0	0.995722840034217
GC_00001258	29	29	1	1	0.998029556650246	0.960360212001579	0.978832602121171	0.949771689497717	1.0	0.992757046134467
GC_00001259	29	29	1	1	0.998824553375147	1.0	0.999411931065752	0.986338797814208	1.0	0.997227381625347
GC_00001260	29	29	1	1	0.996194596889497	1.0	0.998093671270109	0.984790874524715	1.0	0.995270561351589
GC_00001261	29	29	1	1	0.937631598767433	0.97787099753695	0.957328639050487	0.756335282651072	1.0	0.916438606093778
GC_00001262	29	29	1	1	0.980376992719998	0.985033938057426	0.982699948186295	0.672839506172839	1.0	0.960743173386852
GC_00001263	29	29	1	1	0.991859439400161	0.999680715197957	0.995754719246909	0.893518518518518	1.0	0.987536489691662
GC_00001264	29	29	1	1	0.998404002271227	1.0	0.999201363824853	0.986915887850467	1.0	0.996998296579347
GC_00001265	29	29	1	1	0.99862424000355	1.0	0.999311646497169	0.99017199017199	1.0	0.99785768751286
GC_00001266	29	29	1	1	0.988647301964781	0.892526464040708	0.938131178046034	0.848484848484849	1.0	0.979197321561854
GC_00001267	29	29	1	1	0.9946925657009	1.0	0.99733922189797	0.981042654028436	1.0	0.994256764644083
GC_00001268	29	29	1	1	0.994673234811166	1.0	0.997329504855296	0.972	1.0	0.99312315270936
GC_00001269	29	29	1	1	0.988963989765914	1.0	0.994451377555918	0.953488372093023	1.0	0.98842937335319
GC_00001270	29	29	1	1	0.997558551551292	1.0	0.998777783786707	0.991228070175439	1.0	0.997558551551292
GC_00001271	29	29	1	1	0.995122003173893	0.988524286243975	0.991812172523792	0.923076923076923	1.0	0.978716685613237
GC_00001272	29	29	1	1	0.997182013542554	0.988816061986793	0.992981417116825	0.801393728222996	1.0	0.98361682772352
GC_00001273	29	29	1	1	0.994581280788177	1.0	0.997283279822178	0.98	1.0	0.991034482758621
GC_00001274	29	29	1	1	0.999344202290717	1.0	0.999671993592433	0.993808049535604	1.0	0.99803260687215
GC_00001275	29	29	1	1	0.998887363500139	1.0	0.999443372087804	0.990892531876138	1.0	0.998133642000233
GC_00001276	29	29	1	1	0.996774251437903	1.0	0.998384520153055	0.986338797814208	1.0	0.99608334006299
GC_00001277	29	29	1	1	0.996065237444548	1.0	0.998028740503246	0.962703962703963	1.0	0.995958064923582
GC_00001278	29	29	1	1	0.997526071401385	1.0	0.998761503725016	0.983443708609272	1.0	0.995742667928098
GC_00001279	29	29	1	1	0.997628170041963	1.0	0.9988126769568	0.986928104575163	1.0	0.993786020155188
GC_00001280	29	29	1	1	0.998118115901921	1.0	0.999058171745152	0.99625468164794	1.0	0.998118115901921
GC_00001281	29	29	1	1	0.993125886036574	0.976185743048655	0.98458295445277	0.951515151515152	1.0	0.991401701746529
GC_00001282	29	29	1	1	0.997681014521432	1.0	0.998839161276645	0.985200845665962	1.0	0.99731303179579
GC_00001283	29	29	1	1	0.984578174233347	1.0	0.992229166899605	0.944015444015444	1.0	0.980228997470377
GC_00001284	29	29	1	1	0.983081952170672	0.998804147497857	0.990880688171314	0.924418604651163	1.0	0.979264520563638
GC_00001285	29	29	1	1	0.992505277973258	1.0	0.996238543451004	0.971428571428571	1.0	0.992505277973258
GC_00001286	29	29	1	1	0.996971696617201	1.0	0.998483552176564	0.984423676012461	1.0	0.995979313414054
GC_00001287	29	29	1	1	0.998011479188322	1.0	0.999004750056548	0.987767584097859	1.0	0.996053087479851
GC_00001288	29	29	1	1	0.996848487958402	1.0	0.998421757053376	0.984375	1.0	0.996061678981938
GC_00001289	29	29	1	1	0.998347976270932	0.994026110767358	0.99618235601554	0.954545454545455	1.0	0.990297059262576
GC_00001290	29	29	1	1	0.989504589377464	1.0	0.994724611001868	0.963133640552995	1.0	0.986265919048376
GC_00001291	29	29	1	1	0.999119079332192	1.0	0.999559345575301	0.995708154506438	1.0	0.998992226756027
GC_00001292	29	29	1	1	0.996105313958484	1.0	0.998048857435386	0.987455197132617	1.0	0.99483111746738
GC_00001293	29	29	1	1	0.990143543777605	0.996297309849407	0.993210894982544	0.960591133004926	1.0	0.986604867868669
GC_00001294	29	29	1	1	0.992334710287393	0.854666780612173	0.918370143510791	0.788888888888889	1.0	0.979073161831783
GC_00001295	29	29	1	1	0.992624360088863	1.0	0.996298529688351	0.945882352941177	1.0	0.991225731671979
GC_00001296	29	29	1	1	0.992931632575387	1.0	0.996453281533055	0.966887417218543	1.0	0.99132221968486
GC_00001297	29	29	1	1	0.993652081522264	1.0	0.996815934667553	0.981176470588235	1.0	0.992431179368299
GC_00001298	29	29	1	1	0.994287675870295	1.0	0.997135656907065	0.978805394990366	1.0	0.992117277447156
GC_00001299	29	29	1	1	0.987112662869441	0.998204170866399	0.992627434017335	0.962536023054755	1.0	0.981608722193041
GC_00001300	29	29	1	1	0.995159091613223	1.0	0.997573672993234	0.976415094339623	1.0	0.994167673575611
GC_00001301	29	29	1	1	0.998727941634969	1.0	0.999363566026905	0.99746835443038	1.0	0.998727941634969
GC_00001302	29	29	1	1	0.995666966369918	1.0	0.997828779198584	0.979434447300771	1.0	0.994902934137044
GC_00001303	29	29	1	1	0.998275618010784	0.996882697044337	0.997578671293259	0.990625	1.0	0.997444581280788
GC_00001304	29	29	1	1	0.991587230503487	1.0	0.99577584683831	0.954545454545455	1.0	0.990179770967948
GC_00001305	29	29	1	1	0.99241765671786	1.0	0.996194400678706	0.970588235294118	1.0	0.990485849512219
GC_00001306	29	29	1	1	0.991942994387668	1.0	0.995955202716627	0.966417910447761	1.0	0.989136828174399
GC_00001307	29	29	1	1	0.99219031599183	1.0	0.996079850431216	0.97212543554007	1.0	0.988139578791988
GC_00001308	29	29	1	1	0.996992481203008	1.0	0.998493975903614	0.986842105263158	1.0	0.995851698211045
GC_00001309	29	29	1	1	0.987068798336863	0.998489636583326	0.992746371399269	0.952830188679245	1.0	0.984640765870434
GC_00001310	29	29	1	1	0.999543526637123	1.0	0.999771711214687	0.996138996138996	1.0	0.998896856039713
GC_00001311	29	29	1	1	0.993235637347544	1.0	0.996606340702669	0.962264150943396	1.0	0.988319856244385
GC_00001312	29	29	1	1	0.998370217876137	1.0	0.999184444349058	0.996268656716418	1.0	0.998198661863098
GC_00001313	29	29	1	1	0.984665501350707	1.0	0.992273509748188	0.943548387096774	1.0	0.977276338789131
GC_00001314	29	29	1	1	0.99551135438885	0.978516290981376	0.986940664596142	0.908163265306122	1.0	0.968885090982206
GC_00001315	29	29	1	1	0.996704364115729	1.0	0.998349462272182	0.97887323943662	1.0	0.992957746478873
GC_00001316	29	29	1	1	0.987844263379482	1.0	0.993884965314208	0.960505529225908	1.0	0.986583553179402
GC_00001317	29	29	1	1	0.995908151914826	1.0	0.997949881570829	0.975806451612903	1.0	0.993206737645002
GC_00001318	29	29	1	1	0.978286912249176	1.0	0.98902429793354	0.924528301886792	1.0	0.97361898565542
GC_00001319	29	29	1	1	0.995274445656125	0.988380059161856	0.991815271349533	0.794701986754967	1.0	0.981339509999021
GC_00001320	29	29	1	1	0.984329160751925	0.999279748387035	0.991748112800292	0.942408376963351	1.0	0.980282670930802
GC_00001321	29	29	1	1	0.99767161090031	0.999655604528565	0.998662622339911	0.9825	1.0	0.996416256157636
GC_00001322	29	29	1	1	0.976682347372003	1.0	0.988203641996905	0.932432432432432	1.0	0.971918963298274
GC_00001323	29	29	1	1	0.996758302876212	1.0	0.99837652002292	0.993548387096774	1.0	0.996758302876212
GC_00001324	29	29	1	1	0.986925383719944	1.0	0.993419674242836	0.943661971830986	1.0	0.982885820671153
GC_00001325	29	29	1	1	0.99692118226601	1.0	0.998458217699661	0.982905982905983	1.0	0.996100164203613
GC_00001326	29	29	1	1	0.991782181998702	1.0	0.995874138208701	0.962790697674419	1.0	0.991568335433612
GC_00001327	29	29	1	1	0.995808774570726	1.0	0.997899986470309	0.983347210657785	1.0	0.994415573229206
GC_00001328	29	29	1	1	0.989770464311917	1.0	0.994858936811277	0.974468085106383	1.0	0.988931977780107
GC_00001329	29	29	1	1	0.995439228900556	0.982285959823826	0.988818855098417	0.64797507788162	1.0	0.974264536623544
GC_00001330	29	29	1	1	0.997612286293828	1.0	0.998804716149097	0.990588235294118	1.0	0.997612286293828
GC_00001331	29	29	1	1	0.99861309014914	1.0	0.999306063861137	0.99504132231405	1.0	0.998135406912837
GC_00001332	29	29	1	1	0.993220875573817	0.998286834572238	0.995747411728509	0.949790794979079	1.0	0.98695302677412
GC_00001333	29	29	1	1	0.996434599882876	1.0	0.998214116246366	0.979020979020979	1.0	0.995125564091081
GC_00001334	29	29	1	1	0.992683564149464	0.940740969146853	0.966014532361368	0.919889502762431	1.0	0.977492311460686
GC_00001335	29	29	1	1	0.99630055102319	1.0	0.998146847690387	0.984189723320158	1.0	0.99630055102319
GC_00001336	29	29	1	1	0.996738893290617	1.0	0.998366783598827	0.981351981351981	1.0	0.99545282303903
GC_00001337	29	29	1	1	0.995409762651142	1.0	0.997699601638332	0.981818181818182	1.0	0.995409762651142
GC_00001338	29	29	1	1	0.994922930239949	1.0	0.997455004560281	0.97741935483871	1.0	0.994366756713809
GC_00001339	29	29	1	1	0.995016572089432	1.0	0.997502061897486	0.975359342915811	1.0	0.99469962877171
GC_00001340	29	29	1	1	0.995860541490052	1.0	0.997925978081185	0.976744186046512	1.0	0.995646694924963
GC_00001341	29	29	1	1	0.9978921380242	1.0	0.998944957069662	0.985815602836879	1.0	0.996541243056283
GC_00001342	29	29	1	1	0.99622218186496	1.0	0.998107516202675	0.985023041474654	1.0	0.994557444779914
GC_00001343	29	29	1	1	0.993212917350848	1.0	0.996594903339192	0.966666666666667	1.0	0.991461412151067
GC_00001344	29	29	1	1	0.998327366928781	1.0	0.999162983453612	0.991718426501035	1.0	0.998062193393099
GC_00001345	29	29	1	1	0.99868108412871	0.941534343488239	0.96926611912797	0.873563218390805	1.0	0.944453881433667
GC_00001346	29	29	1	1	0.994348917185612	1.0	0.997166452286412	0.984905660377358	1.0	0.993865600892276
GC_00001347	29	29	1	1	0.992989390676774	1.0	0.996482364955869	0.964071856287425	1.0	0.991534173033244
GC_00001348	29	29	1	1	0.989158535568343	0.986190631099545	0.987672353739023	0.725	1.0	0.961699507389163
GC_00001349	29	29	1	1	0.997321450833307	1.0	0.998658929354824	0.989154013015184	1.0	0.996580575531881
GC_00001350	29	29	1	1	0.998056923918993	1.0	0.999027517155419	0.99	1.0	0.997750410509031
GC_00001351	29	29	1	1	0.988584881397511	1.0	0.994259677467493	0.955823293172691	1.0	0.984192929352879
GC_00001352	29	29	1	1	0.996659564954365	1.0	0.998326988183531	0.986270022883295	1.0	0.995299342809798
GC_00001353	29	29	1	1	0.997545498084291	1.0	0.998771241046543	0.989583333333333	1.0	0.99684421182266
GC_00001354	29	29	1	1	0.99579599184917	1.0	0.997893568196349	0.981927710843373	1.0	0.99551902190041
GC_00001355	29	29	1	1	0.99713072315812	0.999904214559386	0.99851554293988	0.986111111111111	1.0	0.996620142309798
GC_00001356	29	29	1	1	0.993358550316678	1.0	0.996668211204519	0.973214285714286	1.0	0.993358550316678
GC_00001357	29	29	1	1	0.997126436781609	1.0	0.998561151079137	0.975806451612903	1.0	0.994597171460353
GC_00001358	29	29	1	1	0.995828906275154	1.0	0.997910094541806	0.982352941176471	1.0	0.99308895972182
GC_00001359	28	29	2	0	0.976960768750463	0.79035691049354	0.873807469852628	0.150943396226415	1.0	0.894204851752022
GC_00001360	29	29	1	1	0.960020871542664	0.925461682688387	0.942424557787737	0.340425531914894	1.0	0.841976731998742
GC_00001361	29	29	1	1	0.996472328984644	1.0	0.998233047879431	0.975274725274725	1.0	0.995615222216207
GC_00001362	29	29	1	1	0.992739854562515	1.0	0.996356701844015	0.961904761904762	1.0	0.991262022050199
GC_00001363	29	29	1	1	0.974845085278008	1.0	0.987262335203143	0.927007299270073	1.0	0.970883822947755
GC_00001364	29	29	1	1	0.995391751049079	1.0	0.997690554274118	0.980902777777778	1.0	0.993649938423645
GC_00001365	28	29	2	0	0.943627038371323	0.976069657478952	0.959574209948853	0.436666666666667	1.0	0.918555008210181
GC_00001366	29	29	1	1	0.99321546314329	1.0	0.996596184917204	0.984496124031008	1.0	0.992859052201474
GC_00001367	29	29	1	1	0.998446791177165	1.0	0.999222792005425	0.995363214837713	1.0	0.998446791177165
GC_00001368	29	29	1	1	0.989342403628118	1.0	0.994642653596261	0.961904761904762	1.0	0.984541402768004
GC_00001369	29	29	1	1	0.996693510874987	1.0	0.99834401769375	0.989761092150171	1.0	0.99653659274702
GC_00001370	29	29	1	1	0.996588604093675	0.992083308196348	0.994330852816756	0.984084880636605	1.0	0.995544289242268
GC_00001371	29	29	1	1	0.98902887247702	0.883350462487153	0.93320738549215	0.553956834532374	1.0	0.85567211255626
GC_00001372	29	29	1	1	0.998697999499557	0.995323637082384	0.997007963176083	0.987146529562982	1.0	0.99588435675662
GC_00001373	29	29	1	1	0.994986149237268	1.0	0.997486774148959	0.980916030534351	1.0	0.994810664460572
GC_00001374	29	29	1	1	0.996067755595886	1.0	0.998030004546143	0.967836257309941	1.0	0.993158182813355
GC_00001375	29	29	1	1	0.996365506908457	1.0	0.998179445057047	0.982216142270862	1.0	0.995943204868154
GC_00001376	29	29	1	1	0.998267252141719	1.0	0.999132874816207	0.98314606741573	1.0	0.996351543329459
GC_00001377	29	29	1	1	0.990147783251232	1.0	0.995049504950495	0.958333333333333	1.0	0.990147783251232
GC_00001378	29	29	1	1	0.989023345470122	1.0	0.994481384768622	0.930434782608696	1.0	0.986281859070465
GC_00001379	29	29	1	1	0.996436432239807	0.979447994534202	0.987869181024442	0.972222222222222	1.0	0.995073891625616
GC_00001380	29	29	1	1	0.98807657859382	1.0	0.994002534140504	0.948863636363636	1.0	0.985333631885356
GC_00001381	29	29	1	1	0.991977480647431	1.0	0.9959725853176	0.964285714285714	1.0	0.988423645320197
GC_00001382	29	29	1	1	0.994214041627835	1.0	0.997098627202804	0.97972972972973	1.0	0.993060178405006
GC_00001383	29	29	1	1	0.994875714851934	1.0	0.997431275988817	0.982758620689655	1.0	0.994875714851933
GC_00001384	29	29	1	1	0.989606199406562	1.0	0.994775950840655	0.964912280701754	1.0	0.985792066372829
GC_00001385	29	29	1	1	0.992278388278388	0.985084774799372	0.988668496417277	0.736842105263158	1.0	0.973165672802696
GC_00001386	29	29	1	1	0.991461412151067	1.0	0.995712401055409	0.983333333333333	1.0	0.991461412151067
GC_00001387	29	29	1	1	0.984984011753522	1.0	0.992435209473948	0.921052631578947	1.0	0.979193673839772
GC_00001388	29	29	1	1	0.996623544592754	1.0	0.998308917363822	0.980036297640653	1.0	0.995699713016191
GC_00001389	29	29	1	1	0.993395439377086	0.9859292986783	0.989648287645325	0.75	1.0	0.976395730706076
GC_00001390	29	29	1	1	0.997199812792017	1.0	0.99859794338551	0.985507246376812	1.0	0.995549844125556
GC_00001391	29	29	1	1	0.997609218529568	1.0	0.998803178595566	0.987676056338028	1.0	0.996192673281066
GC_00001392	29	29	1	1	0.998157667198147	1.0	0.999077984269161	0.991545893719807	1.0	0.997614288094048
GC_00001393	29	29	1	1	0.998121510673235	1.0	0.999059872326717	0.992	1.0	0.997228243021346
GC_00001394	29	29	1	1	0.985153728554442	1.0	0.992521349237588	0.924137931034483	1.0	0.984270426363173
GC_00001395	29	29	1	1	0.993927650341826	1.0	0.996954578739538	0.980609418282548	1.0	0.991580584855969
GC_00001396	29	29	1	1	0.997482445684469	1.0	0.99873963632523	0.991434689507495	1.0	0.997383993839727
GC_00001397	29	29	1	1	0.993514996570431	1.0	0.996746950265874	0.987341772151899	1.0	0.993514996570431
GC_00001398	29	29	1	1	0.986809577942583	1.0	0.993361003387614	0.928571428571429	1.0	0.984355545931901
GC_00001399	29	29	1	1	0.986464296809124	1.0	0.993186032483635	0.959459459459459	1.0	0.982292637465051
GC_00001400	29	29	1	1	0.998660144134282	1.0	0.999329622962838	0.993055555555556	1.0	0.997314586754242
GC_00001401	29	29	1	1	0.99674043200206	0.995658267900247	0.996199056064407	0.98379970544919	1.0	0.994500750886917
GC_00001402	29	29	1	1	0.994461562463435	0.998426111619515	0.996439893605471	0.968379446640316	1.0	0.990926614614771
GC_00001403	29	29	1	1	0.987668401759965	0.976819161161214	0.982213823006336	0.902816901408451	1.0	0.978054534101159
GC_00001404	29	29	1	1	0.998149943126242	0.897878332419134	0.945362701598587	0.878281622911695	1.0	0.989489401225061
GC_00001405	29	29	1	1	0.994176853372256	1.0	0.99707992467273	0.976851851851852	1.0	0.993203794927933
GC_00001406	29	29	1	1	0.996602539066601	1.0	0.998298378937759	0.976982097186701	1.0	0.994343164552178
GC_00001407	29	29	1	1	0.984825321329483	1.0	0.992354652821361	0.96551724137931	1.0	0.984825321329483
GC_00001408	29	29	1	1	0.997441621618297	1.0	0.998719172388312	0.98501872659176	1.0	0.995572037416284
GC_00001409	29	29	1	1	0.992941770872805	1.0	0.996458386677247	0.975384615384615	1.0	0.988677529367185
GC_00001410	29	29	1	1	0.983491357239967	1.0	0.991676977719225	0.953405017921147	1.0	0.977841340466479
GC_00001411	29	29	1	1	0.993762395240228	1.0	0.996871440260553	0.987012987012987	1.0	0.993762395240228
GC_00001412	29	29	1	1	0.998379344553914	1.0	0.99918901511342	0.994791666666667	1.0	0.997831999178982
GC_00001413	29	29	1	1	0.982344929417905	0.988591115582791	0.9854581249591	0.942528735632184	1.0	0.979351867580167
GC_00001414	29	29	1	1	0.977756657385593	1.0	0.98875324599144	0.929347826086957	1.0	0.971233133433283
GC_00001415	29	29	1	1	0.905776927092396	0.971796447473162	0.937625993077602	0.715686274509804	1.0	0.871981551241186
GC_00001416	29	29	1	1	0.996118171808223	0.972457717553395	0.98414575633578	0.908517350157729	1.0	0.966418548274308
GC_00001417	29	29	1	1	0.996165963498087	1.0	0.998079299731574	0.990430622009569	1.0	0.995945977797157
GC_00001418	29	29	1	1	0.996065309663228	1.0	0.998028776755087	0.981132075471698	1.0	0.994020509960653
GC_00001419	29	29	1	1	0.996372815724334	1.0	0.998183112769771	0.985074626865672	1.0	0.995265054040144
GC_00001420	29	29	1	1	0.994044728138949	1.0	0.997013471274233	0.975352112676056	1.0	0.989384583362243
GC_00001421	29	29	1	1	0.992332177549364	1.0	0.996151333328327	0.968109339407745	1.0	0.989900916772333
GC_00001422	29	29	1	1	0.995268343271973	1.0	0.997628561218855	0.990131578947368	1.0	0.995268343271973
GC_00001423	29	29	1	1	0.997498218545714	1.0	0.998747542585491	0.990566037735849	1.0	0.996305418719212
GC_00001424	29	29	1	1	0.992045810962897	1.0	0.996007025042633	0.97752808988764	1.0	0.988964686998395
GC_00001425	28	29	2	0	0.990605480921119	0.744259424145834	0.849942220437742	0.101333333333333	1.0	0.909550082101806
GC_00001426	29	29	1	1	0.979929453262787	0.999576898667231	0.989655671324383	0.920245398773006	1.0	0.974085043367887
GC_00001427	29	29	1	1	0.995801236486263	1.0	0.997896201567081	0.986577181208054	1.0	0.994280424504909
GC_00001428	29	29	1	1	0.996049235161807	0.941872444818554	0.968203553294279	0.629107981220657	1.0	0.925900228959967
GC_00001429	29	29	1	1	0.9969933493788	1.0	0.9984944112998	0.986301369863014	1.0	0.995253840789977
GC_00001430	29	29	1	1	0.988802451673739	1.0	0.99436970307592	0.957920792079208	1.0	0.983502414280837
GC_00001431	29	29	1	1	0.998653295080095	0.999218159148044	0.998935647261231	0.991701244813278	1.0	0.997056599145596
GC_00001432	29	29	1	1	0.997196523689375	1.0	0.998596294216732	0.98780487804878	1.0	0.997056349873844
GC_00001433	29	29	1	1	0.988586790296357	0.954867604865477	0.971434681464009	0.85981308411215	1.0	0.969108236269048
GC_00001434	29	29	1	1	0.99897741462887	1.0	0.999488445760494	0.994011976047904	1.0	0.996932243886611
GC_00001435	29	29	1	1	0.995496129486277	1.0	0.99774298208492	0.985714285714286	1.0	0.995496129486277
GC_00001436	29	29	1	1	0.998572523262178	1.0	0.999285751844776	0.990666666666667	1.0	0.997990147783251
GC_00001437	29	29	1	1	0.994377146768693	1.0	0.997180646980228	0.972704714640198	1.0	0.992421371731717
GC_00001438	29	29	1	1	0.997177015258233	1.0	0.998586512502297	0.991404011461318	1.0	0.997177015258233
GC_00001439	29	29	1	1	0.994088669950739	1.0	0.99703557312253	0.968888888888889	1.0	0.993081554460865
GC_00001440	29	29	1	1	0.997828365193318	1.0	0.998913002315656	0.989761092150171	1.0	0.996847626893525
GC_00001441	29	29	1	1	0.994167940660212	1.0	0.997075442232886	0.96551724137931	1.0	0.989128588415152
GC_00001442	29	29	1	1	0.996044834725494	1.0	0.99801849878034	0.985507246376812	1.0	0.996044834725495
GC_00001443	29	29	1	1	0.997713344919052	1.0	0.998855363765395	0.992042440318302	1.0	0.997713344919052
GC_00001444	29	29	1	1	0.997866806167081	1.0	0.998932264239871	0.992920353982301	1.0	0.996861240681808
GC_00001445	29	29	1	1	0.996431630950771	0.999729546991208	0.998077864679402	0.976470588235294	1.0	0.994590939824206
GC_00001446	29	29	1	1	0.991020764482135	1.0	0.99549013466959	0.962025316455696	1.0	0.991020764482135
GC_00001447	29	29	1	1	0.989310976379942	1.0	0.994626770903607	0.961538461538462	1.0	0.984795377036756
GC_00001448	29	29	1	1	0.99076620018878	0.996136786378598	0.993444234953459	0.962655601659751	1.0	0.986264129346115
GC_00001449	29	29	1	1	0.984319443665526	0.989225003930889	0.986766127021024	0.873873873873874	1.0	0.979718634891049
GC_00001450	29	29	1	1	0.992560313249968	1.0	0.99626626772572	0.961538461538462	1.0	0.989730958696476
GC_00001451	29	29	1	1	0.978653530377668	0.949085859754685	0.963642940570589	0.893333333333333	1.0	0.970509031198686
GC_00001452	29	29	1	1	0.979166666666667	0.995522447835315	0.987276822138747	0.896969696969697	1.0	0.970503060158233
GC_00001453	29	29	1	1	0.993076081007116	0.987752833102884	0.990407304249412	0.954732510288066	1.0	0.991566826815869
GC_00001454	29	29	1	1	0.989942612586324	0.962173683200387	0.975860640849102	0.353383458646617	1.0	0.941275602800104
GC_00001455	29	29	1	1	0.995467296113848	1.0	0.997728500038573	0.979166666666667	1.0	0.993927887246853
GC_00001456	29	29	1	1	0.988802711106453	1.0	0.994369834257055	0.946808510638298	1.0	0.986951053348706
GC_00001457	29	29	1	1	0.995583282394256	1.0	0.997786753554858	0.963503649635037	1.0	0.990633202689583
GC_00001458	29	29	1	1	0.997401627463379	1.0	0.998699123651	0.989698890649762	1.0	0.996506444536392
GC_00001459	29	29	1	1	0.9975032994544	0.914741775900853	0.954331587901057	0.894736842105263	1.0	0.974239786658765
GC_00001460	29	29	1	1	0.990534650401052	1.0	0.995244820482255	0.971204188481675	1.0	0.988419776648699
GC_00001461	29	29	1	1	0.994087146019301	1.0	0.997034806631945	0.979118329466357	1.0	0.993553770015887
GC_00001462	29	29	1	1	0.991983835171751	1.0	0.995975788213383	0.976945244956772	1.0	0.991453840802941
GC_00001463	29	29	1	1	0.984356968361734	0.918035918235502	0.950040404049093	0.387755102040816	1.0	0.882808887101639
GC_00001464	29	29	1	1	0.990861287043553	1.0	0.995409668661538	0.964285714285714	1.0	0.989883884588318
GC_00001465	29	29	1	1	0.995718376794051	1.0	0.997854595490158	0.982935153583618	1.0	0.994418198019469
GC_00001466	29	29	1	1	0.996457250826641	1.0	0.998225482077369	0.993150684931507	1.0	0.996457250826641
GC_00001467	29	29	1	1	0.996684350132626	1.0	0.998339422118897	0.993589743589744	1.0	0.996684350132626
GC_00001468	29	29	1	1	0.992840722495895	1.0	0.996407501400745	0.978181818181818	1.0	0.992673533363189
GC_00001469	29	29	1	1	0.992757641992627	1.0	0.996365660402069	0.980132450331126	1.0	0.992757641992627
GC_00001470	29	29	1	1	0.995114942528736	1.0	0.997551490710068	0.983333333333333	1.0	0.995114942528736
GC_00001471	29	29	1	1	0.995212460074966	1.0	0.997600486153312	0.985232067510548	1.0	0.994138554592505
GC_00001472	29	29	1	1	0.996415940381458	1.0	0.998204753054688	0.983974358974359	1.0	0.994237084754326
GC_00001473	29	29	1	1	0.991866415813334	1.0	0.995916601574235	0.97667638483965	1.0	0.991052578666935
GC_00001474	29	29	1	1	0.996101980615255	1.0	0.998047184250805	0.988938053097345	1.0	0.995259165613148
GC_00001475	29	29	1	1	0.993193187459426	1.0	0.996584970998597	0.976744186046512	1.0	0.991722992324436
GC_00001476	29	29	1	1	0.992932734387998	1.0	0.996453836353803	0.977973568281938	1.0	0.992730192487142
GC_00001477	29	29	1	1	0.998613839443118	1.0	0.999306439028128	0.990184049079755	1.0	0.996989936232585
GC_00001478	29	29	1	1	0.986486942438761	1.0	0.993197509999915	0.965753424657534	1.0	0.983382819353533
GC_00001479	29	29	1	1	0.995078959638347	1.0	0.997533410726488	0.984567901234568	1.0	0.993659916073709
GC_00001480	29	29	1	1	0.994280240831965	1.0	0.99713191804696	0.983333333333333	1.0	0.992364532019704
GC_00001481	29	29	1	1	0.994999253619943	1.0	0.9974933592727	0.96969696969697	1.0	0.991506194954471
GC_00001482	29	29	1	1	0.997521232548456	1.0	0.998759078296063	0.988038277511962	1.0	0.996594149951682
GC_00001483	29	29	1	1	0.998033636243103	1.0	0.999015850523621	0.987577639751553	1.0	0.997356423828902
GC_00001484	29	29	1	1	0.990877577084474	1.0	0.99541788856305	0.975694444444444	1.0	0.990130678708265
GC_00001485	29	29	1	1	0.972304635020152	1.0	0.985957866503942	0.897727272727273	1.0	0.969673645320197
GC_00001486	29	29	1	1	0.994944935909009	1.0	0.997466063348416	0.979057591623037	1.0	0.991643669563872
GC_00001487	29	29	1	1	0.997686814189277	1.0	0.998842067838516	0.992063492063492	1.0	0.996539995308468
GC_00001488	29	29	1	1	0.996947954594132	1.0	0.998471644992626	0.992753623188406	1.0	0.99648390090669
GC_00001489	29	29	1	1	0.993515092355073	1.0	0.996746998470292	0.967741935483871	1.0	0.993303216726068
GC_00001490	29	29	1	1	0.998783086496511	1.0	0.999391172803237	0.991909385113269	1.0	0.997433322173864
GC_00001491	29	29	1	1	0.986732255195104	0.994949076809407	0.990823630933006	0.948051948051948	1.0	0.979783763034995
GC_00001492	29	29	1	1	0.997908358745797	1.0	0.99895308448706	0.991071428571429	1.0	0.996774571897725
GC_00001493	29	29	1	1	0.985463942501817	1.0	0.992678760270072	0.950819672131147	1.0	0.981372311502328
GC_00001494	29	29	1	1	0.979058545024128	0.970365918409489	0.974692851187098	0.69047619047619	1.0	0.940358902181562
GC_00001495	29	29	1	1	0.997962613966281	1.0	0.998980268189466	0.994091580502216	1.0	0.997773428120293
GC_00001496	29	29	1	1	0.986591612567453	0.884782843197796	0.932917866174007	0.456521739130435	1.0	0.929749411008782
GC_00001497	29	29	1	1	0.99015498516406	1.0	0.995053141635033	0.973684210526316	1.0	0.987943997925849
GC_00001498	29	29	1	1	0.998647262246295	1.0	0.999323173338659	0.98858075040783	1.0	0.997484711384695
GC_00001499	29	29	1	1	0.986488841018168	0.961315796063668	0.973739652794001	0.916666666666667	1.0	0.978455877881165
GC_00001500	29	29	1	1	0.966045548654244	1.0	0.982729570345409	0.921739130434783	1.0	0.965645748554294
GC_00001501	29	29	1	1	0.998684266073765	0.991762755170005	0.995211476311833	0.943342776203966	1.0	0.992736432269499
GC_00001502	29	29	1	1	0.984221724833513	0.69792391408048	0.816709163140383	0.328767123287671	1.0	0.703522504892368
GC_00001503	29	29	1	1	0.997054491899853	1.0	0.998525073746313	0.993127147766323	1.0	0.997054491899853
GC_00001504	29	29	1	1	0.997008259939294	1.0	0.998501888990286	0.984848484848485	1.0	0.996212121212121
GC_00001505	29	29	1	1	0.99322342928189	1.0	0.996600195131887	0.972406181015453	1.0	0.991740884524625
GC_00001506	29	29	1	1	0.998459138996937	0.952987177950744	0.975193372124242	0.937259923175416	1.0	0.972310351135023
GC_00001507	29	29	1	1	0.992697768762677	1.0	0.996335504885993	0.972549019607843	1.0	0.991809137448083
GC_00001508	29	29	1	1	0.983977296569088	0.995774202124725	0.989840601758742	0.9375	1.0	0.974016977480647
GC_00001509	29	29	1	1	0.991190119226101	0.93224252768483	0.960813037719389	0.903225806451613	1.0	0.986095661846496
GC_00001510	29	29	1	1	0.974716174462887	0.858409116397095	0.912872954435227	0.688073394495413	1.0	0.89779454964523
GC_00001511	29	29	1	1	0.995488978824449	1.0	0.997739390583751	0.977695167286245	1.0	0.992803120479059
GC_00001512	29	29	1	1	0.998075595046269	1.0	0.99903687079783	0.990654205607477	1.0	0.997265319276276
GC_00001513	29	29	1	1	0.998992440930661	1.0	0.999495966543591	0.994211287988423	1.0	0.998460145573275
GC_00001514	29	29	1	1	0.990434601788314	1.0	0.995194316757209	0.965065502183406	1.0	0.985802482414439
GC_00001515	29	29	1	1	0.991301160923133	1.0	0.995631580371884	0.971553610503282	1.0	0.986234922551228
GC_00001516	29	29	1	1	0.989386259251327	1.0	0.994664816498397	0.980676328502415	1.0	0.989386259251327
GC_00001517	29	29	1	1	0.993960162775755	1.0	0.996970933854648	0.978260869565217	1.0	0.991904047976012
GC_00001518	29	29	1	1	0.99706400914092	1.0	0.998529846391682	0.980030721966206	1.0	0.995338736161873
GC_00001519	29	29	1	1	0.986324020806779	1.0	0.99311493036888	0.958041958041958	1.0	0.983258121189156
GC_00001520	29	29	1	1	0.997862952424615	0.99989813069832	0.998879504913331	0.99261447562777	1.0	0.997693387954683
GC_00001521	29	29	1	1	0.937142179731247	0.860654774508959	0.897271395946158	0.328767123287671	1.0	0.761859774613672
GC_00001522	29	29	1	1	0.981330463219771	1.0	0.990577272632305	0.904761904761905	1.0	0.973603234397207
GC_00001523	29	29	1	1	0.992784579849968	1.0	0.99637922722657	0.966804979253112	1.0	0.989350612186497
GC_00001524	29	29	1	1	0.99142892073389	0.967701510312348	0.979421531877459	0.494897959183673	1.0	0.950047753091384
GC_00001525	29	29	1	1	0.995799442471455	1.0	0.997895300780652	0.983086680761099	1.0	0.995125964652829
GC_00001526	29	29	1	1	0.993513957307061	1.0	0.996746427247642	0.975	1.0	0.990394088669951
GC_00001527	29	29	1	1	0.986216251032455	0.968242517743143	0.977146738723046	0.897321428571429	1.0	0.95454345531316
GC_00001528	29	29	1	1	0.990588754083332	1.0	0.995272129465535	0.964664310954064	1.0	0.989381886542847
GC_00001529	29	29	1	1	0.995662546085448	1.0	0.997826559443599	0.981132075471698	1.0	0.993493819128172
GC_00001530	29	29	1	1	0.990449628127113	1.0	0.995201902254681	0.955882352941177	1.0	0.986658456486043
GC_00001531	29	29	1	1	0.9954253978297	1.0	0.997707455174583	0.981651376146789	1.0	0.994682213283922
GC_00001532	29	29	1	1	0.993535910340259	1.0	0.996757475184564	0.979907264296754	1.0	0.990124941945013
GC_00001533	29	29	1	1	0.997876577249315	0.99951913052948	0.998697178514641	0.982517482517482	1.0	0.997008738388049
GC_00001534	29	29	1	1	0.996645410861616	1.0	0.998319887387046	0.989775051124744	1.0	0.996121571116282
GC_00001535	29	29	1	1	0.995586374237813	1.0	0.997788306324815	0.987261146496815	1.0	0.994195350004706
GC_00001536	29	29	1	1	0.992641858272015	1.0	0.996307343591404	0.977329974811083	1.0	0.989936841582807
GC_00001537	29	29	1	1	0.998741105637657	1.0	0.999370156365528	0.985714285714286	1.0	0.99688013136289
GC_00001538	29	29	1	1	0.995958379912288	0.992609838976536	0.994281290148023	0.975247524752475	1.0	0.993305857679364
GC_00001539	29	29	1	1	0.995565209521224	1.0	0.997777676992154	0.980314960629921	1.0	0.992785384585547
GC_00001540	29	29	1	1	0.991863618752422	1.0	0.995915191596966	0.966292134831461	1.0	0.98876404494382
GC_00001541	29	29	1	1	0.994306980770769	1.0	0.997145364638381	0.982808022922636	1.0	0.992914308298164
GC_00001542	29	29	1	1	0.992627678834575	1.0	0.996300201365397	0.974358974358974	1.0	0.991221422255905
GC_00001543	29	29	1	1	0.996259531002733	1.0	0.998126261170366	0.987915407854985	1.0	0.993898173916926
GC_00001544	29	29	1	1	0.992878360177856	1.0	0.99642645533995	0.966292134831461	1.0	0.988708695411524
GC_00001545	29	29	1	1	0.994380983572955	1.0	0.997182576211202	0.978290366350068	1.0	0.993021903469665
GC_00001546	29	29	1	1	0.996918488637196	1.0	0.998456866727241	0.984251968503937	1.0	0.9957462213775
GC_00001547	29	29	1	1	0.99659145081837	1.0	0.998292815898699	0.983870967741935	1.0	0.994414428730335
GC_00001548	29	29	1	1	0.987133474079287	1.0	0.99352508219073	0.964285714285714	1.0	0.98286418015482
GC_00001549	29	29	1	1	0.996127849696414	1.0	0.998060169189977	0.986046511627907	1.0	0.995715431320885
GC_00001550	29	29	1	1	0.991484362776406	0.994209956818272	0.992845289201546	0.925465838509317	1.0	0.982881008475354
GC_00001551	29	29	1	1	0.979135738346754	0.992230078543845	0.985639420386481	0.925864909390445	1.0	0.973052482937162
GC_00001552	29	29	1	1	0.995382515282806	0.964127362747163	0.979505671437674	0.951276102088167	1.0	0.992102225320883
GC_00001553	29	29	1	1	0.993147906566197	1.0	0.996562175134505	0.974308300395257	1.0	0.989159640958741
GC_00001554	29	29	1	1	0.992671605142636	0.9981948537385	0.995425567883231	0.972746331236897	1.0	0.989848292385703
GC_00001555	29	29	1	1	0.99608881847662	1.0	0.998040577409594	0.979899497487437	1.0	0.994157982028368
GC_00001556	29	29	1	1	0.997602463463673	1.0	0.998799792961724	0.986284289276808	1.0	0.996775303121507
GC_00001557	29	29	1	1	0.970250534905707	1.0	0.984900668941721	0.912878787878788	1.0	0.962214509628303
GC_00001558	29	29	1	1	0.987876463821126	1.0	0.993901262779896	0.967065868263473	1.0	0.984779210052801
GC_00001559	29	29	1	1	0.960286322949736	0.998131953284997	0.978843462471655	0.676029962546816	1.0	0.950978764229442
GC_00001560	29	29	1	1	0.995259903530378	1.0	0.997624321292061	0.983072916666667	1.0	0.994054033251232
GC_00001561	29	29	1	1	0.997032232866577	1.0	0.998513911250615	0.986599664991625	1.0	0.996526144680711
GC_00001562	29	29	1	1	0.991170183102519	1.0	0.995565513700229	0.964959568733154	1.0	0.990240728692258
GC_00001563	29	29	1	1	0.988883892375093	1.0	0.994410881566529	0.966804979253112	1.0	0.985497618706948
GC_00001564	29	29	1	1	0.987365444261996	1.0	0.993642560418627	0.958333333333333	1.0	0.983169129720854
GC_00001565	29	29	1	1	0.992936240938764	1.0	0.99645560208293	0.972560975609756	1.0	0.989832392166286
GC_00001566	29	29	1	1	0.964131302631777	1.0	0.981738136691696	0.908256880733945	1.0	0.963709495186876
GC_00001567	29	29	1	1	0.993390932482135	1.0	0.996684510092741	0.978193146417445	1.0	0.993247701916732
GC_00001568	29	29	1	1	0.992740846806222	1.0	0.996357201587245	0.967462039045553	1.0	0.989506641163459
GC_00001569	29	29	1	1	0.989951719236331	1.0	0.99495049017193	0.970149253731343	1.0	0.989265495184177
GC_00001570	29	29	1	1	0.996954958325539	1.0	0.998475157558379	0.987341772151899	1.0	0.995790983351001
GC_00001571	29	29	1	1	0.989187530682376	0.998467604936168	0.993805904147248	0.91044776119403	1.0	0.98496434085729
GC_00001572	29	29	1	1	0.990299823633157	1.0	0.995126273814798	0.958333333333333	1.0	0.985130450647692
GC_00001573	29	29	1	1	0.977552558615306	0.990321006635731	0.983895358911178	0.941558441558442	1.0	0.974337854263963
GC_00001574	29	29	1	1	0.968174781395665	0.99764514199157	0.982689060953087	0.811369509043928	1.0	0.95283919502043
GC_00001575	29	29	1	1	0.990118075360816	1.0	0.995034503348555	0.970394736842105	1.0	0.988762315270936
GC_00001576	28	29	2	0	0.991508776738502	0.945552216869832	0.967985339629992	0.185303514376997	1.0	0.908922079352838
GC_00001577	29	29	1	1	0.995721992119316	1.0	0.997856410914157	0.985074626865672	1.0	0.994273296898104
GC_00001578	29	29	1	1	0.997345271847656	0.93609636558487	0.965750676032419	0.92511013215859	1.0	0.988444261192248
GC_00001579	29	29	1	1	0.996052797776936	1.0	0.998022496084542	0.985576923076923	1.0	0.994410761652141
GC_00001580	29	29	1	1	0.997278477163535	1.0	0.998637384387013	0.990740740740741	1.0	0.996878828159616
GC_00001581	29	29	1	1	0.99656506930785	1.0	0.998279579892009	0.971731448763251	1.0	0.994708350014796
GC_00001582	29	29	1	1	0.993503248375812	1.0	0.996741037854099	0.978260869565217	1.0	0.990897408438638
GC_00001583	29	29	1	1	0.99741965751818	1.0	0.998708162066941	0.989010989010989	1.0	0.996048286688681
GC_00001584	29	29	1	1	0.996650767586728	1.0	0.998322574749855	0.986772486772487	1.0	0.995347564313081
GC_00001585	29	29	1	1	0.997236722789991	1.0	0.998616449828667	0.990671641791045	1.0	0.996985515770899
GC_00001586	29	29	1	1	0.993418811630405	0.996480957253813	0.994947528359666	0.977031802120141	1.0	0.991588191265296
GC_00001587	29	29	1	1	0.993888619070746	1.0	0.996934943671978	0.971830985915493	1.0	0.989610074238535
GC_00001588	29	29	1	1	0.995366738832586	1.0	0.997677990177322	0.983014861995754	1.0	0.994948385679772
GC_00001589	29	29	1	1	0.989695628376288	1.0	0.994821131696348	0.949275362318841	1.0	0.981437852502321
GC_00001590	29	29	1	1	0.996469622331691	1.0	0.998231689764362	0.990909090909091	1.0	0.995857590685177
GC_00001591	29	29	1	1	0.997777663150474	1.0	0.998887595506488	0.992146596858639	1.0	0.997240347664612
GC_00001592	29	29	1	1	0.970114942528736	1.0	0.984830805134189	0.921951219512195	1.0	0.964892466658657
GC_00001593	29	29	1	1	0.99102514569046	1.0	0.995492345072102	0.968137254901961	1.0	0.988143533275379
GC_00001594	29	29	1	1	0.981539450055192	1.0	0.990683733324465	0.949832775919732	1.0	0.977634808969142
GC_00001595	27	29	2	0	0.864485696432109	0.984026828934587	0.920390970410812	0.63013698630137	1.0	0.81723912994579
GC_00001596	29	29	1	1	0.989762703983027	1.0	0.994855016632647	0.960176991150443	1.0	0.982932996207333
GC_00001597	29	29	1	1	0.994647452393206	1.0	0.99731654453504	0.986069651741294	1.0	0.993823983530623
GC_00001598	29	29	1	1	0.996938474770987	1.0	0.998466890558877	0.989010989010989	1.0	0.99610843453208
GC_00001599	29	29	1	1	0.986619199607169	0.955032618825722	0.970568985684638	0.675675675675676	1.0	0.941668885634403
GC_00001600	29	29	1	1	0.998694948900816	1.0	0.999347048382795	0.988805970149254	1.0	0.997077420777884
GC_00001601	29	29	1	1	0.998402435686918	1.0	0.999200579280453	0.99375	1.0	0.99701354679803
GC_00001602	29	29	1	1	0.994034052118017	1.0	0.997008101303161	0.978678038379531	1.0	0.993739956095665
GC_00001603	29	29	1	1	0.997140974525636	0.986892430771161	0.991990233172429	0.976510067114094	1.0	0.993024101563792
GC_00001604	29	29	1	1	0.998181400851034	1.0	0.999089872847284	0.992831541218638	1.0	0.996980772286668
GC_00001605	29	29	1	1	0.988204456094364	1.0	0.994067237969677	0.954128440366973	1.0	0.984408189090252
GC_00001606	29	29	1	1	0.989069321338801	0.908847467426486	0.947262970778399	0.824773413897281	1.0	0.912401589451282
GC_00001607	29	29	1	1	0.995790542985166	1.0	0.997890832267129	0.983050847457627	1.0	0.99275695082241
GC_00001608	29	29	1	1	0.997598909440159	1.0	0.998798011678674	0.993710691823899	1.0	0.99732007311708
GC_00001609	29	29	1	1	0.997540083946014	0.999035717040812	0.998287340304726	0.988814317673378	1.0	0.996407357203469
GC_00001610	29	29	1	1	0.993059831691297	1.0	0.996517832431145	0.96875	1.0	0.991494766009852
GC_00001611	29	29	1	1	0.98822417053464	0.975913503102464	0.982030256902628	0.528985507246377	1.0	0.954379952880703
GC_00001612	29	29	1	1	0.995271191289568	0.999063327749844	0.997163654232129	0.979522184300341	1.0	0.99433413473663
GC_00001613	29	29	1	1	0.995804862545686	1.0	0.997898022230007	0.980645161290323	1.0	0.994978547592563
GC_00001614	22	29	2	0	0.831756268898986	0.976044089392255	0.898142083389302	0.483870967741935	1.0	0.765151755919275
GC_00001615	29	29	1	1	0.996398406952798	1.0	0.998195954757999	0.983425414364641	1.0	0.994774514873581
GC_00001616	29	29	1	1	0.981462276380607	1.0	0.990644422636572	0.947368421052632	1.0	0.981462276380607
GC_00001617	29	29	1	1	0.999181087112122	1.0	0.999590375832806	0.997435897435897	1.0	0.998856890236201
GC_00001618	29	29	1	1	0.993291960030002	0.998044045204286	0.99566233247573	0.970588235294118	1.0	0.989079252390611
GC_00001619	29	29	1	1	0.995382286146858	0.996760084773919	0.996070709006225	0.982494529540481	1.0	0.990719082471893
GC_00001620	29	29	1	1	0.995274327960098	1.0	0.997631567763049	0.985915492957746	1.0	0.994380073544717
GC_00001621	29	29	1	1	0.972052545155993	1.0	0.985828240270446	0.92	1.0	0.971133004926108
GC_00001622	29	29	1	1	0.993312731141395	0.973445862178674	0.983278955803836	0.904444444444444	1.0	0.967126436781609
GC_00001623	29	29	1	1	0.9954095382884	1.0	0.997699488940231	0.985971943887776	1.0	0.995231842996337
GC_00001624	29	29	1	1	0.993304318714429	1.0	0.996640913671481	0.961165048543689	1.0	0.991327498525356
GC_00001625	29	29	1	1	0.988978876179344	1.0	0.994458903534548	0.966101694915254	1.0	0.988978876179344
GC_00001626	29	29	1	1	0.988523848971182	0.998409466853289	0.993442065883874	0.952029520295203	1.0	0.980913602239471
GC_00001627	29	29	1	1	0.992188732106909	1.0	0.996079052266885	0.971751412429379	1.0	0.988199604798085
GC_00001628	29	29	1	1	0.990662451290346	1.0	0.995309325946445	0.955223880597015	1.0	0.986300026958802
GC_00001629	29	29	1	1	0.995858186877329	0.990549904119464	0.993196952830489	0.977491961414791	1.0	0.992571238496507
GC_00001630	29	29	1	1	0.993955127960397	0.997651211213248	0.995799739935304	0.984536082474227	1.0	0.992826672083693
GC_00001631	29	29	1	1	0.997298722955325	1.0	0.998647534786044	0.984455958549223	1.0	0.995877893769622
GC_00001632	29	29	1	1	0.98917070245603	0.995300526494715	0.992226147282753	0.93429158110883	1.0	0.982971040147278
GC_00001633	29	29	1	1	0.996382561355947	1.0	0.998188003284503	0.986577181208054	1.0	0.99437134261249
GC_00001634	29	29	1	1	0.996924603174603	1.0	0.998459933429381	0.9875	1.0	0.995166256157636
GC_00001635	29	29	1	1	0.99721706864564	1.0	0.998606595448212	0.991883116883117	1.0	0.99721706864564
GC_00001636	29	29	1	1	0.995940020570562	1.0	0.997965881044724	0.978021978021978	1.0	0.995940020570562
GC_00001637	29	29	1	1	0.996322381902319	1.0	0.998157803503572	0.979338842975207	1.0	0.99214265358466
GC_00001638	29	29	1	1	0.994904712146091	1.0	0.997445849005777	0.975757575757576	1.0	0.991282280937453
GC_00001639	29	29	1	1	0.993529988134191	1.0	0.996754494838643	0.972627737226277	1.0	0.992541170759771
GC_00001640	29	29	1	1	0.998341377651722	1.0	0.999170000498	0.993939393939394	1.0	0.997094093645818
GC_00001641	29	29	1	1	0.993848647833518	1.0	0.996914834948397	0.974489795918367	1.0	0.991850557957173
GC_00001642	29	29	1	1	0.988088434078146	1.0	0.994008533162974	0.94475138121547	1.0	0.984459624962578
GC_00001643	29	29	1	1	0.995841152552975	1.0	0.997916243263295	0.983630952380952	1.0	0.994120924231762
GC_00001644	29	29	1	1	0.996189634120669	1.0	0.998091180409816	0.974358974358974	1.0	0.988568902362006
GC_00001645	29	29	1	1	0.992044767090139	1.0	0.996006498929499	0.968421052631579	1.0	0.990523723100856
GC_00001646	29	29	1	1	0.991409284020121	1.0	0.995686112318139	0.974603174603175	1.0	0.990679490186879
GC_00001647	29	29	1	1	0.992391579203436	1.0	0.996181262320128	0.97270955165692	1.0	0.991156051047158
GC_00001648	29	29	1	1	0.992767796773882	1.0	0.996370774739623	0.977941176470588	1.0	0.992429730512895
GC_00001649	29	29	1	1	0.996134158138062	1.0	0.998063335649973	0.991614255765199	1.0	0.995941382408526
GC_00001650	29	29	1	1	0.994714903970802	1.0	0.997350450423428	0.975708502024291	1.0	0.993637941006362
GC_00001651	29	29	1	1	0.991764361451611	1.0	0.995865154177984	0.976744186046512	1.0	0.989651353725131
GC_00001652	29	29	1	1	0.989035805161759	0.993158299121341	0.991092765236345	0.862637362637363	1.0	0.981662426243707
GC_00001653	29	29	1	1	0.996011344976862	1.0	0.998001687198234	0.989090909090909	1.0	0.995020152261532
GC_00001654	29	29	1	1	0.993307060755337	1.0	0.996642293916258	0.952	1.0	0.985556650246305
GC_00001655	29	29	1	1	0.997660366828724	1.0	0.998828813340783	0.993464052287582	1.0	0.99716668276506
GC_00001656	29	29	1	1	0.985462492279918	0.962032872452661	0.973606745680331	0.87037037037037	1.0	0.946725050173326
GC_00001657	29	29	1	1	0.996467245219261	1.0	0.998230496999538	0.984409799554566	1.0	0.995699255049535
GC_00001658	29	29	1	1	0.997327407956053	0.979175489824575	0.988168096588574	0.622710622710623	1.0	0.970461394106714
GC_00001659	29	29	1	1	0.984480177071805	0.973419979712194	0.978918838809836	0.702564102564103	1.0	0.94722748515852
GC_00001660	29	29	1	1	0.996954150607894	1.0	0.998474752466811	0.984455958549223	1.0	0.995116431421595
GC_00001661	29	29	1	1	0.943150360185369	0.774281542817728	0.850413823938505	0.15495867768595	1.0	0.704616699914506
GC_00001662	29	29	1	1	0.987690460106583	0.881331054589325	0.931484488508073	0.220408163265306	1.0	0.800864582286116
GC_00001663	29	29	1	1	0.964811361923275	0.981269582681477	0.972970877810103	0.606299212598425	1.0	0.928435669679221
GC_00001664	29	29	1	1	0.961780771421869	1.0	0.980518094001691	0.846938775510204	1.0	0.942243892630944
GC_00001665	29	29	1	1	0.986165845648604	1.0	0.993034743608292	0.966666666666667	1.0	0.986165845648604
GC_00001666	29	29	1	1	0.993014770810084	1.0	0.996495144294853	0.965675057208238	1.0	0.990722683770897
GC_00001667	29	29	1	1	0.99556358513999	1.0	0.997776861186962	0.986040609137056	1.0	0.994580030506864
GC_00001668	29	29	1	1	0.99836644985001	1.0	0.999182557258148	0.992248062015504	1.0	0.997365104823004
GC_00001669	29	29	1	1	0.995078944044461	1.0	0.997533402891034	0.990769230769231	1.0	0.994937476316787
GC_00001670	29	29	1	1	0.996376512462045	1.0	0.998184967857849	0.983240223463687	1.0	0.994468448138261
GC_00001671	29	29	1	1	0.992068655699105	1.0	0.996018538679275	0.962264150943396	1.0	0.988474765312761
GC_00001672	29	29	1	1	0.990834386852086	0.999120372580174	0.994960128680859	0.958974358974359	1.0	0.986446886446886
GC_00001673	29	29	1	1	0.988783930902158	1.0	0.994360338031917	0.972527472527473	1.0	0.987427597033508
GC_00001674	29	29	1	1	0.992431253213278	0.999766811939463	0.996085527287221	0.976311336717428	1.0	0.989093379343686
GC_00001675	29	29	1	1	0.991017922052405	1.0	0.995488700604796	0.965811965811966	1.0	0.985937434213296
GC_00001676	29	29	1	1	0.990321602390568	0.997752808988767	0.994023317167389	0.973033707865169	1.0	0.987878452427077
GC_00001677	29	29	1	1	0.997258386113066	1.0	0.998627311365421	0.994047619047619	1.0	0.996994487450153
GC_00001678	29	29	1	1	0.991269276996259	1.0	0.995615498564357	0.971649484536082	1.0	0.990135087095627
GC_00001679	29	29	1	1	0.988027783559595	1.0	0.993977842493243	0.948356807511737	1.0	0.984759129489581
GC_00001680	29	29	1	1	0.997177375858473	1.0	0.998586693312449	0.989051094890511	1.0	0.995918881018302
GC_00001681	29	29	1	1	0.997746463775319	1.0	0.998871960849115	0.989614243323442	1.0	0.996206750376401
GC_00001682	29	29	1	1	0.976645830746092	1.0	0.98818495003473	0.941176470588235	1.0	0.970215672475887
GC_00001683	29	29	1	1	0.997292621402818	1.0	0.998644475742728	0.989276139410188	1.0	0.996104016165031
GC_00001684	29	29	1	1	0.984987098287591	1.0	0.992436776175845	0.949874686716792	1.0	0.981085719224169
GC_00001685	29	29	1	1	0.989466163016131	0.982835508486287	0.986139689996954	0.949860724233983	1.0	0.983259464577302
GC_00001686	29	29	1	1	0.996731641014763	1.0	0.998363145593478	0.985645933014354	1.0	0.995097461522144
GC_00001687	29	29	1	1	0.997028145886815	1.0	0.998511861678412	0.982394366197183	1.0	0.995559564282245
GC_00001688	29	29	1	1	0.998547386676829	0.997636129202893	0.998091549945411	0.983221476510067	1.0	0.996247561741661
GC_00001689	29	29	1	1	0.994598001260466	1.0	0.997291685474406	0.984334203655353	1.0	0.992925954031563
GC_00001690	29	29	1	1	0.990295181114429	0.98780322651634	0.989047634167056	0.94238683127572	1.0	0.98547507551339
GC_00001691	29	29	1	1	0.993245151684882	1.0	0.996611130191684	0.979591836734694	1.0	0.991167473322897
GC_00001692	29	29	1	1	0.992833906496886	1.0	0.99640406885905	0.975471698113208	1.0	0.99106794311739
GC_00001693	29	29	1	1	0.995522319161704	1.0	0.997756135927271	0.983935742971888	1.0	0.993966011830573
GC_00001694	29	29	1	1	0.994833937922566	1.0	0.997410279633194	0.988538681948424	1.0	0.994833937922566
GC_00001695	29	29	1	1	0.997554169967963	1.0	0.998775587631711	0.995337995337995	1.0	0.997554169967963
GC_00001696	29	29	1	1	0.99780288427215	1.0	0.998900233979464	0.989130434782609	1.0	0.996856928678518
GC_00001697	29	29	1	1	0.992900839045189	1.0	0.9964377751187	0.983293556085919	1.0	0.992399214644297
GC_00001698	29	29	1	1	0.989989444053483	1.0	0.994969543192086	0.964285714285714	1.0	0.988722730471499
GC_00001699	29	29	1	1	0.992873339812115	1.0	0.996423927178154	0.979591836734694	1.0	0.99256057102644
GC_00001700	29	29	1	1	0.989633948817622	1.0	0.994789970693585	0.959183673469388	1.0	0.98840521430247
GC_00001701	29	29	1	1	0.983441473900128	1.0	0.991651618503614	0.954692556634304	1.0	0.97675642068009
GC_00001702	29	29	1	1	0.99434886323718	1.0	0.997166425159113	0.967661691542289	1.0	0.98961473421072
GC_00001703	29	29	1	1	0.99268887479881	1.0	0.996331025232462	0.978217821782178	1.0	0.990962298200263
GC_00001704	29	29	1	1	0.993898856600533	1.0	0.996940093837122	0.975535168195719	1.0	0.990343622422079
GC_00001705	29	29	1	1	0.995413996733258	1.0	0.997701728426156	0.982849604221636	1.0	0.994521491610018
GC_00001706	29	29	1	1	0.991372352564638	1.0	0.995667486583184	0.96045197740113	1.0	0.989368511869973
GC_00001707	29	29	1	1	0.997641602359523	0.999073760374033	0.998357167754118	0.982876712328767	1.0	0.994652135771645
GC_00001708	29	29	1	1	0.996533055977812	1.0	0.998263517845694	0.988399071925754	1.0	0.995382487741876
GC_00001709	29	29	1	1	0.994146563892112	1.0	0.997064691124577	0.981279251170047	1.0	0.993306333238551
GC_00001710	29	29	1	1	0.99529985989967	1.0	0.997644394110985	0.981651376146789	1.0	0.993974179358551
GC_00001711	29	29	1	1	0.990625084428274	1.0	0.995290466474545	0.968921389396709	1.0	0.988589800163904
GC_00001712	29	29	1	1	0.987961846144597	1.0	0.993944474397861	0.956521739130435	1.0	0.985906482848801
GC_00001713	29	29	1	1	0.996194460435132	1.0	0.998093602782547	0.991079393398751	1.0	0.99568471148649
GC_00001714	29	29	1	1	0.997078904156944	1.0	0.998537315758043	0.986842105263158	1.0	0.994088669950739
GC_00001715	29	29	1	1	0.99454308236473	1.0	0.997264076327296	0.984894259818731	1.0	0.994046998943342
GC_00001716	29	29	1	1	0.994476062939404	1.0	0.99723038187159	0.980582524271845	1.0	0.99219634288265
GC_00001717	29	29	1	1	0.996423510358324	1.0	0.998208551630894	0.981735159817352	1.0	0.994893942461255
GC_00001718	29	29	1	1	0.969680007463383	0.953447272767066	0.961495131473485	0.810810810810811	1.0	0.947410464651844
GC_00001719	29	29	1	1	0.997854531596257	1.0	0.998926113803677	0.992836676217765	1.0	0.997318164495321
GC_00001720	29	29	1	1	0.993302331022784	1.0	0.996639913136619	0.979643765903308	1.0	0.99256696624425
GC_00001721	29	29	1	1	0.990107071611774	1.0	0.995028946668576	0.958677685950413	1.0	0.986890852094614
GC_00001722	29	29	1	1	0.990464088852808	0.990007351676843	0.990235667598363	0.929078014184397	1.0	0.978286692520001
GC_00001723	29	29	1	1	0.980824283850578	0.970750709988236	0.975761498202811	0.515151515151515	1.0	0.942528735632184
GC_00001724	29	29	1	1	0.99243188009038	1.0	0.996201566545263	0.970049916805324	1.0	0.990918256108456
GC_00001725	29	29	1	1	0.989386738800445	1.0	0.994665058838205	0.977329974811083	1.0	0.987790199898252
GC_00001726	29	29	1	1	0.986045203697845	1.0	0.992973575688926	0.969418960244648	1.0	0.984137027161387
GC_00001727	29	29	1	1	0.994629103836211	1.0	0.997307320868096	0.985743380855397	1.0	0.993879987559319
GC_00001728	29	29	1	1	0.97848508267262	0.930029361953722	0.953642095485863	0.838709677419355	1.0	0.960723555273055
GC_00001729	29	29	1	1	0.991474607084213	1.0	0.995719055173759	0.973214285714286	1.0	0.989510028149191
GC_00001730	29	29	1	1	0.997094325081494	0.985593039857947	0.991310323816175	0.970833333333333	1.0	0.994673645320197
GC_00001731	29	29	1	1	0.992214914700625	0.996546489459012	0.99437598493782	0.917410714285714	1.0	0.98595289408867
GC_00001732	29	29	1	1	0.998711956721746	1.0	0.999355563329712	0.995731056563501	1.0	0.997986446630321
GC_00001733	29	29	1	1	0.996998662911439	0.978678715415639	0.987753751086116	0.964406779661017	1.0	0.989755364448526
GC_00001734	29	29	1	1	0.982599259707228	0.996985324302136	0.989740018700424	0.953125	1.0	0.978563731527094
GC_00001735	29	29	1	1	0.996526676129248	1.0	0.998260316823071	0.986440677966102	1.0	0.99535776905736
GC_00001736	29	29	1	1	0.992866386106852	1.0	0.996420425401884	0.960264900662252	1.0	0.98838612860079
GC_00001737	29	29	1	1	0.990423256416904	1.0	0.995188589385589	0.967105263157895	1.0	0.989288955146487
GC_00001738	29	29	1	1	0.995375328208911	1.0	0.997682304814684	0.971014492753623	1.0	0.991647033626044
GC_00001739	29	29	1	1	0.996141963755421	1.0	0.998067253574831	0.981762917933131	1.0	0.995223621363439
GC_00001740	29	29	1	1	0.992321066357578	1.0	0.996145734855647	0.970588235294118	1.0	0.98819182845552
GC_00001741	29	29	1	1	0.99414596355753	0.993692947428031	0.993919403873001	0.973534971644612	1.0	0.987186530958123
GC_00001742	29	29	1	1	0.995538353272343	1.0	0.997764188936614	0.986666666666667	1.0	0.994478067088905
GC_00001743	29	29	1	1	0.994364369843297	1.0	0.997174222402927	0.981481481481482	1.0	0.992914918202275
GC_00001744	29	29	1	1	0.992489256110379	0.958137662686165	0.975010984342839	0.922480620155039	1.0	0.969469584144805
GC_00001745	29	29	1	1	0.991626538255752	0.993841053137818	0.992732560704034	0.870503597122302	1.0	0.984309104440585
GC_00001746	29	29	1	1	0.993724702707791	0.998410174880766	0.996061928713176	0.982511923688394	1.0	0.992747891328013
GC_00001747	29	29	1	1	0.991961210352015	1.0	0.995964384443729	0.973063973063973	1.0	0.991806405599509
GC_00001748	29	29	1	1	0.990618865398359	0.992001027049076	0.991309464444321	0.901639344262295	1.0	0.981776090877278
GC_00001749	29	29	1	1	0.988208847605717	1.0	0.994069459851523	0.970479704797048	1.0	0.987566575173141
GC_00001750	29	29	1	1	0.993080617827068	1.0	0.996528297896712	0.978609625668449	1.0	0.989673612391665
GC_00001751	27	29	3	0	0.88781885675128	0.921130280660141	0.90416785721784	0.0	1.0	0.76447533036203
GC_00001752	29	29	1	1	0.995248647117806	0.967633837412992	0.981246992808021	0.685393258426966	1.0	0.958803343111751
GC_00001753	29	29	1	1	0.998492342081027	1.0	0.999245602353721	0.996007984031936	1.0	0.997817173534704
GC_00001754	29	29	1	1	0.993634809537913	0.996892045189664	0.99526076234471	0.974763406940063	1.0	0.989541732063216
GC_00001755	29	29	1	1	0.998012159106085	0.996083948453121	0.997047121528567	0.98937583001328	1.0	0.996467332639884
GC_00001756	29	29	1	1	0.99767669356811	1.0	0.998836995776458	0.982269503546099	1.0	0.994951612339727
GC_00001757	29	29	1	1	0.985570607553366	1.0	0.99273287366778	0.9625	1.0	0.979802955665025
GC_00001758	29	29	1	1	0.994171398488324	1.0	0.997077181271332	0.980916030534351	1.0	0.993306509231753
GC_00001759	29	29	1	1	0.995574004150934	0.989998757283458	0.99277855340957	0.969849246231156	1.0	0.992548951654826
GC_00001760	29	29	1	1	0.991946905044168	1.0	0.99595717389081	0.968609865470852	1.0	0.988299572187001
GC_00001761	29	29	1	1	0.996782709123907	1.0	0.998388762652345	0.988038277511962	1.0	0.995686708935348
GC_00001762	29	29	1	1	0.995110003674932	1.0	0.997549009169389	0.987063389391979	1.0	0.994086120864905
GC_00001763	29	29	1	1	0.995238812284438	1.0	0.997613725391543	0.956331877729258	1.0	0.989674532665046
GC_00001764	29	29	1	1	0.997927359996326	1.0	0.998962604924897	0.991258741258741	1.0	0.996744634675669
GC_00001765	29	29	1	1	0.994788481283383	1.0	0.997387432920575	0.981941309255079	1.0	0.993928543628863
GC_00001766	28	29	2	0	0.970605526161082	0.826405901526849	0.892720126889906	0.0995024875621891	1.0	0.812954929784575
GC_00001767	29	29	1	1	0.995751795209121	0.997345114600848	0.996547818040146	0.975029726516052	1.0	0.989913485587765
GC_00001768	29	29	1	1	0.997298989730316	1.0	0.99864766853457	0.990677966101695	1.0	0.99623862402939
GC_00001769	29	29	1	1	0.993195632760061	1.0	0.996586202012435	0.978947368421053	1.0	0.991651542649728
GC_00001770	29	29	1	1	0.998366583487409	1.0	0.999182624186129	0.992125984251969	1.0	0.996754716005327
GC_00001771	29	29	1	1	0.992784828021183	1.0	0.99637935221236	0.980132450331126	1.0	0.991110168662121
GC_00001772	29	29	1	1	0.984005351821444	0.957277998169057	0.970457685513946	0.902654867256637	1.0	0.978638999084528
GC_00001773	29	29	1	1	0.998355516727478	1.0	0.999177081726071	0.995529061102832	1.0	0.998355516727478
GC_00001774	29	29	1	1	0.987161602511007	1.0	0.993539328923843	0.964601769911504	1.0	0.985548628972492
GC_00001775	29	29	1	1	0.992494273145614	1.0	0.99623299953453	0.984567901234568	1.0	0.99235236878915
GC_00001776	29	29	1	1	0.991381505580289	1.0	0.995672102811259	0.967914438502674	1.0	0.98931798424699
GC_00001777	29	29	1	1	0.997320888427967	1.0	0.998658647397343	0.986270022883295	1.0	0.995366978165053
GC_00001778	29	29	1	1	0.994537320765939	1.0	0.997261179734675	0.984251968503937	1.0	0.993903779268971
GC_00001779	29	29	1	1	0.987453935968158	1.0	0.993687368645488	0.95852534562212	1.0	0.980704183786974
GC_00001780	29	29	1	1	0.993756586525501	1.0	0.996868517693336	0.985074626865672	1.0	0.99281302845379
GC_00001781	29	29	1	1	0.995013633419201	1.0	0.997500585210411	0.986238532110092	1.0	0.994802729696751
GC_00001782	29	29	1	1	0.99426116667496	1.0	0.997122326092019	0.975757575757576	1.0	0.992894461859979
GC_00001783	29	29	1	1	0.996239626075385	1.0	0.998116271275504	0.989841986455982	1.0	0.995768884342092
GC_00001784	29	29	1	1	0.995187404385518	0.838059829004721	0.909889916380353	0.786458333333333	1.0	0.945684523809524
GC_00001785	29	29	1	1	0.98914763397522	1.0	0.994544212888265	0.963636363636364	1.0	0.986072548141514
GC_00001786	29	29	1	1	0.997122755086262	1.0	0.998559304926845	0.987668161434978	1.0	0.996150787514635
GC_00001787	29	29	1	1	0.988652170729922	1.0	0.994293708353275	0.974522292993631	1.0	0.98770041730727
GC_00001788	29	29	1	1	0.993578835978836	0.999822253821546	0.996690767573752	0.963917525773196	1.0	0.990109694784419
GC_00001789	29	29	1	1	0.987511403028644	1.0	0.993716465247784	0.972222222222222	1.0	0.983807699324941
GC_00001790	29	29	1	1	0.989622123003007	0.999611829105194	0.994591892471573	0.947368421052632	1.0	0.987934738323642
GC_00001791	29	29	1	1	0.991998364037992	1.0	0.995983111177969	0.977805178791615	1.0	0.991289717128401
GC_00001792	29	29	1	1	0.992886328549062	1.0	0.996430468035717	0.981727574750831	1.0	0.99273358100257
GC_00001793	29	29	1	1	0.965996028733283	0.930898103339111	0.948122360417115	0.769230769230769	1.0	0.89626752557787
GC_00001794	29	29	1	1	0.98465891132234	1.0	0.992270163608396	0.943661971830986	1.0	0.982145748051528
GC_00001795	29	29	1	1	0.996611464219608	1.0	0.998302856694396	0.984095427435388	1.0	0.995064098169603
GC_00001796	28	29	2	0	0.94907099954251	0.873927162218464	0.909950369420918	0.0597014925373134	1.0	0.792355954219053
GC_00001797	29	29	1	1	0.996359458014312	1.0	0.998176409578409	0.988452655889146	1.0	0.995153528481553
GC_00001798	29	29	1	1	0.972714937038645	0.999545286725898	0.985947613737334	0.898678414096916	1.0	0.964036153729303
GC_00001799	29	29	1	1	0.993582589285714	0.999351689069151	0.996458789049515	0.959905660377358	1.0	0.990217492332001
GC_00001800	29	29	1	1	0.994596265148252	1.0	0.997290812709234	0.984790874524715	1.0	0.993079098690742
GC_00001801	29	29	1	1	0.997391805416553	1.0	0.998694199817795	0.992084432717678	1.0	0.995892743413442
GC_00001802	29	29	1	1	0.995899294297158	0.877558839627804	0.9329914699066	0.85	1.0	0.954324028461959
GC_00001803	29	29	1	1	0.995062011146044	0.998296837191236	0.996676799428104	0.983122362869198	1.0	0.993327929163809
GC_00001804	29	29	1	1	0.937482084303403	0.999414313574257	0.967458057951769	0.825531914893617	1.0	0.921496698459281
GC_00001805	29	29	1	1	0.994601480438919	1.0	0.997293434496051	0.982142857142857	1.0	0.993363437328954
GC_00001806	29	29	1	1	0.99060690519402	1.0	0.995281290956305	0.976973684210526	1.0	0.987474073113819
GC_00001807	29	29	1	1	0.98585926119192	0.975003715537425	0.98040143963795	0.938709677419355	1.0	0.98065310662641
GC_00001808	29	29	1	1	0.992978880018119	1.0	0.996477072560941	0.96551724137931	1.0	0.988279259385086
GC_00001809	29	29	1	1	0.996058286078264	1.0	0.9980252510915	0.98992443324937	1.0	0.995942474966187
GC_00001810	29	29	1	1	0.995753887762001	1.0	0.997872426923963	0.978823529411765	1.0	0.993381628513474
GC_00001811	29	29	1	1	0.98623846200868	0.999519966801444	0.992834798536797	0.953488372093023	1.0	0.984053156146179
GC_00001812	29	29	1	1	0.985418005283073	1.0	0.992655453572938	0.934782608695652	1.0	0.982776468908403
GC_00001813	29	29	1	1	0.988992880231551	0.96957463769597	0.979187497757619	0.838174273858921	1.0	0.956768799950943
GC_00001814	29	29	1	1	0.988442617212609	0.982529800121061	0.985477339591436	0.946700507614213	1.0	0.982108474406741
GC_00001815	29	29	1	1	0.994857468560309	0.998444959166585	0.996647985530237	0.98233995584989	1.0	0.992980567426788
GC_00001816	29	29	1	1	0.985797849915683	0.982107091372653	0.983949009679582	0.706498951781971	1.0	0.963312368972746
GC_00001817	29	29	1	1	0.984266352712278	0.990301662355637	0.987274784007036	0.943333333333333	1.0	0.975361247947455
GC_00001818	29	29	1	1	0.995331732008848	0.966493763756422	0.980700795184823	0.952127659574468	1.0	0.991484121161304
GC_00001819	29	29	1	1	0.988996693738073	1.0	0.994467911235565	0.972972972972973	1.0	0.987759619225136
GC_00001820	29	29	1	1	0.992844618216273	0.998492739213233	0.99566066870312	0.955849889624724	1.0	0.988723235354886
GC_00001821	29	29	1	1	0.978640701970443	1.0	0.989205064866862	0.9375	1.0	0.978640701970443
GC_00001822	29	29	1	1	0.996391677578932	1.0	0.998192577908638	0.987341772151899	1.0	0.995310843674004
GC_00001823	29	29	1	1	0.989013715136265	1.0	0.994476516285368	0.960431654676259	1.0	0.984938157848106
GC_00001824	29	29	1	1	0.9944181424981	0.956215014948862	0.974942474820609	0.817796610169492	1.0	0.947816648576438
GC_00001825	29	29	1	1	0.97140443910382	0.987401976687521	0.979337882091477	0.916230366492147	1.0	0.958115183246073
GC_00001826	29	29	1	1	0.99498297584694	1.0	0.997485179465789	0.982248520710059	1.0	0.993543591686828
GC_00001827	29	29	1	1	0.9910054072145	1.0	0.995482386560625	0.968152866242038	1.0	0.986664993254055
GC_00001828	29	29	1	1	0.987746876259573	0.995535188171952	0.99162573993749	0.947368421052632	1.0	0.979591836734694
GC_00001829	29	29	1	1	0.985077942271759	1.0	0.992482885729331	0.962864721485411	1.0	0.98288275339405
GC_00001830	29	29	1	1	0.998581686723122	0.985951512098542	0.992226408268869	0.957193816884661	1.0	0.984747222108328
GC_00001831	29	29	1	1	0.987234309432585	0.864095495600369	0.921569692837795	0.787172011661808	1.0	0.974967326832211
GC_00001832	29	29	1	1	0.988232074438971	1.0	0.994081211286992	0.967741935483871	1.0	0.98551300386673
GC_00001833	29	29	1	1	0.993865491801383	1.0	0.996923308907325	0.975352112676056	1.0	0.992073128425727
GC_00001834	29	29	1	1	0.981378622231471	0.995955054877049	0.988613111560397	0.944983818770227	1.0	0.976533231303904
GC_00001835	29	29	1	1	0.985710447360172	0.998229819495226	0.99193063257143	0.943738656987296	1.0	0.980773872850974
GC_00001836	29	29	1	1	0.997305728315522	1.0	0.998651046934737	0.983293556085919	1.0	0.993469085436825
GC_00001837	29	29	1	1	0.988206031133842	0.995946924161274	0.992061377646144	0.912832929782082	1.0	0.980772671429764
GC_00001838	29	29	1	1	0.965087319210226	0.970651673767308	0.967861499015516	0.883308714918759	1.0	0.945805531503082
GC_00001839	29	29	1	1	0.991004497751124	1.0	0.995481927710843	0.97025171624714	1.0	0.987126737383188
GC_00001840	29	29	1	1	0.976122831409055	0.969666861484511	0.97288413625857	0.779661016949153	1.0	0.935501377640478
GC_00001841	29	29	1	1	0.983339732567651	0.962460644147586	0.972788168558859	0.9185667752443	1.0	0.97108518797837
GC_00001842	29	29	1	1	0.976325877644046	1.0	0.98802114437515	0.951382268827455	1.0	0.972969799997182
GC_00001843	29	29	1	1	0.992941862944219	1.0	0.99645843303961	0.968109339407745	1.0	0.988834902431635
GC_00001844	29	29	1	1	0.965422508525957	1.0	0.982407095001687	0.892857142857143	1.0	0.957316082931846
GC_00001845	29	29	1	1	0.982752673335633	0.901896533519746	0.940590138647149	0.478787878787879	1.0	0.851918196745783
GC_00001846	29	29	1	1	0.957441969826623	1.0	0.978258343884827	0.882629107981221	1.0	0.950519207197206
GC_00001847	29	29	1	1	0.982477511244378	1.0	0.991161317767169	0.956521739130435	1.0	0.97781912615121
GC_00001848	23	29	4	0	0.961519195319388	0.822260750954202	0.886454068790094	0.00909090909090909	1.0	0.727474249888043
GC_00001849	28	28	1	0	1.0	1.0	1.0	1.0	1.0	1.0
GC_00001850	28	28	1	0	1.0	1.0	1.0	1.0	1.0	1.0
GC_00001851	28	28	1	0	1.0	1.0	1.0	1.0	1.0	1.0
GC_00001852	28	28	1	0	0.999428302394404	1.0	0.999714069464301	0.995762711864407	1.0	0.999428302394404
GC_00001853	28	28	1	0	0.997487764904699	1.0	0.998742302636622	0.977491961414791	1.0	0.996886643188894
GC_00001854	28	28	1	0	0.997826306743504	1.0	0.99891197085094	0.987261146496815	1.0	0.997826306743504
GC_00001855	28	28	1	0	0.998689549154507	0.992791206317042	0.995731642916687	0.950354609929078	1.0	0.991012795977335
GC_00001856	28	28	1	0	0.995113405863913	0.967813163740131	0.981273439896064	0.955056179775281	1.0	0.98501872659176
GC_00001857	28	28	1	0	0.994081248318537	1.0	0.997031840259039	0.983050847457627	1.0	0.994081248318536
GC_00001858	28	28	1	0	0.981603529264677	0.981128981393882	0.98136619796138	0.913907284768212	1.0	0.971933144118575
GC_00001859	28	28	1	0	0.963401466919841	0.986882716049382	0.975000735402893	0.847222222222222	1.0	0.944077013521458
GC_00001860	28	28	1	0	0.996588693957115	1.0	0.998291432755675	0.973684210526316	1.0	0.989766081871345
GC_00001861	28	28	1	0	0.897581254724112	1.0	0.946026687910775	0.657142857142857	1.0	0.864625850340136
GC_00001862	28	28	1	0	0.985709858094795	1.0	0.992803509612973	0.95397489539749	1.0	0.98145934338403
GC_00001863	28	28	1	0	0.983938019652305	1.0	0.991903990856272	0.928571428571429	1.0	0.980788611740993
GC_00001864	28	28	1	0	0.9964406478021	0.991086001255492	0.993756111483463	0.933333333333333	1.0	0.983333333333333
GC_00001865	28	28	1	0	0.91520270853846	0.981921960954219	0.947389122802364	0.692307692307692	1.0	0.88476800976801
GC_00001866	28	28	1	0	0.979736434723931	0.947542121655597	0.963370382499904	0.879432624113475	1.0	0.96046755975834
GC_00001867	28	28	1	0	0.998016082643658	0.997194830734655	0.99760528767076	0.955752212389381	1.0	0.994966521515194
GC_00001868	28	28	1	0	0.991795593061416	1.0	0.995880899140873	0.966244725738397	1.0	0.989630076127966
GC_00001869	28	28	1	0	0.991407887568446	1.0	0.995685408054678	0.965095986038394	1.0	0.989736557799385
GC_00001870	28	28	1	0	0.989645559538033	1.0	0.994795836669335	0.943548387096774	1.0	0.986815156169995
GC_00001871	28	28	1	0	0.992731686030655	1.0	0.996352587746611	0.969072164948454	1.0	0.989567992145312
GC_00001872	28	28	1	0	0.988656747916007	1.0	0.994296023134269	0.94017094017094	1.0	0.984466151132818
GC_00001873	28	28	1	0	0.997851880685668	1.0	0.998924785498315	0.989100817438692	1.0	0.997145452186324
GC_00001874	28	28	1	0	0.988606099801045	0.959064167672487	0.973611090229899	0.809756097560976	1.0	0.970512324170861
GC_00001875	28	28	1	0	0.995174919055516	1.0	0.997581625100436	0.985074626865672	1.0	0.994479981047145
GC_00001876	28	28	1	0	0.987397544302977	0.990163013520681	0.988778345261817	0.872727272727273	1.0	0.967772967772968
GC_00001877	28	28	1	0	0.998199381550502	0.896291911485281	0.944504770248555	0.879120879120879	1.0	0.976568405139834
GC_00001878	28	28	1	0	0.959012058664907	0.932236505494415	0.945434743205403	0.19047619047619	1.0	0.836874667562498
GC_00001879	28	28	1	0	0.993757187448661	0.976410508325402	0.985007481982431	0.951515151515152	1.0	0.986115119448453
GC_00001880	27	28	2	0	0.971609605825107	0.890718677206248	0.929407377578717	0.0689655172413793	1.0	0.857112449066472
GC_00001881	28	28	1	0	0.995352446910712	0.927182368193606	0.960058805347459	0.910112359550562	1.0	0.988521292828409
GC_00001882	28	28	1	0	0.997983038763181	1.0	0.998990501321739	0.98936170212766	1.0	0.997213779128673
GC_00001883	28	28	1	0	0.993406846989402	0.83649021273867	0.908220602199013	0.776119402985075	1.0	0.977197346600332
GC_00001884	28	28	1	0	0.993357126218761	1.0	0.99666749440235	0.971698113207547	1.0	0.988731656184486
GC_00001885	28	28	1	0	0.998172198172198	1.0	0.999085263107217	0.990909090909091	1.0	0.998027898027898
GC_00001886	28	28	1	0	0.99512987012987	1.0	0.997558991049634	0.981818181818182	1.0	0.99512987012987
GC_00001887	28	28	1	0	0.993852000894254	1.0	0.996916521836632	0.981220657276995	1.0	0.992759023275455
GC_00001888	28	28	1	0	0.985487457438677	0.971266984189772	0.97832554804039	0.915869980879541	1.0	0.967257478729754
GC_00001889	28	28	1	0	0.997186220733621	1.0	0.998591128239737	0.990825688073395	1.0	0.996296296296296
GC_00001890	28	28	1	0	0.995670995670996	0.855509050338509	0.920283847908026	0.80794701986755	1.0	0.925908406040856
GC_00001891	28	28	1	0	0.994018827690227	0.936079527464761	0.964179542488264	0.917525773195876	1.0	0.977981417843961
GC_00001892	28	28	1	0	0.991793181072913	1.0	0.995879683189463	0.971524288107203	1.0	0.988744427605399
GC_00001893	28	28	1	0	0.998240242142681	1.0	0.999119346202621	0.993348115299335	1.0	0.998134656671242
GC_00001894	28	28	1	0	0.989060216679264	1.0	0.994500024067145	0.971428571428571	1.0	0.988344671201814
GC_00001895	28	28	1	0	0.989641738397957	1.0	0.994793906158009	0.975124378109453	1.0	0.989273210666246
GC_00001896	28	28	1	0	0.995377702892446	0.975653570606985	0.985416946942089	0.962732919254658	1.0	0.99045318610536
GC_00001897	28	28	1	0	0.992034247561458	1.0	0.996001197043528	0.966836734693878	1.0	0.988398931000972
GC_00001898	28	28	1	0	0.988997474644433	1.0	0.994468306020582	0.976863753213368	1.0	0.987047918281851
GC_00001899	28	28	1	0	0.986412087763439	0.972757838767692	0.97953738226886	0.440886699507389	1.0	0.945806291865405
GC_00001900	28	28	1	0	0.952539453130703	0.874504002803787	0.911855229152467	0.299319727891156	1.0	0.790591368822661
GC_00001901	28	28	1	0	0.994133315649281	0.999820981023987	0.996969036431193	0.974937343358396	1.0	0.990034610335362
GC_00001902	28	28	1	0	0.993705328135153	1.0	0.996842727069032	0.984649122807018	1.0	0.991535551842569
GC_00001903	28	28	1	0	0.880160029096199	0.958294209702661	0.917566770708066	0.549295774647887	1.0	0.80956107012445
GC_00001904	23	28	2	0	0.802003804012966	0.687143966880902	0.740144243727064	0.151202749140893	1.0	0.759350170003091
GC_00001905	28	28	1	0	0.98506455399061	0.912740376579601	0.947524350349814	0.202312138728324	1.0	0.858641465577882
GC_00001906	28	28	1	0	0.951663948025151	0.930789327118969	0.941110897701187	0.0304709141274238	1.0	0.821417579035308
GC_00001907	28	28	1	0	0.982175277518415	1.0	0.991007494299949	0.948529411764706	1.0	0.977843915343915
GC_00001908	28	28	1	0	0.9964885725195	1.0	0.998241198307452	0.984536082474227	1.0	0.99482490590738
GC_00001909	28	28	1	0	0.991012538957744	1.0	0.995485984710593	0.976027397260274	1.0	0.989055591795318
GC_00001910	28	28	1	0	0.969152326322498	0.988284202569916	0.978624767496665	0.904761904761905	1.0	0.962459057697153
GC_00001911	28	28	1	0	0.99917756843156	0.997481540289654	0.998328834029469	0.993142857142857	1.0	0.998170823885109
GC_00001912	28	28	1	0	0.988083448867763	1.0	0.994006010593256	0.957219251336898	1.0	0.98354695413519
GC_00001913	28	28	1	0	0.994401021711367	0.874589520187709	0.93065501719342	0.166666666666667	1.0	0.785189951856618
GC_00001914	28	28	1	0	0.983476040258375	1.0	0.991669191154196	0.949526813880126	1.0	0.978235107572647
GC_00001915	28	28	1	0	0.996385647007388	1.0	0.998189551704086	0.990373044524669	1.0	0.996217981777549
GC_00001916	28	28	1	0	0.993329146986285	0.998937771384427	0.996125564493297	0.979381443298969	1.0	0.989636175203185
GC_00001917	28	28	1	0	0.994038583860988	1.0	0.997010380748266	0.98155737704918	1.0	0.992003859831729
GC_00001918	22	28	5	0	0.982999607381233	0.859877854833292	0.917325878717104	0.0685805422647528	1.0	0.779212340615849
GC_00001919	27	27	1	0	0.995419250321211	1.0	0.997704367301232	0.970588235294118	1.0	0.993966817496229
GC_00001920	27	27	1	0	0.968351119481063	0.975701945901867	0.972012635270137	0.863636363636364	1.0	0.956005274187092
GC_00001921	27	27	1	0	0.962010342733915	0.996905580821665	0.979147157820724	0.851648351648352	1.0	0.938088976550515
GC_00001922	26	27	2	0	0.979961917171788	0.861561786369145	0.916955604002075	0.0268456375838926	1.0	0.839126943153789
GC_00001923	26	27	2	0	0.949009050585852	0.910525796490708	0.929369216199472	0.138095238095238	1.0	0.839424772758106
GC_00001924	27	27	1	0	0.971810149653859	0.993177255334638	0.982377530450597	0.846153846153846	1.0	0.960966225923491
GC_00001925	24	27	2	0	0.899671480229728	0.817463812901279	0.856599804953192	0.123456790123457	1.0	0.690214906264289
GC_00001926	27	27	1	0	0.997107513516713	0.989444669890919	0.993261312536945	0.981233243967828	1.0	0.994072851981699
GC_00001927	27	27	1	0	0.990278671282256	1.0	0.995115594183863	0.976344086021505	1.0	0.987476641240082
GC_00001928	25	27	2	0	0.945549960071057	0.8552221302595	0.898120595561113	0.0448430493273543	1.0	0.73969312534335
GC_00001929	18	27	3	0	0.958081668473491	0.883964770984002	0.919532129608596	0.0307692307692308	1.0	0.81328073635766
GC_00001930	23	27	5	0	0.994512264472836	0.819088380294022	0.898316222195998	0.141203703703704	1.0	0.713286113749077
GC_00001931	15	27	5	0	0.9334768134821	0.645935946096265	0.763532173611733	0.090146750524109	1.0	0.495786223249536
GC_00001932	20	27	2	0	0.932369194591417	0.904667981591058	0.918309730804178	0.571428571428571	1.0	0.839453993300147
GC_00001933	27	27	1	0	0.985943994836246	0.99314037379524	0.989529100520291	0.918739635157546	1.0	0.975474006983128
GC_00001934	27	27	1	0	0.973581761863151	0.921395690503473	0.94677014611774	0.00707213578500707	1.0	0.831864505131832
GC_00001935	23	27	4	0	0.919963779498457	0.863139457213291	0.890646173416768	0.217616580310881	1.0	0.726392394786177
GC_00001936	23	27	2	0	0.856622955359085	0.974667688351543	0.911840748552022	0.67536231884058	1.0	0.821454230149882
GC_00001937	21	27	7	0	0.868408118685719	0.773821201761359	0.818390715174616	0.0426356589147287	1.0	0.554639015879326
GC_00001938	15	27	4	0	0.818972808267584	0.669669305516446	0.736833852369399	0.106741573033708	1.0	0.599651077179167
GC_00001939	26	26	1	0	1.0	1.0	1.0	1.0	1.0	1.0
GC_00001940	26	26	1	0	1.0	1.0	1.0	1.0	1.0	1.0
GC_00001941	25	26	2	0	1.0	0.944875715517916	0.971656654436963	0.0	1.0	0.923076923076923
GC_00001942	26	26	1	0	0.921261509154408	0.970033182503771	0.945018497207087	0.725	1.0	0.872615384615385
GC_00001943	26	26	1	0	0.971953840558146	0.981792246292771	0.976848271980476	0.905063291139241	1.0	0.959298928919182
GC_00001944	26	26	1	0	0.969458203937068	0.743776202346646	0.841752813991414	0.0262008733624454	1.0	0.584454148471616
GC_00001945	26	26	1	0	0.969339364035088	0.913748050362802	0.940723141426963	0.650602409638554	1.0	0.887451343836886
GC_00001946	24	26	2	0	0.936800820073985	0.927375682382135	0.932064424830615	0.56	1.0	0.853366153846154
GC_00001947	18	26	3	0	0.984563014566181	0.903400571628319	0.942237230280517	0.67816091954023	1.0	0.924668435013263
GC_00001948	25	26	2	0	0.956475004547634	0.696159937446589	0.805815685503562	0.069423929098966	1.0	0.618852403136007
GC_00001949	23	26	2	0	0.997304008513657	0.791089203801871	0.882307569286711	0.0	1.0	0.682739566671514
GC_00001950	26	26	1	0	0.957602217602218	0.782081568066969	0.860987554285526	0.178181818181818	1.0	0.930875524475524
GC_00001951	19	26	6	0	0.989307123184101	0.863095357801238	0.92190157832838	0.536764705882353	1.0	0.918665158371041
GC_00001952	26	26	1	0	0.966166312986311	0.77156044741745	0.857966545389655	0.107462686567164	1.0	0.626957520091848
GC_00001953	26	26	1	0	0.986770011723063	0.990474303737602	0.98861868780524	0.914285714285714	1.0	0.971191885038039
GC_00001954	25	26	2	0	0.987664309401095	0.939697451024885	0.963083997066887	0.168141592920354	1.0	0.893151803948264
GC_00001955	25	25	1	0	0.999766763848396	1.0	0.999883368322836	0.997084548104956	1.0	0.999766763848396
GC_00001956	25	25	1	0	0.995458409228901	1.0	0.997724036366734	0.961748633879781	1.0	0.994899817850638
GC_00001957	25	25	1	0	0.998815958815959	1.0	0.999407628711979	0.992277992277992	1.0	0.998815958815959
GC_00001958	25	25	1	0	0.977535108124408	0.774589656014433	0.864308979179654	0.0784313725490196	1.0	0.871270878721859
GC_00001959	25	25	1	0	0.997724550898204	1.0	0.99886097955758	0.982035928143713	1.0	0.99684630738523
GC_00001960	25	25	1	0	0.997838433967466	1.0	0.998918047627985	0.98014888337469	1.0	0.99682382133995
GC_00001961	25	25	1	0	0.995281401314075	0.916870956758597	0.954468514827616	0.887640449438202	1.0	0.984044943820225
GC_00001962	25	25	1	0	0.998480138169257	1.0	0.999239491150443	0.989637305699482	1.0	0.997720207253886
GC_00001963	23	25	3	0	0.99708580406467	0.873732403990705	0.931342417792678	0.0774907749077491	1.0	0.812460024600246
GC_00001964	25	25	1	0	0.980956790123457	1.0	0.990386862564854	0.861111111111111	1.0	0.975833333333333
GC_00001965	25	25	1	0	0.872905913248212	0.734186585542518	0.79755933454958	0.23728813559322	1.0	0.702231638418079
GC_00001966	25	25	1	0	0.984235784219268	0.969107250996014	0.976612932783224	0.617529880478088	1.0	0.946852589641434
GC_00001967	24	25	2	0	0.982275522964019	0.938049218011515	0.959653090466525	0.236111111111111	1.0	0.891273148148148
GC_00001968	24	25	2	0	0.994931947770109	0.93270072728915	0.962811808800516	0.0700636942675159	1.0	0.908131634819533
GC_00001969	25	25	1	0	0.947975050768784	0.903415492241679	0.925159038276747	0.355855855855856	1.0	0.808521021021021
GC_00001970	25	25	1	0	0.997220621197566	1.0	0.998608376674597	0.988472622478386	1.0	0.996618635926993
GC_00001971	25	25	1	0	0.992958801498127	1.0	0.996466962339322	0.958801498127341	1.0	0.987915106117353
GC_00001972	25	25	1	0	0.994058665841839	0.994935526900846	0.994496903086385	0.911538461538462	1.0	0.98375641025641
GC_00001973	25	25	1	0	0.994027476500361	1.0	0.997004793780414	0.980477223427332	1.0	0.991597975415763
GC_00001974	23	25	2	0	0.968323364619282	0.85025801139639	0.905458187627186	0.00218340611353712	1.0	0.760771470160116
GC_00001975	24	25	2	0	0.831111806017017	0.985908500246448	0.901916386275699	0.61271676300578	1.0	0.786127167630058
GC_00001976	20	25	2	0	0.781606973109704	0.912570330010046	0.842026784416742	0.364035087719298	1.0	0.699459064327485
GC_00001977	24	25	2	0	0.938752380952381	1.0	0.968408745928899	0.84	1.0	0.919609523809524
GC_00001978	25	25	1	0	0.989196025293586	1.0	0.994568672685328	0.975609756097561	1.0	0.988003613369467
GC_00001979	21	25	5	0	0.869004594736938	0.826213889713886	0.847069180736829	0.0615384615384615	1.0	0.610833333333333
GC_00001980	24	24	1	0	1.0	1.0	1.0	1.0	1.0	1.0
GC_00001981	24	24	1	0	1.0	1.0	1.0	1.0	1.0	1.0
GC_00001982	24	24	1	0	1.0	1.0	1.0	1.0	1.0	1.0
GC_00001983	24	24	1	0	0.999614197530864	1.0	0.999807061547366	0.994047619047619	1.0	0.999503968253968
GC_00001984	22	24	2	0	0.998162302134236	0.705026455026455	0.826368570666123	0.349206349206349	1.0	0.892972164711295
GC_00001985	24	24	1	0	0.999037391100081	1.0	0.999518463784517	0.993657505285412	1.0	0.998919937494255
GC_00001986	24	24	1	0	0.998260539809731	1.0	0.999129512815964	0.986348122866894	1.0	0.997477370529752
GC_00001987	24	24	1	0	0.984624674842066	1.0	0.99225277940316	0.942307692307692	1.0	0.98355629877369
GC_00001988	24	24	1	0	0.967218771566598	1.0	0.983336256797053	0.885714285714286	1.0	0.946325051759835
GC_00001989	24	24	1	0	0.99733589087809	1.0	0.998666168702982	0.989495798319328	1.0	0.995569967117282
GC_00001990	24	24	1	0	0.977744360902256	0.850512243878061	0.909701130744742	0.731428571428571	1.0	0.876252587991718
GC_00001991	23	24	2	0	0.994237533805879	0.935204738900393	0.963818059095099	0.0711111111111111	1.0	0.905040257648953
GC_00001992	23	24	2	0	0.991283738786383	0.934950597772329	0.962293430814947	0.086053412462908	1.0	0.904689717455812
GC_00001993	24	24	1	0	0.985479159644984	1.0	0.992686480598662	0.941860465116279	1.0	0.976322885069093
GC_00001994	24	24	1	0	0.967912135242812	0.920996192799138	0.943871524402445	0.829931972789116	1.0	0.930247461303362
GC_00001995	24	24	1	0	0.994005110971084	1.0	0.996993543799897	0.97463768115942	1.0	0.991703423650494
GC_00001996	24	24	1	0	0.982147965229981	0.874801290045942	0.925371874926672	0.815734989648033	1.0	0.948750262549884
GC_00001997	20	24	2	0	0.92237954271024	0.957804356861474	0.939758227787191	0.119700748129676	1.0	0.839468358090282
GC_00001998	18	24	2	0	0.897402112567802	0.759835691130443	0.822909244410447	0.105263157894737	1.0	0.619300364437664
GC_00001999	24	24	1	0	0.997789044774737	1.0	0.998893298954138	0.992012779552716	1.0	0.997071352502663
GC_00002000	13	24	3	0	0.737513283740701	0.621614204095884	0.674622118948328	0.0176056338028169	1.0	0.415620534803021
GC_00002001	15	24	5	0	0.986726473410547	0.68608786829142	0.809391748805995	0.0652173913043478	1.0	0.561309437254617
GC_00002002	11	24	6	0	0.96707432397894	0.655944077599597	0.781687594910394	0.00739644970414201	1.0	0.476068733384787
GC_00002003	23	23	1	0	0.99933110367893	1.0	0.99966543994647	0.992307692307692	1.0	0.99933110367893
GC_00002004	23	23	1	0	0.997282608695652	1.0	0.998639455782313	0.96875	1.0	0.997282608695652
GC_00002005	23	23	1	0	0.998697280573197	1.0	0.99934821574059	0.97752808988764	1.0	0.998045920859795
GC_00002006	23	23	1	0	0.998968894999141	1.0	0.999484181568088	0.993788819875776	1.0	0.998968894999141
GC_00002007	23	23	1	0	0.995694522868436	1.0	0.997842617152962	0.973214285714286	1.0	0.994282891022021
GC_00002008	23	23	1	0	0.99492728950472	1.0	0.997457195296306	0.970037453183521	1.0	0.994493049695785
GC_00002009	23	23	1	0	0.996069029568673	1.0	0.998030644044321	0.972677595628415	1.0	0.99434113047798
GC_00002010	23	23	1	0	0.998411334517195	1.0	0.999205035792499	0.982608695652174	1.0	0.997754482442573
GC_00002011	23	23	1	0	0.998976817200684	1.0	0.999488146740617	0.984042553191489	1.0	0.996930451602052
GC_00002012	23	23	1	0	0.992094861660079	1.0	0.996031746031746	0.946428571428571	1.0	0.990118577075099
GC_00002013	23	23	1	0	0.967265995343749	0.771479889475349	0.858349997772904	0.561576354679803	1.0	0.839619151463229
GC_00002014	14	23	4	0	0.919793304875309	0.69507672434012	0.791799842533848	0.0282776349614396	1.0	0.490484367538129
GC_00002015	22	23	2	0	0.997560343381669	0.938929481861914	0.967357332971814	0.00352112676056338	1.0	0.910343483827868
GC_00002016	19	23	2	0	0.957597944765575	0.986363783957705	0.971768032624214	0.826923076923077	1.0	0.948046518698693
GC_00002017	23	23	1	0	0.937954396076647	0.966074733651913	0.951806912215221	0.788888888888889	1.0	0.914361001317523
GC_00002018	21	23	2	0	0.996738386612277	0.78055125721373	0.875496465627932	0.00216919739696312	1.0	0.674483208011455
GC_00002019	18	23	2	0	0.895793049385942	0.702803901079764	0.78764925641222	0.393103448275862	1.0	0.662968515742129
GC_00002020	19	23	2	0	0.972214379823075	0.810939587592358	0.884283850561519	0.554054054054054	1.0	0.951020190150625
GC_00002021	23	23	1	0	0.987444780283655	1.0	0.993682732802995	0.955882352941177	1.0	0.987444780283655
GC_00002022	23	23	1	0	0.962013858029263	0.682032892583068	0.7981830128034	0.246445497630332	1.0	0.599685293070828
GC_00002023	19	23	2	0	0.883140577157997	0.977259994907053	0.927819491022451	0.517647058823529	1.0	0.84626830969542
GC_00002024	20	23	2	0	0.976073095378952	0.980479949727034	0.978271559650174	0.707317073170732	1.0	0.942832353224718
GC_00002025	23	23	1	0	0.977948824630747	1.0	0.988851493479175	0.956140350877193	1.0	0.977948824630747
GC_00002026	21	23	2	0	0.996727142577772	0.869614667600916	0.928842228207483	0.00458190148911798	1.0	0.821604661586732
GC_00002027	22	22	1	0	0.999373040752351	1.0	0.999686422075886	0.993103448275862	1.0	0.999373040752351
GC_00002028	22	22	1	0	0.997126767038271	1.0	0.998561316682972	0.960176991150443	1.0	0.995402827261235
GC_00002029	22	22	1	0	0.998800430297261	0.876582163752838	0.933708828401177	0.0411522633744856	1.0	0.777198795717314
GC_00002030	22	22	1	0	0.993584586818046	0.925305316770692	0.9582301716474	0.585987261146497	1.0	0.904141506052334
GC_00002031	18	22	2	0	0.899522223830896	0.858617268348383	0.878593897787935	0.510489510489511	1.0	0.829503829503829
GC_00002032	22	22	1	0	0.992559523809524	0.905123966942148	0.946827453571653	0.5	1.0	0.872597402597403
GC_00002033	22	22	1	0	0.994191737910331	1.0	0.997087410413326	0.969849246231156	1.0	0.994191737910331
GC_00002034	21	22	2	0	0.98888647945354	0.931062600518163	0.959103787472149	0.116331096196868	1.0	0.883678588376575
GC_00002035	17	22	2	0	0.83227492655953	0.955308258031794	0.889557607331034	0.5	1.0	0.775943104514533
GC_00002036	22	22	1	0	0.98570819112628	0.867690616916622	0.92294194292838	0.261437908496732	1.0	0.811136575842458
GC_00002037	22	22	1	0	0.995743752046273	1.0	0.997867337452835	0.974789915966387	1.0	0.992906253410455
GC_00002038	21	22	2	0	0.997772294860088	0.85678760053166	0.921921079512574	0.00696864111498258	1.0	0.784454801876405
GC_00002039	22	22	1	0	0.975208034433286	0.939493287141547	0.957017568842542	0.552147239263804	1.0	0.899184659920856
GC_00002040	21	21	1	0	1.0	1.0	1.0	1.0	1.0	1.0
GC_00002041	21	21	1	0	1.0	1.0	1.0	1.0	1.0	1.0
GC_00002042	21	21	1	0	0.998438719750195	1.0	0.99921875	0.983606557377049	1.0	0.998438719750195
GC_00002043	21	21	1	0	0.997677119628339	1.0	0.998837209302326	0.975609756097561	1.0	0.997677119628339
GC_00002044	21	21	1	0	0.985304473304473	1.0	0.992597847386569	0.92	1.0	0.980571428571429
GC_00002045	21	21	1	0	0.997134611420326	1.0	0.998565250152249	0.980519480519481	1.0	0.996351267779839
GC_00002046	21	21	1	0	0.997879973907371	1.0	0.998938862133703	0.98972602739726	1.0	0.997879973907371
GC_00002047	19	21	2	0	0.968936678614098	1.0	0.984223300970874	0.913978494623656	1.0	0.96784434203789
GC_00002048	21	21	1	0	0.991702582431059	1.0	0.99583400772679	0.975717439293598	1.0	0.988983496268264
GC_00002049	21	21	1	0	0.982334869431644	1.0	0.991088725300271	0.92741935483871	1.0	0.973118279569892
GC_00002050	21	21	1	0	0.987849091327352	1.0	0.993887408895544	0.968115942028986	1.0	0.986514837819186
GC_00002051	21	21	1	0	0.986625514403292	1.0	0.993267736923874	0.953703703703704	1.0	0.9836860670194
GC_00002052	21	21	1	0	0.984198209198209	1.0	0.992036183316496	0.923076923076923	1.0	0.979578754578755
GC_00002053	21	21	1	0	0.957601672367921	0.971850568719632	0.964673506894442	0.837209302325581	1.0	0.948449612403101
GC_00002054	20	21	2	0	0.995324175904211	0.853587501826507	0.91902310645835	0.161904761904762	1.0	0.786587301587302
GC_00002055	21	21	1	0	0.970335806014198	1.0	0.984944599851834	0.879396984924623	1.0	0.957525723857382
GC_00002056	21	21	1	0	0.981485927704415	0.907409782451867	0.942995346274724	0.559701492537313	1.0	0.88592750533049
GC_00002057	21	21	1	0	0.991891517918915	0.958753501400561	0.975041031449224	0.85	1.0	0.947539682539682
GC_00002058	21	21	1	0	0.988469356861727	1.0	0.994201246753699	0.915531335149864	1.0	0.985545607888932
GC_00002059	21	21	1	0	0.961298377028714	0.940041593345064	0.950551160868352	0.831578947368421	1.0	0.953784461152882
GC_00002060	19	21	2	0	0.807502192457945	0.821848739495799	0.814612304810093	0.333333333333333	1.0	0.800653594771242
GC_00002061	6	21	4	0	0.717103224990073	0.814997853429875	0.762923017660531	0.0194931773879142	1.0	0.487236610043628
GC_00002062	14	21	3	0	0.852410024677114	0.695189360660465	0.765813666883297	0.131284916201117	1.0	0.552208034051609
GC_00002063	21	21	1	0	0.966009954375778	0.976758882420623	0.971354682628322	0.406779661016949	1.0	0.93137610976594
GC_00002064	20	20	1	0	1.0	1.0	1.0	1.0	1.0	1.0
GC_00002065	20	20	1	0	0.999290780141844	1.0	0.999645264278113	0.978723404255319	1.0	0.997872340425532
GC_00002066	20	20	1	0	0.997975025312184	0.721959580089981	0.837819796115099	0.447761194029851	1.0	0.895365278868814
GC_00002067	19	20	2	0	0.999440089585666	0.930885197405847	0.963945290836736	0.0	1.0	0.8994960806271
GC_00002068	20	20	1	0	0.996284829721362	1.0	0.998138957816377	0.980392156862745	1.0	0.996284829721362
GC_00002069	13	20	5	0	0.957103341948941	0.66942688566051	0.787825148995617	0.0866141732283465	1.0	0.531786158309159
GC_00002070	20	20	1	0	0.988318356867779	1.0	0.994124862805862	0.975609756097561	1.0	0.988318356867779
GC_00002071	20	20	1	0	0.988213491475167	1.0	0.99407180940308	0.929577464788732	1.0	0.982876204595997
GC_00002072	18	20	2	0	0.952181683448847	0.912750509231882	0.932049240031532	0.3	1.0	0.858070175438597
GC_00002073	20	20	1	0	0.99696630430857	0.903280155061872	0.947813767531669	0.0790960451977401	1.0	0.824829021706809
GC_00002074	17	20	2	0	0.966306056403144	0.791921664626683	0.870465971583486	0.4	1.0	0.887935222672065
GC_00002075	20	20	1	0	0.971131765992346	0.992446644962923	0.98167351769481	0.876288659793814	1.0	0.955181768855128
GC_00002076	17	20	3	0	0.988721804511278	0.822568426552114	0.898024319997721	0.00380228136882129	1.0	0.710586351811087
GC_00002077	14	20	2	0	0.978758660572293	0.642131489264748	0.775489636243694	0.0242424242424242	1.0	0.549234449760766
GC_00002078	20	20	1	0	0.988385964912281	1.0	0.994159064038539	0.976	1.0	0.987852631578947
GC_00002079	15	20	4	0	0.980042313117066	0.750137240101558	0.849814962356671	0.0	1.0	0.654415700267618
GC_00002080	18	20	2	0	0.987166842952841	0.806931989128685	0.8879962351479	0.0263414634146341	1.0	0.792441591784339
GC_00002081	19	19	1	0	1.0	0.93942275042445	0.96876531970026	0.936	1.0	0.993263157894737
GC_00002082	17	19	2	0	0.991228070175439	1.0	0.995594713656388	0.902173913043478	1.0	0.989702517162471
GC_00002083	19	19	1	0	1.0	0.956515486863987	0.977774511151091	0.418478260869565	1.0	0.938787185354691
GC_00002084	19	19	1	0	0.993397472175061	1.0	0.996687801646636	0.951612903225806	1.0	0.993397472175061
GC_00002085	19	19	1	0	0.998255873602134	1.0	0.999127175643066	0.973684210526316	1.0	0.994767620806402
GC_00002086	19	19	1	0	0.98568044788975	0.955423950074824	0.970316391041976	0.310344827586207	1.0	0.920649324460577
GC_00002087	19	19	1	0	0.985730486042921	0.944780270164234	0.964821057762414	0.876996805111821	1.0	0.97464641369131
GC_00002088	15	19	3	0	0.917580681561724	0.895923141186299	0.906622590153612	0.1	1.0	0.766783625730994
GC_00002089	19	19	1	0	0.993886310325897	0.906164943125217	0.948000671280387	0.228260869565217	1.0	0.846427663361302
GC_00002090	19	19	1	0	0.991128101557992	0.946314820286035	0.968203192704736	0.459770114942529	1.0	0.918330308529946
GC_00002091	19	19	1	0	0.935599433474965	0.940674053554939	0.938129881037511	0.315789473684211	1.0	0.84402893197907
GC_00002092	19	19	1	0	0.976516812865497	1.0	0.988118903425639	0.84375	1.0	0.976516812865497
GC_00002093	19	19	1	0	0.99349246826359	0.925590478816285	0.958340201813273	0.320512820512821	1.0	0.889151297046034
GC_00002094	18	19	2	0	0.921114773454027	0.807312446484851	0.860467149177165	0.0124610591900312	1.0	0.682079029349074
GC_00002095	18	19	2	0	0.945871080913047	0.929241719571119	0.937482661835901	0.00510204081632653	1.0	0.833109559613319
GC_00002096	13	19	3	0	0.865332344946874	1.0	0.927805007285733	0.47887323943662	1.0	0.842599456387447
GC_00002097	11	19	5	0	0.97379771403925	0.651345995843603	0.780582342280168	0.0165289256198347	1.0	0.533565318254314
GC_00002098	17	19	2	0	0.895283885194219	0.806531458590191	0.848593380492473	0.0342979635584137	1.0	0.698726988962223
GC_00002099	15	19	3	0	0.472166936824179	0.738867879005742	0.576150212343548	0.169527896995708	1.0	0.361305624576463
GC_00002100	18	18	1	0	1.0	1.0	1.0	1.0	1.0	1.0
GC_00002101	18	18	1	0	0.997863247863248	1.0	0.998930481283422	0.980769230769231	1.0	0.997863247863248
GC_00002102	18	18	1	0	0.999430199430199	1.0	0.999715018523796	0.984615384615385	1.0	0.998290598290598
GC_00002103	18	18	1	0	0.981455316142706	0.936626127244147	0.958516850252975	0.6375	1.0	0.90343137254902
GC_00002104	18	18	1	0	0.962312882142104	1.0	0.980794541889387	0.870967741935484	1.0	0.95303605313093
GC_00002105	18	18	1	0	0.989542483660131	1.0	0.994743758212878	0.977777777777778	1.0	0.989542483660131
GC_00002106	18	18	1	0	0.990884072927417	1.0	0.995421166306696	0.982456140350877	1.0	0.990884072927416
GC_00002107	17	18	2	0	0.977562385335996	0.877004772722602	0.924557381325817	0.0379746835443038	1.0	0.850790105071564
GC_00002108	18	18	1	0	0.955717303756519	1.0	0.977357312246293	0.863636363636364	1.0	0.949445434739552
GC_00002109	18	18	1	0	0.977308530249707	1.0	0.988524062176869	0.915384615384615	1.0	0.973956762192056
GC_00002110	18	18	1	0	0.989664082687339	1.0	0.994805194805195	0.934883720930233	1.0	0.986502507979936
GC_00002111	18	18	1	0	0.888262155383965	0.787898591534304	0.835075636303965	0.486294416243655	1.0	0.790710328124482
GC_00002112	17	18	2	0	0.756919042736089	0.692030197609706	0.723021649252801	0.262013729977117	1.0	0.697304856343758
GC_00002113	18	18	1	0	0.974724760266587	0.977233982788291	0.975977758737802	0.92688679245283	1.0	0.960460599334073
GC_00002114	17	17	1	0	1.0	0.970938375350141	0.985254929827678	0.714285714285714	1.0	0.966386554621849
GC_00002115	17	17	1	0	0.999714448886351	1.0	0.999857204055405	0.997572815533981	1.0	0.999714448886351
GC_00002116	17	17	1	0	0.989925768822906	0.948615916955016	0.968830691440616	0.3	1.0	0.913970588235294
GC_00002117	17	17	1	0	0.997549019607843	1.0	0.998773006134969	0.992063492063492	1.0	0.997549019607843
GC_00002118	17	17	1	0	0.993886115331742	1.0	0.996933684115032	0.966789667896679	1.0	0.993054048187541
GC_00002119	17	17	1	0	0.973095380072124	0.973583006847999	0.973339132386832	0.785915492957746	1.0	0.946520298260149
GC_00002120	16	17	2	0	0.998436699819412	0.922849821746881	0.959156398705934	0.62	1.0	0.909705882352941
GC_00002121	14	17	3	0	0.992753623188406	0.989247311827958	0.990997366041593	0.956989247311828	1.0	0.98798228969007
GC_00002122	17	17	1	0	0.991727941176471	1.0	0.995846792801108	0.984375	1.0	0.991727941176471
GC_00002123	17	17	1	0	0.995133053221289	1.0	0.997560590372229	0.978571428571429	1.0	0.99359243697479
GC_00002124	17	17	1	0	0.99334276121485	0.905076961979736	0.947157930925844	0.859154929577465	1.0	0.941642502071251
GC_00002125	17	17	1	0	0.942078033220524	0.984489889705882	0.962817129863567	0.875	1.0	0.927274816176471
GC_00002126	16	17	2	0	0.947709320695103	0.862891083088416	0.903313531222828	0.564853556485356	1.0	0.884968003937977
GC_00002127	15	17	2	0	0.983270349896416	0.782162695835553	0.871262027715449	0.00473484848484848	1.0	0.685362355169341
GC_00002128	8	17	5	0	0.92121737455456	0.743827467967648	0.823073072464213	0.0635593220338983	1.0	0.578327517447657
GC_00002129	16	16	1	0	1.0	1.0	1.0	1.0	1.0	1.0
GC_00002130	16	16	1	0	1.0	1.0	1.0	1.0	1.0	1.0
GC_00002131	16	16	1	0	0.996951219512195	1.0	0.998473282442748	0.975609756097561	1.0	0.996951219512195
GC_00002132	16	16	1	0	0.997894736842105	0.951330698914494	0.974056545773126	0.466292134831461	1.0	0.932022471910112
GC_00002133	15	16	2	0	0.971813448041657	0.898905615500638	0.93393880747603	0.294117647058824	1.0	0.852107843137255
GC_00002134	15	16	2	0	0.953103448275862	0.982845016429355	0.967745775631689	0.518072289156627	1.0	0.937600401606426
GC_00002135	16	16	1	0	0.990730011587486	0.907041728763041	0.947040619628743	0.409836065573771	1.0	0.91905737704918
GC_00002136	16	16	1	0	0.97971343452972	0.890326675693974	0.932883739261861	0.23696682464455	1.0	0.816350710900474
GC_00002137	16	16	1	0	0.992408175810665	0.993284493284493	0.992846141181222	0.923076923076923	1.0	0.982234432234432
GC_00002138	16	16	1	0	0.967718435550699	0.984005376344086	0.975793949498127	0.887096774193548	1.0	0.956586021505376
GC_00002139	15	16	2	0	0.974095607235142	1.0	0.98687784286135	0.86046511627907	1.0	0.939728682170543
GC_00002140	14	16	2	0	0.905522622994742	0.887231529209622	0.896283766009595	0.11340206185567	1.0	0.760395189003436
GC_00002141	16	16	1	0	0.977933654829753	0.869890004782401	0.920753132747829	0.0341463414634146	1.0	0.83520325203252
GC_00002142	15	16	2	0	0.945183152919445	0.814908608511929	0.87522469545351	0.10958904109589	1.0	0.816801577418016
GC_00002143	16	16	1	0	0.991928506375228	1.0	0.995947899937704	0.975409836065574	1.0	0.989583333333333
GC_00002144	16	16	1	0	0.99418560749075	0.985868647832268	0.99000966050934	0.886904761904762	1.0	0.979389880952381
GC_00002145	13	16	2	0	0.945579029733959	1.0	0.97202839389491	0.845070422535211	1.0	0.931338028169014
GC_00002146	8	16	3	0	0.926437044884092	0.84395766044866	0.883276072390188	0.0153846153846154	1.0	0.698931623931624
GC_00002147	15	16	2	0	0.98139093960821	0.862436238805281	0.918076401804157	0.15	1.0	0.786157407407407
GC_00002148	9	16	3	0	0.897421756514546	0.704153454811933	0.789126387326801	0.247706422018349	1.0	0.735282874617737
GC_00002149	12	16	2	0	0.977407108781832	0.640310909986946	0.773737360888303	0.0489690721649485	1.0	0.545382302405498
GC_00002150	9	16	3	0	0.943270599302412	0.900349174576048	0.921310258781992	0.446808510638298	1.0	0.834558349451967
GC_00002151	15	15	1	0	0.920399508143241	0.98077819306017	0.949630080258988	0.565891472868217	1.0	0.89250645994832
GC_00002152	15	15	1	0	0.994307608100712	1.0	0.997145680096608	0.96551724137931	1.0	0.991461412151067
GC_00002153	15	15	1	0	0.991930207197383	1.0	0.995948757253914	0.942748091603053	1.0	0.991930207197383
GC_00002154	15	15	1	0	0.998979591836735	1.0	0.999489535477284	0.991071428571429	1.0	0.996938775510204
GC_00002155	15	15	1	0	0.971825396825397	1.0	0.985711410746629	0.90625	1.0	0.963095238095238
GC_00002156	14	15	2	0	0.988800771621477	0.9002055379967	0.94242557693625	0.0	1.0	0.853983739837399
GC_00002157	14	15	2	0	0.988802207716393	0.83167887037856	0.90345998432674	0.0065359477124183	1.0	0.780267662620604
GC_00002158	14	15	2	0	0.931543444867428	0.959636363636364	0.945381248236902	0.49	1.0	0.856952380952381
GC_00002159	15	15	1	0	0.996423548322283	1.0	0.998208570680944	0.984177215189873	1.0	0.994333936106088
GC_00002160	15	15	1	0	0.994067779214648	0.913977302203385	0.952341635847187	0.576368876080692	1.0	0.889117606696857
GC_00002161	15	15	1	0	0.943685300207039	1.0	0.971026842778014	0.893719806763285	1.0	0.943501265240396
GC_00002162	9	15	6	0	0.836326090860119	0.666602223005183	0.741880801873767	0.0357142857142857	1.0	0.471012849584278
GC_00002163	14	15	2	0	0.874116443452381	0.696861865346432	0.775489275571181	0.154121863799283	1.0	0.566547192353644
GC_00002164	14	15	2	0	0.982330863534275	0.910419274479446	0.945008994178353	0.10261569416499	1.0	0.838114400689853
GC_00002165	15	15	1	0	0.988075267558746	0.868769402773878	0.924589518776367	0.238255033557047	1.0	0.815755832534356
GC_00002166	12	15	2	0	0.851367446459471	0.994835680751174	0.917527113549581	0.598591549295775	1.0	0.793293091884641
GC_00002167	14	15	2	0	0.954370668455175	0.937870338096897	0.946048561884589	0.848684210526316	1.0	0.934273182957393
GC_00002168	8	15	3	0	0.900587649199862	0.859035321445651	0.879320870011807	0.0	1.0	0.670847851335656
GC_00002169	11	15	3	0	0.866991690121968	0.645189633175999	0.739824043450654	0.0932539682539683	1.0	0.542309145880575
GC_00002170	14	14	1	0	1.0	1.0	1.0	1.0	1.0	1.0
GC_00002171	14	14	1	0	1.0	1.0	1.0	1.0	1.0	1.0
GC_00002172	14	14	1	0	1.0	1.0	1.0	1.0	1.0	1.0
GC_00002173	14	14	1	0	1.0	1.0	1.0	1.0	1.0	1.0
GC_00002174	14	14	1	0	1.0	1.0	1.0	1.0	1.0	1.0
GC_00002175	14	14	1	0	0.990825688073395	1.0	0.995391705069124	0.935779816513762	1.0	0.990825688073394
GC_00002176	14	14	1	0	0.991794871794872	1.0	0.995880535530381	0.96	1.0	0.989450549450549
GC_00002177	14	14	1	0	0.998578535891969	1.0	0.999288762446657	0.970149253731343	1.0	0.995735607675906
GC_00002178	13	14	2	0	0.980743555509911	1.0	0.990278173852176	0.817757009345794	1.0	0.972938276676594
GC_00002179	14	14	1	0	0.957125550335372	0.950188742555156	0.953644532031804	0.610687022900763	1.0	0.898917876017113
GC_00002180	14	14	1	0	0.978599738852105	1.0	0.989184138293523	0.927444794952681	1.0	0.968592921274309
GC_00002181	14	14	1	0	0.999126952494828	1.0	0.99956328561121	0.996545768566494	1.0	0.999126952494828
GC_00002182	11	14	2	0	0.9008979413053	0.689553668717812	0.781183755170478	0.329317269076305	1.0	0.582042455536431
GC_00002183	14	14	1	0	0.877188413346066	0.890432241353358	0.883760712920332	0.424657534246575	1.0	0.771037181996086
GC_00002184	9	14	2	0	0.886647078028077	0.760582768906235	0.818791003458681	0.153061224489796	1.0	0.814158630485161
GC_00002185	14	14	1	0	0.995497185741088	1.0	0.997743512598721	0.990243902439024	1.0	0.995497185741088
GC_00002186	12	14	2	0	0.973807242666499	0.805902797729239	0.881934656208851	0.012108980827447	1.0	0.696421640922146
GC_00002187	14	14	1	0	0.957738704073515	0.830169892759172	0.889403226384758	0.607773851590106	1.0	0.821185881256553
GC_00002188	14	14	1	0	0.993546182386253	0.997778816927755	0.995658001346792	0.984042553191489	1.0	0.990618424129062
GC_00002189	13	14	2	0	0.918949405525618	0.873607329825939	0.895704911955184	0.0378510378510378	1.0	0.766184974976184
GC_00002190	14	14	1	0	0.934889665802037	0.95504928168148	0.944861954365816	0.826573426573427	1.0	0.899346807039115
GC_00002191	14	14	1	0	0.98813097620636	0.931065007789146	0.958749583398904	0.43448275862069	1.0	0.904206138688897
GC_00002192	8	14	6	0	1.0	0.644093631858339	0.783524270610199	0.088	1.0	0.490813186813187
GC_00002193	7	14	3	0	0.714204475593262	0.612319684648472	0.659349407085205	0.186199342825849	1.0	0.54670630574245
GC_00002194	13	13	1	0	1.0	1.0	1.0	1.0	1.0	1.0
GC_00002195	13	13	1	0	1.0	1.0	1.0	1.0	1.0	1.0
GC_00002196	13	13	1	0	1.0	1.0	1.0	1.0	1.0	1.0
GC_00002197	13	13	1	0	1.0	0.953670383962188	0.97628585844463	0.631372549019608	1.0	0.943288084464555
GC_00002198	13	13	1	0	1.0	0.933027602318939	0.965353625783347	0.362204724409449	1.0	0.901877649909146
GC_00002199	13	13	1	0	1.0	0.983606557377048	0.991735537190082	0.983606557377049	1.0	0.997477931904161
GC_00002200	13	13	1	0	1.0	0.890118516022129	0.941865294135564	0.44578313253012	1.0	0.856811862835959
GC_00002201	13	13	1	0	0.996055226824458	1.0	0.99802371541502	0.988165680473373	1.0	0.996055226824458
GC_00002202	13	13	1	0	0.993526897938663	0.996336996336996	0.994929962918449	0.978021978021978	1.0	0.989668451206913
GC_00002203	13	13	1	0	0.950625763125763	1.0	0.974688001251907	0.897321428571429	1.0	0.945970695970696
GC_00002204	13	13	1	0	0.993455262686032	1.0	0.996716887789521	0.982517482517482	1.0	0.992379415456338
GC_00002205	13	13	1	0	0.991358491358491	1.0	0.995660495747497	0.98034398034398	1.0	0.988565488565489
GC_00002206	12	13	2	0	0.928087370484458	0.884619589785639	0.90583231262141	0.0959409594095941	1.0	0.784937080140032
GC_00002207	13	13	1	0	0.993105413105413	1.0	0.996540781611824	0.983333333333333	1.0	0.991623931623931
GC_00002208	13	13	1	0	0.806576525106329	0.962878349720457	0.877824107827184	0.557142857142857	1.0	0.756227106227106
GC_00002209	13	13	1	0	0.741300777739906	0.836229919850419	0.785909131152107	0.230769230769231	1.0	0.603920118343195
GC_00002210	13	13	1	0	0.962908708471839	0.989400135337101	0.97597468709981	0.882608695652174	1.0	0.956354515050168
GC_00002211	8	13	3	0	0.970224284609435	0.93101493101493	0.95021529955979	0.261261261261261	1.0	0.864518364518365
GC_00002212	8	13	2	0	0.711745284560819	0.660848910674635	0.685353468071662	0.026865671641791	1.0	0.537543053960964
GC_00002213	10	13	2	0	0.94709133982627	0.715350291143123	0.815068695420954	0.183266932270916	1.0	0.602870569006027
GC_00002214	13	13	1	0	0.902837970082483	0.65150369297302	0.756850679159848	0.1438127090301	1.0	0.584812623274162
GC_00002215	8	13	3	0	0.878930916567017	0.99855455002514	0.93493183464031	0.700980392156863	1.0	0.845336852689794
GC_00002216	8	13	3	0	0.856349788952101	0.942924859591527	0.897554473034431	0.498316498316498	1.0	0.781101614434948
GC_00002217	12	12	1	0	0.966183574879227	0.749323812614951	0.844046916139442	0.215189873417722	1.0	0.869198312236287
GC_00002218	12	12	1	0	1.0	0.761332099907493	0.864495798319328	0.659574468085106	1.0	0.943262411347518
GC_00002219	12	12	1	0	1.0	0.963399593078736	0.98135865615421	0.772727272727273	1.0	0.959464777646596
GC_00002220	12	12	1	0	0.997686542847833	1.0	0.998841931853398	0.987096774193548	1.0	0.995210166177908
GC_00002221	12	12	1	0	0.998165858771125	0.72702426772194	0.841287915336369	0.116279069767442	1.0	0.629105003523608
GC_00002222	12	12	1	0	0.979693116583508	0.916165821817732	0.94686511860509	0.583732057416268	1.0	0.903726257793244
GC_00002223	11	12	2	0	0.983402933932969	0.875487252423092	0.926312634251403	0.00884955752212389	1.0	0.81844998659158
GC_00002224	12	12	1	0	0.986241727621038	1.0	0.99307321350285	0.948275862068966	1.0	0.982758620689655
GC_00002225	12	12	1	0	0.971275595108892	0.976610883781179	0.973935932729392	0.881118881118881	1.0	0.948929858020767
GC_00002226	12	12	1	0	0.979409479409479	1.0	0.989597644749755	0.942307692307692	1.0	0.972610722610723
GC_00002227	12	12	1	0	0.857576933023015	0.961212254093251	0.906442002941966	0.663934426229508	1.0	0.808246398410333
GC_00002228	7	12	2	0	0.825046594120123	0.900283404958955	0.861024566199766	0.549645390070922	1.0	0.745862884160757
GC_00002229	12	12	1	0	0.860885352396352	0.954765300059419	0.905398250137752	0.498666666666667	1.0	0.779434343434343
GC_00002230	10	12	3	0	0.983894445227027	0.795756970100741	0.879881145138314	0.189473684210526	1.0	0.680606060606061
GC_00002231	6	12	2	0	0.802304526748971	0.947714327286419	0.868968346362026	0.520547945205479	1.0	0.752386882523869
GC_00002232	11	12	2	0	0.976893311221669	0.835931428767053	0.900931903000825	0.0584070796460177	1.0	0.715526950925181
GC_00002233	6	12	3	0	0.822696629213483	0.630940190389502	0.714170638592554	0.297872340425532	1.0	0.54102192134107
GC_00002234	9	12	3	0	0.989782118707739	0.93955008168908	0.964012180271472	0.502283105022831	1.0	0.90687698906877
GC_00002235	12	12	1	0	0.833526570048309	0.841810966810967	0.837648285622976	0.578125	1.0	0.783143939393939
GC_00002236	8	12	3	0	0.808828913646111	0.893003007556802	0.84883429848271	0.345454545454545	1.0	0.724931129476584
GC_00002237	8	12	3	0	0.97888408605356	0.897341057635176	0.936340592211218	0.233333333333333	1.0	0.829166666666667
GC_00002238	11	11	1	0	1.0	1.0	1.0	1.0	1.0	1.0
GC_00002239	11	11	1	0	0.999846177511152	1.0	0.999923082839781	0.99746192893401	1.0	0.999538532533456
GC_00002240	11	11	1	0	1.0	0.993148692757652	0.996562570937511	0.993127147766323	1.0	0.998750390502968
GC_00002241	11	11	1	0	1.0	0.997019374068555	0.998507462686567	0.983606557377049	1.0	0.997019374068554
GC_00002242	11	11	1	0	0.997317436661699	1.0	0.998656916878078	0.991803278688525	1.0	0.997317436661699
GC_00002243	11	11	1	0	0.998251748251748	1.0	0.99912510936133	0.980769230769231	1.0	0.996503496503496
GC_00002244	11	11	1	0	0.99574753055416	1.0	0.997869234770062	0.980662983425414	1.0	0.995077850326469
GC_00002245	11	11	1	0	0.995006670478369	1.0	0.997497086302757	0.971698113207547	1.0	0.993481989708405
GC_00002246	11	11	1	0	0.998102766798419	1.0	0.999050482671309	0.995652173913044	1.0	0.998102766798419
GC_00002247	11	11	1	0	0.992460033404915	1.0	0.996215750143706	0.960629921259842	1.0	0.990551181102362
GC_00002248	11	11	1	0	0.996011932799498	1.0	0.998001982285292	0.981865284974093	1.0	0.995383890720678
GC_00002249	10	11	2	0	0.9979035639413	0.870081276099904	0.92961911438161	0.0	1.0	0.815094339622642
GC_00002250	11	11	1	0	0.945628343418399	0.925877149877149	0.935648523163605	0.76	1.0	0.916606060606061
GC_00002251	7	11	2	0	0.991629297458894	0.968497366087727	0.979926838999932	0.785714285714286	1.0	0.955844155844156
GC_00002252	11	11	1	0	0.89622816399287	0.986596881238875	0.939243838627583	0.698375870069606	1.0	0.841088377979329
GC_00002253	11	11	1	0	0.798591779924677	0.936147401949994	0.861915875085271	0.563025210084034	1.0	0.72559205500382
GC_00002254	11	11	1	0	0.889941616306463	0.875693473967274	0.882760056032457	0.103837471783296	1.0	0.707900677200903
GC_00002255	11	11	1	0	0.98851087562744	1.0	0.994222247153195	0.975460122699387	1.0	0.986503067484662
GC_00002256	11	11	1	0	0.809501277562222	0.99892862769813	0.894293992775681	0.606585788561525	1.0	0.763069166535371
GC_00002257	11	11	1	0	0.770573886249839	0.946911531421599	0.849690240388307	0.493333333333333	1.0	0.707515151515152
GC_00002258	11	11	1	0	0.93659281894576	1.0	0.967258382642998	0.865546218487395	1.0	0.922841864018334
GC_00002259	11	11	1	0	0.985908555519863	1.0	0.992904283311047	0.971731448763251	1.0	0.984709283649213
GC_00002260	11	11	1	0	0.857529137529138	1.0	0.923300873406285	0.646153846153846	1.0	0.81986013986014
GC_00002261	11	11	1	0	0.938951077943615	0.945319936541512	0.942124743833392	0.758064516129032	1.0	0.879472140762463
GC_00002262	11	11	1	0	0.894901581155211	0.946486334334668	0.919971408536758	0.708542713567839	1.0	0.840566468707172
GC_00002263	11	11	1	0	0.825526754585418	0.975494785250883	0.894266977235992	0.646341463414634	1.0	0.790243902439024
GC_00002264	11	11	1	0	0.988628622334015	0.937693376233275	0.962487591801076	0.842741935483871	1.0	0.92624633431085
GC_00002265	11	11	1	0	0.885649935649936	0.733118506124642	0.802197943840918	0.300613496932515	1.0	0.60345789180145
GC_00002266	10	11	2	0	0.891744352061812	0.848972855219914	0.869833130308824	0.0397111913357401	1.0	0.6918280275681
GC_00002267	10	10	1	0	1.0	1.0	1.0	1.0	1.0	1.0
GC_00002268	10	10	1	0	1.0	1.0	1.0	1.0	1.0	1.0
GC_00002269	10	10	1	0	1.0	1.0	1.0	1.0	1.0	1.0
GC_00002270	10	10	1	0	0.952751817237799	0.948260127570471	0.950500665947192	0.621621621621622	1.0	0.924324324324324
GC_00002271	10	10	1	0	0.995884773662551	0.987206049932664	0.991526421178347	0.913705583756345	1.0	0.982741116751269
GC_00002272	10	10	1	0	1.0	0.963695589082512	0.981512200200821	0.898678414096916	1.0	0.963974547234459
GC_00002273	10	10	1	0	0.959299959299959	0.997272841523186	0.977917914305732	0.71689497716895	1.0	0.942668696093354
GC_00002274	10	10	1	0	0.894431248350488	0.806839032527105	0.848380238216884	0.554545454545455	1.0	0.775757575757576
GC_00002275	10	10	1	0	0.816801452384882	0.969217669342787	0.886506074168438	0.62589928057554	1.0	0.76898481215028
GC_00002276	10	10	1	0	0.99224298044357	1.0	0.996106388812723	0.973451327433628	1.0	0.991150442477876
GC_00002277	8	10	2	0	0.998983739837398	0.680480424684803	0.809530675197422	0.00363636363636364	1.0	0.540606060606061
GC_00002278	10	10	1	0	0.994827745451187	0.97151881351277	0.983035128273171	0.830815709969788	1.0	0.961933534743202
GC_00002279	10	10	1	0	0.990188093853015	1.0	0.995069859890485	0.968586387434555	1.0	0.987783595113438
GC_00002280	10	10	1	0	0.997791164658634	1.0	0.998894361242336	0.993975903614458	1.0	0.997791164658634
GC_00002281	10	10	1	0	0.942901234567901	0.94724409448819	0.945067675379328	0.763779527559055	1.0	0.916360454943132
GC_00002282	5	10	2	0	0.950408035153798	1.0	0.974573543611201	0.864406779661017	1.0	0.919774011299435
GC_00002283	10	10	1	0	0.904281345565749	0.785775583377418	0.840873688549148	0.224299065420561	1.0	0.617860851505711
GC_00002284	9	10	2	0	0.91264367816092	1.0	0.954326923076923	0.758620689655172	1.0	0.875862068965517
GC_00002285	8	10	2	0	0.8471417778897	0.638878277187239	0.728416117592013	0.125290023201856	1.0	0.522505800464037
GC_00002286	10	10	1	0	0.981019522776573	0.937232793046746	0.958626411948989	0.772727272727273	1.0	0.914646464646465
GC_00002287	10	10	1	0	0.990385227634511	1.0	0.99516939121533	0.965616045845272	1.0	0.98872970391595
GC_00002288	10	10	1	0	0.96002616944717	0.99317738791423	0.976320445155142	0.894736842105263	1.0	0.938401559454191
GC_00002289	10	10	1	0	0.806689651001028	0.790702931486424	0.798616293626472	0.44311377245509	1.0	0.749168330006653
GC_00002290	10	10	1	0	0.977587844254511	0.982248136508845	0.979912449529252	0.881294964028777	1.0	0.968425259792166
GC_00002291	10	10	1	0	0.991277069419146	0.994578545196062	0.992925062963497	0.972826086956522	1.0	0.988345410628019
GC_00002292	10	10	1	0	0.985394265232975	0.942504896877522	0.963472507888228	0.901515151515151	1.0	0.970959595959596
GC_00002293	10	10	1	0	0.948130698425163	0.964057398178382	0.956027721206263	0.746691871455577	1.0	0.926906112161311
GC_00002294	10	10	1	0	0.991284271284271	1.0	0.995623061538016	0.976623376623377	1.0	0.988051948051948
GC_00002295	7	10	2	0	0.978169790518192	0.569185867895546	0.719628248538621	0.0607142857142857	1.0	0.489126984126984
GC_00002296	10	10	1	0	0.983675395140363	1.0	0.991770526115498	0.955414012738854	1.0	0.97791932059448
GC_00002297	9	10	2	0	0.776014760147602	0.76806358243823	0.772018699136412	0.181286549707602	1.0	0.567381416504224
GC_00002298	10	10	1	0	0.912673281260995	0.905653797033106	0.909149990110848	0.658119658119658	1.0	0.856980056980057
GC_00002299	10	10	1	0	0.987866719766361	1.0	0.993896331120698	0.978494623655914	1.0	0.98478693747511
GC_00002300	8	10	2	0	0.784669011935168	0.971191650011107	0.868023310652902	0.528421052631579	1.0	0.716678362573099
GC_00002301	10	10	1	0	0.970218783795025	0.814221222721973	0.88540127049868	0.741379310344828	1.0	0.923563218390805
GC_00002302	10	10	1	0	0.981481481481482	0.935438596491229	0.957907082375752	0.584795321637427	1.0	0.898375568551007
GC_00002303	10	10	1	0	0.963470319634703	0.90179852763023	0.931614889656273	0.836734693877551	1.0	0.894633408919123
GC_00002304	9	10	2	0	0.965049089344363	0.742422996095317	0.839222664194366	0.0419075144508671	1.0	0.654463712267181
GC_00002305	8	10	2	0	0.978260869565217	0.575950516399955	0.725036321426848	0.0112359550561798	1.0	0.548064918851436
GC_00002306	4	10	3	0	0.810982795192081	0.55008775429669	0.655530611176662	0.0176991150442478	1.0	0.408997050147493
GC_00002307	6	10	3	0	0.952018273047255	0.649362669411559	0.77209002645596	0.0726127320954907	0.999668435013263	0.568759210138521
GC_00002308	9	9	1	0	1.0	1.0	1.0	1.0	1.0	1.0
GC_00002309	9	9	1	0	1.0	1.0	1.0	1.0	1.0	1.0
GC_00002310	9	9	1	0	1.0	0.92779251399941	0.962543953523926	0.923076923076923	1.0	0.982905982905983
GC_00002311	9	9	1	0	0.993993993993994	1.0	0.996987951807229	0.972972972972973	1.0	0.993993993993994
GC_00002312	9	9	1	0	0.971827009936766	0.988243884629428	0.979966696255922	0.813253012048193	1.0	0.957329317269076
GC_00002313	9	9	1	0	0.981481481481482	0.826900584795322	0.897584228617968	0.697368421052632	1.0	0.932748538011696
GC_00002314	9	9	1	0	0.997942386831276	1.0	0.998970133882595	0.990740740740741	1.0	0.997942386831276
GC_00002315	9	9	1	0	0.988256549232159	1.0	0.99409359382099	0.975609756097561	1.0	0.988256549232159
GC_00002316	8	9	2	0	0.999542124542125	0.80226403915067	0.890103184565562	0.166666666666667	1.0	0.722923681257015
GC_00002317	9	9	1	0	0.97894469812278	0.961461988304094	0.970124585202361	0.907894736842105	1.0	0.965643274853801
GC_00002318	9	9	1	0	0.989827856025039	1.0	0.994887927644514	0.971830985915493	1.0	0.989827856025039
GC_00002319	9	9	1	0	0.99723715651135	1.0	0.998616667289789	0.983870967741935	1.0	0.995295698924731
GC_00002320	9	9	1	0	0.982212475633528	1.0	0.991026429010449	0.950657894736842	1.0	0.975877192982456
GC_00002321	9	9	1	0	0.99245104977589	1.0	0.996211224248165	0.974522292993631	1.0	0.991507430997877
GC_00002322	8	9	2	0	0.887666823150694	0.984019530219057	0.933363101926974	0.619952494061758	1.0	0.847255212457113
GC_00002323	9	9	1	0	0.890449125153237	0.74878835978836	0.813497673184588	0.484126984126984	1.0	0.76873897707231
GC_00002324	8	9	2	0	0.717905405405405	0.682039182039182	0.699512851973637	0.168918918918919	1.0	0.700638138138138
GC_00002325	9	9	1	0	0.851050877867487	0.973612501390281	0.908215491613595	0.666666666666667	1.0	0.812102506546951
GC_00002326	8	9	2	0	0.933714607162948	0.997568275346052	0.964585849922602	0.797979797979798	1.0	0.9056303778526
GC_00002327	9	9	1	0	0.983587266195962	0.84642199421205	0.909864133856401	0.741758241758242	1.0	0.857600732600733
GC_00002328	9	9	1	0	0.95346628679962	1.0	0.976178901312591	0.888888888888889	1.0	0.941120607787274
GC_00002329	9	9	1	0	0.931593515223408	0.864564793626577	0.896828471370841	0.260869565217391	1.0	0.745410628019324
GC_00002330	9	9	1	0	0.984615384615385	1.0	0.992248062015504	0.969230769230769	1.0	0.984615384615385
GC_00002331	9	9	1	0	0.817487922705314	0.959680134680135	0.882895589419278	0.39	1.0	0.766944444444444
GC_00002332	9	9	1	0	0.992027902341804	1.0	0.9959979989995	0.982062780269058	1.0	0.992027902341803
GC_00002333	8	9	2	0	0.999671969821224	0.860811573304911	0.925059729025817	0.0	1.0	0.773211567732116
GC_00002334	8	9	2	0	0.803116147308782	0.819935020417897	0.811438441049149	0.0330188679245283	1.0	0.554507337526206
GC_00002335	9	9	1	0	0.92451065054692	0.982870735963657	0.9527978724503	0.561068702290076	1.0	0.887404580152672
GC_00002336	7	9	2	0	0.992524916943522	0.71130350418496	0.828706039479284	0.0300429184549356	1.0	0.600381497377205
GC_00002337	9	9	1	0	0.985549444624178	0.939692545896925	0.962074867768206	0.894545454545455	1.0	0.945454545454546
GC_00002338	8	9	2	0	0.989787611929253	0.833132642110509	0.904728955013172	0.0246406570841889	1.0	0.763518138261465
GC_00002339	9	9	1	0	0.916488603988604	0.947250280583614	0.931615576051206	0.545454545454545	1.0	0.886363636363636
GC_00002340	9	9	1	0	0.950836623425456	0.985134003350083	0.967681509638522	0.865	1.0	0.934444444444444
GC_00002341	7	9	3	0	0.988887710491274	0.74164966293938	0.847607510165267	0.0467494521548576	1.0	0.597901956010064
GC_00002342	9	9	1	0	0.851395730706076	0.875534188034188	0.863296259669044	0.507692307692308	1.0	0.764529914529915
GC_00002343	9	9	1	0	0.924508790072389	0.854501585739282	0.888127734259366	0.65625	1.0	0.793402777777778
GC_00002344	9	9	1	0	0.988814317673378	1.0	0.99437570303712	0.979865771812081	1.0	0.988814317673378
GC_00002345	9	9	1	0	0.900069522434355	0.909836526537229	0.9049266710822	0.681960375391032	1.0	0.866266944734098
GC_00002346	8	9	2	0	0.881595507793591	0.962260798944217	0.920163674983946	0.633165829145729	1.0	0.852317141261865
GC_00002347	9	9	1	0	0.970859184057154	1.0	0.985214156252981	0.944162436548223	1.0	0.96897913141568
GC_00002348	9	9	1	0	0.991102902119851	1.0	0.995531573043926	0.970013037809648	1.0	0.988084890627263
GC_00002349	9	9	1	0	0.985693848354793	0.68455786409716	0.807979384727471	0.439024390243902	1.0	0.799457994579946
GC_00002350	9	9	1	0	0.988783736417806	0.834919256606004	0.905360780030571	0.630630630630631	1.0	0.811478144811478
GC_00002351	9	9	1	0	0.988177166049056	0.999470899470902	0.993791947498806	0.966666666666667	1.0	0.985714285714286
GC_00002352	9	9	1	0	0.989022477783586	0.980419487587948	0.984702192733687	0.889400921658986	1.0	0.966205837173579
GC_00002353	9	9	1	0	0.965574548907882	1.0	0.98248580746467	0.909270216962525	1.0	0.958196362042516
GC_00002354	9	9	1	0	0.981794622610949	0.995943081308934	0.988818243913402	0.947735191637631	1.0	0.971544715447154
GC_00002355	7	9	2	0	0.883455736195677	0.828400813459049	0.855042965682112	0.064891846921797	1.0	0.649103346274727
GC_00002356	4	9	3	0	0.839749328558639	0.58519980179463	0.689738503869057	0.0172413793103448	1.0	0.441930076628352
GC_00002357	7	9	3	0	0.788881348263771	0.812550322061191	0.80054092282279	0.514423076923077	1.0	0.672676282051282
GC_00002358	7	8	2	0	0.997428610096089	0.805456614623412	0.891221981966738	0.015406162464986	1.0	0.747048819527811
GC_00002359	8	8	1	0	1.0	1.0	1.0	1.0	1.0	1.0
GC_00002360	8	8	1	0	1.0	1.0	1.0	1.0	1.0	1.0
GC_00002361	8	8	1	0	1.0	1.0	1.0	1.0	1.0	1.0
GC_00002362	8	8	1	0	0.999716553287982	1.0	0.999858256555634	0.996598639455782	1.0	0.999149659863946
GC_00002363	8	8	1	0	0.99942627653471	1.0	0.999713055954089	0.995983935742972	1.0	0.998278829604131
GC_00002364	8	8	1	0	0.999384046812442	0.885685107376283	0.939105671369556	0.492647058823529	1.0	0.854516806722689
GC_00002365	8	8	1	0	0.988084326306141	0.821652661064426	0.897215586277071	0.431372549019608	1.0	0.783613445378151
GC_00002366	8	8	1	0	0.992624223602484	1.0	0.996298460939022	0.967391304347826	1.0	0.989906832298137
GC_00002367	8	8	1	0	0.990401785714286	1.0	0.995177750364472	0.96875	1.0	0.987276785714286
GC_00002368	8	8	1	0	0.978835978835979	1.0	0.989304812834225	0.931623931623932	1.0	0.97008547008547
GC_00002369	8	8	1	0	0.926750953241019	0.934134881846126	0.930428267960934	0.596412556053812	1.0	0.889974375400384
GC_00002370	7	8	2	0	0.996127342103764	0.777945340927066	0.873619927945442	0.106312292358804	1.0	0.69921689606075
GC_00002371	7	8	2	0	0.900539582829991	0.809824542353828	0.852776370597023	0.089622641509434	1.0	0.619272237196765
GC_00002372	8	8	1	0	0.944131161236424	1.0	0.971262824300371	0.894736842105263	1.0	0.931390977443609
GC_00002373	8	8	1	0	0.892339544513458	1.0	0.943107221006565	0.751552795031056	1.0	0.873558118899734
GC_00002374	8	8	1	0	0.898581444643731	0.966099205266295	0.931117958004483	0.682819383259912	1.0	0.854468219005664
GC_00002375	7	8	2	0	0.779334644378892	0.833745538951192	0.805622423256877	0.0128205128205128	1.0	0.558058608058608
GC_00002376	4	8	2	0	0.900474541490317	0.98754734001918	0.942003105909745	0.74468085106383	1.0	0.854103343465046
GC_00002377	7	8	2	0	0.959287531806616	0.895163794441856	0.926117018848858	0.43859649122807	1.0	0.818609022556391
GC_00002378	8	8	1	0	0.841970946211229	0.812329390354869	0.826884611354187	0.490445859872611	1.0	0.704731574158326
GC_00002379	7	8	2	0	0.912536001212672	0.740919856006062	0.817821703152246	0.0153256704980843	1.0	0.563492063492063
GC_00002380	7	8	2	0	0.967942732648615	1.0	0.983710264115135	0.928104575163399	1.0	0.955648926237162
GC_00002381	8	8	1	0	0.97086072922893	0.947161835748791	0.95886487191934	0.893280632411067	1.0	0.952710333145116
GC_00002382	7	8	2	0	0.867892261650278	0.906122687504175	0.886595537388741	0.612903225806452	1.0	0.807219662058372
GC_00002383	8	8	1	0	0.888212189417009	0.96765813155927	0.926234702850682	0.505376344086022	1.0	0.855478750640041
GC_00002384	7	8	2	0	0.978485370051635	1.0	0.989125706829056	0.963855421686747	1.0	0.978485370051635
GC_00002385	8	8	1	0	0.923779096303058	0.694734692122463	0.793050254682838	0.372549019607843	1.0	0.667366946778711
GC_00002386	6	8	3	0	0.703333333333333	0.643782336528233	0.672241570373915	0.0837004405286344	1.0	0.459565764631844
GC_00002387	8	8	1	0	0.934179595674659	0.986591885558051	0.959670650831427	0.844155844155844	1.0	0.909554730983302
GC_00002388	6	8	2	0	0.969163181683775	0.663769401450536	0.787908664029915	0.0185528756957328	1.0	0.543069175722237
GC_00002389	8	8	1	0	0.966707768187423	0.682479855910512	0.800101296783617	0.24	1.0	0.572337662337662
GC_00002390	8	8	1	0	0.9935987509758	1.0	0.996789098598167	0.973770491803279	1.0	0.988056206088993
GC_00002391	7	8	2	0	0.966389969234341	0.81328701275224	0.88325288149201	0.048661800486618	1.0	0.718630517900591
GC_00002392	8	8	1	0	0.993606701940035	1.0	0.996793099635077	0.977777777777778	1.0	0.989814814814815
GC_00002393	8	8	1	0	0.941246202859895	0.892821365690347	0.916394504432026	0.703296703296703	1.0	0.838893249607535
GC_00002394	8	8	1	0	0.988053467000835	1.0	0.993990839181409	0.968421052631579	1.0	0.984711779448622
GC_00002395	8	8	1	0	0.947606706341588	0.994859499111802	0.970658362631265	0.852941176470588	1.0	0.930720015278839
GC_00002396	6	8	2	0	0.998888888888889	0.680184192755853	0.80928988734206	0.0306748466257669	1.0	0.566462167689161
GC_00002397	8	8	1	0	0.834205396532266	0.955893713469472	0.890913458179114	0.51440329218107	1.0	0.778659611992945
GC_00002398	8	8	1	0	0.826416600159617	0.671075815418269	0.740689152156129	0.116057233704293	1.0	0.578980240744947
GC_00002399	8	8	1	0	0.736008186886866	0.86436104477666	0.795037536082125	0.506297229219144	1.0	0.65985966174883
GC_00002400	7	8	2	0	0.700727101821902	0.628446661984427	0.662621577544411	0.28863868986694	0.730808597748209	0.471962275186431
GC_00002401	6	7	2	0	0.991345076876082	0.792109599344724	0.88059871902173	0.082089552238806	1.0	0.692608386638237
GC_00002402	7	7	1	0	1.0	1.0	1.0	1.0	1.0	1.0
GC_00002403	7	7	1	0	1.0	1.0	1.0	1.0	1.0	1.0
GC_00002404	7	7	1	0	1.0	1.0	1.0	1.0	1.0	1.0
GC_00002405	7	7	1	0	1.0	1.0	1.0	1.0	1.0	1.0
GC_00002406	7	7	1	0	1.0	1.0	1.0	1.0	1.0	1.0
GC_00002407	7	7	1	0	1.0	1.0	1.0	1.0	1.0	1.0
GC_00002408	7	7	1	0	1.0	1.0	1.0	1.0	1.0	1.0
GC_00002409	7	7	1	0	1.0	1.0	1.0	1.0	1.0	1.0
GC_00002410	7	7	1	0	0.997750281214848	1.0	0.998873873873874	0.992125984251969	1.0	0.997750281214848
GC_00002411	7	7	1	0	0.996687370600414	1.0	0.998340937370386	0.982608695652174	1.0	0.995031055900621
GC_00002412	7	7	1	0	0.990783410138249	1.0	0.99537037037037	0.967741935483871	1.0	0.990783410138249
GC_00002413	7	7	1	0	1.0	0.872572815533981	0.931950745301361	0.855769230769231	1.0	0.958791208791209
GC_00002414	7	7	1	0	0.998964803312629	1.0	0.999482133609529	0.989130434782609	1.0	0.996894409937888
GC_00002415	7	7	1	0	0.952777777777778	1.0	0.975817923186344	0.8	1.0	0.932936507936508
GC_00002416	7	7	1	0	0.933272201453058	0.997189588429222	0.964172745958531	0.818316100443131	1.0	0.91376521066329
GC_00002417	7	7	1	0	0.991057455846188	1.0	0.995508645856726	0.971830985915493	1.0	0.986586183769282
GC_00002418	7	7	1	0	0.989417989417989	1.0	0.99468085106383	0.962962962962963	1.0	0.989417989417989
GC_00002419	7	7	1	0	0.994526546250684	1.0	0.997255762897914	0.984326018808777	1.0	0.992536199432751
GC_00002420	7	7	1	0	0.968819599109131	0.98701923076923	0.977834738587658	0.861538461538462	1.0	0.953113553113553
GC_00002421	7	7	1	0	0.976364268335071	1.0	0.98804080196975	0.941605839416058	1.0	0.968022245394508
GC_00002422	7	7	1	0	0.993087557603687	1.0	0.996531791907514	0.975806451612903	1.0	0.986943164362519
GC_00002423	7	7	1	0	0.995703544575725	1.0	0.997847147470398	0.992481203007519	1.0	0.995703544575725
GC_00002424	7	7	1	0	0.992553399960807	1.0	0.996262785208497	0.975308641975309	1.0	0.990593768371546
GC_00002425	7	7	1	0	0.990672557682867	1.0	0.995314426633785	0.969072164948454	1.0	0.989690721649485
GC_00002426	7	7	1	0	0.95960572981438	0.982029962982346	0.970688356032318	0.874643874643875	1.0	0.942070275403609
GC_00002427	7	7	1	0	0.998409640028137	1.0	0.999204187199657	0.992292870905588	1.0	0.997430956968529
GC_00002428	7	7	1	0	0.993621467062576	1.0	0.99680052956752	0.979214780600462	1.0	0.992301770592763
GC_00002429	7	7	1	0	0.994397759103641	1.0	0.997191011235955	0.982352941176471	1.0	0.99327731092437
GC_00002430	7	7	1	0	0.994252873563218	1.0	0.997118155619596	0.982758620689655	1.0	0.993431855500821
GC_00002431	7	7	1	0	0.985890652557319	1.0	0.992895204262877	0.962962962962963	1.0	0.985890652557319
GC_00002432	6	7	2	0	0.996587926509186	0.788703643247664	0.880542474707907	0.00710900473933649	1.0	0.712593094109682
GC_00002433	6	7	2	0	0.990092359361881	0.793431970771872	0.880919781874528	0.0122850122850123	1.0	0.691938691938692
GC_00002434	7	7	1	0	0.995833333333333	1.0	0.997912317327766	0.99375	1.0	0.995833333333333
GC_00002435	7	7	1	0	0.98679268144917	1.0	0.993352442519973	0.961832061068702	1.0	0.984369320247183
GC_00002436	7	7	1	0	0.942857142857143	1.0	0.970588235294118	0.864	1.0	0.933714285714286
GC_00002437	7	7	1	0	0.728709055876686	0.846288708533608	0.783109995112314	0.277027027027027	1.0	0.602316602316602
GC_00002438	7	7	1	0	0.974023529411765	0.997935917668356	0.985834740256306	0.925049309664694	1.0	0.968441814595661
GC_00002439	7	7	1	0	0.994952735360794	0.994903695284218	0.994928214718209	0.981233243967828	1.0	0.990552789480403
GC_00002440	7	7	1	0	0.991661180601273	1.0	0.995813133539004	0.976958525345622	1.0	0.991661180601273
GC_00002441	7	7	1	0	0.917307997626867	0.98840443233917	0.951530017244755	0.818938605619147	1.0	0.896239036717705
GC_00002442	7	7	1	0	0.986893840104849	1.0	0.993403693931398	0.974770642201835	1.0	0.986893840104849
GC_00002443	7	7	1	0	0.962962962962963	1.0	0.981132075471698	0.841269841269841	1.0	0.953892668178382
GC_00002444	7	7	1	0	0.998500187476565	1.0	0.999249530956848	0.992125984251969	1.0	0.995500562429697
GC_00002445	7	7	1	0	0.990968801313629	1.0	0.995463917525773	0.982758620689655	1.0	0.990968801313629
GC_00002446	6	7	2	0	0.965970610982212	0.9489010989011	0.957359774585676	0.861538461538462	1.0	0.923809523809524
GC_00002447	7	7	1	0	0.996285979572888	0.982990189886745	0.989593427489431	0.931034482758621	1.0	0.978835978835979
GC_00002448	7	7	1	0	0.994828700711054	1.0	0.997407647440052	0.990950226244344	1.0	0.994828700711054
GC_00002449	7	7	1	0	0.995535714285714	1.0	0.997762863534676	0.984375	1.0	0.994047619047619
GC_00002450	7	7	1	0	0.994200244200244	1.0	0.997091688351446	0.975961538461538	1.0	0.988095238095238
GC_00002451	7	7	1	0	0.94521249359959	0.969175170068027	0.957043859632663	0.875	1.0	0.924107142857143
GC_00002452	6	7	2	0	0.901934795014819	0.770680388821082	0.831157656860635	0.122005988023952	1.0	0.593848018249216
GC_00002453	7	7	1	0	0.991222673393216	1.0	0.995591991431161	0.976744186046512	1.0	0.987449243263197
GC_00002454	7	7	1	0	0.994778067885117	1.0	0.99738219895288	0.986945169712794	1.0	0.994778067885118
GC_00002455	7	7	1	0	0.969230769230769	0.875763323464101	0.920129514805536	0.274611398963731	1.0	0.788798420922773
GC_00002456	6	7	2	0	0.854713313896987	0.667401776261365	0.749532262806411	0.15807560137457	1.0	0.48437244313533
GC_00002457	7	7	1	0	0.951058201058201	1.0	0.974915254237288	0.902777777777778	1.0	0.94047619047619
GC_00002458	6	7	2	0	0.997168737216496	0.687848453005235	0.814117478753191	0.257749912922327	1.0	0.69370221094359
GC_00002459	6	7	2	0	0.990279372368925	0.824915434327946	0.900065090038719	0.0171232876712329	1.0	0.703033268101761
GC_00002460	7	7	1	0	0.985027580772262	0.784919956006354	0.873661833810068	0.589285714285714	1.0	0.763605442176871
GC_00002461	7	7	1	0	0.983903420523139	1.0	0.991886409736308	0.964788732394366	1.0	0.979879275653924
GC_00002462	7	7	1	0	0.992180312787489	0.929337557475556	0.959731306932921	0.898658718330849	1.0	0.942374565325385
GC_00002463	7	7	1	0	0.990125024246592	0.994649754489381	0.99238223180956	0.969060773480663	1.0	0.984846093133386
GC_00002464	5	7	2	0	0.970403709765412	0.62238679044717	0.758375254345519	0.109223300970874	0.980582524271845	0.430767452612113
GC_00002465	6	7	2	0	0.946159638554217	0.952348403476222	0.949243933933571	0.81203007518797	1.0	0.895094880057286
GC_00002466	7	7	1	0	0.886053350136526	0.860159168724354	0.872914270017993	0.0936708860759494	1.0	0.654731766124171
GC_00002467	7	7	1	0	0.960935272312518	0.868334379784762	0.912291014875939	0.613636363636364	1.0	0.804473304473304
GC_00002468	7	7	1	0	0.962094290452499	1.0	0.980680994928761	0.91044776119403	1.0	0.951670220326937
GC_00002469	7	7	1	0	0.962226240707253	1.0	0.980749539217694	0.911392405063291	1.0	0.954189270644967
GC_00002470	7	7	1	0	0.962873284907183	1.0	0.981085526315789	0.872881355932203	1.0	0.95318805488297
GC_00002471	5	7	2	0	0.817975937721161	0.865280083325197	0.840963321918668	0.503759398496241	1.0	0.679914070891514
GC_00002472	7	7	1	0	0.967857536663359	0.999669312169315	0.983506251544352	0.938657407407407	1.0	0.959380511463845
GC_00002473	6	7	2	0	0.714256347003803	0.775559413057042	0.743646628133284	0.091304347826087	1.0	0.458385093167702
GC_00002474	7	7	1	0	0.951976791579755	0.991132855300322	0.971160301872882	0.896706586826347	1.0	0.930068434559453
GC_00002475	5	7	2	0	0.900839240609468	0.633627551967373	0.743967305783114	0.0207715133531157	1.0	0.468079694785926
GC_00002476	5	7	2	0	0.723089735581928	0.733662956708107	0.728337975526046	0.310924369747899	0.966386554621849	0.601440576230492
GC_00002477	6	6	1	0	1.0	1.0	1.0	1.0	1.0	1.0
GC_00002478	6	6	1	0	1.0	1.0	1.0	1.0	1.0	1.0
GC_00002479	6	6	1	0	1.0	1.0	1.0	1.0	1.0	1.0
GC_00002480	6	6	1	0	1.0	1.0	1.0	1.0	1.0	1.0
GC_00002481	6	6	1	0	1.0	1.0	1.0	1.0	1.0	1.0
GC_00002482	6	6	1	0	1.0	1.0	1.0	1.0	1.0	1.0
GC_00002483	6	6	1	0	1.0	1.0	1.0	1.0	1.0	1.0
GC_00002484	6	6	1	0	1.0	1.0	1.0	1.0	1.0	1.0
GC_00002485	6	6	1	0	1.0	1.0	1.0	1.0	1.0	1.0
GC_00002486	6	6	1	0	1.0	1.0	1.0	1.0	1.0	1.0
GC_00002487	6	6	1	0	1.0	1.0	1.0	1.0	1.0	1.0
GC_00002488	6	6	1	0	1.0	1.0	1.0	1.0	1.0	1.0
GC_00002489	6	6	1	0	1.0	1.0	1.0	1.0	1.0	1.0
GC_00002490	6	6	1	0	1.0	1.0	1.0	1.0	1.0	1.0
GC_00002491	6	6	1	0	0.998873873873874	1.0	0.99943661971831	0.996621621621622	1.0	0.998873873873874
GC_00002492	6	6	1	0	0.99953509995351	1.0	0.999767495931179	0.99581589958159	1.0	0.99860529986053
GC_00002493	6	6	1	0	0.997635933806147	1.0	0.998816568047337	0.99290780141844	1.0	0.997635933806147
GC_00002494	6	6	1	0	0.994623655913978	0.984126984126984	0.989347479190926	0.968253968253968	1.0	0.989417989417989
GC_00002495	6	6	1	0	0.998628257887517	1.0	0.999313658201785	0.987654320987654	1.0	0.995884773662551
GC_00002496	6	6	1	0	1.0	0.858842508570276	0.924061618572358	0.396551724137931	1.0	0.798850574712644
GC_00002497	6	6	1	0	0.997222222222222	1.0	0.998609179415855	0.989285714285714	1.0	0.996428571428571
GC_00002498	6	6	1	0	0.998938428874735	1.0	0.999468932554434	0.996815286624204	1.0	0.998938428874734
GC_00002499	6	6	1	0	0.999597423510467	0.941727199354319	0.969799765621034	0.803389830508475	1.0	0.934463276836158
GC_00002500	6	6	1	0	0.982505910165485	1.0	0.991175769139041	0.893617021276596	1.0	0.947517730496454
GC_00002501	6	6	1	0	0.995843807608514	1.0	0.997917576327545	0.987933634992459	1.0	0.995173453996983
GC_00002502	6	6	1	0	0.987288523090992	1.0	0.993603607749298	0.962962962962963	1.0	0.985459533607682
GC_00002503	6	6	1	0	0.984049743173831	1.0	0.991960757596403	0.953771289537713	1.0	0.976804541768045
GC_00002504	6	6	1	0	0.889675516224189	1.0	0.941617233843272	0.725663716814159	1.0	0.853097345132743
GC_00002505	6	6	1	0	0.989672088820036	0.691136337575966	0.813892091598884	0.450292397660819	1.0	0.707602339181287
GC_00002506	6	6	1	0	0.983793738489871	1.0	0.991830672112885	0.958563535911602	1.0	0.98158379373849
GC_00002507	6	6	1	0	0.993825944170772	0.865486947791163	0.925227148990952	0.420673076923077	1.0	0.80625
GC_00002508	6	6	1	0	0.98974358974359	0.944160272804775	0.966414717707525	0.884057971014493	1.0	0.961352657004831
GC_00002509	6	6	1	0	0.988085676037483	1.0	0.994007137566494	0.969879518072289	1.0	0.986746987951807
GC_00002510	6	6	1	0	0.998148148148148	1.0	0.999073215940686	0.989583333333333	1.0	0.994444444444445
GC_00002511	6	6	1	0	0.987672343876723	1.0	0.993797943528644	0.970802919708029	1.0	0.984428223844282
GC_00002512	6	6	1	0	0.973096583266075	0.995190423529867	0.984019502737519	0.879518072289157	1.0	0.959839357429719
GC_00002513	6	6	1	0	0.998288159771755	1.0	0.999143346659052	0.994293865905849	1.0	0.997337137422729
GC_00002514	6	6	1	0	0.988405797101449	1.0	0.994169096209913	0.978260869565217	1.0	0.988405797101449
GC_00002515	6	6	1	0	0.986509803921569	1.0	0.993209096651927	0.96	1.0	0.983372549019608
GC_00002516	6	6	1	0	0.99039039039039	1.0	0.995171997585999	0.981981981981982	1.0	0.99039039039039
GC_00002517	6	6	1	0	0.993088782562467	1.0	0.996532408642305	0.976076555023923	1.0	0.992025518341308
GC_00002518	6	6	1	0	0.978172588832487	1.0	0.988965871182961	0.941624365482233	1.0	0.973096446700508
GC_00002519	6	6	1	0	0.985016835016835	1.0	0.992451870070393	0.946969696969697	1.0	0.98030303030303
GC_00002520	6	6	1	0	0.991377314814815	1.0	0.995669989247624	0.981770833333333	1.0	0.990451388888889
GC_00002521	6	6	1	0	0.997557997557998	1.0	0.998777506112469	0.992673992673993	1.0	0.997557997557998
GC_00002522	6	6	1	0	0.992962962962963	1.0	0.996469057795949	0.983333333333333	1.0	0.99
GC_00002523	6	6	1	0	0.987888888888889	1.0	0.993907551282768	0.965	1.0	0.985666666666667
GC_00002524	6	6	1	0	0.977666666666667	1.0	0.9887072307433	0.94	1.0	0.973666666666667
GC_00002525	6	6	1	0	0.997178819444444	1.0	0.998587417146583	0.986328125	1.0	0.995442708333333
GC_00002526	6	6	1	0	0.998656591099916	1.0	0.999327844059822	0.997481108312343	1.0	0.998656591099916
GC_00002527	6	6	1	0	0.992781832927818	1.0	0.996377843799601	0.974452554744526	1.0	0.990510948905109
GC_00002528	6	6	1	0	0.842399820908887	0.902265902265903	0.871305745719456	0.567567567567568	1.0	0.783783783783784
GC_00002529	6	6	1	0	0.987096774193548	1.0	0.993506493506493	0.967741935483871	1.0	0.984086021505376
GC_00002530	6	6	1	0	0.870096697682905	0.959656821553434	0.912684930034737	0.68503937007874	1.0	0.832020997375328
GC_00002531	6	6	1	0	0.987714543812105	1.0	0.993819305580804	0.967479674796748	1.0	0.984823848238482
GC_00002532	6	6	1	0	0.996949891067538	1.0	0.998472616190268	0.988235294117647	1.0	0.996078431372549
GC_00002533	6	6	1	0	0.990476190476191	1.0	0.995215311004785	0.975155279503106	1.0	0.990476190476191
GC_00002534	6	6	1	0	0.980260047281324	1.0	0.990031636124873	0.960106382978723	1.0	0.976950354609929
GC_00002535	6	6	1	0	0.998389095415118	1.0	0.999193898431202	0.996282527881041	1.0	0.998389095415118
GC_00002536	6	6	1	0	0.84519132838644	0.91379621708963	0.878155892101505	0.446428571428571	1.0	0.791666666666667
GC_00002537	6	6	1	0	0.993832599118943	1.0	0.99690676093681	0.986784140969163	1.0	0.992070484581498
GC_00002538	5	6	2	0	0.858997584541063	0.922215189873418	0.88948454885043	0.5875	1.0	0.7775
GC_00002539	3	6	2	0	0.989189189189189	1.0	0.994565217391304	0.945945945945946	1.0	0.967567567567567
GC_00002540	6	6	1	0	0.994192592592593	1.0	0.997087840247236	0.984	1.0	0.9936
GC_00002541	6	6	1	0	0.973529411764706	0.689054001554003	0.806954203239598	0.319444444444444	1.0	0.591666666666667
GC_00002542	6	6	1	0	0.974279835390947	1.0	0.986972381448671	0.953703703703704	1.0	0.968518518518519
GC_00002543	6	6	1	0	0.800738007380074	0.880010576414595	0.838504845074079	0.532258064516129	1.0	0.717204301075269
GC_00002544	6	6	1	0	0.991515151515151	1.0	0.995739500912964	0.981818181818182	1.0	0.989090909090909
GC_00002545	6	6	1	0	0.980215658696671	1.0	0.990008996638098	0.940928270042194	1.0	0.976652601969058
GC_00002546	6	6	1	0	0.99748743718593	0.986879736634544	0.99215523446809	0.971074380165289	1.0	0.985399449035813
GC_00002547	6	6	1	0	0.777120913546562	0.931422674332893	0.84730415391267	0.380252100840336	1.0	0.630252100840336
GC_00002548	6	6	1	0	0.983333333333333	1.0	0.991596638655462	0.972222222222222	1.0	0.983333333333333
GC_00002549	6	6	1	0	0.994754098360656	0.978217575304955	0.986416536143287	0.923076923076923	1.0	0.972435897435897
GC_00002550	6	6	1	0	0.995959595959596	1.0	0.997975708502024	0.991341991341991	1.0	0.995959595959596
GC_00002551	6	6	1	0	0.968505195843325	1.0	0.984000649719808	0.920863309352518	1.0	0.961151079136691
GC_00002552	4	6	2	0	0.914205344585091	0.962783368141256	0.937865736607332	0.778260869565217	1.0	0.863478260869565
GC_00002553	6	6	1	0	0.980083857442348	0.900014242985329	0.938344047916927	0.857142857142857	1.0	0.943977591036415
GC_00002554	6	6	1	0	0.995585484474373	1.0	0.997787859472836	0.983164983164983	1.0	0.993490460157127
GC_00002555	4	6	2	0	0.818300653594771	0.98076923076923	0.892198918495955	0.634615384615385	1.0	0.764102564102564
GC_00002556	6	6	1	0	0.978803418803419	1.0	0.989288182446441	0.938461538461538	1.0	0.973333333333333
GC_00002557	6	6	1	0	0.786142140197507	0.973927727119215	0.870017312395038	0.574468085106383	1.0	0.73096926713948
GC_00002558	6	6	1	0	0.9325	0.987770789657582	0.95933997050483	0.814814814814815	1.0	0.908641975308642
GC_00002559	6	6	1	0	0.845845845845846	0.919721545422902	0.881238124784179	0.670588235294118	1.0	0.79921568627451
GC_00002560	4	6	2	0	0.989079563182527	0.568827979172805	0.722271526223749	0.122605363984674	1.0	0.452873563218391
GC_00002561	6	6	1	0	0.983247863247863	0.775905118601747	0.86735725411	0.677777777777778	1.0	0.834814814814815
GC_00002562	6	6	1	0	0.989567031820553	1.0	0.994756161510226	0.981220657276995	1.0	0.986854460093897
GC_00002563	6	6	1	0	0.965204678362573	1.0	0.982294301443238	0.940789473684211	1.0	0.960526315789474
GC_00002564	6	6	1	0	0.961538461538462	0.976526857983812	0.968974701955035	0.841059602649007	1.0	0.930242825607064
GC_00002565	4	6	2	0	0.814413111593155	0.86065239551478	0.836894548251395	0.568807339449541	1.0	0.710091743119266
GC_00002566	6	6	1	0	0.985204375359816	0.806088074726249	0.886691057183336	0.666666666666667	1.0	0.807804232804233
GC_00002567	6	6	1	0	0.992737992522289	0.996989247311827	0.994859078297754	0.970967741935484	1.0	0.988172043010753
GC_00002568	6	6	1	0	0.976296296296296	0.992444305966662	0.984304076506454	0.931297709923664	1.0	0.962849872773537
GC_00002569	6	6	1	0	0.992341300436906	0.974732068411526	0.983457865540936	0.900900900900901	1.0	0.964264264264264
GC_00002570	6	6	1	0	0.942021884697044	0.995621682867199	0.968080435266849	0.870731707317073	0.997560975609756	0.922439024390244
GC_00002571	5	5	1	0	1.0	1.0	1.0	1.0	1.0	1.0
GC_00002572	5	5	1	0	1.0	1.0	1.0	1.0	1.0	1.0
GC_00002573	5	5	1	0	1.0	1.0	1.0	1.0	1.0	1.0
GC_00002574	5	5	1	0	1.0	1.0	1.0	1.0	1.0	1.0
GC_00002575	5	5	1	0	1.0	1.0	1.0	1.0	1.0	1.0
GC_00002576	5	5	1	0	1.0	1.0	1.0	1.0	1.0	1.0
GC_00002577	5	5	1	0	1.0	1.0	1.0	1.0	1.0	1.0
GC_00002578	5	5	1	0	1.0	1.0	1.0	1.0	1.0	1.0
GC_00002579	5	5	1	0	1.0	1.0	1.0	1.0	1.0	1.0
GC_00002580	5	5	1	0	1.0	1.0	1.0	1.0	1.0	1.0
GC_00002581	5	5	1	0	1.0	1.0	1.0	1.0	1.0	1.0
GC_00002582	5	5	1	0	1.0	1.0	1.0	1.0	1.0	1.0
GC_00002583	5	5	1	0	1.0	1.0	1.0	1.0	1.0	1.0
GC_00002584	5	5	1	0	1.0	1.0	1.0	1.0	1.0	1.0
GC_00002585	5	5	1	0	1.0	1.0	1.0	1.0	1.0	1.0
GC_00002586	5	5	1	0	1.0	1.0	1.0	1.0	1.0	1.0
GC_00002587	5	5	1	0	0.999382716049383	0.969288571082292	0.98410562609994	0.964125560538117	1.0	0.985650224215247
GC_00002588	5	5	1	0	0.986721144024515	0.998979591836731	0.992812530017776	0.959183673469388	1.0	0.983673469387755
GC_00002589	5	5	1	0	0.957062146892655	1.0	0.978060046189376	0.847457627118644	1.0	0.938983050847458
GC_00002590	5	5	1	0	0.996544276457883	1.0	0.998269147555171	0.991360691144708	1.0	0.996544276457883
GC_00002591	5	5	1	0	0.932263814616756	0.990728476821194	0.96060739625755	0.76158940397351	1.0	0.904635761589404
GC_00002592	5	5	1	0	0.999484203739523	1.0	0.999742035341158	0.996131528046422	1.0	0.998452611218569
GC_00002593	5	5	1	0	0.999148936170213	1.0	0.999574286930609	0.997872340425532	1.0	0.999148936170213
GC_00002594	5	5	1	0	0.890528905289053	0.881663657825303	0.886074107721719	0.373684210526316	1.0	0.749473684210526
GC_00002595	5	5	1	0	0.99924670433145	1.0	0.999623210248681	0.994350282485876	1.0	0.99774011299435
GC_00002596	5	5	1	0	0.989041095890411	1.0	0.994490358126722	0.972602739726027	1.0	0.989041095890411
GC_00002597	5	5	1	0	0.998971722365039	1.0	0.999485596707819	0.997429305912596	1.0	0.998971722365039
GC_00002598	5	5	1	0	0.9904	0.969573643410852	0.979876172990777	0.945736434108527	1.0	0.978294573643411
GC_00002599	5	5	1	0	0.990804597701149	1.0	0.995381062355658	0.977011494252874	1.0	0.990804597701149
GC_00002600	5	5	1	0	0.945017182130584	1.0	0.971731448763251	0.835051546391753	1.0	0.934020618556701
GC_00002601	5	5	1	0	0.997142857142857	1.0	0.998569384835479	0.992857142857143	1.0	0.997142857142857
GC_00002602	5	5	1	0	0.994871794871795	1.0	0.997429305912596	0.987179487179487	1.0	0.994871794871795
GC_00002603	5	5	1	0	1.0	0.874808441994893	0.933224346978139	0.61271676300578	1.0	0.845086705202312
GC_00002604	5	5	1	0	1.0	0.972972972972973	0.986301369863014	0.972972972972973	1.0	0.989189189189189
GC_00002605	5	5	1	0	0.99344262295082	1.0	0.996710526315789	0.983606557377049	1.0	0.99344262295082
GC_00002606	5	5	1	0	0.791986015866613	0.908947621721345	0.846445492816936	0.510948905109489	1.0	0.702554744525547
GC_00002607	5	5	1	0	0.932692307692308	1.0	0.965174129353234	0.836538461538462	1.0	0.909615384615385
GC_00002608	5	5	1	0	0.984815618221258	0.845793650793651	0.910025761578486	0.715555555555556	1.0	0.829333333333333
GC_00002609	5	5	1	0	0.791044776119403	0.83771186440678	0.813709768229278	0.3	1.0	0.59
GC_00002610	5	5	1	0	0.993103448275862	1.0	0.996539792387543	0.988505747126437	1.0	0.993103448275862
GC_00002611	5	5	1	0	0.99173463839043	1.0	0.995850169269412	0.982055464926591	1.0	0.990864600326264
GC_00002612	4	5	2	0	0.860305810397553	0.738238970430454	0.794611803610851	0.0925925925925926	1.0	0.558564814814815
GC_00002613	5	5	1	0	0.802847628889654	0.95927917295041	0.874119851808901	0.590759075907591	1.0	0.753465346534653
GC_00002614	5	5	1	0	0.927763272410792	0.994805194805195	0.960115323518449	0.805194805194805	1.0	0.909090909090909
GC_00002615	5	5	1	0	0.896882494004796	0.985896656534955	0.939285366412274	0.765957446808511	1.0	0.868085106382979
GC_00002616	5	5	1	0	0.927380952380952	0.909441384736428	0.918323563981816	0.701612903225806	1.0	0.880645161290322
GC_00002617	5	5	1	0	0.950806451612903	1.0	0.974782968168665	0.870967741935484	1.0	0.936290322580645
GC_00002618	5	5	1	0	0.990476190476191	1.0	0.995215311004785	0.984126984126984	1.0	0.990476190476191
GC_00002619	5	5	1	0	0.850003104240392	0.997956774867947	0.918057113820872	0.62639405204461	1.0	0.81003717472119
GC_00002620	4	5	2	0	0.995614035087719	0.675938695450891	0.805208282999177	0.254355400696864	1.0	0.515679442508711
GC_00002621	5	5	1	0	0.879071661237785	0.708704405278282	0.784747889847616	0.181623931623932	1.0	0.508333333333333
GC_00002622	5	5	1	0	0.994495412844037	1.0	0.997240110395584	0.990825688073395	1.0	0.994495412844037
GC_00002623	5	5	1	0	0.985365853658537	1.0	0.992628992628993	0.951219512195122	1.0	0.975609756097561
GC_00002624	5	5	1	0	0.9985935302391	0.687859890922927	0.814599950603218	0.325688073394495	1.0	0.728899082568807
GC_00002625	5	5	1	0	0.946277205040092	0.980097773689679	0.962890602497995	0.813131313131313	1.0	0.924915824915825
GC_00002626	5	5	1	0	0.980050505050505	1.0	0.9899247544956	0.946969696969697	1.0	0.964393939393939
GC_00002627	5	5	1	0	0.844451856793418	0.992728432817757	0.912606534181789	0.5	1.0	0.799006622516556
GC_00002628	5	5	1	0	0.983958673191952	0.996747967479674	0.990312030514034	0.967479674796748	1.0	0.973170731707317
GC_00002629	5	5	1	0	0.975539568345324	1.0	0.98761835396941	0.956834532374101	1.0	0.975539568345324
GC_00002630	5	5	1	0	0.94277539341917	0.935275167785235	0.939010304065968	0.813333333333333	1.0	0.882666666666667
GC_00002631	5	5	1	0	0.889420520999468	0.995238095238095	0.939358648360756	0.645502645502645	1.0	0.857142857142857
GC_00002632	5	5	1	0	0.991549295774648	0.835240334378265	0.906707539483927	0.784090909090909	1.0	0.911363636363636
GC_00002633	4	5	2	0	0.902067183462532	0.96358433396925	0.931811539347722	0.82089552238806	1.0	0.873880597014925
GC_00002634	5	5	1	0	0.895019157088123	1.0	0.944601698342095	0.816091954022989	1.0	0.882758620689655
GC_00002635	5	5	1	0	0.804846103470858	0.83548685258964	0.819880299695816	0.541832669322709	1.0	0.668525896414343
GC_00002636	5	5	1	0	0.906587166382737	0.986646810622985	0.944924237708791	0.819327731092437	1.0	0.878151260504202
GC_00002637	5	5	1	0	0.92246835443038	0.972596153846154	0.946869269774597	0.8	1.0	0.866153846153846
GC_00002638	5	5	1	0	0.974634146341463	0.93912278496921	0.95654899414151	0.876712328767123	1.0	0.945205479452055
GC_00002639	4	5	2	0	0.98761500353857	0.630732860520093	0.769823657952273	0.157446808510638	1.0	0.511063829787234
GC_00002640	4	5	2	0	0.973267092500591	0.630542635658916	0.765285790365749	0.176079734219269	0.980066445182724	0.498671096345515
GC_00002641	4	5	2	0	0.97911787665886	0.726374807987709	0.834018892086655	0.025	0.996428571428571	0.596785714285714
GC_00002642	4	5	2	0	0.769864341085271	0.778681626928471	0.774247881578126	0.365591397849462	0.989247311827957	0.59247311827957
GC_00002643	5	5	1	0	0.829354553492485	0.9619957537155	0.890764420084755	0.503184713375796	0.968152866242038	0.765605095541401
GC_00002644	5	5	1	0	0.876356295735554	0.933278393766856	0.903922101843042	0.711267605633803	0.985915492957746	0.792957746478873
GC_00002645	5	5	1	0	0.840690978886756	0.715686274509804	0.773168578993822	0.329411764705882	0.988235294117647	0.681176470588235
GC_00002646	5	5	1	0	0.674229691876751	0.953032258064517	0.789747029636667	0.504	0.984	0.5992
GC_00002647	5	5	1	0	0.986610878661088	0.805664308176099	0.887003487894302	0.4625	0.9875	0.7475
GC_00002648	5	5	1	0	0.928472222222222	1.0	0.962909614692114	0.809895833333333	0.986979166666667	0.9125
GC_00002649	5	5	1	0	0.727425003806913	0.784201942323377	0.754747197832504	0.127659574468085	0.9209726443769	0.465045592705167
GC_00002650	3	4	2	0	0.921325051759834	0.657035723176501	0.767053364827908	0.0865384615384615	1.0	0.485576923076923
GC_00002651	4	4	1	0	1.0	1.0	1.0	1.0	1.0	1.0
GC_00002652	4	4	1	0	1.0	1.0	1.0	1.0	1.0	1.0
GC_00002653	4	4	1	0	1.0	1.0	1.0	1.0	1.0	1.0
GC_00002654	4	4	1	0	1.0	1.0	1.0	1.0	1.0	1.0
GC_00002655	4	4	1	0	1.0	1.0	1.0	1.0	1.0	1.0
GC_00002656	4	4	1	0	1.0	1.0	1.0	1.0	1.0	1.0
GC_00002657	4	4	1	0	1.0	1.0	1.0	1.0	1.0	1.0
GC_00002658	4	4	1	0	1.0	1.0	1.0	1.0	1.0	1.0
GC_00002659	4	4	1	0	1.0	1.0	1.0	1.0	1.0	1.0
GC_00002660	4	4	1	0	1.0	1.0	1.0	1.0	1.0	1.0
GC_00002661	4	4	1	0	1.0	1.0	1.0	1.0	1.0	1.0
GC_00002662	4	4	1	0	1.0	1.0	1.0	1.0	1.0	1.0
GC_00002663	4	4	1	0	1.0	1.0	1.0	1.0	1.0	1.0
GC_00002664	4	4	1	0	1.0	1.0	1.0	1.0	1.0	1.0
GC_00002665	4	4	1	0	1.0	1.0	1.0	1.0	1.0	1.0
GC_00002666	4	4	1	0	1.0	1.0	1.0	1.0	1.0	1.0
GC_00002667	4	4	1	0	1.0	1.0	1.0	1.0	1.0	1.0
GC_00002668	4	4	1	0	1.0	1.0	1.0	1.0	1.0	1.0
GC_00002669	4	4	1	0	1.0	1.0	1.0	1.0	1.0	1.0
GC_00002670	4	4	1	0	1.0	1.0	1.0	1.0	1.0	1.0
GC_00002671	4	4	1	0	1.0	1.0	1.0	1.0	1.0	1.0
GC_00002672	4	4	1	0	1.0	1.0	1.0	1.0	1.0	1.0
GC_00002673	4	4	1	0	1.0	1.0	1.0	1.0	1.0	1.0
GC_00002674	4	4	1	0	1.0	1.0	1.0	1.0	1.0	1.0
GC_00002675	4	4	1	0	1.0	1.0	1.0	1.0	1.0	1.0
GC_00002676	4	4	1	0	1.0	1.0	1.0	1.0	1.0	1.0
GC_00002677	4	4	1	0	1.0	1.0	1.0	1.0	1.0	1.0
GC_00002678	4	4	1	0	1.0	1.0	1.0	1.0	1.0	1.0
GC_00002679	4	4	1	0	1.0	1.0	1.0	1.0	1.0	1.0
GC_00002680	4	4	1	0	1.0	1.0	1.0	1.0	1.0	1.0
GC_00002681	4	4	1	0	1.0	1.0	1.0	1.0	1.0	1.0
GC_00002682	4	4	1	0	1.0	1.0	1.0	1.0	1.0	1.0
GC_00002683	4	4	1	0	1.0	1.0	1.0	1.0	1.0	1.0
GC_00002684	4	4	1	0	1.0	1.0	1.0	1.0	1.0	1.0
GC_00002685	4	4	1	0	1.0	1.0	1.0	1.0	1.0	1.0
GC_00002686	4	4	1	0	1.0	1.0	1.0	1.0	1.0	1.0
GC_00002687	4	4	1	0	1.0	1.0	1.0	1.0	1.0	1.0
GC_00002688	4	4	1	0	1.0	1.0	1.0	1.0	1.0	1.0
GC_00002689	4	4	1	0	1.0	1.0	1.0	1.0	1.0	1.0
GC_00002690	4	4	1	0	1.0	1.0	1.0	1.0	1.0	1.0
GC_00002691	4	4	1	0	1.0	1.0	1.0	1.0	1.0	1.0
GC_00002692	4	4	1	0	1.0	1.0	1.0	1.0	1.0	1.0
GC_00002693	4	4	1	0	1.0	1.0	1.0	1.0	1.0	1.0
GC_00002694	4	4	1	0	1.0	1.0	1.0	1.0	1.0	1.0
GC_00002695	4	4	1	0	1.0	1.0	1.0	1.0	1.0	1.0
GC_00002696	4	4	1	0	1.0	1.0	1.0	1.0	1.0	1.0
GC_00002697	4	4	1	0	1.0	1.0	1.0	1.0	1.0	1.0
GC_00002698	4	4	1	0	1.0	1.0	1.0	1.0	1.0	1.0
GC_00002699	4	4	1	0	1.0	1.0	1.0	1.0	1.0	1.0
GC_00002700	4	4	1	0	1.0	1.0	1.0	1.0	1.0	1.0
GC_00002701	4	4	1	0	1.0	1.0	1.0	1.0	1.0	1.0
GC_00002702	4	4	1	0	1.0	1.0	1.0	1.0	1.0	1.0
GC_00002703	4	4	1	0	1.0	1.0	1.0	1.0	1.0	1.0
GC_00002704	4	4	1	0	0.998917748917749	1.0	0.999458581483487	0.997835497835498	1.0	0.998917748917749
GC_00002705	4	4	1	0	0.999334221038615	1.0	0.999666999667	0.99866844207723	1.0	0.999334221038615
GC_00002706	4	4	1	0	0.945255474452555	0.985689709102283	0.965049242801582	0.863309352517986	1.0	0.931654676258993
GC_00002707	4	4	1	0	0.998927038626609	1.0	0.999463231347289	0.997854077253219	1.0	0.998927038626609
GC_00002708	4	4	1	0	0.992481203007519	1.0	0.99622641509434	0.984962406015038	1.0	0.992481203007519
GC_00002709	4	4	1	0	0.843096234309623	0.942298714636953	0.889941464631068	0.535433070866142	1.0	0.767716535433071
GC_00002710	4	4	1	0	0.972727272727273	1.0	0.986175115207373	0.945454545454545	1.0	0.972727272727273
GC_00002711	4	4	1	0	0.991304347826087	1.0	0.995633187772926	0.982608695652174	1.0	0.991304347826087
GC_00002712	4	4	1	0	1.0	0.998367350213411	0.999183008175942	0.996732026143791	1.0	0.998366013071895
GC_00002713	4	4	1	0	1.0	0.9666068866571	0.983019934706086	0.965853658536585	1.0	0.982926829268293
GC_00002714	4	4	1	0	0.844181459566075	0.688991138377641	0.758731985692691	0.325153374233129	1.0	0.662576687116564
GC_00002715	4	4	1	0	0.979885057471264	1.0	0.989840348330914	0.948275862068966	1.0	0.974137931034483
GC_00002716	4	4	1	0	0.998538011695906	1.0	0.999268471104609	0.995614035087719	1.0	0.99780701754386
GC_00002717	4	4	1	0	0.798969072164949	1.0	0.888252148997135	0.474226804123711	1.0	0.737113402061856
GC_00002718	4	4	1	0	1.0	0.84090909090909	0.91358024691358	0.606060606060606	1.0	0.803030303030303
GC_00002719	4	4	1	0	0.94017094017094	0.871428571428571	0.904495517961852	0.725274725274725	1.0	0.862637362637363
GC_00002720	4	4	1	0	0.993710691823899	1.0	0.996845425867508	0.987421383647799	1.0	0.993710691823899
GC_00002721	4	4	1	0	0.998531571218796	0.839151932873838	0.911930369030037	0.591549295774648	1.0	0.795774647887324
GC_00002722	4	4	1	0	0.996124031007752	1.0	0.998058252427184	0.976744186046512	1.0	0.988372093023256
GC_00002723	4	4	1	0	0.998084291187739	1.0	0.999041227229147	0.988505747126437	1.0	0.994252873563218
GC_00002724	4	4	1	0	0.998305084745763	1.0	0.999151823579305	0.996610169491525	1.0	0.998305084745763
GC_00002725	4	4	1	0	0.998924731182796	0.941888396156689	0.969568475894216	0.933333333333333	1.0	0.966666666666667
GC_00002726	4	4	1	0	1.0	0.947611995557202	0.973101416215189	0.945945945945946	1.0	0.972972972972973
GC_00002727	4	4	1	0	0.993464052287582	1.0	0.99672131147541	0.980392156862745	1.0	0.990196078431373
GC_00002728	4	4	1	0	0.888446215139442	0.917354279064848	0.902668860478153	0.557971014492754	1.0	0.778985507246377
GC_00002729	4	4	1	0	1.0	0.768064599674414	0.868819611925777	0.270386266094421	1.0	0.63519313304721
GC_00002730	4	4	1	0	1.0	0.88011049723757	0.936232735821335	0.867403314917127	1.0	0.933701657458564
GC_00002731	4	4	1	0	0.995833333333333	1.0	0.997912317327766	0.991666666666667	1.0	0.995833333333333
GC_00002732	4	4	1	0	0.994444444444444	1.0	0.997214484679666	0.977777777777778	1.0	0.988888888888889
GC_00002733	4	4	1	0	0.869415807560137	0.823587570621469	0.845881422371914	0.466666666666667	1.0	0.733333333333333
GC_00002734	4	4	1	0	0.998027613412229	1.0	0.999012833168806	0.988165680473373	1.0	0.994082840236686
GC_00002735	3	4	2	0	0.942857142857143	0.990566037735849	0.96612296110414	0.867924528301887	1.0	0.933962264150944
GC_00002736	4	4	1	0	0.996106618748128	0.986787461599727	0.991425141200398	0.973404255319149	1.0	0.983156028368794
GC_00002737	4	4	1	0	0.992899850523169	0.991155654540957	0.992026985865098	0.98	1.0	0.988518518518518
GC_00002738	4	4	1	0	0.923371647509579	0.967207207207206	0.944781234777795	0.84	1.0	0.893333333333333
GC_00002739	4	4	1	0	0.935275080906149	0.925796332046331	0.930511568047343	0.741071428571429	1.0	0.848214285714286
GC_00002740	4	4	1	0	0.991676575505351	0.870236670158113	0.92699627434474	0.719512195121951	1.0	0.851626016260163
GC_00002741	4	4	1	0	0.876543209876543	1.0	0.934210526315789	0.703703703703704	1.0	0.845679012345679
GC_00002742	4	4	1	0	0.858585858585859	0.695901639344262	0.768730925534351	0.377049180327869	1.0	0.677595628415301
GC_00002743	4	4	1	0	0.99802110817942	0.929242530345474	0.962404562992391	0.908424908424908	1.0	0.940781440781441
GC_00002744	2	4	2	0	0.757575757575758	0.98062015503876	0.854787485640922	0.604651162790698	1.0	0.736434108527132
GC_00002745	3	4	2	0	0.9227761485826	0.759737557565332	0.833357487361887	0.163568773234201	1.0	0.580545229244114
GC_00002746	4	4	1	0	0.990825688073395	0.904098360655737	0.945477346053566	0.770491803278688	1.0	0.885245901639344
GC_00002747	4	4	1	0	0.985215053763441	1.0	0.992552471225457	0.967741935483871	1.0	0.98252688172043
GC_00002748	4	4	1	0	0.987878787878788	1.0	0.99390243902439	0.981818181818182	1.0	0.987878787878788
GC_00002749	4	4	1	0	0.995633187772926	0.963466742629255	0.979285894906073	0.915966386554622	1.0	0.957983193277311
GC_00002750	4	4	1	0	1.0	0.956636859075885	0.977837920857427	0.954703832752613	1.0	0.976771196283391
GC_00002751	4	4	1	0	0.99023199023199	1.0	0.995092024539877	0.978021978021978	1.0	0.985347985347985
GC_00002752	4	4	1	0	0.987394957983193	1.0	0.993657505285412	0.966386554621849	1.0	0.981792717086835
GC_00002753	4	4	1	0	0.980496453900709	1.0	0.990152193375112	0.957446808510638	1.0	0.976950354609929
GC_00002754	4	4	1	0	0.905319367426576	0.906437702140767	0.905878189629083	0.596026490066225	1.0	0.77924944812362
GC_00002755	4	4	1	0	0.940359477124183	1.0	0.969263157894737	0.838235294117647	1.0	0.889705882352941
GC_00002756	4	4	1	0	0.992492492492492	0.727055383556931	0.839286907747329	0.631578947368421	1.0	0.815789473684211
GC_00002757	4	4	1	0	0.996415770609319	0.946299078006836	0.970710987987482	0.934010152284264	1.0	0.967005076142132
GC_00002758	4	4	1	0	1.0	0.727053731830801	0.841958438733776	0.554140127388535	1.0	0.70276008492569
GC_00002759	3	4	2	0	0.840856481481482	0.846522251694666	0.843679854511301	0.333333333333333	0.991452991452991	0.656695156695157
GC_00002760	4	4	1	0	0.783749200255918	0.942787631455034	0.855943572813115	0.451263537906137	0.996389891696751	0.6985559566787
GC_00002761	4	4	1	0	0.997131147540984	0.991911611423802	0.994514531073238	0.984146341463415	0.998780487804878	0.990243902439024
GC_00002762	4	4	1	0	0.968406105786297	1.0	0.98394950405771	0.958466453674121	0.996805111821086	0.968051118210863
GC_00002763	4	4	1	0	0.901180857675575	0.740207205634129	0.812800555020414	0.35421686746988	0.821686746987952	0.620883534136546
GC_00002764	4	4	1	0	0.984930274403959	1.0	0.992407932011331	0.97165991902834	0.991902834008097	0.981781376518219
GC_00002765	4	4	1	0	0.945195195195195	1.0	0.971825549980702	0.878378378378378	0.972972972972973	0.934684684684685
GC_00002766	4	4	1	0	0.910271546635183	0.721413014608234	0.804912611380923	0.131474103585657	0.97609561752988	0.50597609561753
GC_00002767	3	4	2	0	0.972954349698536	0.638848691759045	0.77127365746138	0.0	0.937308868501529	0.481396534148828
GC_00002768	3	4	2	0	0.901433691756272	0.660190335951134	0.76217809311237	0.322916666666667	0.963541666666667	0.530381944444444
GC_00002769	3	4	2	0	0.850893407270487	0.59457233130219	0.700006459302238	0.18957345971564	0.914691943127962	0.442338072669826
GC_00002770	3	4	2	0	0.630493273542601	0.707620232905229	0.666834009102485	0.024390243902439	0.89159891598916	0.300361336946703
GC_00002771	4	4	1	0	0.999054909743881	0.990787653712803	0.99490410762534	0.988202247191011	0.998876404494382	0.993820224719101
GC_00002772	4	4	1	0	0.993301812450749	1.0	0.996639652105159	0.985815602836879	0.99645390070922	0.991725768321513
GC_00002773	4	4	1	0	0.92116092700888	0.990392385741224	0.954522965241711	0.849420849420849	0.942084942084942	0.893178893178893
GC_00002774	4	4	1	0	0.976274787535411	0.733684507867428	0.837771622940945	0.0495689655172414	0.991379310344828	0.501077586206897
GC_00002775	4	4	1	0	0.972451790633609	0.668523361227336	0.792341966870942	0.4875	0.983333333333333	0.738194444444444
GC_00002776	4	4	1	0	0.993099787685775	0.981470415360502	0.987250855513432	0.96875	0.990625	0.9796875
GC_00002777	4	4	1	0	0.975076580339738	1.0	0.987381036305957	0.942355889724311	0.987468671679198	0.964494569757728
GC_00002778	3	3	1	0	0.840958605664488	0.711626995788031	0.770906087975095	0.457831325301205	0.987951807228916	0.634538152610442
GC_00002779	3	3	1	0	1.0	1.0	1.0	1.0	1.0	1.0
GC_00002780	3	3	1	0	1.0	1.0	1.0	1.0	1.0	1.0
GC_00002781	3	3	1	0	1.0	1.0	1.0	1.0	1.0	1.0
GC_00002782	3	3	1	0	1.0	1.0	1.0	1.0	1.0	1.0
GC_00002783	3	3	1	0	1.0	1.0	1.0	1.0	1.0	1.0
GC_00002784	3	3	1	0	1.0	1.0	1.0	1.0	1.0	1.0
GC_00002785	3	3	1	0	1.0	1.0	1.0	1.0	1.0	1.0
GC_00002786	3	3	1	0	1.0	1.0	1.0	1.0	1.0	1.0
GC_00002787	3	3	1	0	1.0	1.0	1.0	1.0	1.0	1.0
GC_00002788	3	3	1	0	1.0	1.0	1.0	1.0	1.0	1.0
GC_00002789	3	3	1	0	1.0	1.0	1.0	1.0	1.0	1.0
GC_00002790	3	3	1	0	1.0	1.0	1.0	1.0	1.0	1.0
GC_00002791	3	3	1	0	1.0	1.0	1.0	1.0	1.0	1.0
GC_00002792	3	3	1	0	1.0	1.0	1.0	1.0	1.0	1.0
GC_00002793	3	3	1	0	1.0	1.0	1.0	1.0	1.0	1.0
GC_00002794	3	3	1	0	1.0	1.0	1.0	1.0	1.0	1.0
GC_00002795	3	3	1	0	1.0	1.0	1.0	1.0	1.0	1.0
GC_00002796	3	3	1	0	1.0	1.0	1.0	1.0	1.0	1.0
GC_00002797	3	3	1	0	1.0	1.0	1.0	1.0	1.0	1.0
GC_00002798	3	3	1	0	1.0	1.0	1.0	1.0	1.0	1.0
GC_00002799	3	3	1	0	1.0	1.0	1.0	1.0	1.0	1.0
GC_00002800	3	3	1	0	1.0	1.0	1.0	1.0	1.0	1.0
GC_00002801	3	3	1	0	1.0	1.0	1.0	1.0	1.0	1.0
GC_00002802	3	3	1	0	1.0	1.0	1.0	1.0	1.0	1.0
GC_00002803	3	3	1	0	1.0	1.0	1.0	1.0	1.0	1.0
GC_00002804	3	3	1	0	1.0	1.0	1.0	1.0	1.0	1.0
GC_00002805	3	3	1	0	1.0	1.0	1.0	1.0	1.0	1.0
GC_00002806	3	3	1	0	1.0	1.0	1.0	1.0	1.0	1.0
GC_00002807	3	3	1	0	1.0	1.0	1.0	1.0	1.0	1.0
GC_00002808	3	3	1	0	0.968992248062015	0.624260355029587	0.759331500381466	0.241176470588235	1.0	0.494117647058824
GC_00002809	3	3	1	0	1.0	1.0	1.0	1.0	1.0	1.0
GC_00002810	3	3	1	0	1.0	1.0	1.0	1.0	1.0	1.0
GC_00002811	3	3	1	0	1.0	1.0	1.0	1.0	1.0	1.0
GC_00002812	3	3	1	0	1.0	1.0	1.0	1.0	1.0	1.0
GC_00002813	3	3	1	0	1.0	1.0	1.0	1.0	1.0	1.0
GC_00002814	3	3	1	0	1.0	1.0	1.0	1.0	1.0	1.0
GC_00002815	3	3	1	0	1.0	1.0	1.0	1.0	1.0	1.0
GC_00002816	3	3	1	0	1.0	1.0	1.0	1.0	1.0	1.0
GC_00002817	3	3	1	0	1.0	1.0	1.0	1.0	1.0	1.0
GC_00002818	3	3	1	0	1.0	1.0	1.0	1.0	1.0	1.0
GC_00002819	3	3	1	0	1.0	1.0	1.0	1.0	1.0	1.0
GC_00002820	3	3	1	0	1.0	1.0	1.0	1.0	1.0	1.0
GC_00002821	3	3	1	0	1.0	1.0	1.0	1.0	1.0	1.0
GC_00002822	3	3	1	0	1.0	1.0	1.0	1.0	1.0	1.0
GC_00002823	3	3	1	0	1.0	1.0	1.0	1.0	1.0	1.0
GC_00002824	3	3	1	0	1.0	1.0	1.0	1.0	1.0	1.0
GC_00002825	3	3	1	0	1.0	1.0	1.0	1.0	1.0	1.0
GC_00002826	3	3	1	0	1.0	1.0	1.0	1.0	1.0	1.0
GC_00002827	3	3	1	0	1.0	1.0	1.0	1.0	1.0	1.0
GC_00002828	3	3	1	0	1.0	1.0	1.0	1.0	1.0	1.0
GC_00002829	3	3	1	0	1.0	1.0	1.0	1.0	1.0	1.0
GC_00002830	3	3	1	0	1.0	1.0	1.0	1.0	1.0	1.0
GC_00002831	3	3	1	0	1.0	1.0	1.0	1.0	1.0	1.0
GC_00002832	3	3	1	0	1.0	1.0	1.0	1.0	1.0	1.0
GC_00002833	3	3	1	0	1.0	1.0	1.0	1.0	1.0	1.0
GC_00002834	3	3	1	0	1.0	1.0	1.0	1.0	1.0	1.0
GC_00002835	3	3	1	0	1.0	1.0	1.0	1.0	1.0	1.0
GC_00002836	3	3	1	0	1.0	1.0	1.0	1.0	1.0	1.0
GC_00002837	3	3	1	0	1.0	1.0	1.0	1.0	1.0	1.0
GC_00002838	3	3	1	0	1.0	1.0	1.0	1.0	1.0	1.0
GC_00002839	3	3	1	0	1.0	1.0	1.0	1.0	1.0	1.0
GC_00002840	3	3	1	0	1.0	1.0	1.0	1.0	1.0	1.0
GC_00002841	3	3	1	0	1.0	1.0	1.0	1.0	1.0	1.0
GC_00002842	3	3	1	0	1.0	1.0	1.0	1.0	1.0	1.0
GC_00002843	3	3	1	0	1.0	1.0	1.0	1.0	1.0	1.0
GC_00002844	3	3	1	0	1.0	1.0	1.0	1.0	1.0	1.0
GC_00002845	3	3	1	0	1.0	1.0	1.0	1.0	1.0	1.0
GC_00002846	3	3	1	0	1.0	1.0	1.0	1.0	1.0	1.0
GC_00002847	3	3	1	0	1.0	1.0	1.0	1.0	1.0	1.0
GC_00002848	3	3	1	0	1.0	1.0	1.0	1.0	1.0	1.0
GC_00002849	3	3	1	0	1.0	1.0	1.0	1.0	1.0	1.0
GC_00002850	3	3	1	0	1.0	1.0	1.0	1.0	1.0	1.0
GC_00002851	3	3	1	0	1.0	1.0	1.0	1.0	1.0	1.0
GC_00002852	3	3	1	0	1.0	1.0	1.0	1.0	1.0	1.0
GC_00002853	3	3	1	0	1.0	1.0	1.0	1.0	1.0	1.0
GC_00002854	3	3	1	0	1.0	1.0	1.0	1.0	1.0	1.0
GC_00002855	3	3	1	0	1.0	1.0	1.0	1.0	1.0	1.0
GC_00002856	3	3	1	0	1.0	1.0	1.0	1.0	1.0	1.0
GC_00002857	3	3	1	0	1.0	1.0	1.0	1.0	1.0	1.0
GC_00002858	3	3	1	0	1.0	1.0	1.0	1.0	1.0	1.0
GC_00002859	3	3	1	0	1.0	1.0	1.0	1.0	1.0	1.0
GC_00002860	3	3	1	0	1.0	1.0	1.0	1.0	1.0	1.0
GC_00002861	3	3	1	0	1.0	1.0	1.0	1.0	1.0	1.0
GC_00002862	3	3	1	0	1.0	1.0	1.0	1.0	1.0	1.0
GC_00002863	3	3	1	0	1.0	1.0	1.0	1.0	1.0	1.0
GC_00002864	3	3	1	0	1.0	1.0	1.0	1.0	1.0	1.0
GC_00002865	3	3	1	0	1.0	1.0	1.0	1.0	1.0	1.0
GC_00002866	3	3	1	0	0.997859818084537	0.998397435897439	0.998128554597284	0.992788461538462	1.0	0.995192307692308
GC_00002867	3	3	1	0	0.967479674796748	0.805279503105589	0.878959264740022	0.596273291925466	1.0	0.730848861283644
GC_00002868	3	3	1	0	0.995698924731183	1.0	0.997844827586207	0.993548387096774	1.0	0.995698924731183
GC_00002869	3	3	1	0	0.994100294985251	0.955064634900159	0.974191584023673	0.917721518987342	1.0	0.945147679324895
GC_00002870	3	3	1	0	0.807740324594257	1.0	0.893646408839779	0.606741573033708	1.0	0.737827715355805
GC_00002871	3	3	1	0	0.98974358974359	1.0	0.994845360824742	0.984615384615385	1.0	0.98974358974359
GC_00002872	3	3	1	0	0.998307952622673	1.0	0.999153259949196	0.99746192893401	1.0	0.998307952622673
GC_00002873	3	3	1	0	0.982456140350877	1.0	0.991150442477876	0.973684210526316	1.0	0.982456140350877
GC_00002874	1	3	3	0	0.994579945799458	1.0	0.997282608695652	0.975609756097561	1.0	0.983739837398374
GC_00002875	3	3	1	0	0.920817369093231	1.0	0.958776595744681	0.850574712643678	1.0	0.900383141762452
GC_00002876	2	3	2	0	0.735889243876464	0.925042140750105	0.819694982961033	0.460176991150442	1.0	0.640117994100295
GC_00002877	3	3	1	0	0.976811594202899	0.839654640764724	0.903054923275104	0.680851063829787	1.0	0.787234042553192
GC_00002878	3	3	1	0	1.0	0.945652173913044	0.972067039106145	0.916666666666667	1.0	0.944444444444444
GC_00002879	3	3	1	0	0.998518518518518	1.0	0.999258710155671	0.993333333333333	1.0	0.995555555555555
GC_00002880	3	3	1	0	0.91044776119403	1.0	0.953125	0.835820895522388	1.0	0.890547263681592
GC_00002881	3	3	1	0	0.997204751921733	1.0	0.998600419874038	0.993710691823899	1.0	0.9958071278826
GC_00002882	3	3	1	0	0.996870109546166	1.0	0.998432601880878	0.985915492957746	1.0	0.990610328638498
GC_00002883	3	3	1	0	1.0	0.770130454340981	0.870139771283355	0.717948717948718	1.0	0.811965811965812
GC_00002884	3	3	1	0	1.0	0.988505747126437	0.994219653179191	0.982758620689655	1.0	0.988505747126437
GC_00002885	3	3	1	0	1.0	0.989417989417989	0.99468085106383	0.984126984126984	1.0	0.989417989417989
GC_00002886	3	3	1	0	0.998389694041868	0.935649935649935	0.96600218386703	0.891891891891892	1.0	0.927927927927928
GC_00002887	3	3	1	0	0.995203836930456	1.0	0.997596153846154	0.992805755395683	1.0	0.995203836930456
GC_00002888	3	3	1	0	1.0	0.956115861616891	0.977565675303693	0.931952662721893	1.0	0.954635108481262
GC_00002889	3	3	1	0	0.921733053808526	1.0	0.959272727272727	0.861635220125786	1.0	0.907756813417191
GC_00002890	3	3	1	0	0.997566909975669	1.0	0.998781973203411	0.996350364963504	1.0	0.997566909975669
GC_00002891	3	3	1	0	0.990960451977401	1.0	0.995459704880817	0.986440677966102	1.0	0.990960451977401
GC_00002892	3	3	1	0	1.0	0.978494623655914	0.989130434782609	0.967741935483871	1.0	0.978494623655914
GC_00002893	3	3	1	0	0.931372549019608	1.0	0.964467005076142	0.867647058823529	1.0	0.911764705882353
GC_00002894	3	3	1	0	1.0	0.697654118930713	0.82190372131885	0.306382978723404	1.0	0.53758865248227
GC_00002895	3	3	1	0	0.983392645314354	0.721212121212123	0.832139754198616	0.387096774193548	1.0	0.591397849462366
GC_00002896	3	3	1	0	0.881064162754304	0.986111111111111	0.930632675630056	0.763888888888889	1.0	0.842592592592593
GC_00002897	3	3	1	0	0.898305084745763	0.655428571428571	0.757883844585876	0.365079365079365	1.0	0.576719576719577
GC_00002898	3	3	1	0	0.999357739242132	1.0	0.999678766463219	0.997109826589595	1.0	0.998073217726397
GC_00002899	3	3	1	0	0.991614255765199	1.0	0.995789473684211	0.962264150943396	1.0	0.974842767295597
GC_00002900	3	3	1	0	0.995271867612293	1.0	0.997630331753555	0.99290780141844	1.0	0.995271867612293
GC_00002901	3	3	1	0	1.0	0.673214285714286	0.80469583778015	0.142857142857143	1.0	0.428571428571429
GC_00002902	3	3	1	0	0.994152046783626	1.0	0.997067448680352	0.986842105263158	1.0	0.991228070175439
GC_00002903	3	3	1	0	0.953951277480689	1.0	0.976433024175156	0.92379679144385	0.973262032085562	0.945632798573975
GC_00002904	3	3	1	0	0.995602462620932	0.840273704789833	0.911367100477418	0.716129032258065	0.987096774193548	0.808602150537634
GC_00002905	3	3	1	0	0.994632313472893	1.0	0.997308934337998	0.985507246376812	0.995169082125604	0.990338164251208
GC_00002906	2	3	2	0	0.98780487804878	0.528083775329798	0.688234888659616	0.127906976744186	0.616279069767442	0.344961240310078
GC_00002907	3	3	1	0	0.981530343007916	0.81899585921325	0.892927062793059	0.658385093167702	0.993788819875776	0.770186335403727
GC_00002908	3	3	1	0	0.996949891067538	1.0	0.998472616190268	0.990196078431373	0.998039215686275	0.993464052287582
GC_00002909	3	3	1	0	0.973727422003284	0.995098039215688	0.984296746920471	0.941176470588235	0.965686274509804	0.957516339869281
GC_00002910	2	3	2	0	0.978557504873294	0.555454446183525	0.708656952188236	0.0451807228915663	0.743975903614458	0.34136546184739
GC_00002911	3	3	1	0	0.988689288090486	1.0	0.994312479089997	0.979041916167665	0.991017964071856	0.986027944111776
GC_00002912	3	3	1	0	0.992063492063492	1.0	0.99601593625498	0.982142857142857	0.991071428571429	0.988095238095238
GC_00002913	3	3	1	0	0.971631205673759	1.0	0.985611510791367	0.971631205673759	0.971631205673759	0.971631205673759
GC_00002914	3	3	1	0	0.778830963665087	0.86916591388136	0.821522583587525	0.646341463414634	0.731707317073171	0.682926829268293
GC_00002915	3	3	1	0	0.995061728395062	1.0	0.997524752475247	0.988888888888889	0.994444444444444	0.992592592592593
GC_00002916	3	3	1	0	0.997289972899729	1.0	0.998643147896879	0.99390243902439	0.996951219512195	0.995934959349594
GC_00002917	3	3	1	0	0.933333333333333	0.684261600143003	0.789621860104339	0.170305676855895	0.995633187772926	0.445414847161572
GC_00002918	3	3	1	0	0.989517819706499	1.0	0.994731296101159	0.971698113207547	0.995283018867924	0.981132075471698
GC_00002919	3	3	1	0	0.777461582242459	0.989332289141936	0.870693360824431	0.548986486486487	0.994932432432432	0.698761261261261
GC_00002920	3	3	1	0	0.993008739076155	1.0	0.996492107241293	0.98876404494382	0.993258426966292	0.991011235955056
GC_00002921	3	3	1	0	0.882352941176471	0.922374429223745	0.901919928560798	0.689189189189189	0.864864864864865	0.756756756756757
GC_00002922	3	3	1	0	0.996062992125984	1.0	0.998027613412229	0.992125984251969	0.994094488188976	0.993438320209974
GC_00002923	3	3	1	0	0.963993453355156	0.678148935452303	0.796192995968559	0.159550561797753	0.982022471910112	0.433707865168539
GC_00002924	3	3	1	0	0.95738203957382	1.0	0.978227060653188	0.931506849315068	0.968036529680365	0.945205479452055
GC_00002925	3	3	1	0	0.997198879551821	1.0	0.99859747545582	0.995798319327731	0.997899159663866	0.997198879551821
GC_00002926	3	3	1	0	0.995341253202888	1.0	0.99766518795237	0.987421383647799	0.993710691823899	0.991614255765199
GC_00002927	3	3	1	0	0.772935779816514	0.911526907001044	0.836529970298945	0.515625	0.9625	0.666666666666667
GC_00002928	3	3	1	0	0.936605316973415	1.0	0.967265047518479	0.901840490797546	0.920245398773006	0.912065439672802
GC_00002929	3	3	1	0	0.947554697554698	0.995205243043861	0.970795602041018	0.904899135446686	0.988472622478386	0.932756964457253
GC_00002930	3	3	1	0	0.991681521093286	1.0	0.99582338902148	0.983957219251337	0.994652406417112	0.989304812834225
GC_00002931	3	3	1	0	0.977628635346756	1.0	0.98868778280543	0.973154362416107	0.979865771812081	0.977628635346756
GC_00002932	3	3	1	0	0.981481481481482	1.0	0.990654205607477	0.973684210526316	0.986842105263158	0.97953216374269
GC_00002933	3	3	1	0	0.991161616161616	1.0	0.995561192136969	0.982954545454545	0.994318181818182	0.988636363636364
GC_00002934	3	3	1	0	0.838951310861423	0.755516840882694	0.795051118886365	0.5	0.738095238095238	0.642857142857143
GC_00002935	3	3	1	0	0.979697305278701	1.0	0.98974454596308	0.976744186046512	0.980066445182724	0.978959025470653
GC_00002936	3	3	1	0	0.987751531058618	1.0	0.993838028169014	0.976377952755906	0.992125984251969	0.984251968503937
GC_00002937	3	3	1	0	0.938936488508092	0.990353045013235	0.963959627947408	0.888484848484848	0.973333333333333	0.917171717171717
GC_00002938	3	3	1	0	0.996563573883162	0.963643321852278	0.979827011998594	0.957816377171216	0.997518610421836	0.971877584780811
GC_00002939	3	3	1	0	0.996644295302013	0.742999883815499	0.851331099202621	0.480263157894737	0.993421052631579	0.651315789473684
GC_00002940	2	3	2	0	0.724417426545086	0.541984687341737	0.620060797633874	0.11044776119403	0.498507462686567	0.249751243781095
GC_00002941	3	3	1	0	0.966071428571429	0.7757568445289	0.860517118239394	0.550387596899225	0.918604651162791	0.693798449612403
GC_00002942	3	3	1	0	0.983539094650206	1.0	0.991701244813278	0.976851851851852	0.986111111111111	0.981481481481482
GC_00002943	3	3	1	0	0.85131195335277	0.609045751633984	0.710083463433961	0.192	0.92	0.460444444444444
GC_00002944	3	3	1	0	0.711864406779661	0.7156684815487	0.713761375634773	0.172413793103448	0.775862068965517	0.436781609195402
GC_00002945	2	3	2	0	1.0	0.542477719710168	0.703384836977871	0.0122699386503067	0.748466257668712	0.341513292433538
GC_00002946	3	3	1	0	0.933188090050835	0.993506493506493	0.962403107415847	0.850649350649351	0.993506493506494	0.9004329004329
GC_00002947	3	3	1	0	0.783380018674136	0.987586445366526	0.873709924747383	0.601659751037344	0.995850622406639	0.734439834024896
GC_00002948	3	3	1	0	0.980066445182724	1.0	0.98993288590604	0.966777408637874	0.993355481727575	0.975636766334441
GC_00002949	3	3	1	0	0.989434759640782	0.996843775204805	0.993125449242044	0.984202211690363	0.987361769352291	0.985255397577672
GC_00002950	2	3	2	0	0.957280385078219	0.605679816117698	0.74193240130313	0.0261682242990654	0.85981308411215	0.336448598130841
GC_00002951	3	3	1	0	0.975555555555556	1.0	0.987626546681665	0.965	0.99	0.973333333333333
GC_00002952	2	3	2	0	0.82472613458529	0.623934798308056	0.71041514650929	0.0444444444444444	0.825	0.348148148148148
GC_00002953	3	3	1	0	0.995850622406639	0.78023478023478	0.874954875891161	0.585585585585586	0.990990990990991	0.720720720720721
GC_00002954	3	3	1	0	0.656765676567657	0.90042042042042	0.759530576026302	0.453333333333333	0.533333333333333	0.493333333333333
GC_00002955	3	3	1	0	0.975277777777778	1.0	0.987484179440304	0.965	0.97	0.9675
GC_00002956	3	3	1	0	0.969552048461661	1.0	0.984540671792796	0.945480631276901	0.989956958393113	0.960306073648972
GC_00002957	3	3	1	0	0.761734997029115	0.979149444291357	0.856866063404648	0.544502617801047	0.984293193717278	0.694589877835951
GC_00002958	3	3	1	0	0.906318082788671	1.0	0.950857142857143	0.848039215686274	0.955882352941177	0.888888888888889
GC_00002959	3	3	1	0	0.995349609699385	1.0	0.997669385716664	0.991031390134529	0.995515695067265	0.994020926756353
GC_00002960	2	3	2	0	0.939493949394939	0.519971779007925	0.669437220384283	0.207207207207207	0.459459459459459	0.342342342342342
GC_00002961	2	2	1	0	1.0	1.0	1.0	1.0	1.0	1.0
GC_00002962	2	2	1	0	1.0	1.0	1.0	1.0	1.0	1.0
GC_00002963	2	2	1	0	1.0	1.0	1.0	1.0	1.0	1.0
GC_00002964	2	2	1	0	1.0	1.0	1.0	1.0	1.0	1.0
GC_00002965	2	2	1	0	1.0	1.0	1.0	1.0	1.0	1.0
GC_00002966	2	2	1	0	1.0	1.0	1.0	1.0	1.0	1.0
GC_00002967	2	2	1	0	1.0	1.0	1.0	1.0	1.0	1.0
GC_00002968	2	2	1	0	1.0	1.0	1.0	1.0	1.0	1.0
GC_00002969	2	2	1	0	1.0	1.0	1.0	1.0	1.0	1.0
GC_00002970	2	2	1	0	1.0	1.0	1.0	1.0	1.0	1.0
GC_00002971	2	2	1	0	1.0	1.0	1.0	1.0	1.0	1.0
GC_00002972	2	2	1	0	1.0	1.0	1.0	1.0	1.0	1.0
GC_00002973	2	2	1	0	1.0	1.0	1.0	1.0	1.0	1.0
GC_00002974	2	2	1	0	1.0	1.0	1.0	1.0	1.0	1.0
GC_00002975	2	2	1	0	1.0	1.0	1.0	1.0	1.0	1.0
GC_00002976	2	2	1	0	1.0	1.0	1.0	1.0	1.0	1.0
GC_00002977	2	2	1	0	1.0	1.0	1.0	1.0	1.0	1.0
GC_00002978	2	2	1	0	1.0	1.0	1.0	1.0	1.0	1.0
GC_00002979	2	2	1	0	1.0	1.0	1.0	1.0	1.0	1.0
GC_00002980	2	2	1	0	1.0	1.0	1.0	1.0	1.0	1.0
GC_00002981	2	2	1	0	1.0	1.0	1.0	1.0	1.0	1.0
GC_00002982	2	2	1	0	1.0	1.0	1.0	1.0	1.0	1.0
GC_00002983	2	2	1	0	1.0	1.0	1.0	1.0	1.0	1.0
GC_00002984	2	2	1	0	1.0	1.0	1.0	1.0	1.0	1.0
GC_00002985	2	2	1	0	1.0	1.0	1.0	1.0	1.0	1.0
GC_00002986	2	2	1	0	1.0	1.0	1.0	1.0	1.0	1.0
GC_00002987	2	2	1	0	1.0	1.0	1.0	1.0	1.0	1.0
GC_00002988	2	2	1	0	1.0	1.0	1.0	1.0	1.0	1.0
GC_00002989	2	2	1	0	1.0	1.0	1.0	1.0	1.0	1.0
GC_00002990	2	2	1	0	1.0	1.0	1.0	1.0	1.0	1.0
GC_00002991	2	2	1	0	1.0	1.0	1.0	1.0	1.0	1.0
GC_00002992	2	2	1	0	1.0	1.0	1.0	1.0	1.0	1.0
GC_00002993	2	2	1	0	1.0	1.0	1.0	1.0	1.0	1.0
GC_00002994	2	2	1	0	1.0	1.0	1.0	1.0	1.0	1.0
GC_00002995	2	2	1	0	1.0	1.0	1.0	1.0	1.0	1.0
GC_00002996	2	2	1	0	1.0	1.0	1.0	1.0	1.0	1.0
GC_00002997	2	2	1	0	1.0	1.0	1.0	1.0	1.0	1.0
GC_00002998	2	2	1	0	1.0	1.0	1.0	1.0	1.0	1.0
GC_00002999	2	2	1	0	1.0	1.0	1.0	1.0	1.0	1.0
GC_00003000	2	2	1	0	1.0	1.0	1.0	1.0	1.0	1.0
GC_00003001	2	2	1	0	1.0	1.0	1.0	1.0	1.0	1.0
GC_00003002	2	2	1	0	1.0	1.0	1.0	1.0	1.0	1.0
GC_00003003	2	2	1	0	1.0	1.0	1.0	1.0	1.0	1.0
GC_00003004	2	2	1	0	1.0	1.0	1.0	1.0	1.0	1.0
GC_00003005	2	2	1	0	1.0	1.0	1.0	1.0	1.0	1.0
GC_00003006	2	2	1	0	1.0	1.0	1.0	1.0	1.0	1.0
GC_00003007	2	2	1	0	1.0	1.0	1.0	1.0	1.0	1.0
GC_00003008	2	2	1	0	1.0	1.0	1.0	1.0	1.0	1.0
GC_00003009	2	2	1	0	1.0	1.0	1.0	1.0	1.0	1.0
GC_00003010	2	2	1	0	1.0	1.0	1.0	1.0	1.0	1.0
GC_00003011	2	2	1	0	1.0	1.0	1.0	1.0	1.0	1.0
GC_00003012	2	2	1	0	1.0	1.0	1.0	1.0	1.0	1.0
GC_00003013	2	2	1	0	1.0	1.0	1.0	1.0	1.0	1.0
GC_00003014	2	2	1	0	1.0	1.0	1.0	1.0	1.0	1.0
GC_00003015	2	2	1	0	1.0	1.0	1.0	1.0	1.0	1.0
GC_00003016	2	2	1	0	1.0	1.0	1.0	1.0	1.0	1.0
GC_00003017	2	2	1	0	1.0	1.0	1.0	1.0	1.0	1.0
GC_00003018	2	2	1	0	1.0	1.0	1.0	1.0	1.0	1.0
GC_00003019	2	2	1	0	1.0	1.0	1.0	1.0	1.0	1.0
GC_00003020	2	2	1	0	1.0	1.0	1.0	1.0	1.0	1.0
GC_00003021	2	2	1	0	1.0	1.0	1.0	1.0	1.0	1.0
GC_00003022	2	2	1	0	1.0	1.0	1.0	1.0	1.0	1.0
GC_00003023	2	2	1	0	1.0	1.0	1.0	1.0	1.0	1.0
GC_00003024	2	2	1	0	1.0	1.0	1.0	1.0	1.0	1.0
GC_00003025	2	2	1	0	1.0	1.0	1.0	1.0	1.0	1.0
GC_00003026	2	2	1	0	1.0	1.0	1.0	1.0	1.0	1.0
GC_00003027	2	2	1	0	1.0	1.0	1.0	1.0	1.0	1.0
GC_00003028	2	2	1	0	1.0	1.0	1.0	1.0	1.0	1.0
GC_00003029	2	2	1	0	1.0	1.0	1.0	1.0	1.0	1.0
GC_00003030	2	2	1	0	1.0	1.0	1.0	1.0	1.0	1.0
GC_00003031	2	2	1	0	1.0	1.0	1.0	1.0	1.0	1.0
GC_00003032	2	2	1	0	1.0	1.0	1.0	1.0	1.0	1.0
GC_00003033	2	2	1	0	1.0	1.0	1.0	1.0	1.0	1.0
GC_00003034	2	2	1	0	1.0	1.0	1.0	1.0	1.0	1.0
GC_00003035	2	2	1	0	1.0	1.0	1.0	1.0	1.0	1.0
GC_00003036	2	2	1	0	1.0	1.0	1.0	1.0	1.0	1.0
GC_00003037	2	2	1	0	1.0	1.0	1.0	1.0	1.0	1.0
GC_00003038	2	2	1	0	1.0	1.0	1.0	1.0	1.0	1.0
GC_00003039	2	2	1	0	1.0	1.0	1.0	1.0	1.0	1.0
GC_00003040	2	2	1	0	1.0	1.0	1.0	1.0	1.0	1.0
GC_00003041	2	2	1	0	1.0	1.0	1.0	1.0	1.0	1.0
GC_00003042	2	2	1	0	1.0	1.0	1.0	1.0	1.0	1.0
GC_00003043	2	2	1	0	1.0	1.0	1.0	1.0	1.0	1.0
GC_00003044	2	2	1	0	1.0	1.0	1.0	1.0	1.0	1.0
GC_00003045	2	2	1	0	1.0	1.0	1.0	1.0	1.0	1.0
GC_00003046	1	2	2	0	1.0	1.0	1.0	1.0	1.0	1.0
GC_00003047	2	2	1	0	1.0	1.0	1.0	1.0	1.0	1.0
GC_00003048	2	2	1	0	1.0	1.0	1.0	1.0	1.0	1.0
GC_00003049	2	2	1	0	1.0	1.0	1.0	1.0	1.0	1.0
GC_00003050	2	2	1	0	1.0	1.0	1.0	1.0	1.0	1.0
GC_00003051	2	2	1	0	1.0	1.0	1.0	1.0	1.0	1.0
GC_00003052	2	2	1	0	1.0	1.0	1.0	1.0	1.0	1.0
GC_00003053	2	2	1	0	1.0	1.0	1.0	1.0	1.0	1.0
GC_00003054	2	2	1	0	1.0	1.0	1.0	1.0	1.0	1.0
GC_00003055	2	2	1	0	1.0	1.0	1.0	1.0	1.0	1.0
GC_00003056	2	2	1	0	1.0	1.0	1.0	1.0	1.0	1.0
GC_00003057	2	2	1	0	1.0	1.0	1.0	1.0	1.0	1.0
GC_00003058	1	2	2	0	0.757575757575758	0.642426979825353	0.695265934739181	0.390243902439024	0.390243902439024	0.390243902439024
GC_00003059	2	2	1	0	1.0	1.0	1.0	1.0	1.0	1.0
GC_00003060	2	2	1	0	1.0	1.0	1.0	1.0	1.0	1.0
GC_00003061	2	2	1	0	1.0	1.0	1.0	1.0	1.0	1.0
GC_00003062	2	2	1	0	1.0	1.0	1.0	1.0	1.0	1.0
GC_00003063	2	2	1	0	1.0	1.0	1.0	1.0	1.0	1.0
GC_00003064	2	2	1	0	1.0	1.0	1.0	1.0	1.0	1.0
GC_00003065	2	2	1	0	1.0	1.0	1.0	1.0	1.0	1.0
GC_00003066	2	2	1	0	1.0	1.0	1.0	1.0	1.0	1.0
GC_00003067	2	2	1	0	1.0	1.0	1.0	1.0	1.0	1.0
GC_00003068	2	2	1	0	1.0	1.0	1.0	1.0	1.0	1.0
GC_00003069	2	2	1	0	1.0	1.0	1.0	1.0	1.0	1.0
GC_00003070	2	2	1	0	1.0	1.0	1.0	1.0	1.0	1.0
GC_00003071	2	2	1	0	1.0	1.0	1.0	1.0	1.0	1.0
GC_00003072	2	2	1	0	1.0	1.0	1.0	1.0	1.0	1.0
GC_00003073	2	2	1	0	1.0	1.0	1.0	1.0	1.0	1.0
GC_00003074	2	2	1	0	1.0	1.0	1.0	1.0	1.0	1.0
GC_00003075	2	2	1	0	1.0	1.0	1.0	1.0	1.0	1.0
GC_00003076	2	2	1	0	1.0	1.0	1.0	1.0	1.0	1.0
GC_00003077	2	2	1	0	1.0	1.0	1.0	1.0	1.0	1.0
GC_00003078	2	2	1	0	1.0	1.0	1.0	1.0	1.0	1.0
GC_00003079	2	2	1	0	1.0	1.0	1.0	1.0	1.0	1.0
GC_00003080	2	2	1	0	1.0	1.0	1.0	1.0	1.0	1.0
GC_00003081	2	2	1	0	0.970430107526882	1.0	0.984993178717599	0.959677419354839	0.959677419354839	0.959677419354839
GC_00003082	2	2	1	0	0.695238095238095	0.934173792425335	0.797187271044744	0.559171597633136	0.559171597633136	0.559171597633136
GC_00003083	1	2	2	0	0.840579710144927	1.0	0.913385826771653	0.797953964194373	0.797953964194373	0.797953964194373
GC_00003084	2	2	1	0	0.997503121098627	1.0	0.99875	0.99250936329588	0.99250936329588	0.99250936329588
GC_00003085	2	2	1	0	0.979057591623037	0.974751439037152	0.976899769996799	0.954081632653061	0.954081632653061	0.954081632653061
GC_00003086	2	2	1	0	0.847457627118644	0.898834498834499	0.872390295110452	0.696969696969697	0.696969696969697	0.696969696969697
GC_00003087	2	2	1	0	0.983333333333333	1.0	0.991596638655462	0.983333333333333	0.983333333333333	0.983333333333333
GC_00003088	2	2	1	0	0.988700564971751	1.0	0.994318181818182	0.988700564971751	0.988700564971751	0.988700564971751
GC_00003089	2	2	1	0	0.99375	1.0	0.996865203761756	0.99375	0.99375	0.99375
GC_00003090	2	2	1	0	0.970436067997044	1.0	0.984996249062266	0.955654101995565	0.955654101995565	0.955654101995565
GC_00003091	2	2	1	0	0.95	1.0	0.974358974358974	0.938888888888889	0.938888888888889	0.938888888888889
GC_00003092	2	2	1	0	0.994047619047619	1.0	0.997014925373134	0.994047619047619	0.994047619047619	0.994047619047619
GC_00003093	2	2	1	0	0.96	0.579323109465891	0.722590574606817	0.387096774193548	0.387096774193548	0.387096774193548
GC_00003094	2	2	1	0	0.993464052287582	1.0	0.99672131147541	0.990196078431373	0.990196078431373	0.990196078431373
GC_00003095	2	2	1	0	1.0	0.658977838082316	0.794438386041439	0.567164179104478	0.567164179104478	0.567164179104478
GC_00003096	2	2	1	0	0.992307692307692	1.0	0.996138996138996	0.992307692307692	0.992307692307692	0.992307692307692
GC_00003097	2	2	1	0	1.0	0.771251548946715	0.870854904155589	0.737037037037037	0.737037037037037	0.737037037037037
GC_00003098	2	2	1	0	0.990476190476191	0.927244139508292	0.957817705305317	0.913207547169811	0.913207547169811	0.913207547169811
GC_00003099	2	2	1	0	0.991228070175439	1.0	0.995594713656388	0.991228070175439	0.991228070175439	0.991228070175439
GC_00003100	2	2	1	0	0.998245614035088	0.53373921867073	0.695571943927833	0.258904109589041	0.258904109589041	0.258904109589041
GC_00003101	2	2	1	0	0.994764397905759	1.0	0.99737532808399	0.994764397905759	0.994764397905759	0.994764397905759
GC_00003102	2	2	1	0	0.928030303030303	1.0	0.962671905697446	0.897727272727273	0.897727272727273	0.897727272727273
GC_00003103	2	2	1	0	0.756410256410256	0.71194879089616	0.733506383824333	0.5	0.5	0.5
GC_00003104	2	2	1	0	0.994475138121547	1.0	0.997229916897507	0.994475138121547	0.994475138121547	0.994475138121547
GC_00003105	2	2	1	0	0.986742424242424	1.0	0.993326978074356	0.982954545454545	0.982954545454545	0.982954545454545
GC_00003106	2	2	1	0	0.700104493207941	0.987644943560949	0.819380706184537	0.619195046439629	0.619195046439629	0.619195046439629
GC_00003107	2	2	1	0	0.971235194585448	0.980248756218906	0.975721159373102	0.945273631840796	0.945273631840796	0.945273631840796
GC_00003108	2	2	1	0	1.0	0.598909324208725	0.749147328295325	0.446428571428571	0.446428571428571	0.446428571428571
GC_00003109	2	2	1	0	0.856969696969697	0.989247591096796	0.918369916531397	0.809352517985611	0.809352517985611	0.809352517985611
GC_00003110	2	2	1	0	0.754273504273504	0.92081447963801	0.829265054747159	0.570588235294118	0.570588235294118	0.570588235294118
GC_00003111	2	2	1	0	0.993788819875776	1.0	0.996884735202492	0.993788819875776	0.993788819875776	0.993788819875776
GC_00003112	2	2	1	0	0.995495495495496	0.977127182916965	0.986225819833804	0.97029702970297	0.97029702970297	0.97029702970297
GC_00003113	2	2	1	0	0.695863746958638	0.688179210600736	0.692000145591034	0.376681614349776	0.376681614349776	0.376681614349776
GC_00003114	2	2	1	0	0.981333333333333	0.743236457221769	0.84584887664712	0.681564245810056	0.681564245810056	0.681564245810056
GC_00003115	2	2	1	0	0.983739837398374	1.0	0.991803278688525	0.975609756097561	0.975609756097561	0.975609756097561
GC_00003116	1	2	2	0	0.805970149253731	1.0	0.892561983471074	0.776119402985075	0.776119402985075	0.776119402985075
GC_00003117	2	2	1	0	0.900343642611684	1.0	0.94755877034358	0.88659793814433	0.88659793814433	0.88659793814433
GC_00003118	2	2	1	0	0.994388327721661	0.964867380176823	0.979405451549078	0.954545454545455	0.954545454545455	0.954545454545455
GC_00003119	2	2	1	0	0.963768115942029	0.958991228070175	0.96137373817517	0.916666666666667	0.916666666666667	0.916666666666667
GC_00003120	2	2	1	0	0.92090395480226	1.0	0.958823529411765	0.898305084745763	0.898305084745763	0.898305084745763
GC_00003121	2	2	1	0	0.666666666666667	0.731584268526942	0.697618479500027	0.412698412698413	0.412698412698413	0.412698412698413
GC_00003122	2	2	1	0	0.985443959243086	1.0	0.99266862170088	0.982532751091703	0.982532751091703	0.982532751091703
GC_00003123	2	2	1	0	0.984962406015038	1.0	0.992424242424242	0.984962406015038	0.984962406015038	0.984962406015038
GC_00003124	2	2	1	0	0.999267399267399	1.0	0.999633565408575	0.997802197802198	0.997802197802198	0.997802197802198
GC_00003125	2	2	1	0	0.997777777777778	1.0	0.99888765294772	0.993333333333333	0.993333333333333	0.993333333333333
GC_00003126	2	2	1	0	0.837837837837838	0.57006101409636	0.678484376672341	0.295918367346939	0.295918367346939	0.295918367346939
GC_00003127	2	2	1	0	0.983333333333333	0.968006345848758	0.97560964593336	0.951612903225806	0.951612903225806	0.951612903225806
GC_00003128	2	2	1	0	0.946502057613169	0.605465394348868	0.738513221833714	0.517006802721088	0.517006802721088	0.517006802721088
GC_00003129	2	2	1	0	0.977346278317152	1.0	0.988543371522095	0.970873786407767	0.970873786407767	0.970873786407767
GC_00003130	2	2	1	0	1.0	0.631929046563192	0.774456521739129	0.515151515151515	0.515151515151515	0.515151515151515
GC_00003131	2	2	1	0	0.646464646464647	0.985074626865672	0.780632045832563	0.597014925373134	0.597014925373134	0.597014925373134
GC_00003132	2	2	1	0	0.981751824817518	0.861844778545308	0.917898940042457	0.835403726708075	0.835403726708075	0.835403726708075
GC_00003133	2	2	1	0	0.961538461538462	0.665243902439024	0.786408326846005	0.609756097560976	0.609756097560976	0.609756097560976
GC_00003134	2	2	1	0	0.986577181208054	1.0	0.993243243243243	0.986577181208054	0.986577181208054	0.986577181208054
GC_00003135	2	2	1	0	0.968468468468468	1.0	0.983981693363844	0.932432432432432	0.932432432432432	0.932432432432432
GC_00003136	2	2	1	0	0.9824016563147	1.0	0.9911227154047	0.978260869565217	0.978260869565217	0.978260869565217
GC_00003137	2	2	1	0	0.972789115646258	1.0	0.986206896551724	0.959183673469388	0.959183673469388	0.959183673469388
GC_00003138	2	2	1	0	0.995119570522206	1.0	0.997553816046967	0.994143484626647	0.994143484626647	0.994143484626647
GC_00003139	2	2	1	0	0.954545454545455	1.0	0.976744186046512	0.954545454545455	0.954545454545455	0.954545454545455
GC_00003140	2	2	1	0	0.996927803379416	0.993150756828246	0.995035695802956	0.988558352402746	0.988558352402746	0.988558352402746
GC_00003141	2	2	1	0	0.983333333333333	1.0	0.991596638655462	0.983333333333333	0.983333333333333	0.983333333333333
GC_00003142	1	2	2	0	0.869047619047619	0.982456140350877	0.922278623801467	0.807017543859649	0.807017543859649	0.807017543859649
GC_00003143	2	2	1	0	0.989159891598916	0.954396802325581	0.971467454982714	0.937984496124031	0.937984496124031	0.937984496124031
GC_00003144	2	2	1	0	0.964467005076142	1.0	0.981912144702842	0.964467005076142	0.964467005076142	0.964467005076142
GC_00003145	2	2	1	0	0.99290780141844	0.614578254509995	0.7592221919868	0.476190476190476	0.476190476190476	0.476190476190476
GC_00003146	2	2	1	0	1.0	0.819339751157933	0.900700103580387	0.799450549450549	0.799450549450549	0.799450549450549
GC_00003147	2	2	1	0	0.991304347826087	1.0	0.995633187772926	0.991304347826087	0.991304347826087	0.991304347826087
GC_00003148	2	2	1	0	0.989057239057239	1.0	0.994498518831993	0.987373737373737	0.987373737373737	0.987373737373737
GC_00003149	2	2	1	0	1.0	0.871775025799793	0.931495520330806	0.862745098039216	0.862745098039216	0.862745098039216
GC_00003150	2	2	1	0	1.0	0.520446096654278	0.684596577017117	0.203703703703704	0.203703703703704	0.203703703703704
GC_00003151	2	2	1	0	0.990521327014218	1.0	0.995238095238095	0.990521327014218	0.990521327014218	0.990521327014218
GC_00003152	2	2	1	0	0.974358974358974	1.0	0.987012987012987	0.945054945054945	0.945054945054945	0.945054945054945
GC_00003153	2	2	1	0	1.0	0.991150442477875	0.995555555555555	0.991150442477876	0.991150442477876	0.991150442477876
GC_00003154	2	2	1	0	0.992080633549316	0.971050684424718	0.981453017831498	0.955974842767296	0.955974842767296	0.955974842767296
GC_00003155	2	2	1	0	1.0	0.939200680272109	0.96864722648542	0.938775510204082	0.938775510204082	0.938775510204082
GC_00003156	2	2	1	0	0.994851994851995	1.0	0.99741935483871	0.992277992277992	0.992277992277992	0.992277992277992
GC_00003157	2	2	1	0	0.975206611570248	1.0	0.98744769874477	0.975206611570248	0.975206611570248	0.975206611570248
GC_00003158	2	2	1	0	0.998538011695906	1.0	0.999268471104609	0.995614035087719	0.995614035087719	0.995614035087719
GC_00003159	2	2	1	0	0.922916666666667	1.0	0.959913326110509	0.89375	0.89375	0.89375
GC_00003160	2	2	1	0	0.942222222222222	0.661999999999999	0.777636791799418	0.56	0.56	0.56
GC_00003161	2	2	1	0	0.99009900990099	1.0	0.995024875621891	0.99009900990099	0.99009900990099	0.99009900990099
GC_00003162	2	2	1	0	0.992941931344241	1.0	0.996458467482292	0.992300288739172	0.992300288739172	0.992300288739172
GC_00003163	2	2	1	0	1.0	0.523395672900625	0.687143441735071	0.217283950617284	0.217283950617284	0.217283950617284
GC_00003164	2	2	1	0	0.959742351046699	0.990453625322049	0.974856170854463	0.937799043062201	0.937799043062201	0.937799043062201
GC_00003165	2	2	1	0	0.997167138810198	1.0	0.998581560283688	0.997167138810198	0.997167138810198	0.997167138810198
GC_00003166	2	2	1	0	0.976710334788937	0.958950107239547	0.967748743479299	0.933054393305439	0.933054393305439	0.933054393305439
GC_00003167	2	2	1	0	0.968763371844245	0.997440822088715	0.9828929640201	0.957746478873239	0.957746478873239	0.957746478873239
GC_00003168	2	2	1	0	0.966216216216216	1.0	0.982817869415808	0.966216216216216	0.966216216216216	0.966216216216216
GC_00003169	2	2	1	0	0.991636798088411	1.0	0.995800839832033	0.989247311827957	0.989247311827957	0.989247311827957
GC_00003170	2	2	1	0	1.0	0.789825718323124	0.882572766987734	0.761658031088083	0.761658031088083	0.761658031088083
GC_00003171	2	2	1	0	0.996543209876543	0.950615082902481	0.973037487076253	0.945147679324895	0.945147679324895	0.945147679324895
GC_00003172	2	2	1	0	0.992439862542955	1.0	0.996205588133839	0.989690721649485	0.989690721649485	0.989690721649485
GC_00003173	2	2	1	0	0.972727272727273	1.0	0.986175115207373	0.963636363636364	0.963636363636364	0.963636363636364
GC_00003174	2	2	1	0	0.988125530110263	0.989962598274941	0.989043211141771	0.974811083123426	0.974811083123426	0.974811083123426
GC_00003175	2	2	1	0	0.973684210526316	0.980770842061166	0.977214678634122	0.954838709677419	0.954838709677419	0.954838709677419
GC_00003176	2	2	1	0	0.961352657004831	1.0	0.980295566502463	0.956521739130435	0.956521739130435	0.956521739130435
GC_00003177	1	2	2	0	0.771929824561403	1.0	0.871287128712871	0.736842105263158	0.736842105263158	0.736842105263158
GC_00003178	2	2	1	0	0.979328165374677	1.0	0.989556135770235	0.974160206718346	0.974160206718346	0.974160206718346
GC_00003179	1	2	2	0	0.984962406015038	1.0	0.992424242424242	0.969924812030075	0.969924812030075	0.969924812030075
GC_00003180	2	2	1	0	0.997058823529412	1.0	0.998527245949926	0.997058823529412	0.997058823529412	0.997058823529412
GC_00003181	2	2	1	0	0.961748633879781	1.0	0.98050139275766	0.950819672131147	0.950819672131147	0.950819672131147
GC_00003182	2	2	1	0	0.719367588932806	0.945497232936442	0.817075423620844	0.567164179104478	0.567164179104478	0.567164179104478
GC_00003183	2	2	1	0	0.678861788617886	0.982144145444051	0.802814869693141	0.586826347305389	0.586826347305389	0.586826347305389
GC_00003184	2	2	1	0	0.798657718120805	0.996655518394648	0.886738431916782	0.74247491638796	0.74247491638796	0.74247491638796
GC_00003185	2	2	1	0	0.972222222222222	1.0	0.985915492957746	0.972222222222222	0.972222222222222	0.972222222222222
GC_00003186	2	2	1	0	0.985815602836879	1.0	0.992857142857143	0.985815602836879	0.985815602836879	0.985815602836879
GC_00003187	2	2	1	0	0.993333333333333	1.0	0.996655518394649	0.988	0.988	0.988
GC_00003188	2	2	1	0	1.0	0.896825396825397	0.945606694560669	0.892857142857143	0.892857142857143	0.892857142857143
GC_00003189	2	2	1	0	0.995726495726496	1.0	0.997858672376874	0.995726495726496	0.995726495726496	0.995726495726496
GC_00003190	2	2	1	0	0.989473684210526	1.0	0.994708994708995	0.989473684210526	0.989473684210526	0.989473684210526
GC_00003191	2	2	1	0	0.733333333333333	0.585276338514681	0.65099271969176	0.269430051813472	0.269430051813472	0.269430051813472
GC_00003192	2	2	1	0	0.99290780141844	1.0	0.99644128113879	0.99290780141844	0.99290780141844	0.99290780141844
GC_00003193	2	2	1	0	1.0	0.551441604356305	0.710876391103484	0.321196358907672	0.321196358907672	0.321196358907672
GC_00003194	2	2	1	0	0.997278911564626	1.0	0.998637602179837	0.991836734693878	0.991836734693878	0.991836734693878
GC_00003195	1	2	2	0	0.955223880597015	0.523690131790421	0.676498181407667	0.202614379084967	0.202614379084967	0.202614379084967
GC_00003196	2	2	1	0	0.974087161366313	1.0	0.986873508353222	0.964664310954064	0.964664310954064	0.964664310954064
GC_00003197	2	2	1	0	0.997273346966599	1.0	0.998634812286689	0.991820040899795	0.991820040899795	0.991820040899795
GC_00003198	2	2	1	0	0.994594594594595	1.0	0.997289972899729	0.994594594594595	0.994594594594595	0.994594594594595
GC_00003199	2	2	1	0	0.997282608695652	1.0	0.998639455782313	0.997282608695652	0.997282608695652	0.997282608695652
GC_00003200	2	2	1	0	0.988727858293076	1.0	0.994331983805668	0.985507246376812	0.985507246376812	0.985507246376812
GC_00003201	2	2	1	0	0.978805394990366	1.0	0.989289191820837	0.976878612716763	0.976878612716763	0.976878612716763
GC_00003202	2	2	1	0	0.966153846153846	1.0	0.982785602503912	0.947692307692308	0.947692307692308	0.947692307692308
GC_00003203	2	2	1	0	0.996350364963504	1.0	0.998171846435101	0.996350364963504	0.996350364963504	0.996350364963504
GC_00003204	2	2	1	0	0.930232558139535	1.0	0.963855421686747	0.930232558139535	0.930232558139535	0.930232558139535
GC_00003205	2	2	1	0	0.826923076923077	1.0	0.905263157894737	0.807692307692308	0.807692307692308	0.807692307692308
GC_00003206	2	2	1	0	1.0	0.565359477124183	0.722338204592902	0.363636363636364	0.363636363636364	0.363636363636364
GC_00003207	2	2	1	0	0.821917808219178	0.993197278911563	0.899476332272306	0.775510204081633	0.775510204081633	0.775510204081633
GC_00003208	2	2	1	0	0.972049689440994	1.0	0.985826771653543	0.96583850931677	0.96583850931677	0.96583850931677
GC_00003209	2	2	1	0	0.637540453074434	0.981043956043955	0.772842249929828	0.485714285714286	0.485714285714286	0.485714285714286
GC_00003210	2	2	1	0	0.977477477477477	1.0	0.988610478359909	0.959459459459459	0.959459459459459	0.959459459459459
GC_00003211	2	2	1	0	0.653508771929825	0.520052700369742	0.579192500059623	0.108322324966975	0.108322324966975	0.108322324966975
GC_00003212	2	2	1	0	0.995433789954338	1.0	0.997711670480549	0.995433789954338	0.995433789954338	0.995433789954338
GC_00003213	2	2	1	0	0.973262032085562	1.0	0.986449864498645	0.962566844919786	0.962566844919786	0.962566844919786
GC_00003214	2	2	1	0	0.987951807228916	0.624242424242425	0.765070881833417	0.493975903614458	0.493975903614458	0.493975903614458
GC_00003215	2	2	1	0	0.988679245283019	1.0	0.994307400379507	0.988679245283019	0.988679245283019	0.988679245283019
GC_00003216	2	2	1	0	0.838547701815373	0.948530574313102	0.890154778127565	0.761120263591433	0.761120263591433	0.761120263591433
GC_00003217	2	2	1	0	0.970175438596491	0.933569979716024	0.951520781948197	0.897058823529412	0.897058823529412	0.897058823529412
GC_00003218	1	2	2	0	0.994750656167979	1.0	0.997368421052632	0.989501312335958	0.989501312335958	0.989501312335958
GC_00003219	2	2	1	0	0.679012345679012	0.643265306122448	0.660655625252471	0.34	0.34	0.34
GC_00003220	2	2	1	0	0.972549019607843	1.0	0.986083499005964	0.964705882352941	0.964705882352941	0.964705882352941
GC_00003221	2	2	1	0	1.0	0.997881355932205	0.998939554612938	0.997881355932203	0.997881355932203	0.997881355932203
GC_00003222	2	2	1	0	0.992537313432836	1.0	0.99625468164794	0.992537313432836	0.992537313432836	0.992537313432836
GC_00003223	2	2	1	0	0.9875	1.0	0.993710691823899	0.9875	0.9875	0.9875
GC_00003224	2	2	1	0	0.72962962962963	0.968092566619915	0.832113784446583	0.67741935483871	0.67741935483871	0.67741935483871
GC_00003225	2	2	1	0	0.993650793650794	1.0	0.996815286624204	0.993650793650794	0.993650793650794	0.993650793650794
GC_00003226	2	2	1	0	0.981900452488688	0.961553066261632	0.971620243803195	0.934782608695652	0.934782608695652	0.934782608695652
GC_00003227	2	2	1	0	0.997395833333333	1.0	0.998696219035202	0.997395833333333	0.997395833333333	0.997395833333333
GC_00003228	2	2	1	0	0.990448901623687	1.0	0.995201535508637	0.988538681948424	0.988538681948424	0.988538681948424
GC_00003229	2	2	1	0	0.932203389830508	0.59228362877998	0.724347009518069	0.37956204379562	0.37956204379562	0.37956204379562
GC_00003230	2	2	1	0	0.989208633093525	0.989361972547026	0.989285296878363	0.97864768683274	0.97864768683274	0.97864768683274
GC_00003231	2	2	1	0	0.996784565916399	1.0	0.998389694041868	0.996784565916399	0.996784565916399	0.996784565916399
GC_00003232	2	2	1	0	0.998314369995786	1.0	0.999156474061577	0.997471554993679	0.997471554993679	0.997471554993679
GC_00003233	2	2	1	0	0.934959349593496	1.0	0.966386554621849	0.902439024390244	0.902439024390244	0.902439024390244
GC_00003234	2	2	1	0	0.995073891625616	1.0	0.997530864197531	0.995073891625616	0.995073891625616	0.995073891625616
GC_00003235	2	2	1	0	0.999058380414313	1.0	0.999528968440885	0.997175141242938	0.997175141242938	0.997175141242938
GC_00003236	2	2	1	0	0.983091787439614	1.0	0.991473812423873	0.971014492753623	0.971014492753623	0.971014492753623
GC_00003237	2	2	1	0	0.974651457541191	1.0	0.987163029525032	0.96958174904943	0.96958174904943	0.96958174904943
GC_00003238	2	2	1	0	0.980980980980981	1.0	0.990399191510864	0.978978978978979	0.978978978978979	0.978978978978979
GC_00003239	2	2	1	0	0.987654320987654	1.0	0.993788819875776	0.984126984126984	0.984126984126984	0.984126984126984
GC_00003240	2	2	1	0	0.80050505050505	0.609170537491704	0.691852928479752	0.374545454545455	0.374545454545455	0.374545454545455
GC_00003241	2	2	1	0	0.712121212121212	0.502085528723419	0.588937193767057	0.0415430267062315	0.0415430267062315	0.0415430267062315
GC_00003242	2	2	1	0	0.992932862190813	0.888254310344826	0.937681170274199	0.878125	0.878125	0.878125
GC_00003243	2	2	1	0	0.5875	0.987654320987654	0.736749289703145	0.506172839506173	0.506172839506173	0.506172839506173
GC_00003244	2	2	1	0	0.968911917098446	0.622757268173748	0.758193906342453	0.480719794344473	0.480719794344473	0.480719794344473
GC_00003245	2	2	1	0	0.824074074074074	0.763450834879406	0.792604936534903	0.585858585858586	0.585858585858586	0.585858585858586
GC_00003246	2	2	1	0	0.978632478632479	0.941401971522453	0.95965626523647	0.903614457831325	0.903614457831325	0.903614457831325
GC_00003247	2	2	1	0	0.9989816700611	1.0	0.999490575649516	0.9989816700611	0.9989816700611	0.9989816700611
GC_00003248	2	2	1	0	0.993970714900947	1.0	0.996976241900648	0.992248062015504	0.992248062015504	0.992248062015504
GC_00003249	2	2	1	0	0.968574635241302	0.977201667535174	0.972869026454377	0.9375	0.9375	0.9375
GC_00003250	2	2	1	0	0.61437908496732	0.962626995645864	0.750051505850614	0.528301886792453	0.528301886792453	0.528301886792453
GC_00003251	2	2	1	0	0.996539792387543	1.0	0.998266897746967	0.996539792387543	0.996539792387543	0.996539792387543
GC_00003252	1	1	1	0	1.0	1.0	1.0	0.0	0.0	0.0
GC_00003253	1	1	1	0	1.0	1.0	1.0	0.0	0.0	0.0
GC_00003254	1	1	1	0	1.0	1.0	1.0	0.0	0.0	0.0
GC_00003255	1	1	1	0	1.0	1.0	1.0	0.0	0.0	0.0
GC_00003256	1	1	1	0	1.0	1.0	1.0	0.0	0.0	0.0
GC_00003257	1	1	1	0	1.0	1.0	1.0	0.0	0.0	0.0
GC_00003258	1	1	1	0	1.0	1.0	1.0	0.0	0.0	0.0
GC_00003259	1	1	1	0	1.0	1.0	1.0	0.0	0.0	0.0
GC_00003260	1	1	1	0	1.0	1.0	1.0	0.0	0.0	0.0
GC_00003261	1	1	1	0	1.0	1.0	1.0	0.0	0.0	0.0
GC_00003262	1	1	1	0	1.0	1.0	1.0	0.0	0.0	0.0
GC_00003263	1	1	1	0	1.0	1.0	1.0	0.0	0.0	0.0
GC_00003264	1	1	1	0	1.0	1.0	1.0	0.0	0.0	0.0
GC_00003265	1	1	1	0	1.0	1.0	1.0	0.0	0.0	0.0
GC_00003266	1	1	1	0	1.0	1.0	1.0	0.0	0.0	0.0
GC_00003267	1	1	1	0	1.0	1.0	1.0	0.0	0.0	0.0
GC_00003268	1	1	1	0	1.0	1.0	1.0	0.0	0.0	0.0
GC_00003269	1	1	1	0	1.0	1.0	1.0	0.0	0.0	0.0
GC_00003270	1	1	1	0	1.0	1.0	1.0	0.0	0.0	0.0
GC_00003271	1	1	1	0	1.0	1.0	1.0	0.0	0.0	0.0
GC_00003272	1	1	1	0	1.0	1.0	1.0	0.0	0.0	0.0
GC_00003273	1	1	1	0	1.0	1.0	1.0	0.0	0.0	0.0
GC_00003274	1	1	1	0	1.0	1.0	1.0	0.0	0.0	0.0
GC_00003275	1	1	1	0	1.0	1.0	1.0	0.0	0.0	0.0
GC_00003276	1	1	1	0	1.0	1.0	1.0	0.0	0.0	0.0
GC_00003277	1	1	1	0	1.0	1.0	1.0	0.0	0.0	0.0
GC_00003278	1	1	1	0	1.0	1.0	1.0	0.0	0.0	0.0
GC_00003279	1	1	1	0	1.0	1.0	1.0	0.0	0.0	0.0
GC_00003280	1	1	1	0	1.0	1.0	1.0	0.0	0.0	0.0
GC_00003281	1	1	1	0	1.0	1.0	1.0	0.0	0.0	0.0
GC_00003282	1	1	1	0	1.0	1.0	1.0	0.0	0.0	0.0
GC_00003283	1	1	1	0	1.0	1.0	1.0	0.0	0.0	0.0
GC_00003284	1	1	1	0	1.0	1.0	1.0	0.0	0.0	0.0
GC_00003285	1	1	1	0	1.0	1.0	1.0	0.0	0.0	0.0
GC_00003286	1	1	1	0	1.0	1.0	1.0	0.0	0.0	0.0
GC_00003287	1	1	1	0	1.0	1.0	1.0	0.0	0.0	0.0
GC_00003288	1	1	1	0	1.0	1.0	1.0	0.0	0.0	0.0
GC_00003289	1	1	1	0	1.0	1.0	1.0	0.0	0.0	0.0
GC_00003290	1	1	1	0	1.0	1.0	1.0	0.0	0.0	0.0
GC_00003291	1	1	1	0	1.0	1.0	1.0	0.0	0.0	0.0
GC_00003292	1	1	1	0	1.0	1.0	1.0	0.0	0.0	0.0
GC_00003293	1	1	1	0	1.0	1.0	1.0	0.0	0.0	0.0
GC_00003294	1	1	1	0	1.0	1.0	1.0	0.0	0.0	0.0
GC_00003295	1	1	1	0	1.0	1.0	1.0	0.0	0.0	0.0
GC_00003296	1	1	1	0	1.0	1.0	1.0	0.0	0.0	0.0
GC_00003297	1	1	1	0	1.0	1.0	1.0	0.0	0.0	0.0
GC_00003298	1	1	1	0	1.0	1.0	1.0	0.0	0.0	0.0
GC_00003299	1	1	1	0	1.0	1.0	1.0	0.0	0.0	0.0
GC_00003300	1	1	1	0	1.0	1.0	1.0	0.0	0.0	0.0
GC_00003301	1	1	1	0	1.0	1.0	1.0	0.0	0.0	0.0
GC_00003302	1	1	1	0	1.0	1.0	1.0	0.0	0.0	0.0
GC_00003303	1	1	1	0	1.0	1.0	1.0	0.0	0.0	0.0
GC_00003304	1	1	1	0	1.0	1.0	1.0	0.0	0.0	0.0
GC_00003305	1	1	1	0	1.0	1.0	1.0	0.0	0.0	0.0
GC_00003306	1	1	1	0	1.0	1.0	1.0	0.0	0.0	0.0
GC_00003307	1	1	1	0	1.0	1.0	1.0	0.0	0.0	0.0
GC_00003308	1	1	1	0	1.0	1.0	1.0	0.0	0.0	0.0
GC_00003309	1	1	1	0	1.0	1.0	1.0	0.0	0.0	0.0
GC_00003310	1	1	1	0	1.0	1.0	1.0	0.0	0.0	0.0
GC_00003311	1	1	1	0	1.0	1.0	1.0	0.0	0.0	0.0
GC_00003312	1	1	1	0	1.0	1.0	1.0	0.0	0.0	0.0
GC_00003313	1	1	1	0	1.0	1.0	1.0	0.0	0.0	0.0
GC_00003314	1	1	1	0	1.0	1.0	1.0	0.0	0.0	0.0
GC_00003315	1	1	1	0	1.0	1.0	1.0	0.0	0.0	0.0
GC_00003316	1	1	1	0	1.0	1.0	1.0	0.0	0.0	0.0
GC_00003317	1	1	1	0	1.0	1.0	1.0	0.0	0.0	0.0
GC_00003318	1	1	1	0	1.0	1.0	1.0	0.0	0.0	0.0
GC_00003319	1	1	1	0	1.0	1.0	1.0	0.0	0.0	0.0
GC_00003320	1	1	1	0	1.0	1.0	1.0	0.0	0.0	0.0
GC_00003321	1	1	1	0	1.0	1.0	1.0	0.0	0.0	0.0
GC_00003322	1	1	1	0	1.0	1.0	1.0	0.0	0.0	0.0
GC_00003323	1	1	1	0	1.0	1.0	1.0	0.0	0.0	0.0
GC_00003324	1	1	1	0	1.0	1.0	1.0	0.0	0.0	0.0
GC_00003325	1	1	1	0	1.0	1.0	1.0	0.0	0.0	0.0
GC_00003326	1	1	1	0	1.0	1.0	1.0	0.0	0.0	0.0
GC_00003327	1	1	1	0	1.0	1.0	1.0	0.0	0.0	0.0
GC_00003328	1	1	1	0	1.0	1.0	1.0	0.0	0.0	0.0
GC_00003329	1	1	1	0	1.0	1.0	1.0	0.0	0.0	0.0
GC_00003330	1	1	1	0	1.0	1.0	1.0	0.0	0.0	0.0
GC_00003331	1	1	1	0	1.0	1.0	1.0	0.0	0.0	0.0
GC_00003332	1	1	1	0	1.0	1.0	1.0	0.0	0.0	0.0
GC_00003333	1	1	1	0	1.0	1.0	1.0	0.0	0.0	0.0
GC_00003334	1	1	1	0	1.0	1.0	1.0	0.0	0.0	0.0
GC_00003335	1	1	1	0	1.0	1.0	1.0	0.0	0.0	0.0
GC_00003336	1	1	1	0	1.0	1.0	1.0	0.0	0.0	0.0
GC_00003337	1	1	1	0	1.0	1.0	1.0	0.0	0.0	0.0
GC_00003338	1	1	1	0	1.0	1.0	1.0	0.0	0.0	0.0
GC_00003339	1	1	1	0	1.0	1.0	1.0	0.0	0.0	0.0
GC_00003340	1	1	1	0	1.0	1.0	1.0	0.0	0.0	0.0
GC_00003341	1	1	1	0	1.0	1.0	1.0	0.0	0.0	0.0
GC_00003342	1	1	1	0	1.0	1.0	1.0	0.0	0.0	0.0
GC_00003343	1	1	1	0	1.0	1.0	1.0	0.0	0.0	0.0
GC_00003344	1	1	1	0	1.0	1.0	1.0	0.0	0.0	0.0
GC_00003345	1	1	1	0	1.0	1.0	1.0	0.0	0.0	0.0
GC_00003346	1	1	1	0	1.0	1.0	1.0	0.0	0.0	0.0
GC_00003347	1	1	1	0	1.0	1.0	1.0	0.0	0.0	0.0
GC_00003348	1	1	1	0	1.0	1.0	1.0	0.0	0.0	0.0
GC_00003349	1	1	1	0	1.0	1.0	1.0	0.0	0.0	0.0
GC_00003350	1	1	1	0	1.0	1.0	1.0	0.0	0.0	0.0
GC_00003351	1	1	1	0	1.0	1.0	1.0	0.0	0.0	0.0
GC_00003352	1	1	1	0	1.0	1.0	1.0	0.0	0.0	0.0
GC_00003353	1	1	1	0	1.0	1.0	1.0	0.0	0.0	0.0
GC_00003354	1	1	1	0	1.0	1.0	1.0	0.0	0.0	0.0
GC_00003355	1	1	1	0	1.0	1.0	1.0	0.0	0.0	0.0
GC_00003356	1	1	1	0	1.0	1.0	1.0	0.0	0.0	0.0
GC_00003357	1	1	1	0	1.0	1.0	1.0	0.0	0.0	0.0
GC_00003358	1	1	1	0	1.0	1.0	1.0	0.0	0.0	0.0
GC_00003359	1	1	1	0	1.0	1.0	1.0	0.0	0.0	0.0
GC_00003360	1	1	1	0	1.0	1.0	1.0	0.0	0.0	0.0
GC_00003361	1	1	1	0	1.0	1.0	1.0	0.0	0.0	0.0
GC_00003362	1	1	1	0	1.0	1.0	1.0	0.0	0.0	0.0
GC_00003363	1	1	1	0	1.0	1.0	1.0	0.0	0.0	0.0
GC_00003364	1	1	1	0	1.0	1.0	1.0	0.0	0.0	0.0
GC_00003365	1	1	1	0	1.0	1.0	1.0	0.0	0.0	0.0
GC_00003366	1	1	1	0	1.0	1.0	1.0	0.0	0.0	0.0
GC_00003367	1	1	1	0	1.0	1.0	1.0	0.0	0.0	0.0
GC_00003368	1	1	1	0	1.0	1.0	1.0	0.0	0.0	0.0
GC_00003369	1	1	1	0	1.0	1.0	1.0	0.0	0.0	0.0
GC_00003370	1	1	1	0	1.0	1.0	1.0	0.0	0.0	0.0
GC_00003371	1	1	1	0	1.0	1.0	1.0	0.0	0.0	0.0
GC_00003372	1	1	1	0	1.0	1.0	1.0	0.0	0.0	0.0
GC_00003373	1	1	1	0	1.0	1.0	1.0	0.0	0.0	0.0
GC_00003374	1	1	1	0	1.0	1.0	1.0	0.0	0.0	0.0
GC_00003375	1	1	1	0	1.0	1.0	1.0	0.0	0.0	0.0
GC_00003376	1	1	1	0	1.0	1.0	1.0	0.0	0.0	0.0
GC_00003377	1	1	1	0	1.0	1.0	1.0	0.0	0.0	0.0
GC_00003378	1	1	1	0	1.0	1.0	1.0	0.0	0.0	0.0
GC_00003379	1	1	1	0	1.0	1.0	1.0	0.0	0.0	0.0
GC_00003380	1	1	1	0	1.0	1.0	1.0	0.0	0.0	0.0
GC_00003381	1	1	1	0	1.0	1.0	1.0	0.0	0.0	0.0
GC_00003382	1	1	1	0	1.0	1.0	1.0	0.0	0.0	0.0
GC_00003383	1	1	1	0	1.0	1.0	1.0	0.0	0.0	0.0
GC_00003384	1	1	1	0	1.0	1.0	1.0	0.0	0.0	0.0
GC_00003385	1	1	1	0	1.0	1.0	1.0	0.0	0.0	0.0
GC_00003386	1	1	1	0	1.0	1.0	1.0	0.0	0.0	0.0
GC_00003387	1	1	1	0	1.0	1.0	1.0	0.0	0.0	0.0
GC_00003388	1	1	1	0	1.0	1.0	1.0	0.0	0.0	0.0
GC_00003389	1	1	1	0	1.0	1.0	1.0	0.0	0.0	0.0
GC_00003390	1	1	1	0	1.0	1.0	1.0	0.0	0.0	0.0
GC_00003391	1	1	1	0	1.0	1.0	1.0	0.0	0.0	0.0
GC_00003392	1	1	1	0	1.0	1.0	1.0	0.0	0.0	0.0
GC_00003393	1	1	1	0	1.0	1.0	1.0	0.0	0.0	0.0
GC_00003394	1	1	1	0	1.0	1.0	1.0	0.0	0.0	0.0
GC_00003395	1	1	1	0	1.0	1.0	1.0	0.0	0.0	0.0
GC_00003396	1	1	1	0	1.0	1.0	1.0	0.0	0.0	0.0
GC_00003397	1	1	1	0	1.0	1.0	1.0	0.0	0.0	0.0
GC_00003398	1	1	1	0	1.0	1.0	1.0	0.0	0.0	0.0
GC_00003399	1	1	1	0	1.0	1.0	1.0	0.0	0.0	0.0
GC_00003400	1	1	1	0	1.0	1.0	1.0	0.0	0.0	0.0
GC_00003401	1	1	1	0	1.0	1.0	1.0	0.0	0.0	0.0
GC_00003402	1	1	1	0	1.0	1.0	1.0	0.0	0.0	0.0
GC_00003403	1	1	1	0	1.0	1.0	1.0	0.0	0.0	0.0
GC_00003404	1	1	1	0	1.0	1.0	1.0	0.0	0.0	0.0
GC_00003405	1	1	1	0	1.0	1.0	1.0	0.0	0.0	0.0
GC_00003406	1	1	1	0	1.0	1.0	1.0	0.0	0.0	0.0
GC_00003407	1	1	1	0	1.0	1.0	1.0	0.0	0.0	0.0
GC_00003408	1	1	1	0	1.0	1.0	1.0	0.0	0.0	0.0
GC_00003409	1	1	1	0	1.0	1.0	1.0	0.0	0.0	0.0
GC_00003410	1	1	1	0	1.0	1.0	1.0	0.0	0.0	0.0
GC_00003411	1	1	1	0	1.0	1.0	1.0	0.0	0.0	0.0
GC_00003412	1	1	1	0	1.0	1.0	1.0	0.0	0.0	0.0
GC_00003413	1	1	1	0	1.0	1.0	1.0	0.0	0.0	0.0
GC_00003414	1	1	1	0	1.0	1.0	1.0	0.0	0.0	0.0
GC_00003415	1	1	1	0	1.0	1.0	1.0	0.0	0.0	0.0
GC_00003416	1	1	1	0	1.0	1.0	1.0	0.0	0.0	0.0
GC_00003417	1	1	1	0	1.0	1.0	1.0	0.0	0.0	0.0
GC_00003418	1	1	1	0	1.0	1.0	1.0	0.0	0.0	0.0
GC_00003419	1	1	1	0	1.0	1.0	1.0	0.0	0.0	0.0
GC_00003420	1	1	1	0	1.0	1.0	1.0	0.0	0.0	0.0
GC_00003421	1	1	1	0	1.0	1.0	1.0	0.0	0.0	0.0
GC_00003422	1	1	1	0	1.0	1.0	1.0	0.0	0.0	0.0
GC_00003423	1	1	1	0	1.0	1.0	1.0	0.0	0.0	0.0
GC_00003424	1	1	1	0	1.0	1.0	1.0	0.0	0.0	0.0
GC_00003425	1	1	1	0	1.0	1.0	1.0	0.0	0.0	0.0
GC_00003426	1	1	1	0	1.0	1.0	1.0	0.0	0.0	0.0
GC_00003427	1	1	1	0	1.0	1.0	1.0	0.0	0.0	0.0
GC_00003428	1	1	1	0	1.0	1.0	1.0	0.0	0.0	0.0
GC_00003429	1	1	1	0	1.0	1.0	1.0	0.0	0.0	0.0
GC_00003430	1	1	1	0	1.0	1.0	1.0	0.0	0.0	0.0
GC_00003431	1	1	1	0	1.0	1.0	1.0	0.0	0.0	0.0
GC_00003432	1	1	1	0	1.0	1.0	1.0	0.0	0.0	0.0
GC_00003433	1	1	1	0	1.0	1.0	1.0	0.0	0.0	0.0
GC_00003434	1	1	1	0	1.0	1.0	1.0	0.0	0.0	0.0
GC_00003435	1	1	1	0	1.0	1.0	1.0	0.0	0.0	0.0
GC_00003436	1	1	1	0	1.0	1.0	1.0	0.0	0.0	0.0
GC_00003437	1	1	1	0	1.0	1.0	1.0	0.0	0.0	0.0
GC_00003438	1	1	1	0	1.0	1.0	1.0	0.0	0.0	0.0
GC_00003439	1	1	1	0	1.0	1.0	1.0	0.0	0.0	0.0
GC_00003440	1	1	1	0	1.0	1.0	1.0	0.0	0.0	0.0
GC_00003441	1	1	1	0	1.0	1.0	1.0	0.0	0.0	0.0
GC_00003442	1	1	1	0	1.0	1.0	1.0	0.0	0.0	0.0
GC_00003443	1	1	1	0	1.0	1.0	1.0	0.0	0.0	0.0
GC_00003444	1	1	1	0	1.0	1.0	1.0	0.0	0.0	0.0
GC_00003445	1	1	1	0	1.0	1.0	1.0	0.0	0.0	0.0
GC_00003446	1	1	1	0	1.0	1.0	1.0	0.0	0.0	0.0
GC_00003447	1	1	1	0	1.0	1.0	1.0	0.0	0.0	0.0
GC_00003448	1	1	1	0	1.0	1.0	1.0	0.0	0.0	0.0
GC_00003449	1	1	1	0	1.0	1.0	1.0	0.0	0.0	0.0
GC_00003450	1	1	1	0	1.0	1.0	1.0	0.0	0.0	0.0
GC_00003451	1	1	1	0	1.0	1.0	1.0	0.0	0.0	0.0
GC_00003452	1	1	1	0	1.0	1.0	1.0	0.0	0.0	0.0
GC_00003453	1	1	1	0	1.0	1.0	1.0	0.0	0.0	0.0
GC_00003454	1	1	1	0	1.0	1.0	1.0	0.0	0.0	0.0
GC_00003455	1	1	1	0	1.0	1.0	1.0	0.0	0.0	0.0
GC_00003456	1	1	1	0	1.0	1.0	1.0	0.0	0.0	0.0
GC_00003457	1	1	1	0	1.0	1.0	1.0	0.0	0.0	0.0
GC_00003458	1	1	1	0	1.0	1.0	1.0	0.0	0.0	0.0
GC_00003459	1	1	1	0	1.0	1.0	1.0	0.0	0.0	0.0
GC_00003460	1	1	1	0	1.0	1.0	1.0	0.0	0.0	0.0
GC_00003461	1	1	1	0	1.0	1.0	1.0	0.0	0.0	0.0
GC_00003462	1	1	1	0	1.0	1.0	1.0	0.0	0.0	0.0
GC_00003463	1	1	1	0	1.0	1.0	1.0	0.0	0.0	0.0
GC_00003464	1	1	1	0	1.0	1.0	1.0	0.0	0.0	0.0
GC_00003465	1	1	1	0	1.0	1.0	1.0	0.0	0.0	0.0
GC_00003466	1	1	1	0	1.0	1.0	1.0	0.0	0.0	0.0
GC_00003467	1	1	1	0	1.0	1.0	1.0	0.0	0.0	0.0
GC_00003468	1	1	1	0	1.0	1.0	1.0	0.0	0.0	0.0
GC_00003469	1	1	1	0	1.0	1.0	1.0	0.0	0.0	0.0
GC_00003470	1	1	1	0	1.0	1.0	1.0	0.0	0.0	0.0
GC_00003471	1	1	1	0	1.0	1.0	1.0	0.0	0.0	0.0
GC_00003472	1	1	1	0	1.0	1.0	1.0	0.0	0.0	0.0
GC_00003473	1	1	1	0	1.0	1.0	1.0	0.0	0.0	0.0
GC_00003474	1	1	1	0	1.0	1.0	1.0	0.0	0.0	0.0
GC_00003475	1	1	1	0	1.0	1.0	1.0	0.0	0.0	0.0
GC_00003476	1	1	1	0	1.0	1.0	1.0	0.0	0.0	0.0
GC_00003477	1	1	1	0	1.0	1.0	1.0	0.0	0.0	0.0
GC_00003478	1	1	1	0	1.0	1.0	1.0	0.0	0.0	0.0
GC_00003479	1	1	1	0	1.0	1.0	1.0	0.0	0.0	0.0
GC_00003480	1	1	1	0	1.0	1.0	1.0	0.0	0.0	0.0
GC_00003481	1	1	1	0	1.0	1.0	1.0	0.0	0.0	0.0
GC_00003482	1	1	1	0	1.0	1.0	1.0	0.0	0.0	0.0
GC_00003483	1	1	1	0	1.0	1.0	1.0	0.0	0.0	0.0
GC_00003484	1	1	1	0	1.0	1.0	1.0	0.0	0.0	0.0
GC_00003485	1	1	1	0	1.0	1.0	1.0	0.0	0.0	0.0
GC_00003486	1	1	1	0	1.0	1.0	1.0	0.0	0.0	0.0
GC_00003487	1	1	1	0	1.0	1.0	1.0	0.0	0.0	0.0
GC_00003488	1	1	1	0	1.0	1.0	1.0	0.0	0.0	0.0
GC_00003489	1	1	1	0	1.0	1.0	1.0	0.0	0.0	0.0
GC_00003490	1	1	1	0	1.0	1.0	1.0	0.0	0.0	0.0
GC_00003491	1	1	1	0	1.0	1.0	1.0	0.0	0.0	0.0
GC_00003492	1	1	1	0	1.0	1.0	1.0	0.0	0.0	0.0
GC_00003493	1	1	1	0	1.0	1.0	1.0	0.0	0.0	0.0
GC_00003494	1	1	1	0	1.0	1.0	1.0	0.0	0.0	0.0
GC_00003495	1	1	1	0	1.0	1.0	1.0	0.0	0.0	0.0
GC_00003496	1	1	1	0	1.0	1.0	1.0	0.0	0.0	0.0
GC_00003497	1	1	1	0	1.0	1.0	1.0	0.0	0.0	0.0
GC_00003498	1	1	1	0	1.0	1.0	1.0	0.0	0.0	0.0
GC_00003499	1	1	1	0	1.0	1.0	1.0	0.0	0.0	0.0
GC_00003500	1	1	1	0	1.0	1.0	1.0	0.0	0.0	0.0
GC_00003501	1	1	1	0	1.0	1.0	1.0	0.0	0.0	0.0
GC_00003502	1	1	1	0	1.0	1.0	1.0	0.0	0.0	0.0
GC_00003503	1	1	1	0	1.0	1.0	1.0	0.0	0.0	0.0
GC_00003504	1	1	1	0	1.0	1.0	1.0	0.0	0.0	0.0
GC_00003505	1	1	1	0	1.0	1.0	1.0	0.0	0.0	0.0
GC_00003506	1	1	1	0	1.0	1.0	1.0	0.0	0.0	0.0
GC_00003507	1	1	1	0	1.0	1.0	1.0	0.0	0.0	0.0
GC_00003508	1	1	1	0	1.0	1.0	1.0	0.0	0.0	0.0
GC_00003509	1	1	1	0	1.0	1.0	1.0	0.0	0.0	0.0
GC_00003510	1	1	1	0	1.0	1.0	1.0	0.0	0.0	0.0
GC_00003511	1	1	1	0	1.0	1.0	1.0	0.0	0.0	0.0
GC_00003512	1	1	1	0	1.0	1.0	1.0	0.0	0.0	0.0
GC_00003513	1	1	1	0	1.0	1.0	1.0	0.0	0.0	0.0
GC_00003514	1	1	1	0	1.0	1.0	1.0	0.0	0.0	0.0
GC_00003515	1	1	1	0	1.0	1.0	1.0	0.0	0.0	0.0
GC_00003516	1	1	1	0	1.0	1.0	1.0	0.0	0.0	0.0
GC_00003517	1	1	1	0	1.0	1.0	1.0	0.0	0.0	0.0
GC_00003518	1	1	1	0	1.0	1.0	1.0	0.0	0.0	0.0
GC_00003519	1	1	1	0	1.0	1.0	1.0	0.0	0.0	0.0
GC_00003520	1	1	1	0	1.0	1.0	1.0	0.0	0.0	0.0
GC_00003521	1	1	1	0	1.0	1.0	1.0	0.0	0.0	0.0
GC_00003522	1	1	1	0	1.0	1.0	1.0	0.0	0.0	0.0
GC_00003523	1	1	1	0	1.0	1.0	1.0	0.0	0.0	0.0
GC_00003524	1	1	1	0	1.0	1.0	1.0	0.0	0.0	0.0
GC_00003525	1	1	1	0	1.0	1.0	1.0	0.0	0.0	0.0
GC_00003526	1	1	1	0	1.0	1.0	1.0	0.0	0.0	0.0
GC_00003527	1	1	1	0	1.0	1.0	1.0	0.0	0.0	0.0
GC_00003528	1	1	1	0	1.0	1.0	1.0	0.0	0.0	0.0
GC_00003529	1	1	1	0	1.0	1.0	1.0	0.0	0.0	0.0
GC_00003530	1	1	1	0	1.0	1.0	1.0	0.0	0.0	0.0
GC_00003531	1	1	1	0	1.0	1.0	1.0	0.0	0.0	0.0
GC_00003532	1	1	1	0	1.0	1.0	1.0	0.0	0.0	0.0
GC_00003533	1	1	1	0	1.0	1.0	1.0	0.0	0.0	0.0
GC_00003534	1	1	1	0	1.0	1.0	1.0	0.0	0.0	0.0
GC_00003535	1	1	1	0	1.0	1.0	1.0	0.0	0.0	0.0
GC_00003536	1	1	1	0	1.0	1.0	1.0	0.0	0.0	0.0
GC_00003537	1	1	1	0	1.0	1.0	1.0	0.0	0.0	0.0
GC_00003538	1	1	1	0	1.0	1.0	1.0	0.0	0.0	0.0
GC_00003539	1	1	1	0	1.0	1.0	1.0	0.0	0.0	0.0
GC_00003540	1	1	1	0	1.0	1.0	1.0	0.0	0.0	0.0
GC_00003541	1	1	1	0	1.0	1.0	1.0	0.0	0.0	0.0
GC_00003542	1	1	1	0	1.0	1.0	1.0	0.0	0.0	0.0
GC_00003543	1	1	1	0	1.0	1.0	1.0	0.0	0.0	0.0
GC_00003544	1	1	1	0	1.0	1.0	1.0	0.0	0.0	0.0
GC_00003545	1	1	1	0	1.0	1.0	1.0	0.0	0.0	0.0
GC_00003546	1	1	1	0	1.0	1.0	1.0	0.0	0.0	0.0
GC_00003547	1	1	1	0	1.0	1.0	1.0	0.0	0.0	0.0
GC_00003548	1	1	1	0	1.0	1.0	1.0	0.0	0.0	0.0
GC_00003549	1	1	1	0	1.0	1.0	1.0	0.0	0.0	0.0
GC_00003550	1	1	1	0	1.0	1.0	1.0	0.0	0.0	0.0
GC_00003551	1	1	1	0	1.0	1.0	1.0	0.0	0.0	0.0
GC_00003552	1	1	1	0	1.0	1.0	1.0	0.0	0.0	0.0
GC_00003553	1	1	1	0	1.0	1.0	1.0	0.0	0.0	0.0
GC_00003554	1	1	1	0	1.0	1.0	1.0	0.0	0.0	0.0
GC_00003555	1	1	1	0	1.0	1.0	1.0	0.0	0.0	0.0
GC_00003556	1	1	1	0	1.0	1.0	1.0	0.0	0.0	0.0
GC_00003557	1	1	1	0	1.0	1.0	1.0	0.0	0.0	0.0
GC_00003558	1	1	1	0	1.0	1.0	1.0	0.0	0.0	0.0
GC_00003559	1	1	1	0	1.0	1.0	1.0	0.0	0.0	0.0
GC_00003560	1	1	1	0	1.0	1.0	1.0	0.0	0.0	0.0
GC_00003561	1	1	1	0	1.0	1.0	1.0	0.0	0.0	0.0
GC_00003562	1	1	1	0	1.0	1.0	1.0	0.0	0.0	0.0
GC_00003563	1	1	1	0	1.0	1.0	1.0	0.0	0.0	0.0
GC_00003564	1	1	1	0	1.0	1.0	1.0	0.0	0.0	0.0
GC_00003565	1	1	1	0	1.0	1.0	1.0	0.0	0.0	0.0
GC_00003566	1	1	1	0	1.0	1.0	1.0	0.0	0.0	0.0
GC_00003567	1	1	1	0	1.0	1.0	1.0	0.0	0.0	0.0
GC_00003568	1	1	1	0	1.0	1.0	1.0	0.0	0.0	0.0
GC_00003569	1	1	1	0	1.0	1.0	1.0	0.0	0.0	0.0
GC_00003570	1	1	1	0	1.0	1.0	1.0	0.0	0.0	0.0
GC_00003571	1	1	1	0	1.0	1.0	1.0	0.0	0.0	0.0
GC_00003572	1	1	1	0	1.0	1.0	1.0	0.0	0.0	0.0
GC_00003573	1	1	1	0	1.0	1.0	1.0	0.0	0.0	0.0
GC_00003574	1	1	1	0	1.0	1.0	1.0	0.0	0.0	0.0
GC_00003575	1	1	1	0	1.0	1.0	1.0	0.0	0.0	0.0
GC_00003576	1	1	1	0	1.0	1.0	1.0	0.0	0.0	0.0
GC_00003577	1	1	1	0	1.0	1.0	1.0	0.0	0.0	0.0
GC_00003578	1	1	1	0	1.0	1.0	1.0	0.0	0.0	0.0
GC_00003579	1	1	1	0	1.0	1.0	1.0	0.0	0.0	0.0
GC_00003580	1	1	1	0	1.0	1.0	1.0	0.0	0.0	0.0
GC_00003581	1	1	1	0	1.0	1.0	1.0	0.0	0.0	0.0
GC_00003582	1	1	1	0	1.0	1.0	1.0	0.0	0.0	0.0
GC_00003583	1	1	1	0	1.0	1.0	1.0	0.0	0.0	0.0
GC_00003584	1	1	1	0	1.0	1.0	1.0	0.0	0.0	0.0
GC_00003585	1	1	1	0	1.0	1.0	1.0	0.0	0.0	0.0
GC_00003586	1	1	1	0	1.0	1.0	1.0	0.0	0.0	0.0
GC_00003587	1	1	1	0	1.0	1.0	1.0	0.0	0.0	0.0
GC_00003588	1	1	1	0	1.0	1.0	1.0	0.0	0.0	0.0
GC_00003589	1	1	1	0	1.0	1.0	1.0	0.0	0.0	0.0
GC_00003590	1	1	1	0	1.0	1.0	1.0	0.0	0.0	0.0
GC_00003591	1	1	1	0	1.0	1.0	1.0	0.0	0.0	0.0
GC_00003592	1	1	1	0	1.0	1.0	1.0	0.0	0.0	0.0
GC_00003593	1	1	1	0	1.0	1.0	1.0	0.0	0.0	0.0
GC_00003594	1	1	1	0	1.0	1.0	1.0	0.0	0.0	0.0
GC_00003595	1	1	1	0	1.0	1.0	1.0	0.0	0.0	0.0
GC_00003596	1	1	1	0	1.0	1.0	1.0	0.0	0.0	0.0
GC_00003597	1	1	1	0	1.0	1.0	1.0	0.0	0.0	0.0
GC_00003598	1	1	1	0	1.0	1.0	1.0	0.0	0.0	0.0
GC_00003599	1	1	1	0	1.0	1.0	1.0	0.0	0.0	0.0
GC_00003600	1	1	1	0	1.0	1.0	1.0	0.0	0.0	0.0
GC_00003601	1	1	1	0	1.0	1.0	1.0	0.0	0.0	0.0
GC_00003602	1	1	1	0	1.0	1.0	1.0	0.0	0.0	0.0
GC_00003603	1	1	1	0	1.0	1.0	1.0	0.0	0.0	0.0
GC_00003604	1	1	1	0	1.0	1.0	1.0	0.0	0.0	0.0
GC_00003605	1	1	1	0	1.0	1.0	1.0	0.0	0.0	0.0
GC_00003606	1	1	1	0	1.0	1.0	1.0	0.0	0.0	0.0
GC_00003607	1	1	1	0	1.0	1.0	1.0	0.0	0.0	0.0
GC_00003608	1	1	1	0	1.0	1.0	1.0	0.0	0.0	0.0
GC_00003609	1	1	1	0	1.0	1.0	1.0	0.0	0.0	0.0
GC_00003610	1	1	1	0	1.0	1.0	1.0	0.0	0.0	0.0
GC_00003611	1	1	1	0	1.0	1.0	1.0	0.0	0.0	0.0
GC_00003612	1	1	1	0	1.0	1.0	1.0	0.0	0.0	0.0
GC_00003613	1	1	1	0	1.0	1.0	1.0	0.0	0.0	0.0
GC_00003614	1	1	1	0	1.0	1.0	1.0	0.0	0.0	0.0
GC_00003615	1	1	1	0	1.0	1.0	1.0	0.0	0.0	0.0
GC_00003616	1	1	1	0	1.0	1.0	1.0	0.0	0.0	0.0
GC_00003617	1	1	1	0	1.0	1.0	1.0	0.0	0.0	0.0
GC_00003618	1	1	1	0	1.0	1.0	1.0	0.0	0.0	0.0
GC_00003619	1	1	1	0	1.0	1.0	1.0	0.0	0.0	0.0
GC_00003620	1	1	1	0	1.0	1.0	1.0	0.0	0.0	0.0
GC_00003621	1	1	1	0	1.0	1.0	1.0	0.0	0.0	0.0
GC_00003622	1	1	1	0	1.0	1.0	1.0	0.0	0.0	0.0
GC_00003623	1	1	1	0	1.0	1.0	1.0	0.0	0.0	0.0
GC_00003624	1	1	1	0	1.0	1.0	1.0	0.0	0.0	0.0
GC_00003625	1	1	1	0	1.0	1.0	1.0	0.0	0.0	0.0
GC_00003626	1	1	1	0	1.0	1.0	1.0	0.0	0.0	0.0
GC_00003627	1	1	1	0	1.0	1.0	1.0	0.0	0.0	0.0
GC_00003628	1	1	1	0	1.0	1.0	1.0	0.0	0.0	0.0
GC_00003629	1	1	1	0	1.0	1.0	1.0	0.0	0.0	0.0
GC_00003630	1	1	1	0	1.0	1.0	1.0	0.0	0.0	0.0
GC_00003631	1	1	1	0	1.0	1.0	1.0	0.0	0.0	0.0
GC_00003632	1	1	1	0	1.0	1.0	1.0	0.0	0.0	0.0
GC_00003633	1	1	1	0	1.0	1.0	1.0	0.0	0.0	0.0
GC_00003634	1	1	1	0	1.0	1.0	1.0	0.0	0.0	0.0
GC_00003635	1	1	1	0	1.0	1.0	1.0	0.0	0.0	0.0
GC_00003636	1	1	1	0	1.0	1.0	1.0	0.0	0.0	0.0
GC_00003637	1	1	1	0	1.0	1.0	1.0	0.0	0.0	0.0
GC_00003638	1	1	1	0	1.0	1.0	1.0	0.0	0.0	0.0
GC_00003639	1	1	1	0	1.0	1.0	1.0	0.0	0.0	0.0
GC_00003640	1	1	1	0	1.0	1.0	1.0	0.0	0.0	0.0
GC_00003641	1	1	1	0	1.0	1.0	1.0	0.0	0.0	0.0
GC_00003642	1	1	1	0	1.0	1.0	1.0	0.0	0.0	0.0
GC_00003643	1	1	1	0	1.0	1.0	1.0	0.0	0.0	0.0
GC_00003644	1	1	1	0	1.0	1.0	1.0	0.0	0.0	0.0
GC_00003645	1	1	1	0	1.0	1.0	1.0	0.0	0.0	0.0
GC_00003646	1	1	1	0	1.0	1.0	1.0	0.0	0.0	0.0
GC_00003647	1	1	1	0	1.0	1.0	1.0	0.0	0.0	0.0
GC_00003648	1	1	1	0	1.0	1.0	1.0	0.0	0.0	0.0
GC_00003649	1	1	1	0	1.0	1.0	1.0	0.0	0.0	0.0
GC_00003650	1	1	1	0	1.0	1.0	1.0	0.0	0.0	0.0
GC_00003651	1	1	1	0	1.0	1.0	1.0	0.0	0.0	0.0
GC_00003652	1	1	1	0	1.0	1.0	1.0	0.0	0.0	0.0
GC_00003653	1	1	1	0	1.0	1.0	1.0	0.0	0.0	0.0
GC_00003654	1	1	1	0	1.0	1.0	1.0	0.0	0.0	0.0
GC_00003655	1	1	1	0	1.0	1.0	1.0	0.0	0.0	0.0
GC_00003656	1	1	1	0	1.0	1.0	1.0	0.0	0.0	0.0
GC_00003657	1	1	1	0	1.0	1.0	1.0	0.0	0.0	0.0
GC_00003658	1	1	1	0	1.0	1.0	1.0	0.0	0.0	0.0
GC_00003659	1	1	1	0	1.0	1.0	1.0	0.0	0.0	0.0
GC_00003660	1	1	1	0	1.0	1.0	1.0	0.0	0.0	0.0
GC_00003661	1	1	1	0	1.0	1.0	1.0	0.0	0.0	0.0
GC_00003662	1	1	1	0	1.0	1.0	1.0	0.0	0.0	0.0
GC_00003663	1	1	1	0	1.0	1.0	1.0	0.0	0.0	0.0
GC_00003664	1	1	1	0	1.0	1.0	1.0	0.0	0.0	0.0
GC_00003665	1	1	1	0	1.0	1.0	1.0	0.0	0.0	0.0
GC_00003666	1	1	1	0	1.0	1.0	1.0	0.0	0.0	0.0
GC_00003667	1	1	1	0	1.0	1.0	1.0	0.0	0.0	0.0
GC_00003668	1	1	1	0	1.0	1.0	1.0	0.0	0.0	0.0
GC_00003669	1	1	1	0	1.0	1.0	1.0	0.0	0.0	0.0
GC_00003670	1	1	1	0	1.0	1.0	1.0	0.0	0.0	0.0
GC_00003671	1	1	1	0	1.0	1.0	1.0	0.0	0.0	0.0
GC_00003672	1	1	1	0	1.0	1.0	1.0	0.0	0.0	0.0
GC_00003673	1	1	1	0	1.0	1.0	1.0	0.0	0.0	0.0
GC_00003674	1	1	1	0	1.0	1.0	1.0	0.0	0.0	0.0
GC_00003675	1	1	1	0	1.0	1.0	1.0	0.0	0.0	0.0
GC_00003676	1	1	1	0	1.0	1.0	1.0	0.0	0.0	0.0
GC_00003677	1	1	1	0	1.0	1.0	1.0	0.0	0.0	0.0
GC_00003678	1	1	1	0	1.0	1.0	1.0	0.0	0.0	0.0
GC_00003679	1	1	1	0	1.0	1.0	1.0	0.0	0.0	0.0
GC_00003680	1	1	1	0	1.0	1.0	1.0	0.0	0.0	0.0
GC_00003681	1	1	1	0	1.0	1.0	1.0	0.0	0.0	0.0
GC_00003682	1	1	1	0	1.0	1.0	1.0	0.0	0.0	0.0
GC_00003683	1	1	1	0	1.0	1.0	1.0	0.0	0.0	0.0
GC_00003684	1	1	1	0	1.0	1.0	1.0	0.0	0.0	0.0
GC_00003685	1	1	1	0	1.0	1.0	1.0	0.0	0.0	0.0
GC_00003686	1	1	1	0	1.0	1.0	1.0	0.0	0.0	0.0
GC_00003687	1	1	1	0	1.0	1.0	1.0	0.0	0.0	0.0
GC_00003688	1	1	1	0	1.0	1.0	1.0	0.0	0.0	0.0
GC_00003689	1	1	1	0	1.0	1.0	1.0	0.0	0.0	0.0
GC_00003690	1	1	1	0	1.0	1.0	1.0	0.0	0.0	0.0
GC_00003691	1	1	1	0	1.0	1.0	1.0	0.0	0.0	0.0
GC_00003692	1	1	1	0	1.0	1.0	1.0	0.0	0.0	0.0
GC_00003693	1	1	1	0	1.0	1.0	1.0	0.0	0.0	0.0
GC_00003694	1	1	1	0	1.0	1.0	1.0	0.0	0.0	0.0
GC_00003695	1	1	1	0	1.0	1.0	1.0	0.0	0.0	0.0
GC_00003696	1	1	1	0	1.0	1.0	1.0	0.0	0.0	0.0
GC_00003697	1	1	1	0	1.0	1.0	1.0	0.0	0.0	0.0
GC_00003698	1	1	1	0	1.0	1.0	1.0	0.0	0.0	0.0
GC_00003699	1	1	1	0	1.0	1.0	1.0	0.0	0.0	0.0
GC_00003700	1	1	1	0	1.0	1.0	1.0	0.0	0.0	0.0
GC_00003701	1	1	1	0	1.0	1.0	1.0	0.0	0.0	0.0
GC_00003702	1	1	1	0	1.0	1.0	1.0	0.0	0.0	0.0
GC_00003703	1	1	1	0	1.0	1.0	1.0	0.0	0.0	0.0
GC_00003704	1	1	1	0	1.0	1.0	1.0	0.0	0.0	0.0
GC_00003705	1	1	1	0	1.0	1.0	1.0	0.0	0.0	0.0
GC_00003706	1	1	1	0	1.0	1.0	1.0	0.0	0.0	0.0
GC_00003707	1	1	1	0	1.0	1.0	1.0	0.0	0.0	0.0
GC_00003708	1	1	1	0	1.0	1.0	1.0	0.0	0.0	0.0
GC_00003709	1	1	1	0	1.0	1.0	1.0	0.0	0.0	0.0
GC_00003710	1	1	1	0	1.0	1.0	1.0	0.0	0.0	0.0
GC_00003711	1	1	1	0	1.0	1.0	1.0	0.0	0.0	0.0
GC_00003712	1	1	1	0	1.0	1.0	1.0	0.0	0.0	0.0
GC_00003713	1	1	1	0	1.0	1.0	1.0	0.0	0.0	0.0
GC_00003714	1	1	1	0	1.0	1.0	1.0	0.0	0.0	0.0
GC_00003715	1	1	1	0	1.0	1.0	1.0	0.0	0.0	0.0
GC_00003716	1	1	1	0	1.0	1.0	1.0	0.0	0.0	0.0
GC_00003717	1	1	1	0	1.0	1.0	1.0	0.0	0.0	0.0
GC_00003718	1	1	1	0	1.0	1.0	1.0	0.0	0.0	0.0
GC_00003719	1	1	1	0	1.0	1.0	1.0	0.0	0.0	0.0
GC_00003720	1	1	1	0	1.0	1.0	1.0	0.0	0.0	0.0
GC_00003721	1	1	1	0	1.0	1.0	1.0	0.0	0.0	0.0
GC_00003722	1	1	1	0	1.0	1.0	1.0	0.0	0.0	0.0
GC_00003723	1	1	1	0	1.0	1.0	1.0	0.0	0.0	0.0
GC_00003724	1	1	1	0	1.0	1.0	1.0	0.0	0.0	0.0
GC_00003725	1	1	1	0	1.0	1.0	1.0	0.0	0.0	0.0
GC_00003726	1	1	1	0	1.0	1.0	1.0	0.0	0.0	0.0
GC_00003727	1	1	1	0	1.0	1.0	1.0	0.0	0.0	0.0
GC_00003728	1	1	1	0	1.0	1.0	1.0	0.0	0.0	0.0
GC_00003729	1	1	1	0	1.0	1.0	1.0	0.0	0.0	0.0
GC_00003730	1	1	1	0	1.0	1.0	1.0	0.0	0.0	0.0
GC_00003731	1	1	1	0	1.0	1.0	1.0	0.0	0.0	0.0
GC_00003732	1	1	1	0	1.0	1.0	1.0	0.0	0.0	0.0
GC_00003733	1	1	1	0	1.0	1.0	1.0	0.0	0.0	0.0
GC_00003734	1	1	1	0	1.0	1.0	1.0	0.0	0.0	0.0
GC_00003735	1	1	1	0	1.0	1.0	1.0	0.0	0.0	0.0
GC_00003736	1	1	1	0	1.0	1.0	1.0	0.0	0.0	0.0
GC_00003737	1	1	1	0	1.0	1.0	1.0	0.0	0.0	0.0
GC_00003738	1	1	1	0	1.0	1.0	1.0	0.0	0.0	0.0
GC_00003739	1	1	1	0	1.0	1.0	1.0	0.0	0.0	0.0
GC_00003740	1	1	1	0	1.0	1.0	1.0	0.0	0.0	0.0
GC_00003741	1	1	1	0	1.0	1.0	1.0	0.0	0.0	0.0
GC_00003742	1	1	1	0	1.0	1.0	1.0	0.0	0.0	0.0
GC_00003743	1	1	1	0	1.0	1.0	1.0	0.0	0.0	0.0
GC_00003744	1	1	1	0	1.0	1.0	1.0	0.0	0.0	0.0
GC_00003745	1	1	1	0	1.0	1.0	1.0	0.0	0.0	0.0
GC_00003746	1	1	1	0	1.0	1.0	1.0	0.0	0.0	0.0
GC_00003747	1	1	1	0	1.0	1.0	1.0	0.0	0.0	0.0
GC_00003748	1	1	1	0	1.0	1.0	1.0	0.0	0.0	0.0
GC_00003749	1	1	1	0	1.0	1.0	1.0	0.0	0.0	0.0
GC_00003750	1	1	1	0	1.0	1.0	1.0	0.0	0.0	0.0
GC_00003751	1	1	1	0	1.0	1.0	1.0	0.0	0.0	0.0
GC_00003752	1	1	1	0	1.0	1.0	1.0	0.0	0.0	0.0
GC_00003753	1	1	1	0	1.0	1.0	1.0	0.0	0.0	0.0
GC_00003754	1	1	1	0	1.0	1.0	1.0	0.0	0.0	0.0
GC_00003755	1	1	1	0	1.0	1.0	1.0	0.0	0.0	0.0
GC_00003756	1	1	1	0	1.0	1.0	1.0	0.0	0.0	0.0
GC_00003757	1	1	1	0	1.0	1.0	1.0	0.0	0.0	0.0
GC_00003758	1	1	1	0	1.0	1.0	1.0	0.0	0.0	0.0
GC_00003759	1	1	1	0	1.0	1.0	1.0	0.0	0.0	0.0
GC_00003760	1	1	1	0	1.0	1.0	1.0	0.0	0.0	0.0
GC_00003761	1	1	1	0	1.0	1.0	1.0	0.0	0.0	0.0
GC_00003762	1	1	1	0	1.0	1.0	1.0	0.0	0.0	0.0
GC_00003763	1	1	1	0	1.0	1.0	1.0	0.0	0.0	0.0
GC_00003764	1	1	1	0	1.0	1.0	1.0	0.0	0.0	0.0
GC_00003765	1	1	1	0	1.0	1.0	1.0	0.0	0.0	0.0
GC_00003766	1	1	1	0	1.0	1.0	1.0	0.0	0.0	0.0
GC_00003767	1	1	1	0	1.0	1.0	1.0	0.0	0.0	0.0
GC_00003768	1	1	1	0	1.0	1.0	1.0	0.0	0.0	0.0
GC_00003769	1	1	1	0	1.0	1.0	1.0	0.0	0.0	0.0
GC_00003770	1	1	1	0	1.0	1.0	1.0	0.0	0.0	0.0
GC_00003771	1	1	1	0	1.0	1.0	1.0	0.0	0.0	0.0
GC_00003772	1	1	1	0	1.0	1.0	1.0	0.0	0.0	0.0
GC_00003773	1	1	1	0	1.0	1.0	1.0	0.0	0.0	0.0
GC_00003774	1	1	1	0	1.0	1.0	1.0	0.0	0.0	0.0
GC_00003775	1	1	1	0	1.0	1.0	1.0	0.0	0.0	0.0
GC_00003776	1	1	1	0	1.0	1.0	1.0	0.0	0.0	0.0
GC_00003777	1	1	1	0	1.0	1.0	1.0	0.0	0.0	0.0
GC_00003778	1	1	1	0	1.0	1.0	1.0	0.0	0.0	0.0
GC_00003779	1	1	1	0	1.0	1.0	1.0	0.0	0.0	0.0
GC_00003780	1	1	1	0	1.0	1.0	1.0	0.0	0.0	0.0
GC_00003781	1	1	1	0	1.0	1.0	1.0	0.0	0.0	0.0
GC_00003782	1	1	1	0	1.0	1.0	1.0	0.0	0.0	0.0
GC_00003783	1	1	1	0	1.0	1.0	1.0	0.0	0.0	0.0
GC_00003784	1	1	1	0	1.0	1.0	1.0	0.0	0.0	0.0
GC_00003785	1	1	1	0	1.0	1.0	1.0	0.0	0.0	0.0
GC_00003786	1	1	1	0	1.0	1.0	1.0	0.0	0.0	0.0
GC_00003787	1	1	1	0	1.0	1.0	1.0	0.0	0.0	0.0
GC_00003788	1	1	1	0	1.0	1.0	1.0	0.0	0.0	0.0
GC_00003789	1	1	1	0	1.0	1.0	1.0	0.0	0.0	0.0
GC_00003790	1	1	1	0	1.0	1.0	1.0	0.0	0.0	0.0
GC_00003791	1	1	1	0	1.0	1.0	1.0	0.0	0.0	0.0
GC_00003792	1	1	1	0	1.0	1.0	1.0	0.0	0.0	0.0
GC_00003793	1	1	1	0	1.0	1.0	1.0	0.0	0.0	0.0
GC_00003794	1	1	1	0	1.0	1.0	1.0	0.0	0.0	0.0
GC_00003795	1	1	1	0	1.0	1.0	1.0	0.0	0.0	0.0
GC_00003796	1	1	1	0	1.0	1.0	1.0	0.0	0.0	0.0
GC_00003797	1	1	1	0	1.0	1.0	1.0	0.0	0.0	0.0
GC_00003798	1	1	1	0	1.0	1.0	1.0	0.0	0.0	0.0
GC_00003799	1	1	1	0	1.0	1.0	1.0	0.0	0.0	0.0
GC_00003800	1	1	1	0	1.0	1.0	1.0	0.0	0.0	0.0
GC_00003801	1	1	1	0	1.0	1.0	1.0	0.0	0.0	0.0
GC_00003802	1	1	1	0	1.0	1.0	1.0	0.0	0.0	0.0
GC_00003803	1	1	1	0	1.0	1.0	1.0	0.0	0.0	0.0
GC_00003804	1	1	1	0	1.0	1.0	1.0	0.0	0.0	0.0
GC_00003805	1	1	1	0	1.0	1.0	1.0	0.0	0.0	0.0
GC_00003806	1	1	1	0	1.0	1.0	1.0	0.0	0.0	0.0
GC_00003807	1	1	1	0	1.0	1.0	1.0	0.0	0.0	0.0
GC_00003808	1	1	1	0	1.0	1.0	1.0	0.0	0.0	0.0
GC_00003809	1	1	1	0	1.0	1.0	1.0	0.0	0.0	0.0
GC_00003810	1	1	1	0	1.0	1.0	1.0	0.0	0.0	0.0
GC_00003811	1	1	1	0	1.0	1.0	1.0	0.0	0.0	0.0
GC_00003812	1	1	1	0	1.0	1.0	1.0	0.0	0.0	0.0
GC_00003813	1	1	1	0	1.0	1.0	1.0	0.0	0.0	0.0
GC_00003814	1	1	1	0	1.0	1.0	1.0	0.0	0.0	0.0
GC_00003815	1	1	1	0	1.0	1.0	1.0	0.0	0.0	0.0
GC_00003816	1	1	1	0	1.0	1.0	1.0	0.0	0.0	0.0
GC_00003817	1	1	1	0	1.0	1.0	1.0	0.0	0.0	0.0
GC_00003818	1	1	1	0	1.0	1.0	1.0	0.0	0.0	0.0
GC_00003819	1	1	1	0	1.0	1.0	1.0	0.0	0.0	0.0
GC_00003820	1	1	1	0	1.0	1.0	1.0	0.0	0.0	0.0
GC_00003821	1	1	1	0	1.0	1.0	1.0	0.0	0.0	0.0
GC_00003822	1	1	1	0	1.0	1.0	1.0	0.0	0.0	0.0
GC_00003823	1	1	1	0	1.0	1.0	1.0	0.0	0.0	0.0
GC_00003824	1	1	1	0	1.0	1.0	1.0	0.0	0.0	0.0
GC_00003825	1	1	1	0	1.0	1.0	1.0	0.0	0.0	0.0
GC_00003826	1	1	1	0	1.0	1.0	1.0	0.0	0.0	0.0
GC_00003827	1	1	1	0	1.0	1.0	1.0	0.0	0.0	0.0
GC_00003828	1	1	1	0	1.0	1.0	1.0	0.0	0.0	0.0
GC_00003829	1	1	1	0	1.0	1.0	1.0	0.0	0.0	0.0
GC_00003830	1	1	1	0	1.0	1.0	1.0	0.0	0.0	0.0
GC_00003831	1	1	1	0	1.0	1.0	1.0	0.0	0.0	0.0
GC_00003832	1	1	1	0	1.0	1.0	1.0	0.0	0.0	0.0
GC_00003833	1	1	1	0	1.0	1.0	1.0	0.0	0.0	0.0
GC_00003834	1	1	1	0	1.0	1.0	1.0	0.0	0.0	0.0
GC_00003835	1	1	1	0	1.0	1.0	1.0	0.0	0.0	0.0
GC_00003836	1	1	1	0	1.0	1.0	1.0	0.0	0.0	0.0
GC_00003837	1	1	1	0	1.0	1.0	1.0	0.0	0.0	0.0
GC_00003838	1	1	1	0	1.0	1.0	1.0	0.0	0.0	0.0
GC_00003839	1	1	1	0	1.0	1.0	1.0	0.0	0.0	0.0
GC_00003840	1	1	1	0	1.0	1.0	1.0	0.0	0.0	0.0
GC_00003841	1	1	1	0	1.0	1.0	1.0	0.0	0.0	0.0
GC_00003842	1	1	1	0	1.0	1.0	1.0	0.0	0.0	0.0
GC_00003843	1	1	1	0	1.0	1.0	1.0	0.0	0.0	0.0
GC_00003844	1	1	1	0	1.0	1.0	1.0	0.0	0.0	0.0
GC_00003845	1	1	1	0	1.0	1.0	1.0	0.0	0.0	0.0
GC_00003846	1	1	1	0	1.0	1.0	1.0	0.0	0.0	0.0
GC_00003847	1	1	1	0	1.0	1.0	1.0	0.0	0.0	0.0
GC_00003848	1	1	1	0	1.0	1.0	1.0	0.0	0.0	0.0
GC_00003849	1	1	1	0	1.0	1.0	1.0	0.0	0.0	0.0
GC_00003850	1	1	1	0	1.0	1.0	1.0	0.0	0.0	0.0
GC_00003851	1	1	1	0	1.0	1.0	1.0	0.0	0.0	0.0
GC_00003852	1	1	1	0	1.0	1.0	1.0	0.0	0.0	0.0
GC_00003853	1	1	1	0	1.0	1.0	1.0	0.0	0.0	0.0
GC_00003854	1	1	1	0	1.0	1.0	1.0	0.0	0.0	0.0
GC_00003855	1	1	1	0	1.0	1.0	1.0	0.0	0.0	0.0
GC_00003856	1	1	1	0	1.0	1.0	1.0	0.0	0.0	0.0
GC_00003857	1	1	1	0	1.0	1.0	1.0	0.0	0.0	0.0
GC_00003858	1	1	1	0	1.0	1.0	1.0	0.0	0.0	0.0
GC_00003859	1	1	1	0	1.0	1.0	1.0	0.0	0.0	0.0
GC_00003860	1	1	1	0	1.0	1.0	1.0	0.0	0.0	0.0
GC_00003861	1	1	1	0	1.0	1.0	1.0	0.0	0.0	0.0
GC_00003862	1	1	1	0	1.0	1.0	1.0	0.0	0.0	0.0
GC_00003863	1	1	1	0	1.0	1.0	1.0	0.0	0.0	0.0
GC_00003864	1	1	1	0	1.0	1.0	1.0	0.0	0.0	0.0
GC_00003865	1	1	1	0	1.0	1.0	1.0	0.0	0.0	0.0
GC_00003866	1	1	1	0	1.0	1.0	1.0	0.0	0.0	0.0
GC_00003867	1	1	1	0	1.0	1.0	1.0	0.0	0.0	0.0
GC_00003868	1	1	1	0	1.0	1.0	1.0	0.0	0.0	0.0
GC_00003869	1	1	1	0	1.0	1.0	1.0	0.0	0.0	0.0
GC_00003870	1	1	1	0	1.0	1.0	1.0	0.0	0.0	0.0
GC_00003871	1	1	1	0	1.0	1.0	1.0	0.0	0.0	0.0
GC_00003872	1	1	1	0	1.0	1.0	1.0	0.0	0.0	0.0
GC_00003873	1	1	1	0	1.0	1.0	1.0	0.0	0.0	0.0
GC_00003874	1	1	1	0	1.0	1.0	1.0	0.0	0.0	0.0
GC_00003875	1	1	1	0	1.0	1.0	1.0	0.0	0.0	0.0
GC_00003876	1	1	1	0	1.0	1.0	1.0	0.0	0.0	0.0
GC_00003877	1	1	1	0	1.0	1.0	1.0	0.0	0.0	0.0
GC_00003878	1	1	1	0	1.0	1.0	1.0	0.0	0.0	0.0
GC_00003879	1	1	1	0	1.0	1.0	1.0	0.0	0.0	0.0
GC_00003880	1	1	1	0	1.0	1.0	1.0	0.0	0.0	0.0
GC_00003881	1	1	1	0	1.0	1.0	1.0	0.0	0.0	0.0
GC_00003882	1	1	1	0	1.0	1.0	1.0	0.0	0.0	0.0
GC_00003883	1	1	1	0	1.0	1.0	1.0	0.0	0.0	0.0
GC_00003884	1	1	1	0	1.0	1.0	1.0	0.0	0.0	0.0
GC_00003885	1	1	1	0	1.0	1.0	1.0	0.0	0.0	0.0
GC_00003886	1	1	1	0	1.0	1.0	1.0	0.0	0.0	0.0
GC_00003887	1	1	1	0	1.0	1.0	1.0	0.0	0.0	0.0
GC_00003888	1	1	1	0	1.0	1.0	1.0	0.0	0.0	0.0
GC_00003889	1	1	1	0	1.0	1.0	1.0	0.0	0.0	0.0
GC_00003890	1	1	1	0	1.0	1.0	1.0	0.0	0.0	0.0
GC_00003891	1	1	1	0	1.0	1.0	1.0	0.0	0.0	0.0
GC_00003892	1	1	1	0	1.0	1.0	1.0	0.0	0.0	0.0
GC_00003893	1	1	1	0	1.0	1.0	1.0	0.0	0.0	0.0
GC_00003894	1	1	1	0	1.0	1.0	1.0	0.0	0.0	0.0
GC_00003895	1	1	1	0	1.0	1.0	1.0	0.0	0.0	0.0
GC_00003896	1	1	1	0	1.0	1.0	1.0	0.0	0.0	0.0
GC_00003897	1	1	1	0	1.0	1.0	1.0	0.0	0.0	0.0
GC_00003898	1	1	1	0	1.0	1.0	1.0	0.0	0.0	0.0
GC_00003899	1	1	1	0	1.0	1.0	1.0	0.0	0.0	0.0
GC_00003900	1	1	1	0	1.0	1.0	1.0	0.0	0.0	0.0
GC_00003901	1	1	1	0	1.0	1.0	1.0	0.0	0.0	0.0
GC_00003902	1	1	1	0	1.0	1.0	1.0	0.0	0.0	0.0
GC_00003903	1	1	1	0	1.0	1.0	1.0	0.0	0.0	0.0
GC_00003904	1	1	1	0	1.0	1.0	1.0	0.0	0.0	0.0
GC_00003905	1	1	1	0	1.0	1.0	1.0	0.0	0.0	0.0
GC_00003906	1	1	1	0	1.0	1.0	1.0	0.0	0.0	0.0
GC_00003907	1	1	1	0	1.0	1.0	1.0	0.0	0.0	0.0
GC_00003908	1	1	1	0	1.0	1.0	1.0	0.0	0.0	0.0
GC_00003909	1	1	1	0	1.0	1.0	1.0	0.0	0.0	0.0
GC_00003910	1	1	1	0	1.0	1.0	1.0	0.0	0.0	0.0
GC_00003911	1	1	1	0	1.0	1.0	1.0	0.0	0.0	0.0
GC_00003912	1	1	1	0	1.0	1.0	1.0	0.0	0.0	0.0
GC_00003913	1	1	1	0	1.0	1.0	1.0	0.0	0.0	0.0
GC_00003914	1	1	1	0	1.0	1.0	1.0	0.0	0.0	0.0
GC_00003915	1	1	1	0	1.0	1.0	1.0	0.0	0.0	0.0
GC_00003916	1	1	1	0	1.0	1.0	1.0	0.0	0.0	0.0
GC_00003917	1	1	1	0	1.0	1.0	1.0	0.0	0.0	0.0
GC_00003918	1	1	1	0	1.0	1.0	1.0	0.0	0.0	0.0
GC_00003919	1	1	1	0	1.0	1.0	1.0	0.0	0.0	0.0
GC_00003920	1	1	1	0	1.0	1.0	1.0	0.0	0.0	0.0
GC_00003921	1	1	1	0	1.0	1.0	1.0	0.0	0.0	0.0
GC_00003922	1	1	1	0	1.0	1.0	1.0	0.0	0.0	0.0
GC_00003923	1	1	1	0	1.0	1.0	1.0	0.0	0.0	0.0
GC_00003924	1	1	1	0	1.0	1.0	1.0	0.0	0.0	0.0
GC_00003925	1	1	1	0	1.0	1.0	1.0	0.0	0.0	0.0
GC_00003926	1	1	1	0	1.0	1.0	1.0	0.0	0.0	0.0
GC_00003927	1	1	1	0	1.0	1.0	1.0	0.0	0.0	0.0
GC_00003928	1	1	1	0	1.0	1.0	1.0	0.0	0.0	0.0
GC_00003929	1	1	1	0	1.0	1.0	1.0	0.0	0.0	0.0
GC_00003930	1	1	1	0	1.0	1.0	1.0	0.0	0.0	0.0
GC_00003931	1	1	1	0	1.0	1.0	1.0	0.0	0.0	0.0
GC_00003932	1	1	1	0	1.0	1.0	1.0	0.0	0.0	0.0
GC_00003933	1	1	1	0	1.0	1.0	1.0	0.0	0.0	0.0
GC_00003934	1	1	1	0	1.0	1.0	1.0	0.0	0.0	0.0
GC_00003935	1	1	1	0	1.0	1.0	1.0	0.0	0.0	0.0
GC_00003936	1	1	1	0	1.0	1.0	1.0	0.0	0.0	0.0
GC_00003937	1	1	1	0	1.0	1.0	1.0	0.0	0.0	0.0
GC_00003938	1	1	1	0	1.0	1.0	1.0	0.0	0.0	0.0
GC_00003939	1	1	1	0	1.0	1.0	1.0	0.0	0.0	0.0
GC_00003940	1	1	1	0	1.0	1.0	1.0	0.0	0.0	0.0
GC_00003941	1	1	1	0	1.0	1.0	1.0	0.0	0.0	0.0
GC_00003942	1	1	1	0	1.0	1.0	1.0	0.0	0.0	0.0
GC_00003943	1	1	1	0	1.0	1.0	1.0	0.0	0.0	0.0
GC_00003944	1	1	1	0	1.0	1.0	1.0	0.0	0.0	0.0
GC_00003945	1	1	1	0	1.0	1.0	1.0	0.0	0.0	0.0
GC_00003946	1	1	1	0	1.0	1.0	1.0	0.0	0.0	0.0
GC_00003947	1	1	1	0	1.0	1.0	1.0	0.0	0.0	0.0
GC_00003948	1	1	1	0	1.0	1.0	1.0	0.0	0.0	0.0
GC_00003949	1	1	1	0	1.0	1.0	1.0	0.0	0.0	0.0
GC_00003950	1	1	1	0	1.0	1.0	1.0	0.0	0.0	0.0
GC_00003951	1	1	1	0	1.0	1.0	1.0	0.0	0.0	0.0
GC_00003952	1	1	1	0	1.0	1.0	1.0	0.0	0.0	0.0
GC_00003953	1	1	1	0	1.0	1.0	1.0	0.0	0.0	0.0
GC_00003954	1	1	1	0	1.0	1.0	1.0	0.0	0.0	0.0
GC_00003955	1	1	1	0	1.0	1.0	1.0	0.0	0.0	0.0
GC_00003956	1	1	1	0	1.0	1.0	1.0	0.0	0.0	0.0
GC_00003957	1	1	1	0	1.0	1.0	1.0	0.0	0.0	0.0
GC_00003958	1	1	1	0	1.0	1.0	1.0	0.0	0.0	0.0
GC_00003959	1	1	1	0	1.0	1.0	1.0	0.0	0.0	0.0
GC_00003960	1	1	1	0	1.0	1.0	1.0	0.0	0.0	0.0
GC_00003961	1	1	1	0	1.0	1.0	1.0	0.0	0.0	0.0
GC_00003962	1	1	1	0	1.0	1.0	1.0	0.0	0.0	0.0
GC_00003963	1	1	1	0	1.0	1.0	1.0	0.0	0.0	0.0
GC_00003964	1	1	1	0	1.0	1.0	1.0	0.0	0.0	0.0
GC_00003965	1	1	1	0	1.0	1.0	1.0	0.0	0.0	0.0
GC_00003966	1	1	1	0	1.0	1.0	1.0	0.0	0.0	0.0
GC_00003967	1	1	1	0	1.0	1.0	1.0	0.0	0.0	0.0
GC_00003968	1	1	1	0	1.0	1.0	1.0	0.0	0.0	0.0
GC_00003969	1	1	1	0	1.0	1.0	1.0	0.0	0.0	0.0
GC_00003970	1	1	1	0	1.0	1.0	1.0	0.0	0.0	0.0
GC_00003971	1	1	1	0	1.0	1.0	1.0	0.0	0.0	0.0
GC_00003972	1	1	1	0	1.0	1.0	1.0	0.0	0.0	0.0
GC_00003973	1	1	1	0	1.0	1.0	1.0	0.0	0.0	0.0
GC_00003974	1	1	1	0	1.0	1.0	1.0	0.0	0.0	0.0
GC_00003975	1	1	1	0	1.0	1.0	1.0	0.0	0.0	0.0
GC_00003976	1	1	1	0	1.0	1.0	1.0	0.0	0.0	0.0
GC_00003977	1	1	1	0	1.0	1.0	1.0	0.0	0.0	0.0
GC_00003978	1	1	1	0	1.0	1.0	1.0	0.0	0.0	0.0
GC_00003979	1	1	1	0	1.0	1.0	1.0	0.0	0.0	0.0
GC_00003980	1	1	1	0	1.0	1.0	1.0	0.0	0.0	0.0
GC_00003981	1	1	1	0	1.0	1.0	1.0	0.0	0.0	0.0
GC_00003982	1	1	1	0	1.0	1.0	1.0	0.0	0.0	0.0
GC_00003983	1	1	1	0	1.0	1.0	1.0	0.0	0.0	0.0
GC_00003984	1	1	1	0	1.0	1.0	1.0	0.0	0.0	0.0
GC_00003985	1	1	1	0	1.0	1.0	1.0	0.0	0.0	0.0
GC_00003986	1	1	1	0	1.0	1.0	1.0	0.0	0.0	0.0
GC_00003987	1	1	1	0	1.0	1.0	1.0	0.0	0.0	0.0
GC_00003988	1	1	1	0	1.0	1.0	1.0	0.0	0.0	0.0
GC_00003989	1	1	1	0	1.0	1.0	1.0	0.0	0.0	0.0
GC_00003990	1	1	1	0	1.0	1.0	1.0	0.0	0.0	0.0
GC_00003991	1	1	1	0	1.0	1.0	1.0	0.0	0.0	0.0
GC_00003992	1	1	1	0	1.0	1.0	1.0	0.0	0.0	0.0
GC_00003993	1	1	1	0	1.0	1.0	1.0	0.0	0.0	0.0
GC_00003994	1	1	1	0	1.0	1.0	1.0	0.0	0.0	0.0
GC_00003995	1	1	1	0	1.0	1.0	1.0	0.0	0.0	0.0
GC_00003996	1	1	1	0	1.0	1.0	1.0	0.0	0.0	0.0
GC_00003997	1	1	1	0	1.0	1.0	1.0	0.0	0.0	0.0
GC_00003998	1	1	1	0	1.0	1.0	1.0	0.0	0.0	0.0
GC_00003999	1	1	1	0	1.0	1.0	1.0	0.0	0.0	0.0
GC_00004000	1	1	1	0	1.0	1.0	1.0	0.0	0.0	0.0
GC_00004001	1	1	1	0	1.0	1.0	1.0	0.0	0.0	0.0
GC_00004002	1	1	1	0	1.0	1.0	1.0	0.0	0.0	0.0
GC_00004003	1	1	1	0	1.0	1.0	1.0	0.0	0.0	0.0
GC_00004004	1	1	1	0	1.0	1.0	1.0	0.0	0.0	0.0
GC_00004005	1	1	1	0	1.0	1.0	1.0	0.0	0.0	0.0
GC_00004006	1	1	1	0	1.0	1.0	1.0	0.0	0.0	0.0
GC_00004007	1	1	1	0	1.0	1.0	1.0	0.0	0.0	0.0
GC_00004008	1	1	1	0	1.0	1.0	1.0	0.0	0.0	0.0
GC_00004009	1	1	1	0	1.0	1.0	1.0	0.0	0.0	0.0
GC_00004010	1	1	1	0	1.0	1.0	1.0	0.0	0.0	0.0
GC_00004011	1	1	1	0	1.0	1.0	1.0	0.0	0.0	0.0
GC_00004012	1	1	1	0	1.0	1.0	1.0	0.0	0.0	0.0
GC_00004013	1	1	1	0	1.0	1.0	1.0	0.0	0.0	0.0
GC_00004014	1	1	1	0	1.0	1.0	1.0	0.0	0.0	0.0
GC_00004015	1	1	1	0	1.0	1.0	1.0	0.0	0.0	0.0
GC_00004016	1	1	1	0	1.0	1.0	1.0	0.0	0.0	0.0
GC_00004017	1	1	1	0	1.0	1.0	1.0	0.0	0.0	0.0
GC_00004018	1	1	1	0	1.0	1.0	1.0	0.0	0.0	0.0
GC_00004019	1	1	1	0	1.0	1.0	1.0	0.0	0.0	0.0
GC_00004020	1	1	1	0	1.0	1.0	1.0	0.0	0.0	0.0
GC_00004021	1	1	1	0	1.0	1.0	1.0	0.0	0.0	0.0
GC_00004022	1	1	1	0	1.0	1.0	1.0	0.0	0.0	0.0
GC_00004023	1	1	1	0	1.0	1.0	1.0	0.0	0.0	0.0
GC_00004024	1	1	1	0	1.0	1.0	1.0	0.0	0.0	0.0
GC_00004025	1	1	1	0	1.0	1.0	1.0	0.0	0.0	0.0
GC_00004026	1	1	1	0	1.0	1.0	1.0	0.0	0.0	0.0
GC_00004027	1	1	1	0	1.0	1.0	1.0	0.0	0.0	0.0
GC_00004028	1	1	1	0	1.0	1.0	1.0	0.0	0.0	0.0
GC_00004029	1	1	1	0	1.0	1.0	1.0	0.0	0.0	0.0
GC_00004030	1	1	1	0	1.0	1.0	1.0	0.0	0.0	0.0
GC_00004031	1	1	1	0	1.0	1.0	1.0	0.0	0.0	0.0
GC_00004032	1	1	1	0	1.0	1.0	1.0	0.0	0.0	0.0
GC_00004033	1	1	1	0	1.0	1.0	1.0	0.0	0.0	0.0
GC_00004034	1	1	1	0	1.0	1.0	1.0	0.0	0.0	0.0
GC_00004035	1	1	1	0	1.0	1.0	1.0	0.0	0.0	0.0
GC_00004036	1	1	1	0	1.0	1.0	1.0	0.0	0.0	0.0
GC_00004037	1	1	1	0	1.0	1.0	1.0	0.0	0.0	0.0
GC_00004038	1	1	1	0	1.0	1.0	1.0	0.0	0.0	0.0
GC_00004039	1	1	1	0	1.0	1.0	1.0	0.0	0.0	0.0
GC_00004040	1	1	1	0	1.0	1.0	1.0	0.0	0.0	0.0
GC_00004041	1	1	1	0	1.0	1.0	1.0	0.0	0.0	0.0
GC_00004042	1	1	1	0	1.0	1.0	1.0	0.0	0.0	0.0
GC_00004043	1	1	1	0	1.0	1.0	1.0	0.0	0.0	0.0
GC_00004044	1	1	1	0	1.0	1.0	1.0	0.0	0.0	0.0
GC_00004045	1	1	1	0	1.0	1.0	1.0	0.0	0.0	0.0
GC_00004046	1	1	1	0	1.0	1.0	1.0	0.0	0.0	0.0
GC_00004047	1	1	1	0	1.0	1.0	1.0	0.0	0.0	0.0
GC_00004048	1	1	1	0	1.0	1.0	1.0	0.0	0.0	0.0
GC_00004049	1	1	1	0	1.0	1.0	1.0	0.0	0.0	0.0
GC_00004050	1	1	1	0	1.0	1.0	1.0	0.0	0.0	0.0
GC_00004051	1	1	1	0	1.0	1.0	1.0	0.0	0.0	0.0
GC_00004052	1	1	1	0	1.0	1.0	1.0	0.0	0.0	0.0
GC_00004053	1	1	1	0	1.0	1.0	1.0	0.0	0.0	0.0
GC_00004054	1	1	1	0	1.0	1.0	1.0	0.0	0.0	0.0
GC_00004055	1	1	1	0	1.0	1.0	1.0	0.0	0.0	0.0
GC_00004056	1	1	1	0	1.0	1.0	1.0	0.0	0.0	0.0
GC_00004057	1	1	1	0	1.0	1.0	1.0	0.0	0.0	0.0
GC_00004058	1	1	1	0	1.0	1.0	1.0	0.0	0.0	0.0
GC_00004059	1	1	1	0	1.0	1.0	1.0	0.0	0.0	0.0
GC_00004060	1	1	1	0	1.0	1.0	1.0	0.0	0.0	0.0
GC_00004061	1	1	1	0	1.0	1.0	1.0	0.0	0.0	0.0
GC_00004062	1	1	1	0	1.0	1.0	1.0	0.0	0.0	0.0
GC_00004063	1	1	1	0	1.0	1.0	1.0	0.0	0.0	0.0
GC_00004064	1	1	1	0	1.0	1.0	1.0	0.0	0.0	0.0
GC_00004065	1	1	1	0	1.0	1.0	1.0	0.0	0.0	0.0
GC_00004066	1	1	1	0	1.0	1.0	1.0	0.0	0.0	0.0
GC_00004067	1	1	1	0	1.0	1.0	1.0	0.0	0.0	0.0
GC_00004068	1	1	1	0	1.0	1.0	1.0	0.0	0.0	0.0
GC_00004069	1	1	1	0	1.0	1.0	1.0	0.0	0.0	0.0
GC_00004070	1	1	1	0	1.0	1.0	1.0	0.0	0.0	0.0
GC_00004071	1	1	1	0	1.0	1.0	1.0	0.0	0.0	0.0
GC_00004072	1	1	1	0	1.0	1.0	1.0	0.0	0.0	0.0
GC_00004073	1	1	1	0	1.0	1.0	1.0	0.0	0.0	0.0
GC_00004074	1	1	1	0	1.0	1.0	1.0	0.0	0.0	0.0
GC_00004075	1	1	1	0	1.0	1.0	1.0	0.0	0.0	0.0
GC_00004076	1	1	1	0	1.0	1.0	1.0	0.0	0.0	0.0
GC_00004077	1	1	1	0	1.0	1.0	1.0	0.0	0.0	0.0
GC_00004078	1	1	1	0	1.0	1.0	1.0	0.0	0.0	0.0
GC_00004079	1	1	1	0	1.0	1.0	1.0	0.0	0.0	0.0
GC_00004080	1	1	1	0	1.0	1.0	1.0	0.0	0.0	0.0
GC_00004081	1	1	1	0	1.0	1.0	1.0	0.0	0.0	0.0
GC_00004082	1	1	1	0	1.0	1.0	1.0	0.0	0.0	0.0
GC_00004083	1	1	1	0	1.0	1.0	1.0	0.0	0.0	0.0
GC_00004084	1	1	1	0	1.0	1.0	1.0	0.0	0.0	0.0
GC_00004085	1	1	1	0	1.0	1.0	1.0	0.0	0.0	0.0
GC_00004086	1	1	1	0	1.0	1.0	1.0	0.0	0.0	0.0
GC_00004087	1	1	1	0	1.0	1.0	1.0	0.0	0.0	0.0
GC_00004088	1	1	1	0	1.0	1.0	1.0	0.0	0.0	0.0
GC_00004089	1	1	1	0	1.0	1.0	1.0	0.0	0.0	0.0
GC_00004090	1	1	1	0	1.0	1.0	1.0	0.0	0.0	0.0
GC_00004091	1	1	1	0	1.0	1.0	1.0	0.0	0.0	0.0
GC_00004092	1	1	1	0	1.0	1.0	1.0	0.0	0.0	0.0
GC_00004093	1	1	1	0	1.0	1.0	1.0	0.0	0.0	0.0
GC_00004094	1	1	1	0	1.0	1.0	1.0	0.0	0.0	0.0
GC_00004095	1	1	1	0	1.0	1.0	1.0	0.0	0.0	0.0
GC_00004096	1	1	1	0	1.0	1.0	1.0	0.0	0.0	0.0
GC_00004097	1	1	1	0	1.0	1.0	1.0	0.0	0.0	0.0
GC_00004098	1	1	1	0	1.0	1.0	1.0	0.0	0.0	0.0
GC_00004099	1	1	1	0	1.0	1.0	1.0	0.0	0.0	0.0
GC_00004100	1	1	1	0	1.0	1.0	1.0	0.0	0.0	0.0
GC_00004101	1	1	1	0	1.0	1.0	1.0	0.0	0.0	0.0
GC_00004102	1	1	1	0	1.0	1.0	1.0	0.0	0.0	0.0
GC_00004103	1	1	1	0	1.0	1.0	1.0	0.0	0.0	0.0
GC_00004104	1	1	1	0	1.0	1.0	1.0	0.0	0.0	0.0
GC_00004105	1	1	1	0	1.0	1.0	1.0	0.0	0.0	0.0
GC_00004106	1	1	1	0	1.0	1.0	1.0	0.0	0.0	0.0
GC_00004107	1	1	1	0	1.0	1.0	1.0	0.0	0.0	0.0
GC_00004108	1	1	1	0	1.0	1.0	1.0	0.0	0.0	0.0
GC_00004109	1	1	1	0	1.0	1.0	1.0	0.0	0.0	0.0
GC_00004110	1	1	1	0	1.0	1.0	1.0	0.0	0.0	0.0
GC_00004111	1	1	1	0	1.0	1.0	1.0	0.0	0.0	0.0
GC_00004112	1	1	1	0	1.0	1.0	1.0	0.0	0.0	0.0
GC_00004113	1	1	1	0	1.0	1.0	1.0	0.0	0.0	0.0
GC_00004114	1	1	1	0	1.0	1.0	1.0	0.0	0.0	0.0
GC_00004115	1	1	1	0	1.0	1.0	1.0	0.0	0.0	0.0
GC_00004116	1	1	1	0	1.0	1.0	1.0	0.0	0.0	0.0
GC_00004117	1	1	1	0	1.0	1.0	1.0	0.0	0.0	0.0
GC_00004118	1	1	1	0	1.0	1.0	1.0	0.0	0.0	0.0
GC_00004119	1	1	1	0	1.0	1.0	1.0	0.0	0.0	0.0
GC_00004120	1	1	1	0	1.0	1.0	1.0	0.0	0.0	0.0
GC_00004121	1	1	1	0	1.0	1.0	1.0	0.0	0.0	0.0
GC_00004122	1	1	1	0	1.0	1.0	1.0	0.0	0.0	0.0
GC_00004123	1	1	1	0	1.0	1.0	1.0	0.0	0.0	0.0
GC_00004124	1	1	1	0	1.0	1.0	1.0	0.0	0.0	0.0
GC_00004125	1	1	1	0	1.0	1.0	1.0	0.0	0.0	0.0
GC_00004126	1	1	1	0	1.0	1.0	1.0	0.0	0.0	0.0
GC_00004127	1	1	1	0	1.0	1.0	1.0	0.0	0.0	0.0
GC_00004128	1	1	1	0	1.0	1.0	1.0	0.0	0.0	0.0
GC_00004129	1	1	1	0	1.0	1.0	1.0	0.0	0.0	0.0
GC_00004130	1	1	1	0	1.0	1.0	1.0	0.0	0.0	0.0
GC_00004131	1	1	1	0	1.0	1.0	1.0	0.0	0.0	0.0
GC_00004132	1	1	1	0	1.0	1.0	1.0	0.0	0.0	0.0
GC_00004133	1	1	1	0	1.0	1.0	1.0	0.0	0.0	0.0
GC_00004134	1	1	1	0	1.0	1.0	1.0	0.0	0.0	0.0
GC_00004135	1	1	1	0	1.0	1.0	1.0	0.0	0.0	0.0
GC_00004136	1	1	1	0	1.0	1.0	1.0	0.0	0.0	0.0
GC_00004137	1	1	1	0	1.0	1.0	1.0	0.0	0.0	0.0
GC_00004138	1	1	1	0	1.0	1.0	1.0	0.0	0.0	0.0
GC_00004139	1	1	1	0	1.0	1.0	1.0	0.0	0.0	0.0
GC_00004140	1	1	1	0	1.0	1.0	1.0	0.0	0.0	0.0
GC_00004141	1	1	1	0	1.0	1.0	1.0	0.0	0.0	0.0
GC_00004142	1	1	1	0	1.0	1.0	1.0	0.0	0.0	0.0
GC_00004143	1	1	1	0	1.0	1.0	1.0	0.0	0.0	0.0
GC_00004144	1	1	1	0	1.0	1.0	1.0	0.0	0.0	0.0
GC_00004145	1	1	1	0	1.0	1.0	1.0	0.0	0.0	0.0
GC_00004146	1	1	1	0	1.0	1.0	1.0	0.0	0.0	0.0
GC_00004147	1	1	1	0	1.0	1.0	1.0	0.0	0.0	0.0
GC_00004148	1	1	1	0	1.0	1.0	1.0	0.0	0.0	0.0
GC_00004149	1	1	1	0	1.0	1.0	1.0	0.0	0.0	0.0
GC_00004150	1	1	1	0	1.0	1.0	1.0	0.0	0.0	0.0
GC_00004151	1	1	1	0	1.0	1.0	1.0	0.0	0.0	0.0
GC_00004152	1	1	1	0	1.0	1.0	1.0	0.0	0.0	0.0
GC_00004153	1	1	1	0	1.0	1.0	1.0	0.0	0.0	0.0
GC_00004154	1	1	1	0	1.0	1.0	1.0	0.0	0.0	0.0
GC_00004155	1	1	1	0	1.0	1.0	1.0	0.0	0.0	0.0
GC_00004156	1	1	1	0	1.0	1.0	1.0	0.0	0.0	0.0
GC_00004157	1	1	1	0	1.0	1.0	1.0	0.0	0.0	0.0
GC_00004158	1	1	1	0	1.0	1.0	1.0	0.0	0.0	0.0
GC_00004159	1	1	1	0	1.0	1.0	1.0	0.0	0.0	0.0
GC_00004160	1	1	1	0	1.0	1.0	1.0	0.0	0.0	0.0
