items	num_genomes_gene_cluster_has_hits	num_genes_in_gene_cluster	max_num_paralogs	SCG	functional_homogeneity_index	geometric_homogeneity_index	combined_homogeneity_index	AAI_min	AAI_max	AAI_avg
GC_00000001	18	137	17	0	0.417038272710992	0.847264435392442	0.558951103087585	0.279498781761225	1.0	0.838380895433521
GC_00000002	18	114	9	0	0.817687346608797	0.626018879860947	0.709130025784005	0.0495049504950495	1.0	0.469838693231223
GC_00000003	18	112	12	0	0.699921262373056	0.59362851111634	0.642407776486836	0.0254237288135593	1.0	0.47799827672709
GC_00000004	17	107	9	0	0.81262439832039	0.597183567838789	0.688442609419938	0.0460122699386503	1.0	0.550564003924823
GC_00000005	18	84	7	0	0.886341407477859	0.623912421007946	0.732326451287389	0.0952380952380952	1.0	0.622227686255225
GC_00000006	18	82	10	0	0.913854396597716	0.625657226097052	0.742780500521472	0.0101781170483461	1.0	0.485041217389839
GC_00000007	18	71	6	0	0.725039554377683	0.646718625749286	0.683643212067609	0.121359223300971	1.0	0.574063800277393
GC_00000008	17	65	7	0	0.93511669862706	0.826090012928247	0.877228732538804	0.0235294117647059	1.0	0.748800904977376
GC_00000009	18	59	6	0	0.976280494924726	0.616030544822236	0.755403423295205	0.0511945392491468	1.0	0.509882849978956
GC_00000010	18	51	3	0	0.791024224178449	0.688403578428806	0.736154756032897	0.0265486725663717	1.0	0.516330614841807
GC_00000011	17	50	6	0	0.931100515866813	0.599152445548758	0.729122785839602	0.056782334384858	1.0	0.572085237880641
GC_00000012	18	48	3	0	0.53309858652962	0.736426535579432	0.618479994390496	0.161137440758294	1.0	0.708688363416356
GC_00000013	18	46	3	0	0.74165294609841	0.652043170524298	0.693967261061986	0.0237467018469657	1.0	0.568582463385721
GC_00000014	18	46	4	0	0.866885932816201	0.677427347218638	0.760535113439658	0.0458715596330275	1.0	0.548400478659753
GC_00000015	18	44	3	0	0.787220628648488	0.697195307380727	0.739478086762105	0.261208576998051	1.0	0.614801627041529
GC_00000016	18	43	4	0	0.794694938156117	0.6843670964918	0.735416168737096	0.0116959064327485	1.0	0.522209917558755
GC_00000017	17	41	5	0	0.954367881596009	0.691732396523337	0.802098378423874	0.0459183673469388	1.0	0.723382279741165
GC_00000018	17	38	3	0	0.861137964970954	0.598489537715652	0.706182997533612	0.16260162601626	1.0	0.538389480623114
GC_00000019	18	38	3	0	0.93475098521516	0.607535147062041	0.736431541961126	0.0	1.0	0.514179219302956
GC_00000020	18	37	3	0	0.858148148148148	0.95148281234816	0.902408536586298	0.00448430493273543	1.0	0.779016684846281
GC_00000021	18	37	3	0	0.798929338213735	0.858072429912031	0.827445391738457	0.0510204081632653	1.0	0.628508610651468
GC_00000022	16	37	3	0	0.773581613321368	0.634878883497668	0.697400647116477	0.0879120879120879	1.0	0.53988878988879
GC_00000023	18	37	3	0	0.841037156517018	0.928069007048102	0.882412299289439	0.0448717948717949	1.0	0.721688034188034
GC_00000024	17	37	4	0	0.880222796461997	0.655654576990783	0.751521072251382	0.0125	1.0	0.545350037537538
GC_00000025	18	36	2	0	0.788179900614031	0.979161827332561	0.873351949482577	0.475694444444444	1.0	0.730373677248677
GC_00000026	18	36	2	0	0.823484675640733	0.98218487394958	0.895860698904864	0.564705882352941	1.0	0.774192343604108
GC_00000027	18	36	2	0	0.819728517904306	0.768626151661866	0.793355272845153	0.285714285714286	1.0	0.628401360544218
GC_00000028	18	36	2	0	0.820938367362458	0.994014597223917	0.899224097265159	0.55952380952381	1.0	0.776190476190476
GC_00000029	18	36	2	0	0.846740079141968	0.899919080252728	0.872520032470024	0.239651416122004	1.0	0.686817443026593
GC_00000030	18	36	2	0	0.810170734365865	0.960571521050562	0.878983863676369	0.497005988023952	1.0	0.743436935652504
GC_00000031	18	36	2	0	0.877442109359798	0.852557281636603	0.864820720102592	0.291878172588832	1.0	0.728788977519942
GC_00000032	18	36	3	0	0.874513868800823	0.643077993716293	0.7411487081813	0.0909090909090909	1.0	0.604112554112554
GC_00000033	18	36	2	0	0.846544012542076	0.747968533886584	0.79420922130686	0.269709543568465	1.0	0.707291049199763
GC_00000034	18	36	3	0	0.872622410862327	0.946989544601755	0.908286293668631	0.0433639947437582	1.0	0.78900152264147
GC_00000035	18	36	2	0	0.810718713051517	0.982817773803617	0.88851134792284	0.50354609929078	1.0	0.758437464820444
GC_00000036	18	36	2	0	0.782964814707155	0.990857338756322	0.8747285415573	0.487903225806452	1.0	0.738805683563748
GC_00000037	18	36	2	0	0.88146182428764	0.843304125709614	0.861960885856395	0.33469387755102	1.0	0.759034661483641
GC_00000038	18	35	3	0	0.857117242177107	0.747198802300842	0.798392534925419	0.0	1.0	0.638666818078583
GC_00000039	18	35	3	0	0.836614824155808	0.617019900926081	0.710230688641298	0.0650406504065041	1.0	0.482052333128373
GC_00000040	18	35	2	0	0.841863258236618	0.974413784490419	0.903301802736117	0.584615384615385	1.0	0.786118755194385
GC_00000041	18	35	2	0	0.85180506787901	0.7517137283621	0.798635556894068	0.272340425531915	1.0	0.624698730556052
GC_00000042	18	35	6	0	0.989842869137579	0.870180334907684	0.926162423671744	0.613138686131387	1.0	0.883150340428142
GC_00000043	18	35	2	0	0.654699568348331	0.662701961876368	0.658676460334836	0.324074074074074	1.0	0.622823944392572
GC_00000044	18	35	3	0	0.990745936442025	0.650778522552716	0.785557806598499	0.00189393939393939	1.0	0.489976445123504
GC_00000045	18	35	2	0	0.671716711471575	0.647174674037462	0.659217352647048	0.0432276657060519	1.0	0.63669871406776
GC_00000046	18	34	2	0	1.0	1.0	1.0	1.0	1.0	1.0
GC_00000047	18	34	2	0	0.929743193335051	0.7152376557265	0.80850466120381	0.0610932475884244	1.0	0.509637704833468
GC_00000048	17	32	9	0	1.0	1.0	1.0	1.0	1.0	1.0
GC_00000049	18	32	2	0	0.841248197194179	0.617528722961368	0.71223353993218	0.168316831683168	1.0	0.558228201852443
GC_00000050	18	32	2	0	0.811259198969037	0.658790393990172	0.727118010000079	0.0483490566037736	1.0	0.662655013694461
GC_00000051	18	32	2	0	0.823743505016402	0.702727012551618	0.758438247875535	0.053030303030303	1.0	0.497617302052786
GC_00000052	18	30	3	0	0.690058795458434	0.65518304722936	0.67216883987574	0.0547445255474453	1.0	0.614883798976424
GC_00000053	18	30	2	0	0.729773309304752	0.657034788518887	0.691496469768599	0.216494845360825	1.0	0.587771062922147
GC_00000054	18	30	3	0	0.975221806784388	0.596461815338323	0.740203131272077	0.0462724935732648	1.0	0.491327600981001
GC_00000055	18	30	3	0	0.858696970077055	0.667738956909703	0.751273484806741	0.0414847161572052	1.0	0.551453094413492
GC_00000056	18	29	2	0	0.937854947823349	0.64032977121745	0.761047090279618	0.0760517799352751	1.0	0.51801855660242
GC_00000057	18	28	2	0	0.92588139850844	0.690205055446654	0.790858707379897	0.047085201793722	1.0	0.517338126082521
GC_00000058	18	28	2	0	0.938068688431252	0.643833003510422	0.763586744041543	0.0161290322580645	1.0	0.513227513227513
GC_00000059	18	28	2	0	0.854987583900086	0.687255473395137	0.762000378527544	0.0447019867549669	1.0	0.553742247450857
GC_00000060	18	27	2	0	0.912258499957817	0.991196596458191	0.95009072917013	0.745283018867924	1.0	0.884660180257665
GC_00000061	18	27	2	0	0.971004418324196	0.762672106068331	0.854320831257097	0.0566037735849057	1.0	0.563096581964507
GC_00000062	18	27	2	0	0.856330605405453	0.987661504235472	0.917319298098641	0.567816091954023	1.0	0.798762157382847
GC_00000063	18	27	2	0	0.820632520218292	0.728240427116833	0.771680825154766	0.0966292134831461	1.0	0.557706712762893
GC_00000064	18	27	5	0	0.868715416195633	0.781141320837589	0.822604159994249	0.145328719723183	1.0	0.645146344108282
GC_00000065	18	26	2	0	0.993846637767489	0.630141073252102	0.771266411342005	0.0408759124087591	1.0	0.55150589556429
GC_00000066	18	26	2	0	0.874205630847345	0.809089030846706	0.840387845002944	0.376518218623482	1.0	0.749486141388975
GC_00000067	18	26	2	0	0.874647464746475	0.626333619404671	0.729950721008039	0.312977099236641	1.0	0.572871403405754
GC_00000068	18	26	2	0	0.992079473754866	0.621398039711294	0.764158452886943	0.162650602409639	1.0	0.553141797961075
GC_00000069	18	26	2	0	0.939686537923314	0.702087806795569	0.803694445108249	0.123762376237624	1.0	0.556572734196497
GC_00000070	18	25	2	0	0.990339346478348	0.680826522799706	0.806920852142419	0.0567010309278351	1.0	0.568333333333333
GC_00000071	17	25	2	0	0.962370055465143	0.688446909024543	0.80268219224118	0.110277569392348	1.0	0.529219804951238
GC_00000072	18	25	5	0	0.994398398093935	0.831712749615972	0.905808857176758	0.0860215053763441	1.0	0.722240143369176
GC_00000073	15	25	2	0	0.915381282849833	0.645508426782085	0.757114776466177	0.0895140664961637	1.0	0.498874680306905
GC_00000074	18	25	3	0	0.983205570279179	0.658499444316304	0.788741358431026	0.0841423948220065	1.0	0.557396619920892
GC_00000075	17	25	2	0	0.990159654583794	0.621427064163905	0.763610173803974	0.0524475524475524	1.0	0.555384615384615
GC_00000076	18	25	2	0	0.820411583946364	0.657110926643301	0.729736991879391	0.175059952038369	1.0	0.586546762589928
GC_00000077	18	25	2	0	0.97486342249029	0.601223735381047	0.743754589241835	0.037037037037037	1.0	0.536543209876543
GC_00000078	18	25	2	0	0.929424866909566	0.674726762499872	0.781856053928808	0.0610859728506787	1.0	0.565716440422323
GC_00000079	18	24	2	0	0.985340085021255	0.654111091638465	0.786265413480094	0.104743083003953	1.0	0.603139141891505
GC_00000080	18	24	3	0	0.940803092449525	0.68962877796239	0.795868749529888	0.0770042194092827	1.0	0.680116033755274
GC_00000081	15	23	2	0	0.981850919290392	0.619601215423117	0.759755486623349	0.00921658986175115	1.0	0.524926686217009
GC_00000082	18	23	2	0	0.99372921286031	0.762829074787898	0.863103196024148	0.01171875	1.0	0.632740447957839
GC_00000083	17	23	2	0	0.978456058166203	0.697550359950931	0.81446272304466	0.0652173913043478	1.0	0.553617460044681
GC_00000084	18	23	2	0	0.981186890598587	0.636024619115311	0.77177167565955	0.0048780487804878	1.0	0.601243613226646
GC_00000085	18	23	3	0	0.977177206529176	0.74258475470508	0.843880621354226	0.0521091811414392	1.0	0.625133632146255
GC_00000086	18	22	2	0	0.930720185323504	0.691919648937114	0.793748027492701	0.0348837209302326	1.0	0.649820463773952
GC_00000087	18	22	2	0	0.992175335553935	0.794944750070474	0.882676637672545	0.00606060606060606	1.0	0.683116883116883
GC_00000088	13	22	2	0	0.756073782318761	0.666415887987	0.708419317968536	0.149825783972125	1.0	0.608127064573057
GC_00000089	18	22	2	0	0.869746262844133	0.689144594809283	0.768983836106205	0.0804020100502513	1.0	0.717679305619004
GC_00000090	18	21	4	0	0.999396196035021	0.885896112831098	0.939229636785712	0.368421052631579	1.0	0.837593984962406
GC_00000091	18	21	2	0	0.988925273188859	0.801166135079177	0.885198862296539	0.0	1.0	0.736859716859717
GC_00000092	18	21	2	0	0.920825970286013	0.707336193654326	0.800084354329741	0.174712643678161	1.0	0.702583470169677
GC_00000093	15	21	2	0	0.863558931860037	0.737183469734775	0.795382653792134	0.123486682808717	1.0	0.779810907413813
GC_00000094	18	20	2	0	0.998903370028259	0.849245014201496	0.918014715597762	0.173913043478261	1.0	0.783883622098725
GC_00000095	18	20	2	0	0.991271807249323	0.776634057631903	0.870923572541995	0.0124223602484472	1.0	0.716443282118339
GC_00000096	18	20	2	0	0.993764477530048	0.89445502867645	0.941498201162601	0.033112582781457	1.0	0.804242394064632
GC_00000097	18	20	2	0	0.93886716363192	0.816752853750095	0.87356310317322	0.248908296943231	1.0	0.757159273730177
GC_00000098	18	20	2	0	0.978489142624121	0.745650571576623	0.846347871312065	0.0	1.0	0.786625582944704
GC_00000099	18	20	2	0	0.997823116996202	0.870467956509431	0.929804848855567	0.00688073394495413	1.0	0.806603090294544
GC_00000100	18	20	2	0	0.990084866817914	0.692469498396044	0.814955623746198	0.150837988826816	1.0	0.701323140252867
GC_00000101	18	19	2	0	0.994764491779176	0.916619655992479	0.954094641112502	0.126016260162602	1.0	0.878904578519469
GC_00000102	18	19	2	0	0.998618963359372	0.93629037587156	0.966450784642806	0.0033003300330033	1.0	0.893192828054735
GC_00000103	18	19	2	0	0.981493121028005	0.986150548665433	0.983816322763273	0.652941176470588	1.0	0.961541107671139
GC_00000104	18	19	2	0	0.999474716634247	0.922130190154578	0.959245896228256	0.00188323917137476	1.0	0.893855794539708
GC_00000105	18	19	2	0	0.998083738490855	0.936793414545203	0.966467842070246	0.00490196078431373	1.0	0.892061307953981
GC_00000106	18	19	2	0	0.996221486215422	0.918394920526964	0.955726431088889	0.0567375886524823	1.0	0.885363527020862
GC_00000107	18	19	2	0	0.997929802189844	0.920720351079133	0.957771562740707	0.0072202166064982	1.0	0.891971203580552
GC_00000108	18	19	2	0	0.979846570457162	0.922050687511803	0.95007046270304	0.0210843373493976	1.0	0.862978228704291
GC_00000109	18	19	2	0	0.99372093634238	0.919399985908549	0.955116850423928	0.044	1.0	0.884187134502924
GC_00000110	11	19	2	0	0.771842332406253	0.752708164380579	0.762155174841636	0.0193298969072165	1.0	0.724995478386688
GC_00000111	18	19	2	0	0.990165938864629	0.863316012278219	0.922400252462398	0.0657439446366782	1.0	0.771383475991016
GC_00000112	18	19	2	0	0.994504196542716	0.833572781546167	0.906954837578116	0.103174603174603	1.0	0.752823416566107
GC_00000113	18	19	2	0	0.990390634251975	0.920999625517911	0.954435546168714	0.0155038759689922	1.0	0.884219592909923
GC_00000114	18	19	2	0	0.996638836999479	0.937681654907048	0.966261752313036	0.00291545189504373	1.0	0.890900721190732
GC_00000115	18	19	2	0	0.997627540718805	0.919443597423711	0.956941280558028	0.076530612244898	1.0	0.884189640768588
GC_00000116	18	19	2	0	0.990250940195706	0.912965917801213	0.950039250304655	0.0601092896174863	1.0	0.877368740612917
GC_00000117	18	19	2	0	0.970207921385344	0.844454370249055	0.902973873476144	0.157635467980296	1.0	0.796214674617578
GC_00000118	18	19	2	0	0.997618534454086	0.935189187451877	0.965395632528874	0.00244200244200244	1.0	0.891259487750716
GC_00000119	14	19	4	0	0.908321881203237	0.718254379472902	0.802183315861374	0.091324200913242	1.0	0.659216534486902
GC_00000120	18	19	2	0	0.993000288350634	0.923866107604355	0.957186492688711	0.0819672131147541	1.0	0.878305052248107
GC_00000121	18	19	2	0	0.99205105889179	0.922011312434089	0.955749731579376	0.032719836400818	1.0	0.883961779021514
GC_00000122	18	19	2	0	0.992565026389811	0.90767101621194	0.948221679793161	0.0818505338078292	1.0	0.870325279390647
GC_00000123	18	19	2	0	0.992937832268598	0.931605235472057	0.961294240222588	0.0	1.0	0.888136443441184
GC_00000124	18	19	2	0	0.994690869387198	0.927607976703053	0.959978919691803	0.0950413223140496	1.0	0.879331593446426
GC_00000125	18	19	2	0	0.991101998181713	0.931317995560719	0.960280406308014	0.0029585798816568	1.0	0.88355998477456
GC_00000126	18	19	2	0	0.989887430033917	0.921138893470996	0.954276558880635	0.0253968253968254	1.0	0.879996287013831
GC_00000127	18	19	2	0	0.995875105189682	0.934769722824955	0.964355413837282	0.00223214285714286	1.0	0.889306599832915
GC_00000128	11	19	2	0	0.996351766513057	0.778897003273735	0.874306089773228	0.0601503759398496	1.0	0.706239282416568
GC_00000129	18	19	2	0	0.975922038203354	0.634244287974749	0.768831105427908	0.0263157894736842	1.0	0.703267672104237
GC_00000130	18	19	2	0	0.995170051888485	0.894096762543952	0.941929763204456	0.0107816711590297	1.0	0.865985719014517
GC_00000131	18	19	2	0	0.988804769405349	0.837713213702729	0.907009762579629	0.135416666666667	1.0	0.850877192982456
GC_00000132	18	19	2	0	0.988436984434402	0.909066068188605	0.947091517823773	0.0579399141630901	1.0	0.87229877268278
GC_00000133	18	19	2	0	0.980005562733276	0.922348045942295	0.950303047422315	0.0730223123732252	1.0	0.860776010343641
GC_00000134	14	19	2	0	0.717828045139416	0.678204899947782	0.697454167176665	0.245901639344262	1.0	0.685936151855047
GC_00000135	18	19	2	0	0.993615769557607	0.921564173896211	0.956234633693243	0.00111111111111111	1.0	0.88772579597141
GC_00000136	18	18	1	1	1.0	1.0	1.0	1.0	1.0	1.0
GC_00000137	18	18	1	1	1.0	1.0	1.0	1.0	1.0	1.0
GC_00000138	18	18	1	1	1.0	1.0	1.0	1.0	1.0	1.0
GC_00000139	18	18	1	1	1.0	1.0	1.0	1.0	1.0	1.0
GC_00000140	18	18	1	1	1.0	1.0	1.0	1.0	1.0	1.0
GC_00000141	18	18	1	1	1.0	1.0	1.0	1.0	1.0	1.0
GC_00000142	18	18	1	1	1.0	1.0	1.0	1.0	1.0	1.0
GC_00000143	18	18	1	1	1.0	1.0	1.0	1.0	1.0	1.0
GC_00000144	18	18	1	1	1.0	1.0	1.0	1.0	1.0	1.0
GC_00000145	18	18	1	1	1.0	1.0	1.0	1.0	1.0	1.0
GC_00000146	18	18	1	1	1.0	1.0	1.0	1.0	1.0	1.0
GC_00000147	18	18	1	1	1.0	1.0	1.0	1.0	1.0	1.0
GC_00000148	18	18	1	1	1.0	1.0	1.0	1.0	1.0	1.0
GC_00000149	18	18	1	1	1.0	1.0	1.0	1.0	1.0	1.0
GC_00000150	18	18	1	1	1.0	1.0	1.0	1.0	1.0	1.0
GC_00000151	18	18	1	1	1.0	1.0	1.0	1.0	1.0	1.0
GC_00000152	18	18	1	1	1.0	1.0	1.0	1.0	1.0	1.0
GC_00000153	18	18	1	1	1.0	1.0	1.0	1.0	1.0	1.0
GC_00000154	18	18	1	1	1.0	1.0	1.0	1.0	1.0	1.0
GC_00000155	18	18	1	1	1.0	1.0	1.0	1.0	1.0	1.0
GC_00000156	18	18	1	1	1.0	1.0	1.0	1.0	1.0	1.0
GC_00000157	18	18	1	1	1.0	1.0	1.0	1.0	1.0	1.0
GC_00000158	18	18	1	1	1.0	1.0	1.0	1.0	1.0	1.0
GC_00000159	18	18	1	1	1.0	1.0	1.0	1.0	1.0	1.0
GC_00000160	18	18	1	1	1.0	1.0	1.0	1.0	1.0	1.0
GC_00000161	18	18	1	1	1.0	1.0	1.0	1.0	1.0	1.0
GC_00000162	18	18	1	1	1.0	1.0	1.0	1.0	1.0	1.0
GC_00000163	18	18	1	1	1.0	1.0	1.0	1.0	1.0	1.0
GC_00000164	18	18	1	1	1.0	1.0	1.0	1.0	1.0	1.0
GC_00000165	18	18	1	1	1.0	1.0	1.0	1.0	1.0	1.0
GC_00000166	18	18	1	1	1.0	1.0	1.0	1.0	1.0	1.0
GC_00000167	18	18	1	1	1.0	1.0	1.0	1.0	1.0	1.0
GC_00000168	18	18	1	1	1.0	1.0	1.0	1.0	1.0	1.0
GC_00000169	18	18	1	1	1.0	1.0	1.0	1.0	1.0	1.0
GC_00000170	3	18	9	0	1.0	1.0	1.0	1.0	1.0	1.0
GC_00000171	18	18	1	1	1.0	1.0	1.0	1.0	1.0	1.0
GC_00000172	18	18	1	1	1.0	1.0	1.0	1.0	1.0	1.0
GC_00000173	18	18	1	1	1.0	1.0	1.0	1.0	1.0	1.0
GC_00000174	18	18	1	1	1.0	1.0	1.0	1.0	1.0	1.0
GC_00000175	18	18	1	1	1.0	1.0	1.0	1.0	1.0	1.0
GC_00000176	18	18	1	1	1.0	1.0	1.0	1.0	1.0	1.0
GC_00000177	18	18	1	1	1.0	1.0	1.0	1.0	1.0	1.0
GC_00000178	18	18	1	1	1.0	1.0	1.0	1.0	1.0	1.0
GC_00000179	18	18	1	1	1.0	1.0	1.0	1.0	1.0	1.0
GC_00000180	18	18	1	1	1.0	1.0	1.0	1.0	1.0	1.0
GC_00000181	18	18	1	1	1.0	1.0	1.0	1.0	1.0	1.0
GC_00000182	18	18	1	1	1.0	1.0	1.0	1.0	1.0	1.0
GC_00000183	18	18	1	1	1.0	1.0	1.0	1.0	1.0	1.0
GC_00000184	18	18	1	1	1.0	1.0	1.0	1.0	1.0	1.0
GC_00000185	18	18	1	1	1.0	1.0	1.0	1.0	1.0	1.0
GC_00000186	18	18	1	1	1.0	1.0	1.0	1.0	1.0	1.0
GC_00000187	18	18	1	1	1.0	1.0	1.0	1.0	1.0	1.0
GC_00000188	18	18	1	1	1.0	1.0	1.0	1.0	1.0	1.0
GC_00000189	18	18	1	1	1.0	1.0	1.0	1.0	1.0	1.0
GC_00000190	18	18	1	1	1.0	1.0	1.0	1.0	1.0	1.0
GC_00000191	18	18	1	1	1.0	1.0	1.0	1.0	1.0	1.0
GC_00000192	18	18	1	1	1.0	1.0	1.0	1.0	1.0	1.0
GC_00000193	18	18	1	1	1.0	1.0	1.0	1.0	1.0	1.0
GC_00000194	18	18	1	1	1.0	1.0	1.0	1.0	1.0	1.0
GC_00000195	18	18	1	1	1.0	1.0	1.0	1.0	1.0	1.0
GC_00000196	18	18	1	1	1.0	1.0	1.0	1.0	1.0	1.0
GC_00000197	18	18	1	1	1.0	1.0	1.0	1.0	1.0	1.0
GC_00000198	18	18	1	1	1.0	1.0	1.0	1.0	1.0	1.0
GC_00000199	18	18	1	1	1.0	1.0	1.0	1.0	1.0	1.0
GC_00000200	18	18	1	1	1.0	1.0	1.0	1.0	1.0	1.0
GC_00000201	18	18	1	1	1.0	1.0	1.0	1.0	1.0	1.0
GC_00000202	18	18	1	1	1.0	1.0	1.0	1.0	1.0	1.0
GC_00000203	18	18	1	1	1.0	1.0	1.0	1.0	1.0	1.0
GC_00000204	18	18	1	1	1.0	1.0	1.0	1.0	1.0	1.0
GC_00000205	18	18	1	1	1.0	1.0	1.0	1.0	1.0	1.0
GC_00000206	18	18	1	1	1.0	1.0	1.0	1.0	1.0	1.0
GC_00000207	18	18	1	1	1.0	1.0	1.0	1.0	1.0	1.0
GC_00000208	18	18	1	1	1.0	1.0	1.0	1.0	1.0	1.0
GC_00000209	18	18	1	1	1.0	1.0	1.0	1.0	1.0	1.0
GC_00000210	18	18	1	1	1.0	1.0	1.0	1.0	1.0	1.0
GC_00000211	18	18	1	1	1.0	1.0	1.0	1.0	1.0	1.0
GC_00000212	18	18	1	1	1.0	1.0	1.0	1.0	1.0	1.0
GC_00000213	18	18	1	1	1.0	1.0	1.0	1.0	1.0	1.0
GC_00000214	18	18	1	1	1.0	1.0	1.0	1.0	1.0	1.0
GC_00000215	18	18	1	1	1.0	1.0	1.0	1.0	1.0	1.0
GC_00000216	18	18	1	1	0.99949264332826	1.0	0.999746257295103	0.995433789954338	1.0	0.99949264332826
GC_00000217	18	18	1	1	0.998316498316498	1.0	0.999157540016849	0.984848484848485	1.0	0.998316498316498
GC_00000218	18	18	1	1	0.997354497354497	1.0	0.998675496688742	0.976190476190476	1.0	0.997354497354497
GC_00000219	18	18	1	1	0.999249249249249	1.0	0.999624483665039	0.993243243243243	1.0	0.999249249249249
GC_00000220	18	18	1	1	0.999222999222999	1.0	0.999611348620288	0.993006993006993	1.0	0.999222999222999
GC_00000221	18	18	1	1	0.999675113710201	1.0	0.999837530463038	0.991228070175439	1.0	0.999025341130604
GC_00000222	18	18	1	1	0.999074074074074	1.0	0.999536822603057	0.991666666666667	1.0	0.999074074074074
GC_00000223	18	18	1	1	0.999222999222999	1.0	0.999611348620288	0.993006993006993	1.0	0.999222999222999
GC_00000224	18	18	1	1	0.999762583095916	1.0	0.999881277454589	0.993589743589744	1.0	0.999287749287749
GC_00000225	18	18	1	1	0.99932964638847	0.853162402717997	0.920479505033615	0.817164179104478	1.0	0.979684908789387
GC_00000226	18	18	1	1	1.0	0.998215170323747	0.999106788046273	0.983870967741935	1.0	0.99820788530466
GC_00000227	18	18	1	1	0.998661311914324	1.0	0.999330207635633	0.987951807228916	1.0	0.998661311914324
GC_00000228	18	18	1	1	0.998910675381264	1.0	0.999455040871935	0.990196078431373	1.0	0.998910675381264
GC_00000229	18	18	1	1	0.999310938845823	1.0	0.999655350680682	0.990697674418605	1.0	0.998966408268734
GC_00000230	18	18	1	1	0.999170812603648	1.0	0.999585234342596	0.992537313432836	1.0	0.999170812603648
GC_00000231	18	18	1	1	0.999582289055973	1.0	0.999791100898266	0.996240601503759	1.0	0.999582289055973
GC_00000232	18	18	1	1	0.999636891793755	1.0	0.999818412929	0.996732026143791	1.0	0.999636891793755
GC_00000233	18	18	1	1	1.0	0.983937115516063	0.991903531438415	0.844155844155844	1.0	0.982683982683983
GC_00000234	18	18	1	1	0.999696417729205	1.0	0.999848185820556	0.991803278688525	1.0	0.999089253187614
GC_00000235	18	18	1	1	0.998178506375228	1.0	0.999088422971741	0.983606557377049	1.0	0.998178506375228
GC_00000236	18	18	1	1	0.99973544973545	1.0	0.9998677073687	0.992857142857143	1.0	0.999206349206349
GC_00000237	18	18	1	1	1.0	0.999238964992389	0.999619337647506	0.993150684931507	1.0	0.99923896499239
GC_00000238	18	18	1	1	0.999604586793199	1.0	0.999802254300969	0.99644128113879	1.0	0.999604586793199
GC_00000239	18	18	1	1	0.999618174875907	1.0	0.999809050983387	0.996563573883162	1.0	0.999618174875907
GC_00000240	18	18	1	1	0.999497234791352	1.0	0.999748554186573	0.995475113122172	1.0	0.999497234791352
GC_00000241	18	18	1	1	0.999478351591028	1.0	0.9997391077485	0.995305164319249	1.0	0.999478351591028
GC_00000242	18	18	1	1	0.999657064471879	1.0	0.999828502829703	0.996913580246914	1.0	0.999657064471879
GC_00000243	18	18	1	1	0.999652777777778	1.0	0.999826358742837	0.996875	1.0	0.999652777777778
GC_00000244	18	18	1	1	0.999233716475096	1.0	0.999616711383672	0.993103448275862	1.0	0.999233716475096
GC_00000245	18	18	1	1	0.999833914632121	1.0	0.9999169504194	0.995515695067265	1.0	0.999501743896363
GC_00000246	18	18	1	1	1.0	0.999667332002662	0.999833638329729	0.997005988023952	1.0	0.999667332002661
GC_00000247	18	18	1	1	0.99973544973545	1.0	0.9998677073687	0.997619047619048	1.0	0.99973544973545
GC_00000248	18	18	1	1	0.999392835458409	1.0	0.999696325539022	0.983606557377049	1.0	0.998178506375228
GC_00000249	18	18	1	1	0.999898805909735	1.0	0.999949400394677	0.997267759562842	1.0	0.999696417729204
GC_00000250	18	18	1	1	0.998341625207297	1.0	0.999170124481328	0.985074626865672	1.0	0.998341625207297
GC_00000251	18	18	1	1	0.999441652707984	1.0	0.999720748394303	0.994974874371859	1.0	0.999441652707984
GC_00000252	18	18	1	1	0.999855324074074	1.0	0.999927656803878	0.99609375	1.0	0.999565972222222
GC_00000253	18	18	1	1	0.999548328816621	1.0	0.999774113395076	0.995934959349594	1.0	0.999548328816622
GC_00000254	18	18	1	1	0.999781277340333	1.0	0.999890626708958	0.998031496062992	1.0	0.999781277340333
GC_00000255	18	18	1	1	0.9985935302391	1.0	0.999296270232231	0.987341772151899	1.0	0.9985935302391
GC_00000256	18	18	1	1	0.999648382559775	1.0	0.999824160365746	0.996835443037975	1.0	0.999648382559775
GC_00000257	18	18	1	1	0.999562554680665	1.0	0.999781229490265	0.996062992125984	1.0	0.999562554680665
GC_00000258	18	18	1	1	0.999821077115763	1.0	0.999910530553816	0.995169082125604	1.0	0.999463231347289
GC_00000259	18	18	1	1	0.999608763693271	1.0	0.999804343572686	0.996478873239437	1.0	0.999608763693271
GC_00000260	18	18	1	1	0.998584571832979	1.0	0.99929178470255	0.987261146496815	1.0	0.998584571832979
GC_00000261	18	18	1	1	0.999592999593	1.0	0.999796458375738	0.989010989010989	1.0	0.998778998778999
GC_00000262	18	18	1	1	0.999522102747909	1.0	0.999760994263862	0.993548387096774	1.0	0.999283154121864
GC_00000263	18	18	1	1	0.998148148148148	1.0	0.999073215940686	0.983333333333333	1.0	0.998148148148148
GC_00000264	18	18	1	1	0.999136275154375	1.0	0.999567950991456	0.994082840236686	1.0	0.998723749854971
GC_00000265	18	18	1	1	0.99932532152646	1.0	0.999662546927068	0.996774193548387	1.0	0.99932532152646
GC_00000266	18	18	1	1	0.999322493224932	1.0	0.999661131819722	0.99390243902439	1.0	0.999322493224932
GC_00000267	18	18	1	1	0.998930012504673	1.0	0.99946471988082	0.988165680473373	1.0	0.998104961905867
GC_00000268	18	18	1	1	0.999173318866413	1.0	0.999586488512134	0.99604743083004	1.0	0.999173318866413
GC_00000269	18	18	1	1	0.998242434228593	1.0	0.999120444175691	0.991596638655462	1.0	0.998242434228593
GC_00000270	18	18	1	1	0.999659918167809	1.0	0.999829930165074	0.995121951219512	1.0	0.998979754503427
GC_00000271	18	18	1	1	0.999795551977715	1.0	0.999897765538041	0.997067448680352	1.0	0.999386655933145
GC_00000272	18	18	1	1	0.998547567175018	1.0	0.999273255813953	0.993055555555556	1.0	0.998547567175018
GC_00000273	18	18	1	1	0.999899832218967	1.0	0.999949913600962	0.998563218390805	1.0	0.9996994966569
GC_00000274	18	18	1	1	0.995246583481878	1.0	0.997617629541394	0.977272727272727	1.0	0.995246583481878
GC_00000275	18	18	1	1	0.999340219789283	1.0	0.999670001031247	0.996845425867508	1.0	0.999340219789283
GC_00000276	18	18	1	1	0.993916758622641	1.0	0.996949099629635	0.961038961038961	1.0	0.99295475766064
GC_00000277	18	18	1	1	0.986208938807454	1.0	0.993056590913932	0.909385113268608	1.0	0.981005562958733
GC_00000278	18	18	1	1	0.998537410302116	1.0	0.999268169967525	0.993006993006993	1.0	0.998537410302116
GC_00000279	18	18	1	1	0.999288604330621	1.0	0.999644175599342	0.989795918367347	1.0	0.997865812991863
GC_00000280	18	18	1	1	0.998863313441319	1.0	0.999431333522889	0.994565217391304	1.0	0.998863313441319
GC_00000281	18	18	1	1	0.999838244140141	1.0	0.999919115528302	0.997679814385151	1.0	0.999514732420424
GC_00000282	18	18	1	1	0.996913580246914	1.0	0.998454404945904	0.958333333333333	1.0	0.99537037037037
GC_00000283	18	18	1	1	0.999569649533339	1.0	0.999784778456323	0.993827160493827	1.0	0.998708948600016
GC_00000284	18	18	1	1	0.998421506967567	1.0	0.999210130081702	0.992452830188679	1.0	0.998421506967567
GC_00000285	18	18	1	1	0.999649664444226	1.0	0.999824801532987	0.994974874371859	1.0	0.998948993332677
GC_00000286	18	18	1	1	0.999094587329881	1.0	0.999547088629094	0.995670995670996	1.0	0.999094587329882
GC_00000287	18	18	1	1	0.999528940705411	1.0	0.999764414865422	0.993243243243243	1.0	0.998586822116234
GC_00000288	18	18	1	1	0.999453201760007	1.0	0.999726526112483	0.992156862745098	1.0	0.998359605280021
GC_00000289	18	18	1	1	0.99848828420257	1.0	0.999243570347958	0.986394557823129	1.0	0.99848828420257
GC_00000290	18	18	1	1	1.0	0.898074449905748	0.946300552067748	0.886792452830189	1.0	0.976322604513504
GC_00000291	18	18	1	1	0.997649996328119	1.0	0.998823615910595	0.98876404494382	1.0	0.997649996328119
GC_00000292	18	18	1	1	0.996179902706897	1.0	0.998086296085878	0.972602739726027	1.0	0.994269854060346
GC_00000293	18	18	1	1	0.997935267062526	1.0	0.998966566649324	0.980392156862745	1.0	0.996539792387543
GC_00000294	18	18	1	1	0.999210753483783	1.0	0.999605220952898	0.99622641509434	1.0	0.999210753483783
GC_00000295	18	18	1	1	0.998902606310014	1.0	0.999451001921493	0.985185185185185	1.0	0.998353909465021
GC_00000296	18	18	1	1	0.999722243921916	1.0	0.999861102671169	0.99601593625498	1.0	0.999166731765748
GC_00000297	18	18	1	1	0.995978181635372	0.988745110559823	0.992348466094776	0.961977186311787	1.0	0.992047516091354
GC_00000298	18	18	1	1	0.999266593325999	1.0	0.999633162142333	0.993399339933993	1.0	0.999266593325999
GC_00000299	18	18	1	1	0.998498498498498	1.0	0.999248685199098	0.959459459459459	1.0	0.995495495495495
GC_00000300	18	18	1	1	0.999109074710449	1.0	0.999554338829821	0.989690721649485	1.0	0.998854524627721
GC_00000301	18	18	1	1	0.998863313441319	1.0	0.999431333522889	0.994565217391304	1.0	0.998863313441319
GC_00000302	18	18	1	1	0.999044890162369	1.0	0.999522216913521	0.991404011461318	1.0	0.999044890162369
GC_00000303	18	18	1	1	0.997763098109119	1.0	0.998880296721369	0.989304812834225	1.0	0.997763098109119
GC_00000304	18	18	1	1	0.999429123996598	1.0	0.999714480500184	0.989304812834225	1.0	0.998287371989794
GC_00000305	18	18	1	1	0.999083086471999	1.0	0.999541332956991	0.989208633093525	1.0	0.998048619927587
GC_00000306	18	18	1	1	0.998375040623984	1.0	0.999186859651976	0.994475138121547	1.0	0.998375040623984
GC_00000307	18	18	1	1	0.997702205882353	1.0	0.998849781458477	0.9921875	1.0	0.997702205882353
GC_00000308	18	18	1	1	0.998565279770445	1.0	0.999282124910266	0.991869918699187	1.0	0.998565279770445
GC_00000309	18	18	1	1	0.996265172735761	1.0	0.998129092609916	0.974025974025974	1.0	0.996265172735761
GC_00000310	18	18	1	1	0.997204751921733	1.0	0.998600419874038	0.981132075471698	1.0	0.997204751921733
GC_00000311	18	18	1	1	0.998408252189765	1.0	0.999203492175089	0.987755102040816	1.0	0.997839135654262
GC_00000312	18	18	1	1	0.998883442265795	1.0	0.999441409283505	0.990625	1.0	0.998651960784314
GC_00000313	18	18	1	1	0.998383968972204	1.0	0.99919133106906	0.994505494505495	1.0	0.998383968972204
GC_00000314	18	18	1	1	0.997124183006536	1.0	0.99856002094515	0.98	1.0	0.997124183006536
GC_00000315	18	18	1	1	0.995869054692584	1.0	0.997930252339098	0.983766233766234	1.0	0.995416348357525
GC_00000316	18	18	1	1	0.997413650320427	1.0	0.998705150693669	0.982456140350877	1.0	0.996980468600696
GC_00000317	18	18	1	1	0.997294644353468	1.0	0.998645489961043	0.978021978021978	1.0	0.996480643539467
GC_00000318	18	18	1	1	0.993210373951712	1.0	0.996593622962724	0.965753424657534	1.0	0.992255349628436
GC_00000319	18	18	1	1	0.998711060922333	1.0	0.999355114852333	0.989528795811518	1.0	0.998323238544982
GC_00000320	18	18	1	1	0.997394164637533	1.0	0.998695382509571	0.990196078431373	1.0	0.997394164637532
GC_00000321	18	18	1	1	0.998721227621483	1.0	0.999360204734485	0.995652173913044	1.0	0.998721227621483
GC_00000322	18	18	1	1	0.998925297188227	1.0	0.999462359692338	0.993288590604027	1.0	0.998925297188227
GC_00000323	18	18	1	1	0.998864321142168	1.0	0.999431837946268	0.99290780141844	1.0	0.998864321142168
GC_00000324	18	18	1	1	0.999520350433129	1.0	0.999760117686841	0.994694960212202	1.0	0.999150500164699
GC_00000325	18	18	1	1	0.998752911126136	1.0	0.999376066512813	0.986206896551724	1.0	0.997791300428217
GC_00000326	18	18	1	1	0.999199817101052	1.0	0.999599748413288	0.993827160493827	1.0	0.998971193415638
GC_00000327	18	18	1	1	0.997726626882637	1.0	0.998862019914652	0.978260869565217	1.0	0.995595339585109
GC_00000328	18	18	1	1	0.998422863346611	1.0	0.999210809342549	0.986531986531986	1.0	0.998173455689796
GC_00000329	18	18	1	1	0.99874964478545	1.0	0.999374431301183	0.991304347826087	1.0	0.99874964478545
GC_00000330	18	18	1	1	0.999649859943978	1.0	0.999824899317107	0.996428571428571	1.0	0.998949579831933
GC_00000331	18	18	1	1	0.998490935619916	1.0	0.999244898061238	0.981651376146789	1.0	0.997511542843437
GC_00000332	18	18	1	1	0.997589199614272	1.0	0.998793145063963	0.991803278688525	1.0	0.997589199614272
GC_00000333	18	18	1	1	0.998765432098765	1.0	0.999382334774552	0.99	1.0	0.998518518518518
GC_00000334	18	18	1	1	0.999189211549599	1.0	0.99959444136367	0.994936708860759	1.0	0.999189211549599
GC_00000335	18	18	1	1	0.997738915385974	1.0	0.998868178120468	0.989189189189189	1.0	0.99667903197315
GC_00000336	18	18	1	1	0.999142204307197	1.0	0.999570918121305	0.993031358885017	1.0	0.998884106488124
GC_00000337	18	18	1	1	0.998303647158609	1.0	0.999151103565365	0.988549618320611	1.0	0.998303647158609
GC_00000338	18	18	1	1	0.99753445045142	1.0	0.998765703616264	0.983539094650206	1.0	0.996960649829205
GC_00000339	18	18	1	1	0.99868108678449	1.0	0.999340108222251	0.995515695067265	1.0	0.99868108678449
GC_00000340	18	18	1	1	0.999218874541687	1.0	0.999609284671998	0.995121951219512	1.0	0.999218874541687
GC_00000341	18	18	1	1	0.998187749184487	0.976159046747282	0.987050505743488	0.864864864864865	1.0	0.970205499617264
GC_00000342	18	18	1	1	0.998721227621483	1.0	0.999360204734485	0.995652173913044	1.0	0.998721227621483
GC_00000343	18	18	1	1	0.998114630467572	1.0	0.999056425740706	0.980769230769231	1.0	0.994343891402715
GC_00000344	18	18	1	1	0.999616196507388	1.0	0.999808061420346	0.996113989637306	1.0	0.999424294761082
GC_00000345	18	18	1	1	0.999327777372824	1.0	0.999663775677614	0.992565055762082	1.0	0.998809437033798
GC_00000346	18	18	1	1	0.998874515227945	0.972447365218451	0.985483801658321	0.698795180722892	1.0	0.965942200173242
GC_00000347	18	18	1	1	0.998502739001408	1.0	0.999250808633197	0.991769547325103	1.0	0.997928938379193
GC_00000348	18	18	1	1	0.999170038385725	1.0	0.999584846912299	0.993197278911565	1.0	0.997510115157174
GC_00000349	18	18	1	1	0.998464866373596	1.0	0.999231843575419	0.99288256227758	1.0	0.998464866373596
GC_00000350	18	18	1	1	0.998804634931652	1.0	0.99940196002778	0.994100294985251	1.0	0.998804634931652
GC_00000351	18	18	1	1	0.996147230822153	1.0	0.998069897290963	0.989473684210526	1.0	0.996147230822153
GC_00000352	18	18	1	1	0.997821350762527	1.0	0.998909487459106	0.994047619047619	1.0	0.997821350762527
GC_00000353	18	18	1	1	0.998803878850015	1.0	0.999401581534516	0.990196078431373	1.0	0.996411636550045
GC_00000354	18	18	1	1	0.998910857634002	0.991552204101564	0.995217928560146	0.916417910447761	1.0	0.990020485806263
GC_00000355	18	18	1	1	0.999150696059968	1.0	0.999575167624079	0.989830508474576	1.0	0.998205383848455
GC_00000356	18	18	1	1	0.986655773420479	1.0	0.993283070596299	0.9375	1.0	0.986655773420479
GC_00000357	18	18	1	1	0.998470921643357	1.0	0.999234875854293	0.992084432717678	1.0	0.998275475537621
GC_00000358	18	18	1	1	0.994453044375645	1.0	0.997218808615225	0.980263157894737	1.0	0.994453044375645
GC_00000359	18	18	1	1	0.996484868457187	1.0	0.998239339752407	0.983193277310924	1.0	0.996484868457187
GC_00000360	18	18	1	1	0.997314490590254	0.998940869880296	0.998127017717431	0.987206823027719	1.0	0.99667628245328
GC_00000361	18	18	1	1	0.997366812432407	1.0	0.998681670511794	0.992805755395683	1.0	0.997366812432407
GC_00000362	18	18	1	1	0.998590831131507	1.0	0.999294918776499	0.991489361702128	1.0	0.997552496175775
GC_00000363	18	18	1	1	0.996504027967776	1.0	0.998248953178531	0.976744186046512	1.0	0.99422404620763
GC_00000364	18	18	1	1	0.995766233182849	1.0	0.997878625889767	0.974226804123711	1.0	0.995047503537497
GC_00000365	18	18	1	1	0.99788737043639	1.0	0.998942568237393	0.97979797979798	1.0	0.995906780220506
GC_00000366	18	18	1	1	0.99821471798596	1.0	0.999106561473113	0.986111111111111	1.0	0.994644153957879
GC_00000367	18	18	1	1	0.998433330885413	1.0	0.999216051348637	0.98876404494382	1.0	0.997649996328119
GC_00000368	18	18	1	1	0.996126845800048	1.0	0.998059665292263	0.972222222222222	1.0	0.994190268700073
GC_00000369	18	18	1	1	0.988803637396988	1.0	0.994370302631955	0.956521739130435	1.0	0.988803637396988
GC_00000370	18	18	1	1	0.995792953196604	1.0	0.997892042460288	0.988505747126437	1.0	0.995792953196604
GC_00000371	18	18	1	1	0.997492498047437	1.0	0.998744675158974	0.98921832884097	1.0	0.996635132040237
GC_00000372	18	18	1	1	0.999598389292277	1.0	0.999799154315249	0.99510603588907	1.0	0.999157683736899
GC_00000373	18	18	1	1	0.998285653059038	1.0	0.999142091152815	0.983606557377049	1.0	0.996678452801886
GC_00000374	18	18	1	1	0.999000476335496	1.0	0.999499988280975	0.992831541218638	1.0	0.998500714503245
GC_00000375	18	18	1	1	0.998435410200116	1.0	0.99921709263562	0.992277992277992	1.0	0.998435410200116
GC_00000376	18	18	1	1	0.998406770115454	1.0	0.999202749956429	0.989795918367347	1.0	0.998154817482549
GC_00000377	18	18	1	1	0.997250974781901	1.0	0.998623595505618	0.987124463519313	1.0	0.997250974781901
GC_00000378	18	18	1	1	0.999467229880793	1.0	0.999733543960488	0.995633187772926	1.0	0.998401689642378
GC_00000379	18	18	1	1	0.997389731573971	1.0	0.998693160185633	0.981132075471698	1.0	0.997040325564188
GC_00000380	18	18	1	1	0.990816579796476	1.0	0.995387108839297	0.949367088607595	1.0	0.990816579796476
GC_00000381	18	18	1	1	0.990160938927542	1.0	0.995056148033053	0.951612903225806	1.0	0.982289690069576
GC_00000382	18	18	1	1	0.997746994133262	1.0	0.998872226626618	0.982935153583618	1.0	0.996185504918691
GC_00000383	18	18	1	1	0.99800290486565	1.0	0.999000454338937	0.983333333333333	1.0	0.997385620915033
GC_00000384	18	18	1	1	0.999420636213858	1.0	0.999710234167014	0.994459833795014	1.0	0.998877482664349
GC_00000385	18	18	1	1	0.999573891947245	1.0	0.999786900571931	0.993690851735016	1.0	0.998721675841735
GC_00000386	18	18	1	1	0.998572884811417	0.958414580545172	0.978081699021951	0.951492537313433	1.0	0.982245634572237
GC_00000387	18	18	1	1	0.993385305929601	1.0	0.996681678122778	0.981927710843373	1.0	0.993385305929601
GC_00000388	18	18	1	1	0.998321040954608	1.0	0.999159815159335	0.995412844036697	1.0	0.998321040954608
GC_00000389	18	18	1	1	0.997156678113807	1.0	0.998576315059628	0.983050847457627	1.0	0.996048890365939
GC_00000390	18	18	1	1	0.996262642364986	1.0	0.998127822684401	0.975609756097561	1.0	0.992188745416866
GC_00000391	18	18	1	1	0.996995005075326	0.998978304981888	0.99798566967512	0.976958525345622	1.0	0.995632661666817
GC_00000392	18	18	1	1	0.998531893439497	1.0	0.999265407489706	0.990407673860911	1.0	0.998197520415041
GC_00000393	18	18	1	1	0.994632600514954	1.0	0.997309078632496	0.972727272727273	1.0	0.991740938799762
GC_00000394	18	18	1	1	0.996376108199055	1.0	0.998184764991896	0.99009900990099	1.0	0.996376108199055
GC_00000395	18	18	1	1	0.998348545767513	1.0	0.999173590495019	0.991253644314869	1.0	0.99813258636788
GC_00000396	18	18	1	1	0.997575124724446	0.972496720854182	0.984876302635843	0.701030927835051	1.0	0.965197762953979
GC_00000397	18	18	1	1	0.998632292423142	1.0	0.99931567823554	0.983333333333333	1.0	0.997131445170661
GC_00000398	18	18	1	1	0.993244498488457	1.0	0.996610801376015	0.976744186046512	1.0	0.991538734356792
GC_00000399	18	18	1	1	0.997095134350036	1.0	0.998545454545455	0.990654205607477	1.0	0.996864373994665
GC_00000400	18	18	1	1	0.997875816993464	1.0	0.998936779259017	0.995	1.0	0.997875816993464
GC_00000401	18	18	1	1	0.998044573020465	1.0	0.99902132965103	0.991803278688525	1.0	0.998044573020465
GC_00000402	18	18	1	1	0.999248224121266	0.997673386294406	0.998460184223475	0.995316159250585	1.0	0.998760159801625
GC_00000403	18	18	1	1	0.997865475304046	1.0	0.998931597386141	0.992405063291139	1.0	0.997865475304046
GC_00000404	18	18	1	1	0.999321594988331	1.0	0.999660682396784	0.99288256227758	1.0	0.998755611378596
GC_00000405	18	18	1	1	0.997854360599459	1.0	0.998926028121541	0.984848484848485	1.0	0.993563081798376
GC_00000406	18	18	1	1	0.999411382486718	1.0	0.999705604600215	0.992982456140351	1.0	0.998234147460153
GC_00000407	18	18	1	1	0.995172311348782	1.0	0.997580314931318	0.988636363636364	1.0	0.995172311348782
GC_00000408	18	18	1	1	0.997259118701244	1.0	0.998627678665681	0.993548387096774	1.0	0.997259118701244
GC_00000409	18	18	1	1	0.996649501551462	1.0	0.998321939606359	0.984848484848485	1.0	0.996088334323628
GC_00000410	18	18	1	1	0.997334501770913	1.0	0.998665472294839	0.988826815642458	1.0	0.997334501770913
GC_00000411	18	18	1	1	0.997607057394907	1.0	0.998802095439023	0.983606557377049	1.0	0.995649844637309
GC_00000412	18	18	1	1	0.998916584918074	1.0	0.999457998852929	0.994575045207957	1.0	0.99847533950289
GC_00000413	18	18	1	1	0.998895187353509	1.0	0.999447288355347	0.990521327014218	1.0	0.997738747947836
GC_00000414	18	18	1	1	0.997531293911384	1.0	0.998764121445236	0.988165680473373	1.0	0.997312139846076
GC_00000415	18	18	1	1	0.998821915597515	1.0	0.999410610623542	0.995061728395062	1.0	0.998821915597515
GC_00000416	18	18	1	1	0.994982655172927	1.0	0.997485018321306	0.981776765375854	1.0	0.994982655172927
GC_00000417	18	18	1	1	0.997153443697025	1.0	0.998574693240542	0.985401459854015	1.0	0.996135680549592
GC_00000418	18	18	1	1	0.995827681177293	1.0	0.997909479429484	0.981132075471698	1.0	0.995128869157726
GC_00000419	18	18	1	1	0.998579987550576	1.0	0.999289489308274	0.994047619047619	1.0	0.998579987550576
GC_00000420	18	18	1	1	0.999295461689374	1.0	0.9996476067074	0.995024875621891	1.0	0.997886385068123
GC_00000421	18	18	1	1	0.998206952397478	1.0	0.999102671722581	0.988938053097345	1.0	0.997339348718839
GC_00000422	18	18	1	1	0.997994241973557	0.995876872347459	0.996934432901748	0.985446985446986	1.0	0.997132879485821
GC_00000423	18	18	1	1	0.998196022924386	1.0	0.999097197144365	0.993630573248408	1.0	0.997294034386578
GC_00000424	18	18	1	1	0.997531579681681	1.0	0.998764264683759	0.985221674876847	1.0	0.996844714897453
GC_00000425	18	18	1	1	0.998127852746506	1.0	0.999063049318431	0.980988593155893	1.0	0.9969184124854
GC_00000426	18	18	1	1	0.999730262475361	1.0	0.999865113045644	0.998095238095238	1.0	0.999190787426081
GC_00000427	18	18	1	1	0.998703466894004	1.0	0.999351312924868	0.994565217391304	1.0	0.998703466894004
GC_00000428	18	18	1	1	1.0	0.99471690360437	0.997351455544352	0.989189189189189	1.0	0.99540717187776
GC_00000429	18	18	1	1	0.99818583960834	1.0	0.99909209626267	0.992395437262357	1.0	0.99818583960834
GC_00000430	18	18	1	1	0.994250194250194	0.93764352587882	0.96511754039989	0.906666666666667	1.0	0.974030501089325
GC_00000431	18	18	1	1	0.994303126656068	1.0	0.99714342655949	0.97972972972973	1.0	0.994303126656068
GC_00000432	18	18	1	1	0.985878153135417	1.0	0.992888865390716	0.951807228915663	1.0	0.98330577210804
GC_00000433	18	18	1	1	0.99082143145324	1.0	0.995389557093496	0.972222222222222	1.0	0.988198983297023
GC_00000434	18	18	1	1	0.992863045601382	0.987186655484111	0.990016714028611	0.816326530612245	1.0	0.97567916055311
GC_00000435	18	18	1	1	0.992036661407858	1.0	0.996002413637049	0.96551724137931	1.0	0.990759522199684
GC_00000436	18	18	1	1	0.996814969642679	1.0	0.998404944671518	0.989847715736041	1.0	0.995222454464019
GC_00000437	18	18	1	1	0.992814517111192	1.0	0.996394304222942	0.981366459627329	1.0	0.992814517111192
GC_00000438	18	18	1	1	0.996964578590487	1.0	0.998479982348182	0.98876404494382	1.0	0.996181244033194
GC_00000439	18	18	1	1	0.995915032679739	1.0	0.997953336062219	0.986111111111111	1.0	0.995915032679739
GC_00000440	18	18	1	1	0.997930927795181	1.0	0.998964392524269	0.99112426035503	1.0	0.997930927795181
GC_00000441	18	18	1	1	0.99446170027445	0.936745070618398	0.964740917121162	0.887323943661972	1.0	0.964834760195158
GC_00000442	18	18	1	1	0.997514105357243	1.0	0.998755505837936	0.991452991452991	1.0	0.997514105357243
GC_00000443	18	18	1	1	0.998665514156165	1.0	0.999332311567702	0.995359628770302	1.0	0.998665514156165
GC_00000444	18	18	1	1	0.988947500627983	0.967936589840614	0.978329248984826	0.594771241830065	1.0	0.952069716775599
GC_00000445	18	18	1	1	0.99480012999675	1.0	0.997393287715868	0.988950276243094	1.0	0.99480012999675
GC_00000446	18	18	1	1	0.988981009070295	0.885353549387004	0.934302622449005	0.410958904109589	1.0	0.838571044856299
GC_00000447	18	18	1	1	0.992655622696318	1.0	0.996314276676798	0.974842767295597	1.0	0.991778682122744
GC_00000448	18	18	1	1	0.995420065836554	1.0	0.997704776933008	0.985401459854015	1.0	0.99313009875483
GC_00000449	18	18	1	1	0.995764661308219	0.993867505850077	0.994815179090647	0.975308641975309	1.0	0.991890583393851
GC_00000450	18	18	1	1	0.997015960380253	1.0	0.998505750740631	0.992481203007519	1.0	0.996830311071797
GC_00000451	18	18	1	1	0.996072698085082	1.0	0.99803248553087	0.991228070175439	1.0	0.996072698085082
GC_00000452	18	18	1	1	0.99880174291939	1.0	0.999400512289498	0.992857142857143	1.0	0.99786803610333
GC_00000453	18	18	1	1	0.998269018414063	1.0	0.99913375948384	0.986301369863014	1.0	0.996329125257409
GC_00000454	18	18	1	1	0.994482333996401	1.0	0.99723353478266	0.978260869565217	1.0	0.993677181017335
GC_00000455	18	18	1	1	0.998245762951645	0.98248407643312	0.990302207767473	0.815286624203822	1.0	0.977144998126639
GC_00000456	18	18	1	1	0.99493991144845	1.0	0.997463538363982	0.989247311827957	1.0	0.99493991144845
GC_00000457	18	18	1	1	0.99809300278715	1.0	0.999045591366273	0.992518703241895	1.0	0.99809300278715
GC_00000458	18	18	1	1	0.979595426561126	0.933399903171145	0.955939893932745	0.567901234567901	1.0	0.901234567901235
GC_00000459	18	18	1	1	0.992724583750775	1.0	0.996349010641736	0.981751824817518	1.0	0.992724583750775
GC_00000460	18	18	1	1	0.994751083509719	1.0	0.997368635849519	0.98220640569395	1.0	0.993650129090782
GC_00000461	18	18	1	1	0.997223068847574	1.0	0.998609603906674	0.989637305699482	1.0	0.997223068847574
GC_00000462	18	18	1	1	0.9980101977366	1.0	0.999004108054276	0.995771670190275	1.0	0.9980101977366
GC_00000463	18	18	1	1	0.996798719487795	1.0	0.998396793587174	0.989795918367347	1.0	0.995198079231693
GC_00000464	18	18	1	1	0.992362488066388	1.0	0.996166605234058	0.97752808988764	1.0	0.992362488066388
GC_00000465	18	18	1	1	0.998681917211329	1.0	0.999340523983671	0.985	1.0	0.996045751633987
GC_00000466	18	18	1	1	0.998283167738165	0.748012080885303	0.855213767776339	0.611510791366906	1.0	0.834696948323694
GC_00000467	18	18	1	1	0.997869409201589	1.0	0.998933568536263	0.977941176470588	1.0	0.995242214532872
GC_00000468	18	18	1	1	0.993934264353223	1.0	0.996957905907322	0.971223021582734	1.0	0.991677246438144
GC_00000469	18	18	1	1	0.99639892688021	1.0	0.998196215660456	0.991735537190083	1.0	0.99639892688021
GC_00000470	18	18	1	1	0.994392656880603	1.0	0.997188445765656	0.967213114754098	1.0	0.993785492339012
GC_00000471	18	18	1	1	0.998725632017635	0.979492133372394	0.989015382505953	0.972136222910217	1.0	0.990590663509986
GC_00000472	18	18	1	1	0.995294117647059	1.0	0.997641509433962	0.99	1.0	0.995294117647059
GC_00000473	18	18	1	1	0.995810971181607	1.0	0.997901089392292	0.983739837398374	1.0	0.994819065837717
GC_00000474	18	18	1	1	0.996043679912319	1.0	0.998017919082886	0.98159509202454	1.0	0.995188259352821
GC_00000475	18	18	1	1	0.997104689829148	1.0	0.998550246171071	0.990131578947368	1.0	0.996861025111799
GC_00000476	18	18	1	1	0.998637085376866	1.0	0.999318077987692	0.992295839753467	1.0	0.998408813962154
GC_00000477	18	18	1	1	0.996565049377415	1.0	0.998279569892473	0.992700729927007	1.0	0.996565049377415
GC_00000478	18	18	1	1	0.995475113122172	1.0	0.997732426303855	0.990384615384615	1.0	0.995475113122172
GC_00000479	18	18	1	1	0.998869586411504	0.998933698355666	0.99890164135487	0.984585741811175	1.0	0.99725465009382
GC_00000480	18	18	1	1	0.992869875222816	1.0	0.996422182468694	0.984848484848485	1.0	0.992869875222816
GC_00000481	18	18	1	1	0.998005982053839	1.0	0.999001996007984	0.995762711864407	1.0	0.998005982053839
GC_00000482	18	18	1	1	0.997499289570901	1.0	0.99874807944005	0.991304347826087	1.0	0.997499289570901
GC_00000483	18	18	1	1	0.999017761530224	1.0	0.999508639448494	0.989830508474576	1.0	0.997806580259222
GC_00000484	18	18	1	1	0.993553585817889	1.0	0.996766370250606	0.986301369863014	1.0	0.993553585817889
GC_00000485	18	18	1	1	0.993247164336587	0.972434109798774	0.982730450527041	0.7109375	1.0	0.961345996732026
GC_00000486	18	18	1	1	0.991006738612758	0.848626373626374	0.91430671608712	0.771428571428571	1.0	0.971117335823218
GC_00000487	18	18	1	1	0.99092529573813	1.0	0.995441966465896	0.975206611570248	1.0	0.988332523091881
GC_00000488	18	18	1	1	0.998578283277057	1.0	0.999288635959452	0.996978851963746	1.0	0.998578283277057
GC_00000489	18	18	1	1	0.998628500931832	1.0	0.999313779890796	0.990963855421687	1.0	0.99789353492401
GC_00000490	18	18	1	1	0.997343838600889	1.0	0.998670153156518	0.990867579908676	1.0	0.997343838600889
GC_00000491	18	18	1	1	0.998705511103295	1.0	0.999352336354949	0.993273542600897	1.0	0.997757847533632
GC_00000492	18	18	1	1	0.997060387153266	1.0	0.998528030065769	0.990430622009569	1.0	0.997060387153266
GC_00000493	18	18	1	1	0.997749919639987	1.0	0.998873692679003	0.99344262295082	1.0	0.997749919639987
GC_00000494	18	18	1	1	0.995570079883805	1.0	0.997780123003021	0.983333333333333	1.0	0.995570079883805
GC_00000495	18	18	1	1	0.998892001244942	1.0	0.999445693537036	0.988571428571429	1.0	0.996676003734827
GC_00000496	18	18	1	1	0.999670734069339	0.986858834357088	0.993223469757883	0.973684210526316	1.0	0.988667201773497
GC_00000497	18	18	1	1	0.993625978920097	1.0	0.99680279994979	0.986486486486487	1.0	0.992139198021551
GC_00000498	18	18	1	1	0.993688025573677	1.0	0.99683402099759	0.981308411214953	1.0	0.991448292712724
GC_00000499	18	18	1	1	0.996040463211564	1.0	0.998016304347826	0.987551867219917	1.0	0.996040463211564
GC_00000500	18	18	1	1	0.998258385190404	1.0	0.999128433628752	0.994011976047904	1.0	0.998258385190404
GC_00000501	18	18	1	1	0.999049949761741	1.0	0.999524749124767	0.995433789954338	1.0	0.998492852239831
GC_00000502	18	18	1	1	0.995757745709211	1.0	0.99787436411062	0.983498349834984	1.0	0.994003321900817
GC_00000503	18	18	1	1	0.984952795933188	1.0	0.992419364280279	0.96	1.0	0.981699346405229
GC_00000504	18	18	1	1	0.9987242983641	0.989750445632799	0.99421712280165	0.977272727272727	1.0	0.993389780154486
GC_00000505	18	18	1	1	0.999198950982943	1.0	0.999599315007312	0.990632318501171	1.0	0.998117279698765
GC_00000506	18	18	1	1	0.998568170664819	0.977975118450584	0.988164367929399	0.974093264248705	1.0	0.98987436079786
GC_00000507	18	18	1	1	0.99875119609465	1.0	0.999375207925934	0.997518610421836	1.0	0.99875119609465
GC_00000508	18	18	1	1	0.996459694989107	1.0	0.998226708498158	0.981060606060606	1.0	0.992647058823529
GC_00000509	18	18	1	1	0.998275531711056	1.0	0.999137021766229	0.986970684039088	1.0	0.996274296906602
GC_00000510	18	18	1	1	0.996752841263894	1.0	0.998373780335251	0.984076433121019	1.0	0.995295782856667
GC_00000511	18	18	1	1	0.997860025009346	1.0	0.998928866405121	0.99112426035503	1.0	0.997138105735391
GC_00000512	18	18	1	1	0.998909507830761	1.0	0.999454456459901	0.996784565916399	1.0	0.998760061366454
GC_00000513	18	18	1	1	0.9938584629254	1.0	0.99691977279792	0.982758620689655	1.0	0.9938584629254
GC_00000514	18	18	1	1	0.987620020429009	0.957544822341357	0.972349917301179	0.916334661354582	1.0	0.968687342134729
GC_00000515	18	18	1	1	0.997516709131864	1.0	0.998756810965944	0.978813559322034	1.0	0.995264207377866
GC_00000516	18	18	1	1	0.993936530435467	1.0	0.99695904585127	0.987951807228916	1.0	0.993936530435467
GC_00000517	18	18	1	1	0.998702730751768	1.0	0.999350944375933	0.992994746059545	1.0	0.998145668074585
GC_00000518	18	18	1	1	0.997507876052099	1.0	0.998752383418469	0.989208633093525	1.0	0.9975078760521
GC_00000519	18	18	1	1	0.998843678195145	1.0	0.99942150463417	0.995444191343964	1.0	0.998674944541218
GC_00000520	18	18	1	1	0.99990782760509	0.987392347432914	0.993610677960772	0.982800982800983	1.0	0.992307815837227
GC_00000521	18	18	1	1	0.997976968565204	1.0	0.998987460082561	0.993788819875776	1.0	0.997746924856899
GC_00000522	18	18	1	1	0.990487409434058	1.0	0.995220974259442	0.965116279069767	1.0	0.989246086031312
GC_00000523	18	18	1	1	0.999392163692366	1.0	0.999695989451859	0.993730407523511	1.0	0.9981764910771
GC_00000524	18	18	1	1	0.997584692378904	1.0	0.99879088599832	0.990415335463259	1.0	0.997139217774437
GC_00000525	18	18	1	1	0.99080481865949	1.0	0.995381173857766	0.970588235294118	1.0	0.99080481865949
GC_00000526	18	18	1	1	0.992792852269976	1.0	0.996383393426058	0.974747474747475	1.0	0.992044629299531
GC_00000527	18	18	1	1	0.998072322610962	1.0	0.999035231424196	0.990196078431373	1.0	0.996523772907856
GC_00000528	18	18	1	1	0.998285817394442	1.0	0.999142173461556	0.995398773006135	1.0	0.998285817394442
GC_00000529	18	18	1	1	0.998850986361059	1.0	0.999425162932714	0.993150684931507	1.0	0.996552959083177
GC_00000530	18	18	1	1	0.998786323255837	1.0	0.999392793151503	0.995433789954338	1.0	0.998786323255837
GC_00000531	18	18	1	1	0.996204071267225	1.0	0.998098426514898	0.98159509202454	1.0	0.995749629094992
GC_00000532	18	18	1	1	0.997680246537302	1.0	0.998838776392409	0.992227979274611	1.0	0.997680246537302
GC_00000533	18	18	1	1	0.997928938379193	1.0	0.998963395753961	0.987654320987654	1.0	0.993786815137577
GC_00000534	18	18	1	1	0.996226268285092	1.0	0.998109567149344	0.988095238095238	1.0	0.996226268285092
GC_00000535	18	18	1	1	0.997831344566369	1.0	0.998914495240287	0.990825688073395	1.0	0.99685195178989
GC_00000536	18	18	1	1	0.995160884866767	1.0	0.997574573975494	0.990384615384615	1.0	0.995160884866767
GC_00000537	18	18	1	1	0.997178928551478	1.0	0.998587471854328	0.991452991452991	1.0	0.997178928551478
GC_00000538	18	18	1	1	0.996616894273518	1.0	0.998305580937342	0.983739837398374	1.0	0.994633083585738
GC_00000539	18	18	1	1	0.997196804647785	1.0	0.998596435090577	0.988888888888889	1.0	0.996761074800291
GC_00000540	18	18	1	1	0.993012381104203	1.0	0.996493941050218	0.975609756097561	1.0	0.991311971943249
GC_00000541	18	18	1	1	0.997963577122244	1.0	0.998980750749876	0.99406528189911	1.0	0.997963577122244
GC_00000542	18	18	1	1	0.998355009792918	1.0	0.999176827841389	0.992424242424242	1.0	0.99800290486565
GC_00000543	18	18	1	1	0.986192456780692	1.0	0.99304823499245	0.948051948051948	1.0	0.983023512435277
GC_00000544	18	18	1	1	0.999176752584587	1.0	0.999588206788445	0.991649269311065	1.0	0.997530257753763
GC_00000545	18	18	1	1	0.996646200567769	1.0	0.998320283567876	0.987878787878788	1.0	0.995167359873242
GC_00000546	18	18	1	1	0.995309234805033	1.0	0.997649103651131	0.986394557823129	1.0	0.995309234805033
GC_00000547	18	18	1	1	0.997398627776152	1.0	0.998697619900368	0.985074626865672	1.0	0.992195883328456
GC_00000548	18	18	1	1	0.996390356060423	1.0	0.998191914758244	0.985239852398524	1.0	0.995875841111352
GC_00000549	18	18	1	1	0.999392271528494	1.0	0.999696043402708	0.994736842105263	1.0	0.998176814585483
GC_00000550	18	18	1	1	0.996694463225903	1.0	0.998344495447362	0.990804597701149	1.0	0.996694463225904
GC_00000551	18	18	1	1	0.989313352168038	0.733990937888449	0.84273803461556	0.45398773006135	1.0	0.848189582581499
GC_00000552	18	18	1	1	0.997549019607843	1.0	0.998773006134969	0.983974358974359	1.0	0.995496061672532
GC_00000553	18	18	1	1	0.994741913859561	1.0	0.997364026842818	0.983974358974359	1.0	0.994741913859561
GC_00000554	18	18	1	1	0.997362034399071	1.0	0.998679275186222	0.991452991452991	1.0	0.996666852876003
GC_00000555	18	18	1	1	0.998170156104232	1.0	0.999084240203379	0.993646759847522	1.0	0.996819227479217
GC_00000556	18	18	1	1	0.998514557338087	1.0	0.999256726624052	0.997159090909091	1.0	0.998514557338087
GC_00000557	18	18	1	1	0.994469582704877	1.0	0.997227123771112	0.979757085020243	1.0	0.994469582704877
GC_00000558	18	18	1	1	0.999082674005275	1.0	0.999541126534358	0.994736842105263	1.0	0.997248022015824
GC_00000559	18	18	1	1	0.995696495333387	1.0	0.997843607644411	0.987654320987654	1.0	0.993544743000081
GC_00000560	18	18	1	1	0.995491706033348	1.0	0.997740760358452	0.99009900990099	1.0	0.995491706033348
GC_00000561	18	18	1	1	0.996881560556196	0.971486168631374	0.984020042071841	0.96029776674938	1.0	0.98786876206231
GC_00000562	18	18	1	1	0.999154554027249	1.0	0.999577098243331	0.992537313432836	1.0	0.997463662081748
GC_00000563	18	18	1	1	0.99680625904174	1.0	0.998400575447018	0.990491283676704	1.0	0.99646789513481
GC_00000564	18	18	1	1	0.998474945533769	1.0	0.999236890875395	0.990476190476191	1.0	0.996949891067538
GC_00000565	18	18	1	1	0.994496044031648	1.0	0.997240427733701	0.989473684210526	1.0	0.994496044031648
GC_00000566	18	18	1	1	0.997821350762527	1.0	0.998909487459106	0.995833333333333	1.0	0.997821350762527
GC_00000567	18	18	1	1	0.997515390336926	1.0	0.998756149927508	0.995157384987893	1.0	0.997515390336926
GC_00000568	18	18	1	1	0.995861561265805	1.0	0.997926490086031	0.986301369863014	1.0	0.995523323484645
GC_00000569	18	18	1	1	0.998542558785967	1.0	0.999270747972003	0.995402298850575	1.0	0.998542558785967
GC_00000570	18	18	1	1	0.999403109797953	1.0	0.999701465802908	0.996575342465753	1.0	0.998209329393858
GC_00000571	18	18	1	1	0.993114909781576	1.0	0.996545562835021	0.980769230769231	1.0	0.992165242165242
GC_00000572	18	18	1	1	0.99852294966951	1.0	0.999260929012232	0.991525423728814	1.0	0.99556884900853
GC_00000573	18	18	1	1	0.996291660872387	1.0	0.998142386105048	0.99290780141844	1.0	0.996291660872387
GC_00000574	18	18	1	1	0.998381189421073	1.0	0.999189939042913	0.996904024767802	1.0	0.998381189421073
GC_00000575	18	18	1	1	0.997978432055511	1.0	0.99898819330977	0.990595611285266	1.0	0.996926670354662
GC_00000576	18	18	1	1	0.990297602388282	0.937481010422187	0.96316578131569	0.88	1.0	0.937952069716776
GC_00000577	18	18	1	1	0.998893891552645	0.975490722322208	0.987053603382359	0.743478260869565	1.0	0.970147769252629
GC_00000578	18	18	1	1	0.996941896024465	1.0	0.998468606431853	0.990825688073395	1.0	0.996941896024465
GC_00000579	18	18	1	1	0.998772591978889	1.0	0.999385919125549	0.997652582159624	1.0	0.998772591978888
GC_00000580	16	18	2	0	0.817982900783996	0.991894803659507	0.896583218609733	0.511538461538461	1.0	0.744218200100553
GC_00000581	18	18	1	1	0.995704695609048	1.0	0.997847725467399	0.983739837398374	1.0	0.994340825761199
GC_00000582	18	18	1	1	0.996375344631461	1.0	0.99818438182064	0.982300884955752	1.0	0.994563016947192
GC_00000583	18	18	1	1	0.999106195184627	1.0	0.999552897781255	0.994871794871795	1.0	0.99731858555388
GC_00000584	18	18	1	1	0.998549434055256	1.0	0.999274190610437	0.992287917737789	1.0	0.99679083287128
GC_00000585	18	18	1	1	0.997510115157174	1.0	0.998753505765036	0.995238095238095	1.0	0.997510115157174
GC_00000586	18	18	1	1	0.974275948911675	1.0	0.986970387243736	0.926605504587156	1.0	0.96708041014571
GC_00000587	18	18	1	1	0.997861252763214	1.0	0.998929481597469	0.992673992673993	1.0	0.997079173549762
GC_00000588	18	18	1	1	0.995888808198176	1.0	0.997940169920821	0.988888888888889	1.0	0.994589687726943
GC_00000589	18	18	1	1	0.995880660786429	1.0	0.997936079398681	0.983009708737864	1.0	0.99478076020052
GC_00000590	18	18	1	1	0.996718352613012	1.0	0.998356479579259	0.98744769874477	1.0	0.995897940766265
GC_00000591	18	18	1	1	0.996233622825081	1.0	0.998113258322145	0.989041095890411	1.0	0.995362163130092
GC_00000592	18	18	1	1	0.98184607517259	0.837157833430401	0.903747517161631	0.386138613861386	1.0	0.768782760629004
GC_00000593	18	18	1	1	0.999046117308104	0.903800548176259	0.949039609816998	0.88	1.0	0.949856209150327
GC_00000594	18	18	1	1	0.997562501348174	1.0	0.99877976351169	0.99009900990099	1.0	0.997379149679674
GC_00000595	18	18	1	1	0.998887498261716	1.0	0.99944343954362	0.997872340425532	1.0	0.998887498261716
GC_00000596	18	18	1	1	0.996093456539704	1.0	0.998042905532556	0.984674329501916	1.0	0.996093456539704
GC_00000597	18	18	1	1	0.993544743000081	1.0	0.996761920181332	0.987654320987654	1.0	0.993544743000081
GC_00000598	18	18	1	1	0.992701525054466	1.0	0.996337396818455	0.98125	1.0	0.991830065359477
GC_00000599	18	18	1	1	0.989408234826302	0.722993297281148	0.835476386398494	0.257425742574257	1.0	0.784378437843784
GC_00000600	18	18	1	1	0.995506535947712	1.0	0.997748208802457	0.9875	1.0	0.995506535947712
GC_00000601	18	18	1	1	0.996711664935964	1.0	0.998353124729132	0.985981308411215	1.0	0.996060106285505
GC_00000602	18	18	1	1	0.98461167514876	1.0	0.99224617841166	0.952569169960474	1.0	0.978325454028779
GC_00000603	18	18	1	1	0.995642701525055	1.0	0.997816593886463	0.991666666666667	1.0	0.995642701525055
GC_00000604	18	18	1	1	0.995284409077512	1.0	0.997636632200886	0.981432360742706	1.0	0.993689429794906
GC_00000605	18	18	1	1	0.999227379982877	1.0	0.999613540698342	0.990415335463259	1.0	0.997682139948631
GC_00000606	18	18	1	1	0.997320884268617	0.934598843473778	0.964941691546288	0.821917808219178	1.0	0.955815202793446
GC_00000607	18	18	1	1	0.998534713787187	1.0	0.999266819734126	0.994690265486726	1.0	0.998403609231303
GC_00000608	18	18	1	1	0.996544538900043	1.0	0.998269279230875	0.991285403050109	1.0	0.99601292950005
GC_00000609	18	18	1	1	0.999309829904443	0.997802569303581	0.998555630824178	0.991379310344828	1.0	0.996412741341747
GC_00000610	18	18	1	1	0.996335732360577	0.968599455503707	0.982271836571128	0.952554744525547	1.0	0.986284051333429
GC_00000611	18	18	1	1	0.998129832070488	1.0	0.999064040834837	0.994100294985251	1.0	0.998129832070488
GC_00000612	18	18	1	1	0.998900681577422	1.0	0.999450038497305	0.993119266055046	1.0	0.997721412724111
GC_00000613	18	18	1	1	1.0	0.902133095662507	0.948548866238297	0.86	1.0	0.925882352941177
GC_00000614	18	18	1	1	0.997079409191498	1.0	0.998537569014502	0.994094488188976	1.0	0.997079409191498
GC_00000615	18	18	1	1	0.996782110034308	1.0	0.998388462141402	0.988505747126437	1.0	0.996356396964916
GC_00000616	18	18	1	1	0.992864923747277	1.0	0.996419688977562	0.95	1.0	0.984150326797386
GC_00000617	18	18	1	1	0.994017946161516	1.0	0.997	0.988700564971751	1.0	0.994017946161515
GC_00000618	18	18	1	1	0.997104504884391	1.0	0.998550153430365	0.987096774193548	1.0	0.996415770609319
GC_00000619	18	18	1	1	0.998522174992763	1.0	0.999260541100955	0.995337995337995	1.0	0.998522174992763
GC_00000620	18	18	1	1	0.995604811973098	1.0	0.997797565930623	0.982608695652174	1.0	0.994373401534527
GC_00000621	18	18	1	1	0.994963718700368	1.0	0.99747550230993	0.986449864498645	1.0	0.992968099615637
GC_00000622	18	18	1	1	0.993184586281065	0.896403317662347	0.942315471363341	0.868421052631579	1.0	0.967733058135535
GC_00000623	18	18	1	1	0.996584440227704	1.0	0.998289298612431	0.993548387096774	1.0	0.996584440227704
GC_00000624	18	18	1	1	0.996280734516029	1.0	0.998136902581053	0.983333333333333	1.0	0.99494242141301
GC_00000625	18	18	1	1	0.995778131072249	1.0	0.997884600065498	0.986486486486487	1.0	0.995778131072249
GC_00000626	18	18	1	1	0.999187470981106	1.0	0.99959357037262	0.993852459016393	1.0	0.998473159755706
GC_00000627	18	18	1	1	0.997654025037392	1.0	0.998825635003256	0.987460815047022	1.0	0.996363226586351
GC_00000628	18	18	1	1	0.995694686647858	1.0	0.997842699396382	0.984815618221258	1.0	0.993549118852169
GC_00000629	18	18	1	1	0.992224894914595	1.0	0.996097275410396	0.981412639405205	1.0	0.989017664066866
GC_00000630	18	18	1	1	0.998257727302058	0.99627848550982	0.997267124373613	0.99016393442623	1.0	0.995178399228544
GC_00000631	18	18	1	1	0.998774509803922	1.0	0.999386879215205	0.995689655172414	1.0	0.998351926977687
GC_00000632	18	18	1	1	0.996094197913083	1.0	0.998043277671465	0.986842105263158	1.0	0.994947540419677
GC_00000633	18	18	1	1	0.997961497789499	1.0	0.998979708961981	0.991228070175439	1.0	0.99667469326912
GC_00000634	18	18	1	1	0.992173621585386	1.0	0.996071437584649	0.976923076923077	1.0	0.990296631473102
GC_00000635	18	18	1	1	0.997313614711421	1.0	0.998655000762628	0.991525423728814	1.0	0.997313614711421
GC_00000636	18	18	1	1	0.996440723605297	1.0	0.998217189044173	0.98876404494382	1.0	0.995490930454579
GC_00000637	18	18	1	1	0.996037260048376	1.0	0.998014696403249	0.988188976377953	1.0	0.994802120323195
GC_00000638	18	18	1	1	0.996866898339677	0.997395071447029	0.997130914950979	0.974747474747475	1.0	0.993034924407473
GC_00000639	18	18	1	1	0.994306623815886	1.0	0.997145185140477	0.972375690607735	1.0	0.992164084786769
GC_00000640	18	18	1	1	0.994374442340754	0.968839031339033	0.981440667988042	0.644230769230769	1.0	0.956479386626445
GC_00000641	18	18	1	1	0.988157134604275	0.789581832387949	0.877778949007513	0.625668449197861	1.0	0.801719618328615
GC_00000642	18	18	1	1	0.987967914438503	1.0	0.99394754539341	0.977272727272727	1.0	0.987967914438503
GC_00000643	18	18	1	1	0.997468977929336	1.0	0.99873288541718	0.99304347826087	1.0	0.996976413753907
GC_00000644	18	18	1	1	0.997243067322951	1.0	0.998619630869094	0.984567901234568	1.0	0.997014443637537
GC_00000645	18	18	1	1	0.995301398772448	1.0	0.997645167176025	0.985639686684073	1.0	0.993924811003601
GC_00000646	18	18	1	1	0.996912956349652	1.0	0.998454092032138	0.989690721649485	1.0	0.995784950100697
GC_00000647	18	18	1	1	0.995436438875353	1.0	0.99771300100783	0.985207100591716	1.0	0.994856325173067
GC_00000648	18	18	1	1	0.997612239340181	1.0	0.998804692616116	0.991071428571429	1.0	0.997301003734827
GC_00000649	18	18	1	1	0.999189849027271	1.0	0.999594760360992	0.992462311557789	1.0	0.99812789437383
GC_00000650	18	18	1	1	0.999451807423172	0.871625162019801	0.931172108687276	0.810126582278481	1.0	0.905931993050385
GC_00000651	18	18	1	1	0.996459694989107	1.0	0.998226708498158	0.985714285714286	1.0	0.99484126984127
GC_00000652	18	18	1	1	0.995807572278161	1.0	0.997899382796181	0.989189189189189	1.0	0.99540717187776
GC_00000653	18	18	1	1	0.993189816719228	1.0	0.996583274094797	0.979020979020979	1.0	0.993189816719228
GC_00000654	18	18	1	1	0.998168269430915	1.0	0.999083295137297	0.987261146496815	1.0	0.995920236459764
GC_00000655	18	18	1	1	0.996276029791762	1.0	0.998134541439829	0.98546511627907	1.0	0.994946040431677
GC_00000656	18	18	1	1	0.996442205832384	1.0	0.99821793280205	0.990825688073395	1.0	0.996102416501769
GC_00000657	18	18	1	1	0.996458173586008	1.0	0.998225945095744	0.988826815642458	1.0	0.996458173586008
GC_00000658	18	18	1	1	0.997530864197531	1.0	0.99876390605686	0.988888888888889	1.0	0.996107480029049
GC_00000659	18	18	1	1	0.997240739384172	1.0	0.998618463682711	0.991282689912827	1.0	0.996801211144483
GC_00000660	18	18	1	1	0.997541473908343	1.0	0.998769224006725	0.98992443324937	1.0	0.995851237220329
GC_00000661	18	18	1	1	0.994344314605753	1.0	0.997164137931035	0.97979797979798	1.0	0.993596091635307
GC_00000662	18	18	1	1	0.988457794465304	1.0	0.9941953982796	0.968085106382979	1.0	0.988457794465304
GC_00000663	18	18	1	1	0.998486412108703	1.0	0.999242632883503	0.989473684210526	1.0	0.996628826969384
GC_00000664	18	18	1	1	0.998372838414118	1.0	0.999185756754394	0.992481203007519	1.0	0.997460972693171
GC_00000665	18	18	1	1	0.996939454424484	1.0	0.998467381888452	0.990419161676647	1.0	0.996188016124614
GC_00000666	18	18	1	1	0.978245429225821	0.950316169828366	0.964078564988443	0.798611111111111	1.0	0.970883260711692
GC_00000667	18	18	1	1	0.993408372523321	0.969347041847042	0.98123022379788	0.664772727272727	1.0	0.956736482471777
GC_00000668	18	18	1	1	0.996219613576425	1.0	0.998106227191705	0.991776315789474	1.0	0.99609778121775
GC_00000669	18	18	1	1	0.997936928971412	1.0	0.998967399321434	0.989389920424403	1.0	0.995509786584837
GC_00000670	18	18	1	1	0.9909882349942	0.993805605110715	0.992394920455771	0.953488372093023	1.0	0.984154126766986
GC_00000671	18	18	1	1	0.997325464182356	1.0	0.998660941411099	0.992537313432836	1.0	0.997049068383572
GC_00000672	18	18	1	1	0.997082166199813	1.0	0.998538951551633	0.991071428571429	1.0	0.994105975723623
GC_00000673	18	18	1	1	0.997076978939724	1.0	0.998536350330458	0.983333333333333	1.0	0.991230936819172
GC_00000674	18	18	1	1	0.986571598336304	1.0	0.993240413949872	0.963636363636364	1.0	0.983006535947712
GC_00000675	18	18	1	1	0.987585157519798	1.0	0.99375380600261	0.968253968253968	1.0	0.984057820659128
GC_00000676	18	18	1	1	0.987422419948372	1.0	0.993671410805582	0.949579831932773	1.0	0.982149722634152
GC_00000677	18	18	1	1	0.998403476616984	1.0	0.999201100577688	0.992063492063492	1.0	0.998011550299132
GC_00000678	18	18	1	1	0.994744564492464	1.0	0.997365359153705	0.983673469387755	1.0	0.994744564492463
GC_00000679	18	18	1	1	0.993078598960952	0.96400712486948	0.978326941223659	0.940740740740741	1.0	0.988671023965142
GC_00000680	18	18	1	1	0.996801557502434	1.0	0.998398217146041	0.987234042553191	1.0	0.996801557502434
GC_00000681	18	18	1	1	0.982802880574297	0.792508603654115	0.877456993288922	0.691729323308271	1.0	0.953265516733009
GC_00000682	18	18	1	1	0.997647058823529	1.0	0.998822143698469	0.986666666666667	1.0	0.992941176470588
GC_00000683	18	18	1	1	0.99222101928706	1.0	0.996095322437807	0.98159509202454	1.0	0.992221019287061
GC_00000684	18	18	1	1	0.994067660734327	1.0	0.997025006030393	0.987012987012987	1.0	0.993464052287582
GC_00000685	18	18	1	1	0.996221643280467	1.0	0.998107245890129	0.990675990675991	1.0	0.994576229870347
GC_00000686	18	18	1	1	0.996267247639797	1.0	0.998130133946436	0.986666666666667	1.0	0.995773420479303
GC_00000687	18	18	1	1	0.996874940452371	1.0	0.998435024906006	0.991253644314869	1.0	0.995845957430591
GC_00000688	18	18	1	1	0.997790986313224	1.0	0.998894271872328	0.993031358885017	1.0	0.997790986313225
GC_00000689	18	18	1	1	0.986739567621921	1.0	0.993325530636131	0.951923076923077	1.0	0.98673956762192
GC_00000690	18	18	1	1	0.995027721762179	1.0	0.997507664588526	0.986870897155361	1.0	0.994722615523233
GC_00000691	18	18	1	1	0.997113426954885	1.0	0.998554627390635	0.98992443324937	1.0	0.996081724041422
GC_00000692	18	18	1	1	0.997632927044692	1.0	0.998815061103939	0.991891891891892	1.0	0.99667903197315
GC_00000693	18	18	1	1	0.996998535492318	1.0	0.998497012163836	0.98812351543943	1.0	0.996646639653486
GC_00000694	18	18	1	1	0.996029663555068	1.0	0.998010883045766	0.987834549878346	1.0	0.99569040917259
GC_00000695	18	18	1	1	0.995153294812289	1.0	0.997570760502307	0.985507246376812	1.0	0.994648100786208
GC_00000696	18	18	1	1	0.996913580246914	1.0	0.998454404945904	0.980769230769231	1.0	0.994218200100553
GC_00000697	18	18	1	1	0.996489922095915	0.991939819953134	0.994209665049912	0.917647058823529	1.0	0.987404844290658
GC_00000698	18	18	1	1	0.993878806081149	1.0	0.996930007029423	0.982494529540481	1.0	0.991047038800933
GC_00000699	18	18	1	1	0.999383872444944	1.0	0.999691841289936	0.996178343949045	1.0	0.998684484409475
GC_00000700	18	18	1	1	0.990527612010988	1.0	0.995241267726278	0.982608695652174	1.0	0.989883489627735
GC_00000701	18	18	1	1	0.996177087187076	1.0	0.998084882930747	0.990566037735849	1.0	0.994512270316932
GC_00000702	18	18	1	1	0.993177537218591	1.0	0.99657709227903	0.986979166666667	1.0	0.992587486383442
GC_00000703	18	18	1	1	0.988472964943553	0.949989917322041	0.968849451627662	0.931034482758621	1.0	0.983322064457967
GC_00000704	18	18	1	1	0.993448860454591	0.996514161220045	0.994979149972146	0.971929824561404	1.0	0.990184611856438
GC_00000705	18	18	1	1	0.997475167091319	1.0	0.998735987835905	0.989406779661017	1.0	0.997022820427606
GC_00000706	18	18	1	1	0.997857540949196	0.993419982174819	0.995633817015693	0.983498349834984	1.0	0.994823011712936
GC_00000707	18	18	1	1	0.993779261113429	1.0	0.996879925973803	0.982978723404255	1.0	0.992574050896954
GC_00000708	18	18	1	1	0.997314492777974	1.0	0.998655440977504	0.993573264781491	1.0	0.996311978090294
GC_00000709	18	18	1	1	0.997362462045186	1.0	0.998679489574409	0.986220472440945	1.0	0.995870001543925
GC_00000710	18	18	1	1	0.992661820699204	0.889948232096099	0.938503043781001	0.660550458715596	1.0	0.872758889488517
GC_00000711	18	18	1	1	0.995321091399523	1.0	0.997655059819372	0.988095238095238	1.0	0.99474011826953
GC_00000712	18	18	1	1	0.993541147345788	1.0	0.996760110689057	0.984272608125819	1.0	0.991759394889454
GC_00000713	18	18	1	1	0.994328730195061	1.0	0.997156301406547	0.980544747081712	1.0	0.994328730195061
GC_00000714	18	18	1	1	0.994821626009433	1.0	0.997404091712738	0.987152034261242	1.0	0.99375796000056
GC_00000715	18	18	1	1	0.9956372137436	1.0	0.997813837993021	0.982367758186398	1.0	0.992739665135576
GC_00000716	18	18	1	1	0.991028082274029	1.0	0.995493826628641	0.968503937007874	1.0	0.986361998867789
GC_00000717	18	18	1	1	0.996097503722776	1.0	0.998044937048443	0.983164983164983	1.0	0.993750137540987
GC_00000718	18	18	1	1	0.99353499963504	0.993379461310852	0.993457224385072	0.976228209191759	1.0	0.988626829495665
GC_00000719	18	18	1	1	0.998184458968773	1.0	0.999091404688352	0.993939393939394	1.0	0.997128144186968
GC_00000720	18	18	1	1	0.994916485112564	1.0	0.997451765562432	0.987480438184664	1.0	0.994261867501304
GC_00000721	18	18	1	1	0.994353923102888	1.0	0.997168969443333	0.981220657276995	1.0	0.992021847862776
GC_00000722	18	18	1	1	0.99229960183307	1.0	0.996134919587473	0.982758620689655	1.0	0.99229960183307
GC_00000723	18	18	1	1	0.990889285006932	1.0	0.995423796259451	0.977272727272727	1.0	0.988116458704694
GC_00000724	18	18	1	1	0.995588386170104	1.0	0.99778931674464	0.991689750692521	1.0	0.995057302699473
GC_00000725	18	18	1	1	0.992517148202037	1.0	0.996244523263092	0.978798586572438	1.0	0.989791912053396
GC_00000726	18	18	1	1	0.989064035200137	1.0	0.994501954383403	0.980392156862745	1.0	0.986671792900166
GC_00000727	18	18	1	1	0.995954612261873	1.0	0.997973206548248	0.986984815618221	1.0	0.993846851828222
GC_00000728	18	18	1	1	0.994880973307552	1.0	0.997433918734529	0.987775061124694	1.0	0.994007382904262
GC_00000729	18	18	1	1	0.994076394528883	1.0	0.997029398930066	0.988165680473373	1.0	0.993251343930077
GC_00000730	18	18	1	1	0.995394358088659	0.829910194051781	0.905150785835379	0.697674418604651	1.0	0.83989461417642
GC_00000731	18	18	1	1	0.995677283258983	1.0	0.997833960040895	0.988662131519274	1.0	0.995123975516132
GC_00000732	18	18	1	1	0.994840744750525	1.0	0.997413700686106	0.987730061349693	1.0	0.993985324191026
GC_00000733	18	18	1	1	0.987807633341402	1.0	0.993866425274712	0.966666666666667	1.0	0.982691842168966
GC_00000734	18	18	1	1	0.995958490327741	0.832046436412011	0.906653697229844	0.706185567010309	1.0	0.847887608651708
GC_00000735	18	18	1	1	0.994781310042203	1.0	0.997383828527205	0.985879332477535	1.0	0.993808049535604
GC_00000736	18	18	1	1	0.996045107156218	0.942302055364702	0.968428535256392	0.833333333333333	1.0	0.938096311321464
GC_00000737	18	18	1	1	0.997898642088025	1.0	0.998948215956652	0.988913525498891	1.0	0.997029114676173
GC_00000738	18	18	1	1	0.997421931735657	1.0	0.9987093021142	0.990476190476191	1.0	0.997245564892624
GC_00000739	18	18	1	1	0.995494249239161	0.967790391010206	0.981446855915104	0.947368421052632	1.0	0.977831288460803
GC_00000740	18	18	1	1	0.980572597137014	0.899654877527335	0.938372544461882	0.722222222222222	1.0	0.891067538126362
GC_00000741	18	18	1	1	0.995791375751234	1.0	0.997891250408284	0.989501312335958	1.0	0.99423601461582
GC_00000742	18	18	1	1	0.99652395290201	1.0	0.998258950465915	0.99250936329588	1.0	0.99652395290201
GC_00000743	18	18	1	1	0.993825532205907	1.0	0.99690320557423	0.986547085201794	1.0	0.993493361470149
GC_00000744	18	18	1	1	0.995955212686167	1.0	0.997973507978474	0.979508196721312	1.0	0.993222972249009
GC_00000745	18	18	1	1	0.994873100755454	1.0	0.997429962215339	0.981818181818182	1.0	0.993514981750276
GC_00000746	18	18	1	1	0.991764705882353	1.0	0.995865327820437	0.98	1.0	0.991764705882353
GC_00000747	10	18	2	0	0.972077467527417	0.697958461421754	0.812521074376048	0.0876232201533406	1.0	0.510920688099994
GC_00000748	18	18	1	1	0.994257767297657	0.973095213992068	0.983562669264899	0.851581508515815	1.0	0.964982586708649
GC_00000749	18	18	1	1	0.999727508349017	0.930682672525068	0.96397032971075	0.900269541778976	1.0	0.958317918362313
GC_00000750	18	18	1	1	0.9961194542844	1.0	0.998055955164772	0.989821882951654	1.0	0.995077250577924
GC_00000751	18	18	1	1	0.991221914435211	0.996979848144665	0.99409254365509	0.96056338028169	1.0	0.987701371628463
GC_00000752	18	18	1	1	0.995786836080205	1.0	0.997888970984462	0.982188295165394	1.0	0.995243559680021
GC_00000753	18	18	1	1	0.995132979816665	1.0	0.997560553490634	0.977358490566038	1.0	0.994080651128376
GC_00000754	18	18	1	1	0.993758614556934	1.0	0.996869538068703	0.979591836734694	1.0	0.992246898759504
GC_00000755	18	18	1	1	0.997516339869281	1.0	0.99875662587527	0.992	1.0	0.996732026143791
GC_00000756	18	18	1	1	0.995580424117098	0.966163063380394	0.980651179460339	0.952095808383233	1.0	0.98610621893468
GC_00000757	18	18	1	1	0.995319108035371	1.0	0.997654063479982	0.988235294117647	1.0	0.995319108035371
GC_00000758	18	18	1	1	0.99663343384938	1.0	0.998313878705252	0.986754966887417	1.0	0.99523871358698
GC_00000759	18	18	1	1	0.998376090339344	0.997445797526786	0.997910727118949	0.985294117647059	1.0	0.995749498056303
GC_00000760	18	18	1	1	0.995440036479708	1.0	0.997714808043876	0.976744186046512	1.0	0.989562750164665
GC_00000761	18	18	1	1	0.996105564733016	1.0	0.998048983312411	0.989010989010989	1.0	0.994828700711053
GC_00000762	18	18	1	1	0.99381023595879	1.0	0.996895509948953	0.983050847457627	1.0	0.992065470255899
GC_00000763	18	18	1	1	0.99716175970898	1.0	0.998578863090473	0.990825688073395	1.0	0.996082428894086
GC_00000764	18	18	1	1	0.996583674542017	1.0	0.99828891445846	0.98443579766537	1.0	0.99387095953816
GC_00000765	18	18	1	1	0.997502065960484	1.0	0.998749471110902	0.982758620689655	1.0	0.995041694838855
GC_00000766	18	18	1	1	0.986021383505232	1.0	0.992961497488967	0.965317919075145	1.0	0.982016698779705
GC_00000767	18	18	1	1	0.993507408491312	1.0	0.996743131487231	0.980099502487562	1.0	0.993138880759601
GC_00000768	18	18	1	1	0.992776057791538	1.0	0.996374935266701	0.971291866028708	1.0	0.992776057791538
GC_00000769	18	18	1	1	0.993537555973056	1.0	0.996758303344935	0.985155195681511	1.0	0.992149806391292
GC_00000770	18	18	1	1	0.99469044424245	1.0	0.997338155515371	0.986754966887417	1.0	0.993767043241138
GC_00000771	18	18	1	1	0.996999511548392	1.0	0.998497501659736	0.99288256227758	1.0	0.996999511548392
GC_00000772	18	18	1	1	0.993924735826783	1.0	0.996953112590432	0.977973568281938	1.0	0.992197172554778
GC_00000773	18	18	1	1	0.991675161399932	1.0	0.99582018254713	0.981651376146789	1.0	0.990076152785273
GC_00000774	18	18	1	1	0.992998033374224	0.999011485930088	0.995995682985782	0.957142857142857	1.0	0.991234827264239
GC_00000775	18	18	1	1	0.998361333842434	0.767119378740902	0.867596367060277	0.529411764705882	1.0	0.754869921824939
GC_00000776	18	18	1	1	0.99686643164904	0.986919557128285	0.991868057144098	0.973118279569892	1.0	0.988474242743693
GC_00000777	18	18	1	1	0.984463118580766	1.0	0.992170738133775	0.971428571428571	1.0	0.984463118580766
GC_00000778	18	18	1	1	0.995040890493718	1.0	0.997514281772413	0.982869379014989	1.0	0.993604008341381
GC_00000779	18	18	1	1	0.998126182343079	1.0	0.999062212550199	0.991769547325103	1.0	0.99706823744587
GC_00000780	18	18	1	1	0.997121733417956	1.0	0.998558792619457	0.990630323679727	1.0	0.995696518243868
GC_00000781	18	18	1	1	0.995169082125604	1.0	0.997578692493947	0.982097186700767	1.0	0.993564348160407
GC_00000782	18	18	1	1	0.995400629387557	1.0	0.997695013951231	0.978835978835979	1.0	0.993533215755438
GC_00000783	18	18	1	1	0.994911730831631	1.0	0.997449376285813	0.985270049099836	1.0	0.993635206401164
GC_00000784	18	18	1	1	0.996237231603085	0.986060775020911	0.991122882045614	0.962264150943396	1.0	0.991028486866445
GC_00000785	18	18	1	1	0.995798319327731	1.0	0.997894736842105	0.991071428571429	1.0	0.995798319327731
GC_00000786	18	18	1	1	0.997758905402217	1.0	0.998878195666293	0.990445859872611	1.0	0.995982681820074
GC_00000787	18	18	1	1	0.99725476274997	0.945281796855449	0.970573006097173	0.914675767918089	1.0	0.955386022440831
GC_00000788	18	18	1	1	0.992702949224688	0.943868259163644	0.967669869811917	0.825	1.0	0.939624183006536
GC_00000789	18	18	1	1	0.997717390321735	1.0	0.998857391095796	0.993775933609959	1.0	0.996840506603748
GC_00000790	18	18	1	1	0.992058711994468	1.0	0.996013527132651	0.979522184300341	1.0	0.98978339913895
GC_00000791	18	18	1	1	0.993451914965924	1.0	0.996715202917655	0.987465181058496	1.0	0.992863254865549
GC_00000792	18	18	1	1	0.994204386719581	0.997922897972753	0.996060171853582	0.985169491525424	1.0	0.993436357593885
GC_00000793	18	18	1	1	0.991733236504478	1.0	0.995849462496278	0.966666666666667	1.0	0.986891793754539
GC_00000794	18	18	1	1	0.997168402474739	1.0	0.99858219390926	0.991097922848665	1.0	0.997168402474739
GC_00000795	18	18	1	1	0.988121625461779	1.0	0.994025328035219	0.973913043478261	1.0	0.988121625461779
GC_00000796	18	18	1	1	0.996901334662246	1.0	0.998448263174566	0.99266862170088	1.0	0.996300768596784
GC_00000797	18	18	1	1	0.997429305912596	1.0	0.998712998712999	0.994858611825193	1.0	0.997429305912596
GC_00000798	18	18	1	1	0.995545440398382	1.0	0.997767748350181	0.964285714285714	1.0	0.992471988795518
GC_00000799	18	18	1	1	0.990421794343363	1.0	0.995187851296716	0.963963963963964	1.0	0.985514926691397
GC_00000800	18	18	1	1	0.996357914658568	1.0	0.998175635082923	0.987373737373737	1.0	0.995477652340397
GC_00000801	18	18	1	1	0.998872197410565	1.0	0.999435780541199	0.995127892813642	1.0	0.998447612906307
GC_00000802	18	18	1	1	0.990148019992311	1.0	0.995049624495907	0.977941176470588	1.0	0.990148019992311
GC_00000803	18	18	1	1	0.992229484386347	1.0	0.99609958808734	0.974074074074074	1.0	0.992229484386347
GC_00000804	18	18	1	1	0.994932762376981	1.0	0.99745994565903	0.982758620689655	1.0	0.993835925174668
GC_00000805	18	18	1	1	0.987331558137658	1.0	0.993625400950099	0.975308641975309	1.0	0.987331558137658
GC_00000806	18	18	1	1	0.997666365552544	1.0	0.998831819723405	0.985772357723577	1.0	0.995602848185345
GC_00000807	18	18	1	1	0.99720308543838	1.0	0.998599584297655	0.986486486486487	1.0	0.996025437201908
GC_00000808	18	18	1	1	0.997276688453159	1.0	0.998636487592037	0.993303571428571	1.0	0.996323529411765
GC_00000809	18	18	1	1	0.996910616624222	0.99971637275045	0.998311523295714	0.987228607918263	1.0	0.994206963330245
GC_00000810	18	18	1	1	0.99836833078385	1.0	0.999183499262366	0.991489361702128	1.0	0.996884995132805
GC_00000811	18	18	1	1	0.995792252255784	0.998346650043254	0.997067815118035	0.973053892215569	1.0	0.993718445462017
GC_00000812	18	18	1	1	0.994177875928528	1.0	0.997080438940904	0.986348122866894	1.0	0.991902563073011
GC_00000813	18	18	1	1	0.99656002751978	1.0	0.998277050310131	0.985380116959064	1.0	0.99262317012575
GC_00000814	18	18	1	1	0.994080651128376	1.0	0.997031539888683	0.981132075471698	1.0	0.994080651128376
GC_00000815	18	18	1	1	0.995898222114635	1.0	0.997944896267797	0.987654320987654	1.0	0.994149923343823
GC_00000816	18	18	1	1	0.996242941621093	1.0	0.998117935297066	0.989795918367347	1.0	0.994631185807657
GC_00000817	18	18	1	1	0.998027837827588	1.0	0.999012945598117	0.990328820116054	1.0	0.997345166306368
GC_00000818	18	18	1	1	0.993503459379732	1.0	0.996741144044822	0.987080103359173	1.0	0.993143165965783
GC_00000819	18	18	1	1	0.992408171845736	0.995642212305847	0.994022561604808	0.975982532751092	1.0	0.989853583354739
GC_00000820	18	18	1	1	0.978939724037763	1.0	0.989357798165138	0.96078431372549	1.0	0.975522235037806
GC_00000821	18	18	1	1	0.996619451563131	0.982367683257857	0.989442250022863	0.976119402985075	1.0	0.993961564725393
GC_00000822	18	18	1	1	0.996384008148714	1.0	0.998188729304319	0.987012987012987	1.0	0.994482641541465
GC_00000823	18	18	1	1	0.995869644153958	1.0	0.997930548290997	0.990740740740741	1.0	0.994417211328976
GC_00000824	18	18	1	1	0.996196919313534	1.0	0.998094836912295	0.991228070175439	1.0	0.995270037839697
GC_00000825	18	18	1	1	0.9938667410092	1.0	0.996923937360179	0.985781990521327	1.0	0.992379890344763
GC_00000826	18	18	1	1	0.997144320322197	1.0	0.998570118519356	0.98406374501992	1.0	0.995755539931776
GC_00000827	18	18	1	1	0.997694192246721	1.0	0.998845765401818	0.992217898832685	1.0	0.99715164924595
GC_00000828	18	18	1	1	0.995960219176472	0.997583112114871	0.996771005067733	0.982062780269058	1.0	0.992877868636243
GC_00000829	18	18	1	1	0.988617886178862	1.0	0.994276369582993	0.970731707317073	1.0	0.987215048621075
GC_00000830	18	18	1	1	0.983403315074138	0.845960134757595	0.90951855523046	0.727272727272727	1.0	0.872094648911258
GC_00000831	18	18	1	1	0.995688567824791	1.0	0.997839626761049	0.987368421052632	1.0	0.99452356381149
GC_00000832	18	18	1	1	0.994394118921123	1.0	0.997189180901762	0.985380116959064	1.0	0.993960937201391
GC_00000833	18	18	1	1	0.988543310044324	1.0	0.994238652033473	0.96551724137931	1.0	0.983660130718954
GC_00000834	18	18	1	1	0.996926386967881	1.0	0.998460828074496	0.987551867219917	1.0	0.996040463211564
GC_00000835	18	18	1	1	0.992984921340879	1.0	0.996480114533731	0.982248520710059	1.0	0.992245813512782
GC_00000836	18	18	1	1	0.990257981645697	0.998432368917716	0.994328375127964	0.946808510638298	1.0	0.987136698651092
GC_00000837	18	18	1	1	0.958925827857867	0.792860209358963	0.868021683564771	0.337016574585635	1.0	0.781966561947062
GC_00000838	18	18	1	1	0.99123116282013	1.0	0.995596273630305	0.975103734439834	1.0	0.989206194234264
GC_00000839	18	18	1	1	0.994837998540667	1.0	0.997412320467572	0.985748218527316	1.0	0.993471814695791
GC_00000840	18	18	1	1	0.996876266781124	0.938734924830034	0.96693237920647	0.918088737201365	1.0	0.962033505097147
GC_00000841	18	18	1	1	0.997714601802117	1.0	0.998855993646028	0.993318485523385	1.0	0.997714601802117
GC_00000842	18	18	1	1	0.999024203009023	1.0	0.999511863343371	0.996277915632754	1.0	0.99837006763003
GC_00000843	18	18	1	1	0.994227320557853	1.0	0.997105305206363	0.982993197278912	1.0	0.993975367924948
GC_00000844	18	18	1	1	0.993045447193919	1.0	0.996510589953745	0.982532751091703	1.0	0.990438679110654
GC_00000845	18	18	1	1	0.9958071278826	1.0	0.997899159663866	0.990566037735849	1.0	0.9958071278826
GC_00000846	18	18	1	1	0.997969239204144	1.0	0.998983587556801	0.993377483443709	1.0	0.997067480413799
GC_00000847	18	18	1	1	0.990846011607257	1.0	0.995401960603998	0.970588235294118	1.0	0.989674301092986
GC_00000848	18	18	1	1	0.999311391223156	1.0	0.999655577025236	0.996428571428571	1.0	0.997934173669468
GC_00000849	18	18	1	1	0.99282327310009	0.937735683592039	0.964493529150551	0.89010989010989	1.0	0.942541119011707
GC_00000850	18	18	1	1	0.995746446726839	1.0	0.997868690544264	0.982142857142857	1.0	0.991596638655462
GC_00000851	18	18	1	1	0.997757020568507	1.0	0.998877251132946	0.992125984251969	1.0	0.997208069579538
GC_00000852	18	18	1	1	0.998278803387559	0.984350254566309	0.991265602912957	0.967889908256881	1.0	0.986193559992804
GC_00000853	18	18	1	1	0.996246457915047	1.0	0.998119700065054	0.992156862745098	1.0	0.995881925755052
GC_00000854	18	18	1	1	0.998076125336025	1.0	0.999037136453621	0.992503748125937	1.0	0.996403758904861
GC_00000855	18	18	1	1	0.993958253716948	0.99932349122175	0.996633651770731	0.979966611018364	1.0	0.990550699968357
GC_00000856	18	18	1	1	0.995565238441055	1.0	0.99777769151641	0.98962962962963	1.0	0.995100459937061
GC_00000857	18	18	1	1	0.997970799307102	0.897426048235364	0.945031634760482	0.832214765100671	1.0	0.913979909637233
GC_00000858	18	18	1	1	0.997689002911653	1.0	0.998843164734361	0.990654205607477	1.0	0.996060106285505
GC_00000859	18	18	1	1	0.996313055136585	1.0	0.998153122901276	0.988461538461539	1.0	0.99577677224736
GC_00000860	18	18	1	1	0.989462451647326	1.0	0.994703318806571	0.972789115646258	1.0	0.987061491263172
GC_00000861	18	18	1	1	0.995257007640909	1.0	0.99762286645734	0.980861244019139	1.0	0.994902586233855
GC_00000862	18	18	1	1	0.992704238674513	1.0	0.996338763583732	0.981020166073547	1.0	0.989447894618504
GC_00000863	18	18	1	1	0.99526485460933	1.0	0.997626808601509	0.981549815498155	1.0	0.993029930299303
GC_00000864	18	18	1	1	0.99010569778615	1.0	0.99502825290895	0.973799126637555	1.0	0.989040157547735
GC_00000865	18	18	1	1	0.998235572921023	1.0	0.999117007472549	0.994515539305302	1.0	0.998100154138438
GC_00000866	18	18	1	1	0.990743161462116	1.0	0.995350058853858	0.982222222222222	1.0	0.989193899782135
GC_00000867	18	18	1	1	0.996989327985302	1.0	0.998492394539867	0.991169977924945	1.0	0.995065575899234
GC_00000868	18	18	1	1	0.992516043616571	0.998449327581038	0.995473844697021	0.970505617977528	1.0	0.989296467650731
GC_00000869	18	18	1	1	0.993326659993327	1.0	0.996652159357215	0.981981981981982	1.0	0.991756462344698
GC_00000870	18	18	1	1	0.994587880401029	1.0	0.997286597571282	0.981900452488688	1.0	0.994587880401029
GC_00000871	18	18	1	1	0.993647424701348	0.992176520952236	0.992911428076125	0.949664429530201	1.0	0.984559371847173
GC_00000872	18	18	1	1	0.992411723599293	1.0	0.996191411488485	0.977358490566038	1.0	0.989616475521026
GC_00000873	18	18	1	1	0.979302832244009	1.0	0.989543203082003	0.946153846153846	1.0	0.977425842131725
GC_00000874	18	18	1	1	0.988253999691908	1.0	0.99409230394612	0.974747474747475	1.0	0.987109658678286
GC_00000875	18	18	1	1	0.996926300598088	1.0	0.998460784756557	0.990445859872611	1.0	0.9961492027809
GC_00000876	18	18	1	1	0.993171986991254	1.0	0.996574298127151	0.97463768115942	1.0	0.990882826560576
GC_00000877	18	18	1	1	0.997988586718716	1.0	0.998993280895269	0.994742376445847	1.0	0.997841968894112
GC_00000878	18	18	1	1	0.996340912251425	1.0	0.998167102759795	0.98936170212766	1.0	0.995645598664998
GC_00000879	18	18	1	1	0.991739889480443	1.0	0.995852816643788	0.97682119205298	1.0	0.989633380946197
GC_00000880	18	18	1	1	0.989011408112966	1.0	0.994475349994367	0.973741794310722	1.0	0.986055691423178
GC_00000881	18	18	1	1	0.997963007791137	1.0	0.998980465503655	0.995061728395062	1.0	0.997740660050028
GC_00000882	18	18	1	1	0.997256900609404	0.998459383753501	0.9978577799141	0.985714285714286	1.0	0.99327731092437
GC_00000883	18	18	1	1	0.995947171138987	1.0	0.997969470875975	0.990683229813665	1.0	0.995108188202817
GC_00000884	18	18	1	1	0.995709394869059	1.0	0.997850085216829	0.986394557823129	1.0	0.994642301364991
GC_00000885	18	18	1	1	0.989981080151359	1.0	0.994965319043195	0.980263157894737	1.0	0.987917096663227
GC_00000886	18	18	1	1	0.992130568702577	1.0	0.996049741206196	0.974137931034483	1.0	0.99149199909849
GC_00000887	18	18	1	1	0.99457804085995	1.0	0.997281651041484	0.986792452830189	1.0	0.993920335429769
GC_00000888	18	18	1	1	0.995709736886207	1.0	0.997850256961473	0.98974358974359	1.0	0.995709736886207
GC_00000889	18	18	1	1	0.997452492974453	1.0	0.998724621969981	0.991473812423873	1.0	0.996847460055886
GC_00000890	18	18	1	1	0.993443482821925	0.94127550009903	0.966656159750446	0.919354838709677	1.0	0.979232553236348
GC_00000891	18	18	1	1	0.986746117073941	0.822070828394232	0.896912426556034	0.754880694143167	1.0	0.941474203564289
GC_00000892	18	18	1	1	0.990958104009884	0.925077992701892	0.956885452505162	0.574803149606299	1.0	0.907930626318769
GC_00000893	18	18	1	1	0.997859707263187	1.0	0.998928707191485	0.994718309859155	1.0	0.997859707263187
GC_00000894	18	18	1	1	0.998895503729192	1.0	0.999447446718076	0.994428969359331	1.0	0.997924517996614
GC_00000895	18	18	1	1	0.997409301885005	1.0	0.998702970836999	0.991304347826087	1.0	0.9961210571185
GC_00000896	18	18	1	1	0.99612073365774	0.948551447436833	0.97175428631993	0.940886699507389	1.0	0.984996297369523
GC_00000897	18	18	1	1	0.993033639572668	0.981234131079331	0.987098624556727	0.957894736842105	1.0	0.981217750257998
GC_00000898	18	18	1	1	0.998182933304041	1.0	0.999090640468561	0.993697478991597	1.0	0.99674575712638
GC_00000899	18	18	1	1	0.994655978623915	0.991874684541886	0.993263384571229	0.967123287671233	1.0	0.991655474975378
GC_00000900	18	18	1	1	0.998949930322479	1.0	0.99947468935485	0.993243243243243	1.0	0.997850791968439
GC_00000901	18	18	1	1	0.995689833809938	0.936927828330543	0.965415490044852	0.893491124260355	1.0	0.946474842402444
GC_00000902	18	18	1	1	0.995977482140742	1.0	0.997984687755623	0.985815602836879	1.0	0.994607456851929
GC_00000903	18	18	1	1	0.99765103077995	0.973700451842676	0.98553024969389	0.964530892448513	1.0	0.988102182139065
GC_00000904	18	18	1	1	0.994479593102593	0.734584841374009	0.844999896571342	0.506896551724138	1.0	0.742776650890241
GC_00000905	18	18	1	1	0.990579683720478	0.99575163398693	0.993158925568748	0.972222222222222	1.0	0.985403050108932
GC_00000906	18	18	1	1	0.99546626162202	1.0	0.997727980439872	0.985915492957746	1.0	0.992152259965019
GC_00000907	18	18	1	1	0.992422731804586	1.0	0.996196957566053	0.986440677966102	1.0	0.992422731804586
GC_00000908	18	18	1	1	0.998556937709373	1.0	0.999277947871587	0.995698924731183	1.0	0.998397638625343
GC_00000909	18	18	1	1	0.997340952284632	1.0	0.998668706155388	0.992263056092843	1.0	0.996523432067862
GC_00000910	18	18	1	1	0.986752187987052	0.95008610576562	0.968072086001454	0.367521367521368	1.0	0.910563655661695
GC_00000911	18	18	1	1	0.996820658855552	1.0	0.99840779835167	0.992125984251969	1.0	0.995711320398676
GC_00000912	18	18	1	1	0.992731142636266	1.0	0.996352314063744	0.981566820276498	1.0	0.989879822896901
GC_00000913	18	18	1	1	0.996679119966791	0.991679287713986	0.994172917669228	0.914814814814815	1.0	0.986903897361414
GC_00000914	18	18	1	1	0.993708386781504	1.0	0.996844266062073	0.981308411214953	1.0	0.993708386781504
GC_00000915	18	18	1	1	0.994168909393823	1.0	0.997075929436715	0.973039215686274	1.0	0.992118415993849
GC_00000916	18	18	1	1	0.994593565581572	1.0	0.997289455600519	0.98252427184466	1.0	0.992359921314804
GC_00000917	18	18	1	1	0.995221549999595	1.0	0.997605052932389	0.986988847583643	1.0	0.993269674660447
GC_00000918	18	18	1	1	0.996343954248366	1.0	0.998168629336716	0.990625	1.0	0.996343954248366
GC_00000919	18	18	1	1	0.997408825463124	1.0	0.998702732007667	0.994082840236686	1.0	0.997408825463124
GC_00000920	18	18	1	1	0.993567797489366	1.0	0.996773522064946	0.984126984126984	1.0	0.993567797489366
GC_00000921	18	18	1	1	0.995397936705272	1.0	0.997693661394515	0.989988876529477	1.0	0.994743614909812
GC_00000922	18	18	1	1	0.986901927320607	0.99557223308611	0.991218120510574	0.947589098532495	1.0	0.976911798961374
GC_00000923	18	18	1	1	0.98747644233692	0.767002536470487	0.863386732045208	0.57843137254902	1.0	0.885749070870178
GC_00000924	18	18	1	1	0.994001114657749	1.0	0.996991533606399	0.976744186046512	1.0	0.992217662258702
GC_00000925	18	18	1	1	0.997347931202486	1.0	0.998672204899265	0.989451476793249	1.0	0.99703538236673
GC_00000926	18	18	1	1	0.994236311239193	1.0	0.997109826589595	0.982708933717579	1.0	0.992654122167599
GC_00000927	18	18	1	1	0.99113769801706	1.0	0.995549126516079	0.983050847457627	1.0	0.99113769801706
GC_00000928	18	18	1	1	0.996244585166535	1.0	0.998118760165277	0.992217898832685	1.0	0.995956359197375
GC_00000929	18	18	1	1	0.996846248077775	0.878545223042409	0.933964479249094	0.797250859106529	1.0	0.894189520023359
GC_00000930	18	18	1	1	0.987243090007087	1.0	0.99358059914408	0.975903614457831	1.0	0.98665249232223
GC_00000931	18	18	1	1	0.99464333678677	0.99960876369327	0.99711986860823	0.982394366197183	1.0	0.991277731749977
GC_00000932	18	18	1	1	0.995987120338331	1.0	0.997989526274604	0.988970588235294	1.0	0.995266243752403
GC_00000933	18	18	1	1	0.997764657287946	1.0	0.998881078056968	0.988847583643123	1.0	0.995675097796244
GC_00000934	18	18	1	1	0.998054288102383	1.0	0.999026196680839	0.993710691823899	1.0	0.998054288102383
GC_00000935	18	18	1	1	0.986090035407183	0.979165277328596	0.982615456356487	0.95959595959596	1.0	0.976744569881825
GC_00000936	18	18	1	1	0.995631179581513	0.939989992313683	0.967010857734886	0.917582417582418	1.0	0.961969403145874
GC_00000937	18	18	1	1	0.9899652260308	0.99674487730168	0.993343483881066	0.96969696969697	1.0	0.986829075064369
GC_00000938	18	18	1	1	0.994070058816094	1.0	0.997026212214717	0.986348122866894	1.0	0.993497512770751
GC_00000939	18	18	1	1	0.993452940211474	0.924504960605754	0.957739657332972	0.908805031446541	1.0	0.976445924281662
GC_00000940	18	18	1	1	0.988193990293601	0.942512410445026	0.964812774663815	0.915841584158416	1.0	0.959748916068077
GC_00000941	18	18	1	1	0.995722319935726	1.0	0.997856575525792	0.991694352159468	1.0	0.995722319935726
GC_00000942	18	18	1	1	0.99780975038707	0.998529411764709	0.998169451360331	0.990384615384615	1.0	0.994909502262443
GC_00000943	18	18	1	1	0.997159975101152	1.0	0.998577968247784	0.993197278911565	1.0	0.996737583922458
GC_00000944	18	18	1	1	0.99592063620144	1.0	0.997956149295433	0.989711934156379	1.0	0.994486134645902
GC_00000945	18	18	1	1	0.992825701709255	1.0	0.996399936891324	0.982507288629738	1.0	0.990882067112559
GC_00000946	18	18	1	1	0.997034809664015	1.0	0.998515203479861	0.990415335463259	1.0	0.997034809664015
GC_00000947	18	18	1	1	0.9982196633655	1.0	0.99910903857712	0.993074792243767	1.0	0.998117067695037
GC_00000948	18	18	1	1	0.991813655160773	0.997169601894333	0.994484417263881	0.96137339055794	1.0	0.98897584784987
GC_00000949	18	18	1	1	0.997175825062535	0.996309963099628	0.996742706039375	0.985239852398524	1.0	0.995489954899549
GC_00000950	18	18	1	1	0.995957584422658	1.0	0.997974698656479	0.984375	1.0	0.995123570261438
GC_00000951	18	18	1	1	0.987846629166572	1.0	0.993886162717431	0.97212543554007	1.0	0.984035890779076
GC_00000952	18	18	1	1	0.997171333230205	0.936595983013792	0.96593489530472	0.914826498422713	1.0	0.954475165460506
GC_00000953	18	18	1	1	0.996889899276941	1.0	0.998442527690593	0.985507246376812	1.0	0.994837548545989
GC_00000954	18	18	1	1	0.982827772160431	0.79719382459652	0.880331151077863	0.33245382585752	1.0	0.710676530946591
GC_00000955	18	18	1	1	0.994611942746035	1.0	0.997298693977262	0.983870967741935	1.0	0.994237121371846
GC_00000956	18	18	1	1	0.987264581432009	0.985731132075472	0.986497260840908	0.825	1.0	0.968014705882353
GC_00000957	18	18	1	1	0.996931310453184	0.997135933024896	0.997033611240297	0.97752808988764	1.0	0.992607280115542
GC_00000958	18	18	1	1	0.997752187294671	0.93489285136124	0.965300268465805	0.927215189873418	1.0	0.98954799922782
GC_00000959	18	18	1	1	0.992047930283224	1.0	0.996008093180948	0.98	1.0	0.991176470588235
GC_00000960	18	18	1	1	0.9935260043986	1.0	0.996752490016626	0.985781990521327	1.0	0.9935260043986
GC_00000961	18	18	1	1	0.996592255367863	1.0	0.99829321954797	0.991853360488798	1.0	0.995553958175259
GC_00000962	18	18	1	1	0.993727783511065	1.0	0.996854025639404	0.978947368421053	1.0	0.990608875128999
GC_00000963	18	18	1	1	0.983694199411922	0.991409176283126	0.987536620061996	0.932432432432432	1.0	0.975357710651828
GC_00000964	18	18	1	1	0.997040733662097	1.0	0.998518174272552	0.993682310469314	1.0	0.995640735235129
GC_00000965	18	18	1	1	0.996650816853448	1.0	0.998322599465925	0.992287917737789	1.0	0.99539627333367
GC_00000966	18	18	1	1	0.99341605801199	0.991106665799295	0.992260018183969	0.898809523809524	1.0	0.981753812636166
GC_00000967	18	18	1	1	0.991681521093286	1.0	0.99582338902148	0.974025974025974	1.0	0.989078459666695
GC_00000968	18	18	1	1	0.997795506762083	1.0	0.998896537092783	0.99288256227758	1.0	0.995805518727855
GC_00000969	18	18	1	1	0.997894100034077	1.0	0.998945940144732	0.989455184534271	1.0	0.997059397865766
GC_00000970	18	18	1	1	0.996822971612888	1.0	0.998408958414302	0.985157699443414	1.0	0.996289424860853
GC_00000971	18	18	1	1	0.996877484920773	1.0	0.998436301123726	0.98813056379822	1.0	0.994394988460271
GC_00000972	18	18	1	1	0.994352551697277	1.0	0.997168279852067	0.983240223463687	1.0	0.993573593310695
GC_00000973	18	18	1	1	0.997769437413323	0.969120878037669	0.983236518751616	0.961206896551724	1.0	0.987280256930358
GC_00000974	18	18	1	1	0.985744390727656	0.982669589574961	0.984204588623423	0.950310559006211	1.0	0.973003694231316
GC_00000975	18	18	1	1	0.997949051339502	1.0	0.998973472992655	0.992895204262877	1.0	0.997515643320679
GC_00000976	18	18	1	1	0.996152283889074	1.0	0.998072433580353	0.989830508474576	1.0	0.99590118533289
GC_00000977	18	18	1	1	0.997732643546018	1.0	0.998865035088	0.990228013029316	1.0	0.99681718507164
GC_00000978	18	18	1	1	0.992383172045735	1.0	0.996177026557374	0.976744186046512	1.0	0.992349394538177
GC_00000979	18	18	1	1	0.996634174524677	0.990486526954645	0.993550841108309	0.980722891566265	1.0	0.991038664461769
GC_00000980	18	18	1	1	0.993298489996651	1.0	0.996637979691963	0.984455958549223	1.0	0.991003194599659
GC_00000981	18	18	1	1	0.994768375186332	1.0	0.997377327173046	0.980263157894737	1.0	0.99187306501548
GC_00000982	18	18	1	1	0.994783991240405	1.0	0.997385176148144	0.987951807228916	1.0	0.994319012745661
GC_00000983	18	18	1	1	0.997321949408708	0.978533302725409	0.987838294309631	0.964285714285714	1.0	0.988990040460629
GC_00000984	18	18	1	1	0.995305716211345	1.0	0.997647336069598	0.97841726618705	1.0	0.993158414444915
GC_00000985	18	18	1	1	0.996614867660769	1.0	0.998304564193095	0.988558352402746	1.0	0.994211872391978
GC_00000986	18	18	1	1	0.991888465077726	0.978799764207992	0.985300649094146	0.955047318611987	1.0	0.987757984371456
GC_00000987	18	18	1	1	0.992127321738488	1.0	0.996048104869803	0.983050847457627	1.0	0.990694582917913
GC_00000988	18	18	1	1	0.996121082177727	1.0	0.998056772278543	0.984126984126984	1.0	0.994830030777743
GC_00000989	18	18	1	1	0.9961520979295	1.0	0.998072340241762	0.985611510791367	1.0	0.994192880989326
GC_00000990	18	18	1	1	0.992865110916455	1.0	0.996419783233465	0.979381443298969	1.0	0.991667228174202
GC_00000991	18	18	1	1	0.990525069088038	1.0	0.995239984133281	0.979865771812081	1.0	0.990525069088038
GC_00000992	18	18	1	1	0.980929936478269	0.948289459806136	0.964333575913845	0.852941176470588	1.0	0.962821991541715
GC_00000993	18	18	1	1	0.985407160767871	1.0	0.992649951344748	0.943396226415094	1.0	0.98409174990751
GC_00000994	18	18	1	1	0.994709545568473	1.0	0.997347756998867	0.989380530973451	1.0	0.994146567181445
GC_00000995	18	18	1	1	0.999231805760197	1.0	0.999615755292813	0.994219653179191	1.0	0.99833767803846
GC_00000996	18	18	1	1	0.992293420864849	0.995612906559199	0.993950392206867	0.971014492753623	1.0	0.984039026238515
GC_00000997	18	18	1	1	0.997633403909295	1.0	0.998815300101573	0.992957746478873	1.0	0.997203811101906
GC_00000998	18	18	1	1	0.993316068565791	1.0	0.996646828097353	0.977358490566038	1.0	0.988777901097546
GC_00000999	18	18	1	1	0.995328314166736	1.0	0.99765868814666	0.983966244725738	1.0	0.9946443837732
GC_00001000	18	18	1	1	0.996920926366693	1.0	0.998458089355141	0.991329479768786	1.0	0.996920926366693
GC_00001001	18	18	1	1	0.997249653185617	0.992846852024414	0.995043382324098	0.966960352422907	1.0	0.990224871152573
GC_00001002	18	18	1	1	0.994575272878554	0.969244159594878	0.98174634447005	0.958637469586375	1.0	0.990871936771465
GC_00001003	18	18	1	1	0.990629987680618	1.0	0.99529294124103	0.977715877437326	1.0	0.988238935314144
GC_00001004	18	18	1	1	0.998033819651011	1.0	0.999015942408156	0.995356037151703	1.0	0.997703312491147
GC_00001005	18	18	1	1	0.999190990185434	1.0	0.999595331402283	0.993485342019544	1.0	0.997572970556301
GC_00001006	18	18	1	1	0.989159891598916	1.0	0.994550408719346	0.975609756097561	1.0	0.989159891598916
GC_00001007	18	18	1	1	0.996880788536658	1.0	0.998437958098827	0.993392070484581	1.0	0.996717629783191
GC_00001008	18	18	1	1	0.996571877982958	1.0	0.998282995941771	0.98981077147016	1.0	0.995195555175005
GC_00001009	18	18	1	1	0.991888947771301	1.0	0.995927959619549	0.972972972972973	1.0	0.989975269387034
GC_00001010	18	18	1	1	0.995232781459467	1.0	0.997610695561525	0.982578397212544	1.0	0.993076905558972
GC_00001011	18	18	1	1	0.993360822277997	0.949203166114931	0.970780106328299	0.911688311688312	1.0	0.956591121297004
GC_00001012	18	18	1	1	0.996719505171162	1.0	0.998357057753809	0.988505747126437	1.0	0.994365562316881
GC_00001013	18	18	1	1	0.991457969326344	0.891283245971656	0.938705617070994	0.774509803921569	1.0	0.903883121876202
GC_00001014	18	18	1	1	0.9964048145663	1.0	0.998199170124481	0.988593155893536	1.0	0.996123164094535
GC_00001015	18	18	1	1	0.996734702617056	1.0	0.998364681407768	0.99017199017199	1.0	0.996210113857173
GC_00001016	18	18	1	1	0.989318115305824	1.0	0.994630378815741	0.977611940298508	1.0	0.989318115305824
GC_00001017	18	18	1	1	0.99479015918958	0.952425912507593	0.973147190895883	0.936842105263158	1.0	0.972686618507052
GC_00001018	18	18	1	1	0.995007597134795	1.0	0.997497551952997	0.988929889298893	1.0	0.993849938499385
GC_00001019	18	18	1	1	0.992804691735252	0.95193032762001	0.971937961789308	0.394366197183099	1.0	0.925573046119856
GC_00001020	18	18	1	1	0.998196726137903	1.0	0.999097549386149	0.994369369369369	1.0	0.997445975387152
GC_00001021	18	18	1	1	0.998079688616773	1.0	0.999038921523417	0.992094861660079	1.0	0.99599576325919
GC_00001022	18	18	1	1	0.994506524234544	1.0	0.997245696768245	0.978494623655914	1.0	0.992023332630543
GC_00001023	18	18	1	1	0.98405735291131	0.988776275145663	0.986411170312073	0.935483870967742	1.0	0.969458751242433
GC_00001024	18	18	1	1	0.991704690261849	1.0	0.995835070440558	0.981132075471698	1.0	0.989369835984708
GC_00001025	18	18	1	1	0.995683374116741	0.968552957139437	0.981930800311185	0.960651289009498	1.0	0.988852528799851
GC_00001026	18	18	1	1	0.993986928104575	1.0	0.996984397535073	0.985	1.0	0.992287581699346
GC_00001027	18	18	1	1	0.997217270746683	1.0	0.998606696780527	0.990909090909091	1.0	0.996880570409982
GC_00001028	18	18	1	1	0.992622791690934	1.0	0.996297739672642	0.976897689768977	1.0	0.989818589702107
GC_00001029	18	18	1	1	0.987468904031274	1.0	0.993694947406066	0.964539007092199	1.0	0.983266119686645
GC_00001030	18	18	1	1	0.991339074530282	0.99176842441736	0.991553702995925	0.968051118210863	1.0	0.983106767733717
GC_00001031	18	18	1	1	0.994593539745688	0.99842880981424	0.996507484581381	0.963414634146341	1.0	0.991311971943249
GC_00001032	18	18	1	1	0.994448634154516	1.0	0.997216591217032	0.987179487179487	1.0	0.994448634154517
GC_00001033	18	18	1	1	0.996010587470856	1.0	0.99800130692984	0.989035087719298	1.0	0.995685701181057
GC_00001034	18	18	1	1	0.996557401586589	1.0	0.998275732813554	0.984732824427481	1.0	0.993264481365065
GC_00001035	18	18	1	1	0.992588787091741	1.0	0.996280610953816	0.978165938864629	1.0	0.991123669263921
GC_00001036	18	18	1	1	0.997190689141153	1.0	0.998593368738338	0.992822966507177	1.0	0.996857116052163
GC_00001037	18	18	1	1	0.996177000280967	1.0	0.998084839311096	0.989429175475687	1.0	0.995578217192444
GC_00001038	18	18	1	1	0.996299054080141	1.0	0.998146096441666	0.984810126582279	1.0	0.995416563249772
GC_00001039	18	18	1	1	0.985484912527885	0.888158040440279	0.93429364160088	0.522988505747126	1.0	0.849973705957479
GC_00001040	18	18	1	1	0.993626230285782	0.998895869027218	0.996254081329154	0.978640776699029	1.0	0.987829176978235
GC_00001041	18	18	1	1	0.997875340612435	1.0	0.998936540561678	0.994169096209913	1.0	0.997418014824977
GC_00001042	18	18	1	1	0.989966843215777	0.99858101135191	0.994255269474703	0.973684210526316	1.0	0.986541107671139
GC_00001043	18	18	1	1	0.995409939854384	1.0	0.997699690648053	0.987179487179487	1.0	0.993883023294788
GC_00001044	18	18	1	1	0.996025531263269	1.0	0.998008808667785	0.987220447284345	1.0	0.994716949612646
GC_00001045	18	18	1	1	0.962642573369217	0.720893719806764	0.824411078482108	0.211180124223602	1.0	0.685340802987862
GC_00001046	18	18	1	1	0.992417326955612	1.0	0.996194234540223	0.983240223463687	1.0	0.991054149779092
GC_00001047	18	18	1	1	0.995664932639723	1.0	0.997827757911974	0.989795918367347	1.0	0.994864612511671
GC_00001048	18	18	1	1	0.985289616305659	1.0	0.992590308449951	0.966942148760331	1.0	0.978015448603684
GC_00001049	18	18	1	1	0.996316630355846	1.0	0.998154917116782	0.989333333333333	1.0	0.995921568627451
GC_00001050	18	18	1	1	0.997385815391809	0.988916189265412	0.993132945012413	0.980707395498392	1.0	0.99405249774079
GC_00001051	18	18	1	1	0.993297943972064	0.986815861096211	0.990046292689819	0.964539007092199	1.0	0.98312705696936
GC_00001052	18	18	1	1	0.994877106769767	0.891370966036138	0.94028413392034	0.651612903225806	1.0	0.887349778621126
GC_00001053	18	18	1	1	0.992638199394169	1.0	0.996305500613172	0.981612446958982	1.0	0.990949515119579
GC_00001054	18	18	1	1	0.991865586814436	1.0	0.995916183682568	0.978260869565217	1.0	0.987460926399545
GC_00001055	18	18	1	1	0.991432692012642	1.0	0.995697917372894	0.983098591549296	1.0	0.991383595691798
GC_00001056	18	18	1	1	0.997414350355527	1.0	0.998705501618123	0.989010989010989	1.0	0.995211759917642
GC_00001057	18	18	1	1	0.980798593947383	1.0	0.990306229966394	0.961344537815126	1.0	0.977327401548855
GC_00001058	18	18	1	1	0.99213912955363	1.0	0.996054055497554	0.981395348837209	1.0	0.989747682018544
GC_00001059	18	18	1	1	0.973668598548807	0.977205189533958	0.975433688432728	0.741496598639456	1.0	0.948646125116713
GC_00001060	18	18	1	1	0.996639950590842	1.0	0.998317148062592	0.992197659297789	1.0	0.996447300203133
GC_00001061	18	18	1	1	0.992942844336033	1.0	0.996458927217093	0.980861244019139	1.0	0.99258842292898
GC_00001062	18	18	1	1	0.997385620915033	1.0	0.99869109947644	0.987755102040816	1.0	0.994771241830065
GC_00001063	18	18	1	1	0.983744672415502	0.758009269259178	0.856249051525972	0.133720930232558	1.0	0.664196686426509
GC_00001064	18	18	1	1	0.995068503757907	0.9810620369391	0.988015632657899	0.967320261437909	1.0	0.986614834750167
GC_00001065	18	18	1	1	0.996335567011599	1.0	0.998164420326445	0.989667049368542	1.0	0.994394543121497
GC_00001066	18	18	1	1	0.990898233456703	1.0	0.995428311507668	0.969879518072289	1.0	0.987105283880621
GC_00001067	18	18	1	1	0.997323230036177	1.0	0.998659821343101	0.993071593533487	1.0	0.996347114673429
GC_00001068	18	18	1	1	0.994870401357723	1.0	0.997428605568168	0.989059080962801	1.0	0.994708313668283
GC_00001069	18	18	1	1	0.968709942795921	0.913910892378199	0.940512876236572	0.808764940239044	1.0	0.899799494831133
GC_00001070	18	18	1	1	0.988118292584524	1.0	0.99402364162143	0.976851851851852	1.0	0.986867586540789
GC_00001071	18	18	1	1	0.99511715017391	1.0	0.997552599943485	0.982456140350877	1.0	0.991715399610136
GC_00001072	18	18	1	1	0.994527233115468	1.0	0.997256108217694	0.984	1.0	0.990797385620915
GC_00001073	18	18	1	1	0.995673087149008	1.0	0.997831852882692	0.99023709902371	1.0	0.994767595555191
GC_00001074	18	18	1	1	0.9977078992915	0.986294431158327	0.991968335814174	0.96742671009772	1.0	0.985150411956313
GC_00001075	18	18	1	1	0.994668973151752	1.0	0.997327362625075	0.98876404494382	1.0	0.993929157180975
GC_00001076	18	18	1	1	0.996564345541509	0.996799176291522	0.996681747084246	0.98972602739726	1.0	0.995120422598263
GC_00001077	18	18	1	1	0.985763823609283	0.868243015363328	0.923278745962869	0.75609756097561	1.0	0.87355863754716
GC_00001078	12	18	2	0	0.747371717442849	0.662478578417858	0.702369257750142	0.166666666666667	1.0	0.525096363331657
GC_00001079	18	18	1	1	0.998618337889879	1.0	0.999308691367467	0.995502248875562	1.0	0.997579641551773
GC_00001080	18	18	1	1	0.993845648691701	1.0	0.996913326108098	0.981670061099796	1.0	0.990988112828295
GC_00001081	18	18	1	1	0.994751435927906	1.0	0.997368812987142	0.984090909090909	1.0	0.99263220439691
GC_00001082	18	18	1	1	0.996589497689003	1.0	0.99829183599586	0.981308411214953	1.0	0.992883757864517
GC_00001083	18	18	1	1	0.996781172497494	0.966192386045325	0.981248448537777	0.942857142857143	1.0	0.971089041677277
GC_00001084	18	18	1	1	0.991758615035022	1.0	0.995862257151662	0.982795698924731	1.0	0.990709115187294
GC_00001085	18	18	1	1	0.993165978386932	1.0	0.996571273196928	0.985074626865672	1.0	0.991854453224076
GC_00001086	18	18	1	1	0.996257948698499	1.0	0.998125467050017	0.990328820116054	1.0	0.995094878699385
GC_00001087	18	18	1	1	0.99321685939333	1.0	0.996596887802397	0.984615384615385	1.0	0.99307440925088
GC_00001088	18	18	1	1	0.990980573543016	0.986090777940443	0.988529628893441	0.941860465116279	1.0	0.974464204286366
GC_00001089	18	18	1	1	0.995461147421932	1.0	0.997725411700482	0.986842105263158	1.0	0.993320720100906
GC_00001090	18	18	1	1	0.99596723874078	0.967981846038331	0.981775152748862	0.941690962099125	1.0	0.9700832714038
GC_00001091	18	18	1	1	0.993675089535656	1.0	0.996827511916289	0.985754985754986	1.0	0.991974377595293
GC_00001092	18	18	1	1	0.989891852636951	1.0	0.99492025290236	0.975975975975976	1.0	0.987772085811301
GC_00001093	18	18	1	1	0.988834081817959	0.997517307910565	0.99315671574109	0.955056179775281	1.0	0.983182786223103
GC_00001094	18	18	1	1	0.998603670301072	0.995820224059872	0.997210004871969	0.990976210008203	1.0	0.997319135474808
GC_00001095	18	18	1	1	0.998475704645002	1.0	0.999237271010373	0.993728222996516	1.0	0.997504042267313
GC_00001096	18	18	1	1	0.995258727172529	0.99693515624178	0.9960962363505	0.980434782608696	1.0	0.989684569479966
GC_00001097	18	18	1	1	0.996387805230458	1.0	0.998190634725338	0.989596879063719	1.0	0.995537877049389
GC_00001098	18	18	1	1	0.985727730720257	0.941417715411525	0.963063322631014	0.833333333333333	1.0	0.927668845315904
GC_00001099	17	17	1	0	1.0	0.983389655764934	0.991625274344461	0.848101265822785	1.0	0.982129560685033
GC_00001100	17	17	1	0	0.998509976677896	1.0	0.999254432882752	0.991189427312775	1.0	0.998509976677896
GC_00001101	17	17	1	0	0.991757975370891	0.712506897917997	0.829254195861333	0.455414012738854	1.0	0.832006369426752
GC_00001102	17	17	1	0	0.996766195968524	0.736570303684443	0.847138890589237	0.563636363636364	1.0	0.909893048128342
GC_00001103	17	17	1	0	1.0	0.869545881553436	0.930221494035671	0.678899082568807	1.0	0.865893146249325
GC_00001104	17	17	1	0	0.997224386443319	1.0	0.998610264537364	0.990066225165563	1.0	0.997224386443319
GC_00001105	17	17	1	0	0.984225865209472	0.944940688139663	0.964183278775286	0.230508474576271	1.0	0.894516450648056
GC_00001106	17	17	1	0	0.992482581591492	0.975381445322083	0.983857707290888	0.736363636363636	1.0	0.964171122994652
GC_00001107	17	17	1	0	0.839058551729117	0.995558047265828	0.910633310260849	0.586510263929619	1.0	0.786958771778506
GC_00001108	17	17	1	0	0.973958808676341	0.756108127898462	0.851317548367752	0.605809128630705	1.0	0.823773492799609
GC_00001109	17	17	1	0	0.996621964848115	1.0	0.998308124817137	0.989637305699482	1.0	0.996037793355684
GC_00001110	17	17	1	0	0.940410000378229	0.853321573498388	0.894751648399727	0.369905956112853	1.0	0.772773372671953
GC_00001111	17	17	1	0	0.993526647157932	0.67983829664643	0.807280522969596	0.174496644295302	1.0	0.647897749703908
GC_00001112	11	17	2	0	0.960810892222423	0.597135299132439	0.736526207029007	0.154347826086957	1.0	0.526822250639386
GC_00001113	17	17	1	0	0.99203431372549	1.0	0.996001230390649	0.98046875	1.0	0.991727941176471
GC_00001114	17	17	1	0	0.995571524064171	1.0	0.99778084830214	0.990056818181818	1.0	0.995153743315508
GC_00001115	17	17	1	0	0.887273985638896	0.696854954572128	0.780619881703643	0.411764705882353	1.0	0.761870434448289
GC_00001116	16	16	1	0	1.0	1.0	1.0	1.0	1.0	1.0
GC_00001117	16	16	1	0	1.0	1.0	1.0	1.0	1.0	1.0
GC_00001118	16	16	1	0	1.0	1.0	1.0	1.0	1.0	1.0
GC_00001119	16	16	1	0	1.0	1.0	1.0	1.0	1.0	1.0
GC_00001120	16	16	1	0	1.0	1.0	1.0	1.0	1.0	1.0
GC_00001121	16	16	1	0	0.999283667621776	1.0	0.999641705481906	0.994269340974212	1.0	0.999283667621776
GC_00001122	16	16	1	0	0.999421296296296	1.0	0.999710564399421	0.99537037037037	1.0	0.999421296296296
GC_00001123	16	16	1	0	0.999596774193548	1.0	0.999798346440815	0.996774193548387	1.0	0.999596774193548
GC_00001124	16	16	1	0	0.998239436619718	1.0	0.999118942731278	0.985915492957746	1.0	0.998239436619718
GC_00001125	16	16	1	0	0.996788321167883	0.975803291536051	0.986184183787567	0.761363636363636	1.0	0.968939393939394
GC_00001126	16	16	1	0	0.989663023679417	1.0	0.99480465978532	0.934426229508197	1.0	0.984562841530055
GC_00001127	16	16	1	0	0.992263056092843	0.905142165759226	0.946702497970428	0.741379310344828	1.0	0.896551724137931
GC_00001128	16	16	1	0	0.999271402550091	1.0	0.99963556851312	0.998178506375228	1.0	0.999271402550091
GC_00001129	16	16	1	0	0.995238095238095	1.0	0.997613365155131	0.988095238095238	1.0	0.995238095238095
GC_00001130	16	16	1	0	0.991358024691358	1.0	0.995660260384377	0.975308641975309	1.0	0.991358024691358
GC_00001131	16	16	1	0	0.996422902494331	1.0	0.998208246608872	0.991836734693878	1.0	0.995425170068027
GC_00001132	16	16	1	0	0.99702380952381	1.0	0.998509687034277	0.974489795918367	1.0	0.994897959183673
GC_00001133	16	16	1	0	0.998476190476191	1.0	0.999237514296607	0.994285714285714	1.0	0.99747619047619
GC_00001134	16	16	1	0	0.998606713109563	0.948096598458678	0.972696375735311	0.408450704225352	1.0	0.923943661971831
GC_00001135	16	16	1	0	0.99900821762539	0.941475850494937	0.969389160975037	0.920212765957447	1.0	0.95811170212766
GC_00001136	16	16	1	0	0.989027777777778	1.0	0.99448362544515	0.966666666666667	1.0	0.989027777777778
GC_00001137	16	16	1	0	0.995466155810983	1.0	0.997727927293673	0.96551724137931	1.0	0.98639846743295
GC_00001138	16	16	1	0	0.994197530864197	1.0	0.997090323778865	0.977777777777778	1.0	0.992222222222222
GC_00001139	16	16	1	0	0.996636443404504	0.608305951077035	0.755491139953415	0.22289156626506	1.0	0.639407630522088
GC_00001140	16	16	1	0	0.997244094488189	1.0	0.998620145870294	0.990157480314961	1.0	0.997244094488189
GC_00001141	16	16	1	0	0.997796143250689	1.0	0.998896856039713	0.995867768595041	1.0	0.997796143250689
GC_00001142	16	16	1	0	0.995293106026619	1.0	0.997641001234774	0.987886944818304	1.0	0.994021982951997
GC_00001143	16	16	1	0	0.995217647554096	0.96724859534457	0.98103381410218	0.83625730994152	1.0	0.958284600389863
GC_00001144	16	16	1	0	0.997046925566343	0.96831398225418	0.982470420722949	0.756440281030445	1.0	0.962295081967213
GC_00001145	15	16	2	0	0.981979988691398	0.784017204192363	0.871903090683285	0.126984126984127	1.0	0.742433862433862
GC_00001146	9	16	2	0	0.809101316542644	0.65489186806348	0.723874780586211	0.270096463022508	1.0	0.645337620578778
GC_00001147	16	16	1	0	0.99301771624237	0.987530019888175	0.990266265418104	0.931216931216931	1.0	0.979938271604938
GC_00001148	11	16	2	0	0.99107848952155	0.955801825293351	0.973120558141487	0.847457627118644	1.0	0.945550847457627
GC_00001149	16	16	1	0	0.982882609136028	0.93587905654065	0.958805114134941	0.16734693877551	1.0	0.877619047619048
GC_00001150	15	15	1	0	1.0	1.0	1.0	1.0	1.0	1.0
GC_00001151	15	15	1	0	0.947947617475514	0.814534551243412	0.876191658453955	0.316455696202532	1.0	0.715973477998794
GC_00001152	15	15	1	0	0.988261351052049	1.0	0.994096023170324	0.976744186046512	1.0	0.988261351052049
GC_00001153	15	15	1	0	0.985540584949063	0.849398023360286	0.912418781757898	0.707547169811321	1.0	0.84743935309973
GC_00001154	14	15	2	0	0.982351575199319	0.767125305645229	0.861499526660862	0.0160427807486631	1.0	0.68026483320601
GC_00001155	14	15	2	0	0.940314415134559	0.813618157543391	0.8723903003696	0.0930232558139535	1.0	0.876677740863787
GC_00001156	15	15	1	0	0.996831758755606	1.0	0.998413365958097	0.98997995991984	1.0	0.996144670292967
GC_00001157	15	15	1	0	0.99507886292252	0.673129336100909	0.803037384373479	0.468950749464668	1.0	0.71807892321811
GC_00001158	15	15	1	0	0.990402164618193	0.998931208705791	0.994648403001238	0.93574297188755	1.0	0.983629757123733
GC_00001159	9	15	2	0	0.791796066252588	0.664562912371676	0.722621699068076	0.0595238095238095	1.0	0.579138321995465
GC_00001160	14	14	1	0	0.99697656840514	1.0	0.998485995457986	0.968253968253968	1.0	0.99546485260771
GC_00001161	14	14	1	0	1.0	0.952014652014653	0.975417526740477	0.67	1.0	0.951648351648352
GC_00001162	14	14	1	0	0.995531135531135	1.0	0.997760563897353	0.98	1.0	0.995531135531135
GC_00001163	14	14	1	0	0.957583671890114	0.895103214773895	0.92528989036805	0.436260623229462	1.0	0.815490458549949
GC_00001164	14	14	1	0	0.988720073664825	0.877903875785231	0.930022552204732	0.27683615819209	1.0	0.806605823554976
GC_00001165	14	14	1	0	0.997906855049712	1.0	0.998952331063384	0.988095238095238	1.0	0.993720565149137
GC_00001166	14	14	1	0	0.954697425610164	0.68140135407819	0.795223523936179	0.223300970873786	1.0	0.609801202034212
GC_00001167	14	14	1	0	0.987071751777634	1.0	0.993493819128172	0.970588235294118	1.0	0.984486102133161
GC_00001168	14	14	1	0	0.992811266277768	0.997296820826233	0.995048988500032	0.978609625668449	1.0	0.990480108127167
GC_00001169	14	14	1	0	0.99726726179632	0.731084348394046	0.843678429743556	0.554744525547445	1.0	0.815994224753349
GC_00001170	12	14	2	0	0.809620069455243	0.808832360951005	0.809226023512384	0.0945945945945946	1.0	0.570723195723196
GC_00001171	13	13	1	0	0.997347480106101	1.0	0.99867197875166	0.982758620689655	1.0	0.997347480106101
GC_00001172	13	13	1	0	0.981598751835536	0.861217086442599	0.91747596211391	0.219101123595506	1.0	0.784680207433016
GC_00001173	13	13	1	0	0.995666666666667	0.999000999000999	0.997331045960534	0.980519480519481	1.0	0.994671994671994
GC_00001174	13	13	1	0	0.998994469582705	1.0	0.999496981891348	0.994117647058824	1.0	0.996983408748115
GC_00001175	12	12	1	0	1.0	1.0	1.0	1.0	1.0	1.0
GC_00001176	12	12	1	0	0.998368013055896	0.958944811057486	0.978259390988658	0.699300699300699	1.0	0.94988344988345
GC_00001177	12	12	1	0	0.99812734082397	1.0	0.999062792877226	0.98876404494382	1.0	0.99812734082397
GC_00001178	12	12	1	0	0.959189378057303	0.998244640123402	0.978327388423478	0.828729281767956	1.0	0.948099782353926
GC_00001179	12	12	1	0	0.978398442253864	0.917094017094017	0.946754869216228	0.769230769230769	1.0	0.954045954045954
GC_00001180	12	12	1	0	0.962720050842072	0.948463926685881	0.955538818300445	0.769047619047619	1.0	0.930339105339105
GC_00001181	12	12	1	0	0.988993710691824	1.0	0.994466403162055	0.943396226415094	1.0	0.984133790737564
GC_00001182	11	12	2	0	0.994654088050314	0.873674526373177	0.930247422828934	0.0172413793103448	1.0	0.826541274817137
GC_00001183	12	12	1	0	0.957912457912458	1.0	0.978503869303525	0.843333333333333	1.0	0.948080808080808
GC_00001184	12	12	1	0	0.975949975949976	1.0	0.987828627069133	0.928571428571429	1.0	0.973304473304473
GC_00001185	11	12	2	0	0.973980815347722	0.863952092232353	0.915672993005787	0.379421221864952	1.0	0.797037903147228
GC_00001186	12	12	1	0	0.99198885405782	1.0	0.995978317887743	0.96551724137931	1.0	0.986415882967607
GC_00001187	12	12	1	0	0.891450211348387	0.995106634290911	0.940430733909009	0.554179566563467	1.0	0.864152359508397
GC_00001188	12	12	1	0	0.911298327160046	0.906288873961287	0.908786697282151	0.543103448275862	1.0	0.846656217345873
GC_00001189	12	12	1	0	0.988888888888889	0.970293539421057	0.979502966369357	0.94	1.0	0.970909090909091
GC_00001190	12	12	1	0	0.995925642984467	1.0	0.997958662924215	0.991596638655462	1.0	0.995925642984467
GC_00001191	12	12	1	0	0.987761046043255	1.0	0.993842844449987	0.975460122699387	1.0	0.987079382784904
GC_00001192	12	12	1	0	0.99146807884672	1.0	0.995715763037376	0.970873786407767	1.0	0.99146807884672
GC_00001193	11	11	1	0	0.998777173913043	0.916058985577703	0.955631425924479	0.279220779220779	1.0	0.86788665879575
GC_00001194	11	11	1	0	1.0	1.0	1.0	1.0	1.0	1.0
GC_00001195	11	11	1	0	1.0	1.0	1.0	1.0	1.0	1.0
GC_00001196	11	11	1	0	0.993620414673046	1.0	0.9968	0.957894736842105	1.0	0.992344497607656
GC_00001197	11	11	1	0	0.997077922077922	1.0	0.998536823280767	0.991071428571429	1.0	0.997077922077922
GC_00001198	11	11	1	0	0.996488562505276	1.0	0.998241193282711	0.986072423398329	1.0	0.994327677893137
GC_00001199	11	11	1	0	0.982843137254902	0.726126721763085	0.835203337842761	0.54	1.0	0.799272727272727
GC_00001200	11	11	1	0	0.997404298386617	1.0	0.998700462587629	0.990176817288802	1.0	0.996499374888373
GC_00001201	11	11	1	0	0.996386222473179	1.0	0.998189840479692	0.987577639751553	1.0	0.994579333709768
GC_00001202	11	11	1	0	0.998889104178777	0.915678659671267	0.955475646613148	0.268022181146026	1.0	0.865568811964376
GC_00001203	11	11	1	0	0.987734316173265	0.910067246469713	0.947311528304979	0.47093023255814	1.0	0.890116279069768
GC_00001204	11	11	1	0	0.998541476754786	0.935637453711867	0.966066572249473	0.897196261682243	1.0	0.944944774851317
GC_00001205	11	11	1	0	0.993642476639595	1.0	0.996811101571671	0.979827089337176	1.0	0.991197275347131
GC_00001206	9	11	2	0	0.985878489326765	0.759235288260479	0.857839470007154	0.0180722891566265	1.0	0.67513691128149
GC_00001207	10	10	1	0	1.0	1.0	1.0	1.0	1.0	1.0
GC_00001208	10	10	1	0	1.0	1.0	1.0	1.0	1.0	1.0
GC_00001209	10	10	1	0	1.0	0.946808510638298	0.972677595628415	0.6875	1.0	0.9375
GC_00001210	10	10	1	0	0.881047444336535	0.997262903845103	0.935559912785395	0.520581113801453	1.0	0.830185633575464
GC_00001211	10	10	1	0	0.992065204362939	1.0	0.996016799239461	0.97411003236246	1.0	0.991298094210715
GC_00001212	9	10	2	0	0.976166526962839	0.866474841122671	0.918055733480248	0.0555555555555556	1.0	0.764847303443795
GC_00001213	10	10	1	0	0.995295574125658	1.0	0.997642241111869	0.983286908077994	1.0	0.992324357783968
GC_00001214	5	10	2	0	0.931891025641026	0.983451536643026	0.956977283538898	0.829787234042553	1.0	0.905437352245863
GC_00001215	10	10	1	0	0.997585570231501	0.88485130291582	0.937842754974852	0.338709677419355	1.0	0.856750298685782
GC_00001216	8	10	2	0	0.970885931991357	0.584723051409618	0.729874140329938	0.129353233830846	1.0	0.585185185185185
GC_00001217	9	9	1	0	1.0	1.0	1.0	1.0	1.0	1.0
GC_00001218	9	9	1	0	1.0	1.0	1.0	1.0	1.0	1.0
GC_00001219	9	9	1	0	0.997709049255441	1.0	0.998853211009174	0.989690721649485	1.0	0.997709049255441
GC_00001220	9	9	1	0	0.999539912583391	1.0	0.999769903359411	0.993788819875776	1.0	0.998619737750172
GC_00001221	9	9	1	0	0.999756335282651	1.0	0.999878152796393	0.996710526315789	1.0	0.999269005847953
GC_00001222	9	9	1	0	1.0	0.986678004535148	0.993294335853902	0.938775510204082	1.0	0.986394557823129
GC_00001223	9	9	1	0	0.99528672427337	0.965313370401431	0.98007093331645	0.795918367346939	1.0	0.954648526077097
GC_00001224	9	9	1	0	0.997842502696872	1.0	0.998920086393088	0.990291262135922	1.0	0.997842502696872
GC_00001225	9	9	1	0	0.997391757955138	1.0	0.998694176025072	0.97887323943662	1.0	0.995305164319249
GC_00001226	9	9	1	0	0.994914317302377	1.0	0.997450676125028	0.973134328358209	1.0	0.994029850746268
GC_00001227	9	9	1	0	0.999359590137688	1.0	0.999679692504805	0.997118155619596	1.0	0.999359590137688
GC_00001228	9	9	1	0	0.997780859916782	0.948320355395827	0.97242208394741	0.830188679245283	1.0	0.94392033542977
GC_00001229	9	9	1	0	0.997392837972548	1.0	0.998694717444717	0.981366459627329	1.0	0.995859213250518
GC_00001230	9	9	1	0	0.996618357487923	1.0	0.998306315025405	0.991304347826087	1.0	0.996618357487923
GC_00001231	9	9	1	0	0.999631734006734	1.0	0.999815833092162	0.997159090909091	1.0	0.998895202020202
GC_00001232	9	9	1	0	0.999573586744639	1.0	0.99978674790556	0.996710526315789	1.0	0.998720760233918
GC_00001233	9	9	1	0	0.979829545454545	0.909443054397183	0.943325145007363	0.409090909090909	1.0	0.866919191919192
GC_00001234	9	9	1	0	0.985208663497095	0.798395445134576	0.88201872336642	0.7	1.0	0.853174603174603
GC_00001235	9	9	1	0	0.996693121693122	1.0	0.998343822457767	0.986607142857143	1.0	0.994543650793651
GC_00001236	9	9	1	0	0.998154300479882	1.0	0.999076297801589	0.996677740863787	1.0	0.998154300479882
GC_00001237	5	9	2	0	0.835024971806025	0.596904885196239	0.696166062177556	0.247787610619469	1.0	0.555883316945264
GC_00001238	9	9	1	0	0.945210141228518	0.823458368854788	0.880143674955098	0.681159420289855	1.0	0.85829307568438
GC_00001239	9	9	1	0	0.995225530845584	0.950779438606878	0.972494917904383	0.935622317596567	1.0	0.96757272293753
GC_00001240	9	9	1	0	0.997468171296296	1.0	0.998732481077753	0.994140625	1.0	0.996744791666667
GC_00001241	9	9	1	0	0.990564709195888	1.0	0.995259992925363	0.977186311787072	1.0	0.988170680185889
GC_00001242	9	9	1	0	0.997076023391813	1.0	0.998535871156662	0.989473684210526	1.0	0.9953216374269
GC_00001243	9	9	1	0	1.0	0.711145310837513	0.831192191958783	0.406976744186047	1.0	0.675064599483204
GC_00001244	8	8	1	0	1.0	1.0	1.0	1.0	1.0	1.0
GC_00001245	8	8	1	0	1.0	1.0	1.0	1.0	1.0	1.0
GC_00001246	8	8	1	0	1.0	1.0	1.0	1.0	1.0	1.0
GC_00001247	8	8	1	0	1.0	1.0	1.0	1.0	1.0	1.0
GC_00001248	8	8	1	0	1.0	1.0	1.0	1.0	1.0	1.0
GC_00001249	8	8	1	0	1.0	1.0	1.0	1.0	1.0	1.0
GC_00001250	8	8	1	0	1.0	1.0	1.0	1.0	1.0	1.0
GC_00001251	8	8	1	0	1.0	1.0	1.0	1.0	1.0	1.0
GC_00001252	8	8	1	0	1.0	1.0	1.0	1.0	1.0	1.0
GC_00001253	8	8	1	0	1.0	1.0	1.0	1.0	1.0	1.0
GC_00001254	8	8	1	0	1.0	1.0	1.0	1.0	1.0	1.0
GC_00001255	8	8	1	0	1.0	1.0	1.0	1.0	1.0	1.0
GC_00001256	8	8	1	0	0.99	0.870101880877743	0.926186754526036	0.818181818181818	1.0	0.954545454545454
GC_00001257	8	8	1	0	0.999037999037999	1.0	0.999518768046198	0.993265993265993	1.0	0.997113997113997
GC_00001258	8	8	1	0	0.96777950310559	0.722341712595781	0.827239486959856	0.491329479768786	1.0	0.86374896779521
GC_00001259	8	8	1	0	0.999423797176606	0.614320848449194	0.760921967060972	0.340425531914894	1.0	0.67629179331307
GC_00001260	4	8	4	0	0.63392074346835	0.646282622535116	0.640041998713237	0.0171149144254279	0.917481662591687	0.506658225637443
GC_00001261	7	7	1	0	0.994513031550069	0.666997590197877	0.798475540007605	0.190217391304348	1.0	0.654761904761905
GC_00001262	7	7	1	0	0.991300366300366	1.0	0.995631179581513	0.985576923076923	1.0	0.991300366300367
GC_00001263	7	7	1	0	0.995947315096251	1.0	0.997969543147208	0.99290780141844	1.0	0.995947315096251
GC_00001264	7	7	1	0	0.965098917506532	0.816824670371581	0.884792827852914	0.31304347826087	1.0	0.723809523809524
GC_00001265	7	7	1	0	0.992979569450158	0.992859374302678	0.992919468238944	0.972555746140652	1.0	0.985624438454627
GC_00001266	5	7	3	0	0.796277145811789	0.682991796581364	0.73529666284325	0.265957446808511	1.0	0.666160081053698
GC_00001267	7	7	1	0	0.996086105675147	0.986565282483652	0.991302834267839	0.97972972972973	1.0	0.992277992277992
GC_00001268	7	7	1	0	0.994404476418865	0.849164724164724	0.916063473678222	0.756944444444444	1.0	0.873015873015873
GC_00001269	4	7	2	0	0.664465786314526	0.665499034381931	0.664982008983639	0.0385852090032154	1.0	0.562547848721482
GC_00001270	6	6	1	0	1.0	1.0	1.0	1.0	1.0	1.0
GC_00001271	6	6	1	0	1.0	1.0	1.0	1.0	1.0	1.0
GC_00001272	6	6	1	0	1.0	1.0	1.0	1.0	1.0	1.0
GC_00001273	6	6	1	0	1.0	1.0	1.0	1.0	1.0	1.0
GC_00001274	6	6	1	0	1.0	1.0	1.0	1.0	1.0	1.0
GC_00001275	6	6	1	0	1.0	1.0	1.0	1.0	1.0	1.0
GC_00001276	6	6	1	0	0.96640826873385	0.74492001729356	0.841331111202504	0.147286821705426	1.0	0.715762273901809
GC_00001277	5	6	2	0	0.98340108401084	0.67836324296805	0.802885388327828	0.0123456790123457	1.0	0.653772290809328
GC_00001278	6	6	1	0	1.0	0.980188323917137	0.989995054589721	0.966666666666667	1.0	0.982222222222222
GC_00001279	6	6	1	0	0.988567345480529	0.785449320794148	0.875380220296906	0.488636363636364	1.0	0.727272727272727
GC_00001280	6	6	1	0	0.936599423631124	0.89709193803427	0.916420079924383	0.407547169811321	1.0	0.80251572327044
GC_00001281	6	6	1	0	0.975432719151312	0.819836284028175	0.890891709679408	0.572815533980582	1.0	0.772168284789644
GC_00001282	6	6	1	0	0.981083562901745	1.0	0.990451469361268	0.950413223140496	1.0	0.975206611570248
GC_00001283	6	6	1	0	0.991769547325103	1.0	0.995867768595041	0.975308641975309	1.0	0.991769547325103
GC_00001284	6	6	1	0	0.992745638200184	0.758746470397631	0.860114921773816	0.381578947368421	1.0	0.670701754385965
GC_00001285	6	6	1	0	0.997063142437592	1.0	0.998529411764706	0.991189427312775	1.0	0.997063142437592
GC_00001286	5	6	2	0	0.993128834355828	0.759308718234328	0.860619976034759	0.0376884422110553	1.0	0.675879396984925
GC_00001287	4	6	2	0	0.941002949852507	0.619358644358645	0.747029808373079	0.357142857142857	1.0	0.616666666666667
GC_00001288	6	6	1	0	0.99731142643764	0.787153296288397	0.879857098600649	0.463375796178344	1.0	0.735562632696391
GC_00001289	6	6	1	0	0.987711213517665	0.783650607128869	0.873927035255393	0.454054054054054	1.0	0.725045045045045
GC_00001290	4	6	2	0	0.793357933579336	0.646072623553288	0.712180020112204	0.099273607748184	1.0	0.487651331719128
GC_00001291	3	6	3	0	0.780621572212066	0.597411851550553	0.676837833936092	0.177852348993289	1.0	0.452348993288591
GC_00001292	5	5	1	0	1.0	1.0	1.0	1.0	1.0	1.0
GC_00001293	5	5	1	0	1.0	1.0	1.0	1.0	1.0	1.0
GC_00001294	5	5	1	0	1.0	1.0	1.0	1.0	1.0	1.0
GC_00001295	5	5	1	0	1.0	1.0	1.0	1.0	1.0	1.0
GC_00001296	5	5	1	0	1.0	1.0	1.0	1.0	1.0	1.0
GC_00001297	5	5	1	0	1.0	1.0	1.0	1.0	1.0	1.0
GC_00001298	5	5	1	0	1.0	1.0	1.0	1.0	1.0	1.0
GC_00001299	5	5	1	0	1.0	1.0	1.0	1.0	1.0	1.0
GC_00001300	5	5	1	0	1.0	1.0	1.0	1.0	1.0	1.0
GC_00001301	1	5	5	0	1.0	1.0	1.0	1.0	1.0	1.0
GC_00001302	5	5	1	0	0.996428571428571	1.0	0.998211091234347	0.991071428571429	1.0	0.996428571428572
GC_00001303	5	5	1	0	0.997814207650273	1.0	0.99890590809628	0.994535519125683	1.0	0.997814207650273
GC_00001304	5	5	1	0	0.998792756539235	1.0	0.999396013690356	0.996981891348089	1.0	0.998792756539235
GC_00001305	5	5	1	0	1.0	0.814696586599241	0.897887385269171	0.274336283185841	1.0	0.709734513274336
GC_00001306	5	5	1	0	0.997644287396938	0.837747336377474	0.910730803816409	0.424657534246575	1.0	0.76986301369863
GC_00001307	5	5	1	0	0.993417115499701	0.890603174603175	0.939204786080995	0.817460317460317	1.0	0.906349206349206
GC_00001308	5	5	1	0	0.999557443795362	0.945952821752877	0.972016649005825	0.93734335839599	1.0	0.964661654135338
GC_00001309	5	5	1	0	0.934021263289556	0.783307453416148	0.852050990665701	0.093167701863354	1.0	0.605590062111801
GC_00001310	4	4	1	0	1.0	1.0	1.0	1.0	1.0	1.0
GC_00001311	4	4	1	0	1.0	1.0	1.0	1.0	1.0	1.0
GC_00001312	1	4	4	0	1.0	1.0	1.0	1.0	1.0	1.0
GC_00001313	4	4	1	0	1.0	1.0	1.0	1.0	1.0	1.0
GC_00001314	4	4	1	0	1.0	1.0	1.0	1.0	1.0	1.0
GC_00001315	4	4	1	0	1.0	1.0	1.0	1.0	1.0	1.0
GC_00001316	4	4	1	0	1.0	1.0	1.0	1.0	1.0	1.0
GC_00001317	4	4	1	0	1.0	1.0	1.0	1.0	1.0	1.0
GC_00001318	4	4	1	0	1.0	1.0	1.0	1.0	1.0	1.0
GC_00001319	4	4	1	0	1.0	1.0	1.0	1.0	1.0	1.0
GC_00001320	4	4	1	0	1.0	1.0	1.0	1.0	1.0	1.0
GC_00001321	4	4	1	0	1.0	0.940705128205129	0.969446738232866	0.875	1.0	0.9375
GC_00001322	4	4	1	0	0.993827160493827	1.0	0.996904024767802	0.987654320987654	1.0	0.993827160493827
GC_00001323	4	4	1	0	0.995341614906832	1.0	0.997665369649805	0.990683229813665	1.0	0.995341614906832
GC_00001324	4	4	1	0	1.0	0.655529264337311	0.791927123800752	0.256302521008403	1.0	0.51015406162465
GC_00001325	4	4	1	0	0.995714285714286	1.0	0.997852541159628	0.988571428571429	1.0	0.993809523809524
GC_00001326	4	4	1	0	0.993265993265993	0.923286604361371	0.956998714551834	0.824074074074074	1.0	0.910493827160494
GC_00001327	4	4	1	0	0.988505747126437	0.88186090225564	0.932142978847277	0.85	1.0	0.921666666666667
GC_00001328	4	4	1	0	0.991963260619977	0.760368947342496	0.86086194940976	0.5	1.0	0.726072607260726
GC_00001329	4	4	1	0	0.804301075268817	0.607048092868989	0.691890348408438	0.199004975124378	1.0	0.480099502487562
GC_00001330	4	4	1	0	0.931767337807606	0.990083056478408	0.960040444860987	0.843853820598007	1.0	0.916389811738649
GC_00001331	4	4	1	0	0.951165371809101	0.775367673694125	0.854316554854092	0.427906976744186	1.0	0.67984496124031
GC_00001332	2	4	2	0	0.691414141414141	0.667049720370796	0.679013439613651	0.0174672489082969	0.637554585152838	0.305676855895196
GC_00001333	3	3	1	0	0.944444444444444	0.732650209594783	0.825173962013793	0.394736842105263	1.0	0.596491228070175
GC_00001334	3	3	1	0	1.0	1.0	1.0	1.0	1.0	1.0
GC_00001335	3	3	1	0	1.0	1.0	1.0	1.0	1.0	1.0
GC_00001336	3	3	1	0	1.0	1.0	1.0	1.0	1.0	1.0
GC_00001337	3	3	1	0	0.991769547325103	1.0	0.995867768595041	0.987654320987654	1.0	0.991769547325103
GC_00001338	3	3	1	0	0.900184842883549	0.679724911078088	0.774573434651661	0.103359173126615	1.0	0.402239448751077
GC_00001339	3	3	1	0	1.0	0.695733104238259	0.820569112555941	0.298969072164948	1.0	0.532646048109966
GC_00001340	3	3	1	0	0.999131944444444	1.0	0.999565783760313	0.99609375	1.0	0.997395833333333
GC_00001341	3	3	1	0	1.0	0.752713957865962	0.858912493379625	0.508960573476703	1.0	0.672640382317802
GC_00001342	3	3	1	0	0.943589743589744	0.909429824561404	0.926194919600293	0.770833333333333	0.989583333333333	0.847222222222222
GC_00001343	2	3	2	0	1.0	0.506399230612736	0.672330707984703	0.00371747211895911	0.594795539033457	0.335811648079306
GC_00001344	3	3	1	0	0.994124762398479	1.0	0.997053726169844	0.990668740279938	0.995334370139969	0.992742353551063
GC_00001345	3	3	1	0	0.755064456721915	0.642052072627612	0.693987493844135	0.228571428571429	0.992857142857143	0.483333333333333
GC_00001346	2	2	1	0	1.0	1.0	1.0	1.0	1.0	1.0
GC_00001347	2	2	1	0	1.0	1.0	1.0	1.0	1.0	1.0
GC_00001348	2	2	1	0	1.0	1.0	1.0	1.0	1.0	1.0
GC_00001349	2	2	1	0	1.0	1.0	1.0	1.0	1.0	1.0
GC_00001350	2	2	1	0	1.0	1.0	1.0	1.0	1.0	1.0
GC_00001351	2	2	1	0	1.0	1.0	1.0	1.0	1.0	1.0
GC_00001352	2	2	1	0	1.0	1.0	1.0	1.0	1.0	1.0
GC_00001353	2	2	1	0	1.0	1.0	1.0	1.0	1.0	1.0
GC_00001354	2	2	1	0	1.0	1.0	1.0	1.0	1.0	1.0
GC_00001355	2	2	1	0	1.0	1.0	1.0	1.0	1.0	1.0
GC_00001356	2	2	1	0	1.0	1.0	1.0	1.0	1.0	1.0
GC_00001357	2	2	1	0	1.0	1.0	1.0	1.0	1.0	1.0
GC_00001358	2	2	1	0	1.0	1.0	1.0	1.0	1.0	1.0
GC_00001359	2	2	1	0	1.0	1.0	1.0	1.0	1.0	1.0
GC_00001360	2	2	1	0	1.0	1.0	1.0	1.0	1.0	1.0
GC_00001361	2	2	1	0	1.0	1.0	1.0	1.0	1.0	1.0
GC_00001362	2	2	1	0	1.0	1.0	1.0	1.0	1.0	1.0
GC_00001363	2	2	1	0	1.0	1.0	1.0	1.0	1.0	1.0
GC_00001364	2	2	1	0	1.0	1.0	1.0	1.0	1.0	1.0
GC_00001365	2	2	1	0	1.0	1.0	1.0	1.0	1.0	1.0
GC_00001366	2	2	1	0	1.0	1.0	1.0	1.0	1.0	1.0
GC_00001367	2	2	1	0	1.0	1.0	1.0	1.0	1.0	1.0
GC_00001368	2	2	1	0	1.0	1.0	1.0	1.0	1.0	1.0
GC_00001369	2	2	1	0	1.0	1.0	1.0	1.0	1.0	1.0
GC_00001370	2	2	1	0	1.0	1.0	1.0	1.0	1.0	1.0
GC_00001371	2	2	1	0	0.99825479930192	1.0	0.999126637554585	0.99825479930192	0.99825479930192	0.99825479930192
GC_00001372	2	2	1	0	0.80168776371308	0.981482919254657	0.882521066744218	0.745341614906832	0.745341614906832	0.745341614906832
GC_00001373	2	2	1	0	0.976190476190476	1.0	0.987951807228916	0.976190476190476	0.976190476190476	0.976190476190476
GC_00001374	2	2	1	0	0.998284734133791	1.0	0.999141630901288	0.998284734133791	0.998284734133791	0.998284734133791
GC_00001375	2	2	1	0	0.98062015503876	0.966675178753831	0.973597735496519	0.932584269662921	0.932584269662921	0.932584269662921
GC_00001376	2	2	1	0	1.0	0.925101214574899	0.961093585699264	0.923076923076923	0.923076923076923	0.923076923076923
GC_00001377	2	2	1	0	0.792114695340502	0.969185540069686	0.871749283133353	0.704861111111111	0.704861111111111	0.704861111111111
GC_00001378	2	2	1	0	0.948148148148148	0.904081632653061	0.925590695776372	0.84	0.84	0.84
GC_00001379	2	2	1	0	0.990476190476191	1.0	0.995215311004785	0.990476190476191	0.990476190476191	0.990476190476191
GC_00001380	2	2	1	0	0.910628019323672	0.95906177156177	0.93421756454342	0.854166666666667	0.854166666666667	0.854166666666667
GC_00001381	2	2	1	0	0.66887417218543	0.980646804176216	0.795296730080317	0.551948051948052	0.551948051948052	0.551948051948052
GC_00001382	2	2	1	0	0.998569384835479	1.0	0.999284180386543	0.995708154506438	0.995708154506438	0.995708154506438
GC_00001383	2	2	1	0	1.0	0.928658536585365	0.963009800822004	0.926829268292683	0.926829268292683	0.926829268292683
GC_00001384	2	2	1	0	0.992613111726685	1.0	0.996292863762743	0.988919667590028	0.988919667590028	0.988919667590028
GC_00001385	2	2	1	0	0.76056338028169	0.796822742474917	0.778270962668341	0.565217391304348	0.565217391304348	0.565217391304348
GC_00001386	2	2	1	0	0.995983935742972	0.596797132779611	0.746367933287035	0.436170212765957	0.436170212765957	0.436170212765957
GC_00001387	2	2	1	0	1.0	0.987080627705626	0.993498315008339	0.987012987012987	0.987012987012987	0.987012987012987
GC_00001388	2	2	1	0	0.980535279805353	1.0	0.99017199017199	0.970802919708029	0.970802919708029	0.970802919708029
GC_00001389	2	2	1	0	0.918918918918919	1.0	0.957746478873239	0.918918918918919	0.918918918918919	0.918918918918919
GC_00001390	2	2	1	0	0.994851994851995	1.0	0.99741935483871	0.992277992277992	0.992277992277992	0.992277992277992
GC_00001391	1	1	1	0	1.0	1.0	1.0	0.0	0.0	0.0
GC_00001392	1	1	1	0	1.0	1.0	1.0	0.0	0.0	0.0
GC_00001393	1	1	1	0	1.0	1.0	1.0	0.0	0.0	0.0
GC_00001394	1	1	1	0	1.0	1.0	1.0	0.0	0.0	0.0
GC_00001395	1	1	1	0	1.0	1.0	1.0	0.0	0.0	0.0
GC_00001396	1	1	1	0	1.0	1.0	1.0	0.0	0.0	0.0
GC_00001397	1	1	1	0	1.0	1.0	1.0	0.0	0.0	0.0
GC_00001398	1	1	1	0	1.0	1.0	1.0	0.0	0.0	0.0
GC_00001399	1	1	1	0	1.0	1.0	1.0	0.0	0.0	0.0
GC_00001400	1	1	1	0	1.0	1.0	1.0	0.0	0.0	0.0
GC_00001401	1	1	1	0	1.0	1.0	1.0	0.0	0.0	0.0
GC_00001402	1	1	1	0	1.0	1.0	1.0	0.0	0.0	0.0
GC_00001403	1	1	1	0	1.0	1.0	1.0	0.0	0.0	0.0
GC_00001404	1	1	1	0	1.0	1.0	1.0	0.0	0.0	0.0
GC_00001405	1	1	1	0	1.0	1.0	1.0	0.0	0.0	0.0
GC_00001406	1	1	1	0	1.0	1.0	1.0	0.0	0.0	0.0
GC_00001407	1	1	1	0	1.0	1.0	1.0	0.0	0.0	0.0
GC_00001408	1	1	1	0	1.0	1.0	1.0	0.0	0.0	0.0
GC_00001409	1	1	1	0	1.0	1.0	1.0	0.0	0.0	0.0
GC_00001410	1	1	1	0	1.0	1.0	1.0	0.0	0.0	0.0
GC_00001411	1	1	1	0	1.0	1.0	1.0	0.0	0.0	0.0
GC_00001412	1	1	1	0	1.0	1.0	1.0	0.0	0.0	0.0
GC_00001413	1	1	1	0	1.0	1.0	1.0	0.0	0.0	0.0
GC_00001414	1	1	1	0	1.0	1.0	1.0	0.0	0.0	0.0
GC_00001415	1	1	1	0	1.0	1.0	1.0	0.0	0.0	0.0
GC_00001416	1	1	1	0	1.0	1.0	1.0	0.0	0.0	0.0
GC_00001417	1	1	1	0	1.0	1.0	1.0	0.0	0.0	0.0
GC_00001418	1	1	1	0	1.0	1.0	1.0	0.0	0.0	0.0
GC_00001419	1	1	1	0	1.0	1.0	1.0	0.0	0.0	0.0
GC_00001420	1	1	1	0	1.0	1.0	1.0	0.0	0.0	0.0
GC_00001421	1	1	1	0	1.0	1.0	1.0	0.0	0.0	0.0
GC_00001422	1	1	1	0	1.0	1.0	1.0	0.0	0.0	0.0
GC_00001423	1	1	1	0	1.0	1.0	1.0	0.0	0.0	0.0
GC_00001424	1	1	1	0	1.0	1.0	1.0	0.0	0.0	0.0
GC_00001425	1	1	1	0	1.0	1.0	1.0	0.0	0.0	0.0
GC_00001426	1	1	1	0	1.0	1.0	1.0	0.0	0.0	0.0
GC_00001427	1	1	1	0	1.0	1.0	1.0	0.0	0.0	0.0
GC_00001428	1	1	1	0	1.0	1.0	1.0	0.0	0.0	0.0
GC_00001429	1	1	1	0	1.0	1.0	1.0	0.0	0.0	0.0
GC_00001430	1	1	1	0	1.0	1.0	1.0	0.0	0.0	0.0
GC_00001431	1	1	1	0	1.0	1.0	1.0	0.0	0.0	0.0
GC_00001432	1	1	1	0	1.0	1.0	1.0	0.0	0.0	0.0
GC_00001433	1	1	1	0	1.0	1.0	1.0	0.0	0.0	0.0
GC_00001434	1	1	1	0	1.0	1.0	1.0	0.0	0.0	0.0
GC_00001435	1	1	1	0	1.0	1.0	1.0	0.0	0.0	0.0
GC_00001436	1	1	1	0	1.0	1.0	1.0	0.0	0.0	0.0
GC_00001437	1	1	1	0	1.0	1.0	1.0	0.0	0.0	0.0
GC_00001438	1	1	1	0	1.0	1.0	1.0	0.0	0.0	0.0
GC_00001439	1	1	1	0	1.0	1.0	1.0	0.0	0.0	0.0
GC_00001440	1	1	1	0	1.0	1.0	1.0	0.0	0.0	0.0
GC_00001441	1	1	1	0	1.0	1.0	1.0	0.0	0.0	0.0
GC_00001442	1	1	1	0	1.0	1.0	1.0	0.0	0.0	0.0
GC_00001443	1	1	1	0	1.0	1.0	1.0	0.0	0.0	0.0
GC_00001444	1	1	1	0	1.0	1.0	1.0	0.0	0.0	0.0
GC_00001445	1	1	1	0	1.0	1.0	1.0	0.0	0.0	0.0
GC_00001446	1	1	1	0	1.0	1.0	1.0	0.0	0.0	0.0
GC_00001447	1	1	1	0	1.0	1.0	1.0	0.0	0.0	0.0
GC_00001448	1	1	1	0	1.0	1.0	1.0	0.0	0.0	0.0
GC_00001449	1	1	1	0	1.0	1.0	1.0	0.0	0.0	0.0
GC_00001450	1	1	1	0	1.0	1.0	1.0	0.0	0.0	0.0
GC_00001451	1	1	1	0	1.0	1.0	1.0	0.0	0.0	0.0
GC_00001452	1	1	1	0	1.0	1.0	1.0	0.0	0.0	0.0
GC_00001453	1	1	1	0	1.0	1.0	1.0	0.0	0.0	0.0
GC_00001454	1	1	1	0	1.0	1.0	1.0	0.0	0.0	0.0
GC_00001455	1	1	1	0	1.0	1.0	1.0	0.0	0.0	0.0
GC_00001456	1	1	1	0	1.0	1.0	1.0	0.0	0.0	0.0
GC_00001457	1	1	1	0	1.0	1.0	1.0	0.0	0.0	0.0
GC_00001458	1	1	1	0	1.0	1.0	1.0	0.0	0.0	0.0
GC_00001459	1	1	1	0	1.0	1.0	1.0	0.0	0.0	0.0
GC_00001460	1	1	1	0	1.0	1.0	1.0	0.0	0.0	0.0
GC_00001461	1	1	1	0	1.0	1.0	1.0	0.0	0.0	0.0
GC_00001462	1	1	1	0	1.0	1.0	1.0	0.0	0.0	0.0
GC_00001463	1	1	1	0	1.0	1.0	1.0	0.0	0.0	0.0
GC_00001464	1	1	1	0	1.0	1.0	1.0	0.0	0.0	0.0
GC_00001465	1	1	1	0	1.0	1.0	1.0	0.0	0.0	0.0
GC_00001466	1	1	1	0	1.0	1.0	1.0	0.0	0.0	0.0
GC_00001467	1	1	1	0	1.0	1.0	1.0	0.0	0.0	0.0
GC_00001468	1	1	1	0	1.0	1.0	1.0	0.0	0.0	0.0
GC_00001469	1	1	1	0	1.0	1.0	1.0	0.0	0.0	0.0
GC_00001470	1	1	1	0	1.0	1.0	1.0	0.0	0.0	0.0
GC_00001471	1	1	1	0	1.0	1.0	1.0	0.0	0.0	0.0
GC_00001472	1	1	1	0	1.0	1.0	1.0	0.0	0.0	0.0
GC_00001473	1	1	1	0	1.0	1.0	1.0	0.0	0.0	0.0
GC_00001474	1	1	1	0	1.0	1.0	1.0	0.0	0.0	0.0
GC_00001475	1	1	1	0	1.0	1.0	1.0	0.0	0.0	0.0
GC_00001476	1	1	1	0	1.0	1.0	1.0	0.0	0.0	0.0
GC_00001477	1	1	1	0	1.0	1.0	1.0	0.0	0.0	0.0
GC_00001478	1	1	1	0	1.0	1.0	1.0	0.0	0.0	0.0
GC_00001479	1	1	1	0	1.0	1.0	1.0	0.0	0.0	0.0
GC_00001480	1	1	1	0	1.0	1.0	1.0	0.0	0.0	0.0
GC_00001481	1	1	1	0	1.0	1.0	1.0	0.0	0.0	0.0
GC_00001482	1	1	1	0	1.0	1.0	1.0	0.0	0.0	0.0
GC_00001483	1	1	1	0	1.0	1.0	1.0	0.0	0.0	0.0
GC_00001484	1	1	1	0	1.0	1.0	1.0	0.0	0.0	0.0
GC_00001485	1	1	1	0	1.0	1.0	1.0	0.0	0.0	0.0
GC_00001486	1	1	1	0	1.0	1.0	1.0	0.0	0.0	0.0
GC_00001487	1	1	1	0	1.0	1.0	1.0	0.0	0.0	0.0
GC_00001488	1	1	1	0	1.0	1.0	1.0	0.0	0.0	0.0
GC_00001489	1	1	1	0	1.0	1.0	1.0	0.0	0.0	0.0
GC_00001490	1	1	1	0	1.0	1.0	1.0	0.0	0.0	0.0
GC_00001491	1	1	1	0	1.0	1.0	1.0	0.0	0.0	0.0
GC_00001492	1	1	1	0	1.0	1.0	1.0	0.0	0.0	0.0
GC_00001493	1	1	1	0	1.0	1.0	1.0	0.0	0.0	0.0
GC_00001494	1	1	1	0	1.0	1.0	1.0	0.0	0.0	0.0
GC_00001495	1	1	1	0	1.0	1.0	1.0	0.0	0.0	0.0
GC_00001496	1	1	1	0	1.0	1.0	1.0	0.0	0.0	0.0
GC_00001497	1	1	1	0	1.0	1.0	1.0	0.0	0.0	0.0
GC_00001498	1	1	1	0	1.0	1.0	1.0	0.0	0.0	0.0
GC_00001499	1	1	1	0	1.0	1.0	1.0	0.0	0.0	0.0
GC_00001500	1	1	1	0	1.0	1.0	1.0	0.0	0.0	0.0
GC_00001501	1	1	1	0	1.0	1.0	1.0	0.0	0.0	0.0
GC_00001502	1	1	1	0	1.0	1.0	1.0	0.0	0.0	0.0
GC_00001503	1	1	1	0	1.0	1.0	1.0	0.0	0.0	0.0
GC_00001504	1	1	1	0	1.0	1.0	1.0	0.0	0.0	0.0
GC_00001505	1	1	1	0	1.0	1.0	1.0	0.0	0.0	0.0
GC_00001506	1	1	1	0	1.0	1.0	1.0	0.0	0.0	0.0
GC_00001507	1	1	1	0	1.0	1.0	1.0	0.0	0.0	0.0
GC_00001508	1	1	1	0	1.0	1.0	1.0	0.0	0.0	0.0
GC_00001509	1	1	1	0	1.0	1.0	1.0	0.0	0.0	0.0
GC_00001510	1	1	1	0	1.0	1.0	1.0	0.0	0.0	0.0
GC_00001511	1	1	1	0	1.0	1.0	1.0	0.0	0.0	0.0
GC_00001512	1	1	1	0	1.0	1.0	1.0	0.0	0.0	0.0
GC_00001513	1	1	1	0	1.0	1.0	1.0	0.0	0.0	0.0
GC_00001514	1	1	1	0	1.0	1.0	1.0	0.0	0.0	0.0
GC_00001515	1	1	1	0	1.0	1.0	1.0	0.0	0.0	0.0
GC_00001516	1	1	1	0	1.0	1.0	1.0	0.0	0.0	0.0
GC_00001517	1	1	1	0	1.0	1.0	1.0	0.0	0.0	0.0
GC_00001518	1	1	1	0	1.0	1.0	1.0	0.0	0.0	0.0
GC_00001519	1	1	1	0	1.0	1.0	1.0	0.0	0.0	0.0
GC_00001520	1	1	1	0	1.0	1.0	1.0	0.0	0.0	0.0
GC_00001521	1	1	1	0	1.0	1.0	1.0	0.0	0.0	0.0
GC_00001522	1	1	1	0	1.0	1.0	1.0	0.0	0.0	0.0
GC_00001523	1	1	1	0	1.0	1.0	1.0	0.0	0.0	0.0
GC_00001524	1	1	1	0	1.0	1.0	1.0	0.0	0.0	0.0
GC_00001525	1	1	1	0	1.0	1.0	1.0	0.0	0.0	0.0
GC_00001526	1	1	1	0	1.0	1.0	1.0	0.0	0.0	0.0
GC_00001527	1	1	1	0	1.0	1.0	1.0	0.0	0.0	0.0
GC_00001528	1	1	1	0	1.0	1.0	1.0	0.0	0.0	0.0
GC_00001529	1	1	1	0	1.0	1.0	1.0	0.0	0.0	0.0
GC_00001530	1	1	1	0	1.0	1.0	1.0	0.0	0.0	0.0
GC_00001531	1	1	1	0	1.0	1.0	1.0	0.0	0.0	0.0
GC_00001532	1	1	1	0	1.0	1.0	1.0	0.0	0.0	0.0
GC_00001533	1	1	1	0	1.0	1.0	1.0	0.0	0.0	0.0
GC_00001534	1	1	1	0	1.0	1.0	1.0	0.0	0.0	0.0
GC_00001535	1	1	1	0	1.0	1.0	1.0	0.0	0.0	0.0
GC_00001536	1	1	1	0	1.0	1.0	1.0	0.0	0.0	0.0
GC_00001537	1	1	1	0	1.0	1.0	1.0	0.0	0.0	0.0
GC_00001538	1	1	1	0	1.0	1.0	1.0	0.0	0.0	0.0
GC_00001539	1	1	1	0	1.0	1.0	1.0	0.0	0.0	0.0
GC_00001540	1	1	1	0	1.0	1.0	1.0	0.0	0.0	0.0
GC_00001541	1	1	1	0	1.0	1.0	1.0	0.0	0.0	0.0
GC_00001542	1	1	1	0	1.0	1.0	1.0	0.0	0.0	0.0
GC_00001543	1	1	1	0	1.0	1.0	1.0	0.0	0.0	0.0
GC_00001544	1	1	1	0	1.0	1.0	1.0	0.0	0.0	0.0
GC_00001545	1	1	1	0	1.0	1.0	1.0	0.0	0.0	0.0
GC_00001546	1	1	1	0	1.0	1.0	1.0	0.0	0.0	0.0
GC_00001547	1	1	1	0	1.0	1.0	1.0	0.0	0.0	0.0
GC_00001548	1	1	1	0	1.0	1.0	1.0	0.0	0.0	0.0
GC_00001549	1	1	1	0	1.0	1.0	1.0	0.0	0.0	0.0
GC_00001550	1	1	1	0	1.0	1.0	1.0	0.0	0.0	0.0
GC_00001551	1	1	1	0	1.0	1.0	1.0	0.0	0.0	0.0
GC_00001552	1	1	1	0	1.0	1.0	1.0	0.0	0.0	0.0
GC_00001553	1	1	1	0	1.0	1.0	1.0	0.0	0.0	0.0
GC_00001554	1	1	1	0	1.0	1.0	1.0	0.0	0.0	0.0
GC_00001555	1	1	1	0	1.0	1.0	1.0	0.0	0.0	0.0
GC_00001556	1	1	1	0	1.0	1.0	1.0	0.0	0.0	0.0
GC_00001557	1	1	1	0	1.0	1.0	1.0	0.0	0.0	0.0
GC_00001558	1	1	1	0	1.0	1.0	1.0	0.0	0.0	0.0
GC_00001559	1	1	1	0	1.0	1.0	1.0	0.0	0.0	0.0
GC_00001560	1	1	1	0	1.0	1.0	1.0	0.0	0.0	0.0
GC_00001561	1	1	1	0	1.0	1.0	1.0	0.0	0.0	0.0
GC_00001562	1	1	1	0	1.0	1.0	1.0	0.0	0.0	0.0
GC_00001563	1	1	1	0	1.0	1.0	1.0	0.0	0.0	0.0
GC_00001564	1	1	1	0	1.0	1.0	1.0	0.0	0.0	0.0
GC_00001565	1	1	1	0	1.0	1.0	1.0	0.0	0.0	0.0
GC_00001566	1	1	1	0	1.0	1.0	1.0	0.0	0.0	0.0
GC_00001567	1	1	1	0	1.0	1.0	1.0	0.0	0.0	0.0
GC_00001568	1	1	1	0	1.0	1.0	1.0	0.0	0.0	0.0
GC_00001569	1	1	1	0	1.0	1.0	1.0	0.0	0.0	0.0
GC_00001570	1	1	1	0	1.0	1.0	1.0	0.0	0.0	0.0
GC_00001571	1	1	1	0	1.0	1.0	1.0	0.0	0.0	0.0
GC_00001572	1	1	1	0	1.0	1.0	1.0	0.0	0.0	0.0
GC_00001573	1	1	1	0	1.0	1.0	1.0	0.0	0.0	0.0
GC_00001574	1	1	1	0	1.0	1.0	1.0	0.0	0.0	0.0
GC_00001575	1	1	1	0	1.0	1.0	1.0	0.0	0.0	0.0
GC_00001576	1	1	1	0	1.0	1.0	1.0	0.0	0.0	0.0
GC_00001577	1	1	1	0	1.0	1.0	1.0	0.0	0.0	0.0
GC_00001578	1	1	1	0	1.0	1.0	1.0	0.0	0.0	0.0
GC_00001579	1	1	1	0	1.0	1.0	1.0	0.0	0.0	0.0
GC_00001580	1	1	1	0	1.0	1.0	1.0	0.0	0.0	0.0
GC_00001581	1	1	1	0	1.0	1.0	1.0	0.0	0.0	0.0
GC_00001582	1	1	1	0	1.0	1.0	1.0	0.0	0.0	0.0
GC_00001583	1	1	1	0	1.0	1.0	1.0	0.0	0.0	0.0
GC_00001584	1	1	1	0	1.0	1.0	1.0	0.0	0.0	0.0
GC_00001585	1	1	1	0	1.0	1.0	1.0	0.0	0.0	0.0
GC_00001586	1	1	1	0	1.0	1.0	1.0	0.0	0.0	0.0
GC_00001587	1	1	1	0	1.0	1.0	1.0	0.0	0.0	0.0
GC_00001588	1	1	1	0	1.0	1.0	1.0	0.0	0.0	0.0
GC_00001589	1	1	1	0	1.0	1.0	1.0	0.0	0.0	0.0
GC_00001590	1	1	1	0	1.0	1.0	1.0	0.0	0.0	0.0
GC_00001591	1	1	1	0	1.0	1.0	1.0	0.0	0.0	0.0
GC_00001592	1	1	1	0	1.0	1.0	1.0	0.0	0.0	0.0
GC_00001593	1	1	1	0	1.0	1.0	1.0	0.0	0.0	0.0
GC_00001594	1	1	1	0	1.0	1.0	1.0	0.0	0.0	0.0
GC_00001595	1	1	1	0	1.0	1.0	1.0	0.0	0.0	0.0
GC_00001596	1	1	1	0	1.0	1.0	1.0	0.0	0.0	0.0
GC_00001597	1	1	1	0	1.0	1.0	1.0	0.0	0.0	0.0
GC_00001598	1	1	1	0	1.0	1.0	1.0	0.0	0.0	0.0
GC_00001599	1	1	1	0	1.0	1.0	1.0	0.0	0.0	0.0
GC_00001600	1	1	1	0	1.0	1.0	1.0	0.0	0.0	0.0
GC_00001601	1	1	1	0	1.0	1.0	1.0	0.0	0.0	0.0
GC_00001602	1	1	1	0	1.0	1.0	1.0	0.0	0.0	0.0
GC_00001603	1	1	1	0	1.0	1.0	1.0	0.0	0.0	0.0
GC_00001604	1	1	1	0	1.0	1.0	1.0	0.0	0.0	0.0
GC_00001605	1	1	1	0	1.0	1.0	1.0	0.0	0.0	0.0
GC_00001606	1	1	1	0	1.0	1.0	1.0	0.0	0.0	0.0
GC_00001607	1	1	1	0	1.0	1.0	1.0	0.0	0.0	0.0
GC_00001608	1	1	1	0	1.0	1.0	1.0	0.0	0.0	0.0
GC_00001609	1	1	1	0	1.0	1.0	1.0	0.0	0.0	0.0
GC_00001610	1	1	1	0	1.0	1.0	1.0	0.0	0.0	0.0
GC_00001611	1	1	1	0	1.0	1.0	1.0	0.0	0.0	0.0
GC_00001612	1	1	1	0	1.0	1.0	1.0	0.0	0.0	0.0
GC_00001613	1	1	1	0	1.0	1.0	1.0	0.0	0.0	0.0
GC_00001614	1	1	1	0	1.0	1.0	1.0	0.0	0.0	0.0
GC_00001615	1	1	1	0	1.0	1.0	1.0	0.0	0.0	0.0
GC_00001616	1	1	1	0	1.0	1.0	1.0	0.0	0.0	0.0
