items	num_genomes_gene_cluster_has_hits	num_genes_in_gene_cluster	max_num_paralogs	SCG	functional_homogeneity_index	geometric_homogeneity_index	combined_homogeneity_index	AAI_min	AAI_max	AAI_avg
GC_00000001	9	104	30	0	0.942130161135348	0.774945142611447	0.850398570739959	0.0466472303206997	1.0	0.739828034062233
GC_00000002	7	51	19	0	0.89961225747795	0.936796826992905	0.917828075950844	0.0797720797720798	1.0	0.829374895257248
GC_00000003	7	43	22	0	0.92412331123776	0.690919469586011	0.790684674875039	0.104838709677419	1.0	0.783492748187047
GC_00000004	10	35	4	0	0.783819815380283	0.785109246711283	0.784464001183344	0.0853432282003711	1.0	0.579909886032335
GC_00000005	10	33	4	0	0.737282918802458	0.978791901112779	0.841043224197277	0.504587155963303	1.0	0.670460337318135
GC_00000006	10	31	4	0	0.744739195502993	0.72838579294629	0.736471723320177	0.135658914728682	1.0	0.599174793698425
GC_00000007	10	31	4	0	0.739677754229559	0.905305907046993	0.814153545690075	0.0307377049180328	1.0	0.597439626300018
GC_00000008	10	30	3	0	0.779754119025374	0.938822861296627	0.851926915713803	0.510869565217391	1.0	0.688447442945194
GC_00000009	7	29	11	0	0.912317911665307	0.727333765980757	0.809390959689505	0.480225988700565	1.0	0.761153321644263
GC_00000010	6	28	11	0	0.790050266682015	0.8390545767894	0.813815384331785	0.210526315789474	1.0	0.669915529564652
GC_00000011	4	27	16	0	0.961259009107788	0.747088490047917	0.840748784441355	0.0547619047619048	1.0	0.637905304571971
GC_00000012	10	26	5	0	0.922475176780743	0.979722904546434	0.950237589280973	0.552941176470588	1.0	0.872470588235294
GC_00000013	10	26	4	0	0.76851845286631	0.938000411782567	0.844843429726072	0.148936170212766	1.0	0.645499181669394
GC_00000014	10	26	4	0	0.748408572568495	0.836688263946327	0.790090112956992	0.119815668202765	1.0	0.648351648351648
GC_00000015	3	23	15	0	0.934195453952679	0.94426079024689	0.939201155542797	0.0171990171990172	1.0	0.837449378951355
GC_00000016	10	23	3	0	0.81397629614854	0.976894699657544	0.888025023819738	0.535934291581109	1.0	0.751402066373944
GC_00000017	10	23	3	0	0.803903961687298	0.861243359541213	0.831586418673457	0.0652173913043478	1.0	0.611239044509366
GC_00000018	10	23	4	0	0.791733706829029	0.820539039877129	0.80587905113086	0.0319829424307036	1.0	0.560691741743007
GC_00000019	5	23	10	0	0.982557535579039	0.799232870146917	0.88146425833443	0.0469135802469136	1.0	0.721680573854487
GC_00000020	10	23	4	0	0.813755466818787	0.955479439487515	0.878941077348725	0.584022038567493	1.0	0.743866984614379
GC_00000021	10	23	4	0	0.867686614359168	0.673361623760296	0.758272003571987	0.0421648835745752	1.0	0.562777195989224
GC_00000022	3	22	14	0	0.946249668698648	1.0	0.97238261248502	0.714285714285714	1.0	0.930135170951497
GC_00000023	5	22	13	0	0.929057262390596	0.900637569598157	0.914626701882849	0.0716417910447761	1.0	0.781585578600504
GC_00000024	10	22	4	0	0.73548012169692	0.887312000714062	0.80429320460189	0.183673469387755	1.0	0.598771976322997
GC_00000025	10	22	3	0	0.907276973492662	0.879231563217328	0.893034133656126	0.0177935943060498	1.0	0.745220378672336
GC_00000026	10	22	4	0	0.799693013264354	0.988050783579678	0.883949153982687	0.49618320610687	1.0	0.707412180694623
GC_00000027	10	22	4	0	0.806603756781693	0.851759461660456	0.82856683506894	0.00594059405940594	1.0	0.601260126012601
GC_00000028	10	21	3	0	0.902263374485597	0.913109798374795	0.907654184025846	0.617647058823529	1.0	0.848739495798319
GC_00000029	10	21	3	0	0.819470475451862	0.921783351436754	0.867621055128118	0.0242914979757085	1.0	0.705263157894737
GC_00000030	10	21	3	0	0.859940514375693	0.92709615192348	0.892256501274645	0.0	1.0	0.724631268436578
GC_00000031	10	21	3	0	0.855690733906615	0.893486439426956	0.874180247426611	0.157051282051282	1.0	0.721581196581197
GC_00000032	10	21	3	0	0.8106997227206	0.973664642590818	0.884740438798739	0.54	1.0	0.744793650793651
GC_00000033	10	21	3	0	0.840494832886619	0.849332532360211	0.844890572294634	0.063716814159292	1.0	0.730139064475348
GC_00000034	10	21	3	0	0.810392964995917	0.862405239584106	0.83559049408478	0.0493421052631579	1.0	0.664708646616541
GC_00000035	10	21	3	0	0.838553518970582	0.925600234578363	0.879929351173924	0.161165048543689	1.0	0.714507628294036
GC_00000036	10	21	3	0	0.88022846698652	0.909194828647253	0.894477200743937	0.120603015075377	1.0	0.719885139985643
GC_00000037	10	21	3	0	0.886018333017705	0.917804339053652	0.901631277969173	0.0791896869244936	1.0	0.755476628957292
GC_00000038	10	21	3	0	0.791146156345058	0.872830590569563	0.82998343354245	0.12890625	1.0	0.650892857142857
GC_00000039	10	21	3	0	0.8446	0.895135952951797	0.86913399079939	0.0897435897435897	1.0	0.69512617012617
GC_00000040	10	21	3	0	0.835654893421713	0.919686845243306	0.87565947497795	0.0936254980079681	1.0	0.706080440144185
GC_00000041	10	21	3	0	0.81481883428836	0.913946155711859	0.861540516504063	0.0766129032258065	1.0	0.660387864823349
GC_00000042	10	21	3	0	0.817668329506163	0.898519571730681	0.856189461207753	0.0578313253012048	1.0	0.692621916236374
GC_00000043	10	21	3	0	0.8864998331665	0.927115594679693	0.906352920680282	0.0708860759493671	1.0	0.776226642555757
GC_00000044	10	20	2	0	0.803034773445732	0.933790404701638	0.863490667362668	0.325925925925926	1.0	0.686588693957115
GC_00000045	10	20	2	0	0.809718290874781	0.955165841640301	0.876448757792146	0.483516483516484	1.0	0.736148062463852
GC_00000046	10	20	2	0	0.829652318770487	0.995355921690551	0.904981501041207	0.588414634146341	1.0	0.783376123234917
GC_00000047	10	20	2	0	0.835364094369354	0.998072833599147	0.909498653633021	0.598484848484849	1.0	0.789819245082403
GC_00000048	10	20	2	0	0.832995505419935	0.987371741998597	0.903637685670118	0.545454545454545	1.0	0.781122227055241
GC_00000049	10	20	2	0	0.940214158239143	0.972580168369642	0.956123333913225	0.813186813186813	1.0	0.906072874493927
GC_00000050	10	20	2	0	0.798251591263239	0.979878808924707	0.879789039528933	0.47787610619469	1.0	0.726067380841484
GC_00000051	10	20	2	0	0.796107211231653	0.982066720586328	0.879363243583336	0.503968253968254	1.0	0.742710944026734
GC_00000052	10	20	2	0	0.838452035126382	0.991403358310014	0.90853535901011	0.59622641509434	1.0	0.787428003972194
GC_00000053	10	20	2	0	0.790654985398415	0.986632377908721	0.877838693341584	0.498533724340176	1.0	0.734310850439883
GC_00000054	10	20	2	0	0.870815830832976	0.951536702842039	0.90938850649545	0.588235294117647	1.0	0.785334854163272
GC_00000055	10	20	2	0	0.810443503588265	0.977230707799103	0.886056613221602	0.511705685618729	1.0	0.74335504312621
GC_00000056	10	20	2	0	0.808180461264384	0.979695129485311	0.885710913826955	0.510752688172043	1.0	0.742996604414262
GC_00000057	10	20	2	0	0.856161514618413	0.991455512255261	0.918854979904097	0.609467455621302	1.0	0.810744316412333
GC_00000058	10	20	3	0	0.782760726828523	0.99221121451998	0.875128167778264	0.490500863557858	1.0	0.718643759658213
GC_00000059	10	20	2	0	0.860732797140304	0.994854979868363	0.922946702043357	0.641891891891892	1.0	0.812517780938834
GC_00000060	10	20	2	0	0.85523789108902	0.916008998594679	0.884580922896159	0.560185185185185	1.0	0.772124756335283
GC_00000061	10	20	3	0	0.854186906648941	0.917976389199457	0.884933588348201	0.146131805157593	1.0	0.718594480470517
GC_00000062	10	20	3	0	0.798529074733837	0.901235678959221	0.84677940435325	0.0790378006872852	1.0	0.666847531199132
GC_00000063	10	20	2	0	0.84545376344086	0.985329018936433	0.910048024600245	0.608695652173913	1.0	0.794101195016527
GC_00000064	10	20	3	0	0.81263768115942	0.98853940922963	0.891999323706203	0.547738693467337	1.0	0.762523142025919
GC_00000065	10	20	2	0	0.851917084405907	0.99608636977058	0.918378149168087	0.61025641025641	1.0	0.794790823211876
GC_00000066	10	20	2	0	0.853027806899306	0.987169528276986	0.915209517639333	0.668539325842697	1.0	0.82548787699586
GC_00000067	10	20	3	0	0.838384656942193	0.799386876644613	0.818421469167956	0.0426716141001855	1.0	0.603456693682258
GC_00000068	10	20	2	0	0.833511540247762	0.966986808737821	0.895301753322277	0.372781065088757	1.0	0.732762379321084
GC_00000069	10	20	2	0	0.848008271940028	0.880974758324384	0.864177229449378	0.535714285714286	1.0	0.755115467239528
GC_00000070	10	20	3	0	0.679276928811032	0.688091865807773	0.683655983938203	0.0872395833333333	1.0	0.677336896929824
GC_00000071	10	20	2	0	0.887973559589582	0.997150573588223	0.93940057176321	0.734579439252336	1.0	0.858976881455976
GC_00000072	10	19	2	0	0.653640146203535	0.711420331968241	0.681307381227064	0.0818713450292398	1.0	0.692338383320224
GC_00000073	10	19	2	0	0.840601566232525	0.992005872889842	0.910049443935913	0.60676532769556	1.0	0.792960201772931
GC_00000074	10	19	3	0	0.940197965356063	0.903145301042398	0.921299239202472	0.0864197530864197	1.0	0.805188554376339
GC_00000075	10	19	3	0	0.899382585628096	0.988512949039266	0.941843778650004	0.678571428571429	1.0	0.838624338624339
GC_00000076	10	19	2	0	0.837856233789248	0.972542079787967	0.900189133034071	0.524096385542169	1.0	0.75106273045398
GC_00000077	10	19	3	0	0.869269562799398	0.905803317128765	0.887160479286498	0.0226415094339623	1.0	0.723744896833278
GC_00000078	10	19	2	0	0.814733086759459	0.965792061274128	0.883854685364779	0.490427098674521	1.0	0.750432782988399
GC_00000079	10	19	2	0	0.703346714616264	0.689984749891168	0.69660166203573	0.0906832298136646	1.0	0.717852602520795
GC_00000080	9	18	2	0	0.81546733484718	0.982146976437634	0.891079662946584	0.529411764705882	1.0	0.754709727028066
GC_00000081	10	18	2	0	0.889992848563117	0.999313101036591	0.94149019494321	0.738853503184713	1.0	0.862370425877357
GC_00000082	10	18	2	0	0.810213624582259	0.907643353310586	0.856165583721414	0.0462962962962963	1.0	0.665975031988104
GC_00000083	6	18	6	0	0.768065219504743	0.768445138266111	0.768255131915921	0.0779220779220779	1.0	0.508474096709391
GC_00000084	5	17	9	0	0.901251776538756	0.90956775070111	0.905390668556834	0.0454545454545455	1.0	0.768358479755539
GC_00000085	10	17	2	0	0.882973300757562	0.998403060508214	0.937147148197696	0.687350835322196	1.0	0.840025270251299
GC_00000086	10	17	3	0	0.810843657378127	0.880149344035378	0.8440762469863	0.0214592274678112	1.0	0.652518303458723
GC_00000087	10	17	3	0	0.857079841199824	0.786295436660998	0.820163205651715	0.119433198380567	1.0	0.643992617289831
GC_00000088	10	17	2	0	0.812237980554812	0.697747263545576	0.75065214113076	0.0363128491620112	1.0	0.66461961879724
GC_00000089	10	16	2	0	0.861610300515151	0.820096063703302	0.840340776407869	0.0152027027027027	1.0	0.627308558558559
GC_00000090	9	16	3	0	0.920214932014342	0.858869832173559	0.888484753657625	0.0257142857142857	1.0	0.720619047619048
GC_00000091	10	15	2	0	0.940301974448316	0.988088941130375	0.963603359432569	0.795180722891566	1.0	0.915547905909352
GC_00000092	9	15	2	0	0.822001932728576	0.632285598353764	0.71476922241976	0.198924731182796	1.0	0.594726062467998
GC_00000093	10	15	2	0	0.805992010652463	0.705377765109308	0.752335864177829	0.308724832214765	1.0	0.765228507510387
GC_00000094	10	15	2	0	0.912564499484004	0.984415360983102	0.947129202477358	0.736	1.0	0.861409523809524
GC_00000095	10	15	2	0	0.848626688145244	0.997907188353046	0.917232749538632	0.585987261146497	1.0	0.801243554746739
GC_00000096	9	15	3	0	0.819522366243202	0.888795857098047	0.852754567578766	0.069364161849711	1.0	0.674318744838976
GC_00000097	10	15	3	0	0.842612168193564	0.921182961252248	0.880147540182411	0.0877598152424942	0.997690531177829	0.699549103706148
GC_00000098	10	14	2	0	0.978917964529475	1.0	0.989346685487522	0.942446043165468	1.0	0.97470155743537
GC_00000099	10	14	2	0	0.985347985347985	1.0	0.992619926199262	0.933333333333333	1.0	0.970695970695971
GC_00000100	5	14	8	0	0.992981377596762	1.0	0.996478330162974	0.965034965034965	1.0	0.992315376930761
GC_00000101	10	14	3	0	0.95108153078203	0.894518497772566	0.921933256406218	0.643617021276596	1.0	0.84229600187047
GC_00000102	10	14	2	0	0.987599392477441	1.0	0.993761012621813	0.95609756097561	1.0	0.981935138032699
GC_00000103	5	14	8	0	0.986828866733742	0.9785799965728	0.982687121296072	0.788617886178862	1.0	0.963906012686501
GC_00000104	10	14	2	0	0.83011838635471	0.961571354205398	0.891022639520572	0.461764705882353	1.0	0.757821590174532
GC_00000105	10	14	2	0	0.95111258168583	0.977658071775721	0.96420265518223	0.794117647058823	1.0	0.923076923076923
GC_00000106	10	14	2	0	0.911630118262317	0.965140174785845	0.937622313118267	0.5390625	1.0	0.845037774725275
GC_00000107	10	14	2	0	0.92028019272139	0.974691342292434	0.946704601894938	0.730496453900709	1.0	0.886368950198738
GC_00000108	10	14	2	0	0.920770499528746	0.987104302375235	0.952784240011953	0.761904761904762	1.0	0.89423803709518
GC_00000109	10	14	2	0	0.929148199866432	1.0	0.963273013375295	0.762430939226519	1.0	0.895391900916763
GC_00000110	7	14	4	0	0.828559027777778	0.940131215816148	0.880826033819643	0.287671232876712	1.0	0.732048773144664
GC_00000111	10	14	2	0	0.874213836477987	0.980476083882505	0.924300875802717	0.618384401114206	1.0	0.832501760078362
GC_00000112	7	14	4	0	0.897819362425544	0.822235927337969	0.858366984409492	0.239795918367347	1.0	0.650201838977349
GC_00000113	10	14	2	0	0.882189720450184	0.879855315945545	0.881020971857028	0.0408163265306122	1.0	0.720404959472015
GC_00000114	10	13	2	0	0.856197156697349	0.980265281655068	0.91404030862202	0.515837104072398	1.0	0.80920060331825
GC_00000115	10	13	2	0	0.942942942942943	0.975870975870975	0.959124426707493	0.720720720720721	1.0	0.887733887733888
GC_00000116	10	13	3	0	0.906193078324226	1.0	0.95078834209269	0.704918032786885	1.0	0.884195039932745
GC_00000117	10	13	2	0	0.903112917336946	0.961779585267187	0.931523469447018	0.44794952681388	1.0	0.833292890075224
GC_00000118	10	13	3	0	0.920838070488874	0.884791775481124	0.90245512183675	0.0170940170940171	1.0	0.754520052596976
GC_00000119	10	13	2	0	0.95897800699508	0.992109473834835	0.975262437268446	0.848623853211009	1.0	0.941425546930134
GC_00000120	10	13	2	0	0.802641802641803	0.856496444731739	0.828695078838722	0.423529411764706	1.0	0.684162895927602
GC_00000121	10	13	2	0	0.997082649579328	0.708240753084776	0.828200170739018	0.0155979202772964	1.0	0.608007821179398
GC_00000122	10	13	2	0	0.954716981132075	0.843036437246964	0.895407784098079	0.5	1.0	0.808704453441295
GC_00000123	10	13	3	0	0.914902998236332	0.928765352294765	0.921782060453254	0.225	1.0	0.799252136752137
GC_00000124	10	13	2	0	0.897961639352153	0.798031503484387	0.845052564216139	0.248459958932238	1.0	0.721423682409309
GC_00000125	9	13	2	0	0.736684619988031	0.597971515784934	0.660119722320186	0.214788732394366	1.0	0.513633080534489
GC_00000126	10	13	2	0	0.852580676050943	0.984614967959129	0.913853347921251	0.503676470588235	1.0	0.814149698340875
GC_00000127	10	13	2	0	0.929564542310678	0.847752016183549	0.886775303083044	0.0621890547263682	1.0	0.711506569715525
GC_00000128	6	13	4	0	0.649186256781193	0.685555643759979	0.666875449114641	0.261437908496732	1.0	0.653762359644713
GC_00000129	10	13	3	0	0.9853263876963	0.72920136933223	0.83813323896554	0.0178117048346056	1.0	0.600932994062765
GC_00000130	10	13	2	0	0.932167152575316	0.654842875079588	0.769274305278567	0.186379928315412	1.0	0.619704071316974
GC_00000131	10	13	3	0	0.887066039756903	0.758977361084843	0.818038019676014	0.11965811965812	1.0	0.606311637080868
GC_00000132	10	13	2	0	0.986003372681282	0.701919581690577	0.820055291155749	0.0127226463104326	1.0	0.608892803549292
GC_00000133	7	13	3	0	0.963434852717404	0.620988184774055	0.75520444500008	0.0136674259681093	0.998861047835991	0.457917177734946
GC_00000134	9	13	2	0	0.892244254441817	0.626572986387269	0.736173032625461	0.00408719346049046	0.998637602179837	0.47659470411514
GC_00000135	10	12	3	0	0.965990960755359	0.872173816873913	0.9166882464088	0.297101449275362	1.0	0.787000439174352
GC_00000136	10	12	3	0	0.913872356897469	0.984735495112854	0.947981487474104	0.641509433962264	1.0	0.89136649514008
GC_00000137	10	12	3	0	0.916307720809597	0.991405716885283	0.952378585679442	0.618181818181818	1.0	0.883057851239669
GC_00000138	10	12	2	0	0.980040941658137	0.782070944693608	0.869935162480363	0.092485549132948	1.0	0.687160623576809
GC_00000139	10	12	2	0	0.890083520319122	0.951162814939904	0.919610082047228	0.39766081871345	1.0	0.812068048910154
GC_00000140	10	12	3	0	0.995667104005702	0.801352695444599	0.888004147538669	0.0754098360655738	1.0	0.69324391455539
GC_00000141	10	12	3	0	0.997865640307908	0.811255219049159	0.894936017593996	0.0603715170278638	1.0	0.68561778778497
GC_00000142	10	12	3	0	0.995035761340109	0.91438714264801	0.953008267308426	0.0909090909090909	1.0	0.843873517786561
GC_00000143	10	12	2	0	0.993651488616462	0.767379040535629	0.865978543061869	0.0296052631578947	1.0	0.695025917065391
GC_00000144	10	12	2	0	0.990851128870256	0.787179527950966	0.877350141181728	0.00864553314121038	1.0	0.679591302069688
GC_00000145	10	12	2	0	0.917135136201353	0.862520976538552	0.88899005558589	0.0319488817891374	1.0	0.730080356278439
GC_00000146	10	12	3	0	0.90783677815964	0.996863539857167	0.950269578608595	0.614649681528662	1.0	0.882358618027408
GC_00000147	10	12	2	0	0.984772141977382	0.770713768989631	0.864692156624938	0.0306513409961686	1.0	0.692789968652038
GC_00000148	10	12	3	0	0.953035776716	0.992506445520398	0.972370725642608	0.809160305343511	1.0	0.939856581077955
GC_00000149	10	12	2	0	0.995663330767257	0.874486118425188	0.931148857388835	0.0506329113924051	1.0	0.826556706303542
GC_00000150	10	12	2	0	0.977747227568509	0.768557368075364	0.860622869272095	0.0771144278606965	1.0	0.686114880144731
GC_00000151	10	12	2	0	0.986484730344379	0.785320163250523	0.874482684045822	0.0262008733624454	1.0	0.683339949715496
GC_00000152	10	12	2	0	0.987959544068069	0.767063364137835	0.863609891314335	0.00943396226415094	1.0	0.675636077758719
GC_00000153	9	12	2	0	0.976514931864308	0.66933353468237	0.794258042948833	0.0431893687707641	1.0	0.561361119500654
GC_00000154	10	12	2	0	0.995711320398676	0.783284525600497	0.876815166249561	0.0318906605922551	1.0	0.684199627252019
GC_00000155	10	12	2	0	0.982205037760593	0.777184980354423	0.867749612213703	0.0062111801242236	1.0	0.694193487671749
GC_00000156	10	12	2	0	0.914690719692656	0.853588250227534	0.883083794133521	0.0401948842874543	1.0	0.739619089801794
GC_00000157	10	12	2	0	0.887259194395797	0.770386293248805	0.824702660510059	0.0032258064516129	1.0	0.592619745845552
GC_00000158	10	12	3	0	0.987051921793608	0.758814123619848	0.858014211308781	0.250629722921914	1.0	0.68943210441951
GC_00000159	10	12	2	0	0.945541141818638	0.943305144467936	0.944421819667632	0.686046511627907	1.0	0.886011275546159
GC_00000160	10	12	3	0	0.889330837622836	0.992490038158178	0.938082905049297	0.553639846743295	1.0	0.857598978288633
GC_00000161	10	12	2	0	0.89752117013087	0.771250431001463	0.829608544185045	0.307053941908714	1.0	0.641707531749026
GC_00000162	8	12	3	0	0.851552476263793	0.96039356984479	0.902704056056805	0.48780487804878	1.0	0.791943828529194
GC_00000163	10	12	2	0	0.898629854743999	0.71976812430563	0.799315290017789	0.036144578313253	1.0	0.553790921260801
GC_00000164	10	11	2	0	1.0	1.0	1.0	1.0	1.0	1.0
GC_00000165	10	11	2	0	1.0	1.0	1.0	1.0	1.0	1.0
GC_00000166	10	11	2	0	0.942117807286347	1.0	0.970196353436185	0.584269662921348	1.0	0.9244126659857
GC_00000167	10	11	2	0	0.988906926406926	1.0	0.994422527547273	0.933035714285714	1.0	0.987824675324675
GC_00000168	10	11	2	0	0.92879847425302	0.973297413610525	0.950527424536147	0.482993197278912	1.0	0.90599876314162
GC_00000169	10	11	2	0	0.999585835576724	1.0	0.999792874896437	0.997722095671982	1.0	0.999585835576724
GC_00000170	10	11	2	0	0.930596285434995	0.955157342657343	0.942716865916442	0.476923076923077	1.0	0.904895104895105
GC_00000171	10	11	2	0	0.937926753569212	0.996308551536828	0.966236571971734	0.551020408163265	1.0	0.918367346938775
GC_00000172	10	11	2	0	0.98817019652738	0.998856489422527	0.993484607362934	0.911949685534591	1.0	0.98399085191538
GC_00000173	10	11	2	0	0.932279314888011	0.966606044652897	0.949132412389005	0.545801526717557	1.0	0.916793893129771
GC_00000174	10	11	2	0	0.937298215802889	0.964857419402873	0.950878173133993	0.531531531531532	1.0	0.913349713349714
GC_00000175	10	11	2	0	0.989944010200122	0.911033234426275	0.948850804040825	0.0942812982998454	1.0	0.835070956863847
GC_00000176	10	11	2	0	0.996736026111791	0.854538325945512	0.920176022766816	0.136904761904762	1.0	0.794372294372294
GC_00000177	10	11	2	0	0.991781106949646	0.862716925538408	0.922757891791065	0.0934393638170974	1.0	0.804915958792698
GC_00000178	10	11	2	0	0.943465045592705	0.980625931445604	0.961686635571489	0.524590163934426	1.0	0.911177347242921
GC_00000179	10	11	2	0	0.991564690507307	0.872024714977966	0.927960755815407	0.0855614973262032	1.0	0.81011181332037
GC_00000180	10	11	2	0	0.993589743589744	0.870515354211006	0.927989659597937	0.0	1.0	0.811888111888112
GC_00000181	10	11	2	0	0.948591174906964	0.937874887610695	0.943202593707978	0.60655737704918	1.0	0.927123695976155
GC_00000182	10	11	2	0	0.997281472187369	0.874146842254317	0.931663204007262	0.0342679127725857	1.0	0.810988388558482
GC_00000183	10	11	2	0	0.995814049742258	0.889556084428878	0.939690759764183	0.036848792884371	1.0	0.814693311770821
GC_00000184	10	11	2	0	0.937120162556571	0.988424171831517	0.962088697766548	0.521084337349398	1.0	0.912486308871851
GC_00000185	10	11	2	0	0.992423430184768	0.865780272359221	0.924786261597389	0.129186602870813	1.0	0.80495867768595
GC_00000186	10	11	2	0	0.980723534908557	0.987053178452458	0.983878176565274	0.88695652173913	1.0	0.976600790513834
GC_00000187	10	11	2	0	0.997558151773497	0.864551744551741	0.926304770851132	0.0	1.0	0.817249417249417
GC_00000188	10	11	2	0	0.990911478854741	0.87249119218093	0.927938497642296	0.030952380952381	1.0	0.814761904761905
GC_00000189	10	11	2	0	0.99607958443595	0.860860462694555	0.923546813762984	0.095360824742268	1.0	0.803467666354264
GC_00000190	10	11	2	0	0.989099629387399	1.0	0.994519947391495	0.942446043165468	1.0	0.988227599738391
GC_00000191	10	11	2	0	0.992286242931228	0.856521130250243	0.919418806584128	0.219931271477663	1.0	0.794064354889097
GC_00000192	10	11	2	0	0.992545710267229	0.87819323469141	0.931874466213064	0.0530785562632696	1.0	0.817062343176993
GC_00000193	10	11	2	0	0.999150201827066	0.86644681574618	0.928078789439022	0.019047619047619	1.0	0.814372294372295
GC_00000194	10	11	2	0	0.996957503189714	0.867727388675916	0.927864364255289	0.0265486725663717	1.0	0.816492357200322
GC_00000195	10	11	2	0	0.99294453201231	0.878010869112565	0.931947486304094	0.0101351351351351	1.0	0.812407862407862
GC_00000196	10	11	2	0	0.994645799011532	0.867167062328354	0.926542182080897	0.0138248847926267	1.0	0.812316715542522
GC_00000197	10	11	2	0	0.987411115948338	0.862674017507281	0.920837532200984	0.1256038647343	1.0	0.794729907773386
GC_00000198	10	11	2	0	0.962045399072492	0.844236080224248	0.899298859031598	0.0478723404255319	1.0	0.760058027079304
GC_00000199	10	11	2	0	0.997020585048754	0.874789967249127	0.931914401135084	0.0335365853658537	1.0	0.814855875831486
GC_00000200	10	11	2	0	0.997086247086247	0.873459057755731	0.931187297764729	0.0260869565217391	1.0	0.811541501976285
GC_00000201	10	11	2	0	0.991162903617383	0.870145006098392	0.926719804187955	0.0573248407643312	1.0	0.817486971627099
GC_00000202	10	11	2	0	0.886375972498643	0.746110054135529	0.810217072655648	0.0952380952380952	1.0	0.652178932178933
GC_00000203	10	11	2	0	0.996552809245909	0.888151599563588	0.939234786573691	0.00965250965250965	1.0	0.814636714636715
GC_00000204	10	11	2	0	0.990636918382914	0.866170758116116	0.92423220937065	0.00518134715025907	1.0	0.813612812058408
GC_00000205	10	11	2	0	0.988122962272939	0.824357304151467	0.898841655204807	0.115131578947368	1.0	0.807476076555024
GC_00000206	10	11	2	0	0.946088199436667	0.996985753908083	0.97087036255645	0.62655601659751	1.0	0.929536024141833
GC_00000207	10	11	2	0	0.995419196761479	0.861692661405578	0.923741252417809	0.0333333333333333	1.0	0.808398268398268
GC_00000208	10	11	2	0	0.972935410723429	0.867165838935439	0.917010791472903	0.182119205298013	1.0	0.799638771824202
GC_00000209	10	11	2	0	0.986552828175027	0.973819406147506	0.980144762760889	0.771863117870722	1.0	0.955824403733149
GC_00000210	10	11	2	0	0.952968237654774	0.87344643762035	0.911476154471351	0.173333333333333	1.0	0.783757575757576
GC_00000211	10	11	2	0	0.986321642248578	0.86439072675176	0.921339583000412	0.06	1.0	0.808051948051948
GC_00000212	10	11	2	0	0.995860260372764	0.875661972160079	0.93190125603123	0.0379746835443038	1.0	0.814729574223245
GC_00000213	1	11	11	0	0.998524625732263	0.990779021433454	0.994636744339919	0.945626477541371	1.0	0.989082312486568
GC_00000214	10	11	2	0	0.99532538066143	0.867805626434052	0.927201535674231	0.046875	1.0	0.809517045454546
GC_00000215	10	11	2	0	0.992484694954613	0.862370129870129	0.922863766831989	0.0340909090909091	1.0	0.808264462809917
GC_00000216	10	11	2	0	0.982151244715829	0.862746429815393	0.918584799162514	0.193103448275862	1.0	0.788087774294671
GC_00000217	10	11	2	0	0.979446640316206	1.0	0.98961661341853	0.898550724637681	1.0	0.979446640316206
GC_00000218	10	11	2	0	0.990803354070868	0.851244390044879	0.915737172920399	0.267441860465116	1.0	0.778435517970402
GC_00000219	10	11	2	0	0.996522514489523	0.869012707722384	0.928409947249434	0.00401606425702811	1.0	0.814311792625046
GC_00000220	10	11	2	0	0.99120346957228	0.864716662447242	0.923649828704647	0.0957230142566191	1.0	0.803295685984077
GC_00000221	10	11	2	0	0.976491646778043	0.874379763882526	0.922618968152215	0.0274725274725275	1.0	0.812087912087912
GC_00000222	10	11	2	0	0.986047819971871	0.878083157152925	0.9289389999839	0.0501930501930502	1.0	0.817339417339418
GC_00000223	10	11	2	0	0.988780832699671	0.835933875813931	0.905955752921472	0.0509745127436282	1.0	0.688946435872973
GC_00000224	10	11	2	0	0.993433715858977	0.848576886257266	0.915309486642572	0.0249609984399376	1.0	0.776570699191604
GC_00000225	10	11	2	0	0.997354074547618	0.843847742457989	0.914201774585497	0.217777777777778	1.0	0.764
GC_00000226	10	11	2	0	0.988067803554053	0.864891125790778	0.922385338865169	0.0588235294117647	1.0	0.807234979553319
GC_00000227	10	11	2	0	0.997033562831344	0.859694392543436	0.923284599300058	0.0668449197860963	1.0	0.809965969859018
GC_00000228	10	11	2	0	0.996191766388199	0.890618895215926	0.94045176705707	0.00203665987780041	1.0	0.81621921866321
GC_00000229	10	11	2	0	0.987613423592107	0.811964849735747	0.891217011195686	0.0760233918128655	1.0	0.737161084529505
GC_00000230	10	11	2	0	0.956842363474688	0.871946071946072	0.912423683509781	0.103950103950104	1.0	0.784350784350785
GC_00000231	10	11	2	0	0.996380462897645	0.86381810179444	0.925375921110634	0.0215419501133787	1.0	0.814986600700886
GC_00000232	10	11	2	0	0.968167228374258	0.999039910298189	0.983361316634299	0.787037037037037	1.0	0.959042809042809
GC_00000233	10	11	2	0	0.996114996114996	0.859599776699446	0.922836031454107	0.102739726027397	1.0	0.798381070983811
GC_00000234	10	11	2	0	0.931110004977601	0.998018375067555	0.963403891404196	0.557377049180328	1.0	0.914555389965226
GC_00000235	10	11	2	0	0.997943092218032	0.879439445651051	0.934951190935943	0.0221843003412969	1.0	0.812721067328576
GC_00000236	10	11	2	0	0.985114887564678	0.863683967349451	0.92041157654913	0.0132450331125828	1.0	0.804515352197471
GC_00000237	10	11	2	0	0.939094997189432	0.998316498316498	0.967800626098665	0.583333333333333	1.0	0.919781144781145
GC_00000238	10	11	2	0	0.988807511737089	0.888803979525629	0.936142599793867	0.00512820512820513	1.0	0.814265734265735
GC_00000239	10	11	2	0	0.992874025470067	0.860404997845757	0.921905188585412	0.0805687203791469	1.0	0.812494614390349
GC_00000240	10	11	2	0	0.986224346359292	0.856256862099249	0.916656691273378	0.178819444444444	1.0	0.777430555555555
GC_00000241	10	11	2	0	0.993820674472131	0.871731978511637	0.928781357586156	0.0202702702702703	1.0	0.812469287469287
GC_00000242	10	11	2	0	0.995084175084175	0.86166896346537	0.923583358394517	0.0598802395209581	1.0	0.804844855743059
GC_00000243	10	11	2	0	0.993459542599221	0.866705569953928	0.925763969320788	0.0487329434697856	1.0	0.814389509126351
GC_00000244	10	11	2	0	0.991125683060109	0.882234631583924	0.933515453501054	0.0352941176470588	1.0	0.80716577540107
GC_00000245	10	11	2	0	0.991264849755416	0.864826273203236	0.923739007387559	0.00523560209424084	1.0	0.804569252736792
GC_00000246	10	11	2	0	0.993688007213706	0.873318361553653	0.929622948129881	0.0045045045045045	1.0	0.811384111384111
GC_00000247	10	11	2	0	0.970044358933248	0.871029700226782	0.917874479806425	0.160583941605839	1.0	0.797544790975448
GC_00000248	10	11	2	0	0.926497224656734	0.98349233704684	0.954144398498529	0.535545023696682	1.0	0.902455838000862
GC_00000249	10	11	2	0	0.994687100893997	0.873335541874865	0.930069666572757	0.112359550561798	1.0	0.796690500510725
GC_00000250	10	11	2	0	0.972536231884058	0.873902662993571	0.920585030199483	0.07	1.0	0.795818181818182
GC_00000251	10	11	2	0	0.992013451029845	0.866245034878659	0.92487318960615	0.125490196078431	1.0	0.787237076648842
GC_00000252	10	11	2	0	0.983718861209964	0.870675897853597	0.923751858694879	0.016260162601626	1.0	0.815742793791574
GC_00000253	10	11	2	0	0.9957907880692	0.885069946549268	0.93717145916116	0.013550135501355	1.0	0.811234294161124
GC_00000254	10	11	2	0	0.992165763655001	0.871283970502312	0.927804072316136	0.0328947368421053	1.0	0.808433014354067
GC_00000255	10	11	2	0	0.995228424178896	0.868392180481715	0.92749412534799	0.0280649926144756	1.0	0.814502484221834
GC_00000256	10	11	2	0	0.969436274509804	0.864457615448533	0.913942267631518	0.0345963756177924	1.0	0.788827317657631
GC_00000257	10	11	2	0	0.992845487636501	0.877994466428044	0.931894620134701	0.0168067226890756	1.0	0.810338680926916
GC_00000258	10	11	2	0	0.990880169671262	0.863610534254923	0.922878233792935	0.0285714285714286	1.0	0.807359307359307
GC_00000259	10	11	2	0	0.976094098322187	0.881017369727046	0.926121958649289	0.032258064516129	1.0	0.80975073313783
GC_00000260	10	11	2	0	0.991153034016122	0.892482813450685	0.939233609881147	0.0292887029288703	1.0	0.813008748573602
GC_00000261	10	11	2	0	0.970394918530793	0.874144316013916	0.919758372645143	0.126865671641791	1.0	0.789959294436906
GC_00000262	10	11	2	0	0.991386149835657	0.867554057196001	0.925345606366993	0.0637755102040816	1.0	0.810018552875696
GC_00000263	10	11	2	0	0.986859236382354	0.977199252206427	0.982005488562364	0.892682926829268	1.0	0.964345898004434
GC_00000264	10	11	2	0	0.987782302850796	0.880818918461171	0.931239185492179	0.0167224080267559	1.0	0.81045910611128
GC_00000265	10	11	2	0	0.988115365489806	0.867534474757955	0.923907222157829	0.0135135135135135	1.0	0.812489762489763
GC_00000266	10	11	2	0	0.95770483831753	0.994007673846247	0.975518630571161	0.708133971291866	1.0	0.942032767870088
GC_00000267	10	11	2	0	0.992331768388106	0.865004999479693	0.924304041839044	0.0	1.0	0.811139564660692
GC_00000268	10	11	2	0	0.991264069887441	0.870096636028806	0.926736585642841	0.0293159609120521	1.0	0.813325436778205
GC_00000269	10	11	2	0	0.990251350716467	0.871159909231478	0.926895947573274	0.0674603174603175	1.0	0.810245310245311
GC_00000270	10	11	2	0	0.990595027469969	0.854819291886685	0.917712332722717	0.14344262295082	1.0	0.790834575260805
GC_00000271	10	11	2	0	0.983792360874986	0.876807207589917	0.927223941580055	0.0124610591900312	1.0	0.814613423959218
GC_00000272	10	11	2	0	0.958586210905709	0.861689651937331	0.907558942343115	0.148148148148148	1.0	0.766835016835017
GC_00000273	10	11	2	0	0.996133287842602	0.877500163945178	0.933060970446571	0.00255754475703325	1.0	0.813066728667752
GC_00000274	10	11	2	0	0.991712287104623	0.864540914506695	0.923770363737784	0.0184804928131417	1.0	0.810976292701139
GC_00000275	10	11	2	0	0.990357377094933	0.862536723347899	0.922038239291419	0.0842696629213483	1.0	0.803711270003405
GC_00000276	10	11	2	0	0.981120943952802	0.839560691252098	0.904837575092281	0.0192644483362522	1.0	0.776468715172743
GC_00000277	10	11	2	0	0.994325518178729	0.867445735047722	0.926562195542015	0.0454545454545455	1.0	0.80603305785124
GC_00000278	10	11	2	0	0.984016754850088	0.868208895926429	0.922492461912875	0.0451127819548872	1.0	0.810344041922989
GC_00000279	10	11	2	0	0.993344218956535	0.862185661415832	0.92312945374155	0.03125	1.0	0.816969696969697
GC_00000280	10	11	2	0	0.957779495105616	0.974165370310907	0.965902943948243	0.603305785123967	1.0	0.914876033057851
GC_00000281	10	11	2	0	0.987614862165402	0.87155046788074	0.925959817876838	0.032967032967033	1.0	0.81958041958042
GC_00000282	10	11	2	0	0.987509611987447	0.867522910702213	0.92363578800832	0.0758426966292135	1.0	0.807201225740552
GC_00000283	10	11	2	0	0.990274394274168	0.866561082447971	0.924296483754812	0.0179487179487179	1.0	0.811888111888112
GC_00000284	10	11	2	0	0.962773887508471	0.782825000437652	0.863524231270524	0.107452339688042	1.0	0.701969434378447
GC_00000285	10	11	2	0	0.99083588726639	0.8638814330727	0.923013676364501	0.0526315789473684	1.0	0.806772175193228
GC_00000286	10	11	2	0	0.994137802244199	0.88500510147214	0.936402468181023	0.0368763557483731	1.0	0.811989745612305
GC_00000287	8	11	2	0	0.986513618971853	0.664041998905873	0.793776917777836	0.0248447204968944	1.0	0.547374364765669
GC_00000288	10	11	2	0	0.991066666666667	0.882116093986092	0.933422915524982	0.0129533678756477	1.0	0.815685350918512
GC_00000289	10	11	2	0	0.990835966032578	0.865060327106983	0.923686186619319	0.104477611940299	1.0	0.799457259158752
GC_00000290	10	11	2	0	0.992937909674663	0.873992771523101	0.929676248150946	0.0886524822695035	1.0	0.799258542875564
GC_00000291	10	11	2	0	0.990353641456583	0.897265822448401	0.941514422380462	0.0319905213270142	1.0	0.811762171477811
GC_00000292	10	11	2	0	0.988127853881279	0.871084422823551	0.925922006926055	0.02	1.0	0.805757575757576
GC_00000293	10	11	2	0	0.983917111265754	0.849552238805968	0.911811244232279	0.293532338308458	1.0	0.767526006331977
GC_00000294	10	11	2	0	0.981290751829674	0.85395618616259	0.913206054838405	0.0854092526690391	1.0	0.792106114526043
GC_00000295	10	11	2	0	0.933958418263351	1.0	0.965851602023609	0.565022421524664	1.0	0.916021198532409
GC_00000296	10	11	2	0	0.982699333763164	0.853869011668639	0.913765622689635	0.145539906103286	1.0	0.781732821169441
GC_00000297	10	11	2	0	0.99513897055941	0.863037776784239	0.924392715569932	0.054089709762533	1.0	0.811945310626049
GC_00000298	10	11	2	0	0.988594536601469	0.856673752706098	0.917918544942779	0.00662251655629139	1.0	0.802889825406382
GC_00000299	10	11	2	0	0.995751849410386	0.850816483094964	0.917596247739395	0.199367088607595	1.0	0.782968929804373
GC_00000300	10	11	2	0	0.993029890423394	0.880039891810927	0.933126918838836	0.0364963503649635	1.0	0.812156602521566
GC_00000301	10	11	2	0	0.994111357841928	0.864758084343275	0.924934063600177	0.0022271714922049	1.0	0.81461834379429
GC_00000302	10	11	2	0	0.947332948199499	0.854607747145061	0.898584596872379	0.110874200426439	1.0	0.762046908315565
GC_00000303	10	11	2	0	0.983416970528419	0.826338053533632	0.898060626365231	0.055045871559633	1.0	0.8007784264665
GC_00000304	9	11	2	0	0.901944909231572	0.989354283964289	0.943629715550381	0.585903083700441	1.0	0.859671605927113
GC_00000305	10	11	2	0	0.99107127956074	0.863406177588807	0.922844396845728	0.0288888888888889	1.0	0.798989898989899
GC_00000306	10	11	2	0	0.988904036961297	0.865991808702804	0.923375614435118	0.0332480818414322	1.0	0.807579632643571
GC_00000307	10	11	2	0	0.989068067886694	0.873742201935395	0.927835244951535	0.0264765784114053	1.0	0.80633216071098
GC_00000308	10	11	2	0	0.990448689471346	0.864579710144927	0.923243914792567	0.03	1.0	0.809515151515152
GC_00000309	10	11	2	0	0.98752364324167	0.887987604730624	0.935114364709994	0.0346534653465347	1.0	0.808370837083708
GC_00000310	10	11	2	0	0.996265172735761	0.869355728154758	0.928493923138943	0.0182421227197347	1.0	0.813719282375999
GC_00000311	10	11	2	0	0.990783410138249	0.87670095734612	0.93025760141805	0.0	1.0	0.80728948470884
GC_00000312	10	11	2	0	0.989978423295708	0.863521708453459	0.922436254277062	0.101415094339623	1.0	0.790308747855918
GC_00000313	10	11	2	0	0.989752150860344	0.865761779545463	0.923614282163214	0.0431107354184277	1.0	0.808729731806655
GC_00000314	10	11	2	0	0.978021978021978	0.870685686989753	0.921237850571404	0.0921052631578947	1.0	0.800478468899522
GC_00000315	10	11	2	0	0.994386598668367	0.86030531732419	0.922499387562699	0.0964705882352941	1.0	0.800598930481283
GC_00000316	10	11	2	0	0.982849604221636	0.871135534606091	0.923626837648085	0.0131578947368421	1.0	0.798803827751196
GC_00000317	10	11	2	0	0.988399696705571	0.895128005985673	0.939454459166968	0.0238322211630124	1.0	0.802669208770257
GC_00000318	10	11	2	0	0.98370018702345	0.875260449728537	0.926317482006006	0.0714285714285714	1.0	0.796805896805897
GC_00000319	10	11	2	0	0.978497301784973	0.865510255760955	0.918542276536438	0.125	1.0	0.791919191919192
GC_00000320	10	11	2	0	0.989644012944984	0.874796824147472	0.928683198026198	0.0481481481481481	1.0	0.818922558922559
GC_00000321	9	11	2	0	0.998016647158278	0.744071553483736	0.852535246814736	0.0258620689655172	1.0	0.661692789968652
GC_00000322	10	11	2	0	0.995827473042663	0.854764175068951	0.919919474806764	0.161042944785276	1.0	0.791689905186838
GC_00000323	10	11	2	0	0.992558293368613	0.863942412907263	0.923795185237671	0.0173697270471464	1.0	0.80947439657117
GC_00000324	10	11	2	0	0.988486221215553	0.869570863803786	0.925223260545412	0.0318471337579618	1.0	0.807064273306311
GC_00000325	10	11	2	0	0.982595511136737	0.852993743039681	0.913219361065141	0.0269503546099291	1.0	0.794352030947776
GC_00000326	7	11	3	0	0.787065439672802	0.950185885702665	0.860967507668847	0.506666666666667	1.0	0.747151515151515
GC_00000327	10	11	2	0	0.993641657596497	0.878412560240204	0.932480805410942	0.0216486261448793	1.0	0.814306259934903
GC_00000328	10	11	2	0	0.98322829493405	0.827018106374953	0.898383338337409	0.024896265560166	1.0	0.721991701244813
GC_00000329	10	11	2	0	0.967677440853049	0.88166424913413	0.922670601017657	0.0	1.0	0.785367185367186
GC_00000330	10	11	2	0	0.99094040131776	0.866538394353925	0.924573573877935	0.0219966159052453	1.0	0.812151976618982
GC_00000331	10	11	2	0	0.987151408964812	0.848306833353563	0.912477621633838	0.270186335403727	1.0	0.767137210615471
GC_00000332	10	11	2	0	0.988128860416523	0.881716508453022	0.93189473655231	0.0215384615384615	1.0	0.80413986013986
GC_00000333	10	11	2	0	0.99395526899053	0.875227310224836	0.930820569628422	0.00181488203266788	1.0	0.812638178518396
GC_00000334	10	11	2	0	0.989822822189412	0.839260331366149	0.908344738870537	0.0313199105145414	1.0	0.772666259914582
GC_00000335	10	11	2	0	0.9931433754869	0.865653443769436	0.925026311903193	0.0179856115107914	1.0	0.808960104643558
GC_00000336	10	11	2	0	0.932918667821431	0.835422153926089	0.881482702117382	0.031496062992126	1.0	0.73915533285612
GC_00000337	6	11	4	0	0.750518347075558	0.875694038512042	0.808288570610662	0.251700680272109	1.0	0.645021645021645
GC_00000338	10	11	2	0	0.958133698380105	0.944827988792033	0.951434326120995	0.4765625	1.0	0.882919034090909
GC_00000339	10	11	2	0	0.984678298800436	0.865343501707135	0.92116208242002	0.0491400491400491	1.0	0.804288586106768
GC_00000340	10	11	2	0	0.937123089632383	0.956723025921402	0.946821635201062	0.51869918699187	1.0	0.889578713968958
GC_00000341	10	11	2	0	0.980338191447218	0.890066649738608	0.933024028230198	0.0154711673699015	1.0	0.797161488300729
GC_00000342	10	11	2	0	0.935610818052416	0.86659627176669	0.89978210753814	0.0292682926829268	1.0	0.759793052475979
GC_00000343	10	11	2	0	0.978327579593402	0.841211549187011	0.904603199595675	0.230061349693252	1.0	0.760847741215839
GC_00000344	10	11	2	0	0.95990975997633	0.863315212425766	0.90905369429173	0.025	1.0	0.780363636363636
GC_00000345	10	11	2	0	0.985193095884085	0.865761551301811	0.921624205456587	0.0533854166666667	0.998697916666667	0.80641571969697
GC_00000346	10	11	2	0	0.992582812545844	0.888346961091906	0.9375766575823	0.0309033280507132	0.999207606973059	0.810401959371848
GC_00000347	10	11	2	0	0.967058299605747	0.863506012567439	0.912353257036296	0.113240418118467	0.998257839721254	0.773804244535952
GC_00000348	10	11	2	0	0.980387510297121	0.823463509573214	0.895099796023116	0.199720670391061	0.998603351955307	0.738953783646521
GC_00000349	10	11	2	0	0.981846462413786	0.854753037511661	0.913902291874009	0.037037037037037	0.997354497354497	0.789177489177489
GC_00000350	6	11	3	0	0.895661815661816	0.834074739489756	0.863771877103666	0.195652173913043	0.996376811594203	0.709617918313571
GC_00000351	10	11	2	0	0.946514484999802	0.994349583284077	0.969842555294539	0.70221066319896	0.998699609882965	0.929684359853411
GC_00000352	10	10	1	1	1.0	1.0	1.0	1.0	1.0	1.0
GC_00000353	10	10	1	1	1.0	1.0	1.0	1.0	1.0	1.0
GC_00000354	10	10	1	1	1.0	1.0	1.0	1.0	1.0	1.0
GC_00000355	10	10	1	1	1.0	1.0	1.0	1.0	1.0	1.0
GC_00000356	10	10	1	1	1.0	1.0	1.0	1.0	1.0	1.0
GC_00000357	10	10	1	1	1.0	1.0	1.0	1.0	1.0	1.0
GC_00000358	10	10	1	1	1.0	1.0	1.0	1.0	1.0	1.0
GC_00000359	10	10	1	1	1.0	1.0	1.0	1.0	1.0	1.0
GC_00000360	10	10	1	1	1.0	1.0	1.0	1.0	1.0	1.0
GC_00000361	10	10	1	1	1.0	1.0	1.0	1.0	1.0	1.0
GC_00000362	10	10	1	1	1.0	1.0	1.0	1.0	1.0	1.0
GC_00000363	10	10	1	1	1.0	1.0	1.0	1.0	1.0	1.0
GC_00000364	10	10	1	1	1.0	1.0	1.0	1.0	1.0	1.0
GC_00000365	10	10	1	1	1.0	1.0	1.0	1.0	1.0	1.0
GC_00000366	10	10	1	1	1.0	1.0	1.0	1.0	1.0	1.0
GC_00000367	10	10	1	1	1.0	1.0	1.0	1.0	1.0	1.0
GC_00000368	10	10	1	1	1.0	1.0	1.0	1.0	1.0	1.0
GC_00000369	10	10	1	1	1.0	1.0	1.0	1.0	1.0	1.0
GC_00000370	10	10	1	1	1.0	1.0	1.0	1.0	1.0	1.0
GC_00000371	10	10	1	1	1.0	1.0	1.0	1.0	1.0	1.0
GC_00000372	10	10	1	1	1.0	1.0	1.0	1.0	1.0	1.0
GC_00000373	10	10	1	1	1.0	1.0	1.0	1.0	1.0	1.0
GC_00000374	10	10	1	1	1.0	1.0	1.0	1.0	1.0	1.0
GC_00000375	10	10	1	1	1.0	1.0	1.0	1.0	1.0	1.0
GC_00000376	10	10	1	1	1.0	1.0	1.0	1.0	1.0	1.0
GC_00000377	10	10	1	1	1.0	1.0	1.0	1.0	1.0	1.0
GC_00000378	10	10	1	1	1.0	1.0	1.0	1.0	1.0	1.0
GC_00000379	10	10	1	1	1.0	1.0	1.0	1.0	1.0	1.0
GC_00000380	10	10	1	1	1.0	1.0	1.0	1.0	1.0	1.0
GC_00000381	10	10	1	1	1.0	1.0	1.0	1.0	1.0	1.0
GC_00000382	10	10	1	1	1.0	1.0	1.0	1.0	1.0	1.0
GC_00000383	10	10	1	1	1.0	1.0	1.0	1.0	1.0	1.0
GC_00000384	10	10	1	1	1.0	1.0	1.0	1.0	1.0	1.0
GC_00000385	10	10	1	1	1.0	1.0	1.0	1.0	1.0	1.0
GC_00000386	10	10	1	1	1.0	1.0	1.0	1.0	1.0	1.0
GC_00000387	10	10	1	1	1.0	1.0	1.0	1.0	1.0	1.0
GC_00000388	10	10	1	1	1.0	1.0	1.0	1.0	1.0	1.0
GC_00000389	10	10	1	1	1.0	1.0	1.0	1.0	1.0	1.0
GC_00000390	10	10	1	1	1.0	1.0	1.0	1.0	1.0	1.0
GC_00000391	10	10	1	1	1.0	1.0	1.0	1.0	1.0	1.0
GC_00000392	10	10	1	1	1.0	1.0	1.0	1.0	1.0	1.0
GC_00000393	10	10	1	1	1.0	1.0	1.0	1.0	1.0	1.0
GC_00000394	10	10	1	1	1.0	1.0	1.0	1.0	1.0	1.0
GC_00000395	10	10	1	1	1.0	1.0	1.0	1.0	1.0	1.0
GC_00000396	10	10	1	1	1.0	1.0	1.0	1.0	1.0	1.0
GC_00000397	10	10	1	1	1.0	1.0	1.0	1.0	1.0	1.0
GC_00000398	10	10	1	1	1.0	1.0	1.0	1.0	1.0	1.0
GC_00000399	10	10	1	1	1.0	1.0	1.0	1.0	1.0	1.0
GC_00000400	10	10	1	1	1.0	1.0	1.0	1.0	1.0	1.0
GC_00000401	10	10	1	1	1.0	1.0	1.0	1.0	1.0	1.0
GC_00000402	10	10	1	1	1.0	1.0	1.0	1.0	1.0	1.0
GC_00000403	10	10	1	1	1.0	1.0	1.0	1.0	1.0	1.0
GC_00000404	10	10	1	1	1.0	1.0	1.0	1.0	1.0	1.0
GC_00000405	10	10	1	1	1.0	1.0	1.0	1.0	1.0	1.0
GC_00000406	10	10	1	1	1.0	1.0	1.0	1.0	1.0	1.0
GC_00000407	10	10	1	1	1.0	1.0	1.0	1.0	1.0	1.0
GC_00000408	10	10	1	1	1.0	1.0	1.0	1.0	1.0	1.0
GC_00000409	10	10	1	1	1.0	1.0	1.0	1.0	1.0	1.0
GC_00000410	10	10	1	1	1.0	1.0	1.0	1.0	1.0	1.0
GC_00000411	10	10	1	1	1.0	1.0	1.0	1.0	1.0	1.0
GC_00000412	10	10	1	1	1.0	1.0	1.0	1.0	1.0	1.0
GC_00000413	10	10	1	1	1.0	1.0	1.0	1.0	1.0	1.0
GC_00000414	10	10	1	1	1.0	1.0	1.0	1.0	1.0	1.0
GC_00000415	10	10	1	1	1.0	1.0	1.0	1.0	1.0	1.0
GC_00000416	10	10	1	1	1.0	1.0	1.0	1.0	1.0	1.0
GC_00000417	10	10	1	1	1.0	1.0	1.0	1.0	1.0	1.0
GC_00000418	10	10	1	1	1.0	1.0	1.0	1.0	1.0	1.0
GC_00000419	10	10	1	1	1.0	1.0	1.0	1.0	1.0	1.0
GC_00000420	10	10	1	1	1.0	1.0	1.0	1.0	1.0	1.0
GC_00000421	10	10	1	1	1.0	1.0	1.0	1.0	1.0	1.0
GC_00000422	10	10	1	1	1.0	1.0	1.0	1.0	1.0	1.0
GC_00000423	10	10	1	1	1.0	1.0	1.0	1.0	1.0	1.0
GC_00000424	10	10	1	1	1.0	1.0	1.0	1.0	1.0	1.0
GC_00000425	10	10	1	1	1.0	1.0	1.0	1.0	1.0	1.0
GC_00000426	10	10	1	1	1.0	1.0	1.0	1.0	1.0	1.0
GC_00000427	10	10	1	1	1.0	1.0	1.0	1.0	1.0	1.0
GC_00000428	10	10	1	1	1.0	1.0	1.0	1.0	1.0	1.0
GC_00000429	10	10	1	1	1.0	1.0	1.0	1.0	1.0	1.0
GC_00000430	10	10	1	1	1.0	1.0	1.0	1.0	1.0	1.0
GC_00000431	10	10	1	1	1.0	1.0	1.0	1.0	1.0	1.0
GC_00000432	10	10	1	1	1.0	1.0	1.0	1.0	1.0	1.0
GC_00000433	10	10	1	1	1.0	1.0	1.0	1.0	1.0	1.0
GC_00000434	10	10	1	1	1.0	1.0	1.0	1.0	1.0	1.0
GC_00000435	10	10	1	1	1.0	1.0	1.0	1.0	1.0	1.0
GC_00000436	10	10	1	1	1.0	1.0	1.0	1.0	1.0	1.0
GC_00000437	10	10	1	1	1.0	1.0	1.0	1.0	1.0	1.0
GC_00000438	10	10	1	1	1.0	1.0	1.0	1.0	1.0	1.0
GC_00000439	10	10	1	1	1.0	1.0	1.0	1.0	1.0	1.0
GC_00000440	10	10	1	1	1.0	1.0	1.0	1.0	1.0	1.0
GC_00000441	10	10	1	1	1.0	1.0	1.0	1.0	1.0	1.0
GC_00000442	10	10	1	1	1.0	1.0	1.0	1.0	1.0	1.0
GC_00000443	10	10	1	1	1.0	1.0	1.0	1.0	1.0	1.0
GC_00000444	10	10	1	1	1.0	1.0	1.0	1.0	1.0	1.0
GC_00000445	10	10	1	1	1.0	1.0	1.0	1.0	1.0	1.0
GC_00000446	10	10	1	1	1.0	1.0	1.0	1.0	1.0	1.0
GC_00000447	10	10	1	1	1.0	1.0	1.0	1.0	1.0	1.0
GC_00000448	10	10	1	1	1.0	1.0	1.0	1.0	1.0	1.0
GC_00000449	10	10	1	1	1.0	1.0	1.0	1.0	1.0	1.0
GC_00000450	10	10	1	1	1.0	1.0	1.0	1.0	1.0	1.0
GC_00000451	10	10	1	1	1.0	1.0	1.0	1.0	1.0	1.0
GC_00000452	10	10	1	1	1.0	1.0	1.0	1.0	1.0	1.0
GC_00000453	10	10	1	1	1.0	1.0	1.0	1.0	1.0	1.0
GC_00000454	10	10	1	1	1.0	1.0	1.0	1.0	1.0	1.0
GC_00000455	10	10	1	1	1.0	1.0	1.0	1.0	1.0	1.0
GC_00000456	10	10	1	1	1.0	1.0	1.0	1.0	1.0	1.0
GC_00000457	10	10	1	1	1.0	1.0	1.0	1.0	1.0	1.0
GC_00000458	10	10	1	1	1.0	1.0	1.0	1.0	1.0	1.0
GC_00000459	10	10	1	1	1.0	1.0	1.0	1.0	1.0	1.0
GC_00000460	10	10	1	1	1.0	1.0	1.0	1.0	1.0	1.0
GC_00000461	10	10	1	1	1.0	1.0	1.0	1.0	1.0	1.0
GC_00000462	10	10	1	1	1.0	1.0	1.0	1.0	1.0	1.0
GC_00000463	10	10	1	1	1.0	1.0	1.0	1.0	1.0	1.0
GC_00000464	10	10	1	1	1.0	1.0	1.0	1.0	1.0	1.0
GC_00000465	10	10	1	1	1.0	1.0	1.0	1.0	1.0	1.0
GC_00000466	10	10	1	1	1.0	1.0	1.0	1.0	1.0	1.0
GC_00000467	10	10	1	1	1.0	1.0	1.0	1.0	1.0	1.0
GC_00000468	10	10	1	1	1.0	1.0	1.0	1.0	1.0	1.0
GC_00000469	10	10	1	1	1.0	1.0	1.0	1.0	1.0	1.0
GC_00000470	10	10	1	1	1.0	1.0	1.0	1.0	1.0	1.0
GC_00000471	10	10	1	1	1.0	1.0	1.0	1.0	1.0	1.0
GC_00000472	10	10	1	1	1.0	1.0	1.0	1.0	1.0	1.0
GC_00000473	10	10	1	1	1.0	1.0	1.0	1.0	1.0	1.0
GC_00000474	10	10	1	1	1.0	1.0	1.0	1.0	1.0	1.0
GC_00000475	10	10	1	1	1.0	1.0	1.0	1.0	1.0	1.0
GC_00000476	10	10	1	1	1.0	1.0	1.0	1.0	1.0	1.0
GC_00000477	10	10	1	1	1.0	1.0	1.0	1.0	1.0	1.0
GC_00000478	10	10	1	1	1.0	1.0	1.0	1.0	1.0	1.0
GC_00000479	10	10	1	1	1.0	1.0	1.0	1.0	1.0	1.0
GC_00000480	10	10	1	1	1.0	1.0	1.0	1.0	1.0	1.0
GC_00000481	10	10	1	1	1.0	1.0	1.0	1.0	1.0	1.0
GC_00000482	10	10	1	1	1.0	1.0	1.0	1.0	1.0	1.0
GC_00000483	10	10	1	1	1.0	1.0	1.0	1.0	1.0	1.0
GC_00000484	10	10	1	1	1.0	1.0	1.0	1.0	1.0	1.0
GC_00000485	10	10	1	1	1.0	1.0	1.0	1.0	1.0	1.0
GC_00000486	10	10	1	1	1.0	1.0	1.0	1.0	1.0	1.0
GC_00000487	10	10	1	1	1.0	1.0	1.0	1.0	1.0	1.0
GC_00000488	10	10	1	1	1.0	1.0	1.0	1.0	1.0	1.0
GC_00000489	10	10	1	1	1.0	1.0	1.0	1.0	1.0	1.0
GC_00000490	10	10	1	1	1.0	1.0	1.0	1.0	1.0	1.0
GC_00000491	10	10	1	1	1.0	1.0	1.0	1.0	1.0	1.0
GC_00000492	10	10	1	1	1.0	1.0	1.0	1.0	1.0	1.0
GC_00000493	10	10	1	1	1.0	1.0	1.0	1.0	1.0	1.0
GC_00000494	10	10	1	1	1.0	1.0	1.0	1.0	1.0	1.0
GC_00000495	10	10	1	1	1.0	1.0	1.0	1.0	1.0	1.0
GC_00000496	10	10	1	1	1.0	1.0	1.0	1.0	1.0	1.0
GC_00000497	10	10	1	1	1.0	1.0	1.0	1.0	1.0	1.0
GC_00000498	10	10	1	1	1.0	1.0	1.0	1.0	1.0	1.0
GC_00000499	10	10	1	1	1.0	1.0	1.0	1.0	1.0	1.0
GC_00000500	10	10	1	1	1.0	1.0	1.0	1.0	1.0	1.0
GC_00000501	10	10	1	1	1.0	1.0	1.0	1.0	1.0	1.0
GC_00000502	10	10	1	1	1.0	1.0	1.0	1.0	1.0	1.0
GC_00000503	10	10	1	1	1.0	1.0	1.0	1.0	1.0	1.0
GC_00000504	10	10	1	1	1.0	1.0	1.0	1.0	1.0	1.0
GC_00000505	10	10	1	1	1.0	1.0	1.0	1.0	1.0	1.0
GC_00000506	10	10	1	1	1.0	1.0	1.0	1.0	1.0	1.0
GC_00000507	10	10	1	1	1.0	1.0	1.0	1.0	1.0	1.0
GC_00000508	10	10	1	1	1.0	1.0	1.0	1.0	1.0	1.0
GC_00000509	10	10	1	1	1.0	1.0	1.0	1.0	1.0	1.0
GC_00000510	10	10	1	1	1.0	1.0	1.0	1.0	1.0	1.0
GC_00000511	10	10	1	1	1.0	1.0	1.0	1.0	1.0	1.0
GC_00000512	10	10	1	1	1.0	1.0	1.0	1.0	1.0	1.0
GC_00000513	10	10	1	1	1.0	1.0	1.0	1.0	1.0	1.0
GC_00000514	10	10	1	1	1.0	1.0	1.0	1.0	1.0	1.0
GC_00000515	10	10	1	1	1.0	1.0	1.0	1.0	1.0	1.0
GC_00000516	10	10	1	1	0.999335548172757	1.0	0.99966766367564	0.996677740863787	1.0	0.999335548172757
GC_00000517	10	10	1	1	0.973809523809524	1.0	0.986731001206273	0.857142857142857	1.0	0.971428571428572
GC_00000518	10	10	1	1	0.999849510910459	1.0	0.999924749793062	0.997742663656885	1.0	0.999548532731377
GC_00000519	10	10	1	1	0.999643493761141	1.0	0.999821715100731	0.994652406417112	1.0	0.998930481283422
GC_00000520	10	10	1	1	0.998648648648649	1.0	0.999323867478026	0.993243243243243	1.0	0.998648648648649
GC_00000521	10	10	1	1	0.999099099099099	1.0	0.999549346552501	0.986486486486487	1.0	0.997297297297297
GC_00000522	10	10	1	1	0.996296296296296	1.0	0.998144712430427	0.981481481481482	1.0	0.996296296296296
GC_00000523	10	10	1	1	0.996774193548387	1.0	0.998384491114701	0.983870967741935	1.0	0.996774193548387
GC_00000524	10	10	1	1	0.998857142857143	1.0	0.999428244711264	0.994285714285714	1.0	0.998857142857143
GC_00000525	10	10	1	1	0.999089253187614	1.0	0.999544419134396	0.991803278688525	1.0	0.998360655737705
GC_00000526	10	10	1	1	0.999509803921569	1.0	0.999754841873008	0.997549019607843	1.0	0.999509803921569
GC_00000527	10	10	1	1	0.999399399399399	1.0	0.99969960949234	0.996996996996997	1.0	0.9993993993994
GC_00000528	10	10	1	1	0.999369085173502	1.0	0.999684443041969	0.996845425867508	1.0	0.999369085173502
GC_00000529	10	10	1	1	1.0	0.958868382558901	0.979002357786097	0.767716535433071	1.0	0.953543307086614
GC_00000530	10	10	1	1	0.997932816537468	1.0	0.998965338851526	0.984496124031008	1.0	0.996899224806202
GC_00000531	10	10	1	1	0.99949494949495	1.0	0.999747410962364	0.992424242424242	1.0	0.998484848484848
GC_00000532	10	10	1	1	0.999137001078749	1.0	0.999568314267213	0.993527508090615	1.0	0.998705501618123
GC_00000533	10	10	1	1	0.99969696969697	1.0	0.999848461888165	0.995454545454545	1.0	0.999090909090909
GC_00000534	10	10	1	1	0.998678559629997	0.976403545799918	0.987415443698561	0.864734299516908	1.0	0.972946859903382
GC_00000535	10	10	1	1	0.998095238095238	1.0	0.99904671115348	0.990476190476191	1.0	0.998095238095238
GC_00000536	10	10	1	1	0.997014925373134	1.0	0.998505231689088	0.985074626865672	1.0	0.997014925373134
GC_00000537	10	10	1	1	0.998850574712644	1.0	0.999424956871765	0.994252873563218	1.0	0.998850574712644
GC_00000538	10	10	1	1	0.9997557997558	1.0	0.99987788496764	0.996336996336996	1.0	0.999267399267399
GC_00000539	10	10	1	1	0.999111111111111	1.0	0.999555357936861	0.986666666666667	1.0	0.997333333333333
GC_00000540	10	10	1	1	0.990476190476191	1.0	0.995215311004785	0.933333333333333	1.0	0.986666666666667
GC_00000541	10	10	1	1	0.994736842105263	1.0	0.997361477572559	0.973684210526316	1.0	0.994736842105263
GC_00000542	10	10	1	1	0.990849673202614	1.0	0.995403808273145	0.941176470588235	1.0	0.988235294117647
GC_00000543	10	10	1	1	0.996774193548387	1.0	0.998384491114701	0.983870967741935	1.0	0.996774193548387
GC_00000544	10	10	1	1	0.999420289855072	1.0	0.999710060887214	0.997101449275362	1.0	0.999420289855072
GC_00000545	10	10	1	1	0.997435897435897	1.0	0.998716302952503	0.987179487179487	1.0	0.997435897435897
GC_00000546	10	10	1	1	0.998974358974359	1.0	0.999486916367368	0.994871794871795	1.0	0.998974358974359
GC_00000547	10	10	1	1	0.99825327510917	1.0	0.999125874125874	0.991266375545852	1.0	0.99825327510917
GC_00000548	10	10	1	1	0.997283176593521	0.990735473384801	0.993998542289182	0.975155279503106	1.0	0.995031055900621
GC_00000549	10	10	1	1	0.998260869565217	1.0	0.999129677980853	0.991304347826087	1.0	0.998260869565218
GC_00000550	10	10	1	1	0.998994974874372	1.0	0.999497234791352	0.994974874371859	1.0	0.998994974874372
GC_00000551	10	10	1	1	0.999558498896247	1.0	0.999779200706558	0.993377483443709	1.0	0.998675496688742
GC_00000552	10	10	1	1	0.997560975609756	1.0	0.998778998778999	0.98780487804878	1.0	0.997560975609756
GC_00000553	10	10	1	1	0.998230088495575	1.0	0.99911426040744	0.991150442477876	1.0	0.998230088495575
GC_00000554	10	10	1	1	0.999857244825125	1.0	0.999928617317439	0.997858672376874	1.0	0.999571734475375
GC_00000555	10	10	1	1	0.9994708994709	1.0	0.999735379730087	0.992063492063492	1.0	0.998412698412698
GC_00000556	10	10	1	1	0.998058252427184	1.0	0.999028182701652	0.990291262135922	1.0	0.998058252427184
GC_00000557	10	10	1	1	0.999607843137255	1.0	0.999803883114336	0.994117647058824	1.0	0.998823529411765
GC_00000558	10	10	1	1	0.999382716049383	1.0	0.999691262735412	0.990740740740741	1.0	0.998148148148148
GC_00000559	10	10	1	1	0.999326599326599	1.0	0.999663186257999	0.996632996632997	1.0	0.999326599326599
GC_00000560	10	10	1	1	0.999677938808374	1.0	0.999838943469158	0.995169082125604	1.0	0.999033816425121
GC_00000561	10	10	1	1	0.995698924731183	1.0	0.997844827586207	0.967741935483871	1.0	0.993548387096774
GC_00000562	10	10	1	1	0.999717514124294	1.0	0.999858737109761	0.995762711864407	1.0	0.999152542372881
GC_00000563	10	10	1	1	0.998484848484849	1.0	0.999241849886278	0.977272727272727	1.0	0.995454545454545
GC_00000564	10	10	1	1	0.998611111111111	1.0	0.999305072967338	0.993055555555556	1.0	0.998611111111111
GC_00000565	10	10	1	1	0.998290598290598	1.0	0.999144568006843	0.974358974358974	1.0	0.994871794871795
GC_00000566	10	10	1	1	0.998173515981735	1.0	0.99908592321755	0.986301369863014	1.0	0.997260273972603
GC_00000567	10	10	1	1	0.999324324324324	1.0	0.999662047989185	0.996621621621622	1.0	0.999324324324324
GC_00000568	10	10	1	1	0.996774193548387	1.0	0.998384491114701	0.983870967741935	1.0	0.996774193548387
GC_00000569	10	10	1	1	0.996610169491525	1.0	0.99830220713073	0.983050847457627	1.0	0.996610169491525
GC_00000570	10	10	1	1	0.998275862068966	1.0	0.999137187230371	0.991379310344828	1.0	0.998275862068965
GC_00000571	10	10	1	1	0.99937106918239	1.0	0.999685435671595	0.990566037735849	1.0	0.99811320754717
GC_00000572	10	10	1	1	0.999716312056738	1.0	0.999858135905802	0.995744680851064	1.0	0.999148936170213
GC_00000573	10	10	1	1	0.996003197442046	0.972015051867922	0.98386292907771	0.819767441860465	1.0	0.963953488372093
GC_00000574	10	10	1	1	0.999666666666667	1.0	0.999833305550925	0.995	1.0	0.999
GC_00000575	10	10	1	1	0.999596774193548	1.0	0.999798346440815	0.997983870967742	1.0	0.999596774193548
GC_00000576	10	10	1	1	0.996774193548387	1.0	0.998384491114701	0.983870967741935	1.0	0.996774193548387
GC_00000577	10	10	1	1	0.998039215686275	1.0	0.999018645731109	0.990196078431373	1.0	0.998039215686275
GC_00000578	10	10	1	1	0.995906432748538	1.0	0.997949018458834	0.973684210526316	1.0	0.994736842105263
GC_00000579	10	10	1	1	0.999465240641711	1.0	0.999732548809842	0.997326203208556	1.0	0.999465240641711
GC_00000580	10	10	1	1	0.992896174863388	1.0	0.996435426377845	0.959016393442623	1.0	0.991803278688525
GC_00000581	10	10	1	1	0.998233215547703	0.99309065615581	0.995655295566498	0.956140350877193	1.0	0.991228070175439
GC_00000582	10	10	1	1	0.970464135021097	0.9875	0.978907954637287	0.825	1.0	0.965
GC_00000583	10	10	1	1	0.999625468164794	1.0	0.999812699007305	0.99438202247191	1.0	0.998876404494382
GC_00000584	10	10	1	1	0.999873257287706	1.0	0.99993662462767	0.998098859315589	1.0	0.999619771863118
GC_00000585	10	10	1	1	0.998230088495575	1.0	0.99911426040744	0.991150442477876	1.0	0.998230088495575
GC_00000586	10	10	1	1	0.990425531914894	0.984441995039954	0.987424698891308	0.926701570680628	1.0	0.985340314136126
GC_00000587	10	10	1	1	0.999348534201954	1.0	0.999674160964483	0.996742671009772	1.0	0.999348534201954
GC_00000588	10	10	1	1	0.998757763975155	1.0	0.999378495960224	0.993788819875776	1.0	0.998757763975155
GC_00000589	10	10	1	1	0.999002493765586	1.0	0.999500998003992	0.99501246882793	1.0	0.999002493765586
GC_00000590	10	10	1	1	0.999705014749263	1.0	0.999852485617348	0.995575221238938	1.0	0.999115044247788
GC_00000591	10	10	1	1	0.990476190476191	1.0	0.995215311004785	0.952380952380952	1.0	0.99047619047619
GC_00000592	10	10	1	1	0.999248120300752	1.0	0.999623918766454	0.996240601503759	1.0	0.999248120300752
GC_00000593	10	10	1	1	0.999802761341223	1.0	0.99990137094388	0.997041420118343	1.0	0.999408284023669
GC_00000594	10	10	1	1	0.999713876967096	1.0	0.999856918014022	0.998569384835479	1.0	0.999713876967096
GC_00000595	10	10	1	1	0.997701149425287	1.0	0.998849252013809	0.988505747126437	1.0	0.997701149425287
GC_00000596	10	10	1	1	0.997802197802198	1.0	0.998899889988999	0.989010989010989	1.0	0.997802197802198
GC_00000597	10	10	1	1	0.997333333333333	1.0	0.998664886515354	0.986666666666667	1.0	0.997333333333333
GC_00000598	10	10	1	1	0.999674267100977	1.0	0.999837107020687	0.998371335504886	1.0	0.999674267100977
GC_00000599	10	10	1	1	0.99906103286385	1.0	0.999530295913574	0.995305164319249	1.0	0.99906103286385
GC_00000600	10	10	1	1	0.999092970521542	1.0	0.999546279491833	0.993197278911565	1.0	0.998639455782313
GC_00000601	10	10	1	1	0.999086757990868	1.0	0.999543170397442	0.995433789954338	1.0	0.999086757990868
GC_00000602	10	10	1	1	0.998850574712644	1.0	0.999424956871765	0.994252873563218	1.0	0.998850574712644
GC_00000603	10	10	1	1	0.998726114649682	1.0	0.9993626513703	0.993630573248408	1.0	0.998726114649682
GC_00000604	10	10	1	1	0.998958333333333	1.0	0.999478895257947	0.984375	1.0	0.996875
GC_00000605	10	10	1	1	0.999563557010365	1.0	0.999781730874168	0.996726677577741	1.0	0.999345335515548
GC_00000606	10	10	1	1	0.998108747044917	1.0	0.999053478466635	0.985815602836879	1.0	0.997163120567376
GC_00000607	10	10	1	1	0.999695585996956	1.0	0.99984776982798	0.995433789954338	1.0	0.999086757990868
GC_00000608	10	10	1	1	0.999472295514512	1.0	0.999736078120876	0.997361477572559	1.0	0.999472295514512
GC_00000609	10	10	1	1	0.999575371549894	1.0	0.999787640688044	0.993630573248408	1.0	0.998726114649681
GC_00000610	10	10	1	1	0.998630136986301	1.0	0.999314599040439	0.993150684931507	1.0	0.998630136986301
GC_00000611	10	10	1	1	0.999852180339985	1.0	0.999926084706926	0.997782705099778	1.0	0.999556541019956
GC_00000612	10	10	1	1	1.0	0.932773892773892	0.965217810796469	0.575757575757576	1.0	0.915151515151515
GC_00000613	10	10	1	1	0.99985152190052	1.0	0.999925755438414	0.997772828507795	1.0	0.999554565701559
GC_00000614	10	10	1	1	0.998924731182796	1.0	0.999462076385153	0.994623655913978	1.0	0.998924731182796
GC_00000615	10	10	1	1	0.999103139013453	1.0	0.999551368326604	0.995515695067265	1.0	0.999103139013453
GC_00000616	10	10	1	1	0.999493670886076	1.0	0.999746771334515	0.99746835443038	1.0	0.999493670886076
GC_00000617	10	10	1	1	0.998591549295775	1.0	0.999295278365046	0.992957746478873	1.0	0.998591549295775
GC_00000618	10	10	1	1	0.996825396825397	1.0	0.998410174880763	0.984126984126984	1.0	0.996825396825397
GC_00000619	10	10	1	1	0.999483204134367	1.0	0.999741535280434	0.992248062015504	1.0	0.998449612403101
GC_00000620	10	10	1	1	0.999507085643869	1.0	0.99975348206582	0.99630314232902	1.0	0.999260628465804
GC_00000621	10	10	1	1	0.996561801615953	0.999484536082472	0.998021029024951	0.971649484536082	1.0	0.994329896907216
GC_00000622	10	10	1	1	0.991823899371069	1.0	0.995895168929586	0.952830188679245	1.0	0.990566037735849
GC_00000623	10	10	1	1	0.99956043956044	1.0	0.999780171466256	0.997802197802198	1.0	0.99956043956044
GC_00000624	10	10	1	1	0.998907103825137	1.0	0.999453253143795	0.983606557377049	1.0	0.99672131147541
GC_00000625	10	10	1	1	0.999642218246869	1.0	0.999821077115763	0.998211091234347	1.0	0.999642218246869
GC_00000626	10	10	1	1	0.999575371549894	1.0	0.999787640688044	0.993630573248408	1.0	0.998726114649681
GC_00000627	10	10	1	1	0.999695585996956	1.0	0.99984776982798	0.995433789954338	1.0	0.999086757990868
GC_00000628	10	10	1	1	0.997530864197531	1.0	0.99876390605686	0.987654320987654	1.0	0.997530864197531
GC_00000629	10	10	1	1	0.999099099099099	0.901087275933	0.947565457182181	0.879518072289157	1.0	0.975903614457831
GC_00000630	10	10	1	1	0.997435897435897	1.0	0.998716302952503	0.987179487179487	1.0	0.997435897435897
GC_00000631	10	10	1	1	0.999082568807339	1.0	0.999541073887104	0.995412844036697	1.0	0.99908256880734
GC_00000632	10	10	1	1	0.997368421052632	1.0	0.998682476943346	0.986842105263158	1.0	0.997368421052631
GC_00000633	10	10	1	1	0.998601398601399	1.0	0.999300209937019	0.993006993006993	1.0	0.998601398601399
GC_00000634	10	10	1	1	0.99954128440367	1.0	0.999770589584767	0.997706422018349	1.0	0.99954128440367
GC_00000635	10	10	1	1	0.999033816425121	1.0	0.999516674722088	0.995169082125604	1.0	0.999033816425121
GC_00000636	10	10	1	1	0.9985935302391	1.0	0.999296270232231	0.991561181434599	1.0	0.99831223628692
GC_00000637	10	10	1	1	0.9998445998446	1.0	0.999922293884529	0.997668997668998	1.0	0.999533799533799
GC_00000638	10	10	1	1	0.999430199430199	1.0	0.999715018523796	0.995726495726496	1.0	0.999145299145299
GC_00000639	10	10	1	1	0.998373983739837	1.0	0.999186330349878	0.991869918699187	1.0	0.998373983739837
GC_00000640	10	10	1	1	0.998888888888889	1.0	0.999444135630906	0.994444444444444	1.0	0.998888888888889
GC_00000641	10	10	1	1	0.999801587301587	1.0	0.999900783807917	0.99702380952381	1.0	0.999404761904762
GC_00000642	10	10	1	1	0.997959183673469	1.0	0.998978549540347	0.989795918367347	1.0	0.99795918367347
GC_00000643	10	10	1	1	0.999563318777293	1.0	0.999781611705613	0.997816593886463	1.0	0.999563318777292
GC_00000644	10	10	1	1	0.99949494949495	1.0	0.999747410962364	0.992424242424242	1.0	0.998484848484848
GC_00000645	10	10	1	1	0.99646017699115	1.0	0.99822695035461	0.982300884955752	1.0	0.99646017699115
GC_00000646	10	10	1	1	0.999107142857143	1.0	0.99955337204109	0.995535714285714	1.0	0.999107142857143
GC_00000647	10	10	1	1	0.999392097264438	1.0	0.999695956217695	0.996960486322188	1.0	0.999392097264438
GC_00000648	10	10	1	1	1.0	0.999539170506915	0.999769532150267	0.997695852534562	1.0	0.999539170506912
GC_00000649	10	10	1	1	0.999822222222222	1.0	0.999911103209174	0.997333333333333	1.0	0.999466666666667
GC_00000650	10	10	1	1	0.999019607843137	1.0	0.999509563511525	0.995098039215686	1.0	0.999019607843137
GC_00000651	10	10	1	1	0.999786324786325	1.0	0.999893150977669	0.996794871794872	1.0	0.999358974358974
GC_00000652	10	10	1	1	0.998026315789474	1.0	0.999012183075403	0.990131578947368	1.0	0.998026315789474
GC_00000653	10	10	1	1	0.997101449275362	1.0	0.998548621190131	0.971014492753623	1.0	0.994202898550725
GC_00000654	10	10	1	1	0.999491094147583	1.0	0.999745482311021	0.99236641221374	1.0	0.998473282442748
GC_00000655	10	10	1	1	0.999047619047619	1.0	0.999523582658409	0.995238095238095	1.0	0.999047619047619
GC_00000656	10	10	1	1	0.999793601651187	1.0	0.999896790174425	0.996904024767802	1.0	0.999380804953561
GC_00000657	10	10	1	1	0.999719887955182	1.0	0.999859924359154	0.995798319327731	1.0	0.999159663865546
GC_00000658	10	10	1	1	0.998473282442748	1.0	0.999236058059588	0.99236641221374	1.0	0.998473282442748
GC_00000659	10	10	1	1	0.999445983379501	1.0	0.999722914934885	0.997229916897507	1.0	0.999445983379501
GC_00000660	10	10	1	1	0.999152542372881	1.0	0.999576091564222	0.995762711864407	1.0	0.999152542372882
GC_00000661	10	10	1	1	0.999722222222222	1.0	0.999861091818308	0.995833333333333	1.0	0.999166666666667
GC_00000662	10	10	1	1	0.997619047619048	1.0	0.99880810488677	0.988095238095238	1.0	0.997619047619048
GC_00000663	10	10	1	1	0.99935691318328	1.0	0.999678353168221	0.996784565916399	1.0	0.99935691318328
GC_00000664	10	10	1	1	0.999802176063304	1.0	0.999901078247107	0.997032640949555	1.0	0.999406528189911
GC_00000665	10	10	1	1	0.999420289855072	1.0	0.999710060887214	0.997101449275362	1.0	0.999420289855072
GC_00000666	10	10	1	1	0.994736842105263	1.0	0.997361477572559	0.973684210526316	1.0	0.994736842105263
GC_00000667	10	10	1	1	0.996062992125984	0.949325025960541	0.972132568996092	0.685185185185185	1.0	0.937037037037037
GC_00000668	10	10	1	1	0.999466666666667	1.0	0.999733262203254	0.992	1.0	0.9984
GC_00000669	10	10	1	1	0.999439775910364	1.0	0.99971980947044	0.997198879551821	1.0	0.999439775910364
GC_00000670	10	10	1	1	0.99958071278826	1.0	0.999790312434473	0.993710691823899	1.0	0.99874213836478
GC_00000671	10	10	1	1	0.997058823529412	1.0	0.998527245949926	0.985294117647059	1.0	0.997058823529412
GC_00000672	10	10	1	1	0.999664991624791	1.0	0.999832467750042	0.994974874371859	1.0	0.998994974874372
GC_00000673	10	10	1	1	0.998280802292264	1.0	0.999139661600229	0.991404011461318	1.0	0.998280802292264
GC_00000674	10	10	1	1	0.999515738498789	1.0	0.999757810607895	0.997578692493947	1.0	0.999515738498789
GC_00000675	10	10	1	1	0.996078431372549	1.0	0.99803536345776	0.980392156862745	1.0	0.996078431372549
GC_00000676	10	10	1	1	0.999552572706935	1.0	0.999776236294473	0.997762863534676	1.0	0.999552572706935
GC_00000677	10	10	1	1	0.998802395209581	1.0	0.999400838825644	0.994011976047904	1.0	0.998802395209581
GC_00000678	10	10	1	1	0.997802197802198	1.0	0.998899889988999	0.989010989010989	1.0	0.997802197802198
GC_00000679	10	10	1	1	0.997685185185185	0.963865546218488	0.980483818824785	0.783333333333333	1.0	0.956666666666667
GC_00000680	10	10	1	1	0.998666666666667	1.0	0.999332888592395	0.993333333333333	1.0	0.998666666666667
GC_00000681	10	10	1	1	0.999103139013453	1.0	0.999551368326604	0.995515695067265	1.0	0.999103139013453
GC_00000682	10	10	1	1	0.999122807017544	1.0	0.999561211057481	0.995614035087719	1.0	0.999122807017544
GC_00000683	10	10	1	1	0.998009950248756	1.0	0.999003984063745	0.988059701492537	1.0	0.997611940298507
GC_00000684	10	10	1	1	0.993869731800766	1.0	0.996925441967717	0.954022988505747	1.0	0.990804597701149
GC_00000685	10	10	1	1	0.999614643545279	1.0	0.999807284640586	0.994219653179191	1.0	0.998843930635838
GC_00000686	10	10	1	1	0.999152542372881	1.0	0.999576091564222	0.995762711864407	1.0	0.999152542372882
GC_00000687	10	10	1	1	0.998540145985401	1.0	0.99926953981008	0.992700729927007	1.0	0.998540145985401
GC_00000688	10	10	1	1	0.997435897435897	1.0	0.998716302952503	0.987179487179487	1.0	0.997435897435897
GC_00000689	10	10	1	1	0.99979797979798	1.0	0.999898979694919	0.996969696969697	1.0	0.99939393939394
GC_00000690	10	10	1	1	0.998019801980198	1.0	0.999008919722498	0.99009900990099	1.0	0.998019801980198
GC_00000691	10	10	1	1	0.998726114649682	1.0	0.9993626513703	0.993630573248408	1.0	0.998726114649682
GC_00000692	10	10	1	1	0.999404761904762	1.0	0.999702292348913	0.991071428571429	1.0	0.998214285714286
GC_00000693	10	10	1	1	0.99957264957265	1.0	0.99978627911947	0.993589743589744	1.0	0.998717948717949
GC_00000694	10	10	1	1	0.999250936329588	1.0	0.999625327838142	0.99625468164794	1.0	0.999250936329588
GC_00000695	10	10	1	1	0.995121951219512	1.0	0.997555012224939	0.975609756097561	1.0	0.995121951219512
GC_00000696	10	10	1	1	0.999817351598174	1.0	0.999908667458215	0.997260273972603	1.0	0.999452054794521
GC_00000697	10	10	1	1	0.998895027624309	1.0	0.999447208402432	0.994475138121547	1.0	0.998895027624309
GC_00000698	10	10	1	1	0.999008674101611	1.0	0.999504091247211	0.992565055762082	1.0	0.998513011152416
GC_00000699	10	10	1	1	0.999111111111111	1.0	0.999555357936861	0.986666666666667	1.0	0.997333333333333
GC_00000700	10	10	1	1	0.998373983739837	1.0	0.999186330349878	0.991869918699187	1.0	0.998373983739837
GC_00000701	10	10	1	1	0.99917695473251	1.0	0.999588307945657	0.987654320987654	1.0	0.997530864197531
GC_00000702	10	10	1	1	0.99	1.0	0.994974874371859	0.95	1.0	0.99
GC_00000703	10	10	1	1	0.998630136986301	1.0	0.999314599040439	0.993150684931507	1.0	0.998630136986301
GC_00000704	10	10	1	1	0.998393574297189	1.0	0.9991961414791	0.991967871485944	1.0	0.998393574297189
GC_00000705	10	10	1	1	0.997755331088664	0.921542492595126	0.958135755134383	0.451127819548872	1.0	0.890225563909774
GC_00000706	10	10	1	1	0.996551724137931	1.0	0.998272884283247	0.982758620689655	1.0	0.996551724137931
GC_00000707	10	10	1	1	0.998843930635838	1.0	0.999421631000578	0.994219653179191	1.0	0.998843930635838
GC_00000708	10	10	1	1	0.998941798941799	1.0	0.999470619375331	0.994708994708995	1.0	0.998941798941799
GC_00000709	10	10	1	1	0.995024875621891	0.935527082119977	0.964359145885061	0.568627450980392	1.0	0.913725490196078
GC_00000710	10	10	1	1	0.998884239888424	1.0	0.999441808540329	0.99163179916318	1.0	0.998326359832636
GC_00000711	10	10	1	1	0.996825396825397	1.0	0.998410174880763	0.984126984126984	1.0	0.996825396825397
GC_00000712	10	10	1	1	0.999333333333333	1.0	0.999666555518506	0.996666666666667	1.0	0.999333333333333
GC_00000713	10	10	1	1	1.0	0.977941176470589	0.988847583643123	0.883333333333333	1.0	0.976666666666667
GC_00000714	10	10	1	1	0.999462365591398	1.0	0.999731110513579	0.991935483870968	1.0	0.998387096774194
GC_00000715	10	10	1	1	0.999773242630385	1.0	0.999886608459009	0.996598639455782	1.0	0.999319727891156
GC_00000716	10	10	1	1	0.997777777777778	1.0	0.99888765294772	0.966666666666667	1.0	0.993333333333333
GC_00000717	10	10	1	1	0.999718111346018	1.0	0.999859035804906	0.995771670190275	1.0	0.999154334038055
GC_00000718	10	10	1	1	0.993205435651479	1.0	0.996591136956086	0.964028776978417	1.0	0.99224620303757
GC_00000719	10	10	1	1	0.999047000216591	1.0	0.999523272947907	0.996101364522417	1.0	0.998527182152913
GC_00000720	10	10	1	1	0.998892350294219	1.0	0.999445868255178	0.990654205607477	1.0	0.996677050882658
GC_00000721	10	10	1	1	0.998343685300207	1.0	0.999171156237049	0.987577639751553	1.0	0.997515527950311
GC_00000722	10	10	1	1	0.999271402550091	1.0	0.99963556851312	0.994535519125683	1.0	0.998907103825137
GC_00000723	10	10	1	1	0.999021663172607	1.0	0.999510592183458	0.993710691823899	1.0	0.99874213836478
GC_00000724	10	10	1	1	0.996	1.0	0.997995991983968	0.98	1.0	0.996
GC_00000725	10	10	1	1	0.998701298701299	1.0	0.999350227420403	0.993506493506494	1.0	0.998701298701299
GC_00000726	10	10	1	1	0.998586572438163	1.0	0.999292786421499	0.992932862190813	1.0	0.998586572438163
GC_00000727	10	10	1	1	0.99748427672956	0.948738237810092	0.972500798729606	0.93452380952381	1.0	0.986904761904762
GC_00000728	10	10	1	1	0.999341563786008	1.0	0.999670673472748	0.995061728395062	1.0	0.999012345679012
GC_00000729	10	10	1	1	0.998847262247839	1.0	0.999423298731257	0.994236311239193	1.0	0.998847262247839
GC_00000730	10	10	1	1	0.998921832884097	1.0	0.999460625674218	0.994609164420485	1.0	0.998921832884097
GC_00000731	10	10	1	1	0.997821350762527	1.0	0.998909487459106	0.980392156862745	1.0	0.996078431372549
GC_00000732	10	10	1	1	0.999072642967543	1.0	0.999536106386269	0.995363214837713	1.0	0.999072642967543
GC_00000733	10	10	1	1	0.998440545808967	1.0	0.999219664455716	0.995614035087719	1.0	0.998440545808967
GC_00000734	10	10	1	1	0.998632478632479	1.0	0.99931577146767	0.98974358974359	1.0	0.997948717948718
GC_00000735	10	10	1	1	0.997762863534676	1.0	0.998880179171333	0.979865771812081	1.0	0.995973154362416
GC_00000736	10	10	1	1	0.997790055248619	1.0	0.998893805309734	0.988950276243094	1.0	0.997790055248619
GC_00000737	10	10	1	1	0.996517412935323	1.0	0.998255669075505	0.977611940298508	1.0	0.995522388059701
GC_00000738	10	10	1	1	1.0	0.966062508080915	0.982738345408859	0.905797101449275	1.0	0.966505636070853
GC_00000739	10	10	1	1	0.997368421052632	1.0	0.998682476943346	0.986842105263158	1.0	0.997368421052632
GC_00000740	10	10	1	1	0.998666666666667	1.0	0.999332888592395	0.993333333333333	1.0	0.998666666666667
GC_00000741	10	10	1	1	0.993896713615024	1.0	0.996939015775842	0.964788732394366	1.0	0.992957746478873
GC_00000742	10	10	1	1	0.99910514541387	1.0	0.999552372426141	0.986577181208054	1.0	0.997315436241611
GC_00000743	10	10	1	1	0.997391757955138	1.0	0.998694176025072	0.990610328638498	1.0	0.997391757955138
GC_00000744	10	10	1	1	0.990243902439024	1.0	0.995098039215686	0.951219512195122	1.0	0.990243902439024
GC_00000745	10	10	1	1	0.997278911564626	1.0	0.998637602179837	0.986394557823129	1.0	0.997278911564626
GC_00000746	10	10	1	1	0.997974217311234	1.0	0.998986081666513	0.986187845303867	1.0	0.997237569060774
GC_00000747	10	10	1	1	0.995644891122278	1.0	0.997817693469867	0.974874371859296	1.0	0.994974874371859
GC_00000748	10	10	1	1	0.999253034547152	1.0	0.999626377732113	0.994397759103641	1.0	0.998879551820728
GC_00000749	10	10	1	1	0.997119341563786	1.0	0.998557593241294	0.981481481481482	1.0	0.996296296296296
GC_00000750	10	10	1	1	0.997222222222222	1.0	0.998609179415855	0.982142857142857	1.0	0.996428571428571
GC_00000751	10	10	1	1	0.998165137614679	1.0	0.999081726354454	0.981651376146789	1.0	0.996330275229358
GC_00000752	10	10	1	1	0.9984934086629	1.0	0.999246136449303	0.988700564971751	1.0	0.99774011299435
GC_00000753	10	10	1	1	0.999201596806387	1.0	0.999600638977636	0.996007984031936	1.0	0.999201596806387
GC_00000754	10	10	1	1	0.999057239057239	1.0	0.999528397224281	0.993939393939394	1.0	0.998787878787879
GC_00000755	10	10	1	1	0.996640826873385	1.0	0.998317587679565	0.98062015503876	1.0	0.996124031007752
GC_00000756	10	10	1	1	0.99734395750332	1.0	0.998670212765957	0.98406374501992	1.0	0.996812749003984
GC_00000757	10	10	1	1	0.998902606310014	1.0	0.999451001921493	0.991769547325103	1.0	0.998353909465021
GC_00000758	10	10	1	1	0.99748427672956	1.0	0.998740554156171	0.987421383647799	1.0	0.99748427672956
GC_00000759	10	10	1	1	0.999128540305011	1.0	0.999564080209242	0.993464052287582	1.0	0.998692810457516
GC_00000760	10	10	1	1	0.998620689655172	1.0	0.999309868875086	0.993103448275862	1.0	0.998620689655173
GC_00000761	10	10	1	1	0.99815668202765	1.0	0.999077490774908	0.990783410138249	1.0	0.99815668202765
GC_00000762	10	10	1	1	0.998387503149408	1.0	0.999193101013667	0.986394557823129	1.0	0.995162509448224
GC_00000763	10	10	1	1	0.996610169491525	1.0	0.99830220713073	0.983050847457627	1.0	0.996610169491526
GC_00000764	10	10	1	1	0.999147348787637	1.0	0.999573492562777	0.992805755395683	1.0	0.99744204636291
GC_00000765	10	10	1	1	0.998002496878901	1.0	0.999000249937516	0.99438202247191	1.0	0.998002496878902
GC_00000766	10	10	1	1	0.997595628415301	1.0	0.99879636721742	0.983606557377049	1.0	0.99672131147541
GC_00000767	10	10	1	1	0.999403874813711	1.0	0.999701848539058	0.997019374068554	1.0	0.999403874813711
GC_00000768	10	10	1	1	0.999208116802772	1.0	0.99960390156954	0.997772828507795	1.0	0.999208116802771
GC_00000769	10	10	1	1	0.993684210526316	1.0	0.996832101372756	0.968421052631579	1.0	0.993684210526316
GC_00000770	10	10	1	1	0.986666666666667	1.0	0.993288590604027	0.914285714285714	1.0	0.982857142857143
GC_00000771	10	10	1	1	0.9994851994852	1.0	0.999742533470649	0.992277992277992	1.0	0.998455598455599
GC_00000772	10	10	1	1	0.997122302158273	1.0	0.998559077809798	0.985611510791367	1.0	0.997122302158273
GC_00000773	10	10	1	1	0.994238683127572	0.98780487804878	0.991011338373736	0.951219512195122	1.0	0.990243902439024
GC_00000774	10	10	1	1	0.982754372998275	0.96774193548387	0.975190380924829	0.716577540106952	1.0	0.942364824717766
GC_00000775	10	10	1	1	0.999033816425121	1.0	0.999516674722088	0.993788819875776	1.0	0.998757763975155
GC_00000776	10	10	1	1	0.996514161220044	1.0	0.998254037538193	0.970588235294118	1.0	0.989542483660131
GC_00000777	10	10	1	1	0.998759689922481	1.0	0.999379460130313	0.990697674418605	1.0	0.998139534883721
GC_00000778	10	10	1	1	0.999495665878645	1.0	0.999747769335057	0.995744680851064	1.0	0.998486997635934
GC_00000779	10	10	1	1	0.997849462365591	1.0	0.998923573735199	0.983870967741935	1.0	0.996774193548387
GC_00000780	10	10	1	1	0.990849673202614	0.916558441558442	0.952257280716296	0.857142857142857	1.0	0.971428571428571
GC_00000781	10	10	1	1	0.996277106121666	1.0	0.998135081614212	0.974093264248705	1.0	0.992976396085204
GC_00000782	10	10	1	1	0.980246913580247	1.0	0.99002493765586	0.944444444444444	1.0	0.980246913580247
GC_00000783	10	10	1	1	0.999444444444444	1.0	0.999722145040289	0.995833333333333	1.0	0.999166666666667
GC_00000784	10	10	1	1	0.99968671679198	0.976245301958586	0.98782696108714	0.87175572519084	1.0	0.974351145038168
GC_00000785	10	10	1	1	0.990245543222334	0.942479404730271	0.965772218236897	0.60093896713615	1.0	0.92018779342723
GC_00000786	10	10	1	1	0.998959089808763	1.0	0.999479273889824	0.993464052287582	1.0	0.998184458968772
GC_00000787	10	10	1	1	0.999435212338438	1.0	0.999717526400417	0.994134897360704	1.0	0.998305637015315
GC_00000788	10	10	1	1	0.99887323943662	1.0	0.999436302142052	0.991549295774648	1.0	0.99830985915493
GC_00000789	10	10	1	1	0.99954128440367	1.0	0.999770589584767	0.993119266055046	1.0	0.998623853211009
GC_00000790	10	10	1	1	0.998206278026906	1.0	0.999102333931777	0.991031390134529	1.0	0.998206278026906
GC_00000791	10	10	1	1	0.998984771573604	1.0	0.999492127983748	0.99492385786802	1.0	0.998984771573604
GC_00000792	10	10	1	1	0.99811320754717	1.0	0.999055712936733	0.990566037735849	1.0	0.99811320754717
GC_00000793	10	10	1	1	0.999175257731959	1.0	0.999587458745875	0.991752577319588	1.0	0.998350515463918
GC_00000794	10	10	1	1	0.997814207650273	1.0	0.99890590809628	0.983606557377049	1.0	0.99672131147541
GC_00000795	10	10	1	1	0.998639455782313	1.0	0.99931926480599	0.987755102040816	1.0	0.997551020408163
GC_00000796	10	10	1	1	0.998165137614679	1.0	0.999081726354454	0.990825688073395	1.0	0.998165137614679
GC_00000797	10	10	1	1	0.997755331088664	1.0	0.998876404494382	0.986531986531986	1.0	0.997306397306397
GC_00000798	10	10	1	1	0.995870206489676	1.0	0.997930830623707	0.973451327433628	1.0	0.994690265486726
GC_00000799	10	10	1	1	0.998290598290598	1.0	0.999144568006843	0.989010989010989	1.0	0.997802197802198
GC_00000800	10	10	1	1	0.998765432098765	1.0	0.999382334774552	0.990740740740741	1.0	0.998148148148148
GC_00000801	10	10	1	1	0.994285714285714	1.0	0.997134670487106	0.971428571428571	1.0	0.994285714285714
GC_00000802	10	10	1	1	0.998912674142032	1.0	0.999456041340858	0.990825688073395	1.0	0.996738022426096
GC_00000803	10	10	1	1	0.997560975609756	1.0	0.998778998778999	0.98780487804878	1.0	0.997560975609756
GC_00000804	10	10	1	1	0.997619047619048	1.0	0.99880810488677	0.988095238095238	1.0	0.997619047619048
GC_00000805	10	10	1	1	0.997364953886693	0.987690100430418	0.992503950283648	0.917073170731707	1.0	0.983414634146342
GC_00000806	10	10	1	1	0.998982188295165	1.0	0.99949083503055	0.99236641221374	1.0	0.998473282442748
GC_00000807	10	10	1	1	0.997701149425287	1.0	0.998849252013809	0.983908045977012	1.0	0.996781609195402
GC_00000808	10	10	1	1	0.998559670781893	1.0	0.999279316380109	0.990740740740741	1.0	0.998148148148148
GC_00000809	10	10	1	1	0.991935483870968	1.0	0.995951417004049	0.943548387096774	1.0	0.988709677419355
GC_00000810	10	10	1	1	0.997173144876325	1.0	0.998584571832979	0.971731448763251	1.0	0.99434628975265
GC_00000811	10	10	1	1	0.997727272727273	1.0	0.998862343572241	0.988636363636364	1.0	0.997727272727273
GC_00000812	10	10	1	1	0.998753894080997	1.0	0.999376558603491	0.993769470404984	1.0	0.998753894080997
GC_00000813	10	10	1	1	0.997272727272727	1.0	0.998634501593082	0.986363636363636	1.0	0.997272727272727
GC_00000814	10	10	1	1	0.99875	1.0	0.999374609130707	0.99375	1.0	0.99875
GC_00000815	10	10	1	1	0.998212005108557	1.0	0.999105202607695	0.988505747126437	1.0	0.997701149425287
GC_00000816	10	10	1	1	0.996666666666667	1.0	0.998330550918197	0.983333333333333	1.0	0.996666666666667
GC_00000817	10	10	1	1	0.993220338983051	1.0	0.996598639455782	0.966101694915254	1.0	0.993220338983051
GC_00000818	10	10	1	1	0.998646362098139	1.0	0.999322722654927	0.989847715736041	1.0	0.997969543147208
GC_00000819	10	10	1	1	0.999196787148594	1.0	0.999598232221776	0.987951807228916	1.0	0.997590361445783
GC_00000820	10	10	1	1	0.998537095088819	1.0	0.999268012130085	0.990595611285266	1.0	0.998119122257053
GC_00000821	10	10	1	1	0.999417758369723	1.0	0.999708794408853	0.991266375545852	1.0	0.99825327510917
GC_00000822	10	10	1	1	0.997647058823529	1.0	0.998822143698469	0.982352941176471	1.0	0.996470588235294
GC_00000823	10	10	1	1	0.998712446351931	1.0	0.999355808460382	0.989270386266094	1.0	0.997854077253219
GC_00000824	10	10	1	1	0.995138888888889	1.0	0.9975635224504	0.96875	1.0	0.99375
GC_00000825	10	10	1	1	0.999095022624434	1.0	0.999547306473517	0.995475113122172	1.0	0.999095022624434
GC_00000826	10	10	1	1	0.999522102747909	1.0	0.999760994263862	0.996415770609319	1.0	0.999283154121864
GC_00000827	10	10	1	1	0.997788309636651	1.0	0.998892930570932	0.985781990521327	1.0	0.997156398104265
GC_00000828	10	10	1	1	0.998704998704999	1.0	0.999352079823766	0.995337995337995	1.0	0.998704998704999
GC_00000829	10	10	1	1	0.9984934086629	1.0	0.999246136449303	0.988700564971751	1.0	0.99774011299435
GC_00000830	10	10	1	1	0.99452736318408	0.95152540685811	0.972551277594327	0.690140845070423	1.0	0.938028169014084
GC_00000831	10	10	1	1	0.998563218390805	0.981190690240736	0.9898007315254	0.894366197183099	1.0	0.97887323943662
GC_00000832	10	10	1	1	0.997967879383809	1.0	0.998982906263329	0.991150442477876	1.0	0.997443461160275
GC_00000833	10	10	1	1	0.998518518518518	1.0	0.999258710155671	0.988888888888889	1.0	0.997777777777778
GC_00000834	10	10	1	1	0.998518518518518	1.0	0.999258710155671	0.988888888888889	1.0	0.997777777777778
GC_00000835	10	10	1	1	0.99874213836478	1.0	0.999370673379484	0.993710691823899	1.0	0.99874213836478
GC_00000836	10	10	1	1	0.998135198135198	0.986293103448276	0.992178816885628	0.972413793103448	1.0	0.99448275862069
GC_00000837	10	10	1	1	0.998465080583269	0.974271864974188	0.986220122619113	0.850746268656716	1.0	0.970149253731343
GC_00000838	10	10	1	1	0.996363636363636	1.0	0.998178506375228	0.981818181818182	1.0	0.996363636363637
GC_00000839	10	10	1	1	0.998393574297189	1.0	0.9991961414791	0.987951807228916	1.0	0.997590361445783
GC_00000840	10	10	1	1	0.997601918465228	1.0	0.998799519807923	0.97841726618705	1.0	0.99568345323741
GC_00000841	10	10	1	1	0.997597597597598	1.0	0.998797354179194	0.981981981981982	1.0	0.996396396396397
GC_00000842	10	10	1	1	0.995774647887324	1.0	0.99788285109386	0.97887323943662	1.0	0.995774647887324
GC_00000843	10	10	1	1	0.997604790419162	1.0	0.998800959232614	0.988023952095808	1.0	0.997604790419162
GC_00000844	10	10	1	1	0.999352750809061	1.0	0.999676270637747	0.996763754045307	1.0	0.999352750809061
GC_00000845	10	10	1	1	0.995555555555556	1.0	0.997772828507795	0.977777777777778	1.0	0.995555555555556
GC_00000846	10	10	1	1	0.994747474747475	1.0	0.997366821956654	0.96969696969697	1.0	0.993939393939394
GC_00000847	10	10	1	1	0.994003527336861	1.0	0.996992747213869	0.976190476190476	1.0	0.994003527336861
GC_00000848	10	10	1	1	0.999179487179487	1.0	0.999589575210343	0.993846153846154	1.0	0.998769230769231
GC_00000849	10	10	1	1	0.997595686378503	1.0	0.998796396268828	0.983293556085919	1.0	0.995438875629806
GC_00000850	10	10	1	1	0.99874213836478	1.0	0.999370673379484	0.993710691823899	1.0	0.99874213836478
GC_00000851	10	10	1	1	0.996428571428571	1.0	0.998211091234347	0.982142857142857	1.0	0.996428571428572
GC_00000852	10	10	1	1	0.991794871794872	1.0	0.995880535530381	0.953846153846154	1.0	0.990769230769231
GC_00000853	10	10	1	1	0.999279279279279	1.0	0.999639509733237	0.994594594594595	1.0	0.998918918918919
GC_00000854	10	10	1	1	0.998301486199575	1.0	0.999150021249469	0.987261146496815	1.0	0.997452229299363
GC_00000855	10	10	1	1	0.999139784946237	1.0	0.999569707401033	0.993548387096774	1.0	0.998709677419355
GC_00000856	10	10	1	1	0.996467236467236	1.0	0.998230492608026	0.984615384615385	1.0	0.995555555555556
GC_00000857	10	10	1	1	0.999337885371405	1.0	0.999668833050462	0.994413407821229	1.0	0.998013656114215
GC_00000858	10	10	1	1	0.999404761904762	1.0	0.999702292348913	0.995535714285714	1.0	0.999107142857143
GC_00000859	10	10	1	1	0.999266247379455	1.0	0.999632989042101	0.995283018867924	1.0	0.999056603773585
GC_00000860	10	10	1	1	0.998960653303638	1.0	0.999480056451014	0.993318485523385	1.0	0.998663697104677
GC_00000861	10	10	1	1	0.999376947040498	1.0	0.999688376441259	0.994392523364486	1.0	0.998878504672897
GC_00000862	10	10	1	1	0.992743764172336	1.0	0.996358670914884	0.979591836734694	1.0	0.992743764172336
GC_00000863	10	10	1	1	0.997952218430034	1.0	0.998975059788179	0.989761092150171	1.0	0.997952218430034
GC_00000864	10	10	1	1	0.996648044692737	1.0	0.998321208729715	0.983240223463687	1.0	0.996648044692737
GC_00000865	10	10	1	1	0.999704442597211	1.0	0.999852199456833	0.997506234413965	1.0	0.999113327791632
GC_00000866	10	10	1	1	0.999174406604747	1.0	0.99958703283089	0.993808049535604	1.0	0.998761609907121
GC_00000867	10	10	1	1	0.910998877665544	0.810320546838487	0.857715422495614	0.073558648111332	1.0	0.814004859730506
GC_00000868	10	10	1	1	0.999618502622795	1.0	0.999809214919393	0.997138769670958	1.0	0.999427753934191
GC_00000869	10	10	1	1	0.986440677966102	1.0	0.993174061433447	0.932203389830508	1.0	0.986440677966102
GC_00000870	10	10	1	1	0.998679867986799	1.0	0.999339498018494	0.993399339933993	1.0	0.998679867986799
GC_00000871	10	10	1	1	0.998358974358974	1.0	0.999178813385342	0.990769230769231	1.0	0.998153846153846
GC_00000872	10	10	1	1	0.99874213836478	1.0	0.999370673379484	0.990566037735849	1.0	0.99811320754717
GC_00000873	10	10	1	1	0.9981220657277	1.0	0.99906015037594	0.990610328638498	1.0	0.9981220657277
GC_00000874	10	10	1	1	0.997727272727273	1.0	0.998862343572241	0.988636363636364	1.0	0.997727272727273
GC_00000875	10	10	1	1	0.998545454545455	1.0	0.999272197962154	0.992727272727273	1.0	0.998545454545455
GC_00000876	10	10	1	1	0.999238095238095	1.0	0.999618902439024	0.996190476190476	1.0	0.999238095238095
GC_00000877	10	10	1	1	0.999376947040498	1.0	0.999688376441259	0.995327102803738	1.0	0.999065420560748
GC_00000878	10	10	1	1	0.99780701754386	1.0	0.998902305159166	0.980263157894737	1.0	0.996052631578947
GC_00000879	10	10	1	1	0.997363465160075	1.0	0.9986799924571	0.983050847457627	1.0	0.996610169491525
GC_00000880	10	10	1	1	0.997855750487329	1.0	0.998926724558493	0.988304093567251	1.0	0.997076023391813
GC_00000881	10	10	1	1	0.995302619692864	0.981035856573707	0.98811774378342	0.880478087649402	1.0	0.973882248782647
GC_00000882	10	10	1	1	0.994833889683675	0.841291172595521	0.911642661803043	0.497835497835498	1.0	0.898124098124098
GC_00000883	10	10	1	1	0.996969696969697	1.0	0.998482549317147	0.986363636363636	1.0	0.996363636363636
GC_00000884	10	10	1	1	0.99845218352681	1.0	0.999225492365568	0.991044776119403	1.0	0.997744610281924
GC_00000885	10	10	1	1	0.998564455928797	1.0	0.999281712397644	0.984496124031008	1.0	0.995693367786391
GC_00000886	10	10	1	1	0.999007936507937	1.0	0.999503722084367	0.994047619047619	1.0	0.998214285714286
GC_00000887	10	10	1	1	0.99914057704113	1.0	0.999570103789228	0.996316758747698	1.0	0.998895027624309
GC_00000888	10	10	1	1	0.997449908925319	1.0	0.998723326645997	0.994535519125683	1.0	0.997449908925319
GC_00000889	10	10	1	1	0.99813401187447	0.903846153846154	0.948652992197697	0.192307692307692	1.0	0.837321937321937
GC_00000890	10	10	1	1	0.999382716049383	1.0	0.999691262735412	0.993333333333333	1.0	0.998148148148148
GC_00000891	10	10	1	1	0.994509803921569	1.0	0.997247345654738	0.988235294117647	1.0	0.994509803921569
GC_00000892	10	10	1	1	0.997427983539095	1.0	0.998712335822817	0.990740740740741	1.0	0.997427983539095
GC_00000893	10	10	1	1	0.9944817300522	1.0	0.997233231137366	0.979865771812081	1.0	0.99358687546607
GC_00000894	10	10	1	1	0.999052028218695	1.0	0.999525789340186	0.994047619047619	1.0	0.998346560846561
GC_00000895	10	10	1	1	0.998814814814815	1.0	0.999407056033205	0.994285714285714	1.0	0.998560846560847
GC_00000896	10	10	1	1	0.995802469135803	0.987746148352208	0.991757948090176	0.962962962962963	1.0	0.991312299954275
GC_00000897	10	10	1	1	0.992488992488992	0.958576779026218	0.975238165241584	0.733333333333333	1.0	0.944691358024691
GC_00000898	10	10	1	1	0.998095238095238	1.0	0.99904671115348	0.980952380952381	1.0	0.994285714285714
GC_00000899	10	10	1	1	0.998047930283224	1.0	0.999023011566845	0.990588235294118	1.0	0.997699346405229
GC_00000900	10	10	1	1	0.997876374668184	1.0	0.998937058689545	0.989761092150171	1.0	0.99742131209708
GC_00000901	10	10	1	1	0.998822143698469	1.0	0.999410724808486	0.992932862190813	1.0	0.997879858657244
GC_00000902	10	10	1	1	0.99902036607373	1.0	0.999509942998633	0.993039443155452	1.0	0.997989172467131
GC_00000903	10	10	1	1	0.997363465160075	1.0	0.9986799924571	0.985875706214689	1.0	0.996610169491525
GC_00000904	10	10	1	1	0.999521367521368	1.0	0.999760626474712	0.996923076923077	1.0	0.998564102564102
GC_00000905	10	10	1	1	0.998079561042524	1.0	0.999038857613621	0.990740740740741	1.0	0.997668038408779
GC_00000906	10	10	1	1	0.984188034188034	1.0	0.992031014430325	0.961538461538462	1.0	0.984188034188034
GC_00000907	10	10	1	1	0.996969696969697	1.0	0.998482549317147	0.993506493506494	1.0	0.996969696969697
GC_00000908	10	10	1	1	0.999097065462754	1.0	0.999548328816621	0.993227990970655	1.0	0.998194130925508
GC_00000909	10	10	1	1	0.999037721324095	0.999711399711403	0.9993744469861	0.994227994227994	1.0	0.998556998556999
GC_00000910	10	10	1	1	0.996481481481482	1.0	0.998237640293108	0.983333333333333	1.0	0.99537037037037
GC_00000911	10	10	1	1	0.998198198198198	1.0	0.999098286744815	0.993243243243243	1.0	0.998198198198198
GC_00000912	10	10	1	1	0.994486215538847	1.0	0.997235486303091	0.973684210526316	1.0	0.993984962406015
GC_00000913	10	10	1	1	0.997569444444444	1.0	0.998783243525117	0.989583333333333	1.0	0.996875
GC_00000914	10	10	1	1	0.998773006134969	1.0	0.99938612645795	0.995910020449898	1.0	0.998773006134969
GC_00000915	10	10	1	1	0.997416020671835	1.0	0.998706338939198	0.988372093023256	1.0	0.996899224806202
GC_00000916	10	10	1	1	0.998798798798799	0.996183546183546	0.997489458304012	0.980769230769231	1.0	0.994957264957265
GC_00000917	10	10	1	1	0.998499464094319	1.0	0.999249168722514	0.993569131832797	1.0	0.998070739549839
GC_00000918	10	10	1	1	0.996596596596597	1.0	0.998295397573448	0.966216216216216	1.0	0.98978978978979
GC_00000919	10	10	1	1	0.996124031007752	1.0	0.998058252427184	0.988372093023256	1.0	0.996124031007752
GC_00000920	10	10	1	1	0.998285101822079	1.0	0.999141815061146	0.990353697749196	1.0	0.997427652733119
GC_00000921	10	10	1	1	0.979375189566272	0.881962481962482	0.928119799190345	0.727272727272727	1.0	0.944664031620553
GC_00000922	10	10	1	1	0.999603646452636	1.0	0.999801783944499	0.997621878715815	1.0	0.999286563614744
GC_00000923	10	10	1	1	0.995813204508857	1.0	0.997902210747136	0.990338164251208	1.0	0.995813204508856
GC_00000924	10	10	1	1	0.997971014492754	1.0	0.998984477005658	0.995652173913044	1.0	0.997971014492754
GC_00000925	10	10	1	1	0.999430199430199	1.0	0.999715018523796	0.996581196581197	1.0	0.998974358974359
GC_00000926	10	10	1	1	0.997050147492625	1.0	0.998522895125554	0.986725663716814	1.0	0.99646017699115
GC_00000927	10	10	1	1	0.99854184893555	0.944607843137256	0.970826350695741	0.661764705882353	1.0	0.929738562091503
GC_00000928	10	10	1	1	0.997701149425287	1.0	0.998849252013809	0.990147783251232	1.0	0.997044334975369
GC_00000929	10	10	1	1	0.998728813559322	1.0	0.99936400254399	0.995762711864407	1.0	0.998728813559322
GC_00000930	10	10	1	1	0.98378477980468	0.955880613737514	0.969631981099596	0.661417322834646	1.0	0.931583552055993
GC_00000931	10	10	1	1	0.992156862745098	1.0	0.996062992125984	0.964705882352941	1.0	0.990588235294118
GC_00000932	10	10	1	1	0.988050314465409	0.964537114261884	0.976152140527905	0.909090909090909	1.0	0.98
GC_00000933	10	10	1	1	0.995767195767196	1.0	0.997879109225875	0.984126984126984	1.0	0.995767195767195
GC_00000934	10	10	1	1	0.998225602027883	1.0	0.999112013192947	0.992395437262357	1.0	0.997718631178707
GC_00000935	10	10	1	1	0.996807151979566	1.0	0.998401023345059	0.96551724137931	1.0	0.990421455938697
GC_00000936	10	10	1	1	0.999080832657475	1.0	0.99954020501447	0.989051094890511	1.0	0.997242497972425
GC_00000937	10	10	1	1	0.995862884160757	1.0	0.997927154278946	0.984042553191489	1.0	0.9951536643026
GC_00000938	10	10	1	1	0.998252184769039	1.0	0.999125328001999	0.99250936329588	1.0	0.997752808988764
GC_00000939	10	10	1	1	0.997127739984883	1.0	0.998561804556809	0.986394557823129	1.0	0.996220710506425
GC_00000940	10	10	1	1	0.998407281001138	1.0	0.999203005806672	0.993174061433447	1.0	0.997952218430034
GC_00000941	10	10	1	1	0.997560975609756	1.0	0.998778998778999	0.990853658536585	1.0	0.997560975609756
GC_00000942	10	10	1	1	0.97259978425027	0.990384615384614	0.981411633660488	0.817307692307692	1.0	0.961965811965812
GC_00000943	10	10	1	1	0.996410256410256	1.0	0.998201900847675	0.980769230769231	1.0	0.995384615384615
GC_00000944	10	10	1	1	0.989475814612427	0.932857142857144	0.960332680932257	0.541666666666667	1.0	0.90537037037037
GC_00000945	10	10	1	1	0.99685534591195	1.0	0.998425196850394	0.981132075471698	1.0	0.994339622641509
GC_00000946	10	10	1	1	0.999487625030631	0.9582079197353	0.978412563222424	0.879310344827586	1.0	0.956641123882503
GC_00000947	10	10	1	1	0.996677740863787	1.0	0.998336106489185	0.980066445182724	1.0	0.995348837209302
GC_00000948	10	10	1	1	0.998663853727145	1.0	0.999331480243482	0.993670886075949	1.0	0.998241912798875
GC_00000949	10	10	1	1	0.999269692227439	1.0	0.999634712727652	0.995305164319249	1.0	0.997809076682316
GC_00000950	10	10	1	1	0.988183421516755	1.0	0.99405659540495	0.936507936507937	1.0	0.984832451499118
GC_00000951	10	10	1	1	0.995061728395062	1.0	0.997524752475247	0.982905982905983	1.0	0.995061728395062
GC_00000952	10	10	1	1	0.991327913279133	1.0	0.995645073489385	0.959349593495935	1.0	0.990243902439024
GC_00000953	10	10	1	1	0.999222222222222	1.0	0.999610959817707	0.996666666666667	1.0	0.999
GC_00000954	10	10	1	1	0.999158249158249	1.0	0.999578947368421	0.990909090909091	1.0	0.997474747474747
GC_00000955	10	10	1	1	0.994579945799458	1.0	0.997282608695652	0.975609756097561	1.0	0.99349593495935
GC_00000956	10	10	1	1	0.997590361445783	1.0	0.998793727382388	0.990963855421687	1.0	0.997590361445783
GC_00000957	10	10	1	1	0.998205128205128	1.0	0.999101757987938	0.992307692307692	1.0	0.997692307692308
GC_00000958	10	10	1	1	0.992657004830918	1.0	0.996314972847168	0.973913043478261	1.0	0.99207729468599
GC_00000959	10	10	1	1	0.998281786941581	0.969295882053891	0.983575327632061	0.829181494661922	1.0	0.964887307236062
GC_00000960	10	10	1	1	0.997920727745289	1.0	0.998959281904514	0.990253411306043	1.0	0.99766081871345
GC_00000961	10	10	1	1	0.997610513739546	1.0	0.998803827751196	0.989247311827957	1.0	0.997132616487455
GC_00000962	10	10	1	1	0.993700787401575	1.0	0.996840442338073	0.976377952755906	1.0	0.993700787401575
GC_00000963	10	10	1	1	0.998465874629848	0.998183760683759	0.998324797726347	0.985576923076923	1.0	0.995619658119658
GC_00000964	10	10	1	1	0.998863636363636	1.0	0.999431495167709	0.991477272727273	1.0	0.997727272727273
GC_00000965	10	10	1	1	0.997173144876325	0.989576739050425	0.993360419405216	0.975524475524476	1.0	0.993706293706294
GC_00000966	10	10	1	1	0.998696461824953	1.0	0.999347805832479	0.994413407821229	1.0	0.998324022346369
GC_00000967	10	10	1	1	0.994202898550725	1.0	0.997093023255814	0.972826086956522	1.0	0.993478260869565
GC_00000968	10	10	1	1	0.998277347114556	0.992307692307692	0.995283568378273	0.984615384615385	1.0	0.993333333333333
GC_00000969	10	10	1	1	0.999009704892058	1.0	0.999504607153473	0.989304812834225	1.0	0.997029114676174
GC_00000970	10	10	1	1	0.997286821705426	1.0	0.99864156801863	0.994186046511628	1.0	0.997286821705426
GC_00000971	10	10	1	1	0.996952251947172	0.994276094276094	0.995612374769446	0.96969696969697	1.0	0.991582491582492
GC_00000972	10	10	1	1	0.996696696696697	1.0	0.998345615882087	0.972972972972973	1.0	0.993693693693694
GC_00000973	10	10	1	1	1.0	0.950181201326241	0.974454271921051	0.901515151515151	1.0	0.954040404040404
GC_00000974	10	10	1	1	0.988183043857562	0.928269560251286	0.957289773410266	0.485436893203884	1.0	0.893635382955771
GC_00000975	10	10	1	1	0.994791666666667	1.0	0.997389033942559	0.971590909090909	1.0	0.994034090909091
GC_00000976	10	10	1	1	0.996895424836601	1.0	0.998445299075362	0.985294117647059	1.0	0.995915032679739
GC_00000977	10	10	1	1	0.997523427041499	1.0	0.99876017826626	0.987951807228916	1.0	0.997121820615796
GC_00000978	10	10	1	1	0.998071625344353	1.0	0.999034882117744	0.995867768595041	1.0	0.998071625344353
GC_00000979	10	10	1	1	0.998317839752103	1.0	0.999158211864782	0.99203187250996	1.0	0.997786631252767
GC_00000980	10	10	1	1	0.998097412480974	1.0	0.999047800418968	0.993150684931507	1.0	0.998097412480974
GC_00000981	10	10	1	1	0.983194176835795	0.92419149477973	0.952780247299414	0.441558441558442	1.0	0.881096681096681
GC_00000982	10	10	1	1	0.998152812762385	1.0	0.999075552567443	0.98992443324937	1.0	0.997481108312343
GC_00000983	10	10	1	1	0.995767195767196	1.0	0.997879109225875	0.973544973544973	1.0	0.993650793650794
GC_00000984	10	10	1	1	0.995876288659794	1.0	0.997933884297521	0.969072164948454	1.0	0.991752577319588
GC_00000985	10	10	1	1	0.996589147286822	1.0	0.998291660195683	0.981395348837209	1.0	0.995348837209302
GC_00000986	10	10	1	1	0.998119122257053	1.0	0.999058675870725	0.987460815047022	1.0	0.996865203761755
GC_00000987	10	10	1	1	0.997701149425287	1.0	0.998849252013809	0.987068965517241	1.0	0.996551724137931
GC_00000988	10	10	1	1	0.998958333333333	1.0	0.999478895257947	0.994140625	1.0	0.9984375
GC_00000989	10	10	1	1	0.998843930635838	1.0	0.999421631000578	0.996146435452794	1.0	0.998843930635838
GC_00000990	10	10	1	1	0.996642685851319	1.0	0.998318520297862	0.992805755395683	1.0	0.996642685851319
GC_00000991	10	10	1	1	0.998753894080997	0.965062127590341	0.981618998240616	0.957207207207207	1.0	0.990990990990991
GC_00000992	10	10	1	1	0.998230452674897	1.0	0.999114442819779	0.988888888888889	1.0	0.996913580246914
GC_00000993	10	10	1	1	0.993949394939494	1.0	0.996965517241379	0.985148514851485	1.0	0.992409240924093
GC_00000994	10	10	1	1	0.993723494486853	1.0	0.99685186760827	0.969465648854962	1.0	0.992705682782019
GC_00000995	10	10	1	1	0.991919191919192	1.0	0.995943204868154	0.952380952380952	1.0	0.98961038961039
GC_00000996	10	10	1	1	0.993859649122807	1.0	0.996920369555653	0.986842105263158	1.0	0.993859649122807
GC_00000997	10	10	1	1	0.998683807774717	1.0	0.999341470511662	0.991735537190083	1.0	0.997704315886134
GC_00000998	10	10	1	1	0.99812734082397	1.0	0.999062792877226	0.98876404494382	1.0	0.996629213483146
GC_00000999	10	10	1	1	0.997786631252767	1.0	0.998892089519167	0.99203187250996	1.0	0.997786631252766
GC_00001000	10	10	1	1	0.998765432098765	1.0	0.999382334774552	0.988425925925926	1.0	0.997222222222222
GC_00001001	10	10	1	1	0.995698924731183	1.0	0.997844827586207	0.990783410138249	1.0	0.995698924731183
GC_00001002	10	10	1	1	0.998813760379597	1.0	0.999406528189911	0.99288256227758	1.0	0.997864768683274
GC_00001003	10	10	1	1	0.995696400625978	1.0	0.997843560086258	0.971830985915493	1.0	0.993818466353678
GC_00001004	10	10	1	1	0.997920489296636	1.0	0.998959162431886	0.988990825688073	1.0	0.997431192660551
GC_00001005	10	10	1	1	0.999436392914654	1.0	0.999718117021705	0.997584541062802	1.0	0.999275362318841
GC_00001006	10	10	1	1	0.999016393442623	1.0	0.999507954731835	0.99672131147541	1.0	0.999016393442623
GC_00001007	10	10	1	1	0.994343434343434	1.0	0.997163695299838	0.966666666666667	1.0	0.992727272727273
GC_00001008	10	10	1	1	0.997847847847848	1.0	0.998922764736829	0.986486486486487	1.0	0.996246246246246
GC_00001009	10	10	1	1	0.998598061148397	1.0	0.999298538871394	0.993288590604027	1.0	0.998419090231171
GC_00001010	10	10	1	1	0.997878280290341	1.0	0.998938013526354	0.989949748743719	1.0	0.997208263539922
GC_00001011	10	10	1	1	0.995628415300546	1.0	0.997809419496167	0.972677595628415	1.0	0.99344262295082
GC_00001012	10	10	1	1	0.994031746031746	1.0	0.997006941348787	0.971428571428571	1.0	0.993269841269841
GC_00001013	10	10	1	1	0.994855967078189	0.996935002981516	0.995894399978672	0.961538461538462	1.0	0.990769230769231
GC_00001014	10	10	1	1	0.998055555555556	1.0	0.999026831641874	0.9875	1.0	0.994166666666666
GC_00001015	10	10	1	1	0.993809523809524	1.0	0.9968951516599	0.971428571428571	1.0	0.992857142857143
GC_00001016	10	10	1	1	0.998445998445998	1.0	0.999222395023328	0.993006993006993	1.0	0.998135198135198
GC_00001017	10	10	1	1	0.997826086956522	1.0	0.998911860718172	0.992753623188406	1.0	0.997826086956522
GC_00001018	10	10	1	1	0.99874213836478	1.0	0.999370673379484	0.992452830188679	1.0	0.997735849056604
GC_00001019	10	10	1	1	0.997972972972973	1.0	0.998985458234697	0.993243243243243	1.0	0.997972972972973
GC_00001020	10	10	1	1	0.996126401630989	1.0	0.998059442345011	0.981651376146789	1.0	0.995718654434251
GC_00001021	10	10	1	1	0.944793613045694	0.922258961843278	0.933390294888185	0.342465753424658	1.0	0.833028919330289
GC_00001022	10	10	1	1	0.997089947089947	1.0	0.998542853358061	0.984126984126984	1.0	0.996031746031746
GC_00001023	10	10	1	1	0.998759956121524	0.998785280457306	0.998772618128888	0.987138263665595	1.0	0.996427295462665
GC_00001024	10	10	1	1	0.99898236895042	1.0	0.999490925450176	0.993610223642173	1.0	0.998225062122826
GC_00001025	10	10	1	1	0.995805739514349	0.980805025593299	0.988248461529687	0.964285714285714	1.0	0.991558441558442
GC_00001026	10	10	1	1	0.998819013876587	0.999115044247789	0.998967007131039	0.991150442477876	1.0	0.997345132743363
GC_00001027	10	10	1	1	0.984367816091954	1.0	0.99212233549583	0.924137931034483	1.0	0.983448275862069
GC_00001028	10	10	1	1	0.998965262379897	1.0	0.999482363380907	0.995565410199557	1.0	0.998669623059867
GC_00001029	10	10	1	1	0.996135265700483	1.0	0.998063891577928	0.985507246376812	1.0	0.996135265700483
GC_00001030	10	10	1	1	0.999122807017544	1.0	0.999561211057481	0.994736842105263	1.0	0.998421052631579
GC_00001031	10	10	1	1	0.993607305936073	1.0	0.996793403573065	0.972602739726027	1.0	0.991780821917808
GC_00001032	10	10	1	1	0.991570881226054	1.0	0.995767602924202	0.954022988505747	1.0	0.988505747126437
GC_00001033	10	10	1	1	0.998827838827839	1.0	0.999413575722035	0.993406593406593	1.0	0.998241758241758
GC_00001034	10	10	1	1	0.993127147766323	0.9136836536766	0.951750472831288	0.878504672897196	1.0	0.973831775700935
GC_00001035	10	10	1	1	0.996807151979566	1.0	0.998401023345059	0.988505747126437	1.0	0.996807151979566
GC_00001036	10	10	1	1	0.997886647454371	1.0	0.998942205981344	0.988472622478386	1.0	0.997118155619596
GC_00001037	10	10	1	1	0.996415770609319	1.0	0.998204667863555	0.987096774193548	1.0	0.996415770609319
GC_00001038	10	10	1	1	0.990507011866235	1.0	0.995230869282463	0.951456310679612	1.0	0.986623516720604
GC_00001039	10	10	1	1	0.997909407665505	0.996527777777779	0.997218114165295	0.989583333333333	1.0	0.995138888888889
GC_00001040	10	10	1	1	0.997518610421836	1.0	0.998757763975155	0.987593052109181	1.0	0.996856906534326
GC_00001041	10	10	1	1	0.992778446440144	0.995942830797604	0.994358121089526	0.962655601659751	1.0	0.989672660212079
GC_00001042	10	10	1	1	0.995342648037259	1.0	0.997665888629543	0.982035928143713	1.0	0.994544244843646
GC_00001043	10	10	1	1	0.995757575757576	1.0	0.997874278773155	0.981818181818182	1.0	0.995151515151515
GC_00001044	10	10	1	1	0.996359499431172	1.0	0.998176430362434	0.986348122866894	1.0	0.995904436860068
GC_00001045	10	10	1	1	0.990980617923623	0.961501377410469	0.976018453842491	0.752066115702479	1.0	0.947291092745638
GC_00001046	10	10	1	1	0.996217494089835	1.0	0.998105163429654	0.978723404255319	1.0	0.99290780141844
GC_00001047	10	10	1	1	0.997737857618097	1.0	0.998867648038367	0.994011976047904	1.0	0.997737857618097
GC_00001048	10	10	1	1	0.991608391608392	1.0	0.995786516853933	0.958041958041958	1.0	0.99020979020979
GC_00001049	10	10	1	1	0.998653198653199	1.0	0.999326145552561	0.994490358126722	1.0	0.997918579736762
GC_00001050	10	10	1	1	0.997173144876325	1.0	0.998584571832979	0.989399293286219	1.0	0.996702002355713
GC_00001051	10	10	1	1	0.994952919020716	1.0	0.997470075142544	0.972881355932203	1.0	0.992994350282486
GC_00001052	10	10	1	1	0.996055226824458	1.0	0.99802371541502	0.988165680473373	1.0	0.996055226824457
GC_00001053	10	10	1	1	0.99782626870663	0.981700150334834	0.989697524190332	0.900369003690037	1.0	0.978679786797868
GC_00001054	10	10	1	1	0.99160945842868	1.0	0.995787054768288	0.977116704805492	1.0	0.989575387744724
GC_00001055	10	10	1	1	0.996942396942397	1.0	0.998468857658446	0.987714987714988	1.0	0.995959595959596
GC_00001056	10	10	1	1	0.999334165626301	1.0	0.999666971942386	0.99625468164794	1.0	0.998002496878902
GC_00001057	10	10	1	1	0.993402777777778	1.0	0.996690472043198	0.973958333333333	1.0	0.993402777777778
GC_00001058	10	10	1	1	0.997492337698523	0.996944444444443	0.997218315815396	0.990625	1.0	0.996388888888889
GC_00001059	10	10	1	1	0.996610990075042	1.0	0.998302618816683	0.986928104575163	1.0	0.995061728395062
GC_00001060	10	10	1	1	0.997101449275362	1.0	0.998548621190131	0.991304347826087	1.0	0.996521739130435
GC_00001061	10	10	1	1	0.995906958171109	1.0	0.997949282248787	0.975741239892183	1.0	0.994189877208745
GC_00001062	10	10	1	1	0.993530239099859	1.0	0.996754621137294	0.974683544303797	1.0	0.992686357243319
GC_00001063	10	10	1	1	0.998275366484622	0.995433131073948	0.996852222830622	0.982832618025751	1.0	0.994277539341917
GC_00001064	10	10	1	1	0.997718211077485	0.964550233644861	0.980853905279703	0.794392523364486	1.0	0.957770854967117
GC_00001065	10	10	1	1	0.992640692640693	1.0	0.996306756463176	0.987012987012987	1.0	0.992640692640693
GC_00001066	10	10	1	1	0.996802557953637	1.0	0.99839871897518	0.985611510791367	1.0	0.995843325339728
GC_00001067	10	10	1	1	0.994777265745008	1.0	0.997381795780071	0.976958525345622	1.0	0.994162826420891
GC_00001068	10	10	1	1	0.990877192982456	1.0	0.995417694747973	0.952631578947368	1.0	0.988771929824562
GC_00001069	10	10	1	1	0.985585585585586	0.974154757755315	0.979836834645643	0.914473684210526	1.0	0.979824561403509
GC_00001070	10	10	1	1	0.959308685189237	0.869030501089324	0.911940753275883	0.258333333333333	1.0	0.808888888888889
GC_00001071	10	10	1	1	0.989688063934004	0.959301163078447	0.974257730784965	0.9	1.0	0.978814814814815
GC_00001072	10	10	1	1	0.995628415300546	1.0	0.997809419496167	0.991803278688525	1.0	0.995628415300546
GC_00001073	10	10	1	1	0.997889509621353	1.0	0.998943640091965	0.988826815642458	1.0	0.995903165735568
GC_00001074	10	10	1	1	0.994190871369295	1.0	0.997086974615064	0.970954356846473	1.0	0.99253112033195
GC_00001075	10	10	1	1	0.994029850746269	1.0	0.997005988023952	0.98134328358209	1.0	0.993532338308458
GC_00001076	10	10	1	1	0.992322530864198	1.0	0.996146472763889	0.972222222222222	1.0	0.991473765432099
GC_00001077	10	10	1	1	0.997951142631994	1.0	0.998974520785675	0.99290780141844	1.0	0.997951142631994
GC_00001078	10	10	1	1	0.998087630113774	1.0	0.999042899892175	0.990196078431373	1.0	0.996877269426289
GC_00001079	10	10	1	1	0.999275854265671	1.0	0.999637795988591	0.995926680244399	1.0	0.998642226748133
GC_00001080	10	10	1	1	0.990990990990991	0.958477359142759	0.974463040566053	0.727272727272727	1.0	0.943939393939394
GC_00001081	10	10	1	1	0.995325953259533	0.996323529411763	0.995824491502987	0.977941176470588	1.0	0.994607843137255
GC_00001082	10	10	1	1	0.996767676767677	1.0	0.998381222177256	0.987878787878788	1.0	0.995959595959596
GC_00001083	10	10	1	1	0.998642917726887	1.0	0.999320998132745	0.99236641221374	1.0	0.995928753180662
GC_00001084	10	10	1	1	0.996750524109015	1.0	0.998372617985196	0.985849056603774	1.0	0.995492662473794
GC_00001085	10	10	1	1	0.997090909090909	1.0	0.998543335761107	0.992727272727273	1.0	0.996606060606061
GC_00001086	10	10	1	1	0.997720797720798	1.0	0.998859098687964	0.991452991452991	1.0	0.996201329534663
GC_00001087	10	10	1	1	0.996491228070175	1.0	0.998242530755712	0.986842105263158	1.0	0.99561403508772
GC_00001088	10	10	1	1	0.993333333333333	1.0	0.996655518394649	0.978571428571429	1.0	0.993333333333333
GC_00001089	10	10	1	1	0.995412186379928	1.0	0.997700819083202	0.980645161290323	1.0	0.994982078853047
GC_00001090	10	10	1	1	0.998917378917379	1.0	0.999458396282888	0.992307692307692	1.0	0.997777777777778
GC_00001091	10	10	1	1	0.994028389623103	1.0	0.997005253080662	0.977973568281938	1.0	0.99285364659814
GC_00001092	10	10	1	1	0.998250407439363	0.975812269563022	0.986903817212932	0.921135646687697	1.0	0.971328426218016
GC_00001093	10	10	1	1	0.997740516113688	0.941799908634078	0.968963487356642	0.919597989949749	1.0	0.965159128978224
GC_00001094	10	10	1	1	0.998879928315412	0.989005537098561	0.993918208255352	0.940199335548173	1.0	0.98671096345515
GC_00001095	10	10	1	1	0.998239823982398	1.0	0.999119136754019	0.993399339933993	1.0	0.997799779977998
GC_00001096	10	10	1	1	0.996618357487923	1.0	0.998306315025405	0.987577639751553	1.0	0.995238095238095
GC_00001097	10	10	1	1	0.993911719939117	1.0	0.996946564885496	0.976027397260274	1.0	0.990867579908676
GC_00001098	10	10	1	1	0.994472084024323	1.0	0.997228381374723	0.977611940298508	1.0	0.991708126036485
GC_00001099	10	10	1	1	0.998937908496732	1.0	0.999468672088936	0.987132352941177	1.0	0.996813725490196
GC_00001100	10	10	1	1	0.995989159891599	1.0	0.997990550154782	0.985365853658537	1.0	0.995338753387534
GC_00001101	10	10	1	1	0.996051889452905	1.0	0.998022040124329	0.984771573604061	1.0	0.995375070501974
GC_00001102	10	10	1	1	0.995959595959596	1.0	0.997975708502024	0.987878787878788	1.0	0.995959595959596
GC_00001103	10	10	1	1	0.974829931972789	1.0	0.987254564243886	0.846938775510204	1.0	0.96530612244898
GC_00001104	10	10	1	1	0.99718026183283	1.0	0.998588140379185	0.990936555891239	1.0	0.996777442094663
GC_00001105	10	10	1	1	0.998936977980258	1.0	0.999468206335942	0.993166287015945	1.0	0.997722095671982
GC_00001106	10	10	1	1	0.998169934640523	1.0	0.999084129268612	0.994117647058824	1.0	0.997777777777778
GC_00001107	10	10	1	1	0.997134670487106	1.0	0.998565279770445	0.98567335243553	1.0	0.995988538681948
GC_00001108	10	10	1	1	0.99642453043675	1.0	0.998209063498901	0.985743380855397	1.0	0.99560986648563
GC_00001109	10	10	1	1	0.976758769351362	1.0	0.988242758292523	0.867724867724868	1.0	0.969782480893592
GC_00001110	10	10	1	1	0.988509021842355	1.0	0.994221309518124	0.923076923076923	1.0	0.97977207977208
GC_00001111	10	10	1	1	0.998511904761905	1.0	0.999255398361876	0.991071428571429	1.0	0.997321428571428
GC_00001112	10	10	1	1	0.997401803454073	0.966302171569382	0.981605721497179	0.80794701986755	1.0	0.960412067696836
GC_00001113	10	10	1	1	0.995448460508702	1.0	0.997719039313028	0.991967871485944	1.0	0.995448460508702
GC_00001114	10	10	1	1	0.983945639187575	0.985938703218852	0.984941162944975	0.83112582781457	1.0	0.96401766004415
GC_00001115	10	10	1	1	0.997370151216305	1.0	0.998683344305464	0.988165680473373	1.0	0.996581196581196
GC_00001116	10	10	1	1	0.996617089530475	0.994790370866536	0.995702892373715	0.981723237597911	1.0	0.993385552654482
GC_00001117	10	10	1	1	0.996336996336996	1.0	0.998165137614679	0.989010989010989	1.0	0.996336996336996
GC_00001118	10	10	1	1	0.996638655462185	1.0	0.998316498316498	0.991596638655462	1.0	0.996638655462185
GC_00001119	10	10	1	1	0.995419847328244	1.0	0.997704667176741	0.980916030534351	1.0	0.993893129770992
GC_00001120	10	10	1	1	0.99537037037037	1.0	0.997679814385151	0.990740740740741	1.0	0.99537037037037
GC_00001121	10	10	1	1	0.987654320987654	0.913030303030304	0.948877380903174	0.31404958677686	1.0	0.859871441689623
GC_00001122	10	10	1	1	0.997709049255441	0.990006311803071	0.993842755815833	0.928571428571429	1.0	0.982993197278912
GC_00001123	10	10	1	1	0.996491228070175	1.0	0.998242530755712	0.989473684210526	1.0	0.99578947368421
GC_00001124	10	10	1	1	0.998702594810379	1.0	0.999350876316972	0.995508982035928	1.0	0.998702594810379
GC_00001125	10	10	1	1	0.995638629283489	1.0	0.997814548860443	0.987538940809969	1.0	0.994807892004154
GC_00001126	10	10	1	1	0.994993614303959	1.0	0.997490525453242	0.979310344827586	1.0	0.993256704980843
GC_00001127	10	10	1	1	0.998922994076467	1.0	0.999461206896552	0.996768982229402	1.0	0.998922994076467
GC_00001128	10	10	1	1	0.994654201126693	1.0	0.997319937024529	0.980582524271845	1.0	0.991585760517799
GC_00001129	10	10	1	1	0.994685990338164	1.0	0.997335916686849	0.969565217391304	1.0	0.992753623188406
GC_00001130	10	10	1	1	0.99619341563786	1.0	0.99809307838994	0.986111111111111	1.0	0.995576131687243
GC_00001131	10	10	1	1	0.991412651589643	0.997076175602983	0.994236348299739	0.944117647058824	1.0	0.986143790849673
GC_00001132	10	10	1	1	0.996574440052701	1.0	0.998284281377854	0.988142292490119	1.0	0.996047430830039
GC_00001133	10	10	1	1	0.997126436781609	1.0	0.998561151079137	0.991379310344828	1.0	0.997126436781609
GC_00001134	10	10	1	1	0.997104099984758	0.97027745619371	0.983507877925605	0.823008849557522	1.0	0.963716814159292
GC_00001135	10	10	1	1	0.997900262467192	1.0	0.998949027850762	0.994750656167979	1.0	0.997900262467192
GC_00001136	10	10	1	1	0.996296296296296	1.0	0.998144712430427	0.993055555555556	1.0	0.996296296296296
GC_00001137	10	10	1	1	0.992872117400419	1.0	0.996423311592678	0.971698113207547	1.0	0.989937106918239
GC_00001138	10	10	1	1	0.989762796504369	1.0	0.994855063370561	0.955056179775281	1.0	0.989013732833958
GC_00001139	10	10	1	1	0.994549266247379	1.0	0.997267185200757	0.981132075471698	1.0	0.993710691823899
GC_00001140	10	10	1	1	0.996635120925342	1.0	0.99831472508953	0.987381703470032	1.0	0.996214511041009
GC_00001141	10	10	1	1	0.998463553473377	0.986983933292658	0.99269055648677	0.976510067114094	1.0	0.992020879940343
GC_00001142	10	10	1	1	0.993293685942047	0.997853535353535	0.995568389480207	0.971590909090909	1.0	0.990530303030303
GC_00001143	10	10	1	1	0.994890510948905	1.0	0.997438712038053	0.981751824817518	1.0	0.994890510948905
GC_00001144	10	10	1	1	0.99895178197065	1.0	0.999475616151023	0.990566037735849	1.0	0.99685534591195
GC_00001145	10	10	1	1	0.997952279202279	1.0	0.99897509023662	0.995192307692308	1.0	0.997382478632479
GC_00001146	10	10	1	1	0.996278575225944	1.0	0.998135818908123	0.990430622009569	1.0	0.996278575225944
GC_00001147	10	10	1	1	0.974167838724801	1.0	0.986914911301622	0.812236286919831	1.0	0.961322081575246
GC_00001148	10	10	1	1	0.997037037037037	1.0	0.998516320474777	0.988888888888889	1.0	0.996296296296296
GC_00001149	10	10	1	1	0.997881619937695	0.994442483022158	0.996159083172033	0.988847583643123	1.0	0.996282527881041
GC_00001150	10	10	1	1	0.991567852437418	1.0	0.995766075681397	0.952569169960474	1.0	0.988932806324111
GC_00001151	10	10	1	1	0.994761904761905	1.0	0.997374074958224	0.985714285714286	1.0	0.994761904761905
GC_00001152	10	10	1	1	0.996565019277953	1.0	0.998279554790913	0.984227129337539	1.0	0.995723799509288
GC_00001153	10	10	1	1	0.995359628770302	0.969075587334014	0.982041768495688	0.943820224719101	1.0	0.979775280898877
GC_00001154	10	10	1	1	0.990941288652772	0.958393659135602	0.97439575348298	0.785087719298246	1.0	0.944346978557505
GC_00001155	10	10	1	1	0.996031746031746	1.0	0.998011928429423	0.988095238095238	1.0	0.996031746031746
GC_00001156	10	10	1	1	0.995606252640473	1.0	0.997798289440257	0.980988593155893	1.0	0.994085340092945
GC_00001157	10	10	1	1	0.996883468834688	1.0	0.998439302436045	0.98780487804878	1.0	0.996476964769648
GC_00001158	10	10	1	1	0.99924188580905	1.0	0.999620799165758	0.995735607675906	1.0	0.998578535891969
GC_00001159	10	10	1	1	0.995837430350705	1.0	0.99791437439443	0.973451327433628	1.0	0.992428711897739
GC_00001160	10	10	1	1	0.998449612403101	1.0	0.99922420480993	0.994186046511628	1.0	0.997674418604651
GC_00001161	10	10	1	1	0.992512367963632	0.984072978303747	0.988274656381221	0.893491124260355	1.0	0.975279421433268
GC_00001162	10	10	1	1	0.999291722000885	1.0	0.999645735541582	0.99601593625498	1.0	0.99867197875166
GC_00001163	10	10	1	1	0.998070175438596	1.0	0.999034155764334	0.989473684210526	1.0	0.996315789473684
GC_00001164	10	10	1	1	0.998762413595339	0.982435246996	0.99053155372492	0.904	1.0	0.98002962962963
GC_00001165	10	10	1	1	0.988118811881188	1.0	0.99402390438247	0.96039603960396	1.0	0.988118811881188
GC_00001166	10	10	1	1	0.995674300254453	1.0	0.997832462068086	0.988549618320611	1.0	0.995674300254453
GC_00001167	10	10	1	1	0.994968553459119	1.0	0.997477931904161	0.981132075471698	1.0	0.993710691823899
GC_00001168	10	10	1	1	0.99808547008547	1.0	0.9990418178085	0.993846153846154	1.0	0.997675213675214
GC_00001169	10	10	1	1	0.99435718440954	1.0	0.997170609339906	0.965968586387435	1.0	0.992262943571844
GC_00001170	10	10	1	1	0.994444444444444	1.0	0.997214484679666	0.96875	1.0	0.989583333333333
GC_00001171	10	10	1	1	0.995503800743975	1.0	0.997746835032663	0.982532751091703	1.0	0.994468704512372
GC_00001172	10	10	1	1	0.99046571323799	0.965471447543161	0.977808883716738	0.76984126984127	1.0	0.951146384479718
GC_00001173	10	10	1	1	0.996938271604938	1.0	0.998466788664128	0.986666666666667	1.0	0.995753086419753
GC_00001174	10	10	1	1	0.993809523809524	1.0	0.9968951516599	0.964285714285714	1.0	0.99
GC_00001175	10	10	1	1	0.988157055661838	0.997682344921608	0.992896855761734	0.926380368098159	1.0	0.98200408997955
GC_00001176	10	10	1	1	0.993577620173365	1.0	0.996778465126391	0.978723404255319	1.0	0.990425531914893
GC_00001177	10	10	1	1	0.991228070175439	1.0	0.995594713656388	0.973684210526316	1.0	0.991228070175439
GC_00001178	10	10	1	1	0.990359477124183	1.0	0.995156391100895	0.963235294117647	1.0	0.990359477124183
GC_00001179	10	10	1	1	0.996546762589928	0.897710746425118	0.944550288262875	0.867816091954023	1.0	0.954533844189016
GC_00001180	10	10	1	1	0.991503267973856	1.0	0.995733508368887	0.953781512605042	1.0	0.989262371615313
GC_00001181	10	10	1	1	0.997777777777778	1.0	0.99888765294772	0.993333333333333	1.0	0.997777777777778
GC_00001182	10	10	1	1	0.994158075601375	1.0	0.9970704807858	0.984536082474227	1.0	0.994158075601374
GC_00001183	10	10	1	1	0.998081534772182	1.0	0.99903984637542	0.992805755395683	1.0	0.997601918465228
GC_00001184	10	10	1	1	0.994731630025748	1.0	0.997358857755625	0.973262032085562	1.0	0.992751039809863
GC_00001185	10	10	1	1	0.996738877242022	1.0	0.998366775548297	0.987421383647799	1.0	0.995248078266946
GC_00001186	10	10	1	1	0.995915032679739	0.988246080067699	0.992065735794435	0.917675544794189	1.0	0.982566585956417
GC_00001187	10	10	1	1	0.997349643221203	1.0	0.998673063182607	0.990825688073395	1.0	0.996941896024465
GC_00001188	10	10	1	1	0.996774193548387	1.0	0.998384491114701	0.983870967741935	1.0	0.995698924731183
GC_00001189	10	10	1	1	0.987724867724868	1.0	0.993824531516184	0.928571428571429	1.0	0.983174603174603
GC_00001190	10	10	1	1	0.996948356807512	1.0	0.99847184671447	0.982394366197183	1.0	0.995070422535211
GC_00001191	10	10	1	1	0.996589147286822	1.0	0.998291660195683	0.990697674418605	1.0	0.996589147286822
GC_00001192	10	10	1	1	0.990363457014948	0.996145124716552	0.993245877189182	0.959183673469388	1.0	0.981179138321995
GC_00001193	10	10	1	1	0.998835433371516	1.0	0.99941737743436	0.992268041237113	1.0	0.997537227949599
GC_00001194	10	10	1	1	0.996709907877421	0.999577167019029	0.998141478331806	0.985200845665962	1.0	0.995724688747945
GC_00001195	10	10	1	1	0.990768799102132	1.0	0.995362996997928	0.946969696969697	1.0	0.984427609427609
GC_00001196	10	10	1	1	0.995315624107398	1.0	0.997652313330279	0.984575835475578	1.0	0.994972864895744
GC_00001197	10	10	1	1	0.996387907341971	1.0	0.998190685966016	0.985865724381625	1.0	0.994503337259521
GC_00001198	10	10	1	1	0.996617622188398	1.0	0.998305946129087	0.990867579908676	1.0	0.994926433282598
GC_00001199	10	10	1	1	0.996025293586269	0.955280065152476	0.975227278590174	0.937984496124031	1.0	0.983979328165375
GC_00001200	10	10	1	1	0.994689028651293	1.0	0.997337443946188	0.981132075471698	1.0	0.991614255765199
GC_00001201	10	10	1	1	0.992416922851705	1.0	0.996194030947378	0.964426877470356	1.0	0.9911286780852
GC_00001202	10	10	1	1	0.994761904761905	1.0	0.997374074958224	0.982142857142857	1.0	0.993809523809524
GC_00001203	10	10	1	1	0.994048196668284	1.0	0.997015215910197	0.965065502183406	1.0	0.989131489568171
GC_00001204	10	10	1	1	0.994521604938272	1.0	0.997253278656814	0.982638888888889	1.0	0.992824074074074
GC_00001205	10	10	1	1	0.998050682261209	1.0	0.999024390243902	0.996491228070175	1.0	0.998050682261209
GC_00001206	10	10	1	1	0.992136752136752	1.0	0.996052857388021	0.976923076923077	1.0	0.98974358974359
GC_00001207	10	10	1	1	0.996296296296296	1.0	0.998144712430427	0.98	1.0	0.988888888888889
GC_00001208	10	10	1	1	0.997066865523241	1.0	0.998531278783202	0.976510067114094	1.0	0.993885160328113
GC_00001209	10	10	1	1	0.994666666666667	1.0	0.997326203208556	0.98	1.0	0.9936
GC_00001210	10	10	1	1	0.989993502274204	1.0	0.994971592764318	0.976608187134503	1.0	0.989733593242365
GC_00001211	10	10	1	1	0.989030431705591	0.996842283012494	0.992920992572471	0.947089947089947	1.0	0.98071722516167
GC_00001212	10	10	1	1	0.993877114108328	1.0	0.996929155839973	0.982658959537572	1.0	0.993192035966603
GC_00001213	10	10	1	1	0.996191226687681	1.0	0.998091979735509	0.985815602836879	1.0	0.995350669818755
GC_00001214	10	10	1	1	0.993796623478602	1.0	0.996888661336694	0.978798586572438	1.0	0.992226148409894
GC_00001215	10	10	1	1	0.997621474685695	1.0	0.998809321313148	0.987767584097859	1.0	0.995310907237512
GC_00001216	10	10	1	1	0.997569444444444	1.0	0.998783243525117	0.9921875	1.0	0.997569444444445
GC_00001217	10	10	1	1	0.994810379241517	1.0	0.997398439063438	0.988023952095808	1.0	0.994810379241517
GC_00001218	10	10	1	1	0.997868623340321	1.0	0.99893317476696	0.990566037735849	1.0	0.995492662473794
GC_00001219	10	10	1	1	0.993317793317793	1.0	0.996647696265689	0.986013986013986	1.0	0.993317793317793
GC_00001220	10	10	1	1	0.996035039188566	1.0	0.998013581558646	0.987551867219917	1.0	0.996035039188566
GC_00001221	10	10	1	1	0.997433654126567	1.0	0.998715178414997	0.988188976377953	1.0	0.995450568678915
GC_00001222	10	10	1	1	0.953997089611792	0.970559721275467	0.962207136888169	0.742331288343558	1.0	0.90974778459441
GC_00001223	10	10	1	1	0.989802130898021	1.0	0.994874933068156	0.972602739726027	1.0	0.989802130898021
GC_00001224	10	10	1	1	0.990946502057613	1.0	0.995452666391071	0.973063973063973	1.0	0.990497568275346
GC_00001225	10	10	1	1	0.998973143759874	1.0	0.999486308136089	0.997630331753555	1.0	0.998973143759874
GC_00001226	10	10	1	1	0.997931583134447	1.0	0.99896472087282	0.995226730310263	1.0	0.997931583134447
GC_00001227	10	10	1	1	0.99470271458402	1.0	0.997344323353425	0.979228486646884	1.0	0.992548631717771
GC_00001228	10	10	1	1	0.982858891949801	0.919164118246686	0.949945002701758	0.385321100917431	1.0	0.871763506625892
GC_00001229	10	10	1	1	0.993409961685824	1.0	0.996694087798878	0.972413793103448	1.0	0.990344827586207
GC_00001230	10	10	1	1	0.991536531475864	0.941261404907434	0.965745100473795	0.624413145539906	1.0	0.919040166927491
GC_00001231	10	10	1	1	0.995006242197253	1.0	0.997496871088861	0.966292134831461	1.0	0.989513108614232
GC_00001232	10	10	1	1	0.996237970253718	1.0	0.998115440241925	0.992125984251969	1.0	0.996237970253718
GC_00001233	10	10	1	1	0.977129956811936	0.981038961038962	0.979080557241098	0.818181818181818	1.0	0.955363155363156
GC_00001234	10	10	1	1	0.988706739526412	1.0	0.994321304268181	0.956284153005464	1.0	0.987249544626594
GC_00001235	10	10	1	1	0.998091342876619	1.0	0.999044759825327	0.993865030674847	1.0	0.997818677573279
GC_00001236	10	10	1	1	0.990435095289464	1.0	0.995194565885031	0.97411003236246	1.0	0.987989931679252
GC_00001237	10	10	1	1	0.969404186795491	0.788026315789474	0.869355583287891	0.625	1.0	0.917592592592593
GC_00001238	10	10	1	1	0.995682210708117	0.935858105010754	0.9648437149596	0.905797101449275	1.0	0.947665056360709
GC_00001239	10	10	1	1	0.99709101814365	1.0	0.998543390446443	0.979757085020243	1.0	0.99451192082771
GC_00001240	10	10	1	1	0.992043895747599	1.0	0.996006059771381	0.969135802469136	1.0	0.989026063100137
GC_00001241	10	10	1	1	0.999091077722129	1.0	0.999545332232233	0.996661101836394	1.0	0.998868484511222
GC_00001242	10	10	1	1	0.997066865523241	1.0	0.998531278783202	0.986577181208054	1.0	0.994929157345265
GC_00001243	10	10	1	1	0.996354166666667	1.0	0.998173754239499	0.98828125	1.0	0.996354166666667
GC_00001244	10	10	1	1	0.992270531400966	1.0	0.996120271580989	0.963768115942029	1.0	0.990338164251208
GC_00001245	10	10	1	1	0.99552799223727	0.966364451999812	0.980729464038433	0.89010989010989	1.0	0.961172161172161
GC_00001246	10	10	1	1	0.996057347670251	1.0	0.998024780032322	0.989247311827957	1.0	0.996057347670251
GC_00001247	10	10	1	1	0.995532039976484	1.0	0.997761018147537	0.973544973544973	1.0	0.99294532627866
GC_00001248	10	10	1	1	0.993575207860922	1.0	0.996777251184834	0.965986394557823	1.0	0.991609977324263
GC_00001249	10	10	1	1	0.992735042735043	1.0	0.99635427836157	0.980769230769231	1.0	0.992735042735043
GC_00001250	10	10	1	1	0.99900826446281	1.0	0.999503886224574	0.99504132231405	1.0	0.997685950413223
GC_00001251	10	10	1	1	0.997784491440081	1.0	0.998891017239641	0.993957703927492	1.0	0.997381671701913
GC_00001252	10	10	1	1	0.994508301404853	1.0	0.99724659025421	0.988505747126437	1.0	0.994508301404853
GC_00001253	10	10	1	1	0.991594202898551	1.0	0.995779362538204	0.965217391304348	1.0	0.991014492753623
GC_00001254	10	10	1	1	0.995502645502646	1.0	0.99774625480578	0.978571428571429	1.0	0.991587301587302
GC_00001255	10	10	1	1	0.997231968810916	1.0	0.998614066251537	0.986842105263158	1.0	0.995906432748538
GC_00001256	10	10	1	1	0.997479954180985	1.0	0.998738387429751	0.993127147766323	1.0	0.997479954180985
GC_00001257	10	10	1	1	0.993197278911565	1.0	0.996587030716723	0.972789115646258	1.0	0.991383219954649
GC_00001258	10	10	1	1	0.998092031425365	1.0	0.999045104757625	0.994949494949495	1.0	0.998092031425365
GC_00001259	10	10	1	1	0.994003527336861	1.0	0.996992747213869	0.984126984126984	1.0	0.994003527336861
GC_00001260	10	10	1	1	0.99887482419128	1.0	0.999437095412328	0.992405063291139	1.0	0.997637130801688
GC_00001261	10	10	1	1	0.988399720475192	0.990830541350731	0.989613638188683	0.88785046728972	1.0	0.973208722741433
GC_00001262	10	10	1	1	0.994214332675871	1.0	0.997098773572465	0.970414201183432	1.0	0.992110453648915
GC_00001263	10	10	1	1	0.995933806146572	1.0	0.99796276116928	0.991489361702128	1.0	0.995933806146572
GC_00001264	10	10	1	1	0.993930704898447	1.0	0.996956115332071	0.967741935483871	1.0	0.989534050179211
GC_00001265	10	10	1	1	0.996690307328605	1.0	0.998342410608572	0.98936170212766	1.0	0.996217494089835
GC_00001266	10	10	1	1	0.995605775266792	1.0	0.997798049701164	0.983050847457627	1.0	0.994350282485876
GC_00001267	10	10	1	1	0.985612535612536	1.0	0.992754143051869	0.942307692307692	1.0	0.980769230769231
GC_00001268	10	10	1	1	0.997715917201999	1.0	0.998856652851222	0.993576017130621	1.0	0.997430406852248
GC_00001269	10	10	1	1	0.993804713804714	0.986656162889349	0.990217536860112	0.964125560538117	1.0	0.988938714499253
GC_00001270	10	10	1	1	0.993843980220002	0.936707570057311	0.964430273404758	0.585774058577406	1.0	0.915109251510925
GC_00001271	10	10	1	1	0.99788495281453	1.0	0.998941356867176	0.991037131882202	1.0	0.99724000569071
GC_00001272	10	10	1	1	0.986114631742008	1.0	0.993008778025157	0.954372623574145	1.0	0.980988593155894
GC_00001273	10	10	1	1	0.999037037037037	1.0	0.999518286582429	0.995	1.0	0.998111111111111
GC_00001274	10	10	1	1	0.979079079079079	0.843840689697043	0.906443365757917	0.725274725274725	1.0	0.941880341880342
GC_00001275	10	10	1	1	0.994666666666667	1.0	0.997326203208556	0.974545454545454	1.0	0.992242424242424
GC_00001276	10	10	1	1	0.856636799333194	0.998543487307529	0.92216277104909	0.676029962546816	1.0	0.820349563046192
GC_00001277	10	10	1	1	0.994907407407407	1.0	0.997447203527501	0.986111111111111	1.0	0.993981481481482
GC_00001278	10	10	1	1	0.998400930367786	0.98868883592761	0.99352114874475	0.9375	1.0	0.986206896551724
GC_00001279	10	10	1	1	0.998628841607565	1.0	0.999313950462492	0.991489361702128	1.0	0.997588652482269
GC_00001280	10	10	1	1	0.994458653026428	0.966237251744499	0.980144849117798	0.944444444444444	1.0	0.976543209876543
GC_00001281	10	10	1	1	0.997253433208489	1.0	0.998624828103513	0.99250936329588	1.0	0.99725343320849
GC_00001282	10	10	1	1	0.995328282828283	1.0	0.997658672403974	0.988636363636364	1.0	0.995328282828283
GC_00001283	10	10	1	1	0.997366898148148	1.0	0.998681713482739	0.986979166666667	1.0	0.996672453703704
GC_00001284	10	10	1	1	0.867575382073523	0.993559556786705	0.926303401321253	0.67590027700831	1.0	0.820190827947061
GC_00001285	10	10	1	1	0.99683457861332	1.0	0.998414780362589	0.986984815618221	1.0	0.995516992046276
GC_00001286	10	10	1	1	0.997193466758684	1.0	0.998594761454998	0.981366459627329	1.0	0.994064872325742
GC_00001287	10	10	1	1	0.996937882764654	1.0	0.998466593647317	0.986220472440945	1.0	0.995800524934383
GC_00001288	10	10	1	1	0.997491980169146	1.0	0.998744415569247	0.988188976377953	1.0	0.995625546806649
GC_00001289	10	10	1	1	0.998723723723724	1.0	0.99936145438155	0.996621621621622	1.0	0.998573573573573
GC_00001290	10	10	1	1	0.991884390850799	1.0	0.995925662560298	0.961240310077519	1.0	0.989893769738731
GC_00001291	10	10	1	1	0.995441595441595	1.0	0.997715591090805	0.983974358974359	1.0	0.994159544159544
GC_00001292	10	10	1	1	0.996450724781902	0.999154859557541	0.99780096005797	0.979865771812081	1.0	0.993934874471787
GC_00001293	10	10	1	1	0.999311424100156	1.0	0.999655593475062	0.995774647887324	1.0	0.99849765258216
GC_00001294	9	10	2	0	0.981364786987666	0.825748494734159	0.896856333066247	0.0575139146567718	1.0	0.773118944547516
GC_00001295	10	10	1	1	0.995560253699789	0.991669691430135	0.993611164129302	0.970649895178197	1.0	0.993081761006289
GC_00001296	10	10	1	1	0.995430944963655	1.0	0.997710241465446	0.987538940809969	1.0	0.995015576323987
GC_00001297	10	10	1	1	0.962250453720508	0.987455197132616	0.974689908760092	0.903225806451613	1.0	0.946594982078853
GC_00001298	10	10	1	1	0.995433789954338	0.923845462713388	0.958304518743335	0.849056603773585	1.0	0.925786163522012
GC_00001299	10	10	1	1	0.992415843175062	1.0	0.996193486991726	0.984815618221258	1.0	0.991612436731743
GC_00001300	10	10	1	1	0.984051398337113	1.0	0.991961598537087	0.948979591836735	1.0	0.980272108843538
GC_00001301	10	10	1	1	0.999349220021055	1.0	0.999674504097419	0.994832041343669	1.0	0.998047660063164
GC_00001302	10	10	1	1	0.991642924976258	1.0	0.995803929048255	0.965811965811966	1.0	0.987844254510921
GC_00001303	10	10	1	1	0.995555555555556	1.0	0.997772828507795	0.979166666666667	1.0	0.994444444444444
GC_00001304	10	10	1	1	0.980091324200913	0.995228357191546	0.9876018425479	0.950920245398773	1.0	0.973687798227676
GC_00001305	10	10	1	1	0.992281792281792	1.0	0.996125945763241	0.965034965034965	1.0	0.98989898989899
GC_00001306	10	10	1	1	0.996922129886119	1.0	0.99845869297164	0.980609418282548	1.0	0.995198522622346
GC_00001307	10	10	1	1	0.998993352326686	1.0	0.999496422700885	0.996153846153846	1.0	0.998518518518519
GC_00001308	10	10	1	1	0.988396488974524	1.0	0.99416438769138	0.965317919075145	1.0	0.986255619781631
GC_00001309	10	10	1	1	0.995653956539565	1.0	0.997822245962937	0.988929889298893	1.0	0.995161951619516
GC_00001310	10	10	1	1	0.99451536643026	1.0	0.997250142234022	0.978723404255319	1.0	0.993191489361702
GC_00001311	10	10	1	1	0.993044953350297	1.0	0.996510341305643	0.984732824427481	1.0	0.993044953350297
GC_00001312	10	10	1	1	0.997496451154988	1.0	0.998746656674376	0.986062717770035	1.0	0.995276809910956
GC_00001313	10	10	1	1	0.995555555555556	1.0	0.997772828507795	0.978571428571429	1.0	0.992380952380952
GC_00001314	10	10	1	1	0.99290780141844	1.0	0.99644128113879	0.974468085106383	1.0	0.99177304964539
GC_00001315	10	10	1	1	0.977279987222488	0.95496578259465	0.965994039050565	0.702564102564103	1.0	0.926609686609687
GC_00001316	10	10	1	1	0.995347413529232	1.0	0.997668282505983	0.986225895316804	1.0	0.994612794612795
GC_00001317	10	10	1	1	0.956327663168054	0.970130882762463	0.963179822414772	0.689473684210526	1.0	0.930409356725146
GC_00001318	10	10	1	1	0.988811188811189	1.0	0.994374120956399	0.951048951048951	1.0	0.987878787878788
GC_00001319	10	10	1	1	0.985841537740272	1.0	0.992870296047972	0.924050632911392	1.0	0.977777777777778
GC_00001320	10	10	1	1	0.995790504160548	1.0	0.997890812772845	0.982378854625551	1.0	0.994419970631424
GC_00001321	10	10	1	1	0.998671775223499	1.0	0.999335446273387	0.993103448275862	1.0	0.997394636015326
GC_00001322	7	10	3	0	0.869665297996765	0.976281443345526	0.919894462110446	0.60655737704918	1.0	0.8183970856102
GC_00001323	10	10	1	1	0.984203480589023	1.0	0.992038861152341	0.963855421686747	1.0	0.984203480589023
GC_00001324	10	10	1	1	0.995772357723577	1.0	0.997881701156917	0.990243902439024	1.0	0.995772357723577
GC_00001325	10	10	1	1	0.996644295302013	1.0	0.998319327731092	0.986577181208054	1.0	0.995749440715883
GC_00001326	10	10	1	1	0.998359433258762	1.0	0.99917904321218	0.98993288590604	1.0	0.996420581655481
GC_00001327	10	10	1	1	0.994206349206349	1.0	0.997094758626179	0.978571428571429	1.0	0.993730158730159
GC_00001328	10	10	1	1	0.998227892964735	0.9984076433121	0.998317760047259	0.993630573248408	1.0	0.997912243453644
GC_00001329	10	10	1	1	0.997004357298475	1.0	0.998499931815083	0.987745098039216	1.0	0.995479302832244
GC_00001330	10	10	1	1	0.994917257683215	1.0	0.997452153818807	0.98936170212766	1.0	0.994917257683215
GC_00001331	10	10	1	1	0.997521027003099	1.0	0.99875897526815	0.98804780876494	1.0	0.995750332005312
GC_00001332	10	10	1	1	0.989891696750902	1.0	0.994920174165457	0.956678700361011	1.0	0.988126754913758
GC_00001333	10	10	1	1	0.988581752484192	1.0	0.994258094995821	0.95609756097561	1.0	0.981138211382114
GC_00001334	10	10	1	1	0.997269303201507	1.0	0.998632784875772	0.983050847457627	1.0	0.995197740112995
GC_00001335	10	10	1	1	0.994027777777778	1.0	0.997004945322839	0.975	1.0	0.991527777777778
GC_00001336	10	10	1	1	0.990923317683881	1.0	0.995440968401195	0.967136150234742	1.0	0.98528951486698
GC_00001337	10	10	1	1	0.990363815142576	1.0	0.995158581167869	0.964601769911504	1.0	0.984267453294002
GC_00001338	10	10	1	1	0.999169859514687	1.0	0.999584757402498	0.994252873563218	1.0	0.997509578544061
GC_00001339	10	10	1	1	0.998293723339427	1.0	0.99914613320322	0.994515539305302	1.0	0.998049969530774
GC_00001340	10	10	1	1	0.995299145299145	1.0	0.997644035125295	0.978021978021978	1.0	0.994200244200244
GC_00001341	10	10	1	1	0.974882675656025	0.967408658783	0.971131287057477	0.747126436781609	1.0	0.946807151979566
GC_00001342	10	10	1	1	0.997619047619048	1.0	0.99880810488677	0.99234693877551	1.0	0.997278911564626
GC_00001343	10	10	1	1	0.997037037037037	1.0	0.998516320474777	0.992156862745098	1.0	0.997037037037037
GC_00001344	10	10	1	1	0.998687695165817	1.0	0.999343416764231	0.995731056563501	1.0	0.9980078263963
GC_00001345	10	10	1	1	0.986876640419947	0.999344262295084	0.993071321370763	0.927868852459016	1.0	0.983460837887067
GC_00001346	10	10	1	1	0.998539176626826	1.0	0.999269054422221	0.99203187250996	1.0	0.997742363877822
GC_00001347	10	10	1	1	0.994444444444444	1.0	0.997214484679666	0.98	1.0	0.991333333333333
GC_00001348	10	10	1	1	0.997510625379478	1.0	0.998753761512508	0.986885245901639	1.0	0.996466302367942
GC_00001349	10	10	1	1	0.996369636963696	1.0	0.998181517606216	0.99009900990099	1.0	0.995709570957096
GC_00001350	10	10	1	1	0.997759103641457	0.964693564149104	0.980947771787805	0.95748987854251	1.0	0.990283400809717
GC_00001351	10	10	1	1	0.996428571428571	1.0	0.998211091234347	0.985714285714286	1.0	0.995476190476191
GC_00001352	10	10	1	1	0.966908965039806	0.953776864728193	0.960298021529781	0.557522123893805	1.0	0.901671583087512
GC_00001353	10	10	1	1	0.997894736842105	1.0	0.998946259220232	0.992105263157895	1.0	0.99719298245614
GC_00001354	10	10	1	1	0.997715472481828	1.0	0.998856429982327	0.993769470404984	1.0	0.997715472481828
GC_00001355	10	10	1	1	0.996112730806608	1.0	0.998052580331061	0.985422740524781	1.0	0.995724003887269
GC_00001356	10	10	1	1	0.992764857881137	1.0	0.996369294605809	0.970930232558139	1.0	0.989147286821705
GC_00001357	10	10	1	1	0.98457150265785	0.996532027743777	0.990515660535375	0.912790697674419	1.0	0.979586563307494
GC_00001358	10	10	1	1	0.998798798798799	0.942639917204047	0.969907120160491	0.647798742138365	1.0	0.927463312368973
GC_00001359	10	10	1	1	0.985708941264497	1.0	0.992803044575907	0.954545454545455	1.0	0.981818181818182
GC_00001360	10	10	1	1	0.998930889652539	1.0	0.999465158924205	0.996563573883162	1.0	0.998625429553264
GC_00001361	10	10	1	1	0.995282186948854	1.0	0.9976355158774	0.982142857142857	1.0	0.99484126984127
GC_00001362	10	10	1	1	0.992955326460481	1.0	0.996465212518321	0.979381443298969	1.0	0.992611683848797
GC_00001363	10	10	1	1	0.99613196814562	1.0	0.998062236407158	0.986348122866894	1.0	0.995676905574516
GC_00001364	10	10	1	1	0.997839506172839	1.0	0.998918584891086	0.989583333333333	1.0	0.996296296296296
GC_00001365	10	10	1	1	0.995744680851064	1.0	0.997867803837953	0.982978723404255	1.0	0.994042553191489
GC_00001366	10	10	1	1	0.991905813097866	1.0	0.995936461026967	0.973509933774834	1.0	0.989845474613687
GC_00001367	10	10	1	1	0.991644444444444	1.0	0.995804695170936	0.968	1.0	0.990577777777778
GC_00001368	10	10	1	1	0.996837672939761	1.0	0.998416332432479	0.990719257540603	1.0	0.995668986852282
GC_00001369	10	10	1	1	0.991122565864834	0.994921422663359	0.993018361083498	0.961538461538462	1.0	0.985185185185185
GC_00001370	10	10	1	1	0.976245210727969	0.991600353669319	0.983862873936783	0.863247863247863	1.0	0.964482431149098
GC_00001371	10	10	1	1	0.991528619528619	1.0	0.995746292376463	0.965454545454545	1.0	0.98759595959596
GC_00001372	10	10	1	1	0.999170239247684	0.956716171617156	0.977482455808013	0.914851485148515	1.0	0.95947194719472
GC_00001373	10	10	1	1	0.989981348254729	1.0	0.994965454448074	0.956834532374101	1.0	0.981454836131095
GC_00001374	10	10	1	1	0.99771412037037	1.0	0.998855752379021	0.98828125	1.0	0.996267361111111
GC_00001375	10	10	1	1	0.99170024947227	0.967971698113208	0.979692316036579	0.79375	1.0	0.952638888888889
GC_00001376	10	10	1	1	0.997124631057793	1.0	0.998560245616377	0.989717223650386	1.0	0.996172522136533
GC_00001377	10	10	1	1	0.997252090800478	1.0	0.998624155051744	0.983870967741935	1.0	0.994982078853046
GC_00001378	10	10	1	1	0.998133566637504	1.0	0.999065911611886	0.994750656167979	1.0	0.996850393700788
GC_00001379	10	10	1	1	0.993243243243243	1.0	0.996610169491525	0.97972972972973	1.0	0.992342342342342
GC_00001380	10	10	1	1	0.992541856925419	1.0	0.996256970437705	0.979452054794521	1.0	0.99117199391172
GC_00001381	10	10	1	1	0.99630966706779	1.0	0.998151422600868	0.992779783393502	1.0	0.99630966706779
GC_00001382	10	10	1	1	0.990910232266164	1.0	0.995434365856119	0.959322033898305	1.0	0.988097928436912
GC_00001383	10	10	1	1	0.990561694290976	0.998620689655174	0.994574866821896	0.979310344827586	1.0	0.986283524904214
GC_00001384	10	10	1	1	0.971929824561404	0.975708502024292	0.973815497724355	0.769230769230769	1.0	0.921937321937322
GC_00001385	10	10	1	1	0.970928462709285	1.0	0.985249826241409	0.938356164383562	1.0	0.970015220700152
GC_00001386	9	10	2	0	0.993650265496541	0.852175148175412	0.917490956579214	0.0223880597014925	1.0	0.791840796019901
GC_00001387	10	10	1	1	0.998056212240609	1.0	0.999027160623669	0.99468085106383	1.0	0.99779353821907
GC_00001388	10	10	1	1	0.994828791055206	1.0	0.997407692846633	0.981132075471698	1.0	0.993710691823899
GC_00001389	10	10	1	1	0.99781903919835	1.0	0.998908329153512	0.992042440318302	1.0	0.997465369879163
GC_00001390	10	10	1	1	0.994775132275132	1.0	0.997380723450814	0.985119047619048	1.0	0.994378306878307
GC_00001391	7	10	3	0	0.964422616195496	0.907642338168655	0.93517139595589	0.466666666666667	1.0	0.855767195767196
GC_00001392	10	10	1	1	0.992832732982359	1.0	0.996403477873973	0.982543640897756	1.0	0.991576614020504
GC_00001393	10	10	1	1	0.995668276972625	1.0	0.997829437348202	0.982608695652174	1.0	0.993768115942029
GC_00001394	10	10	1	1	0.994990366088632	1.0	0.997488893181379	0.988439306358382	1.0	0.99344894026975
GC_00001395	10	10	1	1	0.938255424493957	0.973860852523275	0.955726635001117	0.535031847133758	1.0	0.900920028308564
GC_00001396	10	10	1	1	0.995065829949551	1.0	0.997526813413183	0.985049833887043	1.0	0.994278331487634
GC_00001397	10	10	1	1	0.989251997095134	1.0	0.994596962616822	0.970588235294118	1.0	0.984967320261438
GC_00001398	10	10	1	1	0.991444625702374	1.0	0.995703935631849	0.978792822185971	1.0	0.990357078122168
GC_00001399	10	10	1	1	0.99451918285999	1.0	0.997252060954284	0.982062780269058	1.0	0.993921275535625
GC_00001400	10	10	1	1	0.99240386883699	1.0	0.996187454119207	0.977707006369427	1.0	0.989950460014154
GC_00001401	10	10	1	1	0.991903531438415	1.0	0.995935310905474	0.962790697674419	1.0	0.988733850129199
GC_00001402	10	10	1	1	0.993212121212121	1.0	0.996594502554123	0.981818181818182	1.0	0.992080808080808
GC_00001403	10	10	1	1	0.994754411063424	1.0	0.997370308391107	0.982832618025751	1.0	0.994372913686218
GC_00001404	10	10	1	1	0.989711934156379	1.0	0.99482936918304	0.958333333333333	1.0	0.983333333333334
GC_00001405	10	10	1	1	0.984818884818885	1.0	0.992351385157996	0.934065934065934	1.0	0.98009768009768
GC_00001406	10	10	1	1	0.99186804756425	0.998853220110307	0.995348378822905	0.95632183908046	1.0	0.989501915708812
GC_00001407	10	10	1	1	0.994298245614035	1.0	0.997140972069496	0.980263157894737	1.0	0.993421052631579
GC_00001408	10	10	1	1	0.993411996066863	1.0	0.996695111724954	0.982300884955752	1.0	0.992035398230088
GC_00001409	10	10	1	1	0.9884	0.86581449189695	0.923055069983247	0.133663366336634	1.0	0.813861386138614
GC_00001410	10	10	1	1	0.992341494036409	1.0	0.996156027474951	0.977401129943503	1.0	0.991588198367859
GC_00001411	10	10	1	1	0.996316102198455	1.0	0.998154652062623	0.991978609625668	1.0	0.995959595959596
GC_00001412	10	10	1	1	0.99694364851958	1.0	0.998469485364454	0.988538681948424	1.0	0.996179560649475
GC_00001413	10	10	1	1	0.991906721536351	1.0	0.995936918944976	0.962962962962963	1.0	0.989026063100137
GC_00001414	10	10	1	1	0.998663940013633	1.0	0.999331523444428	0.990184049079755	1.0	0.996973415132924
GC_00001415	10	10	1	1	0.993855218855219	1.0	0.996918140752311	0.984848484848485	1.0	0.992340067340067
GC_00001416	10	10	1	1	0.989571150097466	1.0	0.994758242296576	0.960526315789474	1.0	0.98625730994152
GC_00001417	10	10	1	1	0.993022574025213	1.0	0.996499073284105	0.984168865435356	1.0	0.991615362063911
GC_00001418	10	10	1	1	0.99900032776139	1.0	0.999499913919609	0.993362831858407	1.0	0.997885939036381
GC_00001419	10	10	1	1	0.989405684754522	1.0	0.99467463306923	0.970930232558139	1.0	0.988630490956073
GC_00001420	10	10	1	1	0.993206805478779	1.0	0.996591826546774	0.980099502487562	1.0	0.990234015109637
GC_00001421	10	10	1	1	0.988477366255144	1.0	0.994205298013245	0.961111111111111	1.0	0.986419753086419
GC_00001422	10	10	1	1	0.997772936335028	1.0	0.998885226832105	0.991285403050109	1.0	0.997482449770031
GC_00001423	10	10	1	1	0.998765432098765	1.0	0.999382334774552	0.992063492063492	1.0	0.996296296296296
GC_00001424	10	10	1	1	0.992367601246106	0.876816356334429	0.931020342583331	0.77710843373494	1.0	0.8809906291834
GC_00001425	10	10	1	1	0.995389048991354	0.854029819622561	0.919307080068322	0.805755395683453	1.0	0.91031175059952
GC_00001426	10	10	1	1	0.998657718120805	1.0	0.999328408327737	0.993288590604027	1.0	0.99756400695998
GC_00001427	10	10	1	1	0.993866666666667	1.0	0.996923899959877	0.956	1.0	0.989066666666667
GC_00001428	10	10	1	1	0.984883720930233	1.0	0.992384299941418	0.947674418604651	1.0	0.982558139534884
GC_00001429	10	10	1	1	0.994763476347635	1.0	0.997374864882751	0.98019801980198	1.0	0.993003300330033
GC_00001430	10	10	1	1	0.996221455561032	0.987733665657825	0.991959404307234	0.91970802919708	1.0	0.98264395782644
GC_00001431	10	10	1	1	0.989412449098313	0.97496075353218	0.982133441481755	0.923469387755102	1.0	0.980045351473923
GC_00001432	10	10	1	1	0.989523809523809	1.0	0.994734322642413	0.978571428571429	1.0	0.988571428571429
GC_00001433	10	10	1	1	0.990058479532164	1.0	0.995004407875404	0.978947368421053	1.0	0.988654970760234
GC_00001434	10	10	1	1	0.992592592592593	1.0	0.996282527881041	0.980891719745223	1.0	0.990941259731069
GC_00001435	10	10	1	1	0.992331768388106	1.0	0.9961511271699	0.971830985915493	1.0	0.989514866979656
GC_00001436	10	10	1	1	0.996803299819541	1.0	0.998399091096881	0.988399071925754	1.0	0.995565867491621
GC_00001437	10	10	1	1	0.997341359418109	1.0	0.99866891026446	0.99097065462754	1.0	0.995936794582393
GC_00001438	10	10	1	1	0.990234315948602	1.0	0.995093198839382	0.971428571428571	1.0	0.985759637188208
GC_00001439	10	10	1	1	0.99683615819209	1.0	0.998415572657311	0.993220338983051	1.0	0.996384180790961
GC_00001440	10	10	1	1	0.993240093240093	1.0	0.99660858379137	0.986013986013986	1.0	0.992773892773893
GC_00001441	10	10	1	1	0.995502645502646	1.0	0.99774625480578	0.988095238095238	1.0	0.994973544973545
GC_00001442	10	10	1	1	0.997304964539007	1.0	0.99865066401534	0.993617021276596	1.0	0.996737588652482
GC_00001443	10	10	1	1	0.994444444444444	1.0	0.997214484679666	0.977040816326531	1.0	0.993083900226758
GC_00001444	10	10	1	1	0.997814207650273	0.984076246334316	0.990897612962785	0.975806451612903	1.0	0.994086021505376
GC_00001445	10	10	1	1	0.995595595595596	1.0	0.997792937399679	0.988738738738739	1.0	0.994694694694695
GC_00001446	10	10	1	1	0.987786902505791	0.989641457680251	0.988713310434488	0.91875	1.0	0.974375
GC_00001447	10	10	1	1	0.931199808222462	0.996774193548387	0.962871840616945	0.629032258064516	1.0	0.918637992831541
GC_00001448	10	10	1	1	0.990895061728395	1.0	0.995426711107666	0.972222222222222	1.0	0.987808641975309
GC_00001449	10	10	1	1	0.995577667219458	1.0	0.997783933518006	0.970149253731343	1.0	0.986733001658375
GC_00001450	10	10	1	1	0.961609195402299	0.790835839309123	0.867901703129395	0.53030303030303	1.0	0.734006734006734
GC_00001451	10	10	1	1	0.994636930837648	1.0	0.997311255457353	0.982078853046595	1.0	0.99410593389088
GC_00001452	10	10	1	1	0.994997871434653	0.985442189036932	0.990196977009414	0.905660377358491	1.0	0.977253668763103
GC_00001453	10	10	1	1	0.994346978557505	1.0	0.997165477470433	0.982456140350877	1.0	0.990058479532164
GC_00001454	10	10	1	1	0.99067306509167	1.0	0.995314682721193	0.976744186046512	1.0	0.98796603912883
GC_00001455	10	10	1	1	0.975491480996068	0.934416718947107	0.954512420084191	0.802197802197802	1.0	0.918315018315018
GC_00001456	10	10	1	1	0.991740938799762	1.0	0.995853345663912	0.959893048128342	1.0	0.987700534759359
GC_00001457	8	10	2	0	0.937052680980875	0.920328643464156	0.928615369812933	0.731884057971015	1.0	0.893236714975845
GC_00001458	10	10	1	1	0.998463136033229	1.0	0.999230977074803	0.992523364485981	1.0	0.996884735202492
GC_00001459	10	10	1	1	0.996422702566047	1.0	0.998208146286177	0.988054607508532	1.0	0.996169890026546
GC_00001460	10	10	1	1	0.992752464694911	1.0	0.996363052896187	0.97841726618705	1.0	0.989128697042366
GC_00001461	10	10	1	1	0.981116327595201	1.0	0.990468165780188	0.943661971830986	1.0	0.976317162232655
GC_00001462	10	10	1	1	0.994673123486683	0.965987436800982	0.980120435401377	0.948598130841122	1.0	0.987538940809969
GC_00001463	10	10	1	1	0.992046957671958	1.0	0.996007602984753	0.975446428571429	1.0	0.98953373015873
GC_00001464	10	10	1	1	0.992757936507937	1.0	0.996365808732016	0.96875	1.0	0.990972222222222
GC_00001465	10	10	1	1	0.995427963849016	1.0	0.997708744072041	0.985645933014354	1.0	0.995108984582669
GC_00001466	10	10	1	1	0.998769638462994	0.988943371085946	0.993832216678024	0.934736842105263	1.0	0.985824561403509
GC_00001467	10	10	1	1	0.992485833949249	0.981343549536707	0.986883242595709	0.885869565217391	1.0	0.972342995169082
GC_00001468	10	10	1	1	0.987316561844864	0.777111325404477	0.869692536049368	0.679738562091503	1.0	0.929774872912128
GC_00001469	10	10	1	1	0.971113768982639	0.73903663677523	0.839328109783416	0.43343653250774	1.0	0.817750257997936
GC_00001470	10	10	1	1	0.992923976608187	1.0	0.996449426332932	0.971052631578947	1.0	0.991754385964912
GC_00001471	10	10	1	1	0.998067632850242	0.916538263995891	0.955567072126869	0.898305084745763	1.0	0.976647834274953
GC_00001472	10	10	1	1	0.988154399124863	1.0	0.994041910990238	0.945147679324895	1.0	0.984341303328645
GC_00001473	10	10	1	1	0.990786654423018	1.0	0.995372007564692	0.966942148760331	1.0	0.986868686868687
GC_00001474	10	10	1	1	0.990954773869347	1.0	0.995456839979808	0.974874371859296	1.0	0.989614740368509
GC_00001475	10	10	1	1	0.991809116809117	1.0	0.995887716788843	0.971153846153846	1.0	0.989529914529915
GC_00001476	10	10	1	1	0.997784491440081	1.0	0.998891017239641	0.987915407854985	1.0	0.995501846257133
GC_00001477	10	10	1	1	0.973371181400378	1.0	0.986505925063361	0.91970802919708	1.0	0.970397404703974
GC_00001478	10	10	1	1	0.977754111939415	0.935996488147497	0.956419728887876	0.5	1.0	0.892483660130719
GC_00001479	10	10	1	1	0.993944119558155	1.0	0.996962863511347	0.978947368421053	1.0	0.992436647173489
GC_00001480	10	10	1	1	0.993833624200116	1.0	0.996907276652856	0.979057591623037	1.0	0.991972076788831
GC_00001481	10	10	1	1	0.992418300653595	1.0	0.996194725101693	0.980392156862745	1.0	0.989019607843137
GC_00001482	10	10	1	1	0.998327059807612	1.0	0.999162829635831	0.994981179422836	1.0	0.997992471769134
GC_00001483	10	10	1	1	0.995037037037037	1.0	0.99751234544982	0.986666666666667	1.0	0.994592592592593
GC_00001484	10	10	1	1	0.988201375027722	1.0	0.994065679100482	0.964071856287425	1.0	0.983765801729873
GC_00001485	10	10	1	1	0.994742824666098	0.996202841744243	0.995472297869148	0.968152866242038	1.0	0.988110403397027
GC_00001486	10	10	1	1	0.993492798353909	1.0	0.996735778703859	0.986111111111111	1.0	0.992206790123457
GC_00001487	10	10	1	1	0.993548387096774	1.0	0.996763754045307	0.986175115207373	1.0	0.992933947772658
GC_00001488	10	10	1	1	0.942411210578667	0.99881890684566	0.969795519552537	0.662721893491124	1.0	0.926802542187158
GC_00001489	10	10	1	1	0.992817059483726	1.0	0.996395584591124	0.966329966329966	1.0	0.988776655443322
GC_00001490	10	10	1	1	0.991341991341991	1.0	0.995652173913043	0.974025974025974	1.0	0.991341991341992
GC_00001491	10	10	1	1	0.98341384863124	1.0	0.991637574084599	0.963768115942029	1.0	0.980515297906602
GC_00001492	10	10	1	1	0.990056497175141	1.0	0.995003406768113	0.972881355932203	1.0	0.989152542372881
GC_00001493	10	10	1	1	0.997339086659475	1.0	0.998667770856587	0.98705501618123	1.0	0.994606256742179
GC_00001494	10	10	1	1	0.986577181208054	0.993389830508475	0.989971785412869	0.933333333333333	1.0	0.975555555555556
GC_00001495	10	10	1	1	0.99557123260827	1.0	0.997780701926665	0.984126984126984	1.0	0.994238683127572
GC_00001496	10	10	1	1	0.993840435417496	1.0	0.996910703347626	0.985663082437276	1.0	0.992512943050577
GC_00001497	10	10	1	1	0.998579927077336	1.0	0.999289459028671	0.991364421416235	1.0	0.997121473805411
GC_00001498	10	10	1	1	0.992081736909323	1.0	0.996025131427106	0.971264367816092	1.0	0.989272030651341
GC_00001499	10	10	1	1	0.989564149785144	1.0	0.994754705337859	0.972375690607735	1.0	0.985635359116022
GC_00001500	10	10	1	1	0.99800853485064	0.99857954545455	0.998293958500022	0.990056818181818	1.0	0.996969696969697
GC_00001501	10	10	1	1	0.995081170409254	1.0	0.9975345215705	0.986876640419947	1.0	0.994459025955089
GC_00001502	10	10	1	1	0.990363574583758	1.0	0.99515845972098	0.948623853211009	1.0	0.987726809378186
GC_00001503	10	10	1	1	0.984683641975309	1.0	0.992282720681142	0.9375	1.0	0.981828703703704
GC_00001504	10	10	1	1	0.985763888888889	1.0	0.992830914495541	0.96875	1.0	0.983680555555556
GC_00001505	10	10	1	1	0.987562446167097	1.0	0.993742307892319	0.962790697674419	1.0	0.985012919896641
GC_00001506	10	10	1	1	0.99413616686344	0.997646789038645	0.995888384122967	0.978798586572438	1.0	0.991323125245387
GC_00001507	10	10	1	1	0.99605493133583	1.0	0.998023567086137	0.98876404494382	1.0	0.995755305867665
GC_00001508	10	10	1	1	0.981038647342995	1.0	0.99042858013778	0.923913043478261	1.0	0.976932367149759
GC_00001509	10	10	1	1	0.997671218376204	0.972456215905829	0.984902357947058	0.953703703703704	1.0	0.977777777777778
GC_00001510	10	10	1	1	0.990951863916033	0.906844334688139	0.947034338462533	0.862573099415205	1.0	0.968940870695257
GC_00001511	10	10	1	1	0.996318211702827	1.0	0.998155710710051	0.985207100591716	1.0	0.994477317554241
GC_00001512	10	10	1	1	0.994945848375451	1.0	0.997466521896489	0.985559566787004	1.0	0.994464500601685
GC_00001513	10	10	1	1	0.985552218885552	0.943977591036415	0.96431701095284	0.600840336134454	1.0	0.915126050420168
GC_00001514	10	10	1	1	0.993658954584404	1.0	0.99681939310582	0.984575835475578	1.0	0.992516423878892
GC_00001515	10	10	1	1	0.985982905982906	1.0	0.99294198657256	0.907692307692308	1.0	0.977094017094017
GC_00001516	10	10	1	1	0.972151756017814	0.851723093236386	0.907961531537381	0.0552147239263804	1.0	0.785139740967962
GC_00001517	10	10	1	1	0.99964492166972	0.997201526706368	0.998421729286182	0.990439770554493	1.0	0.996388357765031
GC_00001518	10	10	1	1	0.995814226925338	1.0	0.997902724102177	0.984126984126984	1.0	0.99379188712522
GC_00001519	10	10	1	1	0.998276156340672	1.0	0.999137334620214	0.990783410138249	1.0	0.996671786994368
GC_00001520	10	10	1	1	0.993808404517571	0.999026345933566	0.996410544023781	0.987113402061856	1.0	0.992898052691867
GC_00001521	10	10	1	1	0.989247311827957	1.0	0.994594594594595	0.967741935483871	1.0	0.989247311827957
GC_00001522	10	10	1	1	0.987401076289965	1.0	0.99366060335765	0.974358974358974	1.0	0.984235517568851
GC_00001523	10	10	1	1	0.990756302521008	0.991666666666668	0.991211275566075	0.95	1.0	0.978611111111111
GC_00001524	10	10	1	1	0.993650793650794	1.0	0.996815286624204	0.980952380952381	1.0	0.992522045855379
GC_00001525	10	10	1	1	0.982070707070707	1.0	0.990954261689387	0.920454545454545	1.0	0.975
GC_00001526	10	10	1	1	0.962442414304677	0.98489042675894	0.973537035032699	0.757785467128028	1.0	0.948865820838139
GC_00001527	10	10	1	1	0.995311355311355	0.905466328543251	0.948265466610051	0.869822485207101	1.0	0.930571992110454
GC_00001528	10	10	1	1	0.980361757105943	1.0	0.990083507306889	0.956395348837209	1.0	0.97609819121447
GC_00001529	10	10	1	1	0.997690163281561	1.0	0.998843746262111	0.983870967741935	1.0	0.993070489844683
GC_00001530	10	10	1	1	0.996139801773605	1.0	0.998066168400146	0.992957746478873	1.0	0.996139801773605
GC_00001531	10	10	1	1	0.988888888888889	1.0	0.994413407821229	0.946428571428571	1.0	0.973809523809524
GC_00001532	10	10	1	1	0.977777777777778	0.99290780141844	0.985284708893154	0.914893617021277	1.0	0.969582348305753
GC_00001533	10	10	1	1	0.994344244043643	1.0	0.99716410244959	0.987975951903808	1.0	0.9937207748831
GC_00001534	10	10	1	1	0.994790394790395	1.0	0.997388394678854	0.983516483516483	1.0	0.994301994301995
GC_00001535	10	10	1	1	0.993810916179337	1.0	0.996895852174126	0.976973684210526	1.0	0.989035087719298
GC_00001536	10	10	1	1	0.997330447330447	1.0	0.998663439656107	0.99025974025974	1.0	0.995887445887446
GC_00001537	10	10	1	1	0.985311090126954	0.999056603773585	0.992136240061186	0.962264150943396	1.0	0.982914046121593
GC_00001538	10	10	1	1	0.99535864978903	1.0	0.997673926834426	0.987341772151899	1.0	0.994936708860759
GC_00001539	10	10	1	1	0.995953757225434	1.0	0.997972777295106	0.988439306358382	1.0	0.995568400770713
GC_00001540	10	10	1	1	0.993272864701436	1.0	0.996625080580941	0.976190476190476	1.0	0.990702947845805
GC_00001541	10	10	1	1	0.983670505239133	1.0	0.991768040751859	0.918767507002801	1.0	0.978275754746343
GC_00001542	10	10	1	1	0.989469320066335	1.0	0.994706789480265	0.962686567164179	1.0	0.985323383084577
GC_00001543	10	10	1	1	0.991625207296849	0.989003690036902	0.990312713775308	0.96309963099631	1.0	0.987043870438705
GC_00001544	10	10	1	1	0.997030438010393	1.0	0.998513011152416	0.99109131403118	1.0	0.997030438010393
GC_00001545	10	10	1	1	0.992986341823551	1.0	0.996480829783293	0.980066445182724	1.0	0.991509782207457
GC_00001546	10	10	1	1	0.996579454071809	1.0	0.998286796991116	0.981651376146789	1.0	0.993408086986069
GC_00001547	10	10	1	1	0.988991769547325	1.0	0.994465421817618	0.965277777777778	1.0	0.98641975308642
GC_00001548	10	10	1	1	0.998127617639813	1.0	0.999062931544683	0.991130820399113	1.0	0.996452328159645
GC_00001549	10	10	1	1	0.994843462246777	1.0	0.997415066469719	0.988950276243094	1.0	0.994843462246777
GC_00001550	10	10	1	1	0.997975196152873	1.0	0.998986572080061	0.990888382687927	1.0	0.99665907365224
GC_00001551	10	10	1	1	0.997738391950522	0.99889349930844	0.998315611498534	0.989626556016598	1.0	0.996219455970493
GC_00001552	10	10	1	1	0.995199380565234	1.0	0.997593914933251	0.982578397212544	1.0	0.994425087108014
GC_00001553	10	10	1	1	0.990931118033922	1.0	0.995444904203901	0.97196261682243	1.0	0.9865005192108
GC_00001554	10	10	1	1	0.984346859792313	0.999023830031579	0.991631040021663	0.953488372093023	1.0	0.972609819121447
GC_00001555	10	10	1	1	0.991639163916392	1.0	0.995802032699956	0.965346534653465	1.0	0.99031903190319
GC_00001556	10	10	1	1	0.995761078998073	1.0	0.997876037845144	0.979768786127168	1.0	0.993063583815029
GC_00001557	10	10	1	1	0.997831978319783	1.0	0.998914812805209	0.995934959349594	1.0	0.997831978319783
GC_00001558	10	10	1	1	0.992541507024266	1.0	0.996256794174956	0.979310344827586	1.0	0.990804597701149
GC_00001559	10	10	1	1	0.992700987929237	0.997936507936505	0.995311863035494	0.973809523809524	1.0	0.987671957671958
GC_00001560	10	10	1	1	0.995323166303558	0.996129400260761	0.995726120081388	0.959635416666667	1.0	0.990914351851852
GC_00001561	10	10	1	1	0.992248062015504	1.0	0.996108949416342	0.972093023255814	1.0	0.991007751937984
GC_00001562	10	10	1	1	0.996342355523043	0.980903019519868	0.98856240843338	0.885304659498208	1.0	0.974432497013142
GC_00001563	10	10	1	1	0.988762912572436	1.0	0.994349709884207	0.972789115646258	1.0	0.986243386243386
GC_00001564	10	10	1	1	0.997840139934596	1.0	0.998918902457594	0.991786447638604	1.0	0.996805840748346
GC_00001565	10	10	1	1	0.989326502294802	1.0	0.994634617448224	0.976945244956772	1.0	0.986679474863913
GC_00001566	10	10	1	1	0.992991452991453	0.955291970802919	0.973776967491951	0.737226277372263	1.0	0.942254663422547
GC_00001567	10	10	1	1	0.991836734693878	1.0	0.995901639344262	0.979591836734694	1.0	0.988510959939532
GC_00001568	10	10	1	1	0.986147729650555	1.0	0.993025558903475	0.949152542372881	1.0	0.982548650345261
GC_00001569	10	10	1	1	0.98	1.0	0.98989898989899	0.942857142857143	1.0	0.974920634920635
GC_00001570	10	10	1	1	0.990329218106996	1.0	0.995141114442262	0.958333333333333	1.0	0.98724279835391
GC_00001571	10	10	1	1	0.995264116575592	1.0	0.997626437830929	0.987704918032787	1.0	0.995264116575592
GC_00001572	10	10	1	1	0.985706833594158	1.0	0.992801975516209	0.962441314553991	1.0	0.982785602503912
GC_00001573	10	10	1	1	0.992330383480826	1.0	0.996150429375185	0.976401179941003	1.0	0.98970829236316
GC_00001574	10	10	1	1	0.995228778361309	0.981780821917807	0.988459062493044	0.886363636363636	1.0	0.973333333333333
GC_00001575	10	10	1	1	0.99336860670194	1.0	0.996673272933182	0.971428571428571	1.0	0.986878306878307
GC_00001576	10	10	1	1	0.992586201386892	0.979221197167988	0.985858404960687	0.873417721518987	1.0	0.96868260665729
GC_00001577	10	10	1	1	0.996948148148148	1.0	0.998471742065671	0.992	1.0	0.996414814814815
GC_00001578	10	10	1	1	0.997179590114155	0.999475308641978	0.998326129589764	0.990277777777778	1.0	0.995802469135802
GC_00001579	10	10	1	1	0.987476979742173	0.989341259833061	0.988408240713308	0.92896174863388	1.0	0.976684881602915
GC_00001580	10	10	1	1	0.996599237760188	1.0	0.998296722659462	0.989445910290237	1.0	0.995895631779537
GC_00001581	10	10	1	1	0.995160190865712	0.988228792484114	0.991682380010503	0.927272727272727	1.0	0.982693602693603
GC_00001582	10	10	1	1	0.995617607135932	1.0	0.997803991682376	0.981675392670157	1.0	0.993949970913322
GC_00001583	10	10	1	1	0.998292699583419	0.995107033639143	0.996697321093857	0.981651376146789	1.0	0.990621814475026
GC_00001584	10	10	1	1	0.99646981391731	0.998391444222245	0.997429703525955	0.983870967741935	1.0	0.993906810035842
GC_00001585	10	10	1	1	0.994308432726512	1.0	0.997146094766441	0.977401129943503	1.0	0.992843691148776
GC_00001586	10	10	1	1	0.975752304748652	0.964470499124844	0.970078601802176	0.877828054298643	1.0	0.942316071727836
GC_00001587	10	10	1	1	0.99037558685446	1.0	0.99516452411841	0.975352112676056	1.0	0.98943661971831
GC_00001588	10	10	1	1	0.996305768684285	0.963558282208589	0.979658435584429	0.788343558282209	1.0	0.954873892297205
GC_00001589	10	10	1	1	0.997676496872207	1.0	0.998836897199606	0.991957104557641	1.0	0.996246648793566
GC_00001590	10	10	1	1	0.991838768962402	0.995031820259484	0.993432728873486	0.949790794979079	1.0	0.980288238028824
GC_00001591	10	10	1	1	0.954965585054081	1.0	0.976964088119907	0.752212389380531	1.0	0.943166175024582
GC_00001592	10	10	1	1	0.988888888888889	0.978134920634921	0.983482508108787	0.951111111111111	1.0	0.984098765432099
GC_00001593	10	10	1	1	0.956191321061581	0.977060489766086	0.966513265611823	0.756335282651072	1.0	0.942603422135586
GC_00001594	10	10	1	1	0.989855072463768	1.0	0.994901675163875	0.97463768115942	1.0	0.988083735909823
GC_00001595	10	10	1	1	0.987316083206494	1.0	0.993617564462599	0.958904109589041	1.0	0.983460172501268
GC_00001596	10	10	1	1	0.991182795698925	1.0	0.995571876012528	0.983870967741935	1.0	0.991182795698925
GC_00001597	10	10	1	1	0.990953785644051	1.0	0.995456341367049	0.973451327433628	1.0	0.988593903638151
GC_00001598	10	10	1	1	0.997009740058316	1.0	0.99850263126829	0.991624790619765	1.0	0.996389354178299
GC_00001599	10	10	1	1	0.98956228956229	1.0	0.994753765442545	0.973484848484849	1.0	0.988552188552189
GC_00001600	10	10	1	1	0.993997175141243	0.988784789198124	0.991384130945568	0.931937172774869	1.0	0.982547993019197
GC_00001601	10	10	1	1	0.99031903190319	1.0	0.995135971700199	0.96039603960396	1.0	0.987568756875688
GC_00001602	10	10	1	1	0.996314907872697	1.0	0.998154052693405	0.992462311557789	1.0	0.995979899497487
GC_00001603	10	10	1	1	0.998362573099415	1.0	0.999180615708767	0.994736842105263	1.0	0.997543859649123
GC_00001604	10	10	1	1	0.997148994337044	1.0	0.998572462209359	0.991212653778559	1.0	0.996914665104472
GC_00001605	10	10	1	1	0.996399176954732	1.0	0.998196341149188	0.990740740740741	1.0	0.995061728395062
GC_00001606	10	10	1	1	0.98986568986569	1.0	0.994907038105173	0.972527472527473	1.0	0.989133089133089
GC_00001607	10	10	1	1	0.994799054373522	1.0	0.997392747096468	0.984802431610942	1.0	0.993042890915231
GC_00001608	10	10	1	1	0.997651309846432	1.0	0.998824274215429	0.983739837398374	1.0	0.994579945799458
GC_00001609	10	10	1	1	0.993638344226579	1.0	0.996809022161997	0.980392156862745	1.0	0.993115468409586
GC_00001610	10	10	1	1	0.994406979233569	0.9675665797617	0.98080318705305	0.801393728222996	1.0	0.956639566395664
GC_00001611	10	10	1	1	0.997074542897328	1.0	0.998535128739647	0.989873417721519	1.0	0.996399437412096
GC_00001612	10	10	1	1	0.995035249726939	1.0	0.997511447342226	0.978552278820375	1.0	0.993684837652666
GC_00001613	10	10	1	1	0.993794549266247	1.0	0.996887617765814	0.984905660377358	1.0	0.993794549266248
GC_00001614	10	10	1	1	0.994484760522496	0.95598201936376	0.974853362687083	0.863070539419087	1.0	0.949930843706777
GC_00001615	10	10	1	1	0.987720789647681	0.996897450035563	0.992287903898377	0.950564971751412	1.0	0.983050847457627
GC_00001616	10	10	1	1	0.98989898989899	0.838275862068968	0.907799851010444	0.593103448275862	1.0	0.806743295019157
GC_00001617	10	10	1	1	0.994521963824289	1.0	0.997253459086905	0.981395348837209	1.0	0.991627906976744
GC_00001618	10	10	1	1	0.996777442094663	1.0	0.998386120637482	0.990936555891239	1.0	0.995568982880161
GC_00001619	10	10	1	1	0.99347442680776	1.0	0.996726532778908	0.972222222222222	1.0	0.991181657848324
GC_00001620	10	10	1	1	0.993833242109104	1.0	0.996907084423784	0.980295566502463	1.0	0.991351943076081
GC_00001621	10	10	1	1	0.997381457891012	1.0	0.998689012507529	0.993630573248408	1.0	0.996390658174098
GC_00001622	10	10	1	1	0.982002521719606	0.997370846208059	0.989627022304893	0.958139534883721	1.0	0.977260981912145
GC_00001623	10	10	1	1	0.990219092331768	0.966101694915254	0.978011734757865	0.790960451977401	1.0	0.951789077212806
GC_00001624	10	10	1	1	0.989300411522634	1.0	0.994621431526686	0.969135802469136	1.0	0.986831275720164
GC_00001625	10	10	1	1	0.995061728395062	1.0	0.997524752475247	0.981308411214953	1.0	0.992661820699204
GC_00001626	10	10	1	1	0.992800519818064	1.0	0.996387254965894	0.982456140350877	1.0	0.991500974658869
GC_00001627	10	10	1	1	0.98992443324937	1.0	0.994936708860759	0.977329974811083	1.0	0.987909319899244
GC_00001628	10	10	1	1	0.991393391129539	0.98546656084821	0.988421091364258	0.949860724233983	1.0	0.981739399566698
GC_00001629	10	10	1	1	0.976455026455026	1.0	0.988087270780351	0.946428571428571	1.0	0.972222222222222
GC_00001630	10	10	1	1	0.993279569892473	1.0	0.996628455832771	0.983870967741935	1.0	0.992741935483871
GC_00001631	10	10	1	1	0.993710691823899	0.944303797468355	0.96837746576074	0.660377358490566	1.0	0.925506638714186
GC_00001632	10	10	1	1	0.959119089279157	0.942319559539246	0.95064511107614	0.823287671232877	1.0	0.938569254185693
GC_00001633	10	10	1	1	0.989041475932862	1.0	0.994490550247576	0.973782771535581	1.0	0.983936745734499
GC_00001634	10	10	1	1	0.987096774193548	1.0	0.993506493506493	0.973118279569892	1.0	0.985185185185185
GC_00001635	10	10	1	1	0.99338061465721	1.0	0.996679316888046	0.968085106382979	1.0	0.990070921985815
GC_00001636	10	10	1	1	0.991236306729264	1.0	0.995598868280415	0.97887323943662	1.0	0.989671361502347
GC_00001637	10	10	1	1	0.996176226101413	1.0	0.99808445073707	0.986284289276808	1.0	0.995178719866999
GC_00001638	10	10	1	1	0.991919191919192	1.0	0.995943204868154	0.977272727272727	1.0	0.989090909090909
GC_00001639	10	10	1	1	0.990898185635028	1.0	0.995428287377705	0.965587044534413	1.0	0.988618983355825
GC_00001640	10	10	1	1	0.990499576134935	0.982595843513409	0.986531879624393	0.89922480620155	1.0	0.968475452196383
GC_00001641	9	10	2	0	0.993743462214064	0.855104949037613	0.919226203123631	0.090146750524109	1.0	0.781411600279525
GC_00001642	10	10	1	1	0.990267011197244	1.0	0.99510970701519	0.970930232558139	1.0	0.986046511627907
GC_00001643	10	10	1	1	0.981800766283525	1.0	0.990816819719671	0.939655172413793	1.0	0.975287356321839
GC_00001644	10	10	1	1	0.991588658255325	1.0	0.995776566757493	0.981684981684982	1.0	0.988929588929589
GC_00001645	10	10	1	1	0.972686733556299	0.854438616938618	0.909736277381586	0.756944444444444	1.0	0.93287037037037
GC_00001646	10	10	1	1	0.984810465388605	0.944915254237291	0.964450462378271	0.632911392405063	1.0	0.914299109235818
GC_00001647	10	10	1	1	0.991824808442517	0.999162306432002	0.995480036788044	0.972746331236897	1.0	0.989098532494759
GC_00001648	10	10	1	1	0.985409652076319	1.0	0.992651215375919	0.951515151515152	1.0	0.983164983164983
GC_00001649	10	10	1	1	0.994955529005708	0.998211091234348	0.996580651364529	0.987477638640429	1.0	0.99264559729676
GC_00001650	9	10	2	0	0.993192375460516	0.8328569612307	0.905985580041776	0.0168776371308017	1.0	0.775621190811064
GC_00001651	10	10	1	1	0.989094650205761	1.0	0.994517430433433	0.972222222222222	1.0	0.986213991769547
GC_00001652	10	10	1	1	0.995718108831401	1.0	0.99785446093331	0.991079393398751	1.0	0.994845871741501
GC_00001653	10	10	1	1	0.988811188811189	1.0	0.994374120956399	0.979020979020979	1.0	0.987257187257187
GC_00001654	10	10	1	1	0.99630271519353	1.0	0.998147933788633	0.987868284228769	1.0	0.995609474292316
GC_00001655	10	10	1	1	0.996982167352538	1.0	0.998488803407061	0.987654320987654	1.0	0.995610425240055
GC_00001656	10	10	1	1	0.995675316034597	1.0	0.997832972162027	0.991017964071856	1.0	0.994344644045243
GC_00001657	10	10	1	1	0.997821350762527	0.985675549322118	0.991711263068997	0.974235104669887	1.0	0.993236714975845
GC_00001658	10	10	1	1	0.993367426003409	1.0	0.99667267864917	0.98326359832636	1.0	0.992003719200372
GC_00001659	10	10	1	1	0.988299960738123	1.0	0.994115556257652	0.971731448763251	1.0	0.987828818217511
GC_00001660	10	10	1	1	0.98682417083144	0.994809177908452	0.990800586545712	0.959322033898305	1.0	0.981920903954802
GC_00001661	10	10	1	1	0.992461164959933	0.95646996734505	0.974133238784869	0.73536299765808	1.0	0.941139734582357
GC_00001662	10	10	1	1	0.996393034825871	1.0	0.998193258986979	0.988805970149254	1.0	0.995646766169154
GC_00001663	10	10	1	1	0.995079950799508	1.0	0.997533908754624	0.988929889298893	1.0	0.995079950799508
GC_00001664	10	10	1	1	0.990758581317348	1.0	0.995357840589321	0.977842003853565	1.0	0.988589167201884
GC_00001665	10	10	1	1	0.995935285465971	1.0	0.997963503845226	0.992779783393502	1.0	0.995935285465972
GC_00001666	10	10	1	1	0.994671864847303	1.0	0.997328816209525	0.982456140350877	1.0	0.993502274204029
GC_00001667	10	10	1	1	0.990598290598291	1.0	0.995276942893946	0.979487179487179	1.0	0.988091168091168
GC_00001668	10	10	1	1	0.990486746097719	0.981018329938903	0.985729801352389	0.84928716904277	1.0	0.9683638832315
GC_00001669	10	10	1	1	0.985610610610611	0.95940402639432	0.972330768402734	0.915857605177994	1.0	0.974541531823085
GC_00001670	10	10	1	1	0.992936235204276	1.0	0.996455599195325	0.979381443298969	1.0	0.990721649484536
GC_00001671	6	10	3	0	0.93125941526626	0.998948060486519	0.963916882901132	0.842209072978304	1.0	0.912294543063774
GC_00001672	10	10	1	1	0.996825396825397	1.0	0.998410174880763	0.993506493506494	1.0	0.996608946608947
GC_00001673	10	10	1	1	0.995595003287311	1.0	0.997792639936744	0.989644970414201	1.0	0.99474030243261
GC_00001674	10	10	1	1	0.988589935226707	0.995544702780436	0.992055130115075	0.939732142857143	1.0	0.983779761904762
GC_00001675	10	10	1	1	0.995936981757877	1.0	0.997964355448465	0.985074626865672	1.0	0.994278606965174
GC_00001676	10	10	1	1	0.987398047867362	0.820728611954413	0.896381705198192	0.697183098591549	1.0	0.927464788732394
GC_00001677	10	10	1	1	0.995474325500435	1.0	0.997732030704815	0.989556135770235	1.0	0.995126196692776
GC_00001678	10	10	1	1	0.981883666486584	1.0	0.990859032838425	0.952998379254457	1.0	0.97720151269584
GC_00001679	10	10	1	1	0.987324809981987	0.973834129903495	0.980533069203546	0.909090909090909	1.0	0.970594837261504
GC_00001680	10	10	1	1	0.997797543413808	1.0	0.998897557666214	0.994917407878018	1.0	0.997458703939009
GC_00001681	10	10	1	1	0.993908969210174	1.0	0.99694518110712	0.984939759036145	1.0	0.992570281124498
GC_00001682	10	10	1	1	0.978521617852162	1.0	0.989144226702383	0.949790794979079	1.0	0.97443049744305
GC_00001683	10	10	1	1	0.973809523809524	1.0	0.986731001206273	0.934065934065934	1.0	0.967826617826618
GC_00001684	10	10	1	1	0.981481481481482	0.988585322723253	0.985020594272632	0.950191570881226	1.0	0.975308641975309
GC_00001685	10	10	1	1	0.994108527131783	0.911434953728328	0.950978309892272	0.894957983193277	1.0	0.975350140056022
GC_00001686	10	10	1	1	0.996878029862323	1.0	0.998436574447217	0.993455497382199	1.0	0.996218731820826
GC_00001687	10	10	1	1	0.994931062449311	1.0	0.997459091371074	0.979014598540146	1.0	0.994038929440389
GC_00001688	10	10	1	1	0.992092092092092	1.0	0.996030350233656	0.97972972972973	1.0	0.99039039039039
GC_00001689	10	10	1	1	0.994116946528522	1.0	0.997049795157842	0.977491961414791	1.0	0.992068595927117
GC_00001690	10	10	1	1	0.98713640469738	1.0	0.993526566534531	0.970731707317073	1.0	0.985582655826558
GC_00001691	10	10	1	1	0.993622321873443	1.0	0.996800959712086	0.977578475336323	1.0	0.991629297458894
GC_00001692	10	10	1	1	0.986932707355243	1.0	0.993423384397275	0.961267605633803	1.0	0.9839593114241
GC_00001693	10	10	1	1	0.987724867724868	0.986035078394895	0.986879249722683	0.953051643192488	1.0	0.982994261867501
GC_00001694	10	10	1	1	0.994055201698514	1.0	0.997018739352641	0.980891719745223	1.0	0.993205944798302
GC_00001695	10	10	1	1	0.982747304266292	1.0	0.991298590750024	0.911392405063291	1.0	0.972433192686357
GC_00001696	10	10	1	1	0.995506535947712	1.0	0.997748208802457	0.985294117647059	1.0	0.993382352941177
GC_00001697	10	10	1	1	0.994115760782427	1.0	0.997049198781086	0.982683982683983	1.0	0.993025493025493
GC_00001698	10	10	1	1	0.995866188769415	1.0	0.997928813437571	0.983870967741935	1.0	0.993620071684588
GC_00001699	10	10	1	1	0.896746746746747	1.0	0.945562973322427	0.763513513513513	1.0	0.86921921921922
GC_00001700	10	10	1	1	0.995086923658352	1.0	0.99753741238871	0.986394557823129	1.0	0.994179894179894
GC_00001701	10	10	1	1	0.990507484483388	0.968929415737927	0.979599637136703	0.798941798941799	1.0	0.951557907113462
GC_00001702	10	10	1	1	0.983200392894037	0.966745436687383	0.974903485789233	0.753303964757709	1.0	0.942094958394518
GC_00001703	10	10	1	1	0.973964739647396	0.999078341013827	0.986361712859085	0.940092165898618	1.0	0.970609318996416
GC_00001704	10	10	1	1	0.991267951215992	0.996554308690231	0.993904100759428	0.97411003236246	1.0	0.98784609852571
GC_00001705	10	10	1	1	0.993018305661984	1.0	0.996496924128503	0.973180076628352	1.0	0.990804597701149
GC_00001706	10	10	1	1	0.996043521266073	1.0	0.998017839444995	0.982195845697329	1.0	0.992878338278932
GC_00001707	10	10	1	1	0.990906768837803	1.0	0.995432618290054	0.979310344827586	1.0	0.989272030651341
GC_00001708	10	10	1	1	0.98750690989497	0.990191679266449	0.988847472263947	0.960591133004926	1.0	0.985002736726875
GC_00001709	10	10	1	1	0.991660534706892	1.0	0.995812807881773	0.966887417218543	1.0	0.987343635025754
GC_00001710	10	10	1	1	0.989291410344042	0.995286851942143	0.992280074982234	0.959183673469388	1.0	0.98291761148904
GC_00001711	10	10	1	1	0.988299663299663	1.0	0.99411540578299	0.973484848484849	1.0	0.986279461279461
GC_00001712	10	10	1	1	0.993025141930251	1.0	0.996500366240742	0.981751824817518	1.0	0.993025141930251
GC_00001713	10	10	1	1	0.99194847020934	1.0	0.995957962813258	0.978260869565217	1.0	0.988985507246377
GC_00001714	10	10	1	1	0.996192696192696	1.0	0.998092717293994	0.990675990675991	1.0	0.995104895104895
GC_00001715	10	10	1	1	0.991402550091075	1.0	0.99568271623006	0.973770491803279	1.0	0.98615664845173
GC_00001716	10	10	1	1	0.995880372350961	1.0	0.997935934585004	0.989304812834225	1.0	0.9941770647653
GC_00001717	10	10	1	1	0.992794842624194	0.999573560767592	0.996172669938114	0.978678038379531	1.0	0.990191897654584
GC_00001718	10	10	1	1	0.993350660602123	1.0	0.996664240000869	0.973684210526316	1.0	0.988758934372969
GC_00001719	10	10	1	1	0.994500185804534	1.0	0.997242510061112	0.986622073578595	1.0	0.99405425492382
GC_00001720	10	10	1	1	0.978917378917379	1.0	0.989346386409444	0.942307692307692	1.0	0.974786324786325
GC_00001721	10	10	1	1	0.996978557504873	1.0	0.998486993020645	0.983552631578947	1.0	0.992251461988304
GC_00001722	10	10	1	1	0.988689765033851	1.0	0.994312720281961	0.978494623655914	1.0	0.986459577857427
GC_00001723	10	10	1	1	0.993707608073874	0.955726052219751	0.974346825613064	0.936842105263158	1.0	0.970136452241715
GC_00001724	10	10	1	1	0.994330549228044	1.0	0.99715721610234	0.9749430523918	1.0	0.991597064034422
GC_00001725	10	10	1	1	0.989351851851852	1.0	0.994647428438445	0.96875	1.0	0.986111111111111
GC_00001726	10	10	1	1	0.994687865902508	1.0	0.99733685947145	0.983361064891847	1.0	0.992789794786467
GC_00001727	10	10	1	1	0.994564807938609	0.99746497175537	0.996012778696281	0.973913043478261	1.0	0.990402576489533
GC_00001728	10	10	1	1	0.992784246083082	1.0	0.996379059132417	0.985769728331177	1.0	0.992209285611614
GC_00001729	10	10	1	1	0.9944111206322	1.0	0.997197729540323	0.982005141388175	1.0	0.993116252499286
GC_00001730	10	10	1	1	0.991660534706892	0.969166265060243	0.980284374676702	0.808	1.0	0.955911111111111
GC_00001731	10	10	1	1	0.97227322805729	0.976349399569116	0.974307050500759	0.889784946236559	1.0	0.953166069295102
GC_00001732	9	10	2	0	0.988189325992363	0.846438570103866	0.911837830292107	0.138801261829653	1.0	0.78149316508938
GC_00001733	10	10	1	1	0.986379928315412	1.0	0.99314326957777	0.939516129032258	1.0	0.984229390681003
GC_00001734	10	10	1	1	0.997118315322804	1.0	0.998557078639214	0.99002493765586	1.0	0.994679966749792
GC_00001735	10	10	1	1	0.993235244376797	0.999239543726238	0.996228347108767	0.984790874524715	1.0	0.991465990705535
GC_00001736	10	10	1	1	0.997582846003899	1.0	0.998789960576135	0.992105263157895	1.0	0.996608187134503
GC_00001737	10	10	1	1	0.994900035716362	0.999775784753371	0.997331951139051	0.986547085201794	1.0	0.992002989536622
GC_00001738	10	10	1	1	0.987491264849755	1.0	0.993706269118526	0.952830188679245	1.0	0.980503144654088
GC_00001739	10	10	1	1	0.986991869918699	1.0	0.993453355155483	0.967479674796748	1.0	0.986991869918699
GC_00001740	10	10	1	1	0.994614379084967	1.0	0.997299918735418	0.988235294117647	1.0	0.992941176470588
GC_00001741	10	10	1	1	0.986393733850129	0.997101449275362	0.991718689256705	0.951086956521739	1.0	0.977294685990338
GC_00001742	10	10	1	1	0.95312675423824	0.851303016457045	0.899341935193495	0.323353293413174	1.0	0.757285429141716
GC_00001743	10	10	1	1	0.989252525252525	1.0	0.99459722955681	0.956363636363636	1.0	0.982303030303031
GC_00001744	10	10	1	1	0.995141476880607	1.0	0.997564822757838	0.983850931677019	1.0	0.993540372670808
GC_00001745	10	10	1	1	0.996098890768942	1.0	0.998045633285455	0.986040609137056	1.0	0.994218838127467
GC_00001746	10	10	1	1	0.994956658786446	1.0	0.997471954495181	0.978723404255319	1.0	0.991489361702128
GC_00001747	10	10	1	1	0.99656002751978	1.0	0.998277050310131	0.987616099071207	1.0	0.994358445132439
GC_00001748	10	10	1	1	0.96404793608522	0.994249863611563	0.978916004620084	0.817021276595745	1.0	0.950732860520095
GC_00001749	10	10	1	1	0.996304849884527	1.0	0.998149005090236	0.990762124711316	1.0	0.994765204003079
GC_00001750	10	10	1	1	0.984612236545938	1.0	0.992246463480018	0.950276243093923	1.0	0.978882750153468
GC_00001751	10	10	1	1	0.992742021560465	1.0	0.996357793251205	0.985590778097983	1.0	0.98975344220301
GC_00001752	10	10	1	1	0.977057262040197	0.948153589969634	0.962388456975708	0.698795180722892	1.0	0.914591700133869
GC_00001753	10	10	1	1	0.99779277423988	0.97700458312186	0.987289262672096	0.870653685674548	1.0	0.972399938185752
GC_00001754	10	10	1	1	0.994427428960354	0.871805606674028	0.929088052182483	0.516746411483254	1.0	0.833811802232855
GC_00001755	10	10	1	1	0.99292328042328	1.0	0.996449075764112	0.973214285714286	1.0	0.990674603174603
GC_00001756	10	10	1	1	0.997633550374571	1.0	0.998815373507826	0.992438563327032	1.0	0.996177273681999
GC_00001757	10	10	1	1	0.974569845435987	1.0	0.987121167365747	0.905511811023622	1.0	0.969553805774278
GC_00001758	10	10	1	1	0.987773795300677	0.998928196066202	0.993319682316619	0.9656283566058	1.0	0.985105621195847
GC_00001759	10	10	1	1	0.997453040432983	1.0	0.998724896397832	0.991404011461318	1.0	0.996561604584527
GC_00001760	10	10	1	1	0.994055201698514	1.0	0.997018739352641	0.987261146496815	1.0	0.993205944798301
GC_00001761	10	10	1	1	0.983072252580449	1.0	0.991463877628501	0.950819672131147	1.0	0.977486338797814
GC_00001762	10	10	1	1	0.991101332355458	1.0	0.995530781131056	0.973597359735974	1.0	0.987972130546388
GC_00001763	9	10	2	0	0.989384906209103	0.870800636245656	0.926312979168517	0.0087260034904014	1.0	0.790188093853015
GC_00001764	10	10	1	1	0.98863287250384	1.0	0.994283948710026	0.976958525345622	1.0	0.98678955453149
GC_00001765	10	10	1	1	0.989719626168224	1.0	0.994833255049319	0.976635514018692	1.0	0.989096573208723
GC_00001766	10	10	1	1	0.991374651868479	0.973168952219294	0.982187444664639	0.841961852861035	1.0	0.960641840750833
GC_00001767	10	10	1	1	0.984095266929054	0.982136456824992	0.983114886168775	0.836898395721925	1.0	0.960130718954248
GC_00001768	10	10	1	1	0.993018682399213	1.0	0.996497113819133	0.982300884955752	1.0	0.991642084562438
GC_00001769	10	10	1	1	0.986299081035923	1.0	0.993102288021534	0.958646616541353	1.0	0.985129490392649
GC_00001770	10	10	1	1	0.991777098199117	1.0	0.995871575284042	0.984709480122324	1.0	0.99096160380564
GC_00001771	10	10	1	1	0.992592592592593	1.0	0.996282527881041	0.967032967032967	1.0	0.982173382173382
GC_00001772	10	10	1	1	0.993570293310215	0.980627174864166	0.987056305627574	0.878980891719745	1.0	0.971903750884643
GC_00001773	10	10	1	1	0.989393939393939	1.0	0.994668697638995	0.977272727272727	1.0	0.989393939393939
GC_00001774	10	10	1	1	0.993452127551744	0.985456399796024	0.989438110410239	0.905660377358491	1.0	0.977418388739144
GC_00001775	10	10	1	1	0.992891881780771	1.0	0.996433264501596	0.986531986531986	1.0	0.990647212869435
GC_00001776	10	10	1	1	0.994683026584867	1.0	0.997334426901784	0.984662576687117	1.0	0.993456032719836
GC_00001777	10	10	1	1	0.995191183497524	0.990191881100259	0.992685238041399	0.942934782608696	1.0	0.983816425120773
GC_00001778	10	10	1	1	0.994540229885058	1.0	0.997262642270566	0.987068965517241	1.0	0.992816091954023
GC_00001779	10	10	1	1	0.9803367003367	1.0	0.990070729053319	0.939393939393939	1.0	0.96929292929293
GC_00001780	10	10	1	1	0.995930150683002	1.0	0.997960925979496	0.990494296577947	1.0	0.99404309252218
GC_00001781	10	10	1	1	0.995291902071563	1.0	0.997640396413403	0.988700564971751	1.0	0.994538606403014
GC_00001782	10	10	1	1	0.987568403521294	0.993656737588649	0.990603215784798	0.933510638297872	1.0	0.981382978723404
GC_00001783	10	10	1	1	0.99674650339156	1.0	0.99837060107384	0.991896272285251	1.0	0.995641995317846
GC_00001784	10	10	1	1	0.99056530214425	1.0	0.995260292216695	0.954385964912281	1.0	0.986510721247563
GC_00001785	10	10	1	1	0.877760657421674	0.929282235088686	0.902786966466045	0.532051282051282	1.0	0.792022792022792
GC_00001786	10	10	1	1	0.99651799687011	1.0	0.998255962062276	0.98943661971831	1.0	0.995657276995305
GC_00001787	10	10	1	1	0.990317658482452	1.0	0.995135278292748	0.973782771535581	1.0	0.988930503537245
GC_00001788	10	10	1	1	0.996058164868014	1.0	0.998025190246775	0.9890560875513	1.0	0.99437604499164
GC_00001789	10	10	1	1	0.950852557673019	0.982446471248109	0.966391361076101	0.679802955665025	1.0	0.931143951833607
GC_00001790	10	10	1	1	0.996109240553685	1.0	0.998050828397931	0.98989898989899	1.0	0.994725028058361
GC_00001791	10	10	1	1	0.990767973856209	1.0	0.995362580539254	0.966911764705882	1.0	0.986846405228758
GC_00001792	10	10	1	1	0.993180148987514	0.969778279903967	0.981339719011568	0.825342465753425	1.0	0.959208523592085
GC_00001793	10	10	1	1	0.972722393012248	0.980400444938819	0.976546327123592	0.767741935483871	1.0	0.946140979689367
GC_00001794	10	10	1	1	0.995098765432099	1.0	0.997543362437579	0.975	1.0	0.993148148148148
GC_00001795	10	10	1	1	0.996395244791001	0.999106002554272	0.997748782479187	0.989655172413793	1.0	0.995453384418901
GC_00001796	10	10	1	1	0.991327913279133	1.0	0.995645073489385	0.983739837398374	1.0	0.988979223125564
GC_00001797	10	10	1	1	0.992571245597182	1.0	0.996271774763772	0.982708933717579	1.0	0.992186999679795
GC_00001798	10	10	1	1	0.986666666666667	1.0	0.993288590604027	0.968421052631579	1.0	0.981988304093567
GC_00001799	10	10	1	1	0.987213403880071	1.0	0.993565564677169	0.956349206349206	1.0	0.985802469135803
GC_00001800	10	10	1	1	0.991368760064412	1.0	0.995665674731531	0.973913043478261	1.0	0.988921095008051
GC_00001801	10	10	1	1	0.990135413864227	1.0	0.995043258832012	0.973365617433414	1.0	0.987409200968523
GC_00001802	10	10	1	1	0.995777983729791	0.981800579830198	0.988739886063593	0.895454545454546	1.0	0.974545454545455
GC_00001803	10	10	1	1	0.97475950931074	0.906789554531492	0.939546842768206	0.785714285714286	1.0	0.896587301587302
GC_00001804	10	10	1	1	0.995167080916874	0.997108632796368	0.996136910796877	0.973977695167286	1.0	0.98909541511772
GC_00001805	10	10	1	1	0.984126984126984	1.0	0.992	0.950310559006211	1.0	0.982194616977226
GC_00001806	10	10	1	1	0.99262187088274	1.0	0.996297275852949	0.980237154150198	1.0	0.99139218269653
GC_00001807	10	10	1	1	0.987242798353909	1.0	0.993580451439221	0.944444444444444	1.0	0.983024691358025
GC_00001808	10	10	1	1	0.99296164491894	1.0	0.996468394111345	0.98220640569395	1.0	0.991063661526295
GC_00001809	10	10	1	1	0.954035912637569	0.988256537982567	0.970844764219945	0.881818181818182	1.0	0.937878787878788
GC_00001810	10	10	1	1	0.985482362005393	1.0	0.992688105282414	0.959881129271917	1.0	0.982928842661383
GC_00001811	10	10	1	1	0.995491721524038	1.0	0.997740768138833	0.989228007181329	1.0	0.994773588669459
GC_00001812	10	10	1	1	0.994112967382657	1.0	0.997047793824304	0.983293556085919	1.0	0.992840095465394
GC_00001813	10	10	1	1	0.982857740148427	0.967152345371525	0.974941797080651	0.890909090909091	1.0	0.973434343434343
GC_00001814	10	10	1	1	0.98200460347353	1.0	0.990920608108108	0.932203389830508	1.0	0.978405524168236
GC_00001815	10	10	1	1	0.997725024727992	1.0	0.998861217012428	0.991097922848665	1.0	0.996933728981207
GC_00001816	10	10	1	1	0.995078299776286	1.0	0.997533079165732	0.986577181208054	1.0	0.9944817300522
GC_00001817	10	10	1	1	0.992700141157491	1.0	0.996336699791536	0.97459165154265	1.0	0.991006251260335
GC_00001818	10	10	1	1	0.991368760064412	1.0	0.995665674731531	0.969565217391304	1.0	0.988212560386473
GC_00001819	10	10	1	1	0.995343915343915	1.0	0.997666525243954	0.984126984126984	1.0	0.994497354497355
GC_00001820	10	10	1	1	0.996869729474465	1.0	0.998432411248801	0.990892531876138	1.0	0.995952236389395
GC_00001821	10	10	1	1	0.989056393076494	1.0	0.994498091174489	0.974874371859296	1.0	0.986599664991625
GC_00001822	10	10	1	1	0.997018402049849	1.0	0.99850697522512	0.987421383647799	1.0	0.994968553459119
GC_00001823	10	10	1	1	0.991316239316239	1.0	0.995639185523469	0.981538461538462	1.0	0.989948717948718
GC_00001824	10	10	1	1	0.990151707771845	1.0	0.995051486683304	0.963386727688787	1.0	0.988456648868548
GC_00001825	9	10	2	0	0.777994248074961	0.794052492030864	0.785941353662315	0.0835820895522388	1.0	0.537180762852405
GC_00001826	10	10	1	1	0.996543209876543	1.0	0.998268612416522	0.990476190476191	1.0	0.995978835978836
GC_00001827	10	10	1	1	0.993959007551241	1.0	0.996970352737503	0.983818770226537	1.0	0.992233009708738
GC_00001828	10	10	1	1	0.997983657009445	1.0	0.998990811069209	0.994269340974212	1.0	0.997198344476281
GC_00001829	10	10	1	1	0.981509539842873	1.0	0.990668498038827	0.920454545454545	1.0	0.976178451178451
GC_00001830	10	10	1	1	0.993389270277142	1.0	0.996683673469388	0.981693363844394	1.0	0.992473938469362
GC_00001831	10	10	1	1	0.995667159034958	1.0	0.997828875949867	0.986706056129985	1.0	0.995010667979649
GC_00001832	10	10	1	1	0.997460693375436	1.0	0.998728732618877	0.992895204262877	1.0	0.997039668442866
GC_00001833	10	10	1	1	0.985674353598882	1.0	0.992785500615872	0.952830188679245	1.0	0.980922431865828
GC_00001834	10	10	1	1	0.968624038567328	0.996773479700934	0.982497173696892	0.814266487213997	1.0	0.959473605503215
GC_00001835	10	10	1	1	0.993671817512877	1.0	0.996825865505278	0.986754966887417	1.0	0.993671817512877
GC_00001836	10	10	1	1	0.981196581196581	1.0	0.990509059534081	0.948717948717949	1.0	0.974928774928775
GC_00001837	10	10	1	1	0.994835347074153	1.0	0.997410987862521	0.985074626865672	1.0	0.994266761430941
GC_00001838	10	10	1	1	0.985109983079526	1.0	0.992499147630413	0.969543147208122	1.0	0.984433164128596
GC_00001839	10	10	1	1	0.972763532763533	0.977387025579794	0.975069798393338	0.723723723723724	1.0	0.941741741741742
GC_00001840	10	10	1	1	0.943319404264438	0.926102102102102	0.934631467828752	0.773333333333333	1.0	0.906666666666667
GC_00001841	10	10	1	1	0.995928434077418	1.0	0.997960064172109	0.988713318284424	1.0	0.995510408828693
GC_00001842	10	10	1	1	0.994408568278469	0.973561362340747	0.983874545432595	0.955172413793103	1.0	0.980919540229885
GC_00001843	10	10	1	1	0.997589780670041	1.0	0.998793436293436	0.991323210412148	1.0	0.996240057845264
GC_00001844	10	10	1	1	0.998859390363815	1.0	0.999429369748726	0.992920353982301	1.0	0.997286135693215
GC_00001845	10	10	1	1	0.988472742405327	1.0	0.994202959211435	0.971910112359551	1.0	0.983395755305868
GC_00001846	10	10	1	1	0.987402368354749	1.0	0.993661257606491	0.920634920634921	1.0	0.980448475686571
GC_00001847	10	10	1	1	0.988608776844071	0.987645228215769	0.988126767634518	0.950207468879668	1.0	0.98091286307054
GC_00001848	10	10	1	1	0.996199578995278	1.0	0.998096171823343	0.990783410138249	1.0	0.99563065369517
GC_00001849	10	10	1	1	0.988363280772522	1.0	0.994147588954189	0.968646864686469	1.0	0.984965163182985
GC_00001850	10	10	1	1	0.998267419962335	1.0	0.999132958872093	0.99406779661017	1.0	0.997627118644068
GC_00001851	10	10	1	1	0.9962849002849	1.0	0.998138993229589	0.987692307692308	1.0	0.994735042735043
GC_00001852	10	10	1	1	0.995638928972262	1.0	0.997814699360478	0.978354978354978	1.0	0.992111592111592
GC_00001853	10	10	1	1	0.996549540993985	1.0	0.998271788936278	0.987179487179487	1.0	0.99306742640076
GC_00001854	10	10	1	1	0.997009602194787	1.0	0.998502562129934	0.988888888888889	1.0	0.994979423868313
GC_00001855	10	10	1	1	0.989549065681996	1.0	0.994747083900431	0.966767371601209	1.0	0.982611614635784
GC_00001856	10	10	1	1	0.991158267020336	1.0	0.995559502664298	0.96816976127321	1.0	0.989272030651341
GC_00001857	10	10	1	1	0.995869809203142	0.979423159707277	0.98757801555366	0.887351778656126	1.0	0.973956960913483
GC_00001858	10	10	1	1	0.997752401667573	1.0	0.99887493648835	0.99184339314845	1.0	0.996954866775421
GC_00001859	10	10	1	1	0.998938869665513	1.0	0.999469153183927	0.996539792387543	1.0	0.998569780853518
GC_00001860	10	10	1	1	0.992334194659776	1.0	0.996152349660629	0.982558139534884	1.0	0.990956072351421
GC_00001861	10	10	1	1	0.995506345506346	1.0	0.997748113152447	0.984265734265734	1.0	0.993589743589744
GC_00001862	10	10	1	1	0.997281613895704	1.0	0.998638957027701	0.993690851735016	1.0	0.996751957004323
GC_00001863	10	10	1	1	0.992842535787321	0.997964416535845	0.995396887460863	0.974489795918367	1.0	0.988775510204082
GC_00001864	10	10	1	1	0.996804162021553	0.99667167919799	0.996737916207487	0.985	1.0	0.991777777777778
GC_00001865	10	10	1	1	0.985057471264368	1.0	0.992472495657209	0.954022988505747	1.0	0.98352490421456
GC_00001866	10	10	1	1	0.992243186582809	1.0	0.99610649268652	0.983018867924528	1.0	0.991320754716981
GC_00001867	10	10	1	1	0.981226982843798	0.91150481838399	0.945081730238089	0.308771929824561	1.0	0.846939571150097
GC_00001868	10	10	1	1	0.998032712255715	0.992721979621538	0.995370262222781	0.956427015250545	1.0	0.988477366255144
GC_00001869	10	10	1	1	0.989998319045218	0.940677923323489	0.964708160194321	0.918439716312057	1.0	0.966193853427896
GC_00001870	10	10	1	1	0.985085756897837	1.0	0.992486851990984	0.966442953020134	1.0	0.979418344519016
GC_00001871	10	10	1	1	0.983378500451671	1.0	0.991619602842048	0.967479674796748	1.0	0.983378500451671
GC_00001872	10	10	1	1	0.992430734075978	0.979699068545497	0.98602380480001	0.867924528301887	1.0	0.965618448637316
GC_00001873	10	10	1	1	0.992902885059748	0.999554565701561	0.996217622294025	0.975501113585746	1.0	0.989656025736204
GC_00001874	10	10	1	1	0.987790332705587	1.0	0.993857668440416	0.974576271186441	1.0	0.98653483992467
GC_00001875	10	10	1	1	0.994376020836092	0.997625276031928	0.995997998420844	0.983353151010702	1.0	0.989139912802219
GC_00001876	10	10	1	1	0.990283956355266	0.976557038855642	0.983372596360641	0.912536443148688	1.0	0.966634272756722
GC_00001877	10	10	1	1	0.991624304042605	1.0	0.995794540194958	0.973856209150327	1.0	0.99041394335512
GC_00001878	10	10	1	1	0.994715734843123	1.0	0.997350868063768	0.980891719745223	1.0	0.992639773531493
GC_00001879	10	10	1	1	0.993789422610383	1.0	0.996885038450307	0.982532751091703	1.0	0.991072295002426
GC_00001880	10	10	1	1	0.975746031746032	1.0	0.987724146796067	0.937142857142857	1.0	0.966603174603175
GC_00001881	10	10	1	1	0.996817820206842	1.0	0.998406374501992	0.985680190930788	1.0	0.995014584990719
GC_00001882	10	10	1	1	0.992428439519852	1.0	0.996199833163407	0.975069252077562	1.0	0.991320406278855
GC_00001883	10	10	1	1	0.990964955987378	1.0	0.995461977376622	0.959641255605381	1.0	0.986447433981066
GC_00001884	10	10	1	1	0.974396696347916	0.926194869353016	0.949684547862482	0.430817610062893	1.0	0.86911250873515
GC_00001885	10	10	1	1	0.977376171352075	1.0	0.988558662243585	0.933734939759036	1.0	0.963721552878179
GC_00001886	10	10	1	1	0.990139701104613	1.0	0.995045423750949	0.980263157894737	1.0	0.987475633528265
GC_00001887	10	10	1	1	0.988582212786034	1.0	0.994258327797286	0.974522292993631	1.0	0.986270346779901
GC_00001888	10	10	1	1	0.98805256869773	1.0	0.993990384615385	0.967741935483871	1.0	0.984434203789043
GC_00001889	10	10	1	1	0.984619295792551	0.962638037223673	0.973504600797823	0.868131868131868	1.0	0.944932844932845
GC_00001890	8	10	2	0	0.862223629359928	0.802740159514353	0.831419323824941	0.419354838709677	1.0	0.7610513739546
GC_00001891	10	10	1	1	0.993907327240661	0.979501664816869	0.986651916175652	0.877647058823529	1.0	0.970928104575163
GC_00001892	9	10	2	0	0.993161684712221	0.879938628116723	0.933128166557061	0.0168224299065421	1.0	0.795264797507788
GC_00001893	10	10	1	1	0.989151562910428	0.996466431095404	0.99279552328926	0.957597173144876	1.0	0.98680800942285
GC_00001894	10	10	1	1	0.995576531556543	0.998060404544191	0.996816920721235	0.985037406483791	1.0	0.992463286228872
GC_00001895	10	10	1	1	0.995704732510288	1.0	0.997847743997526	0.989583333333333	1.0	0.995293209876543
GC_00001896	10	10	1	1	0.984725196288365	0.972287773115688	0.978466962865024	0.932584269662921	1.0	0.959966708281315
GC_00001897	10	10	1	1	0.993939393939394	1.0	0.996960486322188	0.987714987714988	1.0	0.992410592410592
GC_00001898	6	10	3	0	0.977513227513228	0.882274247491639	0.927455162278797	0.576086956521739	1.0	0.834782608695652
GC_00001899	10	10	1	1	0.992178649237473	1.0	0.996073971194541	0.982352941176471	1.0	0.989869281045752
GC_00001900	10	10	1	1	0.993709287176624	1.0	0.996844719105319	0.974874371859296	1.0	0.98715801228364
GC_00001901	10	10	1	1	0.993615761880602	0.985549103659335	0.989565993771886	0.959505061867267	1.0	0.987351581052369
GC_00001902	10	10	1	1	0.857876423836208	0.941247123110717	0.897630090263236	0.632311977715877	1.0	0.815289384091613
GC_00001903	10	10	1	1	0.996835748792271	1.0	0.998415367308181	0.991304347826087	1.0	0.996062801932367
GC_00001904	10	10	1	1	0.992275886337644	1.0	0.996122969858078	0.971496437054632	1.0	0.991396146740565
GC_00001905	10	10	1	1	0.989844513829754	0.966215682958451	0.977887382528491	0.894520547945206	1.0	0.957473363774734
GC_00001906	6	10	3	0	0.927428878153516	0.886562804284323	0.906535520477195	0.734177215189873	1.0	0.90210970464135
GC_00001907	10	10	1	1	0.993981481481481	1.0	0.996981657766427	0.986111111111111	1.0	0.993518518518519
GC_00001908	10	10	1	1	0.990713640469738	1.0	0.995335160546712	0.970731707317073	1.0	0.989159891598916
GC_00001909	10	10	1	1	0.985683290551277	0.99754359170167	0.991577977018802	0.938271604938272	1.0	0.980018289894833
GC_00001910	10	10	1	1	0.993084857008908	0.996845425867508	0.994961588078007	0.971608832807571	1.0	0.990045566070803
GC_00001911	10	10	1	1	0.995933014354067	1.0	0.997962363658156	0.991626794258373	1.0	0.994976076555024
GC_00001912	10	10	1	1	0.992626339323378	1.0	0.996299526644255	0.972665148063781	1.0	0.989926600860542
GC_00001913	10	10	1	1	0.996688877079671	0.999305555555552	0.997995501130902	0.988970588235294	1.0	0.995547385620915
GC_00001914	10	10	1	1	0.993015873015873	1.0	0.996495699267283	0.980952380952381	1.0	0.991534391534391
GC_00001915	10	10	1	1	0.995745871816401	1.0	0.997868401862344	0.984886649874055	1.0	0.99328295549958
GC_00001916	10	10	1	1	0.988388846512416	1.0	0.994160521716892	0.977116704805492	1.0	0.986931095855581
GC_00001917	10	10	1	1	0.990154129284564	1.0	0.995052709450712	0.968944099378882	1.0	0.987025534851622
GC_00001918	10	10	1	1	0.993094789704959	0.988609153148293	0.990846894751225	0.90787269681742	1.0	0.979043364973013
GC_00001919	10	10	1	1	0.981214130396036	0.928257936507935	0.954001705225948	0.835555555555556	1.0	0.946765432098765
GC_00001920	10	10	1	1	0.998263386396527	1.0	0.999130938586327	0.995658465991317	1.0	0.997555877150667
GC_00001921	10	10	1	1	0.986399904727879	0.961218132477163	0.973646224450492	0.916666666666667	1.0	0.974348422496571
GC_00001922	10	10	1	1	0.977861952861953	1.0	0.988807081755118	0.943181818181818	1.0	0.975757575757576
GC_00001923	10	10	1	1	0.991982244416701	1.0	0.995974986420802	0.97752808988764	1.0	0.988431127756971
GC_00001924	10	10	1	1	0.994493608652901	1.0	0.997239203312956	0.988200589970501	1.0	0.993313667649951
GC_00001925	10	10	1	1	0.990356394129979	1.0	0.995154834632399	0.976939203354298	1.0	0.98914511996273
GC_00001926	10	10	1	1	0.991854457036169	1.0	0.995910573217306	0.980070339976553	1.0	0.989996092223525
GC_00001927	10	10	1	1	0.99270192701927	0.996323529411763	0.994509431122499	0.974264705882353	1.0	0.988888888888889
GC_00001928	10	10	1	1	0.992977392977393	1.0	0.996476323792055	0.980519480519481	1.0	0.992207792207792
GC_00001929	10	10	1	1	0.985054945054945	1.0	0.992471213463242	0.962637362637363	1.0	0.979389499389499
GC_00001930	10	10	1	1	0.998473703866076	0.983879496536823	0.991122878471254	0.911637931034483	1.0	0.979549808429119
GC_00001931	10	10	1	1	0.989567031820553	1.0	0.994756161510226	0.969818913480885	1.0	0.987391012743125
GC_00001932	10	10	1	1	0.978054215677978	0.92768964665184	0.952206419428697	0.743859649122807	1.0	0.929044834307992
GC_00001933	10	10	1	1	0.968190221202269	0.956131011230261	0.962122830283569	0.850102669404518	1.0	0.92434405658225
GC_00001934	10	10	1	1	0.990758377425044	1.0	0.995357737694461	0.977777777777778	1.0	0.990758377425044
GC_00001935	10	10	1	1	0.987169724241375	1.0	0.993543442413545	0.97196261682243	1.0	0.985185185185185
GC_00001936	10	10	1	1	0.991335578002245	1.0	0.995648939288049	0.977777777777778	1.0	0.988731762065095
GC_00001937	8	10	2	0	0.808318042813456	0.984763131784324	0.887859198563402	0.601626016260163	1.0	0.755013550135502
GC_00001938	10	10	1	1	0.991513367672308	1.0	0.995738601374486	0.963576158940397	1.0	0.989109639440765
GC_00001939	10	10	1	1	0.991983612910369	1.0	0.995975676186453	0.976083707025411	1.0	0.989702707191497
GC_00001940	10	10	1	1	0.998120760123035	1.0	0.999059496345532	0.994311717861206	1.0	0.997547718366831
GC_00001941	10	10	1	1	0.997552475889456	1.0	0.998774738516216	0.991247264770241	1.0	0.995575006078288
GC_00001942	10	10	1	1	0.962789080159972	1.0	0.981041814316088	0.877934272300469	1.0	0.945539906103286
GC_00001943	8	10	3	0	0.875966924513204	0.820983284169125	0.847584329617776	0.172566371681416	1.0	0.631071779744346
GC_00001944	10	10	1	1	0.993899782135076	1.0	0.996940559440559	0.986928104575163	1.0	0.99360929557008
GC_00001945	10	10	1	1	0.981451851851852	1.0	0.990639112360559	0.96	1.0	0.979318518518518
GC_00001946	10	10	1	1	0.99393309065696	1.0	0.996957315482918	0.984399375975039	1.0	0.992338360201074
GC_00001947	10	10	1	1	0.996329365079365	1.0	0.99816130795607	0.988095238095238	1.0	0.994675925925926
GC_00001948	10	10	1	1	0.988032249937012	1.0	0.993980102655092	0.959183673469388	1.0	0.984958427815571
GC_00001949	9	10	2	0	0.989030557732032	0.850959804211538	0.914814845962426	0.048469387755102	1.0	0.78469387755102
GC_00001950	9	10	2	0	0.981731793233391	0.853053907022754	0.912880606982367	0.086053412462908	1.0	0.788328387734916
GC_00001951	10	10	1	1	0.992823340764207	0.999472295514513	0.99613672325001	0.976253298153034	1.0	0.989680445617121
GC_00001952	10	10	1	1	0.994652931076772	1.0	0.997319298590787	0.988962472406181	1.0	0.993769928869267
GC_00001953	10	10	1	1	0.988278102664068	0.94923588039867	0.968363627887869	0.913621262458472	1.0	0.973791066814323
GC_00001954	10	10	1	1	0.98795808789032	0.954791533503777	0.971091701561995	0.727678571428571	1.0	0.934920634920635
GC_00001955	6	10	3	0	0.832195121951219	0.763177499528099	0.796193420570677	0.16931982633864	1.0	0.523299565846599
GC_00001956	10	10	1	1	0.993383017163505	1.0	0.996680526130944	0.986280487804878	1.0	0.990785907859079
GC_00001957	10	10	1	1	0.987062481195467	0.984956418928205	0.986008325453377	0.948888888888889	1.0	0.978271604938272
GC_00001958	10	10	1	1	0.987279854894389	1.0	0.993599218009339	0.96998420221169	1.0	0.985360716166403
GC_00001959	10	10	1	1	0.997029895802902	0.978996646267679	0.987930985174783	0.913183279742765	1.0	0.975634155055377
GC_00001960	10	10	1	1	0.994494195688226	1.0	0.997239498453454	0.988059701492537	1.0	0.99338861249309
GC_00001961	10	10	1	1	0.996392156862745	1.0	0.998192818417537	0.992941176470588	1.0	0.996078431372549
GC_00001962	9	10	2	0	0.972205927539875	0.805188512576751	0.88085011075287	0.0826666666666667	1.0	0.69842962962963
GC_00001963	10	10	1	1	0.990660810742592	0.998192125334983	0.994412208387291	0.965986394557823	1.0	0.987049634668683
GC_00001964	10	10	1	1	0.965906378916505	0.905039589606334	0.934482905952569	0.522448979591837	1.0	0.85578231292517
GC_00001965	10	10	1	1	0.997695035460993	0.941851531739178	0.968969359383811	0.913857677902622	1.0	0.953641281731169
GC_00001966	10	10	1	1	0.958930276981853	0.981659938520797	0.970161994250714	0.841191066997519	1.0	0.939178384339675
GC_00001967	10	10	1	1	0.98406832553174	1.0	0.991970198675497	0.944567627494457	1.0	0.981177629958118
GC_00001968	10	10	1	1	0.982834076906735	1.0	0.991342733467621	0.950286806883365	1.0	0.978925005311239
GC_00001969	9	10	2	0	0.977293473299863	0.849205564309153	0.908758272958825	0.104294478527607	1.0	0.774324017268803
GC_00001970	10	10	1	1	0.987599206349206	1.0	0.993760918392813	0.964285714285714	1.0	0.984821428571429
GC_00001971	10	10	1	1	0.994362226920366	1.0	0.997173144876325	0.987315010570824	1.0	0.993516560958422
GC_00001972	10	10	1	1	0.993079023724185	1.0	0.996527495300772	0.982718894009217	1.0	0.991833077316948
GC_00001973	10	10	1	1	0.991666666666667	1.0	0.99581589958159	0.970588235294118	1.0	0.987636165577342
GC_00001974	10	10	1	1	0.997017371353655	1.0	0.998506458336753	0.992256637168142	1.0	0.99646017699115
GC_00001975	10	10	1	1	0.992459125792459	1.0	0.996215292896138	0.96996996996997	1.0	0.988188188188188
GC_00001976	10	10	1	1	0.996383785360163	1.0	0.998188617506135	0.988188976377953	1.0	0.995100612423447
GC_00001977	10	10	1	1	0.982731481481481	1.0	0.991290541013846	0.95625	1.0	0.977916666666667
GC_00001978	10	10	1	1	0.976958338404121	0.99239724400095	0.984617273993719	0.91304347826087	1.0	0.968961352657005
GC_00001979	10	10	1	1	0.994516363272154	0.914336664970079	0.952742575147111	0.876151484135107	0.996929375639713	0.935903559649721
GC_00001980	9	10	2	0	0.92789094963008	0.839540693970175	0.881507598442965	0.0387700534759358	0.998663101604278	0.71387403446227
GC_00001981	10	10	1	1	0.986459871984244	0.999261992619924	0.992819664112492	0.955719557195572	0.996309963099631	0.979171791717917
GC_00001982	10	10	1	1	0.873086953537849	0.871509323870849	0.87229742538305	0.578528827037773	0.998011928429423	0.805389882924674
GC_00001983	10	10	1	1	0.993697766817372	1.0	0.996838922484882	0.988902589395808	0.998766954377312	0.993368954651322
GC_00001984	9	10	2	0	0.962473976862466	0.859558236296112	0.908109558171465	0.196531791907514	0.997109826589595	0.77931920359666
GC_00001985	9	10	2	0	0.98752096280951	0.852648320757503	0.915141990654468	0.00664893617021277	0.997340425531915	0.786790780141844
GC_00001986	9	9	1	0	1.0	1.0	1.0	1.0	1.0	1.0
GC_00001987	9	9	1	0	1.0	1.0	1.0	1.0	1.0	1.0
GC_00001988	9	9	1	0	1.0	1.0	1.0	1.0	1.0	1.0
GC_00001989	9	9	1	0	0.999138673557278	1.0	0.999569151227919	0.988372093023256	1.0	0.997416020671835
GC_00001990	9	9	1	0	0.996277684719896	1.0	0.998135371993287	0.979899497487437	1.0	0.995533221663875
GC_00001991	9	9	1	0	0.997423510466989	1.0	0.99871009351822	0.982608695652174	1.0	0.996135265700483
GC_00001992	9	9	1	0	0.999211977935382	1.0	0.999605833661805	0.98936170212766	1.0	0.997635933806147
GC_00001993	9	9	1	0	0.998148148148148	1.0	0.999073215940686	0.991666666666667	1.0	0.998148148148148
GC_00001994	9	9	1	0	0.997699562916954	1.0	0.998848456932289	0.981366459627329	1.0	0.995859213250518
GC_00001995	9	9	1	0	0.994409503843466	1.0	0.997196916608269	0.962264150943396	1.0	0.991614255765199
GC_00001996	9	9	1	0	0.998281786941581	1.0	0.999140154772141	0.992268041237113	1.0	0.998281786941581
GC_00001997	9	9	1	0	0.991744756804998	1.0	0.995855270527613	0.963855421686747	1.0	0.98995983935743
GC_00001998	9	9	1	0	0.993882275132275	1.0	0.99693175221826	0.973214285714286	1.0	0.992559523809524
GC_00001999	9	9	1	0	0.990319865319865	1.0	0.995136392471981	0.946969696969697	1.0	0.986952861952862
GC_00002000	9	9	1	0	0.997185911401598	1.0	0.998590973137585	0.985294117647059	1.0	0.995915032679739
GC_00002001	9	9	1	0	0.992919389978213	1.0	0.996447116698552	0.970588235294118	1.0	0.991830065359477
GC_00002002	9	9	1	0	0.995799039780521	1.0	0.997895098586709	0.986111111111111	1.0	0.99511316872428
GC_00002003	9	9	1	0	0.996543209876543	1.0	0.998268612416522	0.986666666666667	1.0	0.995555555555555
GC_00002004	9	9	1	0	0.990090968161144	1.0	0.995020814627377	0.964912280701754	1.0	0.987816764132554
GC_00002005	9	9	1	0	0.999108734402852	1.0	0.999554168524298	0.994652406417112	1.0	0.997326203208556
GC_00002006	9	9	1	0	0.992537313432836	1.0	0.99625468164794	0.985074626865672	1.0	0.992537313432836
GC_00002007	9	9	1	0	0.991848686293131	1.0	0.995907664190075	0.957264957264957	1.0	0.986942070275404
GC_00002008	9	9	1	0	0.994729344729345	1.0	0.997357709062344	0.976923076923077	1.0	0.993589743589744
GC_00002009	9	9	1	0	0.90581253804017	0.958164171335845	0.931253180934243	0.43455497382199	1.0	0.852966841186736
GC_00002010	9	9	1	0	0.977829942618675	0.986111111111111	0.981953067646484	0.847222222222222	1.0	0.962191358024691
GC_00002011	9	9	1	0	0.99037037037037	1.0	0.995161890584295	0.953333333333333	1.0	0.986666666666667
GC_00002012	9	9	1	0	0.985185185185185	1.0	0.992537313432836	0.945454545454545	1.0	0.975757575757576
GC_00002013	9	9	1	0	0.991738727609636	0.915246609499483	0.951958560237332	0.445812807881773	1.0	0.87595785440613
GC_00002014	8	9	2	0	0.994156591824986	0.850097035138995	0.9165003758898	0.0290556900726392	1.0	0.774482109227872
GC_00002015	9	9	1	0	0.997030651340996	1.0	0.998513118135162	0.993103448275862	1.0	0.997030651340996
GC_00002016	9	9	1	0	0.990822681088168	0.987001710973212	0.988908505153816	0.960698689956332	1.0	0.984473556525958
GC_00002017	9	9	1	0	0.993086419753086	1.0	0.996531219028741	0.973333333333333	1.0	0.991111111111111
GC_00002018	9	9	1	0	0.996567996567997	1.0	0.998281048560378	0.988416988416988	1.0	0.995280995280995
GC_00002019	9	9	1	0	0.982308001608364	0.980765097786375	0.981535943364318	0.824468085106383	1.0	0.958628841607565
GC_00002020	9	9	1	0	0.998849781458477	1.0	0.999424559788238	0.993788819875776	1.0	0.996549344375431
GC_00002021	9	9	1	0	0.985294117647059	1.0	0.992592592592593	0.970588235294118	1.0	0.985294117647059
GC_00002022	9	9	1	0	0.991200568514338	0.97899939440114	0.985062201371316	0.867549668874172	1.0	0.967439293598234
GC_00002023	9	9	1	0	0.991701244813278	1.0	0.995833333333333	0.979253112033195	1.0	0.990318118948824
GC_00002024	9	9	1	0	0.996363943852528	1.0	0.998178660680249	0.986301369863014	1.0	0.995180111618468
GC_00002025	9	9	1	0	0.996959646213378	1.0	0.998477508650519	0.985074626865672	1.0	0.994195688225539
GC_00002026	9	9	1	0	0.992311024474767	1.0	0.996140675110072	0.964912280701754	1.0	0.990578297595841
GC_00002027	9	9	1	0	0.993348982785602	1.0	0.99666339548577	0.97887323943662	1.0	0.993348982785602
GC_00002028	8	9	2	0	0.889861415025529	0.681188787571766	0.771666770935789	0.156028368794326	1.0	0.605594956658786
GC_00002029	8	9	2	0	0.932430963252881	0.984667891442997	0.957837753909698	0.635838150289017	1.0	0.916024405908799
GC_00002030	9	9	1	0	0.994081710576556	1.0	0.997032072762087	0.974226804123711	1.0	0.990836197021764
GC_00002031	9	9	1	0	0.99209669920967	1.0	0.996032672112019	0.97071129707113	1.0	0.99023709902371
GC_00002032	9	9	1	0	0.996770612574427	1.0	0.998382694834732	0.986376021798365	1.0	0.995155918861641
GC_00002033	9	9	1	0	0.994230769230769	1.0	0.997107039537126	0.980769230769231	1.0	0.992521367521367
GC_00002034	9	9	1	0	0.995631484515173	0.995385295977228	0.995508375025636	0.958071278825996	1.0	0.98788725832751
GC_00002035	9	9	1	0	0.977272727272727	1.0	0.988505747126437	0.954545454545455	1.0	0.977272727272727
GC_00002036	9	9	1	0	0.990170265051782	1.0	0.995060857294055	0.981042654028436	1.0	0.9884149552396
GC_00002037	9	9	1	0	0.993866477942911	1.0	0.996923805016564	0.980891719745223	1.0	0.992922859164898
GC_00002038	9	9	1	0	0.997419550698239	1.0	0.998708108518884	0.991803278688525	1.0	0.996812386156649
GC_00002039	8	9	2	0	0.985480035048191	0.82695263558983	0.899283405675289	0.15989847715736	1.0	0.741680767061478
GC_00002040	9	9	1	0	0.986085457455978	0.99926172019195	0.992629865010406	0.970099667774086	1.0	0.984865263935031
GC_00002041	9	9	1	0	0.992529461279461	1.0	0.996250726091778	0.977272727272727	1.0	0.990214646464647
GC_00002042	9	9	1	0	0.993827160493827	1.0	0.996904024767802	0.982222222222222	1.0	0.993827160493827
GC_00002043	9	9	1	0	0.991295712115901	1.0	0.995628832106082	0.965299684542587	1.0	0.990361023484052
GC_00002044	9	9	1	0	0.997400909681611	1.0	0.998698763825634	0.989035087719298	1.0	0.996101364522417
GC_00002045	9	9	1	0	0.987037037037037	1.0	0.993476234855545	0.975	1.0	0.983333333333333
GC_00002046	9	9	1	0	0.99378771742989	1.0	0.996884180539482	0.97444089456869	1.0	0.992367767128151
GC_00002047	9	9	1	0	0.99171146953405	1.0	0.995838488359015	0.979838709677419	1.0	0.989023297491039
GC_00002048	9	9	1	0	0.984872196139802	1.0	0.992378449408673	0.915492957746479	1.0	0.97339593114241
GC_00002049	9	9	1	0	0.995795795795796	1.0	0.997893469756244	0.989189189189189	1.0	0.995795795795796
GC_00002050	9	9	1	0	0.991373360938578	1.0	0.995667995148155	0.981366459627329	1.0	0.991373360938578
GC_00002051	9	9	1	0	0.981481481481482	1.0	0.990654205607477	0.914893617021277	1.0	0.968085106382979
GC_00002052	9	9	1	0	0.993478260869565	1.0	0.996728462377317	0.982608695652174	1.0	0.992028985507246
GC_00002053	9	9	1	0	0.980636237897649	0.997936056448859	0.989210515940885	0.903726708074534	1.0	0.974292615596963
GC_00002054	9	9	1	0	0.993668882557771	1.0	0.996824388694824	0.974358974358974	1.0	0.991452991452991
GC_00002055	9	9	1	0	0.995270450306422	1.0	0.997629619737589	0.985611510791367	1.0	0.993405275779377
GC_00002056	9	9	1	0	0.9721296913169	0.89503045767821	0.931988274289396	0.62962962962963	1.0	0.872721928277484
GC_00002057	9	9	1	0	0.983407407407407	0.918968298530342	0.950096481075324	0.854014598540146	1.0	0.962287104622871
GC_00002058	9	9	1	0	0.986404125644632	1.0	0.993155534576351	0.962025316455696	1.0	0.984528832630099
GC_00002059	9	9	1	0	0.989443549830023	1.0	0.994693767425128	0.975845410628019	1.0	0.987117552334944
GC_00002060	9	9	1	0	0.996967101976736	0.795067001286832	0.884643481624283	0.723943661971831	1.0	0.937010954616588
GC_00002061	9	9	1	0	0.992319023569024	1.0	0.996144705571693	0.982954545454545	1.0	0.991477272727273
GC_00002062	9	9	1	0	0.997598697598698	1.0	0.998797905503148	0.993406593406593	1.0	0.995970695970696
GC_00002063	9	9	1	0	0.989208633093525	1.0	0.994575045207956	0.97841726618705	1.0	0.989208633093525
GC_00002064	9	9	1	0	0.99248523886205	1.0	0.996228448275862	0.979710144927536	1.0	0.990338164251208
GC_00002065	9	9	1	0	0.993995702186828	1.0	0.996988811055818	0.982935153583618	1.0	0.992605233219568
GC_00002066	9	9	1	0	0.990112531410467	1.0	0.995031703768768	0.976401179941003	1.0	0.987708947885939
GC_00002067	9	9	1	0	0.994161801501251	0.994212271973467	0.994187036096818	0.980099502487562	1.0	0.98922056384743
GC_00002068	9	9	1	0	0.994243810124586	0.99111480887198	0.992676843785352	0.946554149085795	1.0	0.983825597749648
GC_00002069	9	9	1	0	0.969554510857399	0.753964492590086	0.848275735114981	0.274881516587678	1.0	0.625855713533439
GC_00002070	4	9	3	0	0.956558773424191	0.743052251299675	0.836395080702397	0.128205128205128	1.0	0.548575498575499
GC_00002071	9	9	1	0	0.987839101964453	0.820886939571151	0.896657867005506	0.684210526315789	1.0	0.820906432748538
GC_00002072	9	9	1	0	0.980855855855856	0.98036791758646	0.980611826023404	0.907284768211921	1.0	0.973877851361295
GC_00002073	9	9	1	0	0.980787037037037	1.0	0.990300338903821	0.95	1.0	0.977361111111111
GC_00002074	7	9	2	0	0.979092159559835	0.622228626213113	0.760895848966177	0.0851063829787234	1.0	0.517730496453901
GC_00002075	8	9	2	0	0.989110489426345	0.834056990438845	0.904990383092431	0.00252525252525253	1.0	0.767536475869809
GC_00002076	9	9	1	0	0.998647430117223	0.991111495478878	0.994865192146932	0.981233243967828	1.0	0.991212392016682
GC_00002077	9	9	1	0	0.989180191427382	1.0	0.994560669456067	0.971910112359551	1.0	0.983146067415731
GC_00002078	9	9	1	0	0.978871910960196	0.977567716970703	0.978219379267149	0.860696517412935	1.0	0.954671088999447
GC_00002079	9	9	1	0	0.988845988845989	1.0	0.994391716997412	0.976833976833977	1.0	0.985842985842986
GC_00002080	9	9	1	0	0.984712900820283	1.0	0.992297576554575	0.966442953020134	1.0	0.984712900820283
GC_00002081	9	9	1	0	0.991625383345129	1.0	0.995795084394433	0.984076433121019	1.0	0.990092002830856
GC_00002082	9	9	1	0	0.996054952195303	1.0	0.998023577557142	0.982456140350877	1.0	0.991506544138123
GC_00002083	9	9	1	0	0.988359788359788	1.0	0.994145822245875	0.977142857142857	1.0	0.986031746031746
GC_00002084	9	9	1	0	0.996224379719525	1.0	0.998108619292083	0.985436893203884	1.0	0.993527508090615
GC_00002085	9	9	1	0	0.994089257632449	1.0	0.99703586870802	0.985358711566618	1.0	0.992679355783309
GC_00002086	9	9	1	0	0.99406067251462	0.981459442530536	0.987719867854069	0.903225806451613	1.0	0.973924731182796
GC_00002087	8	9	2	0	0.991677686679009	0.834512828027507	0.906332328568986	0.0118518518518519	1.0	0.767489711934156
GC_00002088	9	9	1	0	0.987358206915402	1.0	0.993638895574734	0.96309963099631	1.0	0.985444854448544
GC_00002089	9	9	1	0	0.982827117775215	0.83255269320843	0.901470159479928	0.60655737704918	1.0	0.800242865816636
GC_00002090	9	9	1	0	0.996053054293451	0.986672419579081	0.99134054619206	0.973105134474328	1.0	0.986960065199674
GC_00002091	9	9	1	0	0.993272864701436	1.0	0.996625080580941	0.979591836734694	1.0	0.992063492063492
GC_00002092	8	9	2	0	0.75175702811245	0.95289298515105	0.840458737045895	0.47741935483871	1.0	0.67168458781362
GC_00002093	9	9	1	0	0.995800264550265	1.0	0.997895713551936	0.985714285714286	1.0	0.992956349206349
GC_00002094	9	9	1	0	0.994626751103435	1.0	0.997306138156629	0.987046632124352	1.0	0.993379389752447
GC_00002095	5	9	3	0	0.867618723790094	0.763100704009795	0.812010266940349	0.297520661157025	1.0	0.617998163452709
GC_00002096	4	9	3	0	0.851829988193625	0.800032316822375	0.825119039188586	0.467741935483871	1.0	0.69489247311828
GC_00002097	9	9	1	0	0.996962130669996	1.0	0.998478754662721	0.991011235955056	1.0	0.99538077403246
GC_00002098	9	9	1	0	0.995553304063942	1.0	0.997771697740671	0.978723404255319	1.0	0.993414387031408
GC_00002099	9	9	1	0	0.823666221736844	0.962650498796011	0.887751528138725	0.621848739495798	0.997899159663866	0.778653127917834
GC_00002100	6	9	2	0	0.869330004161465	0.932343288123804	0.899734705526453	0.5	0.986111111111111	0.79783950617284
GC_00002101	9	9	1	0	0.988969965876389	0.997364532110525	0.993149510605907	0.976967370441459	0.999040307101727	0.985497973981659
GC_00002102	6	9	2	0	0.941444966092853	1.0	0.969839457244576	0.873239436619718	0.971830985915493	0.919014084507042
GC_00002103	8	8	1	0	1.0	1.0	1.0	1.0	1.0	1.0
GC_00002104	7	8	2	0	0.991347385179801	0.815635308681248	0.894948173292967	0.0307692307692308	1.0	0.749372056514914
GC_00002105	8	8	1	0	0.999462365591398	1.0	0.999731110513579	0.993548387096774	1.0	0.998387096774193
GC_00002106	8	8	1	0	0.998397435897436	1.0	0.999198075380914	0.980769230769231	1.0	0.995192307692308
GC_00002107	8	8	1	0	0.997697179044329	0.998275862068966	0.997986436669231	0.979310344827586	1.0	0.994827586206896
GC_00002108	8	8	1	0	0.999271137026239	1.0	0.999635435654393	0.997084548104956	1.0	0.999271137026239
GC_00002109	8	8	1	0	0.999725877192982	1.0	0.999862919808088	0.996710526315789	1.0	0.999177631578947
GC_00002110	8	8	1	0	0.999837239583333	1.0	0.999918613168389	0.998046875	1.0	0.99951171875
GC_00002111	8	8	1	0	0.999213836477987	1.0	0.999606763664963	0.99685534591195	1.0	0.999213836477987
GC_00002112	8	8	1	0	0.99594395280236	1.0	0.997967855163495	0.97787610619469	1.0	0.994469026548673
GC_00002113	8	8	1	0	0.997422680412371	1.0	0.998709677419355	0.989690721649485	1.0	0.997422680412371
GC_00002114	7	8	2	0	0.996591478696742	0.825273452897123	0.902877569559865	0.00422832980972516	1.0	0.750604047115675
GC_00002115	8	8	1	0	0.998644986449865	1.0	0.999322033898305	0.994579945799458	1.0	0.998644986449865
GC_00002116	8	8	1	0	0.955823293172691	0.763440860215053	0.848868460050737	0.532258064516129	1.0	0.881048387096774
GC_00002117	8	8	1	0	0.998464912280702	1.0	0.999231866564249	0.994736842105263	1.0	0.998026315789474
GC_00002118	7	8	2	0	0.929096638655462	1.0	0.963245303566567	0.779411764705882	1.0	0.908088235294118
GC_00002119	8	8	1	0	0.994535519125683	1.0	0.997260273972603	0.983606557377049	1.0	0.994535519125683
GC_00002120	8	8	1	0	0.983258928571429	1.0	0.991558806978053	0.96875	1.0	0.983258928571429
GC_00002121	8	8	1	0	0.994404049044768	1.0	0.997194173889733	0.982035928143713	1.0	0.993905047048759
GC_00002122	8	8	1	0	0.991605782683041	0.896555789824114	0.941688379461163	0.397769516728625	1.0	0.845857673924588
GC_00002123	8	8	1	0	0.992142857142857	1.0	0.996055934026533	0.98	1.0	0.992142857142857
GC_00002124	8	8	1	0	0.993714618714619	1.0	0.996847401716183	0.982517482517482	1.0	0.993131868131868
GC_00002125	7	8	2	0	0.99728045325779	0.81350642552391	0.896067965016899	0.0308056872037915	1.0	0.743991198375085
GC_00002126	8	8	1	0	0.997589833479404	1.0	0.998793462761873	0.993865030674847	1.0	0.997589833479404
GC_00002127	8	8	1	0	0.992857142857143	1.0	0.996415770609319	0.982608695652174	1.0	0.992857142857143
GC_00002128	8	8	1	0	0.995060790273556	1.0	0.997524281089316	0.984042553191489	1.0	0.993541033434651
GC_00002129	8	8	1	0	0.997449397449397	0.979282458870607	0.988282447525977	0.905769230769231	1.0	0.975549450549451
GC_00002130	8	8	1	0	0.983676975945017	1.0	0.991771329579905	0.958762886597938	1.0	0.981958762886598
GC_00002131	8	8	1	0	0.995915032679739	1.0	0.997953336062219	0.992156862745098	1.0	0.995588235294118
GC_00002132	8	8	1	0	0.994223985890653	1.0	0.997103628203144	0.977777777777778	1.0	0.989550264550265
GC_00002133	7	8	2	0	0.990752624477573	0.830474347633796	0.903560788500302	0.00840336134453781	1.0	0.750900360144058
GC_00002134	8	8	1	0	0.952165806081469	0.801120110133734	0.87013665983265	0.282700421940928	1.0	0.682941531042797
GC_00002135	8	8	1	0	0.968377562370888	0.883961512939615	0.92424600499955	0.174545454545455	1.0	0.787792207792208
GC_00002136	8	8	1	0	0.998164084911073	0.997596153846157	0.997880038570888	0.992788461538462	1.0	0.996308379120879
GC_00002137	5	8	2	0	0.980496980496981	0.948818897637794	0.964397872547175	0.889763779527559	1.0	0.947412823397075
GC_00002138	8	8	1	0	0.989384821130057	0.788585786073225	0.877646462476709	0.542713567839196	1.0	0.754307250538406
GC_00002139	8	8	1	0	0.988292554590897	1.0	0.994111809460801	0.977900552486188	1.0	0.985398579321231
GC_00002140	8	8	1	0	0.991499777481086	0.994475808688895	0.992985563258548	0.951672862453532	1.0	0.983935209771641
GC_00002141	8	8	1	0	0.962624584717608	0.959404096834265	0.961011642704283	0.688888888888889	1.0	0.912301587301587
GC_00002142	8	8	1	0	0.983838907613862	0.935720116089244	0.959176399868749	0.657718120805369	1.0	0.904602109300096
GC_00002143	8	8	1	0	0.994157379263762	0.8788168812153	0.932935711842926	0.164414414414414	1.0	0.788207850707851
GC_00002144	8	8	1	0	0.991121872477805	1.0	0.995541143088772	0.979661016949153	1.0	0.990556900726392
GC_00002145	7	8	2	0	0.964613722312264	0.723103889360046	0.826578960259734	0.037037037037037	1.0	0.663832199546485
GC_00002146	8	8	1	0	0.96779200620877	0.698834924199887	0.811611574204345	0.383211678832117	1.0	0.81021897810219
GC_00002147	8	8	1	0	0.992997198879552	1.0	0.996486296556571	0.967320261437909	1.0	0.985527544351074
GC_00002148	5	8	4	0	0.937120291616039	0.69573180155582	0.798583523255979	0.0635593220338983	1.0	0.523153753026634
GC_00002149	5	8	2	0	0.946064459548345	0.601632651039852	0.735522816394404	0.147679324894515	1.0	0.473930078360458
GC_00002150	7	8	2	0	0.919555555555556	0.916976287885113	0.918264110528838	0.627118644067797	1.0	0.832324455205811
GC_00002151	6	8	2	0	0.919612174766814	0.757963320463321	0.830999617610806	0.554054054054054	1.0	0.855212355212355
GC_00002152	6	8	2	0	0.694532237673831	0.903594307172834	0.785388839367907	0.388888888888889	1.0	0.633007369614512
GC_00002153	8	8	1	0	0.993570305480683	1.0	0.996774784164049	0.987028301886792	1.0	0.992166442048518
GC_00002154	7	8	2	0	0.852192707243952	0.815441421803052	0.833412102500348	0.338301043219076	1.0	0.637428145624867
GC_00002155	5	8	2	0	0.932467532467532	1.0	0.96505376344086	0.854545454545454	1.0	0.927272727272727
GC_00002156	8	8	1	0	0.996207000150218	1.0	0.998099896529019	0.990536277602524	1.0	0.995155475439387
GC_00002157	5	8	2	0	0.988927738927739	1.0	0.994433050102549	0.951048951048951	1.0	0.978771228771229
GC_00002158	4	8	5	0	0.503564241618063	0.783416651086353	0.613063665531619	0.0177642980935875	0.996100519930676	0.679577246843278
GC_00002159	7	8	2	0	0.735218687183753	0.70352467270896	0.719022586917839	0.166163141993958	1.0	0.444000863185153
GC_00002160	4	8	3	0	0.877985462097612	0.908217832587581	0.892845798462415	0.337662337662338	1.0	0.75487012987013
GC_00002161	6	8	2	0	0.927248677248677	1.0	0.962251201098147	0.855555555555556	1.0	0.917460317460317
GC_00002162	7	8	2	0	0.719793660923208	0.973747592828661	0.827729874432685	0.421739130434783	1.0	0.655745341614907
GC_00002163	8	8	1	0	0.983925549915398	0.876667475139462	0.927204945900628	0.592741935483871	1.0	0.834677419354839
GC_00002164	5	8	3	0	0.686044905008636	0.696624258257437	0.691294108207384	0.0678466076696165	0.988200589970501	0.376316898440792
GC_00002165	7	8	2	0	0.879162545334652	0.87145520858946	0.875291910654143	0.571428571428571	0.964285714285714	0.795918367346939
GC_00002166	2	8	7	0	0.971587487157686	0.720226480836239	0.827234022106877	0.16	0.996521739130435	0.607267080745342
GC_00002167	5	8	3	0	0.861187214611872	0.782548403976975	0.819986709174631	0.296703296703297	0.989010989010989	0.657378335949764
GC_00002168	6	8	2	0	0.924030574198359	0.671934673042548	0.77807230806395	0.0233545647558386	0.997876857749469	0.521610555050045
GC_00002169	7	8	2	0	0.77548656163114	0.977846220098386	0.864988792692388	0.53276955602537	0.997885835095137	0.700694654183026
GC_00002170	4	8	4	0	0.732946908602151	0.692642601320971	0.712225012699111	0.0147058823529412	0.988970588235294	0.389574579831933
GC_00002171	7	7	1	0	1.0	1.0	1.0	1.0	1.0	1.0
GC_00002172	7	7	1	0	1.0	1.0	1.0	1.0	1.0	1.0
GC_00002173	7	7	1	0	0.999430848036426	1.0	0.999715343011671	0.99800796812749	1.0	0.999430848036426
GC_00002174	7	7	1	0	0.998571428571429	1.0	0.999285203716941	0.995	1.0	0.998571428571429
GC_00002175	7	7	1	0	0.998619737750173	1.0	0.999309392265193	0.992753623188406	1.0	0.997929606625259
GC_00002176	7	7	1	0	0.983068783068783	1.0	0.991462113127001	0.955555555555556	1.0	0.983068783068783
GC_00002177	7	7	1	0	0.996677740863787	1.0	0.998336106489185	0.965116279069767	1.0	0.990033222591362
GC_00002178	7	7	1	0	0.998591152437306	1.0	0.999295079655999	0.997041420118343	1.0	0.998591152437306
GC_00002179	7	7	1	0	0.996565183450429	1.0	0.998279637159837	0.977049180327869	1.0	0.99344262295082
GC_00002180	7	7	1	0	0.993650793650794	1.0	0.996815286624204	0.96875	1.0	0.988095238095238
GC_00002181	7	7	1	0	0.996947496947497	1.0	0.998471415469275	0.980769230769231	1.0	0.990842490842491
GC_00002182	7	7	1	0	0.995238095238095	1.0	0.997613365155131	0.983333333333333	1.0	0.993650793650794
GC_00002183	5	7	2	0	0.828633620263184	0.966927450059981	0.892454850706744	0.524096385542169	1.0	0.773379231210557
GC_00002184	7	7	1	0	0.995918367346939	1.0	0.997955010224949	0.989285714285714	1.0	0.995918367346939
GC_00002185	7	7	1	0	0.989795918367347	1.0	0.994871794871795	0.982142857142857	1.0	0.989795918367347
GC_00002186	7	7	1	0	0.960648148148148	0.816298205611182	0.882610055050933	0.643939393939394	1.0	0.805555555555556
GC_00002187	7	7	1	0	0.962522045855379	1.0	0.980903167827454	0.861111111111111	1.0	0.943121693121693
GC_00002188	7	7	1	0	0.998236331569665	1.0	0.999117387466902	0.99537037037037	1.0	0.997354497354497
GC_00002189	7	7	1	0	0.998782899741366	1.0	0.99939107931192	0.995207667731629	1.0	0.99817434961205
GC_00002190	7	7	1	0	0.984253653763835	0.887219443468143	0.933220980002784	0.407166123778502	1.0	0.82852489530014
GC_00002191	7	7	1	0	0.997995668056768	1.0	0.998996828684228	0.991853360488798	1.0	0.996314615459219
GC_00002192	7	7	1	0	0.985241637936249	0.997831414224764	0.991496562230758	0.950570342205323	1.0	0.979721166032953
GC_00002193	7	7	1	0	0.99280015567231	0.983257706149273	0.988005890506798	0.903614457831325	1.0	0.968445209409065
GC_00002194	7	7	1	0	0.969161164098802	0.939590152637224	0.954146596386184	0.88023088023088	1.0	0.940562083419226
GC_00002195	7	7	1	0	0.995642701525055	1.0	0.997816593886463	0.990196078431373	1.0	0.994397759103641
GC_00002196	7	7	1	0	0.993307000219443	0.978341772924161	0.985767591966431	0.900900900900901	1.0	0.96964821964822
GC_00002197	6	7	2	0	0.983840528426516	0.787993501687059	0.87509318584062	0.163212435233161	1.0	0.687145324451024
GC_00002198	7	7	1	0	0.990016519428284	0.962041281293229	0.975828441658042	0.939130434782609	1.0	0.977432712215321
GC_00002199	7	7	1	0	0.993393889347647	1.0	0.996685998342999	0.976878612716763	1.0	0.99009083402147
GC_00002200	6	7	2	0	0.983009166107758	1.0	0.991431792559188	0.957746478873239	1.0	0.978537894030852
GC_00002201	7	7	1	0	0.983364524849241	1.0	0.991612497378905	0.973799126637555	1.0	0.981700977334165
GC_00002202	7	7	1	0	0.99268265225712	1.0	0.9963278910796	0.982269503546099	1.0	0.991556906450524
GC_00002203	5	7	2	0	0.791118734514961	0.97999199679872	0.875484535929766	0.529411764705882	1.0	0.719887955182073
GC_00002204	7	7	1	0	0.991219182708544	1.0	0.995590230664858	0.985815602836879	1.0	0.991219182708544
GC_00002205	7	7	1	0	0.977639751552795	1.0	0.988693467336683	0.930434782608696	1.0	0.962732919254658
GC_00002206	7	7	1	0	0.992147286264933	1.0	0.996058166085807	0.984917043740573	1.0	0.990519284636932
GC_00002207	7	7	1	0	0.997143955621464	1.0	0.998569935647104	0.98961937716263	1.0	0.995386389850058
GC_00002208	6	7	2	0	0.76802036329978	0.973416316881363	0.858605497221287	0.567375886524823	1.0	0.709895305639986
GC_00002209	6	7	2	0	0.965469228627123	0.982758620689655	0.974037207995603	0.896551724137931	1.0	0.952380952380952
GC_00002210	5	7	3	0	0.799507995079951	0.754802732173942	0.776512454684593	0.161290322580645	1.0	0.515774548032613
GC_00002211	7	7	1	0	0.879584017515052	1.0	0.935934769947583	0.689655172413793	1.0	0.835796387520525
GC_00002212	6	7	2	0	0.786559946639987	0.696609231095127	0.738856939402987	0.0222222222222222	1.0	0.488133030990174
GC_00002213	4	7	2	0	0.894184652278177	0.707991169977925	0.790268869806395	0.291390728476821	1.0	0.76631977294229
GC_00002214	5	7	3	0	0.682430364248546	0.997252747252748	0.810338034472798	0.432692307692308	1.0	0.61492673992674
GC_00002215	4	7	3	0	0.889050858438614	1.0	0.941267255423133	0.744897959183674	1.0	0.861516034985423
GC_00002216	7	7	1	0	0.971291866028708	0.913218564381355	0.941360418256762	0.772727272727273	1.0	0.883116883116883
GC_00002217	6	7	2	0	0.942510337468321	0.946730158730158	0.944615535387566	0.841269841269841	1.0	0.918745275888133
GC_00002218	5	7	3	0	0.893565713032993	0.759368006034865	0.821019265248748	0.169603524229075	0.991189427312775	0.580448919655968
GC_00002219	6	7	2	0	0.764691886747561	0.672452031660122	0.715611855223449	0.00840336134453781	0.949579831932773	0.45218087234894
GC_00002220	4	7	3	0	0.959061277705346	0.798063287815125	0.871186495847537	0.00390625	0.98828125	0.674293154761905
GC_00002221	6	7	2	0	0.856116468141426	0.966382810809435	0.907913927229668	0.563218390804598	0.96551724137931	0.801313628899836
GC_00002222	5	7	3	0	0.843320017754106	0.667516144213824	0.74518963837391	0.204301075268817	0.986559139784946	0.508704557091654
GC_00002223	6	7	2	0	0.887026079333772	0.886359031039881	0.886692429733696	0.651515151515151	0.903030303030303	0.777777777777778
GC_00002224	4	7	2	0	0.927041795894255	0.685959102139516	0.78848407181	0.0882352941176471	0.96524064171123	0.558441558441559
GC_00002225	5	7	2	0	0.909478168264111	0.72963620230701	0.809691146252529	0.157142857142857	0.971428571428571	0.600680272108844
GC_00002226	4	7	2	0	0.886632312822067	0.766755581900809	0.822348194419181	0.182572614107884	0.987551867219917	0.581900810116578
GC_00002227	6	6	1	0	1.0	1.0	1.0	1.0	1.0	1.0
GC_00002228	6	6	1	0	0.996870109546166	1.0	0.998432601880878	0.990610328638498	1.0	0.996870109546166
GC_00002229	6	6	1	0	0.999717992103779	1.0	0.999858976166972	0.99746192893401	1.0	0.999153976311337
GC_00002230	6	6	1	0	0.99895178197065	1.0	0.999475616151023	0.99685534591195	1.0	0.99895178197065
GC_00002231	6	6	1	0	0.998361193051459	1.0	0.999179924553059	0.991150442477876	1.0	0.997050147492625
GC_00002232	6	6	1	0	0.983333333333333	1.0	0.991596638655462	0.95	1.0	0.983333333333333
GC_00002233	6	6	1	0	0.992337164750958	1.0	0.996153846153846	0.96551724137931	1.0	0.988505747126437
GC_00002234	6	6	1	0	0.993055555555556	1.0	0.996515679442509	0.975961538461538	1.0	0.991987179487179
GC_00002235	6	6	1	0	0.869717261904762	0.989017476696517	0.925538812983865	0.5	1.0	0.831567328918322
GC_00002236	6	6	1	0	0.996825396825397	1.0	0.998410174880763	0.982142857142857	1.0	0.990476190476191
GC_00002237	6	6	1	0	0.982795698924731	1.0	0.991323210412147	0.967741935483871	1.0	0.982795698924731
GC_00002238	6	6	1	0	0.995967741935484	1.0	0.997979797979798	0.987903225806452	1.0	0.995967741935484
GC_00002239	6	6	1	0	0.996825396825397	0.87145356830396	0.929932911790137	0.47244094488189	1.0	0.824146981627296
GC_00002240	6	6	1	0	0.946666666666667	1.0	0.972602739726027	0.9	1.0	0.946666666666667
GC_00002241	6	6	1	0	0.99050042408821	1.0	0.995227543889552	0.977099236641221	1.0	0.987786259541985
GC_00002242	6	6	1	0	0.871690427698574	0.71299347313157	0.784395657979196	0.142212189616253	1.0	0.688487584650113
GC_00002243	5	6	2	0	0.99484126984127	1.0	0.997413964591207	0.964285714285714	1.0	0.98452380952381
GC_00002244	6	6	1	0	0.996643168848607	1.0	0.998318762609281	0.990936555891239	1.0	0.995971802618328
GC_00002245	5	6	2	0	0.978294573643411	1.0	0.989028213166144	0.930232558139535	1.0	0.95968992248062
GC_00002246	5	6	2	0	0.792322562827948	0.853947368421052	0.821981565263994	0.385416666666667	1.0	0.664583333333333
GC_00002247	6	6	1	0	0.96815408085431	0.891425707456243	0.928206944254089	0.803030303030303	1.0	0.881818181818182
GC_00002248	6	6	1	0	0.997605893186004	1.0	0.998801511938785	0.994475138121547	1.0	0.997605893186004
GC_00002249	5	6	2	0	0.997021910231866	0.746977864739315	0.854074992774146	0.028391167192429	1.0	0.656782334384858
GC_00002250	6	6	1	0	0.987904967602592	0.97753231745008	0.982691271550929	0.892405063291139	1.0	0.960759493670886
GC_00002251	4	6	3	0	0.959885742672628	0.756483704435971	0.846132426413808	0.123287671232877	1.0	0.600456621004566
GC_00002252	5	6	2	0	0.948403575989783	1.0	0.973518615626639	0.839080459770115	1.0	0.934099616858238
GC_00002253	5	6	2	0	0.837929212889593	0.926655846665122	0.880061859315055	0.390350877192982	1.0	0.76578947368421
GC_00002254	5	6	2	0	0.8541938287701	0.828302994715208	0.841049203257175	0.412213740458015	1.0	0.666666666666667
GC_00002255	5	6	2	0	0.907854808590103	0.733717993410025	0.811550249437333	0.134370579915134	1.0	0.531447430457331
GC_00002256	4	6	3	0	0.896861844623039	0.731301287582696	0.805664013369569	0.201005025125628	1.0	0.52998324958124
GC_00002257	4	6	2	0	0.949044585987261	0.603501253132832	0.737819885880919	0.1925	1.0	0.463333333333333
GC_00002258	6	6	1	0	0.949921752738654	0.986306729264475	0.967772373673125	0.791666666666667	1.0	0.919444444444445
GC_00002259	5	6	2	0	0.944444444444444	0.981753224119903	0.962737514916153	0.855263157894737	1.0	0.916228070175439
GC_00002260	5	6	2	0	0.944771067165509	0.668433999090934	0.782934688044752	0.0510948905109489	1.0	0.485158150851581
GC_00002261	5	6	2	0	0.887285223367698	0.884980871282241	0.886131549232062	0.662162162162162	1.0	0.816216216216216
GC_00002262	5	6	2	0	0.72884012539185	0.64444995685936	0.684052107324879	0.239344262295082	1.0	0.477377049180328
GC_00002263	6	6	1	0	0.98484559057625	1.0	0.992364942897472	0.968481375358166	1.0	0.983190066857689
GC_00002264	5	6	2	0	0.966557615412577	0.951572394933792	0.959006469820631	0.870466321243523	1.0	0.928842832469775
GC_00002265	6	6	1	0	0.984832451499118	0.930128767925081	0.956699264124989	0.852941176470588	1.0	0.943137254901961
GC_00002266	6	6	1	0	0.991640463225708	0.887078365764646	0.936449657043251	0.858006042296072	1.0	0.934541792547835
GC_00002267	4	6	2	0	0.747785547785548	0.780009920634921	0.763557894805353	0.46875	1.0	0.638541666666667
GC_00002268	4	6	2	0	0.881158183046989	0.756616920755146	0.81415230895555	0.0262615859938208	1.0	0.563920357020254
GC_00002269	4	6	3	0	0.920129678750368	0.766107072804893	0.836084083849064	0.0462962962962963	1.0	0.633950617283951
GC_00002270	4	6	2	0	0.962841530054645	0.869678599710551	0.9138919240231	0.476038338658147	1.0	0.805324813631523
GC_00002271	5	6	2	0	0.986666666666667	1.0	0.993288590604027	0.973333333333333	1.0	0.986666666666667
GC_00002272	5	6	2	0	0.996610169491525	0.773042838707348	0.870704427296134	0.0197674418604651	1.0	0.662093023255814
GC_00002273	4	6	2	0	0.963028169014085	0.609873331190727	0.746804802958925	0.0220994475138122	1.0	0.463720073664825
GC_00002274	5	6	2	0	0.922917199988622	0.985343982065287	0.953109477366755	0.819672131147541	0.993694829760404	0.895754518705339
GC_00002275	5	6	2	0	0.973663091850879	0.947762233702908	0.960538090691297	0.885093167701863	0.990683229813665	0.939337474120083
GC_00002276	6	6	1	0	0.984646464646465	0.846144466663414	0.910156526812378	0.576354679802956	0.995073891625616	0.808866995073892
GC_00002277	5	6	2	0	0.812751575909471	0.929823567172865	0.867354928753055	0.507911392405063	0.996835443037975	0.729535864978903
GC_00002278	5	6	2	0	0.949232778321907	0.986578831796225	0.967545561401362	0.876811594202899	0.985507246376812	0.927053140096618
GC_00002279	4	6	2	0	0.972348896127398	0.996753246753246	0.984399842025529	0.948051948051948	0.993506493506494	0.967316017316017
GC_00002280	4	6	3	0	0.957294264339152	0.74054993820919	0.835087468261607	0.272463768115942	0.997101449275362	0.605410628019324
GC_00002281	2	6	4	0	0.754092992796333	0.699083993168763	0.725547329356489	0.192982456140351	0.964912280701754	0.490058479532164
GC_00002282	5	6	2	0	0.959126145172657	0.657244168439613	0.779994609408433	0.224598930481283	0.983957219251337	0.579322638146168
GC_00002283	4	6	3	0	0.945733969263381	0.72650298040033	0.821747836003567	0.258855585831063	0.989100817438692	0.561307901907357
GC_00002284	4	5	2	0	1.0	1.0	1.0	1.0	1.0	1.0
GC_00002285	5	5	1	0	1.0	1.0	1.0	1.0	1.0	1.0
GC_00002286	4	5	2	0	1.0	1.0	1.0	1.0	1.0	1.0
GC_00002287	5	5	1	0	1.0	1.0	1.0	1.0	1.0	1.0
GC_00002288	5	5	1	0	1.0	1.0	1.0	1.0	1.0	1.0
GC_00002289	5	5	1	0	1.0	1.0	1.0	1.0	1.0	1.0
GC_00002290	5	5	1	0	1.0	1.0	1.0	1.0	1.0	1.0
GC_00002291	5	5	1	0	1.0	1.0	1.0	1.0	1.0	1.0
GC_00002292	5	5	1	0	0.999415204678363	1.0	0.999707516817783	0.995614035087719	1.0	0.998245614035088
GC_00002293	5	5	1	0	0.999004975124378	1.0	0.999502239920358	0.992537313432836	1.0	0.997014925373134
GC_00002294	5	5	1	0	0.998285101822079	1.0	0.999141815061146	0.993569131832797	1.0	0.997427652733119
GC_00002295	5	5	1	0	0.99375	1.0	0.996865203761756	0.984375	1.0	0.99375
GC_00002296	2	5	4	0	0.986324786324786	1.0	0.993115318416523	0.965811965811966	1.0	0.986324786324786
GC_00002297	5	5	1	0	0.998845598845599	1.0	0.999422466069882	0.995670995670996	1.0	0.998268398268398
GC_00002298	5	5	1	0	0.995698924731183	1.0	0.997844827586207	0.989247311827957	1.0	0.995698924731183
GC_00002299	5	5	1	0	0.966666666666667	1.0	0.983050847457627	0.892857142857143	1.0	0.957142857142857
GC_00002300	4	5	2	0	0.982905982905983	1.0	0.991379310344828	0.935897435897436	1.0	0.974358974358974
GC_00002301	5	5	1	0	0.999522102747909	1.0	0.999760994263862	0.996415770609319	1.0	0.998566308243727
GC_00002302	5	5	1	0	0.997515527950311	1.0	0.998756218905473	0.987577639751553	1.0	0.995031055900621
GC_00002303	4	5	2	0	1.0	0.863303194695598	0.92663737941654	0.563291139240506	1.0	0.825316455696202
GC_00002304	4	5	2	0	0.995454545454545	1.0	0.997722095671982	0.992424242424242	1.0	0.995454545454545
GC_00002305	4	5	2	0	0.997560975609756	1.0	0.998778998778999	0.98780487804878	1.0	0.992682926829268
GC_00002306	5	5	1	0	0.997575757575758	1.0	0.99878640776699	0.990909090909091	1.0	0.996363636363636
GC_00002307	5	5	1	0	0.797203826342899	0.809418509418509	0.803264735536488	0.316498316498317	1.0	0.62962962962963
GC_00002308	5	5	1	0	0.919896640826873	0.750947368421053	0.826880256714383	0.342105263157895	1.0	0.736842105263158
GC_00002309	5	5	1	0	0.967251461988304	1.0	0.983353151010702	0.903508771929825	1.0	0.954385964912281
GC_00002310	5	5	1	0	0.999563318777293	1.0	0.999781611705613	0.997816593886463	1.0	0.998689956331878
GC_00002311	4	5	2	0	0.94980694980695	0.732784538296349	0.827299855141333	0.173228346456693	1.0	0.584251968503937
GC_00002312	5	5	1	0	0.994997447677386	1.0	0.997492451768077	0.990811638591118	1.0	0.994180704441041
GC_00002313	5	5	1	0	0.994551971326165	1.0	0.997268545140886	0.98494623655914	1.0	0.993978494623656
GC_00002314	4	5	2	0	0.906521739130435	1.0	0.95096921322691	0.815217391304348	1.0	0.889130434782609
GC_00002315	5	5	1	0	0.997005208333333	1.0	0.998500358609897	0.98828125	1.0	0.994921875
GC_00002316	4	5	2	0	0.902042711234912	0.727839292641928	0.805631484139801	0.271306818181818	1.0	0.562784090909091
GC_00002317	5	5	1	0	0.989176470588235	1.0	0.994558788739058	0.967058823529412	1.0	0.985411764705882
GC_00002318	5	5	1	0	0.950537634408602	1.0	0.974641675854465	0.870967741935484	1.0	0.938709677419355
GC_00002319	3	5	2	0	0.898765432098765	1.0	0.94668400520156	0.722222222222222	1.0	0.874074074074074
GC_00002320	4	5	2	0	0.965882514788829	0.969906827309234	0.967890487977323	0.868	1.0	0.932
GC_00002321	3	5	2	0	0.942330558858502	0.890823918434829	0.915853640597348	0.743455497382199	1.0	0.887434554973822
GC_00002322	4	5	2	0	0.963132530120482	0.979074668807703	0.971038170866654	0.922169811320755	1.0	0.939858490566038
GC_00002323	4	5	2	0	0.983565891472868	1.0	0.991714866343599	0.962790697674419	1.0	0.982325581395349
GC_00002324	3	5	3	0	0.989238176154064	0.583324189526185	0.733893383114018	0.144638403990025	1.0	0.400997506234414
GC_00002325	5	5	1	0	0.995634920634921	1.0	0.997812686418771	0.988095238095238	1.0	0.994047619047619
GC_00002326	3	5	2	0	0.977584960231381	0.714821666420009	0.825804980121572	0.00429184549356223	1.0	0.579828326180257
GC_00002327	4	5	2	0	0.979487179487179	1.0	0.989637305699482	0.961538461538462	1.0	0.972307692307692
GC_00002328	2	5	3	0	0.949453551912568	0.713237231961028	0.814565919062878	0.141955835962145	1.0	0.591167192429022
GC_00002329	5	5	1	0	0.92952380952381	1.0	0.963474827245805	0.8	1.0	0.902857142857143
GC_00002330	3	5	2	0	0.760069294066696	0.639512299941491	0.694598534939943	0.0562700964630225	1.0	0.482636655948553
GC_00002331	4	5	2	0	0.94910941475827	0.842697368421052	0.892743585601656	0.71875	1.0	0.870833333333333
GC_00002332	5	5	1	0	0.993510324483776	1.0	0.996744598993785	0.987357774968394	1.0	0.992667509481669
GC_00002333	3	5	2	0	0.973767752715121	1.0	0.986709557267417	0.942355889724311	1.0	0.963408521303258
GC_00002334	3	5	2	0	0.76146587667325	0.894385964912281	0.822590977951335	0.573099415204678	1.0	0.674269005847953
GC_00002335	5	5	1	0	0.997463768115942	1.0	0.998730273898059	0.994565217391304	1.0	0.996739130434783
GC_00002336	4	5	2	0	0.985439820797794	0.702363484443071	0.820163041623763	0.0170807453416149	1.0	0.591459627329193
GC_00002337	4	5	2	0	0.970707070707071	0.98516440354618	0.977882304558184	0.932835820895522	1.0	0.956716417910448
GC_00002338	4	5	2	0	0.77625234943205	0.713656330930873	0.74363940672821	0.386850152905199	1.0	0.553516819571865
GC_00002339	4	5	2	0	0.973684210526316	1.0	0.986666666666667	0.921052631578947	1.0	0.966666666666667
GC_00002340	4	5	2	0	0.95316301703163	0.900393391030684	0.926027044418165	0.637096774193548	0.967741935483871	0.825806451612903
GC_00002341	4	5	2	0	0.943197278911565	0.844872803566745	0.891331650989922	0.42741935483871	0.991935483870968	0.733064516129032
GC_00002342	5	5	1	0	0.973049645390071	1.0	0.986340762041697	0.946808510638298	0.978723404255319	0.965957446808511
GC_00002343	3	5	2	0	0.942156862745098	0.532193929274255	0.680177560850711	0.0829268292682927	0.860975609756098	0.414878048780488
GC_00002344	3	5	2	0	0.762419006479482	0.978408750374588	0.857014629338722	0.5	0.992957746478873	0.664788732394366
GC_00002345	4	5	2	0	0.838924387646432	0.856378915202443	0.847561797139458	0.402597402597403	0.87012987012987	0.646103896103896
GC_00002346	4	5	2	0	0.969012670932129	0.687464065087835	0.804311193021902	0.0142857142857143	0.968131868131868	0.571868131868132
GC_00002347	4	5	2	0	0.735159817351598	0.658558621330361	0.694754151678449	0.177884615384615	0.879807692307692	0.589423076923077
GC_00002348	5	5	1	0	0.920405774483028	0.989629164047772	0.953763073974987	0.849420849420849	0.953667953667954	0.9003861003861
GC_00002349	5	5	1	0	0.831981981981982	1.0	0.908286206048685	0.635135135135135	0.986486486486487	0.790540540540541
GC_00002350	4	5	2	0	0.856978085351788	0.789354105809803	0.821777249929339	0.405063291139241	0.873417721518987	0.668354430379747
GC_00002351	5	5	1	0	0.991308580169657	0.988531992843151	0.989918339522064	0.960824742268041	0.997938144329897	0.976288659793815
GC_00002352	4	5	2	0	0.981780538302277	1.0	0.99080651901379	0.956521739130435	0.993788819875776	0.975155279503106
GC_00002353	3	5	2	0	0.942786069651741	1.0	0.970550576184379	0.880597014925373	0.985074626865672	0.917910447761194
GC_00002354	5	5	1	0	0.983940972222222	1.0	0.991905491139794	0.963541666666667	0.9921875	0.974739583333333
GC_00002355	4	5	2	0	0.88544474393531	0.857713557161071	0.871358568539252	0.32967032967033	0.934065934065934	0.692307692307692
GC_00002356	3	5	2	0	0.927935150543381	0.809867280993253	0.864890396826207	0.18232044198895	0.950276243093923	0.625230202578269
GC_00002357	3	5	2	0	0.984121621621622	0.532164278210548	0.690785784527353	0.0318407960199005	0.682587064676617	0.399900497512438
GC_00002358	3	5	2	0	0.901562039493074	0.565603501619773	0.695118079283633	0.0301204819277108	0.843373493975904	0.403614457831325
GC_00002359	5	5	1	0	0.987022222222222	1.0	0.993468730428559	0.968	0.997333333333333	0.984533333333333
GC_00002360	4	5	2	0	0.900411522633745	0.846517988638754	0.872633436173235	0.479591836734694	0.989795918367347	0.761224489795918
GC_00002361	4	5	2	0	0.795934959349593	0.925638406537283	0.855900749951642	0.561797752808989	0.910112359550562	0.734831460674157
GC_00002362	4	5	2	0	0.937392500859993	0.891784820683902	0.914020082628499	0.7	0.981818181818182	0.823636363636364
GC_00002363	4	5	2	0	0.932680901542111	0.884516415261759	0.907960362902267	0.522959183673469	0.971938775510204	0.780867346938775
GC_00002364	4	4	1	0	1.0	1.0	1.0	1.0	1.0	1.0
GC_00002365	2	4	2	0	1.0	1.0	1.0	1.0	1.0	1.0
GC_00002366	4	4	1	0	1.0	1.0	1.0	1.0	1.0	1.0
GC_00002367	3	4	2	0	1.0	1.0	1.0	1.0	1.0	1.0
GC_00002368	4	4	1	0	1.0	1.0	1.0	1.0	1.0	1.0
GC_00002369	4	4	1	0	1.0	1.0	1.0	1.0	1.0	1.0
GC_00002370	4	4	1	0	1.0	1.0	1.0	1.0	1.0	1.0
GC_00002371	4	4	1	0	1.0	1.0	1.0	1.0	1.0	1.0
GC_00002372	4	4	1	0	1.0	1.0	1.0	1.0	1.0	1.0
GC_00002373	4	4	1	0	1.0	1.0	1.0	1.0	1.0	1.0
GC_00002374	4	4	1	0	1.0	1.0	1.0	1.0	1.0	1.0
GC_00002375	4	4	1	0	0.997222222222222	1.0	0.998609179415855	0.983333333333333	1.0	0.991666666666667
GC_00002376	4	4	1	0	1.0	0.934860895353765	0.966333959819719	0.931506849315068	1.0	0.965753424657534
GC_00002377	4	4	1	0	0.99895178197065	1.0	0.999475616151023	0.993710691823899	1.0	0.99685534591195
GC_00002378	4	4	1	0	0.983870967741935	1.0	0.991869918699187	0.967741935483871	1.0	0.983870967741935
GC_00002379	4	4	1	0	0.973958333333333	1.0	0.986807387862797	0.9375	1.0	0.96875
GC_00002380	4	4	1	0	0.999438832772166	1.0	0.999719337636823	0.996632996632997	1.0	0.998316498316498
GC_00002381	4	4	1	0	0.990476190476191	1.0	0.995215311004785	0.971428571428571	1.0	0.985714285714286
GC_00002382	4	4	1	0	0.998931623931624	1.0	0.99946552645644	0.997863247863248	1.0	0.998931623931624
GC_00002383	4	4	1	0	0.996699669966997	1.0	0.998347107438017	0.98019801980198	1.0	0.99009900990099
GC_00002384	4	4	1	0	0.998936170212766	1.0	0.999467802022352	0.997872340425532	1.0	0.998936170212766
GC_00002385	4	4	1	0	0.997916666666667	1.0	0.99895724713243	0.995833333333333	1.0	0.997916666666667
GC_00002386	4	4	1	0	0.993243243243243	1.0	0.996610169491525	0.986486486486487	1.0	0.993243243243243
GC_00002387	4	4	1	0	0.989045383411581	0.995327102803738	0.992176300418271	0.94392523364486	1.0	0.97196261682243
GC_00002388	4	4	1	0	0.997275204359673	0.998639455782307	0.997956863823114	0.993197278911565	1.0	0.996598639455782
GC_00002389	4	4	1	0	0.998544395924309	0.939528227563784	0.968137762307419	0.932515337423313	1.0	0.966257668711656
GC_00002390	4	4	1	0	0.985964912280702	1.0	0.992932862190813	0.957894736842105	1.0	0.978947368421053
GC_00002391	4	4	1	0	0.982456140350877	0.753219251336901	0.852699625806004	0.0933333333333333	1.0	0.546666666666667
GC_00002392	4	4	1	0	0.990566037735849	1.0	0.995260663507109	0.981132075471698	1.0	0.990566037735849
GC_00002393	4	4	1	0	0.990421455938697	1.0	0.995187680461983	0.96551724137931	1.0	0.982758620689655
GC_00002394	4	4	1	0	0.994949494949495	1.0	0.99746835443038	0.992424242424242	1.0	0.994949494949495
GC_00002395	3	4	2	0	0.904444444444444	1.0	0.949824970828471	0.81	1.0	0.873333333333333
GC_00002396	4	4	1	0	0.898809523809524	1.0	0.946708463949843	0.732142857142857	1.0	0.865079365079365
GC_00002397	2	4	2	0	0.995726495726496	1.0	0.997858672376874	0.980769230769231	1.0	0.987179487179487
GC_00002398	4	4	1	0	0.981063198722336	0.970693227091633	0.975850664307631	0.932270916334661	1.0	0.951527224435591
GC_00002399	3	4	2	0	0.771400778210117	0.968562746105119	0.858811171211027	0.491525423728814	1.0	0.66195856873823
GC_00002400	2	4	2	0	0.912568306010929	1.0	0.954285714285714	0.868852459016393	1.0	0.912568306010929
GC_00002401	3	4	2	0	0.974137931034483	1.0	0.986899563318777	0.931034482758621	1.0	0.962643678160919
GC_00002402	3	4	2	0	0.704834605597964	0.83038894178215	0.762477703358231	0.253623188405797	1.0	0.506038647342995
GC_00002403	4	4	1	0	0.902713773681516	0.848590722254844	0.874815927184863	0.618320610687023	1.0	0.807888040712468
GC_00002404	3	4	2	0	0.877621514927214	0.996312684365781	0.933208271372802	0.756637168141593	1.0	0.836283185840708
GC_00002405	3	4	2	0	1.0	0.626286301322561	0.770204238716443	0.065989847715736	1.0	0.499153976311337
GC_00002406	4	4	1	0	0.906962962962963	0.981840727473133	0.94291765719829	0.81151832460733	1.0	0.867364746945899
GC_00002407	3	4	2	0	0.884488448844885	0.962637362637363	0.921909728494349	0.704761904761905	1.0	0.83968253968254
GC_00002408	3	4	2	0	0.896728558797524	0.997354497354496	0.944368577838273	0.8	1.0	0.866666666666667
GC_00002409	3	4	2	0	0.949728260869565	0.837130242825608	0.889881597223225	0.695364238410596	1.0	0.798013245033113
GC_00002410	4	4	1	0	0.988853503184713	1.0	0.994395516413131	0.977707006369427	1.0	0.988853503184713
GC_00002411	3	4	2	0	0.98731884057971	0.989247311827956	0.988282135430525	0.956989247311828	1.0	0.978494623655914
GC_00002412	3	4	2	0	0.930078360458107	0.991039426523296	0.95959168273429	0.849462365591398	1.0	0.899641577060932
GC_00002413	4	4	1	0	0.998611111111111	0.826893588772641	0.904675978656735	0.552915766738661	1.0	0.77645788336933
GC_00002414	2	4	2	0	0.762620837808808	0.882952244568238	0.818386965257265	0.434173669467787	1.0	0.617647058823529
GC_00002415	3	4	2	0	0.852380952380952	0.989455680024059	0.915817570395887	0.636042402826855	1.0	0.818021201413428
GC_00002416	4	4	1	0	0.998710509348807	1.0	0.999354838709677	0.996131528046422	1.0	0.998065764023211
GC_00002417	3	4	2	0	0.954897406116918	0.647328634372218	0.771592045375234	0.118165784832451	1.0	0.490887713109935
GC_00002418	3	4	2	0	0.842544316996872	0.969241192411924	0.901462843394097	0.648484848484848	1.0	0.771717171717172
GC_00002419	4	4	1	0	0.815139701104613	0.972077922077922	0.886718323023231	0.5625	1.0	0.744318181818182
GC_00002420	3	4	2	0	0.996265172735761	0.946414499605988	0.970700232625608	0.904761904761905	1.0	0.952380952380952
GC_00002421	3	4	2	0	0.988210075026795	0.624885648942252	0.76563130736591	0.169811320754717	1.0	0.442138364779874
GC_00002422	4	4	1	0	0.998427672955975	0.957770178458198	0.977676414288407	0.950375939849624	1.0	0.975187969924812
GC_00002423	4	4	1	0	0.908868501529052	0.904457071322895	0.906657420396631	0.640394088669951	1.0	0.782430213464696
GC_00002424	4	4	1	0	0.902222222222222	0.992084543808681	0.945021933931883	0.764550264550265	1.0	0.862874779541446
GC_00002425	4	4	1	0	0.986076986076986	0.944085811163277	0.964624634358289	0.888888888888889	1.0	0.928240740740741
GC_00002426	4	4	1	0	0.785947712418301	1.0	0.880146386093321	0.529411764705882	1.0	0.723856209150327
GC_00002427	4	4	1	0	0.993719806763285	1.0	0.996850012115338	0.982608695652174	1.0	0.989855072463768
GC_00002428	4	4	1	0	0.993506493506494	1.0	0.996742671009772	0.987012987012987	1.0	0.993506493506493
GC_00002429	4	4	1	0	0.998926462694579	0.976864330637916	0.987772221259082	0.952830188679245	1.0	0.973270440251572
GC_00002430	2	4	3	0	0.847266313932981	0.67838441398429	0.753478173409585	0.0695364238410596	0.993377483443709	0.421081677704194
GC_00002431	3	4	2	0	0.96969696969697	0.619458313735419	0.755982572559451	0.168168168168168	0.966966966966967	0.466466466466466
GC_00002432	4	4	1	0	0.912174030536414	0.997978820873992	0.953149233847378	0.838592233009709	0.990291262135922	0.895226537216828
GC_00002433	2	4	3	0	0.758589915216421	0.928174827408301	0.834857459178385	0.514851485148515	0.945544554455445	0.691419141914191
GC_00002434	3	4	2	0	0.963155864197531	0.989748520865517	0.976271136716895	0.930126002290951	0.967926689576174	0.948835433371516
GC_00002435	4	4	1	0	0.970771756978653	0.989351477531498	0.979973560032513	0.945175438596491	0.983187134502924	0.955043859649123
GC_00002436	2	4	3	0	0.910560715514276	0.589433376587029	0.715622654728207	0.178841309823678	0.702770780856423	0.445004198152813
GC_00002437	3	4	2	0	0.695035460992908	0.986939132608425	0.815657617676269	0.464566929133858	0.960629921259842	0.622047244094488
GC_00002438	4	4	1	0	0.95048934945308	1.0	0.974616292798111	0.89119170984456	0.984455958549223	0.929188255613126
GC_00002439	4	4	1	0	0.933455433455433	0.842683312262958	0.885749853056578	0.486725663716814	0.982300884955752	0.73598820058997
GC_00002440	3	4	2	0	0.959119496855346	1.0	0.979133226324237	0.911949685534591	0.981132075471698	0.950733752620545
GC_00002441	4	4	1	0	0.951873120043752	0.99591503267974	0.973396155151494	0.848039215686274	0.995098039215686	0.915032679738562
GC_00002442	3	4	2	0	0.946263643996641	0.990555994457858	0.967903367240077	0.904191616766467	0.938622754491018	0.926646706586826
GC_00002443	4	4	1	0	0.923357086302454	0.988294740192566	0.954722966875607	0.861971830985915	0.997183098591549	0.902347417840376
GC_00002444	4	4	1	0	0.983460559796438	1.0	0.991661321359846	0.969465648854962	0.99236641221374	0.980916030534351
GC_00002445	4	4	1	0	0.889090786728582	0.955264531149642	0.920990532898849	0.764161849710983	0.938728323699422	0.850867052023121
GC_00002446	3	4	2	0	0.97355896351137	0.667398460015909	0.791917869002981	0.0253164556962025	0.979430379746835	0.485232067510549
GC_00002447	4	4	1	0	0.725629209500177	0.914594465768545	0.809226777073728	0.583333333333333	0.715116279069767	0.64890180878553
GC_00002448	3	4	2	0	0.94300518134715	1.0	0.970666666666667	0.849740932642487	0.994818652849741	0.922279792746114
GC_00002449	4	4	1	0	0.837064676616915	0.717003999515211	0.772396651711688	0.345291479820628	0.995515695067265	0.670403587443946
GC_00002450	3	4	2	0	0.947269303201507	1.0	0.972920696324952	0.889830508474576	0.991525423728814	0.937853107344633
GC_00002451	3	4	2	0	0.664297559819948	0.658770455550637	0.661522462972077	0.117647058823529	0.474789915966387	0.27766106442577
GC_00002452	4	4	1	0	0.992173913043478	1.0	0.996071584460934	0.986086956521739	0.996521739130435	0.991594202898551
GC_00002453	3	4	2	0	0.776683087027915	0.98086145491731	0.866912313822441	0.63768115942029	0.985507246376812	0.714975845410628
GC_00002454	4	4	1	0	0.994471744471744	0.993908460820227	0.994190022860321	0.981684981684982	0.996336996336996	0.987179487179487
GC_00002455	3	4	2	0	0.711862353083727	0.775799059125639	0.742456770360319	0.504051863857374	0.716369529983793	0.570502431118314
GC_00002456	4	4	1	0	0.673314339981007	0.975141242937853	0.796596025007095	0.533333333333333	0.783333333333333	0.6
GC_00002457	3	4	2	0	0.993211133740665	0.834361624386681	0.90688291475294	0.583870967741935	0.990322580645161	0.786559139784946
GC_00002458	4	4	1	0	0.944839857651246	0.828421259455743	0.882808986570932	0.692307692307692	0.974358974358974	0.790598290598291
GC_00002459	4	4	1	0	0.991140642303433	1.0	0.995550611790879	0.983388704318937	0.990033222591362	0.98671096345515
GC_00002460	4	4	1	0	0.955006337135615	0.958195089581952	0.956598055995575	0.847272727272727	0.985454545454545	0.901212121212121
GC_00002461	4	4	1	0	0.996143958868895	1.0	0.998068254990341	0.994858611825193	0.997429305912596	0.996143958868895
GC_00002462	3	4	2	0	0.978813559322034	1.0	0.989293361884368	0.957627118644068	0.991525423728814	0.97316384180791
GC_00002463	4	4	1	0	0.96982646982647	1.0	0.984682137926501	0.941724941724942	0.993006993006993	0.95998445998446
GC_00002464	3	4	2	0	0.837552742616034	1.0	0.911595866819747	0.721518987341772	0.974683544303797	0.812236286919831
GC_00002465	3	4	2	0	0.974709155285786	0.578712237583204	0.726237090383426	0.0892857142857143	0.821428571428571	0.438095238095238
GC_00002466	3	4	2	0	0.81786941580756	0.983262711864406	0.892972244937226	0.655405405405405	0.986486486486487	0.760698198198198
GC_00002467	4	4	1	0	0.993827160493827	1.0	0.996904024767802	0.989664082687339	0.997416020671835	0.991817398794143
GC_00002468	4	4	1	0	0.97887323943662	1.0	0.98932384341637	0.950704225352113	0.97887323943662	0.967136150234742
GC_00002469	4	4	1	0	0.986111111111111	1.0	0.993006993006993	0.975	0.991666666666667	0.983333333333333
GC_00002470	4	4	1	0	0.733817701453104	0.912251426295789	0.813363465126371	0.553956834532374	0.946043165467626	0.63968824940048
GC_00002471	3	4	2	0	0.854885602325875	0.996598639455783	0.920318746378806	0.770975056689342	0.848072562358277	0.811791383219955
GC_00002472	4	4	1	0	0.968553459119497	1.0	0.984025559105431	0.943396226415094	0.981132075471698	0.962264150943396
GC_00002473	3	4	2	0	0.867082035306334	0.990740740740741	0.924795959031368	0.75	0.916666666666667	0.825617283950617
GC_00002474	4	4	1	0	0.985528574932548	1.0	0.992711550339716	0.973509933774834	0.986754966887417	0.980868285504047
GC_00002475	4	4	1	0	0.989726953230603	1.0	0.994836956521739	0.978102189781022	0.997566909975669	0.987023519870235
GC_00002476	4	4	1	0	0.994444444444444	1.0	0.997214484679666	0.988095238095238	0.997619047619048	0.992857142857143
GC_00002477	2	4	2	0	0.890846286701209	0.638048415847278	0.743547689773109	0.340175953079179	0.958944281524927	0.473607038123167
GC_00002478	4	4	1	0	0.863049095607235	0.93331939799331	0.896809830745042	0.668269230769231	0.932692307692308	0.802884615384615
GC_00002479	4	4	1	0	0.954816866728224	0.997240013689931	0.975567458918986	0.917127071823204	0.983425414364641	0.938858195211786
GC_00002480	4	4	1	0	0.91304347826087	0.787106446776611	0.845410628019323	0.258620689655172	0.991379310344828	0.616379310344828
GC_00002481	4	4	1	0	0.985027580772262	1.0	0.992457324335054	0.973049645390071	0.987234042553191	0.980614657210402
GC_00002482	4	4	1	0	0.943162393162393	1.0	0.970749945018694	0.892307692307692	0.988461538461539	0.938461538461539
GC_00002483	4	4	1	0	0.953074433656958	1.0	0.975973487986744	0.893203883495146	0.990291262135922	0.933656957928803
GC_00002484	3	4	2	0	0.859649122807018	0.643177163338454	0.735822482439447	0.0737327188940092	0.755760368663594	0.397849462365591
GC_00002485	4	4	1	0	0.983157365510307	1.0	0.991507161870959	0.968325791855204	0.990950226244344	0.981146304675717
GC_00002486	4	4	1	0	0.972993827160494	1.0	0.986312084473993	0.958333333333333	0.990740740740741	0.969907407407407
GC_00002487	3	3	1	0	1.0	1.0	1.0	1.0	1.0	1.0
GC_00002488	2	3	2	0	1.0	1.0	1.0	1.0	1.0	1.0
GC_00002489	3	3	1	0	1.0	1.0	1.0	1.0	1.0	1.0
GC_00002490	3	3	1	0	1.0	1.0	1.0	1.0	1.0	1.0
GC_00002491	3	3	1	0	1.0	1.0	1.0	1.0	1.0	1.0
GC_00002492	3	3	1	0	1.0	1.0	1.0	1.0	1.0	1.0
GC_00002493	3	3	1	0	1.0	1.0	1.0	1.0	1.0	1.0
GC_00002494	3	3	1	0	1.0	1.0	1.0	1.0	1.0	1.0
GC_00002495	3	3	1	0	1.0	1.0	1.0	1.0	1.0	1.0
GC_00002496	3	3	1	0	1.0	1.0	1.0	1.0	1.0	1.0
GC_00002497	3	3	1	0	1.0	1.0	1.0	1.0	1.0	1.0
GC_00002498	3	3	1	0	1.0	1.0	1.0	1.0	1.0	1.0
GC_00002499	3	3	1	0	1.0	1.0	1.0	1.0	1.0	1.0
GC_00002500	3	3	1	0	1.0	1.0	1.0	1.0	1.0	1.0
GC_00002501	2	3	2	0	1.0	1.0	1.0	1.0	1.0	1.0
GC_00002502	3	3	1	0	1.0	1.0	1.0	1.0	1.0	1.0
GC_00002503	3	3	1	0	0.945679012345679	0.631722749496689	0.757456927298685	0.131147540983607	1.0	0.420765027322404
GC_00002504	3	3	1	0	0.995833333333333	1.0	0.997912317327766	0.99375	1.0	0.995833333333333
GC_00002505	3	3	1	0	0.997635933806147	1.0	0.998816568047337	0.99645390070922	1.0	0.997635933806147
GC_00002506	3	3	1	0	0.980184005661713	1.0	0.989992852037169	0.961783439490446	1.0	0.974522292993631
GC_00002507	3	3	1	0	0.984126984126984	1.0	0.992	0.964285714285714	1.0	0.976190476190476
GC_00002508	3	3	1	0	0.988425925925926	1.0	0.994179278230501	0.96875	1.0	0.979166666666667
GC_00002509	2	3	2	0	0.997132616487455	1.0	0.998564249820531	0.987096774193548	1.0	0.991397849462366
GC_00002510	3	3	1	0	0.990178023327195	1.0	0.995064774830352	0.98158379373849	1.0	0.987722529158993
GC_00002511	2	3	2	0	0.986449864498645	1.0	0.993178717598909	0.963414634146341	1.0	0.975609756097561
GC_00002512	2	3	2	0	0.923937360178971	0.993333333333333	0.95737944660957	0.85	1.0	0.9
GC_00002513	3	3	1	0	0.994138022915001	1.0	0.997060395510422	0.988009592326139	1.0	0.992006394884093
GC_00002514	3	3	1	0	0.950229207596595	0.959745762711864	0.954963776775149	0.847457627118644	1.0	0.898305084745763
GC_00002515	3	3	1	0	0.853264009243212	0.640765082574992	0.73190245937664	0.350724637681159	1.0	0.567149758454106
GC_00002516	3	3	1	0	0.977866312527667	1.0	0.988809310653536	0.952191235059761	1.0	0.968127490039841
GC_00002517	3	3	1	0	0.883388338833883	1.0	0.938084112149533	0.772277227722772	1.0	0.848184818481848
GC_00002518	3	3	1	0	0.999520038396928	1.0	0.999759961593855	0.997840172786177	1.0	0.998560115190785
GC_00002519	3	3	1	0	0.997635933806147	1.0	0.998816568047337	0.98936170212766	1.0	0.99290780141844
GC_00002520	3	3	1	0	0.808618504435995	0.650708837075416	0.721120192422701	0.300518134715026	0.963730569948187	0.521588946459413
GC_00002521	3	3	1	0	0.998778998778999	1.0	0.999389126450825	0.994505494505495	1.0	0.996336996336996
GC_00002522	3	3	1	0	0.995226730310263	0.979234607892493	0.987165905113733	0.97196261682243	1.0	0.981308411214953
GC_00002523	2	3	2	0	0.818518518518519	0.789245915828194	0.803615733710369	0.481012658227848	1.0	0.654008438818565
GC_00002524	3	3	1	0	0.973386560212907	1.0	0.986513823331086	0.952095808383233	1.0	0.968063872255489
GC_00002525	2	3	2	0	0.798152096659559	0.977240566037735	0.878663771808976	0.5625	1.0	0.708333333333333
GC_00002526	3	3	1	0	0.998381877022654	1.0	0.99919028340081	0.997572815533981	1.0	0.998381877022654
GC_00002527	3	3	1	0	0.995098039215686	1.0	0.997542997542998	0.992647058823529	1.0	0.995098039215686
GC_00002528	3	3	1	0	0.917261904761905	0.987752562465207	0.951203061674464	0.825396825396825	1.0	0.883597883597884
GC_00002529	3	3	1	0	0.982456140350877	1.0	0.991150442477876	0.973684210526316	1.0	0.982456140350877
GC_00002530	3	3	1	0	0.993710691823899	1.0	0.996845425867508	0.990566037735849	1.0	0.993710691823899
GC_00002531	3	3	1	0	0.84156378600823	0.981984987489575	0.906367864556562	0.654545454545455	1.0	0.76969696969697
GC_00002532	3	3	1	0	0.978419364246136	1.0	0.989091981132075	0.960629921259842	1.0	0.973753280839895
GC_00002533	3	3	1	0	0.990267639902676	0.992753623188406	0.9915090732887	0.963768115942029	1.0	0.975845410628019
GC_00002534	3	3	1	0	0.974747474747475	0.985149440766095	0.979920854035335	0.947761194029851	1.0	0.965174129353234
GC_00002535	3	3	1	0	0.999354005167959	1.0	0.99967689822294	0.997093023255814	1.0	0.998062015503876
GC_00002536	3	3	1	0	0.99304897314376	0.903009295321183	0.945891240129418	0.829516539440204	1.0	0.886344359626802
GC_00002537	3	3	1	0	0.955555555555556	1.0	0.977272727272727	0.925	1.0	0.95
GC_00002538	3	3	1	0	0.993019197207679	1.0	0.996497373029772	0.984293193717278	1.0	0.989528795811518
GC_00002539	3	3	1	0	0.958288385472851	1.0	0.978699963275799	0.922330097087379	1.0	0.948220064724919
GC_00002540	3	3	1	0	0.994832041343669	1.0	0.99740932642487	0.992248062015504	1.0	0.994832041343669
GC_00002541	3	3	1	0	0.997091332169866	1.0	0.998543547917274	0.992146596858639	1.0	0.994764397905759
GC_00002542	3	3	1	0	0.984166666666667	0.966982872200261	0.975499100504358	0.923913043478261	1.0	0.94927536231884
GC_00002543	3	3	1	0	0.994490358126722	1.0	0.997237569060773	0.991735537190083	1.0	0.994490358126722
GC_00002544	2	3	2	0	0.991940126655153	1.0	0.995953757225433	0.984455958549223	1.0	0.989637305699482
GC_00002545	3	3	1	0	0.996814018319395	1.0	0.998404467491025	0.992831541218638	1.0	0.995221027479092
GC_00002546	3	3	1	0	0.994047619047619	1.0	0.997014925373134	0.991071428571429	1.0	0.994047619047619
GC_00002547	3	3	1	0	0.989247311827957	1.0	0.994594594594595	0.983870967741935	1.0	0.989247311827957
GC_00002548	3	3	1	0	0.974683544303797	1.0	0.987179487179487	0.962025316455696	1.0	0.974683544303797
GC_00002549	3	3	1	0	0.991614255765199	1.0	0.995789473684211	0.987421383647799	1.0	0.991614255765199
GC_00002550	3	3	1	0	0.843636363636364	0.921691792294806	0.880938435647305	0.63	1.0	0.753333333333333
GC_00002551	3	3	1	0	0.98079561042524	1.0	0.990304709141274	0.962962962962963	1.0	0.975308641975309
GC_00002552	2	3	2	0	0.994633838383838	1.0	0.997309700902042	0.990056818181818	1.0	0.993371212121212
GC_00002553	3	3	1	0	0.794270833333333	0.959312223357167	0.869024955693594	0.539325842696629	1.0	0.692883895131086
GC_00002554	3	3	1	0	0.726495726495726	0.955261071469023	0.825319198292927	0.477064220183486	1.0	0.651376146788991
GC_00002555	3	3	1	0	0.994791666666667	1.0	0.997389033942559	0.9921875	1.0	0.994791666666667
GC_00002556	3	3	1	0	0.978913219789132	1.0	0.989344262295082	0.948905109489051	1.0	0.965936739659367
GC_00002557	2	3	2	0	0.996825396825397	1.0	0.998410174880763	0.985714285714286	1.0	0.990476190476191
GC_00002558	3	3	1	0	0.971902937420179	1.0	0.985751295336788	0.942528735632184	1.0	0.961685823754789
GC_00002559	3	3	1	0	0.982608695652174	1.0	0.991228070175439	0.973913043478261	1.0	0.982608695652174
GC_00002560	3	3	1	0	0.901960784313726	0.765019379844961	0.827865255623372	0.418604651162791	1.0	0.612403100775194
GC_00002561	2	3	2	0	0.989159891598916	1.0	0.994550408719346	0.975609756097561	1.0	0.983739837398374
GC_00002562	3	3	1	0	0.943502824858757	1.0	0.97093023255814	0.915254237288136	1.0	0.943502824858757
GC_00002563	3	3	1	0	0.975609756097561	1.0	0.987654320987654	0.963414634146341	1.0	0.975609756097561
GC_00002564	3	3	1	0	0.98079561042524	1.0	0.990304709141274	0.962962962962963	1.0	0.975308641975309
GC_00002565	3	3	1	0	0.987325728770596	0.86718700425154	0.923364963429261	0.747572815533981	1.0	0.831715210355987
GC_00002566	3	3	1	0	0.971282051282051	1.0	0.985431841831426	0.950769230769231	1.0	0.967179487179487
GC_00002567	3	3	1	0	0.997481901164621	1.0	0.998739363378506	0.994334277620397	1.0	0.996222851746931
GC_00002568	3	3	1	0	0.993019197207679	1.0	0.996497373029772	0.989528795811518	1.0	0.993019197207679
GC_00002569	3	3	1	0	0.99872040946897	1.0	0.999359795134443	0.998080614203455	1.0	0.99872040946897
GC_00002570	3	3	1	0	0.988215488215488	1.0	0.994072819644369	0.977272727272727	1.0	0.984848484848485
GC_00002571	3	3	1	0	0.990892531876138	1.0	0.995425434583715	0.975409836065574	1.0	0.983606557377049
GC_00002572	2	3	2	0	0.956284153005464	1.0	0.977653631284916	0.901639344262295	1.0	0.934426229508197
GC_00002573	3	3	1	0	0.994623655913978	1.0	0.997304582210243	0.987903225806452	1.0	0.991935483870968
GC_00002574	3	3	1	0	1.0	0.847252747252748	0.917311124330756	0.828571428571429	1.0	0.885714285714286
GC_00002575	3	3	1	0	0.998501872659176	1.0	0.999250374812594	0.997752808988764	1.0	0.998501872659176
GC_00002576	3	3	1	0	0.997693194925029	1.0	0.998845265588915	0.996539792387543	1.0	0.997693194925029
GC_00002577	3	3	1	0	0.973544973544973	1.0	0.986595174262735	0.944444444444444	1.0	0.962962962962963
GC_00002578	3	3	1	0	0.997799779977998	1.0	0.998898678414097	0.995049504950495	1.0	0.996699669966997
GC_00002579	3	3	1	0	0.820662768031189	0.896577380952381	0.856942083076785	0.5625	1.0	0.708333333333333
GC_00002580	3	3	1	0	0.981529581529581	1.0	0.99067870667055	0.963636363636364	1.0	0.975757575757576
GC_00002581	3	3	1	0	0.903985507246377	0.959194553805776	0.930772063737542	0.8359375	0.8671875	0.848958333333333
GC_00002582	3	3	1	0	0.971662938105891	1.0	0.985627836611195	0.939597315436242	0.996644295302013	0.959731543624161
GC_00002583	3	3	1	0	0.996	0.830674416687276	0.905855703087967	0.698717948717949	0.993589743589744	0.798076923076923
GC_00002584	2	3	2	0	0.88023088023088	1.0	0.936300844205679	0.818181818181818	0.896103896103896	0.857142857142857
GC_00002585	3	3	1	0	0.941129673826571	0.880091329502139	0.909587649558252	0.711180124223602	0.900621118012422	0.799171842650103
GC_00002586	3	3	1	0	0.995838535164378	1.0	0.99791492910759	0.99250936329588	0.99250936329588	0.99250936329588
GC_00002587	2	3	2	0	0.962121212121212	1.0	0.980694980694981	0.924242424242424	0.962121212121212	0.946969696969697
GC_00002588	3	3	1	0	0.959660297239915	1.0	0.979414951245937	0.936305732484076	0.968152866242038	0.951167728237792
GC_00002589	3	3	1	0	0.977534911961142	0.99457508983928	0.985981382374405	0.96195652173913	0.97554347826087	0.969202898550725
GC_00002590	3	3	1	0	0.989567031820553	1.0	0.994756161510226	0.985915492957746	0.990610328638498	0.987480438184663
GC_00002591	3	3	1	0	0.988888888888889	1.0	0.994413407821229	0.983333333333333	0.991666666666667	0.988888888888889
GC_00002592	2	3	2	0	0.865546218487395	0.565189431065787	0.683840617154972	0.208955223880597	0.490049751243781	0.348258706467662
GC_00002593	3	3	1	0	0.884393063583815	0.977595947788818	0.928661844867409	0.779661016949153	0.932203389830508	0.84180790960452
GC_00002594	2	3	2	0	0.804123711340206	0.700868523510033	0.74895402811497	0.330188679245283	0.792452830188679	0.547169811320755
GC_00002595	3	3	1	0	0.985663082437276	0.829118250170882	0.900638810290084	0.779220779220779	0.987012987012987	0.852813852813853
GC_00002596	3	3	1	0	0.736009732360097	0.972088766872569	0.837734818521938	0.5	0.978723404255319	0.663120567375886
GC_00002597	2	3	2	0	0.818238993710692	0.670359063137253	0.736953703147682	0.113526570048309	0.717391304347826	0.326086956521739
GC_00002598	3	3	1	0	0.9156223893066	1.0	0.955952900130833	0.868421052631579	0.928571428571429	0.892230576441103
GC_00002599	3	3	1	0	0.825825825825826	1.0	0.904605263157895	0.702702702702703	0.986486486486487	0.801801801801802
GC_00002600	3	3	1	0	0.948498344181797	0.989362631952145	0.968499628981736	0.8978139298424	0.998983223182511	0.931537027622437
GC_00002601	3	3	1	0	0.946284032376748	0.996699669966999	0.970837770411812	0.930693069306931	0.95049504950495	0.940594059405941
GC_00002602	1	3	3	0	0.601468624833111	0.973686748700455	0.743599062796335	0.487329434697856	0.516569200779727	0.500324886289799
GC_00002603	3	3	1	0	0.721649484536082	1.0	0.838323353293413	0.484536082474227	0.989690721649485	0.652920962199313
GC_00002604	3	3	1	0	0.983183183183183	1.0	0.991520290732889	0.967567567567568	0.989189189189189	0.978378378378378
GC_00002605	3	3	1	0	0.975715524718127	0.998268398268402	0.986863127590553	0.958441558441558	0.979220779220779	0.967099567099567
GC_00002606	2	3	2	0	0.970423661071143	1.0	0.98498985801217	0.942446043165468	0.992805755395683	0.959232613908873
GC_00002607	3	3	1	0	0.981258366800535	1.0	0.990540540540541	0.963855421686747	0.987951807228916	0.975903614457831
GC_00002608	3	3	1	0	0.858823529411765	0.948063443018299	0.901239761714824	0.701298701298701	0.998144712430427	0.800865800865801
GC_00002609	3	3	1	0	0.992337164750958	1.0	0.996153846153846	0.988505747126437	0.994252873563218	0.992337164750958
GC_00002610	3	3	1	0	0.824289405684755	0.638864397813436	0.719827476137832	0.242990654205607	0.878504672897196	0.489096573208723
GC_00002611	2	3	2	0	0.924493554327808	0.519485798177604	0.665191328597244	0.00903614457831325	0.590361445783133	0.329317269076305
GC_00002612	3	3	1	0	0.923160173160173	0.873427337036509	0.897605407056605	0.756302521008403	0.840336134453782	0.784313725490196
GC_00002613	3	3	1	0	0.962013295346629	0.991549465079939	0.976558099615346	0.936440677966102	0.961864406779661	0.949152542372881
GC_00002614	2	3	2	0	0.581094527363184	0.848370927318297	0.689745528895682	0.253731343283582	0.552238805970149	0.440298507462687
GC_00002615	3	3	1	0	0.758454106280193	0.664303959131545	0.708263868426148	0.227586206896552	0.606896551724138	0.360919540229885
GC_00002616	3	3	1	0	0.920852359208524	0.973693693693693	0.946536119943638	0.84	0.933333333333333	0.884444444444444
GC_00002617	3	3	1	0	0.975034590627444	1.0	0.987359507782279	0.963183540877098	0.975636166756903	0.968778198881068
GC_00002618	3	3	1	0	0.985054080629302	1.0	0.992470774717654	0.969911504424779	0.987610619469027	0.976401179941003
GC_00002619	3	3	1	0	0.980582524271845	1.0	0.990196078431373	0.951456310679612	0.990291262135922	0.967637540453074
GC_00002620	3	3	1	0	0.944307944307944	0.950523654749008	0.947405604676251	0.839160839160839	0.993006993006993	0.892773892773893
GC_00002621	3	3	1	0	0.989316239316239	1.0	0.994629430719656	0.980769230769231	0.995192307692308	0.987179487179487
GC_00002622	2	3	2	0	0.975609756097561	1.0	0.987654320987654	0.960975609756098	0.980487804878049	0.972357723577236
GC_00002623	3	3	1	0	0.997175141242938	0.743126177024481	0.85160764145539	0.483333333333333	0.983333333333333	0.65
GC_00002624	3	3	1	0	0.982905982905983	1.0	0.991379310344828	0.953846153846154	0.984615384615385	0.969230769230769
GC_00002625	3	3	1	0	0.976608187134503	1.0	0.988165680473373	0.960526315789474	0.993421052631579	0.973684210526316
GC_00002626	3	3	1	0	0.987368421052632	1.0	0.99364406779661	0.978947368421053	0.993684210526316	0.984561403508772
GC_00002627	3	3	1	0	0.939814814814815	1.0	0.968973747016706	0.910714285714286	0.952380952380952	0.930555555555556
GC_00002628	3	3	1	0	0.988385598141696	1.0	0.994158878504673	0.986062717770035	0.989547038327526	0.988385598141696
GC_00002629	3	3	1	0	0.863799283154122	0.624611513985495	0.724986648937714	0.210300429184549	0.987124463519313	0.470672389127325
GC_00002630	3	3	1	0	0.933387933387933	1.0	0.965546455803445	0.896805896805897	0.931203931203931	0.918099918099918
GC_00002631	3	3	1	0	0.514819326025173	0.641809868546394	0.571343219611105	0.146206896551724	0.28551724137931	0.198620689655172
GC_00002632	2	3	2	0	0.880482456140351	0.586817681727081	0.704263102523239	0.142690058479532	0.739181286549708	0.346198830409357
GC_00002633	2	3	2	0	0.833663366336634	0.898382678524522	0.864813877505562	0.587301587301587	0.804232804232804	0.700176366843034
GC_00002634	3	3	1	0	0.968106995884774	1.0	0.98379508625196	0.944444444444444	0.972222222222222	0.953703703703704
GC_00002635	2	3	2	0	0.975723622782446	0.983562901744721	0.97962757943877	0.942148760330578	0.991735537190083	0.961432506887052
GC_00002636	3	3	1	0	0.955555555555556	1.0	0.977272727272727	0.923076923076923	0.984615384615385	0.948717948717949
GC_00002637	2	3	2	0	0.939153439153439	0.524147797345963	0.672800916480825	0.0729613733905579	0.575107296137339	0.347639484978541
GC_00002638	2	3	2	0	0.926253687315634	0.805234227582246	0.861514730808619	0.598326359832636	0.803347280334728	0.708507670850767
GC_00002639	2	3	2	0	0.793916023993145	0.560612444181118	0.657172164547068	0.0282051282051282	0.57051282051282	0.263675213675214
GC_00002640	3	3	1	0	0.976495726495726	1.0	0.988108108108108	0.961538461538462	0.980769230769231	0.967948717948718
GC_00002641	2	3	2	0	0.855256207078711	0.92601823943118	0.88923169441225	0.692982456140351	0.982456140350877	0.789473684210526
GC_00002642	3	3	1	0	0.945751633986928	0.937073027982119	0.941392329599448	0.793956043956044	0.898351648351648	0.851648351648352
GC_00002643	3	3	1	0	0.971202303815695	0.989343810311554	0.980189122731356	0.923076923076923	0.993589743589744	0.948717948717949
GC_00002644	2	3	2	0	0.913291268064319	0.962697572198381	0.937343834467993	0.807285546415981	0.99529964747356	0.869956913435174
GC_00002645	3	3	1	0	0.975757575757576	1.0	0.987730061349693	0.963636363636364	0.981818181818182	0.975757575757576
GC_00002646	3	3	1	0	0.980233602875112	1.0	0.990018148820327	0.964959568733154	0.997304582210243	0.976639712488769
GC_00002647	3	3	1	0	0.987301587301587	1.0	0.993610223642173	0.979220779220779	0.984415584415584	0.982683982683983
GC_00002648	3	3	1	0	0.863117870722434	0.985103847463399	0.920085211527197	0.707865168539326	0.98876404494382	0.805243445692884
GC_00002649	3	3	1	0	0.748626373626374	0.959700524917915	0.841123703371811	0.505928853754941	0.980237154150198	0.666666666666667
GC_00002650	3	3	1	0	0.963824289405685	1.0	0.981578947368421	0.930232558139535	0.992248062015504	0.953488372093023
GC_00002651	3	3	1	0	0.952020202020202	0.988764044943821	0.970044297597989	0.921348314606742	0.966292134831461	0.940074906367041
GC_00002652	3	3	1	0	0.996799268404207	1.0	0.998397068926036	0.993827160493827	0.997942386831276	0.995884773662551
GC_00002653	3	3	1	0	0.987919651636466	0.981605351170567	0.984752379574568	0.962779156327543	0.993796526054591	0.973531844499587
GC_00002654	3	3	1	0	0.921161825726141	0.936851171857291	0.928940257171678	0.784883720930233	0.895348837209302	0.848837209302326
GC_00002655	3	3	1	0	0.879104153076756	0.975570329718446	0.924828519969073	0.75763358778626	0.982824427480916	0.834605597964377
GC_00002656	3	3	1	0	0.7776008492569	0.824136224136225	0.800192539009073	0.473076923076923	0.819230769230769	0.601282051282051
GC_00002657	3	3	1	0	0.979821497865735	0.848522637905852	0.909457585997653	0.802898550724638	0.968115942028986	0.866666666666667
GC_00002658	3	3	1	0	0.842525979216627	1.0	0.914533622559653	0.748201438848921	0.805755395683453	0.781774580335731
GC_00002659	2	3	2	0	0.843416370106762	0.557211024583904	0.671071980341807	0.283783783783784	0.432432432432432	0.351351351351351
GC_00002660	2	3	2	0	0.753561253561254	0.538998881541511	0.628471607334915	0.154867256637168	0.446902654867257	0.294985250737463
GC_00002661	3	3	1	0	0.989029535864979	0.881057268722468	0.931926431882699	0.789010989010989	0.991208791208791	0.857142857142857
GC_00002662	3	3	1	0	0.942028985507246	0.989247311827957	0.965060921487937	0.870967741935484	0.919354838709677	0.903225806451613
GC_00002663	3	3	1	0	0.959967320261438	0.812747768697539	0.880244436823987	0.741379310344828	0.936781609195402	0.806513409961686
GC_00002664	3	3	1	0	0.982670744138634	1.0	0.991259640102828	0.972477064220184	0.986238532110092	0.978593272171254
GC_00002665	3	3	1	0	0.909514304723886	0.988212642058797	0.947231671642997	0.834319526627219	0.958579881656805	0.889546351084813
GC_00002666	2	3	2	0	0.811287477954145	1.0	0.895813047711782	0.738095238095238	0.817460317460317	0.772486772486772
GC_00002667	3	3	1	0	0.72663668165917	0.974756605561069	0.832604560756758	0.501565435190983	0.947401377582968	0.650803590064705
GC_00002668	3	3	1	0	0.845136921624174	0.881384289723809	0.862880108844438	0.613670133729569	0.956909361069837	0.728578504210005
GC_00002669	1	2	2	0	1.0	1.0	1.0	1.0	1.0	1.0
GC_00002670	1	2	2	0	1.0	1.0	1.0	1.0	1.0	1.0
GC_00002671	2	2	1	0	1.0	1.0	1.0	1.0	1.0	1.0
GC_00002672	2	2	1	0	1.0	1.0	1.0	1.0	1.0	1.0
GC_00002673	2	2	1	0	1.0	1.0	1.0	1.0	1.0	1.0
GC_00002674	1	2	2	0	1.0	1.0	1.0	1.0	1.0	1.0
GC_00002675	2	2	1	0	1.0	1.0	1.0	1.0	1.0	1.0
GC_00002676	1	2	2	0	1.0	1.0	1.0	1.0	1.0	1.0
GC_00002677	2	2	1	0	1.0	1.0	1.0	1.0	1.0	1.0
GC_00002678	1	2	2	0	1.0	1.0	1.0	1.0	1.0	1.0
GC_00002679	1	2	2	0	1.0	1.0	1.0	1.0	1.0	1.0
GC_00002680	2	2	1	0	1.0	1.0	1.0	1.0	1.0	1.0
GC_00002681	1	2	2	0	1.0	1.0	1.0	1.0	1.0	1.0
GC_00002682	2	2	1	0	1.0	1.0	1.0	1.0	1.0	1.0
GC_00002683	1	2	2	0	1.0	1.0	1.0	1.0	1.0	1.0
GC_00002684	1	2	2	0	1.0	1.0	1.0	1.0	1.0	1.0
GC_00002685	1	2	2	0	1.0	1.0	1.0	1.0	1.0	1.0
GC_00002686	1	2	2	0	1.0	1.0	1.0	1.0	1.0	1.0
GC_00002687	2	2	1	0	1.0	1.0	1.0	1.0	1.0	1.0
GC_00002688	2	2	1	0	1.0	1.0	1.0	1.0	1.0	1.0
GC_00002689	2	2	1	0	1.0	1.0	1.0	1.0	1.0	1.0
GC_00002690	2	2	1	0	1.0	1.0	1.0	1.0	1.0	1.0
GC_00002691	2	2	1	0	1.0	1.0	1.0	1.0	1.0	1.0
GC_00002692	2	2	1	0	1.0	1.0	1.0	1.0	1.0	1.0
GC_00002693	2	2	1	0	1.0	1.0	1.0	1.0	1.0	1.0
GC_00002694	1	2	2	0	1.0	1.0	1.0	1.0	1.0	1.0
GC_00002695	1	2	2	0	1.0	1.0	1.0	1.0	1.0	1.0
GC_00002696	2	2	1	0	1.0	1.0	1.0	1.0	1.0	1.0
GC_00002697	2	2	1	0	1.0	1.0	1.0	1.0	1.0	1.0
GC_00002698	1	2	2	0	1.0	1.0	1.0	1.0	1.0	1.0
GC_00002699	2	2	1	0	1.0	1.0	1.0	1.0	1.0	1.0
GC_00002700	2	2	1	0	1.0	1.0	1.0	1.0	1.0	1.0
GC_00002701	1	2	2	0	1.0	1.0	1.0	1.0	1.0	1.0
GC_00002702	2	2	1	0	1.0	1.0	1.0	1.0	1.0	1.0
GC_00002703	2	2	1	0	1.0	1.0	1.0	1.0	1.0	1.0
GC_00002704	1	2	2	0	1.0	1.0	1.0	1.0	1.0	1.0
GC_00002705	2	2	1	0	1.0	1.0	1.0	1.0	1.0	1.0
GC_00002706	2	2	1	0	1.0	1.0	1.0	1.0	1.0	1.0
GC_00002707	1	2	2	0	1.0	1.0	1.0	1.0	1.0	1.0
GC_00002708	1	2	2	0	1.0	1.0	1.0	1.0	1.0	1.0
GC_00002709	1	2	2	0	1.0	1.0	1.0	1.0	1.0	1.0
GC_00002710	2	2	1	0	1.0	1.0	1.0	1.0	1.0	1.0
GC_00002711	2	2	1	0	1.0	1.0	1.0	1.0	1.0	1.0
GC_00002712	2	2	1	0	1.0	1.0	1.0	1.0	1.0	1.0
GC_00002713	1	2	2	0	1.0	1.0	1.0	1.0	1.0	1.0
GC_00002714	2	2	1	0	1.0	1.0	1.0	1.0	1.0	1.0
GC_00002715	1	2	2	0	1.0	1.0	1.0	1.0	1.0	1.0
GC_00002716	2	2	1	0	1.0	1.0	1.0	1.0	1.0	1.0
GC_00002717	2	2	1	0	1.0	1.0	1.0	1.0	1.0	1.0
GC_00002718	1	2	2	0	1.0	1.0	1.0	1.0	1.0	1.0
GC_00002719	2	2	1	0	1.0	1.0	1.0	1.0	1.0	1.0
GC_00002720	2	2	1	0	1.0	1.0	1.0	1.0	1.0	1.0
GC_00002721	1	2	2	0	1.0	1.0	1.0	1.0	1.0	1.0
GC_00002722	2	2	1	0	1.0	1.0	1.0	1.0	1.0	1.0
GC_00002723	1	2	2	0	1.0	1.0	1.0	1.0	1.0	1.0
GC_00002724	2	2	1	0	1.0	1.0	1.0	1.0	1.0	1.0
GC_00002725	1	2	2	0	1.0	1.0	1.0	1.0	1.0	1.0
GC_00002726	2	2	1	0	1.0	1.0	1.0	1.0	1.0	1.0
GC_00002727	1	2	2	0	1.0	1.0	1.0	1.0	1.0	1.0
GC_00002728	1	2	2	0	1.0	1.0	1.0	1.0	1.0	1.0
GC_00002729	1	2	2	0	1.0	1.0	1.0	1.0	1.0	1.0
GC_00002730	1	2	2	0	1.0	1.0	1.0	1.0	1.0	1.0
GC_00002731	2	2	1	0	1.0	1.0	1.0	1.0	1.0	1.0
GC_00002732	1	2	2	0	1.0	1.0	1.0	1.0	1.0	1.0
GC_00002733	1	2	2	0	1.0	1.0	1.0	1.0	1.0	1.0
GC_00002734	2	2	1	0	1.0	1.0	1.0	1.0	1.0	1.0
GC_00002735	1	2	2	0	1.0	1.0	1.0	1.0	1.0	1.0
GC_00002736	2	2	1	0	1.0	1.0	1.0	1.0	1.0	1.0
GC_00002737	1	2	2	0	1.0	1.0	1.0	1.0	1.0	1.0
GC_00002738	2	2	1	0	1.0	1.0	1.0	1.0	1.0	1.0
GC_00002739	2	2	1	0	1.0	1.0	1.0	1.0	1.0	1.0
GC_00002740	2	2	1	0	1.0	1.0	1.0	1.0	1.0	1.0
GC_00002741	2	2	1	0	1.0	1.0	1.0	1.0	1.0	1.0
GC_00002742	1	2	2	0	1.0	1.0	1.0	1.0	1.0	1.0
GC_00002743	2	2	1	0	1.0	1.0	1.0	1.0	1.0	1.0
GC_00002744	1	2	2	0	1.0	1.0	1.0	1.0	1.0	1.0
GC_00002745	1	2	2	0	1.0	1.0	1.0	1.0	1.0	1.0
GC_00002746	1	2	2	0	1.0	1.0	1.0	1.0	1.0	1.0
GC_00002747	2	2	1	0	1.0	1.0	1.0	1.0	1.0	1.0
GC_00002748	2	2	1	0	1.0	1.0	1.0	1.0	1.0	1.0
GC_00002749	2	2	1	0	1.0	1.0	1.0	1.0	1.0	1.0
GC_00002750	2	2	1	0	1.0	1.0	1.0	1.0	1.0	1.0
GC_00002751	2	2	1	0	1.0	1.0	1.0	1.0	1.0	1.0
GC_00002752	2	2	1	0	1.0	1.0	1.0	1.0	1.0	1.0
GC_00002753	2	2	1	0	1.0	1.0	1.0	1.0	1.0	1.0
GC_00002754	1	2	2	0	1.0	1.0	1.0	1.0	1.0	1.0
GC_00002755	2	2	1	0	1.0	1.0	1.0	1.0	1.0	1.0
GC_00002756	2	2	1	0	1.0	1.0	1.0	1.0	1.0	1.0
GC_00002757	2	2	1	0	1.0	1.0	1.0	1.0	1.0	1.0
GC_00002758	2	2	1	0	1.0	1.0	1.0	1.0	1.0	1.0
GC_00002759	2	2	1	0	1.0	1.0	1.0	1.0	1.0	1.0
GC_00002760	1	2	2	0	1.0	1.0	1.0	1.0	1.0	1.0
GC_00002761	1	2	2	0	1.0	1.0	1.0	1.0	1.0	1.0
GC_00002762	2	2	1	0	1.0	1.0	1.0	1.0	1.0	1.0
GC_00002763	2	2	1	0	1.0	1.0	1.0	1.0	1.0	1.0
GC_00002764	2	2	1	0	1.0	1.0	1.0	1.0	1.0	1.0
GC_00002765	2	2	1	0	1.0	1.0	1.0	1.0	1.0	1.0
GC_00002766	1	2	2	0	1.0	1.0	1.0	1.0	1.0	1.0
GC_00002767	1	2	2	0	1.0	1.0	1.0	1.0	1.0	1.0
GC_00002768	2	2	1	0	1.0	1.0	1.0	1.0	1.0	1.0
GC_00002769	2	2	1	0	1.0	1.0	1.0	1.0	1.0	1.0
GC_00002770	1	2	2	0	1.0	1.0	1.0	1.0	1.0	1.0
GC_00002771	1	2	2	0	1.0	1.0	1.0	1.0	1.0	1.0
GC_00002772	1	2	2	0	1.0	1.0	1.0	1.0	1.0	1.0
GC_00002773	2	2	1	0	1.0	1.0	1.0	1.0	1.0	1.0
GC_00002774	2	2	1	0	1.0	1.0	1.0	1.0	1.0	1.0
GC_00002775	2	2	1	0	1.0	1.0	1.0	1.0	1.0	1.0
GC_00002776	2	2	1	0	1.0	1.0	1.0	1.0	1.0	1.0
GC_00002777	1	2	2	0	1.0	1.0	1.0	1.0	1.0	1.0
GC_00002778	2	2	1	0	1.0	1.0	1.0	1.0	1.0	1.0
GC_00002779	2	2	1	0	1.0	1.0	1.0	1.0	1.0	1.0
GC_00002780	2	2	1	0	1.0	1.0	1.0	1.0	1.0	1.0
GC_00002781	1	2	2	0	1.0	1.0	1.0	1.0	1.0	1.0
GC_00002782	1	2	2	0	1.0	1.0	1.0	1.0	1.0	1.0
GC_00002783	2	2	1	0	1.0	1.0	1.0	1.0	1.0	1.0
GC_00002784	2	2	1	0	1.0	1.0	1.0	1.0	1.0	1.0
GC_00002785	2	2	1	0	1.0	1.0	1.0	1.0	1.0	1.0
GC_00002786	1	2	2	0	1.0	1.0	1.0	1.0	1.0	1.0
GC_00002787	2	2	1	0	1.0	1.0	1.0	1.0	1.0	1.0
GC_00002788	1	2	2	0	1.0	1.0	1.0	1.0	1.0	1.0
GC_00002789	1	2	2	0	0.988888888888889	0.986376637061564	0.98763116536489	0.975342465753425	0.975342465753425	0.975342465753425
GC_00002790	1	2	2	0	0.965303593556382	0.971485376445352	0.96838461958954	0.935018050541516	0.935018050541516	0.935018050541516
GC_00002791	2	2	1	0	0.991545893719807	0.617836649526792	0.761302395628167	0.480633802816901	0.480633802816901	0.480633802816901
GC_00002792	2	2	1	0	0.991194968553459	1.0	0.99557801642451	0.988679245283019	0.988679245283019	0.988679245283019
GC_00002793	1	2	2	0	0.814285714285714	0.791011235955056	0.802479752024798	0.611111111111111	0.611111111111111	0.611111111111111
GC_00002794	2	2	1	0	0.996923076923077	1.0	0.998459167950693	0.996923076923077	0.996923076923077	0.996923076923077
GC_00002795	2	2	1	0	0.65296803652968	0.804932211313698	0.721030134041741	0.440860215053763	0.440860215053763	0.440860215053763
GC_00002796	2	2	1	0	0.967741935483871	1.0	0.983606557377049	0.967741935483871	0.967741935483871	0.967741935483871
GC_00002797	2	2	1	0	0.981519507186858	1.0	0.990673575129534	0.981519507186858	0.981519507186858	0.981519507186858
GC_00002798	2	2	1	0	0.974051896207585	0.976814585483316	0.975431284675691	0.947368421052632	0.947368421052632	0.947368421052632
GC_00002799	2	2	1	0	0.816666666666667	0.55640554875561	0.661870307640499	0.261627906976744	0.261627906976744	0.261627906976744
GC_00002800	2	2	1	0	0.919093851132686	0.972033443619782	0.944822660648244	0.877358490566038	0.877358490566038	0.877358490566038
GC_00002801	1	2	2	0	0.983443708609272	0.855624931536859	0.915092495712723	0.824022346368715	0.824022346368715	0.824022346368715
GC_00002802	2	2	1	0	0.999272197962154	1.0	0.999635966508919	0.997816593886463	0.997816593886463	0.997816593886463
GC_00002803	2	2	1	0	0.990196078431373	1.0	0.995073891625616	0.990196078431373	0.990196078431373	0.990196078431373
GC_00002804	2	2	1	0	0.932539682539683	0.613181818181819	0.739869863749026	0.4375	0.4375	0.4375
GC_00002805	1	2	2	0	0.8	0.694174757281553	0.743339831059129	0.461538461538462	0.461538461538462	0.461538461538462
GC_00002806	2	2	1	0	0.980916030534351	1.0	0.990366088631985	0.980916030534351	0.980916030534351	0.980916030534351
GC_00002807	2	2	1	0	0.72316384180791	1.0	0.839344262295082	0.677966101694915	0.677966101694915	0.677966101694915
GC_00002808	2	2	1	0	0.983589743589744	1.0	0.991726990692865	0.981538461538462	0.981538461538462	0.981538461538462
GC_00002809	2	2	1	0	0.910144927536232	0.991379310344828	0.949026925452371	0.879310344827586	0.879310344827586	0.879310344827586
GC_00002810	2	2	1	0	0.967592592592593	1.0	0.983529411764706	0.958333333333333	0.958333333333333	0.958333333333333
GC_00002811	2	2	1	0	0.858678955453149	1.0	0.92396694214876	0.834101382488479	0.834101382488479	0.834101382488479
GC_00002812	1	2	2	0	0.994708994708995	0.705449189985273	0.825472195358942	0.63265306122449	0.63265306122449	0.63265306122449
GC_00002813	2	2	1	0	0.925111925111925	0.992749338040599	0.957737943732887	0.903030303030303	0.903030303030303	0.903030303030303
GC_00002814	1	2	2	0	0.637931034482759	0.697443860487339	0.666361311853627	0.33695652173913	0.33695652173913	0.33695652173913
GC_00002815	2	2	1	0	0.973193473193473	0.631598491404361	0.766040138626449	0.497307001795332	0.497307001795332	0.497307001795332
GC_00002816	2	2	1	0	0.996012759170654	1.0	0.998002397123452	0.992822966507177	0.992822966507177	0.992822966507177
GC_00002817	2	2	1	0	0.71976401179941	0.692173112338858	0.705698982878947	0.408839779005525	0.408839779005525	0.408839779005525
GC_00002818	2	2	1	0	0.9921875	1.0	0.996078431372549	0.9921875	0.9921875	0.9921875
GC_00002819	2	2	1	0	0.589506172839506	1.0	0.741747572815534	0.527777777777778	0.527777777777778	0.527777777777778
GC_00002820	2	2	1	0	0.94017094017094	1.0	0.969162995594714	0.923076923076923	0.923076923076923	0.923076923076923
GC_00002821	2	2	1	0	0.924479166666667	1.0	0.960757780784844	0.8984375	0.8984375	0.8984375
GC_00002822	2	2	1	0	0.98292902066487	1.0	0.991391028545537	0.975741239892183	0.975741239892183	0.975741239892183
GC_00002823	2	2	1	0	0.990196078431373	1.0	0.995073891625616	0.985294117647059	0.985294117647059	0.985294117647059
GC_00002824	2	2	1	0	0.979487179487179	1.0	0.989637305699482	0.969230769230769	0.969230769230769	0.969230769230769
GC_00002825	2	2	1	0	0.601139601139601	0.967148760330579	0.741434336071669	0.504132231404959	0.504132231404959	0.504132231404959
GC_00002826	2	2	1	0	0.94839609483961	1.0	0.973514674302076	0.937238493723849	0.937238493723849	0.937238493723849
GC_00002827	2	2	1	0	0.978723404255319	1.0	0.989247311827957	0.978723404255319	0.978723404255319	0.978723404255319
GC_00002828	2	2	1	0	0.919093851132686	1.0	0.957841483979764	0.912621359223301	0.912621359223301	0.912621359223301
GC_00002829	2	2	1	0	0.910569105691057	1.0	0.953191489361702	0.878048780487805	0.878048780487805	0.878048780487805
GC_00002830	2	2	1	0	0.979020979020979	1.0	0.989399293286219	0.979020979020979	0.979020979020979	0.979020979020979
GC_00002831	2	2	1	0	0.984126984126984	1.0	0.992	0.976190476190476	0.976190476190476	0.976190476190476
GC_00002832	2	2	1	0	0.838006230529595	1.0	0.911864406779661	0.775700934579439	0.775700934579439	0.775700934579439
GC_00002833	2	2	1	0	0.998153277931671	0.74464591834271	0.852962023256748	0.719438877755511	0.719438877755511	0.719438877755511
GC_00002834	2	2	1	0	0.996389891696751	1.0	0.998191681735985	0.996389891696751	0.996389891696751	0.996389891696751
GC_00002835	2	2	1	0	0.914666666666667	1.0	0.955431754874652	0.8976	0.8976	0.8976
GC_00002836	2	2	1	0	0.927053140096618	0.991393781526508	0.958144536476219	0.903735632183908	0.903735632183908	0.903735632183908
GC_00002837	1	2	2	0	0.791666666666667	0.992016064257027	0.88058939771587	0.748	0.748	0.748
GC_00002838	2	2	1	0	0.964391691394659	0.998518518518512	0.981158443315197	0.957037037037037	0.957037037037037	0.957037037037037
GC_00002839	2	2	1	0	0.979002624671916	1.0	0.989389920424403	0.976377952755906	0.976377952755906	0.976377952755906
GC_00002840	2	2	1	0	0.945578231292517	1.0	0.972027972027972	0.928571428571429	0.928571428571429	0.928571428571429
GC_00002841	2	2	1	0	0.996615905245347	1.0	0.998305084745763	0.996615905245347	0.996615905245347	0.996615905245347
GC_00002842	2	2	1	0	0.976495726495726	1.0	0.988108108108108	0.967948717948718	0.967948717948718	0.967948717948718
GC_00002843	2	2	1	0	0.929166666666667	0.865872890711245	0.896403897409841	0.775401069518717	0.775401069518717	0.775401069518717
GC_00002844	2	2	1	0	0.728719172633254	0.940464553836847	0.821161314593209	0.618834080717489	0.618834080717489	0.618834080717489
GC_00002845	2	2	1	0	0.988795518207283	1.0	0.994366197183099	0.983193277310924	0.983193277310924	0.983193277310924
GC_00002846	2	2	1	0	0.985680190930788	1.0	0.992788461538462	0.98090692124105	0.98090692124105	0.98090692124105
GC_00002847	2	2	1	0	1.0	0.830754941514529	0.907554498612764	0.813688212927757	0.813688212927757	0.813688212927757
GC_00002848	2	2	1	0	0.894444444444444	0.866459627329192	0.880229664321687	0.757142857142857	0.757142857142857	0.757142857142857
GC_00002849	2	2	1	0	0.990990990990991	1.0	0.995475113122172	0.990990990990991	0.990990990990991	0.990990990990991
GC_00002850	2	2	1	0	0.986111111111111	1.0	0.993006993006993	0.975	0.975	0.975
GC_00002851	2	2	1	0	0.891666666666667	1.0	0.94273127753304	0.875	0.875	0.875
GC_00002852	2	2	1	0	1.0	0.997816593886461	0.998907103825136	0.997816593886463	0.997816593886463	0.997816593886463
GC_00002853	2	2	1	0	0.993181818181818	1.0	0.996579247434436	0.993181818181818	0.993181818181818	0.993181818181818
GC_00002854	2	2	1	0	0.984674329501916	1.0	0.992277992277992	0.984674329501916	0.984674329501916	0.984674329501916
GC_00002855	2	2	1	0	0.996987951807229	1.0	0.998491704374057	0.996987951807229	0.996987951807229	0.996987951807229
GC_00002856	2	2	1	0	0.977346278317152	1.0	0.988543371522095	0.970873786407767	0.970873786407767	0.970873786407767
GC_00002857	2	2	1	0	0.926940639269406	1.0	0.962085308056872	0.908675799086758	0.908675799086758	0.908675799086758
GC_00002858	2	2	1	0	0.983122362869198	1.0	0.991489361702128	0.974683544303797	0.974683544303797	0.974683544303797
GC_00002859	2	2	1	0	0.711382113821138	0.96484593837535	0.818950789248263	0.623529411764706	0.623529411764706	0.623529411764706
GC_00002860	1	2	2	0	0.937716262975779	1.0	0.967857142857143	0.923875432525952	0.923875432525952	0.923875432525952
GC_00002861	2	2	1	0	0.997821350762527	1.0	0.998909487459106	0.993464052287582	0.993464052287582	0.993464052287582
GC_00002862	2	2	1	0	0.9875	0.975834206194822	0.981632445028327	0.963414634146341	0.963414634146341	0.963414634146341
GC_00002863	2	2	1	0	0.985380116959064	1.0	0.992636229749632	0.982456140350877	0.982456140350877	0.982456140350877
GC_00002864	2	2	1	0	0.886010362694301	0.970229937566623	0.92620958478214	0.829145728643216	0.829145728643216	0.829145728643216
GC_00002865	2	2	1	0	0.90650406504065	0.877603187730245	0.891819542725955	0.76678445229682	0.76678445229682	0.76678445229682
GC_00002866	2	2	1	0	0.994949494949495	1.0	0.99746835443038	0.984848484848485	0.984848484848485	0.984848484848485
GC_00002867	2	2	1	0	0.921383647798742	0.924485125858125	0.922931781235259	0.843478260869565	0.843478260869565	0.843478260869565
GC_00002868	2	2	1	0	0.909420289855073	0.75535187007874	0.82525685275382	0.6328125	0.6328125	0.6328125
GC_00002869	2	2	1	0	0.989214694978092	0.993979960162996	0.991591602526806	0.979899497487437	0.979899497487437	0.979899497487437
GC_00002870	2	2	1	0	0.793650793650794	0.907433380084151	0.846736726387562	0.645161290322581	0.645161290322581	0.645161290322581
GC_00002871	2	2	1	0	0.940074906367041	1.0	0.969111969111969	0.932584269662921	0.932584269662921	0.932584269662921
GC_00002872	2	2	1	0	0.940359477124183	1.0	0.969263157894737	0.924019607843137	0.924019607843137	0.924019607843137
GC_00002873	2	2	1	0	0.972602739726027	0.633130699088146	0.766982411467423	0.50354609929078	0.50354609929078	0.50354609929078
GC_00002874	2	2	1	0	0.726881720430108	0.981133596710472	0.835083935830991	0.658227848101266	0.658227848101266	0.658227848101266
GC_00002875	2	2	1	0	0.892276422764228	1.0	0.943071965628357	0.871951219512195	0.871951219512195	0.871951219512195
GC_00002876	1	2	2	0	0.636473429951691	0.9857910906298	0.773523465142502	0.546428571428571	0.546428571428571	0.546428571428571
GC_00002877	2	2	1	0	0.988172043010753	1.0	0.994050838290968	0.983870967741935	0.983870967741935	0.983870967741935
GC_00002878	2	2	1	0	0.723577235772358	0.986659689466821	0.834883728934308	0.63903743315508	0.63903743315508	0.63903743315508
GC_00002879	2	2	1	0	0.96551724137931	0.983050847457627	0.974205158968206	0.949152542372881	0.949152542372881	0.949152542372881
GC_00002880	2	2	1	0	0.981159420289855	0.518344889915698	0.67832945625902	0.275061124694377	0.275061124694377	0.275061124694377
GC_00002881	2	2	1	0	0.988095238095238	1.0	0.994011976047904	0.982142857142857	0.982142857142857	0.982142857142857
GC_00002882	2	2	1	0	0.950310559006211	1.0	0.974522292993631	0.937888198757764	0.937888198757764	0.937888198757764
GC_00002883	1	2	2	0	0.970833333333333	0.819191919191919	0.888589499423949	0.77	0.77	0.77
GC_00002884	2	2	1	0	0.868217054263566	1.0	0.929460580912863	0.837209302325581	0.837209302325581	0.837209302325581
GC_00002885	2	2	1	0	0.957746478873239	0.997191011235958	0.977070811324956	0.938202247191011	0.938202247191011	0.938202247191011
GC_00002886	2	2	1	0	0.970649895178197	0.720825568721214	0.827288692805559	0.640167364016736	0.640167364016736	0.640167364016736
GC_00002887	2	2	1	0	0.759103641456583	1.0	0.863057324840764	0.697478991596639	0.697478991596639	0.697478991596639
GC_00002888	2	2	1	0	0.746724890829694	0.950881742738587	0.836527204239228	0.676348547717842	0.676348547717842	0.676348547717842
GC_00002889	2	2	1	0	0.714975845410628	0.98349168646081	0.828008527436328	0.617577197149644	0.617577197149644	0.617577197149644
GC_00002890	2	2	1	0	0.991561181434599	1.0	0.995762711864407	0.987341772151899	0.987341772151899	0.987341772151899
GC_00002891	2	2	1	0	0.733333333333333	0.793522267206478	0.762241470744211	0.512820512820513	0.512820512820513	0.512820512820513
GC_00002892	2	2	1	0	0.950617283950617	0.515917092279468	0.668841744122147	0.169154228855721	0.169154228855721	0.169154228855721
GC_00002893	2	2	1	0	0.991935483870968	1.0	0.995951417004049	0.991935483870968	0.991935483870968	0.991935483870968
GC_00002894	2	2	1	0	0.995614035087719	1.0	0.997802197802198	0.995614035087719	0.995614035087719	0.995614035087719
GC_00002895	2	2	1	0	0.871212121212121	0.519707781175672	0.651044992125314	0.339449541284404	0.339449541284404	0.339449541284404
GC_00002896	2	2	1	0	0.929078014184397	0.653589990974446	0.767357511399735	0.5	0.5	0.5
GC_00002897	2	2	1	0	0.983625730994152	1.0	0.991745283018868	0.978947368421053	0.978947368421053	0.978947368421053
GC_00002898	2	2	1	0	1.0	0.954466420343402	0.976702807895468	0.953488372093023	0.953488372093023	0.953488372093023
GC_00002899	2	2	1	0	0.965277777777778	1.0	0.982332155477032	0.955357142857143	0.955357142857143	0.955357142857143
GC_00002900	2	2	1	0	0.999044890162369	1.0	0.999522216913521	0.997134670487106	0.997134670487106	0.997134670487106
GC_00002901	2	2	1	0	0.939068100358423	1.0	0.968576709796673	0.924731182795699	0.924731182795699	0.924731182795699
GC_00002902	2	2	1	0	0.984450923226433	0.985714995528169	0.985082553858464	0.968390804597701	0.968390804597701	0.968390804597701
GC_00002903	2	2	1	0	0.939068100358423	1.0	0.968576709796673	0.924731182795699	0.924731182795699	0.924731182795699
GC_00002904	2	2	1	0	0.960306073648972	1.0	0.979751158819224	0.949784791965567	0.949784791965567	0.949784791965567
GC_00002905	2	2	1	0	0.931475029036005	1.0	0.96452194828623	0.916376306620209	0.916376306620209	0.916376306620209
GC_00002906	1	2	2	0	1.0	0.943576755311664	0.970969376674147	0.942028985507246	0.942028985507246	0.942028985507246
GC_00002907	2	2	1	0	0.99203187250996	1.0	0.996	0.98804780876494	0.98804780876494	0.98804780876494
GC_00002908	2	2	1	0	0.871416871416871	1.0	0.931291028446389	0.83046683046683	0.83046683046683	0.83046683046683
GC_00002909	2	2	1	0	0.790849673202614	0.980893300248139	0.875679099702592	0.724358974358974	0.724358974358974	0.724358974358974
GC_00002910	2	2	1	0	0.853403141361257	0.994791666666668	0.918689230860027	0.838541666666667	0.838541666666667	0.838541666666667
GC_00002911	2	2	1	0	0.8	0.948807388213408	0.868072625592201	0.735632183908046	0.735632183908046	0.735632183908046
GC_00002912	2	2	1	0	0.955555555555556	1.0	0.977272727272727	0.955555555555556	0.955555555555556	0.955555555555556
GC_00002913	2	2	1	0	0.995288574793875	1.0	0.997638724911452	0.992932862190813	0.992932862190813	0.992932862190813
GC_00002914	2	2	1	0	0.939130434782609	0.862354892205638	0.899106656847363	0.77037037037037	0.77037037037037	0.77037037037037
GC_00002915	2	2	1	0	0.998168498168498	0.973549537116901	0.985705320909086	0.967914438502674	0.967914438502674	0.967914438502674
GC_00002916	1	2	2	0	0.938076416337286	0.938331268071047	0.938203824897318	0.859259259259259	0.859259259259259	0.859259259259259
GC_00002917	2	2	1	0	0.97875816993464	1.0	0.989265070189926	0.975490196078431	0.975490196078431	0.975490196078431
GC_00002918	1	2	2	0	0.725925925925926	0.864377289377289	0.789124838713117	0.571428571428571	0.571428571428571	0.571428571428571
GC_00002919	2	2	1	0	0.998613037447989	0.981121058777729	0.989789772755935	0.979591836734694	0.979591836734694	0.979591836734694
GC_00002920	2	2	1	0	0.995934959349594	0.639128613322161	0.778600343334729	0.52258064516129	0.52258064516129	0.52258064516129
GC_00002921	2	2	1	0	0.98989898989899	1.0	0.99492385786802	0.98989898989899	0.98989898989899	0.98989898989899
GC_00002922	2	2	1	0	0.916666666666667	1.0	0.956521739130435	0.916666666666667	0.916666666666667	0.916666666666667
GC_00002923	2	2	1	0	0.985328638497653	0.945072166544135	0.964780649397627	0.928571428571429	0.928571428571429	0.928571428571429
GC_00002924	2	2	1	0	0.900383141762452	1.0	0.94758064516129	0.862068965517241	0.862068965517241	0.862068965517241
GC_00002925	2	2	1	0	0.835680751173709	0.986111111111111	0.904685207058234	0.777777777777778	0.777777777777778	0.777777777777778
GC_00002926	2	2	1	0	0.89873417721519	1.0	0.946666666666667	0.848101265822785	0.848101265822785	0.848101265822785
GC_00002927	2	2	1	0	1.0	0.919244438594182	0.957923253660711	0.91588785046729	0.91588785046729	0.91588785046729
GC_00002928	2	2	1	0	0.903780068728522	0.989795918367346	0.944834354919353	0.887755102040816	0.887755102040816	0.887755102040816
GC_00002929	2	2	1	0	0.671428571428571	0.972222222222222	0.794302269435055	0.541666666666667	0.541666666666667	0.541666666666667
GC_00002930	2	2	1	0	0.853290183387271	0.993569131832799	0.918102185394145	0.813504823151125	0.813504823151125	0.813504823151125
GC_00002931	1	2	2	0	0.777777777777778	0.82642089093702	0.801361847005001	0.619047619047619	0.619047619047619	0.619047619047619
GC_00002932	2	2	1	0	0.984276729559748	1.0	0.992076069730586	0.975471698113208	0.975471698113208	0.975471698113208
GC_00002933	1	2	2	0	1.0	0.523628897550111	0.687344403078821	0.21826280623608	0.21826280623608	0.21826280623608
GC_00002934	2	2	1	0	0.996466431095406	1.0	0.998230088495575	0.996466431095406	0.996466431095406	0.996466431095406
GC_00002935	2	2	1	0	0.955555555555556	0.870890136327186	0.911260500922033	0.816091954022989	0.816091954022989	0.816091954022989
GC_00002936	2	2	1	0	0.97822445561139	1.0	0.988992379339543	0.964824120603015	0.964824120603015	0.964824120603015
GC_00002937	2	2	1	0	0.972222222222222	1.0	0.985915492957746	0.958333333333333	0.958333333333333	0.958333333333333
GC_00002938	2	2	1	0	0.994047619047619	1.0	0.997014925373134	0.982142857142857	0.982142857142857	0.982142857142857
GC_00002939	1	2	2	0	0.708683473389356	0.991666666666667	0.826627129580056	0.625	0.625	0.625
GC_00002940	2	2	1	0	0.987037037037037	1.0	0.993476234855545	0.983333333333333	0.983333333333333	0.983333333333333
GC_00002941	1	2	2	0	0.834343434343434	0.78339826567802	0.808068679240723	0.589041095890411	0.589041095890411	0.589041095890411
GC_00002942	2	2	1	0	0.950354609929078	1.0	0.974545454545455	0.950354609929078	0.950354609929078	0.950354609929078
GC_00002943	2	2	1	0	0.653508771929825	0.520052700369742	0.579192500059623	0.108322324966975	0.108322324966975	0.108322324966975
GC_00002944	2	2	1	0	0.893567986591242	0.980388268820671	0.934966938441365	0.85335797905114	0.85335797905114	0.85335797905114
GC_00002945	2	2	1	0	0.973597359735974	1.0	0.986622073578595	0.97029702970297	0.97029702970297	0.97029702970297
GC_00002946	2	2	1	0	0.918635170603675	1.0	0.957592339261286	0.881889763779528	0.881889763779528	0.881889763779528
GC_00002947	2	2	1	0	0.983870967741935	0.984126984126984	0.983998959281905	0.968253968253968	0.968253968253968	0.968253968253968
GC_00002948	2	2	1	0	0.892339544513458	0.6427529068399	0.747256408718009	0.476027397260274	0.476027397260274	0.476027397260274
GC_00002949	2	2	1	0	0.858585858585859	1.0	0.923913043478261	0.811447811447811	0.811447811447811	0.811447811447811
GC_00002950	2	2	1	0	0.967007963594994	0.948565310791211	0.95769785660533	0.907327586206897	0.907327586206897	0.907327586206897
GC_00002951	2	2	1	0	0.983284169124877	1.0	0.991571641051066	0.973451327433628	0.973451327433628	0.973451327433628
GC_00002952	2	2	1	0	0.99438202247191	1.0	0.997183098591549	0.99438202247191	0.99438202247191	0.99438202247191
GC_00002953	2	2	1	0	0.995024875621891	1.0	0.997506234413965	0.985074626865672	0.985074626865672	0.985074626865672
GC_00002954	2	2	1	0	0.989583333333333	0.975834206194822	0.982660678584145	0.957317073170732	0.957317073170732	0.957317073170732
GC_00002955	2	2	1	0	0.985726280436608	0.961964315099083	0.973700348924842	0.944309927360775	0.944309927360775	0.944309927360775
GC_00002956	2	2	1	0	0.99250936329588	1.0	0.996240601503759	0.97752808988764	0.97752808988764	0.97752808988764
GC_00002957	2	2	1	0	0.969934640522876	1.0	0.984737889847379	0.956862745098039	0.956862745098039	0.956862745098039
GC_00002958	2	2	1	0	0.829528158295282	0.902600688119813	0.864523084459564	0.700819672131147	0.700819672131147	0.700819672131147
GC_00002959	2	2	1	0	0.971555555555556	1.0	0.985572587917042	0.962666666666667	0.962666666666667	0.962666666666667
GC_00002960	2	2	1	0	0.972093023255814	1.0	0.985849056603774	0.958139534883721	0.958139534883721	0.958139534883721
GC_00002961	2	2	1	0	0.825136612021858	0.926573426573426	0.87291805281356	0.681818181818182	0.681818181818182	0.681818181818182
GC_00002962	2	2	1	0	0.980319803198032	0.88192922016912	0.928525313964233	0.848387096774194	0.848387096774194	0.848387096774194
GC_00002963	2	2	1	0	0.975517890772128	1.0	0.987607244995234	0.971751412429379	0.971751412429379	0.971751412429379
GC_00002964	2	2	1	0	0.995495495495496	1.0	0.997742663656885	0.986486486486487	0.986486486486487	0.986486486486487
GC_00002965	2	2	1	0	0.626799557032115	0.959270263120409	0.758188786342498	0.490445859872611	0.490445859872611	0.490445859872611
GC_00002966	2	2	1	0	0.705544933078394	0.986867353853833	0.822824634999754	0.635849056603774	0.635849056603774	0.635849056603774
GC_00002967	2	2	1	0	0.927361853832442	0.998664886515354	0.961693522852136	0.906542056074766	0.906542056074766	0.906542056074766
GC_00002968	1	1	1	0	1.0	1.0	1.0	0.0	0.0	0.0
GC_00002969	1	1	1	0	1.0	1.0	1.0	0.0	0.0	0.0
GC_00002970	1	1	1	0	1.0	1.0	1.0	0.0	0.0	0.0
GC_00002971	1	1	1	0	1.0	1.0	1.0	0.0	0.0	0.0
GC_00002972	1	1	1	0	1.0	1.0	1.0	0.0	0.0	0.0
GC_00002973	1	1	1	0	1.0	1.0	1.0	0.0	0.0	0.0
GC_00002974	1	1	1	0	1.0	1.0	1.0	0.0	0.0	0.0
GC_00002975	1	1	1	0	1.0	1.0	1.0	0.0	0.0	0.0
GC_00002976	1	1	1	0	1.0	1.0	1.0	0.0	0.0	0.0
GC_00002977	1	1	1	0	1.0	1.0	1.0	0.0	0.0	0.0
GC_00002978	1	1	1	0	1.0	1.0	1.0	0.0	0.0	0.0
GC_00002979	1	1	1	0	1.0	1.0	1.0	0.0	0.0	0.0
GC_00002980	1	1	1	0	1.0	1.0	1.0	0.0	0.0	0.0
GC_00002981	1	1	1	0	1.0	1.0	1.0	0.0	0.0	0.0
GC_00002982	1	1	1	0	1.0	1.0	1.0	0.0	0.0	0.0
GC_00002983	1	1	1	0	1.0	1.0	1.0	0.0	0.0	0.0
GC_00002984	1	1	1	0	1.0	1.0	1.0	0.0	0.0	0.0
GC_00002985	1	1	1	0	1.0	1.0	1.0	0.0	0.0	0.0
GC_00002986	1	1	1	0	1.0	1.0	1.0	0.0	0.0	0.0
GC_00002987	1	1	1	0	1.0	1.0	1.0	0.0	0.0	0.0
GC_00002988	1	1	1	0	1.0	1.0	1.0	0.0	0.0	0.0
GC_00002989	1	1	1	0	1.0	1.0	1.0	0.0	0.0	0.0
GC_00002990	1	1	1	0	1.0	1.0	1.0	0.0	0.0	0.0
GC_00002991	1	1	1	0	1.0	1.0	1.0	0.0	0.0	0.0
GC_00002992	1	1	1	0	1.0	1.0	1.0	0.0	0.0	0.0
GC_00002993	1	1	1	0	1.0	1.0	1.0	0.0	0.0	0.0
GC_00002994	1	1	1	0	1.0	1.0	1.0	0.0	0.0	0.0
GC_00002995	1	1	1	0	1.0	1.0	1.0	0.0	0.0	0.0
GC_00002996	1	1	1	0	1.0	1.0	1.0	0.0	0.0	0.0
GC_00002997	1	1	1	0	1.0	1.0	1.0	0.0	0.0	0.0
GC_00002998	1	1	1	0	1.0	1.0	1.0	0.0	0.0	0.0
GC_00002999	1	1	1	0	1.0	1.0	1.0	0.0	0.0	0.0
GC_00003000	1	1	1	0	1.0	1.0	1.0	0.0	0.0	0.0
GC_00003001	1	1	1	0	1.0	1.0	1.0	0.0	0.0	0.0
GC_00003002	1	1	1	0	1.0	1.0	1.0	0.0	0.0	0.0
GC_00003003	1	1	1	0	1.0	1.0	1.0	0.0	0.0	0.0
GC_00003004	1	1	1	0	1.0	1.0	1.0	0.0	0.0	0.0
GC_00003005	1	1	1	0	1.0	1.0	1.0	0.0	0.0	0.0
GC_00003006	1	1	1	0	1.0	1.0	1.0	0.0	0.0	0.0
GC_00003007	1	1	1	0	1.0	1.0	1.0	0.0	0.0	0.0
GC_00003008	1	1	1	0	1.0	1.0	1.0	0.0	0.0	0.0
GC_00003009	1	1	1	0	1.0	1.0	1.0	0.0	0.0	0.0
GC_00003010	1	1	1	0	1.0	1.0	1.0	0.0	0.0	0.0
GC_00003011	1	1	1	0	1.0	1.0	1.0	0.0	0.0	0.0
GC_00003012	1	1	1	0	1.0	1.0	1.0	0.0	0.0	0.0
GC_00003013	1	1	1	0	1.0	1.0	1.0	0.0	0.0	0.0
GC_00003014	1	1	1	0	1.0	1.0	1.0	0.0	0.0	0.0
GC_00003015	1	1	1	0	1.0	1.0	1.0	0.0	0.0	0.0
GC_00003016	1	1	1	0	1.0	1.0	1.0	0.0	0.0	0.0
GC_00003017	1	1	1	0	1.0	1.0	1.0	0.0	0.0	0.0
GC_00003018	1	1	1	0	1.0	1.0	1.0	0.0	0.0	0.0
GC_00003019	1	1	1	0	1.0	1.0	1.0	0.0	0.0	0.0
GC_00003020	1	1	1	0	1.0	1.0	1.0	0.0	0.0	0.0
GC_00003021	1	1	1	0	1.0	1.0	1.0	0.0	0.0	0.0
GC_00003022	1	1	1	0	1.0	1.0	1.0	0.0	0.0	0.0
GC_00003023	1	1	1	0	1.0	1.0	1.0	0.0	0.0	0.0
GC_00003024	1	1	1	0	1.0	1.0	1.0	0.0	0.0	0.0
GC_00003025	1	1	1	0	1.0	1.0	1.0	0.0	0.0	0.0
GC_00003026	1	1	1	0	1.0	1.0	1.0	0.0	0.0	0.0
GC_00003027	1	1	1	0	1.0	1.0	1.0	0.0	0.0	0.0
GC_00003028	1	1	1	0	1.0	1.0	1.0	0.0	0.0	0.0
GC_00003029	1	1	1	0	1.0	1.0	1.0	0.0	0.0	0.0
GC_00003030	1	1	1	0	1.0	1.0	1.0	0.0	0.0	0.0
GC_00003031	1	1	1	0	1.0	1.0	1.0	0.0	0.0	0.0
GC_00003032	1	1	1	0	1.0	1.0	1.0	0.0	0.0	0.0
GC_00003033	1	1	1	0	1.0	1.0	1.0	0.0	0.0	0.0
GC_00003034	1	1	1	0	1.0	1.0	1.0	0.0	0.0	0.0
GC_00003035	1	1	1	0	1.0	1.0	1.0	0.0	0.0	0.0
GC_00003036	1	1	1	0	1.0	1.0	1.0	0.0	0.0	0.0
GC_00003037	1	1	1	0	1.0	1.0	1.0	0.0	0.0	0.0
GC_00003038	1	1	1	0	1.0	1.0	1.0	0.0	0.0	0.0
GC_00003039	1	1	1	0	1.0	1.0	1.0	0.0	0.0	0.0
GC_00003040	1	1	1	0	1.0	1.0	1.0	0.0	0.0	0.0
GC_00003041	1	1	1	0	1.0	1.0	1.0	0.0	0.0	0.0
GC_00003042	1	1	1	0	1.0	1.0	1.0	0.0	0.0	0.0
GC_00003043	1	1	1	0	1.0	1.0	1.0	0.0	0.0	0.0
GC_00003044	1	1	1	0	1.0	1.0	1.0	0.0	0.0	0.0
GC_00003045	1	1	1	0	1.0	1.0	1.0	0.0	0.0	0.0
GC_00003046	1	1	1	0	1.0	1.0	1.0	0.0	0.0	0.0
GC_00003047	1	1	1	0	1.0	1.0	1.0	0.0	0.0	0.0
GC_00003048	1	1	1	0	1.0	1.0	1.0	0.0	0.0	0.0
GC_00003049	1	1	1	0	1.0	1.0	1.0	0.0	0.0	0.0
GC_00003050	1	1	1	0	1.0	1.0	1.0	0.0	0.0	0.0
GC_00003051	1	1	1	0	1.0	1.0	1.0	0.0	0.0	0.0
GC_00003052	1	1	1	0	1.0	1.0	1.0	0.0	0.0	0.0
GC_00003053	1	1	1	0	1.0	1.0	1.0	0.0	0.0	0.0
GC_00003054	1	1	1	0	1.0	1.0	1.0	0.0	0.0	0.0
GC_00003055	1	1	1	0	1.0	1.0	1.0	0.0	0.0	0.0
GC_00003056	1	1	1	0	1.0	1.0	1.0	0.0	0.0	0.0
GC_00003057	1	1	1	0	1.0	1.0	1.0	0.0	0.0	0.0
GC_00003058	1	1	1	0	1.0	1.0	1.0	0.0	0.0	0.0
GC_00003059	1	1	1	0	1.0	1.0	1.0	0.0	0.0	0.0
GC_00003060	1	1	1	0	1.0	1.0	1.0	0.0	0.0	0.0
GC_00003061	1	1	1	0	1.0	1.0	1.0	0.0	0.0	0.0
GC_00003062	1	1	1	0	1.0	1.0	1.0	0.0	0.0	0.0
GC_00003063	1	1	1	0	1.0	1.0	1.0	0.0	0.0	0.0
GC_00003064	1	1	1	0	1.0	1.0	1.0	0.0	0.0	0.0
GC_00003065	1	1	1	0	1.0	1.0	1.0	0.0	0.0	0.0
GC_00003066	1	1	1	0	1.0	1.0	1.0	0.0	0.0	0.0
GC_00003067	1	1	1	0	1.0	1.0	1.0	0.0	0.0	0.0
GC_00003068	1	1	1	0	1.0	1.0	1.0	0.0	0.0	0.0
GC_00003069	1	1	1	0	1.0	1.0	1.0	0.0	0.0	0.0
GC_00003070	1	1	1	0	1.0	1.0	1.0	0.0	0.0	0.0
GC_00003071	1	1	1	0	1.0	1.0	1.0	0.0	0.0	0.0
GC_00003072	1	1	1	0	1.0	1.0	1.0	0.0	0.0	0.0
GC_00003073	1	1	1	0	1.0	1.0	1.0	0.0	0.0	0.0
GC_00003074	1	1	1	0	1.0	1.0	1.0	0.0	0.0	0.0
GC_00003075	1	1	1	0	1.0	1.0	1.0	0.0	0.0	0.0
GC_00003076	1	1	1	0	1.0	1.0	1.0	0.0	0.0	0.0
GC_00003077	1	1	1	0	1.0	1.0	1.0	0.0	0.0	0.0
GC_00003078	1	1	1	0	1.0	1.0	1.0	0.0	0.0	0.0
GC_00003079	1	1	1	0	1.0	1.0	1.0	0.0	0.0	0.0
GC_00003080	1	1	1	0	1.0	1.0	1.0	0.0	0.0	0.0
GC_00003081	1	1	1	0	1.0	1.0	1.0	0.0	0.0	0.0
GC_00003082	1	1	1	0	1.0	1.0	1.0	0.0	0.0	0.0
GC_00003083	1	1	1	0	1.0	1.0	1.0	0.0	0.0	0.0
GC_00003084	1	1	1	0	1.0	1.0	1.0	0.0	0.0	0.0
GC_00003085	1	1	1	0	1.0	1.0	1.0	0.0	0.0	0.0
GC_00003086	1	1	1	0	1.0	1.0	1.0	0.0	0.0	0.0
GC_00003087	1	1	1	0	1.0	1.0	1.0	0.0	0.0	0.0
GC_00003088	1	1	1	0	1.0	1.0	1.0	0.0	0.0	0.0
GC_00003089	1	1	1	0	1.0	1.0	1.0	0.0	0.0	0.0
GC_00003090	1	1	1	0	1.0	1.0	1.0	0.0	0.0	0.0
GC_00003091	1	1	1	0	1.0	1.0	1.0	0.0	0.0	0.0
GC_00003092	1	1	1	0	1.0	1.0	1.0	0.0	0.0	0.0
GC_00003093	1	1	1	0	1.0	1.0	1.0	0.0	0.0	0.0
GC_00003094	1	1	1	0	1.0	1.0	1.0	0.0	0.0	0.0
GC_00003095	1	1	1	0	1.0	1.0	1.0	0.0	0.0	0.0
GC_00003096	1	1	1	0	1.0	1.0	1.0	0.0	0.0	0.0
GC_00003097	1	1	1	0	1.0	1.0	1.0	0.0	0.0	0.0
GC_00003098	1	1	1	0	1.0	1.0	1.0	0.0	0.0	0.0
GC_00003099	1	1	1	0	1.0	1.0	1.0	0.0	0.0	0.0
GC_00003100	1	1	1	0	1.0	1.0	1.0	0.0	0.0	0.0
GC_00003101	1	1	1	0	1.0	1.0	1.0	0.0	0.0	0.0
GC_00003102	1	1	1	0	1.0	1.0	1.0	0.0	0.0	0.0
GC_00003103	1	1	1	0	1.0	1.0	1.0	0.0	0.0	0.0
GC_00003104	1	1	1	0	1.0	1.0	1.0	0.0	0.0	0.0
GC_00003105	1	1	1	0	1.0	1.0	1.0	0.0	0.0	0.0
GC_00003106	1	1	1	0	1.0	1.0	1.0	0.0	0.0	0.0
GC_00003107	1	1	1	0	1.0	1.0	1.0	0.0	0.0	0.0
GC_00003108	1	1	1	0	1.0	1.0	1.0	0.0	0.0	0.0
GC_00003109	1	1	1	0	1.0	1.0	1.0	0.0	0.0	0.0
GC_00003110	1	1	1	0	1.0	1.0	1.0	0.0	0.0	0.0
GC_00003111	1	1	1	0	1.0	1.0	1.0	0.0	0.0	0.0
GC_00003112	1	1	1	0	1.0	1.0	1.0	0.0	0.0	0.0
GC_00003113	1	1	1	0	1.0	1.0	1.0	0.0	0.0	0.0
GC_00003114	1	1	1	0	1.0	1.0	1.0	0.0	0.0	0.0
GC_00003115	1	1	1	0	1.0	1.0	1.0	0.0	0.0	0.0
GC_00003116	1	1	1	0	1.0	1.0	1.0	0.0	0.0	0.0
GC_00003117	1	1	1	0	1.0	1.0	1.0	0.0	0.0	0.0
GC_00003118	1	1	1	0	1.0	1.0	1.0	0.0	0.0	0.0
GC_00003119	1	1	1	0	1.0	1.0	1.0	0.0	0.0	0.0
GC_00003120	1	1	1	0	1.0	1.0	1.0	0.0	0.0	0.0
GC_00003121	1	1	1	0	1.0	1.0	1.0	0.0	0.0	0.0
GC_00003122	1	1	1	0	1.0	1.0	1.0	0.0	0.0	0.0
GC_00003123	1	1	1	0	1.0	1.0	1.0	0.0	0.0	0.0
GC_00003124	1	1	1	0	1.0	1.0	1.0	0.0	0.0	0.0
GC_00003125	1	1	1	0	1.0	1.0	1.0	0.0	0.0	0.0
GC_00003126	1	1	1	0	1.0	1.0	1.0	0.0	0.0	0.0
GC_00003127	1	1	1	0	1.0	1.0	1.0	0.0	0.0	0.0
GC_00003128	1	1	1	0	1.0	1.0	1.0	0.0	0.0	0.0
GC_00003129	1	1	1	0	1.0	1.0	1.0	0.0	0.0	0.0
GC_00003130	1	1	1	0	1.0	1.0	1.0	0.0	0.0	0.0
GC_00003131	1	1	1	0	1.0	1.0	1.0	0.0	0.0	0.0
GC_00003132	1	1	1	0	1.0	1.0	1.0	0.0	0.0	0.0
GC_00003133	1	1	1	0	1.0	1.0	1.0	0.0	0.0	0.0
GC_00003134	1	1	1	0	1.0	1.0	1.0	0.0	0.0	0.0
GC_00003135	1	1	1	0	1.0	1.0	1.0	0.0	0.0	0.0
GC_00003136	1	1	1	0	1.0	1.0	1.0	0.0	0.0	0.0
GC_00003137	1	1	1	0	1.0	1.0	1.0	0.0	0.0	0.0
GC_00003138	1	1	1	0	1.0	1.0	1.0	0.0	0.0	0.0
GC_00003139	1	1	1	0	1.0	1.0	1.0	0.0	0.0	0.0
GC_00003140	1	1	1	0	1.0	1.0	1.0	0.0	0.0	0.0
GC_00003141	1	1	1	0	1.0	1.0	1.0	0.0	0.0	0.0
GC_00003142	1	1	1	0	1.0	1.0	1.0	0.0	0.0	0.0
GC_00003143	1	1	1	0	1.0	1.0	1.0	0.0	0.0	0.0
GC_00003144	1	1	1	0	1.0	1.0	1.0	0.0	0.0	0.0
GC_00003145	1	1	1	0	1.0	1.0	1.0	0.0	0.0	0.0
GC_00003146	1	1	1	0	1.0	1.0	1.0	0.0	0.0	0.0
GC_00003147	1	1	1	0	1.0	1.0	1.0	0.0	0.0	0.0
GC_00003148	1	1	1	0	1.0	1.0	1.0	0.0	0.0	0.0
GC_00003149	1	1	1	0	1.0	1.0	1.0	0.0	0.0	0.0
GC_00003150	1	1	1	0	1.0	1.0	1.0	0.0	0.0	0.0
GC_00003151	1	1	1	0	1.0	1.0	1.0	0.0	0.0	0.0
GC_00003152	1	1	1	0	1.0	1.0	1.0	0.0	0.0	0.0
GC_00003153	1	1	1	0	1.0	1.0	1.0	0.0	0.0	0.0
GC_00003154	1	1	1	0	1.0	1.0	1.0	0.0	0.0	0.0
GC_00003155	1	1	1	0	1.0	1.0	1.0	0.0	0.0	0.0
GC_00003156	1	1	1	0	1.0	1.0	1.0	0.0	0.0	0.0
GC_00003157	1	1	1	0	1.0	1.0	1.0	0.0	0.0	0.0
GC_00003158	1	1	1	0	1.0	1.0	1.0	0.0	0.0	0.0
GC_00003159	1	1	1	0	1.0	1.0	1.0	0.0	0.0	0.0
GC_00003160	1	1	1	0	1.0	1.0	1.0	0.0	0.0	0.0
GC_00003161	1	1	1	0	1.0	1.0	1.0	0.0	0.0	0.0
GC_00003162	1	1	1	0	1.0	1.0	1.0	0.0	0.0	0.0
GC_00003163	1	1	1	0	1.0	1.0	1.0	0.0	0.0	0.0
GC_00003164	1	1	1	0	1.0	1.0	1.0	0.0	0.0	0.0
GC_00003165	1	1	1	0	1.0	1.0	1.0	0.0	0.0	0.0
GC_00003166	1	1	1	0	1.0	1.0	1.0	0.0	0.0	0.0
GC_00003167	1	1	1	0	1.0	1.0	1.0	0.0	0.0	0.0
GC_00003168	1	1	1	0	1.0	1.0	1.0	0.0	0.0	0.0
GC_00003169	1	1	1	0	1.0	1.0	1.0	0.0	0.0	0.0
GC_00003170	1	1	1	0	1.0	1.0	1.0	0.0	0.0	0.0
GC_00003171	1	1	1	0	1.0	1.0	1.0	0.0	0.0	0.0
GC_00003172	1	1	1	0	1.0	1.0	1.0	0.0	0.0	0.0
GC_00003173	1	1	1	0	1.0	1.0	1.0	0.0	0.0	0.0
GC_00003174	1	1	1	0	1.0	1.0	1.0	0.0	0.0	0.0
GC_00003175	1	1	1	0	1.0	1.0	1.0	0.0	0.0	0.0
GC_00003176	1	1	1	0	1.0	1.0	1.0	0.0	0.0	0.0
GC_00003177	1	1	1	0	1.0	1.0	1.0	0.0	0.0	0.0
GC_00003178	1	1	1	0	1.0	1.0	1.0	0.0	0.0	0.0
GC_00003179	1	1	1	0	1.0	1.0	1.0	0.0	0.0	0.0
GC_00003180	1	1	1	0	1.0	1.0	1.0	0.0	0.0	0.0
GC_00003181	1	1	1	0	1.0	1.0	1.0	0.0	0.0	0.0
GC_00003182	1	1	1	0	1.0	1.0	1.0	0.0	0.0	0.0
GC_00003183	1	1	1	0	1.0	1.0	1.0	0.0	0.0	0.0
GC_00003184	1	1	1	0	1.0	1.0	1.0	0.0	0.0	0.0
GC_00003185	1	1	1	0	1.0	1.0	1.0	0.0	0.0	0.0
GC_00003186	1	1	1	0	1.0	1.0	1.0	0.0	0.0	0.0
GC_00003187	1	1	1	0	1.0	1.0	1.0	0.0	0.0	0.0
GC_00003188	1	1	1	0	1.0	1.0	1.0	0.0	0.0	0.0
GC_00003189	1	1	1	0	1.0	1.0	1.0	0.0	0.0	0.0
GC_00003190	1	1	1	0	1.0	1.0	1.0	0.0	0.0	0.0
GC_00003191	1	1	1	0	1.0	1.0	1.0	0.0	0.0	0.0
GC_00003192	1	1	1	0	1.0	1.0	1.0	0.0	0.0	0.0
GC_00003193	1	1	1	0	1.0	1.0	1.0	0.0	0.0	0.0
GC_00003194	1	1	1	0	1.0	1.0	1.0	0.0	0.0	0.0
GC_00003195	1	1	1	0	1.0	1.0	1.0	0.0	0.0	0.0
GC_00003196	1	1	1	0	1.0	1.0	1.0	0.0	0.0	0.0
GC_00003197	1	1	1	0	1.0	1.0	1.0	0.0	0.0	0.0
GC_00003198	1	1	1	0	1.0	1.0	1.0	0.0	0.0	0.0
GC_00003199	1	1	1	0	1.0	1.0	1.0	0.0	0.0	0.0
GC_00003200	1	1	1	0	1.0	1.0	1.0	0.0	0.0	0.0
GC_00003201	1	1	1	0	1.0	1.0	1.0	0.0	0.0	0.0
GC_00003202	1	1	1	0	1.0	1.0	1.0	0.0	0.0	0.0
GC_00003203	1	1	1	0	1.0	1.0	1.0	0.0	0.0	0.0
GC_00003204	1	1	1	0	1.0	1.0	1.0	0.0	0.0	0.0
GC_00003205	1	1	1	0	1.0	1.0	1.0	0.0	0.0	0.0
GC_00003206	1	1	1	0	1.0	1.0	1.0	0.0	0.0	0.0
GC_00003207	1	1	1	0	1.0	1.0	1.0	0.0	0.0	0.0
GC_00003208	1	1	1	0	1.0	1.0	1.0	0.0	0.0	0.0
GC_00003209	1	1	1	0	1.0	1.0	1.0	0.0	0.0	0.0
GC_00003210	1	1	1	0	1.0	1.0	1.0	0.0	0.0	0.0
GC_00003211	1	1	1	0	1.0	1.0	1.0	0.0	0.0	0.0
GC_00003212	1	1	1	0	1.0	1.0	1.0	0.0	0.0	0.0
GC_00003213	1	1	1	0	1.0	1.0	1.0	0.0	0.0	0.0
GC_00003214	1	1	1	0	1.0	1.0	1.0	0.0	0.0	0.0
GC_00003215	1	1	1	0	1.0	1.0	1.0	0.0	0.0	0.0
GC_00003216	1	1	1	0	1.0	1.0	1.0	0.0	0.0	0.0
GC_00003217	1	1	1	0	1.0	1.0	1.0	0.0	0.0	0.0
GC_00003218	1	1	1	0	1.0	1.0	1.0	0.0	0.0	0.0
GC_00003219	1	1	1	0	1.0	1.0	1.0	0.0	0.0	0.0
GC_00003220	1	1	1	0	1.0	1.0	1.0	0.0	0.0	0.0
GC_00003221	1	1	1	0	1.0	1.0	1.0	0.0	0.0	0.0
GC_00003222	1	1	1	0	1.0	1.0	1.0	0.0	0.0	0.0
GC_00003223	1	1	1	0	1.0	1.0	1.0	0.0	0.0	0.0
GC_00003224	1	1	1	0	1.0	1.0	1.0	0.0	0.0	0.0
GC_00003225	1	1	1	0	1.0	1.0	1.0	0.0	0.0	0.0
GC_00003226	1	1	1	0	1.0	1.0	1.0	0.0	0.0	0.0
GC_00003227	1	1	1	0	1.0	1.0	1.0	0.0	0.0	0.0
GC_00003228	1	1	1	0	1.0	1.0	1.0	0.0	0.0	0.0
GC_00003229	1	1	1	0	1.0	1.0	1.0	0.0	0.0	0.0
GC_00003230	1	1	1	0	1.0	1.0	1.0	0.0	0.0	0.0
GC_00003231	1	1	1	0	1.0	1.0	1.0	0.0	0.0	0.0
GC_00003232	1	1	1	0	1.0	1.0	1.0	0.0	0.0	0.0
GC_00003233	1	1	1	0	1.0	1.0	1.0	0.0	0.0	0.0
GC_00003234	1	1	1	0	1.0	1.0	1.0	0.0	0.0	0.0
GC_00003235	1	1	1	0	1.0	1.0	1.0	0.0	0.0	0.0
GC_00003236	1	1	1	0	1.0	1.0	1.0	0.0	0.0	0.0
GC_00003237	1	1	1	0	1.0	1.0	1.0	0.0	0.0	0.0
GC_00003238	1	1	1	0	1.0	1.0	1.0	0.0	0.0	0.0
GC_00003239	1	1	1	0	1.0	1.0	1.0	0.0	0.0	0.0
GC_00003240	1	1	1	0	1.0	1.0	1.0	0.0	0.0	0.0
GC_00003241	1	1	1	0	1.0	1.0	1.0	0.0	0.0	0.0
GC_00003242	1	1	1	0	1.0	1.0	1.0	0.0	0.0	0.0
GC_00003243	1	1	1	0	1.0	1.0	1.0	0.0	0.0	0.0
GC_00003244	1	1	1	0	1.0	1.0	1.0	0.0	0.0	0.0
GC_00003245	1	1	1	0	1.0	1.0	1.0	0.0	0.0	0.0
GC_00003246	1	1	1	0	1.0	1.0	1.0	0.0	0.0	0.0
GC_00003247	1	1	1	0	1.0	1.0	1.0	0.0	0.0	0.0
GC_00003248	1	1	1	0	1.0	1.0	1.0	0.0	0.0	0.0
GC_00003249	1	1	1	0	1.0	1.0	1.0	0.0	0.0	0.0
GC_00003250	1	1	1	0	1.0	1.0	1.0	0.0	0.0	0.0
GC_00003251	1	1	1	0	1.0	1.0	1.0	0.0	0.0	0.0
GC_00003252	1	1	1	0	1.0	1.0	1.0	0.0	0.0	0.0
GC_00003253	1	1	1	0	1.0	1.0	1.0	0.0	0.0	0.0
GC_00003254	1	1	1	0	1.0	1.0	1.0	0.0	0.0	0.0
GC_00003255	1	1	1	0	1.0	1.0	1.0	0.0	0.0	0.0
GC_00003256	1	1	1	0	1.0	1.0	1.0	0.0	0.0	0.0
GC_00003257	1	1	1	0	1.0	1.0	1.0	0.0	0.0	0.0
GC_00003258	1	1	1	0	1.0	1.0	1.0	0.0	0.0	0.0
GC_00003259	1	1	1	0	1.0	1.0	1.0	0.0	0.0	0.0
GC_00003260	1	1	1	0	1.0	1.0	1.0	0.0	0.0	0.0
GC_00003261	1	1	1	0	1.0	1.0	1.0	0.0	0.0	0.0
GC_00003262	1	1	1	0	1.0	1.0	1.0	0.0	0.0	0.0
GC_00003263	1	1	1	0	1.0	1.0	1.0	0.0	0.0	0.0
GC_00003264	1	1	1	0	1.0	1.0	1.0	0.0	0.0	0.0
GC_00003265	1	1	1	0	1.0	1.0	1.0	0.0	0.0	0.0
GC_00003266	1	1	1	0	1.0	1.0	1.0	0.0	0.0	0.0
GC_00003267	1	1	1	0	1.0	1.0	1.0	0.0	0.0	0.0
GC_00003268	1	1	1	0	1.0	1.0	1.0	0.0	0.0	0.0
GC_00003269	1	1	1	0	1.0	1.0	1.0	0.0	0.0	0.0
GC_00003270	1	1	1	0	1.0	1.0	1.0	0.0	0.0	0.0
GC_00003271	1	1	1	0	1.0	1.0	1.0	0.0	0.0	0.0
GC_00003272	1	1	1	0	1.0	1.0	1.0	0.0	0.0	0.0
GC_00003273	1	1	1	0	1.0	1.0	1.0	0.0	0.0	0.0
GC_00003274	1	1	1	0	1.0	1.0	1.0	0.0	0.0	0.0
GC_00003275	1	1	1	0	1.0	1.0	1.0	0.0	0.0	0.0
GC_00003276	1	1	1	0	1.0	1.0	1.0	0.0	0.0	0.0
GC_00003277	1	1	1	0	1.0	1.0	1.0	0.0	0.0	0.0
GC_00003278	1	1	1	0	1.0	1.0	1.0	0.0	0.0	0.0
GC_00003279	1	1	1	0	1.0	1.0	1.0	0.0	0.0	0.0
GC_00003280	1	1	1	0	1.0	1.0	1.0	0.0	0.0	0.0
GC_00003281	1	1	1	0	1.0	1.0	1.0	0.0	0.0	0.0
GC_00003282	1	1	1	0	1.0	1.0	1.0	0.0	0.0	0.0
GC_00003283	1	1	1	0	1.0	1.0	1.0	0.0	0.0	0.0
GC_00003284	1	1	1	0	1.0	1.0	1.0	0.0	0.0	0.0
GC_00003285	1	1	1	0	1.0	1.0	1.0	0.0	0.0	0.0
GC_00003286	1	1	1	0	1.0	1.0	1.0	0.0	0.0	0.0
GC_00003287	1	1	1	0	1.0	1.0	1.0	0.0	0.0	0.0
GC_00003288	1	1	1	0	1.0	1.0	1.0	0.0	0.0	0.0
GC_00003289	1	1	1	0	1.0	1.0	1.0	0.0	0.0	0.0
GC_00003290	1	1	1	0	1.0	1.0	1.0	0.0	0.0	0.0
GC_00003291	1	1	1	0	1.0	1.0	1.0	0.0	0.0	0.0
GC_00003292	1	1	1	0	1.0	1.0	1.0	0.0	0.0	0.0
GC_00003293	1	1	1	0	1.0	1.0	1.0	0.0	0.0	0.0
GC_00003294	1	1	1	0	1.0	1.0	1.0	0.0	0.0	0.0
GC_00003295	1	1	1	0	1.0	1.0	1.0	0.0	0.0	0.0
GC_00003296	1	1	1	0	1.0	1.0	1.0	0.0	0.0	0.0
GC_00003297	1	1	1	0	1.0	1.0	1.0	0.0	0.0	0.0
GC_00003298	1	1	1	0	1.0	1.0	1.0	0.0	0.0	0.0
GC_00003299	1	1	1	0	1.0	1.0	1.0	0.0	0.0	0.0
GC_00003300	1	1	1	0	1.0	1.0	1.0	0.0	0.0	0.0
GC_00003301	1	1	1	0	1.0	1.0	1.0	0.0	0.0	0.0
GC_00003302	1	1	1	0	1.0	1.0	1.0	0.0	0.0	0.0
GC_00003303	1	1	1	0	1.0	1.0	1.0	0.0	0.0	0.0
GC_00003304	1	1	1	0	1.0	1.0	1.0	0.0	0.0	0.0
GC_00003305	1	1	1	0	1.0	1.0	1.0	0.0	0.0	0.0
GC_00003306	1	1	1	0	1.0	1.0	1.0	0.0	0.0	0.0
GC_00003307	1	1	1	0	1.0	1.0	1.0	0.0	0.0	0.0
GC_00003308	1	1	1	0	1.0	1.0	1.0	0.0	0.0	0.0
GC_00003309	1	1	1	0	1.0	1.0	1.0	0.0	0.0	0.0
GC_00003310	1	1	1	0	1.0	1.0	1.0	0.0	0.0	0.0
GC_00003311	1	1	1	0	1.0	1.0	1.0	0.0	0.0	0.0
GC_00003312	1	1	1	0	1.0	1.0	1.0	0.0	0.0	0.0
GC_00003313	1	1	1	0	1.0	1.0	1.0	0.0	0.0	0.0
GC_00003314	1	1	1	0	1.0	1.0	1.0	0.0	0.0	0.0
GC_00003315	1	1	1	0	1.0	1.0	1.0	0.0	0.0	0.0
GC_00003316	1	1	1	0	1.0	1.0	1.0	0.0	0.0	0.0
GC_00003317	1	1	1	0	1.0	1.0	1.0	0.0	0.0	0.0
GC_00003318	1	1	1	0	1.0	1.0	1.0	0.0	0.0	0.0
GC_00003319	1	1	1	0	1.0	1.0	1.0	0.0	0.0	0.0
GC_00003320	1	1	1	0	1.0	1.0	1.0	0.0	0.0	0.0
GC_00003321	1	1	1	0	1.0	1.0	1.0	0.0	0.0	0.0
GC_00003322	1	1	1	0	1.0	1.0	1.0	0.0	0.0	0.0
GC_00003323	1	1	1	0	1.0	1.0	1.0	0.0	0.0	0.0
GC_00003324	1	1	1	0	1.0	1.0	1.0	0.0	0.0	0.0
GC_00003325	1	1	1	0	1.0	1.0	1.0	0.0	0.0	0.0
GC_00003326	1	1	1	0	1.0	1.0	1.0	0.0	0.0	0.0
GC_00003327	1	1	1	0	1.0	1.0	1.0	0.0	0.0	0.0
GC_00003328	1	1	1	0	1.0	1.0	1.0	0.0	0.0	0.0
GC_00003329	1	1	1	0	1.0	1.0	1.0	0.0	0.0	0.0
GC_00003330	1	1	1	0	1.0	1.0	1.0	0.0	0.0	0.0
GC_00003331	1	1	1	0	1.0	1.0	1.0	0.0	0.0	0.0
GC_00003332	1	1	1	0	1.0	1.0	1.0	0.0	0.0	0.0
GC_00003333	1	1	1	0	1.0	1.0	1.0	0.0	0.0	0.0
GC_00003334	1	1	1	0	1.0	1.0	1.0	0.0	0.0	0.0
GC_00003335	1	1	1	0	1.0	1.0	1.0	0.0	0.0	0.0
GC_00003336	1	1	1	0	1.0	1.0	1.0	0.0	0.0	0.0
GC_00003337	1	1	1	0	1.0	1.0	1.0	0.0	0.0	0.0
GC_00003338	1	1	1	0	1.0	1.0	1.0	0.0	0.0	0.0
GC_00003339	1	1	1	0	1.0	1.0	1.0	0.0	0.0	0.0
GC_00003340	1	1	1	0	1.0	1.0	1.0	0.0	0.0	0.0
GC_00003341	1	1	1	0	1.0	1.0	1.0	0.0	0.0	0.0
GC_00003342	1	1	1	0	1.0	1.0	1.0	0.0	0.0	0.0
GC_00003343	1	1	1	0	1.0	1.0	1.0	0.0	0.0	0.0
GC_00003344	1	1	1	0	1.0	1.0	1.0	0.0	0.0	0.0
GC_00003345	1	1	1	0	1.0	1.0	1.0	0.0	0.0	0.0
GC_00003346	1	1	1	0	1.0	1.0	1.0	0.0	0.0	0.0
GC_00003347	1	1	1	0	1.0	1.0	1.0	0.0	0.0	0.0
GC_00003348	1	1	1	0	1.0	1.0	1.0	0.0	0.0	0.0
GC_00003349	1	1	1	0	1.0	1.0	1.0	0.0	0.0	0.0
GC_00003350	1	1	1	0	1.0	1.0	1.0	0.0	0.0	0.0
GC_00003351	1	1	1	0	1.0	1.0	1.0	0.0	0.0	0.0
GC_00003352	1	1	1	0	1.0	1.0	1.0	0.0	0.0	0.0
GC_00003353	1	1	1	0	1.0	1.0	1.0	0.0	0.0	0.0
GC_00003354	1	1	1	0	1.0	1.0	1.0	0.0	0.0	0.0
GC_00003355	1	1	1	0	1.0	1.0	1.0	0.0	0.0	0.0
GC_00003356	1	1	1	0	1.0	1.0	1.0	0.0	0.0	0.0
GC_00003357	1	1	1	0	1.0	1.0	1.0	0.0	0.0	0.0
GC_00003358	1	1	1	0	1.0	1.0	1.0	0.0	0.0	0.0
GC_00003359	1	1	1	0	1.0	1.0	1.0	0.0	0.0	0.0
GC_00003360	1	1	1	0	1.0	1.0	1.0	0.0	0.0	0.0
GC_00003361	1	1	1	0	1.0	1.0	1.0	0.0	0.0	0.0
GC_00003362	1	1	1	0	1.0	1.0	1.0	0.0	0.0	0.0
GC_00003363	1	1	1	0	1.0	1.0	1.0	0.0	0.0	0.0
GC_00003364	1	1	1	0	1.0	1.0	1.0	0.0	0.0	0.0
GC_00003365	1	1	1	0	1.0	1.0	1.0	0.0	0.0	0.0
GC_00003366	1	1	1	0	1.0	1.0	1.0	0.0	0.0	0.0
GC_00003367	1	1	1	0	1.0	1.0	1.0	0.0	0.0	0.0
GC_00003368	1	1	1	0	1.0	1.0	1.0	0.0	0.0	0.0
GC_00003369	1	1	1	0	1.0	1.0	1.0	0.0	0.0	0.0
GC_00003370	1	1	1	0	1.0	1.0	1.0	0.0	0.0	0.0
GC_00003371	1	1	1	0	1.0	1.0	1.0	0.0	0.0	0.0
GC_00003372	1	1	1	0	1.0	1.0	1.0	0.0	0.0	0.0
GC_00003373	1	1	1	0	1.0	1.0	1.0	0.0	0.0	0.0
GC_00003374	1	1	1	0	1.0	1.0	1.0	0.0	0.0	0.0
GC_00003375	1	1	1	0	1.0	1.0	1.0	0.0	0.0	0.0
GC_00003376	1	1	1	0	1.0	1.0	1.0	0.0	0.0	0.0
GC_00003377	1	1	1	0	1.0	1.0	1.0	0.0	0.0	0.0
GC_00003378	1	1	1	0	1.0	1.0	1.0	0.0	0.0	0.0
GC_00003379	1	1	1	0	1.0	1.0	1.0	0.0	0.0	0.0
GC_00003380	1	1	1	0	1.0	1.0	1.0	0.0	0.0	0.0
GC_00003381	1	1	1	0	1.0	1.0	1.0	0.0	0.0	0.0
GC_00003382	1	1	1	0	1.0	1.0	1.0	0.0	0.0	0.0
GC_00003383	1	1	1	0	1.0	1.0	1.0	0.0	0.0	0.0
GC_00003384	1	1	1	0	1.0	1.0	1.0	0.0	0.0	0.0
GC_00003385	1	1	1	0	1.0	1.0	1.0	0.0	0.0	0.0
GC_00003386	1	1	1	0	1.0	1.0	1.0	0.0	0.0	0.0
GC_00003387	1	1	1	0	1.0	1.0	1.0	0.0	0.0	0.0
GC_00003388	1	1	1	0	1.0	1.0	1.0	0.0	0.0	0.0
GC_00003389	1	1	1	0	1.0	1.0	1.0	0.0	0.0	0.0
GC_00003390	1	1	1	0	1.0	1.0	1.0	0.0	0.0	0.0
GC_00003391	1	1	1	0	1.0	1.0	1.0	0.0	0.0	0.0
GC_00003392	1	1	1	0	1.0	1.0	1.0	0.0	0.0	0.0
GC_00003393	1	1	1	0	1.0	1.0	1.0	0.0	0.0	0.0
GC_00003394	1	1	1	0	1.0	1.0	1.0	0.0	0.0	0.0
GC_00003395	1	1	1	0	1.0	1.0	1.0	0.0	0.0	0.0
GC_00003396	1	1	1	0	1.0	1.0	1.0	0.0	0.0	0.0
GC_00003397	1	1	1	0	1.0	1.0	1.0	0.0	0.0	0.0
GC_00003398	1	1	1	0	1.0	1.0	1.0	0.0	0.0	0.0
GC_00003399	1	1	1	0	1.0	1.0	1.0	0.0	0.0	0.0
GC_00003400	1	1	1	0	1.0	1.0	1.0	0.0	0.0	0.0
GC_00003401	1	1	1	0	1.0	1.0	1.0	0.0	0.0	0.0
GC_00003402	1	1	1	0	1.0	1.0	1.0	0.0	0.0	0.0
GC_00003403	1	1	1	0	1.0	1.0	1.0	0.0	0.0	0.0
GC_00003404	1	1	1	0	1.0	1.0	1.0	0.0	0.0	0.0
GC_00003405	1	1	1	0	1.0	1.0	1.0	0.0	0.0	0.0
GC_00003406	1	1	1	0	1.0	1.0	1.0	0.0	0.0	0.0
GC_00003407	1	1	1	0	1.0	1.0	1.0	0.0	0.0	0.0
GC_00003408	1	1	1	0	1.0	1.0	1.0	0.0	0.0	0.0
GC_00003409	1	1	1	0	1.0	1.0	1.0	0.0	0.0	0.0
GC_00003410	1	1	1	0	1.0	1.0	1.0	0.0	0.0	0.0
GC_00003411	1	1	1	0	1.0	1.0	1.0	0.0	0.0	0.0
GC_00003412	1	1	1	0	1.0	1.0	1.0	0.0	0.0	0.0
GC_00003413	1	1	1	0	1.0	1.0	1.0	0.0	0.0	0.0
GC_00003414	1	1	1	0	1.0	1.0	1.0	0.0	0.0	0.0
GC_00003415	1	1	1	0	1.0	1.0	1.0	0.0	0.0	0.0
GC_00003416	1	1	1	0	1.0	1.0	1.0	0.0	0.0	0.0
GC_00003417	1	1	1	0	1.0	1.0	1.0	0.0	0.0	0.0
GC_00003418	1	1	1	0	1.0	1.0	1.0	0.0	0.0	0.0
GC_00003419	1	1	1	0	1.0	1.0	1.0	0.0	0.0	0.0
GC_00003420	1	1	1	0	1.0	1.0	1.0	0.0	0.0	0.0
GC_00003421	1	1	1	0	1.0	1.0	1.0	0.0	0.0	0.0
GC_00003422	1	1	1	0	1.0	1.0	1.0	0.0	0.0	0.0
GC_00003423	1	1	1	0	1.0	1.0	1.0	0.0	0.0	0.0
GC_00003424	1	1	1	0	1.0	1.0	1.0	0.0	0.0	0.0
GC_00003425	1	1	1	0	1.0	1.0	1.0	0.0	0.0	0.0
GC_00003426	1	1	1	0	1.0	1.0	1.0	0.0	0.0	0.0
GC_00003427	1	1	1	0	1.0	1.0	1.0	0.0	0.0	0.0
GC_00003428	1	1	1	0	1.0	1.0	1.0	0.0	0.0	0.0
GC_00003429	1	1	1	0	1.0	1.0	1.0	0.0	0.0	0.0
GC_00003430	1	1	1	0	1.0	1.0	1.0	0.0	0.0	0.0
GC_00003431	1	1	1	0	1.0	1.0	1.0	0.0	0.0	0.0
GC_00003432	1	1	1	0	1.0	1.0	1.0	0.0	0.0	0.0
GC_00003433	1	1	1	0	1.0	1.0	1.0	0.0	0.0	0.0
GC_00003434	1	1	1	0	1.0	1.0	1.0	0.0	0.0	0.0
GC_00003435	1	1	1	0	1.0	1.0	1.0	0.0	0.0	0.0
GC_00003436	1	1	1	0	1.0	1.0	1.0	0.0	0.0	0.0
GC_00003437	1	1	1	0	1.0	1.0	1.0	0.0	0.0	0.0
GC_00003438	1	1	1	0	1.0	1.0	1.0	0.0	0.0	0.0
GC_00003439	1	1	1	0	1.0	1.0	1.0	0.0	0.0	0.0
GC_00003440	1	1	1	0	1.0	1.0	1.0	0.0	0.0	0.0
GC_00003441	1	1	1	0	1.0	1.0	1.0	0.0	0.0	0.0
GC_00003442	1	1	1	0	1.0	1.0	1.0	0.0	0.0	0.0
GC_00003443	1	1	1	0	1.0	1.0	1.0	0.0	0.0	0.0
GC_00003444	1	1	1	0	1.0	1.0	1.0	0.0	0.0	0.0
GC_00003445	1	1	1	0	1.0	1.0	1.0	0.0	0.0	0.0
GC_00003446	1	1	1	0	1.0	1.0	1.0	0.0	0.0	0.0
GC_00003447	1	1	1	0	1.0	1.0	1.0	0.0	0.0	0.0
GC_00003448	1	1	1	0	1.0	1.0	1.0	0.0	0.0	0.0
GC_00003449	1	1	1	0	1.0	1.0	1.0	0.0	0.0	0.0
GC_00003450	1	1	1	0	1.0	1.0	1.0	0.0	0.0	0.0
GC_00003451	1	1	1	0	1.0	1.0	1.0	0.0	0.0	0.0
GC_00003452	1	1	1	0	1.0	1.0	1.0	0.0	0.0	0.0
GC_00003453	1	1	1	0	1.0	1.0	1.0	0.0	0.0	0.0
GC_00003454	1	1	1	0	1.0	1.0	1.0	0.0	0.0	0.0
GC_00003455	1	1	1	0	1.0	1.0	1.0	0.0	0.0	0.0
GC_00003456	1	1	1	0	1.0	1.0	1.0	0.0	0.0	0.0
GC_00003457	1	1	1	0	1.0	1.0	1.0	0.0	0.0	0.0
GC_00003458	1	1	1	0	1.0	1.0	1.0	0.0	0.0	0.0
GC_00003459	1	1	1	0	1.0	1.0	1.0	0.0	0.0	0.0
GC_00003460	1	1	1	0	1.0	1.0	1.0	0.0	0.0	0.0
GC_00003461	1	1	1	0	1.0	1.0	1.0	0.0	0.0	0.0
GC_00003462	1	1	1	0	1.0	1.0	1.0	0.0	0.0	0.0
GC_00003463	1	1	1	0	1.0	1.0	1.0	0.0	0.0	0.0
GC_00003464	1	1	1	0	1.0	1.0	1.0	0.0	0.0	0.0
GC_00003465	1	1	1	0	1.0	1.0	1.0	0.0	0.0	0.0
GC_00003466	1	1	1	0	1.0	1.0	1.0	0.0	0.0	0.0
GC_00003467	1	1	1	0	1.0	1.0	1.0	0.0	0.0	0.0
GC_00003468	1	1	1	0	1.0	1.0	1.0	0.0	0.0	0.0
GC_00003469	1	1	1	0	1.0	1.0	1.0	0.0	0.0	0.0
GC_00003470	1	1	1	0	1.0	1.0	1.0	0.0	0.0	0.0
GC_00003471	1	1	1	0	1.0	1.0	1.0	0.0	0.0	0.0
GC_00003472	1	1	1	0	1.0	1.0	1.0	0.0	0.0	0.0
GC_00003473	1	1	1	0	1.0	1.0	1.0	0.0	0.0	0.0
GC_00003474	1	1	1	0	1.0	1.0	1.0	0.0	0.0	0.0
GC_00003475	1	1	1	0	1.0	1.0	1.0	0.0	0.0	0.0
GC_00003476	1	1	1	0	1.0	1.0	1.0	0.0	0.0	0.0
GC_00003477	1	1	1	0	1.0	1.0	1.0	0.0	0.0	0.0
GC_00003478	1	1	1	0	1.0	1.0	1.0	0.0	0.0	0.0
GC_00003479	1	1	1	0	1.0	1.0	1.0	0.0	0.0	0.0
GC_00003480	1	1	1	0	1.0	1.0	1.0	0.0	0.0	0.0
GC_00003481	1	1	1	0	1.0	1.0	1.0	0.0	0.0	0.0
GC_00003482	1	1	1	0	1.0	1.0	1.0	0.0	0.0	0.0
GC_00003483	1	1	1	0	1.0	1.0	1.0	0.0	0.0	0.0
GC_00003484	1	1	1	0	1.0	1.0	1.0	0.0	0.0	0.0
GC_00003485	1	1	1	0	1.0	1.0	1.0	0.0	0.0	0.0
GC_00003486	1	1	1	0	1.0	1.0	1.0	0.0	0.0	0.0
GC_00003487	1	1	1	0	1.0	1.0	1.0	0.0	0.0	0.0
GC_00003488	1	1	1	0	1.0	1.0	1.0	0.0	0.0	0.0
GC_00003489	1	1	1	0	1.0	1.0	1.0	0.0	0.0	0.0
GC_00003490	1	1	1	0	1.0	1.0	1.0	0.0	0.0	0.0
GC_00003491	1	1	1	0	1.0	1.0	1.0	0.0	0.0	0.0
GC_00003492	1	1	1	0	1.0	1.0	1.0	0.0	0.0	0.0
GC_00003493	1	1	1	0	1.0	1.0	1.0	0.0	0.0	0.0
GC_00003494	1	1	1	0	1.0	1.0	1.0	0.0	0.0	0.0
GC_00003495	1	1	1	0	1.0	1.0	1.0	0.0	0.0	0.0
GC_00003496	1	1	1	0	1.0	1.0	1.0	0.0	0.0	0.0
GC_00003497	1	1	1	0	1.0	1.0	1.0	0.0	0.0	0.0
GC_00003498	1	1	1	0	1.0	1.0	1.0	0.0	0.0	0.0
GC_00003499	1	1	1	0	1.0	1.0	1.0	0.0	0.0	0.0
GC_00003500	1	1	1	0	1.0	1.0	1.0	0.0	0.0	0.0
GC_00003501	1	1	1	0	1.0	1.0	1.0	0.0	0.0	0.0
GC_00003502	1	1	1	0	1.0	1.0	1.0	0.0	0.0	0.0
GC_00003503	1	1	1	0	1.0	1.0	1.0	0.0	0.0	0.0
GC_00003504	1	1	1	0	1.0	1.0	1.0	0.0	0.0	0.0
GC_00003505	1	1	1	0	1.0	1.0	1.0	0.0	0.0	0.0
GC_00003506	1	1	1	0	1.0	1.0	1.0	0.0	0.0	0.0
GC_00003507	1	1	1	0	1.0	1.0	1.0	0.0	0.0	0.0
GC_00003508	1	1	1	0	1.0	1.0	1.0	0.0	0.0	0.0
GC_00003509	1	1	1	0	1.0	1.0	1.0	0.0	0.0	0.0
GC_00003510	1	1	1	0	1.0	1.0	1.0	0.0	0.0	0.0
GC_00003511	1	1	1	0	1.0	1.0	1.0	0.0	0.0	0.0
GC_00003512	1	1	1	0	1.0	1.0	1.0	0.0	0.0	0.0
GC_00003513	1	1	1	0	1.0	1.0	1.0	0.0	0.0	0.0
GC_00003514	1	1	1	0	1.0	1.0	1.0	0.0	0.0	0.0
GC_00003515	1	1	1	0	1.0	1.0	1.0	0.0	0.0	0.0
GC_00003516	1	1	1	0	1.0	1.0	1.0	0.0	0.0	0.0
GC_00003517	1	1	1	0	1.0	1.0	1.0	0.0	0.0	0.0
GC_00003518	1	1	1	0	1.0	1.0	1.0	0.0	0.0	0.0
GC_00003519	1	1	1	0	1.0	1.0	1.0	0.0	0.0	0.0
GC_00003520	1	1	1	0	1.0	1.0	1.0	0.0	0.0	0.0
GC_00003521	1	1	1	0	1.0	1.0	1.0	0.0	0.0	0.0
GC_00003522	1	1	1	0	1.0	1.0	1.0	0.0	0.0	0.0
GC_00003523	1	1	1	0	1.0	1.0	1.0	0.0	0.0	0.0
GC_00003524	1	1	1	0	1.0	1.0	1.0	0.0	0.0	0.0
GC_00003525	1	1	1	0	1.0	1.0	1.0	0.0	0.0	0.0
GC_00003526	1	1	1	0	1.0	1.0	1.0	0.0	0.0	0.0
GC_00003527	1	1	1	0	1.0	1.0	1.0	0.0	0.0	0.0
GC_00003528	1	1	1	0	1.0	1.0	1.0	0.0	0.0	0.0
GC_00003529	1	1	1	0	1.0	1.0	1.0	0.0	0.0	0.0
GC_00003530	1	1	1	0	1.0	1.0	1.0	0.0	0.0	0.0
GC_00003531	1	1	1	0	1.0	1.0	1.0	0.0	0.0	0.0
GC_00003532	1	1	1	0	1.0	1.0	1.0	0.0	0.0	0.0
GC_00003533	1	1	1	0	1.0	1.0	1.0	0.0	0.0	0.0
GC_00003534	1	1	1	0	1.0	1.0	1.0	0.0	0.0	0.0
GC_00003535	1	1	1	0	1.0	1.0	1.0	0.0	0.0	0.0
GC_00003536	1	1	1	0	1.0	1.0	1.0	0.0	0.0	0.0
GC_00003537	1	1	1	0	1.0	1.0	1.0	0.0	0.0	0.0
GC_00003538	1	1	1	0	1.0	1.0	1.0	0.0	0.0	0.0
GC_00003539	1	1	1	0	1.0	1.0	1.0	0.0	0.0	0.0
GC_00003540	1	1	1	0	1.0	1.0	1.0	0.0	0.0	0.0
GC_00003541	1	1	1	0	1.0	1.0	1.0	0.0	0.0	0.0
GC_00003542	1	1	1	0	1.0	1.0	1.0	0.0	0.0	0.0
GC_00003543	1	1	1	0	1.0	1.0	1.0	0.0	0.0	0.0
GC_00003544	1	1	1	0	1.0	1.0	1.0	0.0	0.0	0.0
GC_00003545	1	1	1	0	1.0	1.0	1.0	0.0	0.0	0.0
GC_00003546	1	1	1	0	1.0	1.0	1.0	0.0	0.0	0.0
GC_00003547	1	1	1	0	1.0	1.0	1.0	0.0	0.0	0.0
GC_00003548	1	1	1	0	1.0	1.0	1.0	0.0	0.0	0.0
GC_00003549	1	1	1	0	1.0	1.0	1.0	0.0	0.0	0.0
GC_00003550	1	1	1	0	1.0	1.0	1.0	0.0	0.0	0.0
GC_00003551	1	1	1	0	1.0	1.0	1.0	0.0	0.0	0.0
GC_00003552	1	1	1	0	1.0	1.0	1.0	0.0	0.0	0.0
GC_00003553	1	1	1	0	1.0	1.0	1.0	0.0	0.0	0.0
GC_00003554	1	1	1	0	1.0	1.0	1.0	0.0	0.0	0.0
GC_00003555	1	1	1	0	1.0	1.0	1.0	0.0	0.0	0.0
GC_00003556	1	1	1	0	1.0	1.0	1.0	0.0	0.0	0.0
GC_00003557	1	1	1	0	1.0	1.0	1.0	0.0	0.0	0.0
GC_00003558	1	1	1	0	1.0	1.0	1.0	0.0	0.0	0.0
GC_00003559	1	1	1	0	1.0	1.0	1.0	0.0	0.0	0.0
GC_00003560	1	1	1	0	1.0	1.0	1.0	0.0	0.0	0.0
GC_00003561	1	1	1	0	1.0	1.0	1.0	0.0	0.0	0.0
GC_00003562	1	1	1	0	1.0	1.0	1.0	0.0	0.0	0.0
GC_00003563	1	1	1	0	1.0	1.0	1.0	0.0	0.0	0.0
GC_00003564	1	1	1	0	1.0	1.0	1.0	0.0	0.0	0.0
GC_00003565	1	1	1	0	1.0	1.0	1.0	0.0	0.0	0.0
GC_00003566	1	1	1	0	1.0	1.0	1.0	0.0	0.0	0.0
GC_00003567	1	1	1	0	1.0	1.0	1.0	0.0	0.0	0.0
GC_00003568	1	1	1	0	1.0	1.0	1.0	0.0	0.0	0.0
GC_00003569	1	1	1	0	1.0	1.0	1.0	0.0	0.0	0.0
GC_00003570	1	1	1	0	1.0	1.0	1.0	0.0	0.0	0.0
GC_00003571	1	1	1	0	1.0	1.0	1.0	0.0	0.0	0.0
GC_00003572	1	1	1	0	1.0	1.0	1.0	0.0	0.0	0.0
GC_00003573	1	1	1	0	1.0	1.0	1.0	0.0	0.0	0.0
GC_00003574	1	1	1	0	1.0	1.0	1.0	0.0	0.0	0.0
GC_00003575	1	1	1	0	1.0	1.0	1.0	0.0	0.0	0.0
GC_00003576	1	1	1	0	1.0	1.0	1.0	0.0	0.0	0.0
GC_00003577	1	1	1	0	1.0	1.0	1.0	0.0	0.0	0.0
GC_00003578	1	1	1	0	1.0	1.0	1.0	0.0	0.0	0.0
GC_00003579	1	1	1	0	1.0	1.0	1.0	0.0	0.0	0.0
GC_00003580	1	1	1	0	1.0	1.0	1.0	0.0	0.0	0.0
GC_00003581	1	1	1	0	1.0	1.0	1.0	0.0	0.0	0.0
GC_00003582	1	1	1	0	1.0	1.0	1.0	0.0	0.0	0.0
GC_00003583	1	1	1	0	1.0	1.0	1.0	0.0	0.0	0.0
GC_00003584	1	1	1	0	1.0	1.0	1.0	0.0	0.0	0.0
GC_00003585	1	1	1	0	1.0	1.0	1.0	0.0	0.0	0.0
GC_00003586	1	1	1	0	1.0	1.0	1.0	0.0	0.0	0.0
GC_00003587	1	1	1	0	1.0	1.0	1.0	0.0	0.0	0.0
GC_00003588	1	1	1	0	1.0	1.0	1.0	0.0	0.0	0.0
GC_00003589	1	1	1	0	1.0	1.0	1.0	0.0	0.0	0.0
GC_00003590	1	1	1	0	1.0	1.0	1.0	0.0	0.0	0.0
GC_00003591	1	1	1	0	1.0	1.0	1.0	0.0	0.0	0.0
GC_00003592	1	1	1	0	1.0	1.0	1.0	0.0	0.0	0.0
GC_00003593	1	1	1	0	1.0	1.0	1.0	0.0	0.0	0.0
GC_00003594	1	1	1	0	1.0	1.0	1.0	0.0	0.0	0.0
GC_00003595	1	1	1	0	1.0	1.0	1.0	0.0	0.0	0.0
GC_00003596	1	1	1	0	1.0	1.0	1.0	0.0	0.0	0.0
GC_00003597	1	1	1	0	1.0	1.0	1.0	0.0	0.0	0.0
GC_00003598	1	1	1	0	1.0	1.0	1.0	0.0	0.0	0.0
GC_00003599	1	1	1	0	1.0	1.0	1.0	0.0	0.0	0.0
GC_00003600	1	1	1	0	1.0	1.0	1.0	0.0	0.0	0.0
GC_00003601	1	1	1	0	1.0	1.0	1.0	0.0	0.0	0.0
GC_00003602	1	1	1	0	1.0	1.0	1.0	0.0	0.0	0.0
GC_00003603	1	1	1	0	1.0	1.0	1.0	0.0	0.0	0.0
GC_00003604	1	1	1	0	1.0	1.0	1.0	0.0	0.0	0.0
GC_00003605	1	1	1	0	1.0	1.0	1.0	0.0	0.0	0.0
GC_00003606	1	1	1	0	1.0	1.0	1.0	0.0	0.0	0.0
GC_00003607	1	1	1	0	1.0	1.0	1.0	0.0	0.0	0.0
GC_00003608	1	1	1	0	1.0	1.0	1.0	0.0	0.0	0.0
GC_00003609	1	1	1	0	1.0	1.0	1.0	0.0	0.0	0.0
GC_00003610	1	1	1	0	1.0	1.0	1.0	0.0	0.0	0.0
GC_00003611	1	1	1	0	1.0	1.0	1.0	0.0	0.0	0.0
GC_00003612	1	1	1	0	1.0	1.0	1.0	0.0	0.0	0.0
GC_00003613	1	1	1	0	1.0	1.0	1.0	0.0	0.0	0.0
GC_00003614	1	1	1	0	1.0	1.0	1.0	0.0	0.0	0.0
GC_00003615	1	1	1	0	1.0	1.0	1.0	0.0	0.0	0.0
GC_00003616	1	1	1	0	1.0	1.0	1.0	0.0	0.0	0.0
GC_00003617	1	1	1	0	1.0	1.0	1.0	0.0	0.0	0.0
GC_00003618	1	1	1	0	1.0	1.0	1.0	0.0	0.0	0.0
GC_00003619	1	1	1	0	1.0	1.0	1.0	0.0	0.0	0.0
GC_00003620	1	1	1	0	1.0	1.0	1.0	0.0	0.0	0.0
GC_00003621	1	1	1	0	1.0	1.0	1.0	0.0	0.0	0.0
GC_00003622	1	1	1	0	1.0	1.0	1.0	0.0	0.0	0.0
GC_00003623	1	1	1	0	1.0	1.0	1.0	0.0	0.0	0.0
GC_00003624	1	1	1	0	1.0	1.0	1.0	0.0	0.0	0.0
GC_00003625	1	1	1	0	1.0	1.0	1.0	0.0	0.0	0.0
GC_00003626	1	1	1	0	1.0	1.0	1.0	0.0	0.0	0.0
GC_00003627	1	1	1	0	1.0	1.0	1.0	0.0	0.0	0.0
GC_00003628	1	1	1	0	1.0	1.0	1.0	0.0	0.0	0.0
GC_00003629	1	1	1	0	1.0	1.0	1.0	0.0	0.0	0.0
GC_00003630	1	1	1	0	1.0	1.0	1.0	0.0	0.0	0.0
GC_00003631	1	1	1	0	1.0	1.0	1.0	0.0	0.0	0.0
GC_00003632	1	1	1	0	1.0	1.0	1.0	0.0	0.0	0.0
GC_00003633	1	1	1	0	1.0	1.0	1.0	0.0	0.0	0.0
GC_00003634	1	1	1	0	1.0	1.0	1.0	0.0	0.0	0.0
GC_00003635	1	1	1	0	1.0	1.0	1.0	0.0	0.0	0.0
GC_00003636	1	1	1	0	1.0	1.0	1.0	0.0	0.0	0.0
GC_00003637	1	1	1	0	1.0	1.0	1.0	0.0	0.0	0.0
GC_00003638	1	1	1	0	1.0	1.0	1.0	0.0	0.0	0.0
GC_00003639	1	1	1	0	1.0	1.0	1.0	0.0	0.0	0.0
GC_00003640	1	1	1	0	1.0	1.0	1.0	0.0	0.0	0.0
GC_00003641	1	1	1	0	1.0	1.0	1.0	0.0	0.0	0.0
GC_00003642	1	1	1	0	1.0	1.0	1.0	0.0	0.0	0.0
GC_00003643	1	1	1	0	1.0	1.0	1.0	0.0	0.0	0.0
GC_00003644	1	1	1	0	1.0	1.0	1.0	0.0	0.0	0.0
GC_00003645	1	1	1	0	1.0	1.0	1.0	0.0	0.0	0.0
GC_00003646	1	1	1	0	1.0	1.0	1.0	0.0	0.0	0.0
GC_00003647	1	1	1	0	1.0	1.0	1.0	0.0	0.0	0.0
GC_00003648	1	1	1	0	1.0	1.0	1.0	0.0	0.0	0.0
GC_00003649	1	1	1	0	1.0	1.0	1.0	0.0	0.0	0.0
GC_00003650	1	1	1	0	1.0	1.0	1.0	0.0	0.0	0.0
GC_00003651	1	1	1	0	1.0	1.0	1.0	0.0	0.0	0.0
GC_00003652	1	1	1	0	1.0	1.0	1.0	0.0	0.0	0.0
GC_00003653	1	1	1	0	1.0	1.0	1.0	0.0	0.0	0.0
GC_00003654	1	1	1	0	1.0	1.0	1.0	0.0	0.0	0.0
GC_00003655	1	1	1	0	1.0	1.0	1.0	0.0	0.0	0.0
GC_00003656	1	1	1	0	1.0	1.0	1.0	0.0	0.0	0.0
GC_00003657	1	1	1	0	1.0	1.0	1.0	0.0	0.0	0.0
GC_00003658	1	1	1	0	1.0	1.0	1.0	0.0	0.0	0.0
GC_00003659	1	1	1	0	1.0	1.0	1.0	0.0	0.0	0.0
GC_00003660	1	1	1	0	1.0	1.0	1.0	0.0	0.0	0.0
GC_00003661	1	1	1	0	1.0	1.0	1.0	0.0	0.0	0.0
GC_00003662	1	1	1	0	1.0	1.0	1.0	0.0	0.0	0.0
GC_00003663	1	1	1	0	1.0	1.0	1.0	0.0	0.0	0.0
GC_00003664	1	1	1	0	1.0	1.0	1.0	0.0	0.0	0.0
GC_00003665	1	1	1	0	1.0	1.0	1.0	0.0	0.0	0.0
GC_00003666	1	1	1	0	1.0	1.0	1.0	0.0	0.0	0.0
GC_00003667	1	1	1	0	1.0	1.0	1.0	0.0	0.0	0.0
GC_00003668	1	1	1	0	1.0	1.0	1.0	0.0	0.0	0.0
GC_00003669	1	1	1	0	1.0	1.0	1.0	0.0	0.0	0.0
GC_00003670	1	1	1	0	1.0	1.0	1.0	0.0	0.0	0.0
GC_00003671	1	1	1	0	1.0	1.0	1.0	0.0	0.0	0.0
GC_00003672	1	1	1	0	1.0	1.0	1.0	0.0	0.0	0.0
GC_00003673	1	1	1	0	1.0	1.0	1.0	0.0	0.0	0.0
GC_00003674	1	1	1	0	1.0	1.0	1.0	0.0	0.0	0.0
GC_00003675	1	1	1	0	1.0	1.0	1.0	0.0	0.0	0.0
GC_00003676	1	1	1	0	1.0	1.0	1.0	0.0	0.0	0.0
GC_00003677	1	1	1	0	1.0	1.0	1.0	0.0	0.0	0.0
GC_00003678	1	1	1	0	1.0	1.0	1.0	0.0	0.0	0.0
GC_00003679	1	1	1	0	1.0	1.0	1.0	0.0	0.0	0.0
GC_00003680	1	1	1	0	1.0	1.0	1.0	0.0	0.0	0.0
GC_00003681	1	1	1	0	1.0	1.0	1.0	0.0	0.0	0.0
GC_00003682	1	1	1	0	1.0	1.0	1.0	0.0	0.0	0.0
GC_00003683	1	1	1	0	1.0	1.0	1.0	0.0	0.0	0.0
GC_00003684	1	1	1	0	1.0	1.0	1.0	0.0	0.0	0.0
GC_00003685	1	1	1	0	1.0	1.0	1.0	0.0	0.0	0.0
GC_00003686	1	1	1	0	1.0	1.0	1.0	0.0	0.0	0.0
GC_00003687	1	1	1	0	1.0	1.0	1.0	0.0	0.0	0.0
GC_00003688	1	1	1	0	1.0	1.0	1.0	0.0	0.0	0.0
GC_00003689	1	1	1	0	1.0	1.0	1.0	0.0	0.0	0.0
GC_00003690	1	1	1	0	1.0	1.0	1.0	0.0	0.0	0.0
GC_00003691	1	1	1	0	1.0	1.0	1.0	0.0	0.0	0.0
GC_00003692	1	1	1	0	1.0	1.0	1.0	0.0	0.0	0.0
GC_00003693	1	1	1	0	1.0	1.0	1.0	0.0	0.0	0.0
GC_00003694	1	1	1	0	1.0	1.0	1.0	0.0	0.0	0.0
GC_00003695	1	1	1	0	1.0	1.0	1.0	0.0	0.0	0.0
GC_00003696	1	1	1	0	1.0	1.0	1.0	0.0	0.0	0.0
GC_00003697	1	1	1	0	1.0	1.0	1.0	0.0	0.0	0.0
GC_00003698	1	1	1	0	1.0	1.0	1.0	0.0	0.0	0.0
GC_00003699	1	1	1	0	1.0	1.0	1.0	0.0	0.0	0.0
GC_00003700	1	1	1	0	1.0	1.0	1.0	0.0	0.0	0.0
GC_00003701	1	1	1	0	1.0	1.0	1.0	0.0	0.0	0.0
GC_00003702	1	1	1	0	1.0	1.0	1.0	0.0	0.0	0.0
GC_00003703	1	1	1	0	1.0	1.0	1.0	0.0	0.0	0.0
GC_00003704	1	1	1	0	1.0	1.0	1.0	0.0	0.0	0.0
GC_00003705	1	1	1	0	1.0	1.0	1.0	0.0	0.0	0.0
GC_00003706	1	1	1	0	1.0	1.0	1.0	0.0	0.0	0.0
GC_00003707	1	1	1	0	1.0	1.0	1.0	0.0	0.0	0.0
GC_00003708	1	1	1	0	1.0	1.0	1.0	0.0	0.0	0.0
GC_00003709	1	1	1	0	1.0	1.0	1.0	0.0	0.0	0.0
GC_00003710	1	1	1	0	1.0	1.0	1.0	0.0	0.0	0.0
GC_00003711	1	1	1	0	1.0	1.0	1.0	0.0	0.0	0.0
GC_00003712	1	1	1	0	1.0	1.0	1.0	0.0	0.0	0.0
GC_00003713	1	1	1	0	1.0	1.0	1.0	0.0	0.0	0.0
GC_00003714	1	1	1	0	1.0	1.0	1.0	0.0	0.0	0.0
GC_00003715	1	1	1	0	1.0	1.0	1.0	0.0	0.0	0.0
GC_00003716	1	1	1	0	1.0	1.0	1.0	0.0	0.0	0.0
GC_00003717	1	1	1	0	1.0	1.0	1.0	0.0	0.0	0.0
GC_00003718	1	1	1	0	1.0	1.0	1.0	0.0	0.0	0.0
GC_00003719	1	1	1	0	1.0	1.0	1.0	0.0	0.0	0.0
GC_00003720	1	1	1	0	1.0	1.0	1.0	0.0	0.0	0.0
GC_00003721	1	1	1	0	1.0	1.0	1.0	0.0	0.0	0.0
GC_00003722	1	1	1	0	1.0	1.0	1.0	0.0	0.0	0.0
GC_00003723	1	1	1	0	1.0	1.0	1.0	0.0	0.0	0.0
GC_00003724	1	1	1	0	1.0	1.0	1.0	0.0	0.0	0.0
GC_00003725	1	1	1	0	1.0	1.0	1.0	0.0	0.0	0.0
GC_00003726	1	1	1	0	1.0	1.0	1.0	0.0	0.0	0.0
GC_00003727	1	1	1	0	1.0	1.0	1.0	0.0	0.0	0.0
GC_00003728	1	1	1	0	1.0	1.0	1.0	0.0	0.0	0.0
GC_00003729	1	1	1	0	1.0	1.0	1.0	0.0	0.0	0.0
GC_00003730	1	1	1	0	1.0	1.0	1.0	0.0	0.0	0.0
GC_00003731	1	1	1	0	1.0	1.0	1.0	0.0	0.0	0.0
GC_00003732	1	1	1	0	1.0	1.0	1.0	0.0	0.0	0.0
GC_00003733	1	1	1	0	1.0	1.0	1.0	0.0	0.0	0.0
GC_00003734	1	1	1	0	1.0	1.0	1.0	0.0	0.0	0.0
GC_00003735	1	1	1	0	1.0	1.0	1.0	0.0	0.0	0.0
GC_00003736	1	1	1	0	1.0	1.0	1.0	0.0	0.0	0.0
GC_00003737	1	1	1	0	1.0	1.0	1.0	0.0	0.0	0.0
GC_00003738	1	1	1	0	1.0	1.0	1.0	0.0	0.0	0.0
GC_00003739	1	1	1	0	1.0	1.0	1.0	0.0	0.0	0.0
GC_00003740	1	1	1	0	1.0	1.0	1.0	0.0	0.0	0.0
GC_00003741	1	1	1	0	1.0	1.0	1.0	0.0	0.0	0.0
GC_00003742	1	1	1	0	1.0	1.0	1.0	0.0	0.0	0.0
GC_00003743	1	1	1	0	1.0	1.0	1.0	0.0	0.0	0.0
GC_00003744	1	1	1	0	1.0	1.0	1.0	0.0	0.0	0.0
GC_00003745	1	1	1	0	1.0	1.0	1.0	0.0	0.0	0.0
GC_00003746	1	1	1	0	1.0	1.0	1.0	0.0	0.0	0.0
GC_00003747	1	1	1	0	1.0	1.0	1.0	0.0	0.0	0.0
GC_00003748	1	1	1	0	1.0	1.0	1.0	0.0	0.0	0.0
GC_00003749	1	1	1	0	1.0	1.0	1.0	0.0	0.0	0.0
GC_00003750	1	1	1	0	1.0	1.0	1.0	0.0	0.0	0.0
GC_00003751	1	1	1	0	1.0	1.0	1.0	0.0	0.0	0.0
GC_00003752	1	1	1	0	1.0	1.0	1.0	0.0	0.0	0.0
GC_00003753	1	1	1	0	1.0	1.0	1.0	0.0	0.0	0.0
GC_00003754	1	1	1	0	1.0	1.0	1.0	0.0	0.0	0.0
GC_00003755	1	1	1	0	1.0	1.0	1.0	0.0	0.0	0.0
GC_00003756	1	1	1	0	1.0	1.0	1.0	0.0	0.0	0.0
GC_00003757	1	1	1	0	1.0	1.0	1.0	0.0	0.0	0.0
GC_00003758	1	1	1	0	1.0	1.0	1.0	0.0	0.0	0.0
GC_00003759	1	1	1	0	1.0	1.0	1.0	0.0	0.0	0.0
GC_00003760	1	1	1	0	1.0	1.0	1.0	0.0	0.0	0.0
GC_00003761	1	1	1	0	1.0	1.0	1.0	0.0	0.0	0.0
GC_00003762	1	1	1	0	1.0	1.0	1.0	0.0	0.0	0.0
GC_00003763	1	1	1	0	1.0	1.0	1.0	0.0	0.0	0.0
GC_00003764	1	1	1	0	1.0	1.0	1.0	0.0	0.0	0.0
GC_00003765	1	1	1	0	1.0	1.0	1.0	0.0	0.0	0.0
GC_00003766	1	1	1	0	1.0	1.0	1.0	0.0	0.0	0.0
GC_00003767	1	1	1	0	1.0	1.0	1.0	0.0	0.0	0.0
GC_00003768	1	1	1	0	1.0	1.0	1.0	0.0	0.0	0.0
GC_00003769	1	1	1	0	1.0	1.0	1.0	0.0	0.0	0.0
GC_00003770	1	1	1	0	1.0	1.0	1.0	0.0	0.0	0.0
GC_00003771	1	1	1	0	1.0	1.0	1.0	0.0	0.0	0.0
GC_00003772	1	1	1	0	1.0	1.0	1.0	0.0	0.0	0.0
GC_00003773	1	1	1	0	1.0	1.0	1.0	0.0	0.0	0.0
GC_00003774	1	1	1	0	1.0	1.0	1.0	0.0	0.0	0.0
GC_00003775	1	1	1	0	1.0	1.0	1.0	0.0	0.0	0.0
GC_00003776	1	1	1	0	1.0	1.0	1.0	0.0	0.0	0.0
GC_00003777	1	1	1	0	1.0	1.0	1.0	0.0	0.0	0.0
GC_00003778	1	1	1	0	1.0	1.0	1.0	0.0	0.0	0.0
GC_00003779	1	1	1	0	1.0	1.0	1.0	0.0	0.0	0.0
GC_00003780	1	1	1	0	1.0	1.0	1.0	0.0	0.0	0.0
GC_00003781	1	1	1	0	1.0	1.0	1.0	0.0	0.0	0.0
GC_00003782	1	1	1	0	1.0	1.0	1.0	0.0	0.0	0.0
GC_00003783	1	1	1	0	1.0	1.0	1.0	0.0	0.0	0.0
GC_00003784	1	1	1	0	1.0	1.0	1.0	0.0	0.0	0.0
GC_00003785	1	1	1	0	1.0	1.0	1.0	0.0	0.0	0.0
GC_00003786	1	1	1	0	1.0	1.0	1.0	0.0	0.0	0.0
GC_00003787	1	1	1	0	1.0	1.0	1.0	0.0	0.0	0.0
GC_00003788	1	1	1	0	1.0	1.0	1.0	0.0	0.0	0.0
GC_00003789	1	1	1	0	1.0	1.0	1.0	0.0	0.0	0.0
GC_00003790	1	1	1	0	1.0	1.0	1.0	0.0	0.0	0.0
GC_00003791	1	1	1	0	1.0	1.0	1.0	0.0	0.0	0.0
GC_00003792	1	1	1	0	1.0	1.0	1.0	0.0	0.0	0.0
GC_00003793	1	1	1	0	1.0	1.0	1.0	0.0	0.0	0.0
GC_00003794	1	1	1	0	1.0	1.0	1.0	0.0	0.0	0.0
GC_00003795	1	1	1	0	1.0	1.0	1.0	0.0	0.0	0.0
GC_00003796	1	1	1	0	1.0	1.0	1.0	0.0	0.0	0.0
GC_00003797	1	1	1	0	1.0	1.0	1.0	0.0	0.0	0.0
GC_00003798	1	1	1	0	1.0	1.0	1.0	0.0	0.0	0.0
GC_00003799	1	1	1	0	1.0	1.0	1.0	0.0	0.0	0.0
GC_00003800	1	1	1	0	1.0	1.0	1.0	0.0	0.0	0.0
GC_00003801	1	1	1	0	1.0	1.0	1.0	0.0	0.0	0.0
GC_00003802	1	1	1	0	1.0	1.0	1.0	0.0	0.0	0.0
GC_00003803	1	1	1	0	1.0	1.0	1.0	0.0	0.0	0.0
GC_00003804	1	1	1	0	1.0	1.0	1.0	0.0	0.0	0.0
GC_00003805	1	1	1	0	1.0	1.0	1.0	0.0	0.0	0.0
GC_00003806	1	1	1	0	1.0	1.0	1.0	0.0	0.0	0.0
GC_00003807	1	1	1	0	1.0	1.0	1.0	0.0	0.0	0.0
GC_00003808	1	1	1	0	1.0	1.0	1.0	0.0	0.0	0.0
GC_00003809	1	1	1	0	1.0	1.0	1.0	0.0	0.0	0.0
GC_00003810	1	1	1	0	1.0	1.0	1.0	0.0	0.0	0.0
GC_00003811	1	1	1	0	1.0	1.0	1.0	0.0	0.0	0.0
GC_00003812	1	1	1	0	1.0	1.0	1.0	0.0	0.0	0.0
GC_00003813	1	1	1	0	1.0	1.0	1.0	0.0	0.0	0.0
GC_00003814	1	1	1	0	1.0	1.0	1.0	0.0	0.0	0.0
GC_00003815	1	1	1	0	1.0	1.0	1.0	0.0	0.0	0.0
GC_00003816	1	1	1	0	1.0	1.0	1.0	0.0	0.0	0.0
GC_00003817	1	1	1	0	1.0	1.0	1.0	0.0	0.0	0.0
GC_00003818	1	1	1	0	1.0	1.0	1.0	0.0	0.0	0.0
GC_00003819	1	1	1	0	1.0	1.0	1.0	0.0	0.0	0.0
GC_00003820	1	1	1	0	1.0	1.0	1.0	0.0	0.0	0.0
GC_00003821	1	1	1	0	1.0	1.0	1.0	0.0	0.0	0.0
GC_00003822	1	1	1	0	1.0	1.0	1.0	0.0	0.0	0.0
GC_00003823	1	1	1	0	1.0	1.0	1.0	0.0	0.0	0.0
GC_00003824	1	1	1	0	1.0	1.0	1.0	0.0	0.0	0.0
GC_00003825	1	1	1	0	1.0	1.0	1.0	0.0	0.0	0.0
GC_00003826	1	1	1	0	1.0	1.0	1.0	0.0	0.0	0.0
GC_00003827	1	1	1	0	1.0	1.0	1.0	0.0	0.0	0.0
GC_00003828	1	1	1	0	1.0	1.0	1.0	0.0	0.0	0.0
GC_00003829	1	1	1	0	1.0	1.0	1.0	0.0	0.0	0.0
GC_00003830	1	1	1	0	1.0	1.0	1.0	0.0	0.0	0.0
GC_00003831	1	1	1	0	1.0	1.0	1.0	0.0	0.0	0.0
GC_00003832	1	1	1	0	1.0	1.0	1.0	0.0	0.0	0.0
GC_00003833	1	1	1	0	1.0	1.0	1.0	0.0	0.0	0.0
GC_00003834	1	1	1	0	1.0	1.0	1.0	0.0	0.0	0.0
GC_00003835	1	1	1	0	1.0	1.0	1.0	0.0	0.0	0.0
GC_00003836	1	1	1	0	1.0	1.0	1.0	0.0	0.0	0.0
GC_00003837	1	1	1	0	1.0	1.0	1.0	0.0	0.0	0.0
GC_00003838	1	1	1	0	1.0	1.0	1.0	0.0	0.0	0.0
GC_00003839	1	1	1	0	1.0	1.0	1.0	0.0	0.0	0.0
GC_00003840	1	1	1	0	1.0	1.0	1.0	0.0	0.0	0.0
