query,genome,gene_cluster,gene_callers_id,subject,pident,alignment_length,evalue,bitscore,function
00000000|gene_cluster_GC_00002586|genome_name_P3124_LMG_BE|gene_callers_id_1885,P3124_LMG_BE,GC_00002586,1885,Unknown,0.0,0.0,-,0.0,Unknown - no BLAST hit found
00000001|gene_cluster_GC_00002788|genome_name_P2740_Qu_CN|gene_callers_id_1429,P2740_Qu_CN,GC_00002788,1429,sp|A0A150XSC5|CDNG_ROSEK,22.727,352.0,1.47e-13,75.1,sp|A0A150XSC5|CDNG_ROSEK c-di-GMP synthase OS=Roseivirga ehrenbergii (strain DSM 102268 / JCM 13514 / KCTC 12282 / NCIMB 14502 / KMM 6017) OX=279360 GN=cdnG PE=1 SV=1
00000002|gene_cluster_GC_00002827|genome_name_P3124_LMG_BE|gene_callers_id_1914,P3124_LMG_BE,GC_00002827,1914,Unknown,0.0,0.0,-,0.0,Unknown - no BLAST hit found
00000003|gene_cluster_GC_00003075|genome_name_P815_Cocoa_CR|gene_callers_id_841,P815_Cocoa_CR,GC_00003075,841,Unknown,0.0,0.0,-,0.0,Unknown - no BLAST hit found
00000004|gene_cluster_GC_00003061|genome_name_P3378_Banana_BE|gene_callers_id_1762,P3378_Banana_BE,GC_00003061,1762,sp|A7LXS9|BGH2A_BACO1,26.962,790.0,9.38e-83,285.0,sp|A7LXS9|BGH2A_BACO1 Beta-galactosidase BoGH2A OS=Bacteroides ovatus (strain ATCC 8483 / DSM 1896 / JCM 5824 / BCRC 10623 / CCUG 4943 / NCTC 11153) OX=411476 GN=BACOVA_02645 PE=1 SV=1
00000005|gene_cluster_GC_00002507|genome_name_P2712_SD_BE|gene_callers_id_1267,P2712_SD_BE,GC_00002507,1267,sp|O31504|DNMA_BACSU,39.382,777.0,5.600000000000001e-161,497.0,sp|O31504|DNMA_BACSU DNA methyltransferase A OS=Bacillus subtilis (strain 168) OX=224308 GN=dnmA PE=1 SV=1
00000006|gene_cluster_GC_00002886|genome_name_P2746_Cocoa_VN|gene_callers_id_1796,P2746_Cocoa_VN,GC_00002886,1796,Unknown,0.0,0.0,-,0.0,Unknown - no BLAST hit found
00000007|gene_cluster_GC_00002708|genome_name_P3378_Banana_BE|gene_callers_id_1688,P3378_Banana_BE,GC_00002708,1688,Unknown,0.0,0.0,-,0.0,Unknown - no BLAST hit found
00000008|gene_cluster_GC_00002929|genome_name_P3378_Banana_BE|gene_callers_id_1790,P3378_Banana_BE,GC_00002929,1790,Unknown,0.0,0.0,-,0.0,Unknown - no BLAST hit found
00000009|gene_cluster_GC_00002898|genome_name_Reference|gene_callers_id_705,Reference,GC_00002898,705,sp|P29284|FLP_LACCA,40.553,217.0,9.42e-55,177.0,sp|P29284|FLP_LACCA Probable transcriptional regulator flp OS=Lacticaseibacillus casei OX=1582 GN=flp PE=4 SV=1
00000010|gene_cluster_GC_00002994|genome_name_P2712_SD_BE|gene_callers_id_812,P2712_SD_BE,GC_00002994,812,Unknown,0.0,0.0,-,0.0,Unknown - no BLAST hit found
00000011|gene_cluster_GC_00002525|genome_name_P2029_Cocoa_CR|gene_callers_id_1424,P2029_Cocoa_CR,GC_00002525,1424,Unknown,0.0,0.0,-,0.0,Unknown - no BLAST hit found
00000012|gene_cluster_GC_00002545|genome_name_P3378_Banana_BE|gene_callers_id_1687,P3378_Banana_BE,GC_00002545,1687,sp|Q58577|Y1178_METJA,31.469,143.0,9.7e-09,59.7,sp|Q58577|Y1178_METJA Uncharacterized glycosyltransferase MJ1178 OS=Methanocaldococcus jannaschii (strain ATCC 43067 / DSM 2661 / JAL-1 / JCM 10045 / NBRC 100440) OX=243232 GN=MJ1178 PE=3 SV=1
00000013|gene_cluster_GC_00002647|genome_name_P800_Unknown_BE|gene_callers_id_1253,P800_Unknown_BE,GC_00002647,1253,sp|P37782|RFBF_SHIFL,31.559,263.0,2.55e-20,91.7,sp|P37782|RFBF_SHIFL dTDP-rhamnosyl transferase RfbF OS=Shigella flexneri OX=623 GN=rfbF PE=3 SV=2
00000014|gene_cluster_GC_00002791|genome_name_P2020_Cocoa_CR|gene_callers_id_921,P2020_Cocoa_CR,GC_00002791,921,Unknown,0.0,0.0,-,0.0,Unknown - no BLAST hit found
00000015|gene_cluster_GC_00003153|genome_name_P3124_LMG_BE|gene_callers_id_1055,P3124_LMG_BE,GC_00003153,1055,Unknown,0.0,0.0,-,0.0,Unknown - no BLAST hit found
00000016|gene_cluster_GC_00002530|genome_name_P815_Cocoa_CR|gene_callers_id_99,P815_Cocoa_CR,GC_00002530,99,Unknown,0.0,0.0,-,0.0,Unknown - no BLAST hit found
00000017|gene_cluster_GC_00002650|genome_name_P2176_Unknown_BE|gene_callers_id_1545,P2176_Unknown_BE,GC_00002650,1545,Unknown,0.0,0.0,-,0.0,Unknown - no BLAST hit found
00000018|gene_cluster_GC_00002913|genome_name_P2764_Cocoa_VN|gene_callers_id_1878,P2764_Cocoa_VN,GC_00002913,1878,Unknown,0.0,0.0,-,0.0,Unknown - no BLAST hit found
00000019|gene_cluster_GC_00003028|genome_name_P2740_Qu_CN|gene_callers_id_1562,P2740_Qu_CN,GC_00003028,1562,sp|A2RI75|DPPB_LACLM,50.331,302.0,8.76e-93,280.0,sp|A2RI75|DPPB_LACLM Dipeptide transport system permease protein DppB OS=Lactococcus lactis subsp. cremoris (strain MG1363) OX=416870 GN=dppB PE=1 SV=1
00000020|gene_cluster_GC_00003056|genome_name_P2176_Unknown_BE|gene_callers_id_1546,P2176_Unknown_BE,GC_00003056,1546,Unknown,0.0,0.0,-,0.0,Unknown - no BLAST hit found
00000021|gene_cluster_GC_00003072|genome_name_P2020_Cocoa_CR|gene_callers_id_341,P2020_Cocoa_CR,GC_00003072,341,Unknown,0.0,0.0,-,0.0,Unknown - no BLAST hit found
00000022|gene_cluster_GC_00003114|genome_name_P2176_Unknown_BE|gene_callers_id_1831,P2176_Unknown_BE,GC_00003114,1831,sp|O52733|XYLT_LEVBR,45.733,457.0,2.7000000000000003e-129,385.0,sp|O52733|XYLT_LEVBR D-xylose transporter OS=Levilactobacillus brevis OX=1580 GN=xylT PE=1 SV=1
00000023|gene_cluster_GC_00002551|genome_name_P2712_SD_BE|gene_callers_id_197,P2712_SD_BE,GC_00002551,197,Unknown,0.0,0.0,-,0.0,Unknown - no BLAST hit found
00000024|gene_cluster_GC_00002963|genome_name_P2020_Cocoa_CR|gene_callers_id_1193,P2020_Cocoa_CR,GC_00002963,1193,Unknown,0.0,0.0,-,0.0,Unknown - no BLAST hit found
00000025|gene_cluster_GC_00002887|genome_name_P2711_SD_BE|gene_callers_id_1591,P2711_SD_BE,GC_00002887,1591,sp|P0ACN9|CYTR_ECO57,30.539,334.0,8.73e-40,145.0,sp|P0ACN9|CYTR_ECO57 HTH-type transcriptional repressor CytR OS=Escherichia coli O157:H7 OX=83334 GN=cytR PE=3 SV=1
00000026|gene_cluster_GC_00003095|genome_name_P2746_Cocoa_VN|gene_callers_id_1842,P2746_Cocoa_VN,GC_00003095,1842,sp|P39850|CAPA_STAAU,30.935,139.0,3.54e-07,52.4,sp|P39850|CAPA_STAAU Capsular polysaccharide biosynthesis protein CapA OS=Staphylococcus aureus OX=1280 GN=capA PE=3 SV=1
00000027|gene_cluster_GC_00002919|genome_name_P800_Unknown_BE|gene_callers_id_665,P800_Unknown_BE,GC_00002919,665,Unknown,0.0,0.0,-,0.0,Unknown - no BLAST hit found
00000028|gene_cluster_GC_00003062|genome_name_P3378_Banana_BE|gene_callers_id_1776,P3378_Banana_BE,GC_00003062,1776,sp|Q9RMV4|Y6611_BACAN,25.256,293.0,2.92e-14,77.8,sp|Q9RMV4|Y6611_BACAN Uncharacterized protein pXO2-81/BXB0111/GBAA_pXO2_0111 OS=Bacillus anthracis OX=1392 GN=pXO2-81 PE=4 SV=1
00000029|gene_cluster_GC_00002999|genome_name_P2746_Cocoa_VN|gene_callers_id_200,P2746_Cocoa_VN,GC_00002999,200,Unknown,0.0,0.0,-,0.0,Unknown - no BLAST hit found
00000030|gene_cluster_GC_00002595|genome_name_P3124_LMG_BE|gene_callers_id_1633,P3124_LMG_BE,GC_00002595,1633,sp|Q9CI63|P2IN_LACLA,29.902,204.0,2.38e-14,74.3,sp|Q9CI63|P2IN_LACLA Prophage ps2 probable integrase OS=Lactococcus lactis subsp. lactis (strain IL1403) OX=272623 GN=ps201 PE=3 SV=1
00000031|gene_cluster_GC_00002950|genome_name_P815_Cocoa_CR|gene_callers_id_96,P815_Cocoa_CR,GC_00002950,96,sp|O34469|YEEB_BACSU,61.526,603.0,0.0,781.0,sp|O34469|YEEB_BACSU Putative ATP-dependent helicase YeeB OS=Bacillus subtilis (strain 168) OX=224308 GN=yeeB PE=3 SV=2
00000032|gene_cluster_GC_00002469|genome_name_P2712_SD_BE|gene_callers_id_813,P2712_SD_BE,GC_00002469,813,sp|P55681|Y4WC_SINFN,35.484,62.0,0.007,40.0,sp|P55681|Y4WC_SINFN Uncharacterized HTH-type transcriptional regulator y4wC OS=Sinorhizobium fredii (strain NBRC 101917 / NGR234) OX=394 GN=NGR_a01020 PE=4 SV=1
00000033|gene_cluster_GC_00002469|genome_name_P2712_SD_BE|gene_callers_id_220,P2712_SD_BE,GC_00002469,220,Unknown,0.0,0.0,-,0.0,Unknown - no BLAST hit found
00000034|gene_cluster_GC_00002620|genome_name_P2712_SD_BE|gene_callers_id_233,P2712_SD_BE,GC_00002620,233,sp|P75562|Y107_MYCPN,28.261,138.0,2.2e-05,47.8,sp|P75562|Y107_MYCPN Uncharacterized protein MPN_107 OS=Mycoplasma pneumoniae (strain ATCC 29342 / M129 / Subtype 1) OX=272634 GN=MPN_107 PE=4 SV=1
00000035|gene_cluster_GC_00002965|genome_name_P815_Cocoa_CR|gene_callers_id_111,P815_Cocoa_CR,GC_00002965,111,Unknown,0.0,0.0,-,0.0,Unknown - no BLAST hit found
00000036|gene_cluster_GC_00002554|genome_name_P2176_Unknown_BE|gene_callers_id_1129,P2176_Unknown_BE,GC_00002554,1129,Unknown,0.0,0.0,-,0.0,Unknown - no BLAST hit found
00000037|gene_cluster_GC_00002895|genome_name_P3124_LMG_BE|gene_callers_id_1803,P3124_LMG_BE,GC_00002895,1803,Unknown,0.0,0.0,-,0.0,Unknown - no BLAST hit found
00000038|gene_cluster_GC_00003039|genome_name_P3124_LMG_BE|gene_callers_id_1972,P3124_LMG_BE,GC_00003039,1972,Unknown,0.0,0.0,-,0.0,Unknown - no BLAST hit found
00000039|gene_cluster_GC_00002675|genome_name_P2176_Unknown_BE|gene_callers_id_1542,P2176_Unknown_BE,GC_00002675,1542,Unknown,0.0,0.0,-,0.0,Unknown - no BLAST hit found
00000040|gene_cluster_GC_00002956|genome_name_P2712_SD_BE|gene_callers_id_819,P2712_SD_BE,GC_00002956,819,Unknown,0.0,0.0,-,0.0,Unknown - no BLAST hit found
00000041|gene_cluster_GC_00002984|genome_name_P2740_Qu_CN|gene_callers_id_1554,P2740_Qu_CN,GC_00002984,1554,Unknown,0.0,0.0,-,0.0,Unknown - no BLAST hit found
00000042|gene_cluster_GC_00003012|genome_name_P2763_Cocoa_VN|gene_callers_id_1820,P2763_Cocoa_VN,GC_00003012,1820,Unknown,0.0,0.0,-,0.0,Unknown - no BLAST hit found
00000043|gene_cluster_GC_00002538|genome_name_P2740_Qu_CN|gene_callers_id_1814,P2740_Qu_CN,GC_00002538,1814,Unknown,0.0,0.0,-,0.0,Unknown - no BLAST hit found
00000044|gene_cluster_GC_00002776|genome_name_P2740_Qu_CN|gene_callers_id_1546,P2740_Qu_CN,GC_00002776,1546,sp|P37782|RFBF_SHIFL,30.112,269.0,5.03e-17,82.4,sp|P37782|RFBF_SHIFL dTDP-rhamnosyl transferase RfbF OS=Shigella flexneri OX=623 GN=rfbF PE=3 SV=2
00000045|gene_cluster_GC_00003085|genome_name_P800_Unknown_BE|gene_callers_id_633,P800_Unknown_BE,GC_00003085,633,sp|P55500|Y4IQ_SINFN,27.602,221.0,9.32e-07,52.8,sp|P55500|Y4IQ_SINFN Putative insertion sequence ATP-binding protein y4iQ/y4nD/y4sD OS=Sinorhizobium fredii (strain NBRC 101917 / NGR234) OX=394 GN=NGR_a03160 PE=3 SV=1
00000046|gene_cluster_GC_00002821|genome_name_P3333_Amaranth_BE|gene_callers_id_1886,P3333_Amaranth_BE,GC_00002821,1886,Unknown,0.0,0.0,-,0.0,Unknown - no BLAST hit found
00000047|gene_cluster_GC_00002571|genome_name_P2712_SD_BE|gene_callers_id_930,P2712_SD_BE,GC_00002571,930,sp|A8AV19|METE_STRGC,68.775,743.0,0.0,1071.0,sp|A8AV19|METE_STRGC 5-methyltetrahydropteroyltriglutamate--homocysteine methyltransferase OS=Streptococcus gordonii (strain Challis / ATCC 35105 / BCRC 15272 / CH1 / DL1 / V288) OX=467705 GN=metE PE=3 SV=1
00000048|gene_cluster_GC_00002629|genome_name_P2712_SD_BE|gene_callers_id_1377,P2712_SD_BE,GC_00002629,1377,sp|Q79CE8|T1353_SHIFL,46.408,515.0,1.82e-158,463.0,sp|Q79CE8|T1353_SHIFL Probable transposase for insertion sequence element IS1353 OS=Shigella flexneri OX=623 PE=3 SV=1
00000049|gene_cluster_GC_00002658|genome_name_P2740_Qu_CN|gene_callers_id_1648,P2740_Qu_CN,GC_00002658,1648,Unknown,0.0,0.0,-,0.0,Unknown - no BLAST hit found
00000050|gene_cluster_GC_00002940|genome_name_P3124_LMG_BE|gene_callers_id_1890,P3124_LMG_BE,GC_00002940,1890,Unknown,0.0,0.0,-,0.0,Unknown - no BLAST hit found
00000051|gene_cluster_GC_00003038|genome_name_P2712_SD_BE|gene_callers_id_1940,P2712_SD_BE,GC_00003038,1940,sp|P71055|EPSF_BACSU,30.24,334.0,8.83e-53,182.0,sp|P71055|EPSF_BACSU Putative glycosyltransferase EpsF OS=Bacillus subtilis (strain 168) OX=224308 GN=epsF PE=2 SV=1
00000052|gene_cluster_GC_00003078|genome_name_P3124_LMG_BE|gene_callers_id_1435,P3124_LMG_BE,GC_00003078,1435,Unknown,0.0,0.0,-,0.0,Unknown - no BLAST hit found
00000053|gene_cluster_GC_00002673|genome_name_P3124_LMG_BE|gene_callers_id_1941,P3124_LMG_BE,GC_00002673,1941,sp|Q1BWI2|NODI_BURO1,35.216,301.0,7.76e-45,157.0,sp|Q1BWI2|NODI_BURO1 Nod factor export ATP-binding protein I OS=Burkholderia orbicola (strain AU 1054) OX=331271 GN=nodI PE=3 SV=1
00000054|gene_cluster_GC_00002972|genome_name_P2712_SD_BE|gene_callers_id_86,P2712_SD_BE,GC_00002972,86,sp|P77425|ALLC_ECOLI,42.394,401.0,4.85e-100,306.0,sp|P77425|ALLC_ECOLI Allantoate amidohydrolase OS=Escherichia coli (strain K12) OX=83333 GN=allC PE=1 SV=1
00000055|gene_cluster_GC_00003059|genome_name_P2176_Unknown_BE|gene_callers_id_1529,P2176_Unknown_BE,GC_00003059,1529,Unknown,0.0,0.0,-,0.0,Unknown - no BLAST hit found
00000056|gene_cluster_GC_00003089|genome_name_P2176_Unknown_BE|gene_callers_id_1234,P2176_Unknown_BE,GC_00003089,1234,sp|P9WMX3|GLFT1_MYCTU,25.312,320.0,6e-19,89.0,sp|P9WMX3|GLFT1_MYCTU Galactofuranosyltransferase GlfT1 OS=Mycobacterium tuberculosis (strain ATCC 25618 / H37Rv) OX=83332 GN=glfT1 PE=1 SV=1
00000057|gene_cluster_GC_00002934|genome_name_P2740_Qu_CN|gene_callers_id_1921,P2740_Qu_CN,GC_00002934,1921,Unknown,0.0,0.0,-,0.0,Unknown - no BLAST hit found
00000058|gene_cluster_GC_00002775|genome_name_P2740_Qu_CN|gene_callers_id_1556,P2740_Qu_CN,GC_00002775,1556,Unknown,0.0,0.0,-,0.0,Unknown - no BLAST hit found
00000059|gene_cluster_GC_00002574|genome_name_P2712_SD_BE|gene_callers_id_826,P2712_SD_BE,GC_00002574,826,sp|B0B803|CLPP1_CHLT2,35.766,137.0,1.22e-16,78.6,sp|B0B803|CLPP1_CHLT2 ATP-dependent Clp protease proteolytic subunit 1 OS=Chlamydia trachomatis serovar L2 (strain ATCC VR-902B / DSM 19102 / 434/Bu) OX=471472 GN=clpP1 PE=1 SV=1
00000060|gene_cluster_GC_00003155|genome_name_P800_Unknown_BE|gene_callers_id_345,P800_Unknown_BE,GC_00003155,345,Unknown,0.0,0.0,-,0.0,Unknown - no BLAST hit found
00000061|gene_cluster_GC_00002763|genome_name_P2711_SD_BE|gene_callers_id_1764,P2711_SD_BE,GC_00002763,1764,Unknown,0.0,0.0,-,0.0,Unknown - no BLAST hit found
00000062|gene_cluster_GC_00002790|genome_name_P2740_Qu_CN|gene_callers_id_1778,P2740_Qu_CN,GC_00002790,1778,sp|Q60296|T1SH_METJA,39.796,196.0,3.94e-46,164.0,sp|Q60296|T1SH_METJA Type I restriction enzyme MjaIX specificity subunit OS=Methanocaldococcus jannaschii (strain ATCC 43067 / DSM 2661 / JAL-1 / JCM 10045 / NBRC 100440) OX=243232 GN=hsdS PE=3 SV=1
00000063|gene_cluster_GC_00002970|genome_name_P3124_LMG_BE|gene_callers_id_585,P3124_LMG_BE,GC_00002970,585,Unknown,0.0,0.0,-,0.0,Unknown - no BLAST hit found
00000064|gene_cluster_GC_00003011|genome_name_P2712_SD_BE|gene_callers_id_810,P2712_SD_BE,GC_00003011,810,Unknown,0.0,0.0,-,0.0,Unknown - no BLAST hit found
00000065|gene_cluster_GC_00002603|genome_name_P2711_SD_BE|gene_callers_id_1971,P2711_SD_BE,GC_00002603,1971,Unknown,0.0,0.0,-,0.0,Unknown - no BLAST hit found
00000066|gene_cluster_GC_00002825|genome_name_P2052_Cocoa_CR|gene_callers_id_1781,P2052_Cocoa_CR,GC_00002825,1781,sp|C9X1G6|CAS1_NEIM8,32.971,276.0,7.570000000000001e-37,136.0,sp|C9X1G6|CAS1_NEIM8 CRISPR-associated endonuclease Cas1 OS=Neisseria meningitidis serogroup C (strain 8013) OX=604162 GN=cas1 PE=3 SV=1
00000067|gene_cluster_GC_00003052|genome_name_P2176_Unknown_BE|gene_callers_id_1790,P2176_Unknown_BE,GC_00003052,1790,Unknown,0.0,0.0,-,0.0,Unknown - no BLAST hit found
00000068|gene_cluster_GC_00003111|genome_name_P815_Cocoa_CR|gene_callers_id_843,P815_Cocoa_CR,GC_00003111,843,sp|A6NMZ7|CO6A6_HUMAN,31.25,144.0,7.39e-07,53.5,sp|A6NMZ7|CO6A6_HUMAN Collagen alpha-6(VI) chain OS=Homo sapiens OX=9606 GN=COL6A6 PE=1 SV=2
00000069|gene_cluster_GC_00002816|genome_name_P3124_LMG_BE|gene_callers_id_1678,P3124_LMG_BE,GC_00002816,1678,Unknown,0.0,0.0,-,0.0,Unknown - no BLAST hit found
00000070|gene_cluster_GC_00002892|genome_name_P800_Unknown_BE|gene_callers_id_1971,P800_Unknown_BE,GC_00002892,1971,Unknown,0.0,0.0,-,0.0,Unknown - no BLAST hit found
00000071|gene_cluster_GC_00002769|genome_name_P800_Unknown_BE|gene_callers_id_1954,P800_Unknown_BE,GC_00002769,1954,Unknown,0.0,0.0,-,0.0,Unknown - no BLAST hit found
00000072|gene_cluster_GC_00003154|genome_name_P2029_Cocoa_CR|gene_callers_id_656,P2029_Cocoa_CR,GC_00003154,656,Unknown,0.0,0.0,-,0.0,Unknown - no BLAST hit found
00000073|gene_cluster_GC_00003116|genome_name_P3378_Banana_BE|gene_callers_id_514,P3378_Banana_BE,GC_00003116,514,sp|Q9WZY4|METY_THEMA,53.271,428.0,4.3500000000000005e-160,461.0,sp|Q9WZY4|METY_THEMA O-acetyl-L-homoserine sulfhydrylase OS=Thermotoga maritima (strain ATCC 43589 / DSM 3109 / JCM 10099 / NBRC 100826 / MSB8) OX=243274 GN=TM_0882 PE=1 SV=1
00000074|gene_cluster_GC_00002635|genome_name_P2176_Unknown_BE|gene_callers_id_1796,P2176_Unknown_BE,GC_00002635,1796,sp|Q42588|SAT1_ARATH,31.034,145.0,1.95e-14,72.8,"sp|Q42588|SAT1_ARATH Serine acetyltransferase 1, chloroplastic OS=Arabidopsis thaliana OX=3702 GN=SAT1 PE=1 SV=2"
00000075|gene_cluster_GC_00002535|genome_name_P3378_Banana_BE|gene_callers_id_1611,P3378_Banana_BE,GC_00002535,1611,Unknown,0.0,0.0,-,0.0,Unknown - no BLAST hit found
00000076|gene_cluster_GC_00002547|genome_name_P2712_SD_BE|gene_callers_id_1938,P2712_SD_BE,GC_00002547,1938,sp|Q5UQW4|YL373_MIMIV,25.301,166.0,8.23e-07,52.0,sp|Q5UQW4|YL373_MIMIV Uncharacterized glycosyltransferase L373 OS=Acanthamoeba polyphaga mimivirus OX=212035 GN=MIMI_L373 PE=3 SV=1
00000077|gene_cluster_GC_00002558|genome_name_P2763_Cocoa_VN|gene_callers_id_1829,P2763_Cocoa_VN,GC_00002558,1829,Unknown,0.0,0.0,-,0.0,Unknown - no BLAST hit found
00000078|gene_cluster_GC_00002801|genome_name_P2712_SD_BE|gene_callers_id_309,P2712_SD_BE,GC_00002801,309,sp|P58035|SGCB_ECOLI,30.851,94.0,8.17e-08,48.9,sp|P58035|SGCB_ECOLI Putative phosphotransferase enzyme IIB component SgcB OS=Escherichia coli (strain K12) OX=83333 GN=sgcB PE=3 SV=1
00000079|gene_cluster_GC_00002610|genome_name_P3378_Banana_BE|gene_callers_id_1768,P3378_Banana_BE,GC_00002610,1768,sp|P9WF03|RHA78_ALTSL,33.504,782.0,1.36e-139,442.0,sp|P9WF03|RHA78_ALTSL Alpha-L-rhamnosidase OS=Alteromonas sp. (strain LOR) OX=1537994 GN=LOR_34 PE=1 SV=1
00000080|gene_cluster_GC_00002730|genome_name_P2711_SD_BE|gene_callers_id_1989,P2711_SD_BE,GC_00002730,1989,Unknown,0.0,0.0,-,0.0,Unknown - no BLAST hit found
00000081|gene_cluster_GC_00003060|genome_name_Reference|gene_callers_id_699,Reference,GC_00003060,699,Unknown,0.0,0.0,-,0.0,Unknown - no BLAST hit found
00000082|gene_cluster_GC_00003021|genome_name_P2712_SD_BE|gene_callers_id_929,P2712_SD_BE,GC_00003021,929,sp|P71318|OXYR_PECCC,23.323,313.0,3.58e-16,80.9,sp|P71318|OXYR_PECCC Hydrogen peroxide-inducible genes activator OS=Pectobacterium carotovorum subsp. carotovorum OX=555 GN=oxyR PE=3 SV=1
00000083|gene_cluster_GC_00003134|genome_name_P3378_Banana_BE|gene_callers_id_1600,P3378_Banana_BE,GC_00003134,1600,Unknown,0.0,0.0,-,0.0,Unknown - no BLAST hit found
00000084|gene_cluster_GC_00002967|genome_name_P2711_SD_BE|gene_callers_id_304,P2711_SD_BE,GC_00002967,304,sp|P28267|NOLR_RHIML,38.462,52.0,0.000215,43.5,sp|P28267|NOLR_RHIML Nodulation protein NolR OS=Rhizobium meliloti OX=382 GN=nolR PE=4 SV=1
00000085|gene_cluster_GC_00002908|genome_name_P2740_Qu_CN|gene_callers_id_1565,P2740_Qu_CN,GC_00002908,1565,sp|P72479|OPPF_STRMU,60.811,296.0,3.29e-125,362.0,sp|P72479|OPPF_STRMU Oligopeptide transport ATP-binding protein OppF OS=Streptococcus mutans serotype c (strain ATCC 700610 / UA159) OX=210007 GN=oppF PE=3 SV=2
00000086|gene_cluster_GC_00002754|genome_name_P3124_LMG_BE|gene_callers_id_1568,P3124_LMG_BE,GC_00002754,1568,Unknown,0.0,0.0,-,0.0,Unknown - no BLAST hit found
00000087|gene_cluster_GC_00002592|genome_name_P800_Unknown_BE|gene_callers_id_639,P800_Unknown_BE,GC_00002592,639,Unknown,0.0,0.0,-,0.0,Unknown - no BLAST hit found
00000088|gene_cluster_GC_00002879|genome_name_Reference|gene_callers_id_704,Reference,GC_00002879,704,sp|Q5HR69|SCDA_STAEQ,24.528,106.0,0.004,37.7,sp|Q5HR69|SCDA_STAEQ Iron-sulfur cluster repair protein ScdA OS=Staphylococcus epidermidis (strain ATCC 35984 / DSM 28319 / BCRC 17069 / CCUG 31568 / BM 3577 / RP62A) OX=176279 GN=scdA PE=3 SV=1
00000089|gene_cluster_GC_00002509|genome_name_P2029_Cocoa_CR|gene_callers_id_1759,P2029_Cocoa_CR,GC_00002509,1759,Unknown,0.0,0.0,-,0.0,Unknown - no BLAST hit found
00000090|gene_cluster_GC_00002569|genome_name_P2764_Cocoa_VN|gene_callers_id_993,P2764_Cocoa_VN,GC_00002569,993,sp|P96629|INT_BACSU,35.565,239.0,5.47e-41,147.0,sp|P96629|INT_BACSU ICEBs1 integrase OS=Bacillus subtilis (strain 168) OX=224308 GN=int PE=3 SV=1
00000091|gene_cluster_GC_00003058|genome_name_P3124_LMG_BE|gene_callers_id_2017,P3124_LMG_BE,GC_00003058,2017,sp|B8DBU4|LEU1_LISMH,80.769,26.0,7.4e-08,48.1,sp|B8DBU4|LEU1_LISMH 2-isopropylmalate synthase OS=Listeria monocytogenes serotype 4a (strain HCC23) OX=552536 GN=leuA PE=3 SV=1
00000092|gene_cluster_GC_00003027|genome_name_P2176_Unknown_BE|gene_callers_id_1557,P2176_Unknown_BE,GC_00003027,1557,sp|P9WJR3|MOAE1_MYCTU,47.059,34.0,0.001,38.5,sp|P9WJR3|MOAE1_MYCTU Molybdopterin synthase catalytic subunit 1 OS=Mycobacterium tuberculosis (strain ATCC 25618 / H37Rv) OX=83332 GN=moaE1 PE=1 SV=1
00000093|gene_cluster_GC_00002802|genome_name_P815_Cocoa_CR|gene_callers_id_71,P815_Cocoa_CR,GC_00002802,71,sp|Q47MU2|CLPP2_THEFY,31.325,166.0,1.07e-17,81.3,sp|Q47MU2|CLPP2_THEFY ATP-dependent Clp protease proteolytic subunit 2 OS=Thermobifida fusca (strain YX) OX=269800 GN=clpP2 PE=3 SV=1
00000094|gene_cluster_GC_00003091|genome_name_P363_Unknown_BE|gene_callers_id_1829,P363_Unknown_BE,GC_00003091,1829,Unknown,0.0,0.0,-,0.0,Unknown - no BLAST hit found
00000095|gene_cluster_GC_00002715|genome_name_P2746_Cocoa_VN|gene_callers_id_171,P2746_Cocoa_VN,GC_00002715,171,Unknown,0.0,0.0,-,0.0,Unknown - no BLAST hit found
00000096|gene_cluster_GC_00002609|genome_name_P2176_Unknown_BE|gene_callers_id_438,P2176_Unknown_BE,GC_00002609,438,Unknown,0.0,0.0,-,0.0,Unknown - no BLAST hit found
00000097|gene_cluster_GC_00002723|genome_name_P815_Cocoa_CR|gene_callers_id_84,P815_Cocoa_CR,GC_00002723,84,sp|Q5UQ22|YL207_MIMIV,30.0,160.0,6.04e-13,76.3,sp|Q5UQ22|YL207_MIMIV Putative helicase L207/L206 OS=Acanthamoeba polyphaga mimivirus OX=212035 GN=MIMI_L206 PE=4 SV=2
00000098|gene_cluster_GC_00002860|genome_name_P3124_LMG_BE|gene_callers_id_1945,P3124_LMG_BE,GC_00002860,1945,sp|O31844|CZRA_BACSU,39.241,79.0,1.91e-08,51.6,sp|O31844|CZRA_BACSU HTH-type transcriptional repressor CzrA OS=Bacillus subtilis (strain 168) OX=224308 GN=czrA PE=1 SV=1
00000099|gene_cluster_GC_00002637|genome_name_P2764_Cocoa_VN|gene_callers_id_1585,P2764_Cocoa_VN,GC_00002637,1585,sp|Q58577|Y1178_METJA,32.927,164.0,7.14e-11,66.6,sp|Q58577|Y1178_METJA Uncharacterized glycosyltransferase MJ1178 OS=Methanocaldococcus jannaschii (strain ATCC 43067 / DSM 2661 / JAL-1 / JCM 10045 / NBRC 100440) OX=243232 GN=MJ1178 PE=3 SV=1
00000100|gene_cluster_GC_00002756|genome_name_P2020_Cocoa_CR|gene_callers_id_1183,P2020_Cocoa_CR,GC_00002756,1183,Unknown,0.0,0.0,-,0.0,Unknown - no BLAST hit found
00000101|gene_cluster_GC_00002938|genome_name_P2176_Unknown_BE|gene_callers_id_1538,P2176_Unknown_BE,GC_00002938,1538,Unknown,0.0,0.0,-,0.0,Unknown - no BLAST hit found
00000102|gene_cluster_GC_00002856|genome_name_P2764_Cocoa_VN|gene_callers_id_1714,P2764_Cocoa_VN,GC_00002856,1714,sp|O08455|YHAN_BACSU,26.061,165.0,2.16e-08,62.0,sp|O08455|YHAN_BACSU Uncharacterized protein YhaN OS=Bacillus subtilis (strain 168) OX=224308 GN=yhaN PE=2 SV=1
00000103|gene_cluster_GC_00002676|genome_name_P2176_Unknown_BE|gene_callers_id_1793,P2176_Unknown_BE,GC_00002676,1793,sp|A0A0H2UR96|GLYG_STRPN,32.314,229.0,4.04e-26,108.0,sp|A0A0H2UR96|GLYG_STRPN Glycosyltransferase GlyG OS=Streptococcus pneumoniae serotype 4 (strain ATCC BAA-334 / TIGR4) OX=170187 GN=glyG PE=1 SV=1
00000104|gene_cluster_GC_00003073|genome_name_P2764_Cocoa_VN|gene_callers_id_1745,P2764_Cocoa_VN,GC_00003073,1745,Unknown,0.0,0.0,-,0.0,Unknown - no BLAST hit found
00000105|gene_cluster_GC_00002672|genome_name_P3378_Banana_BE|gene_callers_id_1599,P3378_Banana_BE,GC_00002672,1599,Unknown,0.0,0.0,-,0.0,Unknown - no BLAST hit found
00000106|gene_cluster_GC_00002308|genome_name_P360_Cocoa_CR|gene_callers_id_1889,P360_Cocoa_CR,GC_00002308,1889,Unknown,0.0,0.0,-,0.0,Unknown - no BLAST hit found
00000107|gene_cluster_GC_00002308|genome_name_P360_Cocoa_CR|gene_callers_id_1890,P360_Cocoa_CR,GC_00002308,1890,Unknown,0.0,0.0,-,0.0,Unknown - no BLAST hit found
00000108|gene_cluster_GC_00002495|genome_name_P3124_LMG_BE|gene_callers_id_1040,P3124_LMG_BE,GC_00002495,1040,Unknown,0.0,0.0,-,0.0,Unknown - no BLAST hit found
00000109|gene_cluster_GC_00002495|genome_name_P3124_LMG_BE|gene_callers_id_200,P3124_LMG_BE,GC_00002495,200,Unknown,0.0,0.0,-,0.0,Unknown - no BLAST hit found
00000110|gene_cluster_GC_00002840|genome_name_P360_Cocoa_CR|gene_callers_id_1497,P360_Cocoa_CR,GC_00002840,1497,sp|B7IE18|MURJ_THEAB,25.806,465.0,4.6800000000000005e-21,99.4,sp|B7IE18|MURJ_THEAB Lipid II flippase MurJ OS=Thermosipho africanus (strain TCF52B) OX=484019 GN=murJ PE=1 SV=1
00000111|gene_cluster_GC_00002534|genome_name_P2020_Cocoa_CR|gene_callers_id_1207,P2020_Cocoa_CR,GC_00002534,1207,Unknown,0.0,0.0,-,0.0,Unknown - no BLAST hit found
00000112|gene_cluster_GC_00002806|genome_name_P2176_Unknown_BE|gene_callers_id_1745,P2176_Unknown_BE,GC_00002806,1745,Unknown,0.0,0.0,-,0.0,Unknown - no BLAST hit found
00000113|gene_cluster_GC_00002832|genome_name_P3124_LMG_BE|gene_callers_id_1931,P3124_LMG_BE,GC_00002832,1931,sp|Q38441|YOR5_BPSPP,55.263,38.0,1.2e-06,43.5,sp|Q38441|YOR5_BPSPP Uncharacterized 10.3 kDa protein in GP2-GP6 intergenic region OS=Bacillus phage SPP1 OX=10724 PE=4 SV=1
00000114|gene_cluster_GC_00002779|genome_name_P2029_Cocoa_CR|gene_callers_id_1422,P2029_Cocoa_CR,GC_00002779,1422,Unknown,0.0,0.0,-,0.0,Unknown - no BLAST hit found
00000115|gene_cluster_GC_00002528|genome_name_P2740_Qu_CN|gene_callers_id_1566,P2740_Qu_CN,GC_00002528,1566,sp|G3XP38|OTASE_ASPNA,30.11,362.0,2.1500000000000002e-32,130.0,sp|G3XP38|OTASE_ASPNA Ochratoxinase OS=Aspergillus niger (strain ATCC 1015 / CBS 113.46 / FGSC A1144 / LSHB Ac4 / NCTC 3858a / NRRL 328 / USDA 3528.7) OX=380704 GN=Am2 PE=1 SV=1
00000116|gene_cluster_GC_00002263|genome_name_P2740_Qu_CN|gene_callers_id_1842,P2740_Qu_CN,GC_00002263,1842,Unknown,0.0,0.0,-,0.0,Unknown - no BLAST hit found
00000117|gene_cluster_GC_00002263|genome_name_P2740_Qu_CN|gene_callers_id_1243,P2740_Qu_CN,GC_00002263,1243,Unknown,0.0,0.0,-,0.0,Unknown - no BLAST hit found
00000118|gene_cluster_GC_00002263|genome_name_P2740_Qu_CN|gene_callers_id_1933,P2740_Qu_CN,GC_00002263,1933,Unknown,0.0,0.0,-,0.0,Unknown - no BLAST hit found
00000119|gene_cluster_GC_00002587|genome_name_P360_Cocoa_CR|gene_callers_id_1826,P360_Cocoa_CR,GC_00002587,1826,Unknown,0.0,0.0,-,0.0,Unknown - no BLAST hit found
00000120|gene_cluster_GC_00002989|genome_name_P2764_Cocoa_VN|gene_callers_id_1589,P2764_Cocoa_VN,GC_00002989,1589,sp|P32057|WCAI_ECOLI,24.709,429.0,5.42e-18,88.6,sp|P32057|WCAI_ECOLI Putative colanic acid biosynthesis glycosyl transferase WcaI OS=Escherichia coli (strain K12) OX=83333 GN=wcaI PE=4 SV=1
00000121|gene_cluster_GC_00003150|genome_name_P815_Cocoa_CR|gene_callers_id_1876,P815_Cocoa_CR,GC_00003150,1876,Unknown,0.0,0.0,-,0.0,Unknown - no BLAST hit found
00000122|gene_cluster_GC_00002751|genome_name_P815_Cocoa_CR|gene_callers_id_78,P815_Cocoa_CR,GC_00002751,78,sp|Q9S4X2|YUBD_ECOLI,28.194,227.0,1.49e-15,79.0,sp|Q9S4X2|YUBD_ECOLI Putative methylase YubD OS=Escherichia coli (strain K12) OX=83333 GN=yubD PE=3 SV=1
00000123|gene_cluster_GC_00002705|genome_name_P2711_SD_BE|gene_callers_id_520,P2711_SD_BE,GC_00002705,520,sp|Q01336|YCR2_PSEVU,53.875,529.0,0.0,613.0,sp|Q01336|YCR2_PSEVU Uncharacterized family 31 glucosidase ORF2 (Fragment) OS=Pseudescherichia vulneris OX=566 PE=3 SV=1
00000124|gene_cluster_GC_00003107|genome_name_P2763_Cocoa_VN|gene_callers_id_1790,P2763_Cocoa_VN,GC_00003107,1790,Unknown,0.0,0.0,-,0.0,Unknown - no BLAST hit found
00000125|gene_cluster_GC_00002527|genome_name_P2764_Cocoa_VN|gene_callers_id_1656,P2764_Cocoa_VN,GC_00002527,1656,Unknown,0.0,0.0,-,0.0,Unknown - no BLAST hit found
00000126|gene_cluster_GC_00002648|genome_name_P800_Unknown_BE|gene_callers_id_1945,P800_Unknown_BE,GC_00002648,1945,Unknown,0.0,0.0,-,0.0,Unknown - no BLAST hit found
00000127|gene_cluster_GC_00002544|genome_name_P2024_Cocoa_CR|gene_callers_id_1831,P2024_Cocoa_CR,GC_00002544,1831,Unknown,0.0,0.0,-,0.0,Unknown - no BLAST hit found
00000128|gene_cluster_GC_00002767|genome_name_Reference|gene_callers_id_160,Reference,GC_00002767,160,sp|Q7WTB0|LACR_LACHE,41.141,333.0,3.86e-86,265.0,sp|Q7WTB0|LACR_LACHE HTH-type transcriptional regulator LacR OS=Lactobacillus helveticus OX=1587 GN=lacR PE=2 SV=1
00000129|gene_cluster_GC_00003115|genome_name_P2712_SD_BE|gene_callers_id_229,P2712_SD_BE,GC_00003115,229,sp|P96633|YDCP_BACSU,36.364,110.0,3.47e-08,50.8,sp|P96633|YDCP_BACSU Putative uncharacterized protein YdcP OS=Bacillus subtilis (strain 168) OX=224308 GN=ydcP PE=4 SV=1
00000130|gene_cluster_GC_00002523|genome_name_P3124_LMG_BE|gene_callers_id_225,P3124_LMG_BE,GC_00002523,225,Unknown,0.0,0.0,-,0.0,Unknown - no BLAST hit found
00000131|gene_cluster_GC_00002812|genome_name_P2176_Unknown_BE|gene_callers_id_1531,P2176_Unknown_BE,GC_00002812,1531,sp|Q57594|T1S1_METJA,28.431,408.0,1.4e-32,130.0,sp|Q57594|T1S1_METJA Type I restriction enzyme MjaVII specificity subunit OS=Methanocaldococcus jannaschii (strain ATCC 43067 / DSM 2661 / JAL-1 / JCM 10045 / NBRC 100440) OX=243232 GN=MJ0130 PE=1 SV=3
00000132|gene_cluster_GC_00002556|genome_name_P2052_Cocoa_CR|gene_callers_id_696,P2052_Cocoa_CR,GC_00002556,696,Unknown,0.0,0.0,-,0.0,Unknown - no BLAST hit found
00000133|gene_cluster_GC_00002722|genome_name_P815_Cocoa_CR|gene_callers_id_75,P815_Cocoa_CR,GC_00002722,75,sp|Q9MCT1|TERL_BPHK7,32.794,494.0,5.37e-75,249.0,"sp|Q9MCT1|TERL_BPHK7 Terminase, large subunit OS=Enterobacteria phage HK97 OX=2681617 GN=2 PE=1 SV=1"
00000134|gene_cluster_GC_00002841|genome_name_P2746_Cocoa_VN|gene_callers_id_1226,P2746_Cocoa_VN,GC_00002841,1226,Unknown,0.0,0.0,-,0.0,Unknown - no BLAST hit found
00000135|gene_cluster_GC_00002578|genome_name_P2746_Cocoa_VN|gene_callers_id_1797,P2746_Cocoa_VN,GC_00002578,1797,sp|P71057|EPSH_BACSU,25.974,231.0,1.99e-22,99.4,sp|P71057|EPSH_BACSU Putative glycosyltransferase EpsH OS=Bacillus subtilis (strain 168) OX=224308 GN=epsH PE=2 SV=1
00000136|gene_cluster_GC_00002624|genome_name_P815_Cocoa_CR|gene_callers_id_89,P815_Cocoa_CR,GC_00002624,89,Unknown,0.0,0.0,-,0.0,Unknown - no BLAST hit found
00000137|gene_cluster_GC_00002951|genome_name_P2052_Cocoa_CR|gene_callers_id_1115,P2052_Cocoa_CR,GC_00002951,1115,Unknown,0.0,0.0,-,0.0,Unknown - no BLAST hit found
00000138|gene_cluster_GC_00003106|genome_name_P3124_LMG_BE|gene_callers_id_1911,P3124_LMG_BE,GC_00003106,1911,Unknown,0.0,0.0,-,0.0,Unknown - no BLAST hit found
00000139|gene_cluster_GC_00003131|genome_name_P2740_Qu_CN|gene_callers_id_1854,P2740_Qu_CN,GC_00003131,1854,Unknown,0.0,0.0,-,0.0,Unknown - no BLAST hit found
00000140|gene_cluster_GC_00002696|genome_name_P2176_Unknown_BE|gene_callers_id_1233,P2176_Unknown_BE,GC_00002696,1233,sp|Q0P9C7|PGLJ_CAMJE,28.729,181.0,6.02e-15,78.6,"sp|Q0P9C7|PGLJ_CAMJE N-acetylgalactosamine-N,N'-diacetylbacillosaminyl-diphospho-undecaprenol 4-alpha-N-acetylgalactosaminyltransferase OS=Campylobacter jejuni subsp. jejuni serotype O:2 (strain ATCC 700819 / NCTC 11168) OX=192222 GN=pglJ PE=1 SV=1"
00000141|gene_cluster_GC_00002897|genome_name_P2746_Cocoa_VN|gene_callers_id_213,P2746_Cocoa_VN,GC_00002897,213,Unknown,0.0,0.0,-,0.0,Unknown - no BLAST hit found
00000142|gene_cluster_GC_00003030|genome_name_P3124_LMG_BE|gene_callers_id_1032,P3124_LMG_BE,GC_00003030,1032,sp|Q0PDK7|TMP_BPSPP,32.812,320.0,7.659999999999999e-41,166.0,sp|Q0PDK7|TMP_BPSPP Tail tape measure protein gp18 OS=Bacillus phage SPP1 OX=10724 PE=4 SV=1
00000143|gene_cluster_GC_00003149|genome_name_P3378_Banana_BE|gene_callers_id_1777,P3378_Banana_BE,GC_00003149,1777,Unknown,0.0,0.0,-,0.0,Unknown - no BLAST hit found
00000144|gene_cluster_GC_00002758|genome_name_P815_Cocoa_CR|gene_callers_id_838,P815_Cocoa_CR,GC_00002758,838,Unknown,0.0,0.0,-,0.0,Unknown - no BLAST hit found
00000145|gene_cluster_GC_00002689|genome_name_P3124_LMG_BE|gene_callers_id_583,P3124_LMG_BE,GC_00002689,583,Unknown,0.0,0.0,-,0.0,Unknown - no BLAST hit found
00000146|gene_cluster_GC_00002698|genome_name_P800_Unknown_BE|gene_callers_id_1857,P800_Unknown_BE,GC_00002698,1857,Unknown,0.0,0.0,-,0.0,Unknown - no BLAST hit found
00000147|gene_cluster_GC_00002819|genome_name_P2711_SD_BE|gene_callers_id_310,P2711_SD_BE,GC_00002819,310,Unknown,0.0,0.0,-,0.0,Unknown - no BLAST hit found
00000148|gene_cluster_GC_00002633|genome_name_P2740_Qu_CN|gene_callers_id_1941,P2740_Qu_CN,GC_00002633,1941,Unknown,0.0,0.0,-,0.0,Unknown - no BLAST hit found
00000149|gene_cluster_GC_00003139|genome_name_P2052_Cocoa_CR|gene_callers_id_643,P2052_Cocoa_CR,GC_00003139,643,Unknown,0.0,0.0,-,0.0,Unknown - no BLAST hit found
00000150|gene_cluster_GC_00003042|genome_name_P2712_SD_BE|gene_callers_id_816,P2712_SD_BE,GC_00003042,816,Unknown,0.0,0.0,-,0.0,Unknown - no BLAST hit found
00000151|gene_cluster_GC_00002591|genome_name_P2020_Cocoa_CR|gene_callers_id_1184,P2020_Cocoa_CR,GC_00002591,1184,Unknown,0.0,0.0,-,0.0,Unknown - no BLAST hit found
00000152|gene_cluster_GC_00002677|genome_name_P2024_Cocoa_CR|gene_callers_id_1578,P2024_Cocoa_CR,GC_00002677,1578,sp|P0ADI3|TNR3_KLEPN,52.941,34.0,0.004,40.4,sp|P0ADI3|TNR3_KLEPN Transposon Tn3 resolvase OS=Klebsiella pneumoniae OX=573 GN=tnpR PE=3 SV=1
00000153|gene_cluster_GC_00002983|genome_name_P815_Cocoa_CR|gene_callers_id_66,P815_Cocoa_CR,GC_00002983,66,Unknown,0.0,0.0,-,0.0,Unknown - no BLAST hit found
00000154|gene_cluster_GC_00002694|genome_name_P3124_LMG_BE|gene_callers_id_1954,P3124_LMG_BE,GC_00002694,1954,Unknown,0.0,0.0,-,0.0,Unknown - no BLAST hit found
00000155|gene_cluster_GC_00002516|genome_name_P2029_Cocoa_CR|gene_callers_id_467,P2029_Cocoa_CR,GC_00002516,467,Unknown,0.0,0.0,-,0.0,Unknown - no BLAST hit found
00000156|gene_cluster_GC_00002894|genome_name_P3378_Banana_BE|gene_callers_id_966,P3378_Banana_BE,GC_00002894,966,Unknown,0.0,0.0,-,0.0,Unknown - no BLAST hit found
00000157|gene_cluster_GC_00003014|genome_name_P363_Unknown_BE|gene_callers_id_795,P363_Unknown_BE,GC_00003014,795,sp|A0A0H2UR96|GLYG_STRPN,31.12,241.0,9.860000000000001e-26,105.0,sp|A0A0H2UR96|GLYG_STRPN Glycosyltransferase GlyG OS=Streptococcus pneumoniae serotype 4 (strain ATCC BAA-334 / TIGR4) OX=170187 GN=glyG PE=1 SV=1
00000158|gene_cluster_GC_00002641|genome_name_P2764_Cocoa_VN|gene_callers_id_1708,P2764_Cocoa_VN,GC_00002641,1708,Unknown,0.0,0.0,-,0.0,Unknown - no BLAST hit found
00000159|gene_cluster_GC_00002943|genome_name_P240_SD_IT|gene_callers_id_2082,P240_SD_IT,GC_00002943,2082,Unknown,0.0,0.0,-,0.0,Unknown - no BLAST hit found
00000160|gene_cluster_GC_00002872|genome_name_P3124_LMG_BE|gene_callers_id_1061,P3124_LMG_BE,GC_00002872,1061,Unknown,0.0,0.0,-,0.0,Unknown - no BLAST hit found
00000161|gene_cluster_GC_00002946|genome_name_P2764_Cocoa_VN|gene_callers_id_1813,P2764_Cocoa_VN,GC_00002946,1813,Unknown,0.0,0.0,-,0.0,Unknown - no BLAST hit found
00000162|gene_cluster_GC_00002687|genome_name_P2029_Cocoa_CR|gene_callers_id_469,P2029_Cocoa_CR,GC_00002687,469,Unknown,0.0,0.0,-,0.0,Unknown - no BLAST hit found
00000163|gene_cluster_GC_00003120|genome_name_P2764_Cocoa_VN|gene_callers_id_1853,P2764_Cocoa_VN,GC_00003120,1853,sp|P0AE71|MAZF_ECO57,40.244,82.0,1.83e-09,54.7,sp|P0AE71|MAZF_ECO57 Endoribonuclease MazF OS=Escherichia coli O157:H7 OX=83334 GN=mazF PE=3 SV=1
00000164|gene_cluster_GC_00002526|genome_name_P2764_Cocoa_VN|gene_callers_id_1588,P2764_Cocoa_VN,GC_00002526,1588,sp|Q8L2J6|CAPD_RICTY,60.234,342.0,1.4300000000000002e-144,415.0,sp|Q8L2J6|CAPD_RICTY UDP-glucose 4-epimerase OS=Rickettsia typhi (strain ATCC VR-144 / Wilmington) OX=257363 GN=capD PE=3 SV=1
00000165|gene_cluster_GC_00002920|genome_name_P2176_Unknown_BE|gene_callers_id_1389,P2176_Unknown_BE,GC_00002920,1389,Unknown,0.0,0.0,-,0.0,Unknown - no BLAST hit found
00000166|gene_cluster_GC_00002537|genome_name_P815_Cocoa_CR|gene_callers_id_77,P815_Cocoa_CR,GC_00002537,77,Unknown,0.0,0.0,-,0.0,Unknown - no BLAST hit found
00000167|gene_cluster_GC_00003047|genome_name_P2029_Cocoa_CR|gene_callers_id_655,P2029_Cocoa_CR,GC_00003047,655,sp|P0DW60|THSA_ENTFC,35.294,102.0,1.98e-07,57.4,sp|P0DW60|THSA_ENTFC NAD(+) hydrolase ThsA OS=Enterococcus faecium OX=1352 GN=thsA PE=1 SV=1
00000168|gene_cluster_GC_00003110|genome_name_Reference|gene_callers_id_1492,Reference,GC_00003110,1492,Unknown,0.0,0.0,-,0.0,Unknown - no BLAST hit found
00000169|gene_cluster_GC_00002732|genome_name_P2176_Unknown_BE|gene_callers_id_1982,P2176_Unknown_BE,GC_00002732,1982,Unknown,0.0,0.0,-,0.0,Unknown - no BLAST hit found
00000170|gene_cluster_GC_00002651|genome_name_P3124_LMG_BE|gene_callers_id_113,P3124_LMG_BE,GC_00002651,113,Unknown,0.0,0.0,-,0.0,Unknown - no BLAST hit found
00000171|gene_cluster_GC_00002813|genome_name_P3124_LMG_BE|gene_callers_id_1807,P3124_LMG_BE,GC_00002813,1807,Unknown,0.0,0.0,-,0.0,Unknown - no BLAST hit found
00000172|gene_cluster_GC_00002685|genome_name_P3124_LMG_BE|gene_callers_id_1862,P3124_LMG_BE,GC_00002685,1862,sp|P77735|YAJO_ECOLI,44.444,153.0,2.5500000000000002e-43,148.0,sp|P77735|YAJO_ECOLI 1-deoxyxylulose-5-phosphate synthase YajO OS=Escherichia coli (strain K12) OX=83333 GN=yajO PE=1 SV=2
00000173|gene_cluster_GC_00002741|genome_name_P3124_LMG_BE|gene_callers_id_1124,P3124_LMG_BE,GC_00002741,1124,Unknown,0.0,0.0,-,0.0,Unknown - no BLAST hit found
00000174|gene_cluster_GC_00002671|genome_name_P815_Cocoa_CR|gene_callers_id_92,P815_Cocoa_CR,GC_00002671,92,Unknown,0.0,0.0,-,0.0,Unknown - no BLAST hit found
00000175|gene_cluster_GC_00003080|genome_name_P800_Unknown_BE|gene_callers_id_1250,P800_Unknown_BE,GC_00003080,1250,sp|P46918|GGAB_BACSU,28.362,409.0,3.09e-37,147.0,sp|P46918|GGAB_BACSU Minor teichoic acid biosynthesis protein GgaB OS=Bacillus subtilis (strain 168) OX=224308 GN=ggaB PE=3 SV=1
00000176|gene_cluster_GC_00002670|genome_name_P800_Unknown_BE|gene_callers_id_1249,P800_Unknown_BE,GC_00002670,1249,Unknown,0.0,0.0,-,0.0,Unknown - no BLAST hit found
00000177|gene_cluster_GC_00002845|genome_name_P2712_SD_BE|gene_callers_id_825,P2712_SD_BE,GC_00002845,825,Unknown,0.0,0.0,-,0.0,Unknown - no BLAST hit found
00000178|gene_cluster_GC_00002704|genome_name_P3124_LMG_BE|gene_callers_id_1047,P3124_LMG_BE,GC_00002704,1047,sp|P68929|TERS_BPRH5,49.219,128.0,3.2900000000000004e-32,114.0,sp|P68929|TERS_BPRH5 Terminase small subunit OS=Bacillus phage rho15 OX=36451 GN=1 PE=3 SV=2
00000179|gene_cluster_GC_00002638|genome_name_P2712_SD_BE|gene_callers_id_1941,P2712_SD_BE,GC_00002638,1941,sp|P71055|EPSF_BACSU,27.247,356.0,6.72e-29,118.0,sp|P71055|EPSF_BACSU Putative glycosyltransferase EpsF OS=Bacillus subtilis (strain 168) OX=224308 GN=epsF PE=2 SV=1
00000180|gene_cluster_GC_00002907|genome_name_P815_Cocoa_CR|gene_callers_id_83,P815_Cocoa_CR,GC_00002907,83,sp|Q9T1Q4|VP44_BPAPS,46.067,89.0,1.91e-18,75.9,sp|Q9T1Q4|VP44_BPAPS Putative nuclease p44 OS=Acyrthosiphon pisum secondary endosymbiont phage 1 OX=2682836 GN=44 PE=3 SV=1
00000181|gene_cluster_GC_00002632|genome_name_P3124_LMG_BE|gene_callers_id_205,P3124_LMG_BE,GC_00002632,205,sp|P68928|TERS_BPSF6,42.342,111.0,3.76e-17,77.0,sp|P68928|TERS_BPSF6 Terminase small subunit OS=Bacillus phage SF6 OX=10773 GN=1 PE=1 SV=2
00000182|gene_cluster_GC_00002539|genome_name_P3124_LMG_BE|gene_callers_id_1431,P3124_LMG_BE,GC_00002539,1431,sp|Q6L5S6|WEFC_STROR,63.526,329.0,3.45e-160,453.0,sp|Q6L5S6|WEFC_STROR Receptor polysaccharide phosphotransferase WefC OS=Streptococcus oralis OX=1303 GN=wefC PE=3 SV=1
00000183|gene_cluster_GC_00002548|genome_name_Reference|gene_callers_id_209,Reference,GC_00002548,209,sp|Q4K0S9|WCWK3_STREE,33.841,328.0,3.02e-57,191.0,sp|Q4K0S9|WCWK3_STREE Capsular polysaccharide phosphotransferase WcwK OS=Streptococcus pneumoniae OX=1313 GN=wcwK PE=3 SV=1
00000184|gene_cluster_GC_00002875|genome_name_P2052_Cocoa_CR|gene_callers_id_1457,P2052_Cocoa_CR,GC_00002875,1457,sp|A0A0A7HGA1|CSM4_STRTR,41.883,308.0,4.1799999999999997e-69,222.0,sp|A0A0A7HGA1|CSM4_STRTR CRISPR system Cms protein Csm4 OS=Streptococcus thermophilus OX=1308 GN=csm4 PE=1 SV=1
00000185|gene_cluster_GC_00002533|genome_name_P2020_Cocoa_CR|gene_callers_id_1206,P2020_Cocoa_CR,GC_00002533,1206,Unknown,0.0,0.0,-,0.0,Unknown - no BLAST hit found
00000186|gene_cluster_GC_00002786|genome_name_P2020_Cocoa_CR|gene_callers_id_342,P2020_Cocoa_CR,GC_00002786,342,Unknown,0.0,0.0,-,0.0,Unknown - no BLAST hit found
00000187|gene_cluster_GC_00002839|genome_name_P2024_Cocoa_CR|gene_callers_id_1663,P2024_Cocoa_CR,GC_00002839,1663,Unknown,0.0,0.0,-,0.0,Unknown - no BLAST hit found
00000188|gene_cluster_GC_00003040|genome_name_P2764_Cocoa_VN|gene_callers_id_1307,P2764_Cocoa_VN,GC_00003040,1307,Unknown,0.0,0.0,-,0.0,Unknown - no BLAST hit found
00000189|gene_cluster_GC_00002826|genome_name_P2740_Qu_CN|gene_callers_id_1010,P2740_Qu_CN,GC_00002826,1010,Unknown,0.0,0.0,-,0.0,Unknown - no BLAST hit found
00000190|gene_cluster_GC_00002614|genome_name_P3124_LMG_BE|gene_callers_id_202,P3124_LMG_BE,GC_00002614,202,Unknown,0.0,0.0,-,0.0,Unknown - no BLAST hit found
00000191|gene_cluster_GC_00002859|genome_name_P2711_SD_BE|gene_callers_id_851,P2711_SD_BE,GC_00002859,851,Unknown,0.0,0.0,-,0.0,Unknown - no BLAST hit found
00000192|gene_cluster_GC_00002969|genome_name_P3124_LMG_BE|gene_callers_id_1123,P3124_LMG_BE,GC_00002969,1123,Unknown,0.0,0.0,-,0.0,Unknown - no BLAST hit found
00000193|gene_cluster_GC_00002833|genome_name_P2052_Cocoa_CR|gene_callers_id_1456,P2052_Cocoa_CR,GC_00002833,1456,sp|A0A0A7HIF0|CSM3_STRTR,62.1,219.0,5.65e-93,274.0,sp|A0A0A7HIF0|CSM3_STRTR CRISPR system Cms endoribonuclease Csm3 OS=Streptococcus thermophilus OX=1308 GN=csm3 PE=1 SV=1
00000194|gene_cluster_GC_00002971|genome_name_P815_Cocoa_CR|gene_callers_id_68,P815_Cocoa_CR,GC_00002971,68,Unknown,0.0,0.0,-,0.0,Unknown - no BLAST hit found
00000195|gene_cluster_GC_00003119|genome_name_P2176_Unknown_BE|gene_callers_id_1832,P2176_Unknown_BE,GC_00003119,1832,Unknown,0.0,0.0,-,0.0,Unknown - no BLAST hit found
00000196|gene_cluster_GC_00003045|genome_name_P2712_SD_BE|gene_callers_id_931,P2712_SD_BE,GC_00003045,931,sp|O67422|METF_AQUAE,36.232,276.0,9.020000000000001e-57,187.0,"sp|O67422|METF_AQUAE 5,10-methylenetetrahydrofolate reductase OS=Aquifex aeolicus (strain VF5) OX=224324 GN=metF PE=3 SV=1"
00000197|gene_cluster_GC_00002855|genome_name_P815_Cocoa_CR|gene_callers_id_1081,P815_Cocoa_CR,GC_00002855,1081,sp|Q88XJ7|CPS2G_LACPL,48.624,327.0,1.8699999999999998e-108,322.0,sp|Q88XJ7|CPS2G_LACPL Exopolysaccharide phosphotransferase cps2G OS=Lactiplantibacillus plantarum (strain ATCC BAA-793 / NCIMB 8826 / WCFS1) OX=220668 GN=cps2G PE=3 SV=1
00000198|gene_cluster_GC_00002655|genome_name_P2020_Cocoa_CR|gene_callers_id_1848,P2020_Cocoa_CR,GC_00002655,1848,sp|Q6YRM6|Y8219_ORYSJ,31.724,145.0,1.53e-12,72.0,sp|Q6YRM6|Y8219_ORYSJ Glycosyltransferase family 92 protein Os08g0121900 OS=Oryza sativa subsp. japonica OX=39947 GN=Os08g0121900 PE=2 SV=1
00000199|gene_cluster_GC_00002584|genome_name_P3124_LMG_BE|gene_callers_id_1587,P3124_LMG_BE,GC_00002584,1587,Unknown,0.0,0.0,-,0.0,Unknown - no BLAST hit found
00000200|gene_cluster_GC_00002729|genome_name_P2176_Unknown_BE|gene_callers_id_1224,P2176_Unknown_BE,GC_00002729,1224,Unknown,0.0,0.0,-,0.0,Unknown - no BLAST hit found
00000201|gene_cluster_GC_00002922|genome_name_P2764_Cocoa_VN|gene_callers_id_992,P2764_Cocoa_VN,GC_00002922,992,sp|P96629|INT_BACSU,51.304,115.0,2.2099999999999998e-30,114.0,sp|P96629|INT_BACSU ICEBs1 integrase OS=Bacillus subtilis (strain 168) OX=224308 GN=int PE=3 SV=1
00000202|gene_cluster_GC_00002957|genome_name_P2711_SD_BE|gene_callers_id_1290,P2711_SD_BE,GC_00002957,1290,sp|P0AA47|PLAP_ECOLI,31.929,451.0,4.49e-60,206.0,sp|P0AA47|PLAP_ECOLI Low-affinity putrescine importer PlaP OS=Escherichia coli (strain K12) OX=83333 GN=plaP PE=1 SV=1
00000203|gene_cluster_GC_00002795|genome_name_P3124_LMG_BE|gene_callers_id_1063,P3124_LMG_BE,GC_00002795,1063,Unknown,0.0,0.0,-,0.0,Unknown - no BLAST hit found
00000204|gene_cluster_GC_00002549|genome_name_P2712_SD_BE|gene_callers_id_1932,P2712_SD_BE,GC_00002549,1932,Unknown,0.0,0.0,-,0.0,Unknown - no BLAST hit found
00000205|gene_cluster_GC_00002407|genome_name_P2763_Cocoa_VN|gene_callers_id_1828,P2763_Cocoa_VN,GC_00002407,1828,Unknown,0.0,0.0,-,0.0,Unknown - no BLAST hit found
00000206|gene_cluster_GC_00002407|genome_name_P2763_Cocoa_VN|gene_callers_id_1827,P2763_Cocoa_VN,GC_00002407,1827,Unknown,0.0,0.0,-,0.0,Unknown - no BLAST hit found
00000207|gene_cluster_GC_00002831|genome_name_P2020_Cocoa_CR|gene_callers_id_1189,P2020_Cocoa_CR,GC_00002831,1189,Unknown,0.0,0.0,-,0.0,Unknown - no BLAST hit found
00000208|gene_cluster_GC_00002962|genome_name_P815_Cocoa_CR|gene_callers_id_85,P815_Cocoa_CR,GC_00002962,85,Unknown,0.0,0.0,-,0.0,Unknown - no BLAST hit found
00000209|gene_cluster_GC_00002662|genome_name_P815_Cocoa_CR|gene_callers_id_45,P815_Cocoa_CR,GC_00002662,45,Unknown,0.0,0.0,-,0.0,Unknown - no BLAST hit found
00000210|gene_cluster_GC_00002800|genome_name_P2176_Unknown_BE|gene_callers_id_1164,P2176_Unknown_BE,GC_00002800,1164,Unknown,0.0,0.0,-,0.0,Unknown - no BLAST hit found
00000211|gene_cluster_GC_00002597|genome_name_Reference|gene_callers_id_703,Reference,GC_00002597,703,sp|O32221|COPZ_BACSU,33.803,71.0,9.16e-10,52.4,sp|O32221|COPZ_BACSU Copper chaperone CopZ OS=Bacillus subtilis (strain 168) OX=224308 GN=copZ PE=1 SV=1
00000212|gene_cluster_GC_00002817|genome_name_P3124_LMG_BE|gene_callers_id_1887,P3124_LMG_BE,GC_00002817,1887,sp|D3WAD2|TMP_BPLP2,23.312,622.0,2.1800000000000003e-21,103.0,sp|D3WAD2|TMP_BPLP2 Probable tape measure protein OS=Lactococcus phage p2 OX=254252 PE=1 SV=1
00000213|gene_cluster_GC_00002559|genome_name_Reference|gene_callers_id_698,Reference,GC_00002559,698,Unknown,0.0,0.0,-,0.0,Unknown - no BLAST hit found
00000214|gene_cluster_GC_00002765|genome_name_P800_Unknown_BE|gene_callers_id_1261,P800_Unknown_BE,GC_00002765,1261,sp|O58525|Y795_PYRHO,36.207,58.0,0.004,39.3,sp|O58525|Y795_PYRHO UPF0148 protein PH0795 OS=Pyrococcus horikoshii (strain ATCC 700860 / DSM 12428 / JCM 9974 / NBRC 100139 / OT-3) OX=70601 GN=PH0795 PE=3 SV=1
00000215|gene_cluster_GC_00002604|genome_name_P2740_Qu_CN|gene_callers_id_290,P2740_Qu_CN,GC_00002604,290,sp|Q87GZ9|CLCA_VIBPA,37.349,83.0,1.56e-09,55.8,sp|Q87GZ9|CLCA_VIBPA H(+)/Cl(-) exchange transporter ClcA OS=Vibrio parahaemolyticus serotype O3:K6 (strain RIMD 2210633) OX=223926 GN=clcA PE=3 SV=1
00000216|gene_cluster_GC_00002692|genome_name_P2740_Qu_CN|gene_callers_id_1544,P2740_Qu_CN,GC_00002692,1544,sp|D3Q051|MSHA_STANL,23.364,214.0,9.41e-09,60.1,sp|D3Q051|MSHA_STANL D-inositol 3-phosphate glycosyltransferase OS=Stackebrandtia nassauensis (strain DSM 44728 / CIP 108903 / NRRL B-16338 / NBRC 102104 / LLR-40K-21) OX=446470 GN=mshA PE=3 SV=1
00000217|gene_cluster_GC_00002596|genome_name_P800_Unknown_BE|gene_callers_id_1843,P800_Unknown_BE,GC_00002596,1843,Unknown,0.0,0.0,-,0.0,Unknown - no BLAST hit found
00000218|gene_cluster_GC_00002842|genome_name_P2176_Unknown_BE|gene_callers_id_1528,P2176_Unknown_BE,GC_00002842,1528,Unknown,0.0,0.0,-,0.0,Unknown - no BLAST hit found
00000219|gene_cluster_GC_00002634|genome_name_P3124_LMG_BE|gene_callers_id_1434,P3124_LMG_BE,GC_00002634,1434,Unknown,0.0,0.0,-,0.0,Unknown - no BLAST hit found
00000220|gene_cluster_GC_00002921|genome_name_P3124_LMG_BE|gene_callers_id_1684,P3124_LMG_BE,GC_00002921,1684,Unknown,0.0,0.0,-,0.0,Unknown - no BLAST hit found
00000221|gene_cluster_GC_00003118|genome_name_P2746_Cocoa_VN|gene_callers_id_220,P2746_Cocoa_VN,GC_00003118,220,Unknown,0.0,0.0,-,0.0,Unknown - no BLAST hit found
00000222|gene_cluster_GC_00002605|genome_name_P2712_SD_BE|gene_callers_id_224,P2712_SD_BE,GC_00002605,224,sp|P96634|YDCQ_BACSU,53.125,352.0,5.44e-130,384.0,sp|P96634|YDCQ_BACSU Ftsk domain-containing protein YdcQ OS=Bacillus subtilis (strain 168) OX=224308 GN=ydcQ PE=4 SV=1
00000223|gene_cluster_GC_00003074|genome_name_P2764_Cocoa_VN|gene_callers_id_1492,P2764_Cocoa_VN,GC_00003074,1492,Unknown,0.0,0.0,-,0.0,Unknown - no BLAST hit found
00000224|gene_cluster_GC_00002820|genome_name_P3378_Banana_BE|gene_callers_id_1612,P3378_Banana_BE,GC_00002820,1612,Unknown,0.0,0.0,-,0.0,Unknown - no BLAST hit found
00000225|gene_cluster_GC_00002746|genome_name_P3124_LMG_BE|gene_callers_id_581,P3124_LMG_BE,GC_00002746,581,Unknown,0.0,0.0,-,0.0,Unknown - no BLAST hit found
00000226|gene_cluster_GC_00002993|genome_name_P2176_Unknown_BE|gene_callers_id_1533,P2176_Unknown_BE,GC_00002993,1533,sp|Q5HK76|HSDR_STAEQ,32.211,891.0,6.14e-134,431.0,sp|Q5HK76|HSDR_STAEQ Type I restriction enzyme SepRPIP endonuclease subunit OS=Staphylococcus epidermidis (strain ATCC 35984 / DSM 28319 / BCRC 17069 / CCUG 31568 / BM 3577 / RP62A) OX=176279 GN=hsdR PE=3 SV=1
00000227|gene_cluster_GC_00002807|genome_name_P2020_Cocoa_CR|gene_callers_id_1746,P2020_Cocoa_CR,GC_00002807,1746,sp|P37783|RFBG_SHIFL,28.968,252.0,1.77e-20,92.4,sp|P37783|RFBG_SHIFL dTDP-rhamnosyl transferase RfbG OS=Shigella flexneri OX=623 GN=rfbG PE=3 SV=1
00000228|gene_cluster_GC_00003005|genome_name_P2176_Unknown_BE|gene_callers_id_1747,P2176_Unknown_BE,GC_00003005,1747,Unknown,0.0,0.0,-,0.0,Unknown - no BLAST hit found
00000229|gene_cluster_GC_00002572|genome_name_P2020_Cocoa_CR|gene_callers_id_1747,P2020_Cocoa_CR,GC_00002572,1747,sp|P37782|RFBF_SHIFL,30.208,288.0,2.3599999999999998e-23,100.0,sp|P37782|RFBF_SHIFL dTDP-rhamnosyl transferase RfbF OS=Shigella flexneri OX=623 GN=rfbF PE=3 SV=2
00000230|gene_cluster_GC_00002608|genome_name_P3124_LMG_BE|gene_callers_id_1792,P3124_LMG_BE,GC_00002608,1792,sp|P76037|PUUP_ECOLI,33.333,441.0,1.68e-81,262.0,sp|P76037|PUUP_ECOLI Putrescine importer PuuP OS=Escherichia coli (strain K12) OX=83333 GN=puuP PE=1 SV=2
00000231|gene_cluster_GC_00002830|genome_name_P2764_Cocoa_VN|gene_callers_id_1583,P2764_Cocoa_VN,GC_00002830,1583,Unknown,0.0,0.0,-,0.0,Unknown - no BLAST hit found
00000232|gene_cluster_GC_00003152|genome_name_P2764_Cocoa_VN|gene_callers_id_1587,P2764_Cocoa_VN,GC_00003152,1587,sp|Q9XC60|WBJC_PSEA1,38.442,398.0,3.2e-91,282.0,"sp|Q9XC60|WBJC_PSEA1 UDP-2-acetamido-2,6-beta-L-arabino-hexul-4-ose reductase OS=Pseudomonas aeruginosa (strain ATCC 29260 / BCRC 12902 / CIP 102967 / NCIMB 11965 / PA103) OX=1081927 GN=wbjC PE=1 SV=1"
00000233|gene_cluster_GC_00002874|genome_name_P3124_LMG_BE|gene_callers_id_219,P3124_LMG_BE,GC_00002874,219,Unknown,0.0,0.0,-,0.0,Unknown - no BLAST hit found
00000234|gene_cluster_GC_00002954|genome_name_P2711_SD_BE|gene_callers_id_1304,P2711_SD_BE,GC_00002954,1304,Unknown,0.0,0.0,-,0.0,Unknown - no BLAST hit found
00000235|gene_cluster_GC_00002955|genome_name_P3124_LMG_BE|gene_callers_id_1064,P3124_LMG_BE,GC_00002955,1064,Unknown,0.0,0.0,-,0.0,Unknown - no BLAST hit found
00000236|gene_cluster_GC_00002383|genome_name_P2764_Cocoa_VN|gene_callers_id_1819,P2764_Cocoa_VN,GC_00002383,1819,Unknown,0.0,0.0,-,0.0,Unknown - no BLAST hit found
00000237|gene_cluster_GC_00002383|genome_name_P2764_Cocoa_VN|gene_callers_id_1957,P2764_Cocoa_VN,GC_00002383,1957,Unknown,0.0,0.0,-,0.0,Unknown - no BLAST hit found
00000238|gene_cluster_GC_00002977|genome_name_P800_Unknown_BE|gene_callers_id_1444,P800_Unknown_BE,GC_00002977,1444,Unknown,0.0,0.0,-,0.0,Unknown - no BLAST hit found
00000239|gene_cluster_GC_00003098|genome_name_P2740_Qu_CN|gene_callers_id_1914,P2740_Qu_CN,GC_00003098,1914,sp|P0CF90|INSI4_ECOLI,88.889,18.0,0.000107,40.4,sp|P0CF90|INSI4_ECOLI Transposase InsI for insertion sequence element IS30D OS=Escherichia coli (strain K12) OX=83333 GN=insI4 PE=3 SV=1
00000240|gene_cluster_GC_00002727|genome_name_P2740_Qu_CN|gene_callers_id_1274,P2740_Qu_CN,GC_00002727,1274,Unknown,0.0,0.0,-,0.0,Unknown - no BLAST hit found
00000241|gene_cluster_GC_00003109|genome_name_P3124_LMG_BE|gene_callers_id_1433,P3124_LMG_BE,GC_00003109,1433,sp|P71059|EPSJ_BACSU,23.51,302.0,2.46e-15,79.3,sp|P71059|EPSJ_BACSU Uncharacterized glycosyltransferase EpsJ OS=Bacillus subtilis (strain 168) OX=224308 GN=epsJ PE=2 SV=1
00000242|gene_cluster_GC_00002883|genome_name_P3124_LMG_BE|gene_callers_id_1037,P3124_LMG_BE,GC_00002883,1037,Unknown,0.0,0.0,-,0.0,Unknown - no BLAST hit found
00000243|gene_cluster_GC_00002618|genome_name_P800_Unknown_BE|gene_callers_id_1925,P800_Unknown_BE,GC_00002618,1925,sp|Q0W4J1|RL40_METAR,57.576,33.0,0.000315,40.8,sp|Q0W4J1|RL40_METAR Large ribosomal subunit protein eL40 OS=Methanocella arvoryzae (strain DSM 22066 / NBRC 105507 / MRE50) OX=351160 GN=rpl40e PE=3 SV=1
00000244|gene_cluster_GC_00002473|genome_name_P3378_Banana_BE|gene_callers_id_1685,P3378_Banana_BE,GC_00002473,1685,Unknown,0.0,0.0,-,0.0,Unknown - no BLAST hit found
00000245|gene_cluster_GC_00002473|genome_name_P3378_Banana_BE|gene_callers_id_1308,P3378_Banana_BE,GC_00002473,1308,Unknown,0.0,0.0,-,0.0,Unknown - no BLAST hit found
00000246|gene_cluster_GC_00003025|genome_name_P2052_Cocoa_CR|gene_callers_id_1783,P2052_Cocoa_CR,GC_00003025,1783,Unknown,0.0,0.0,-,0.0,Unknown - no BLAST hit found
00000247|gene_cluster_GC_00002878|genome_name_P800_Unknown_BE|gene_callers_id_635,P800_Unknown_BE,GC_00002878,635,Unknown,0.0,0.0,-,0.0,Unknown - no BLAST hit found
00000248|gene_cluster_GC_00002991|genome_name_P815_Cocoa_CR|gene_callers_id_74,P815_Cocoa_CR,GC_00002991,74,Unknown,0.0,0.0,-,0.0,Unknown - no BLAST hit found
00000249|gene_cluster_GC_00003127|genome_name_P815_Cocoa_CR|gene_callers_id_81,P815_Cocoa_CR,GC_00003127,81,Unknown,0.0,0.0,-,0.0,Unknown - no BLAST hit found
00000250|gene_cluster_GC_00003068|genome_name_P3124_LMG_BE|gene_callers_id_582,P3124_LMG_BE,GC_00003068,582,Unknown,0.0,0.0,-,0.0,Unknown - no BLAST hit found
00000251|gene_cluster_GC_00002804|genome_name_P2764_Cocoa_VN|gene_callers_id_1265,P2764_Cocoa_VN,GC_00002804,1265,sp|P19385|LYS_BPCP7,34.715,193.0,2.58e-19,89.7,sp|P19385|LYS_BPCP7 Lysozyme OS=Streptococcus phage Cp-7 OX=10748 GN=CPL7 PE=1 SV=2
00000252|gene_cluster_GC_00002711|genome_name_P3378_Banana_BE|gene_callers_id_1763,P3378_Banana_BE,GC_00002711,1763,sp|P42417|IOLF_BACSU,42.067,416.0,3.16e-99,305.0,sp|P42417|IOLF_BACSU Minor myo-inositol transporter IolF OS=Bacillus subtilis (strain 168) OX=224308 GN=iolF PE=3 SV=2
00000253|gene_cluster_GC_00003020|genome_name_P2712_SD_BE|gene_callers_id_834,P2712_SD_BE,GC_00003020,834,Unknown,0.0,0.0,-,0.0,Unknown - no BLAST hit found
00000254|gene_cluster_GC_00002684|genome_name_P3378_Banana_BE|gene_callers_id_1610,P3378_Banana_BE,GC_00002684,1610,Unknown,0.0,0.0,-,0.0,Unknown - no BLAST hit found
00000255|gene_cluster_GC_00003031|genome_name_P2176_Unknown_BE|gene_callers_id_1536,P2176_Unknown_BE,GC_00003031,1536,Unknown,0.0,0.0,-,0.0,Unknown - no BLAST hit found
00000256|gene_cluster_GC_00002743|genome_name_P815_Cocoa_CR|gene_callers_id_98,P815_Cocoa_CR,GC_00002743,98,Unknown,0.0,0.0,-,0.0,Unknown - no BLAST hit found
00000257|gene_cluster_GC_00003016|genome_name_P2712_SD_BE|gene_callers_id_223,P2712_SD_BE,GC_00003016,223,Unknown,0.0,0.0,-,0.0,Unknown - no BLAST hit found
00000258|gene_cluster_GC_00002896|genome_name_P815_Cocoa_CR|gene_callers_id_76,P815_Cocoa_CR,GC_00002896,76,Unknown,0.0,0.0,-,0.0,Unknown - no BLAST hit found
00000259|gene_cluster_GC_00002851|genome_name_P2740_Qu_CN|gene_callers_id_1431,P2740_Qu_CN,GC_00002851,1431,Unknown,0.0,0.0,-,0.0,Unknown - no BLAST hit found
00000260|gene_cluster_GC_00002725|genome_name_P800_Unknown_BE|gene_callers_id_656,P800_Unknown_BE,GC_00002725,656,Unknown,0.0,0.0,-,0.0,Unknown - no BLAST hit found
00000261|gene_cluster_GC_00002476|genome_name_P815_Cocoa_CR|gene_callers_id_1960,P815_Cocoa_CR,GC_00002476,1960,Unknown,0.0,0.0,-,0.0,Unknown - no BLAST hit found
00000262|gene_cluster_GC_00002476|genome_name_P815_Cocoa_CR|gene_callers_id_1966,P815_Cocoa_CR,GC_00002476,1966,Unknown,0.0,0.0,-,0.0,Unknown - no BLAST hit found
00000263|gene_cluster_GC_00002867|genome_name_P815_Cocoa_CR|gene_callers_id_1084,P815_Cocoa_CR,GC_00002867,1084,sp|P71055|EPSF_BACSU,28.415,366.0,3.69e-36,138.0,sp|P71055|EPSF_BACSU Putative glycosyltransferase EpsF OS=Bacillus subtilis (strain 168) OX=224308 GN=epsF PE=2 SV=1
00000264|gene_cluster_GC_00003001|genome_name_P800_Unknown_BE|gene_callers_id_1251,P800_Unknown_BE,GC_00003001,1251,Unknown,0.0,0.0,-,0.0,Unknown - no BLAST hit found
00000265|gene_cluster_GC_00002718|genome_name_P800_Unknown_BE|gene_callers_id_622,P800_Unknown_BE,GC_00002718,622,Unknown,0.0,0.0,-,0.0,Unknown - no BLAST hit found
00000266|gene_cluster_GC_00003054|genome_name_P3378_Banana_BE|gene_callers_id_1596,P3378_Banana_BE,GC_00003054,1596,Unknown,0.0,0.0,-,0.0,Unknown - no BLAST hit found
00000267|gene_cluster_GC_00002809|genome_name_P2740_Qu_CN|gene_callers_id_1769,P2740_Qu_CN,GC_00002809,1769,sp|P17492|REPA_NEIGO,35.577,104.0,1.33e-08,54.7,sp|P17492|REPA_NEIGO Replication protein OS=Neisseria gonorrhoeae OX=485 PE=3 SV=1
00000268|gene_cluster_GC_00003046|genome_name_P2711_SD_BE|gene_callers_id_1289,P2711_SD_BE,GC_00003046,1289,sp|A0NLY7|ISAHY_ROSAI,31.405,242.0,2.4e-26,106.0,sp|A0NLY7|ISAHY_ROSAI Isatin hydrolase OS=Roseibium aggregatum (strain ATCC 25650 / DSM 13394 / JCM 20685 / NBRC 16684 / NCIMB 2208 / IAM 12614 / B1) OX=384765 GN=SIAM614_09648 PE=1 SV=1
00000269|gene_cluster_GC_00003101|genome_name_P800_Unknown_BE|gene_callers_id_1951,P800_Unknown_BE,GC_00003101,1951,Unknown,0.0,0.0,-,0.0,Unknown - no BLAST hit found
00000270|gene_cluster_GC_00002628|genome_name_P815_Cocoa_CR|gene_callers_id_875,P815_Cocoa_CR,GC_00002628,875,Unknown,0.0,0.0,-,0.0,Unknown - no BLAST hit found
00000271|gene_cluster_GC_00002557|genome_name_P2711_SD_BE|gene_callers_id_1978,P2711_SD_BE,GC_00002557,1978,Unknown,0.0,0.0,-,0.0,Unknown - no BLAST hit found
00000272|gene_cluster_GC_00002691|genome_name_P2763_Cocoa_VN|gene_callers_id_1758,P2763_Cocoa_VN,GC_00002691,1758,Unknown,0.0,0.0,-,0.0,Unknown - no BLAST hit found
00000273|gene_cluster_GC_00002834|genome_name_P2764_Cocoa_VN|gene_callers_id_1711,P2764_Cocoa_VN,GC_00002834,1711,sp|P77994|SIGA_THEMA,48.148,81.0,2.44e-11,66.6,sp|P77994|SIGA_THEMA RNA polymerase sigma factor SigA OS=Thermotoga maritima (strain ATCC 43589 / DSM 3109 / JCM 10099 / NBRC 100826 / MSB8) OX=243274 GN=sigA PE=1 SV=3
00000274|gene_cluster_GC_00002953|genome_name_P3124_LMG_BE|gene_callers_id_1436,P3124_LMG_BE,GC_00002953,1436,sp|P37746|RFBX_ECOLI,24.213,413.0,1.8300000000000003e-21,99.8,sp|P37746|RFBX_ECOLI Putative O-antigen transporter OS=Escherichia coli (strain K12) OX=83333 GN=rfbX PE=1 SV=4
00000275|gene_cluster_GC_00002439|genome_name_P2029_Cocoa_CR|gene_callers_id_1923,P2029_Cocoa_CR,GC_00002439,1923,Unknown,0.0,0.0,-,0.0,Unknown - no BLAST hit found
00000276|gene_cluster_GC_00002439|genome_name_P2029_Cocoa_CR|gene_callers_id_1922,P2029_Cocoa_CR,GC_00002439,1922,Unknown,0.0,0.0,-,0.0,Unknown - no BLAST hit found
00000277|gene_cluster_GC_00002511|genome_name_P2711_SD_BE|gene_callers_id_517,P2711_SD_BE,GC_00002511,517,Unknown,0.0,0.0,-,0.0,Unknown - no BLAST hit found
00000278|gene_cluster_GC_00002868|genome_name_P2712_SD_BE|gene_callers_id_818,P2712_SD_BE,GC_00002868,818,Unknown,0.0,0.0,-,0.0,Unknown - no BLAST hit found
00000279|gene_cluster_GC_00002885|genome_name_P2020_Cocoa_CR|gene_callers_id_922,P2020_Cocoa_CR,GC_00002885,922,Unknown,0.0,0.0,-,0.0,Unknown - no BLAST hit found
00000280|gene_cluster_GC_00002714|genome_name_P3124_LMG_BE|gene_callers_id_1804,P3124_LMG_BE,GC_00002714,1804,sp|O48459|DIT_BPSPP,23.656,186.0,0.002,42.4,sp|O48459|DIT_BPSPP Distal tail protein OS=Bacillus phage SPP1 OX=10724 PE=1 SV=1
00000281|gene_cluster_GC_00002590|genome_name_P3124_LMG_BE|gene_callers_id_1586,P3124_LMG_BE,GC_00002590,1586,Unknown,0.0,0.0,-,0.0,Unknown - no BLAST hit found
00000282|gene_cluster_GC_00002781|genome_name_P3124_LMG_BE|gene_callers_id_1062,P3124_LMG_BE,GC_00002781,1062,Unknown,0.0,0.0,-,0.0,Unknown - no BLAST hit found
00000283|gene_cluster_GC_00002980|genome_name_P3124_LMG_BE|gene_callers_id_1432,P3124_LMG_BE,GC_00002980,1432,sp|P9WMX3|GLFT1_MYCTU,23.874,222.0,0.000582,44.7,sp|P9WMX3|GLFT1_MYCTU Galactofuranosyltransferase GlfT1 OS=Mycobacterium tuberculosis (strain ATCC 25618 / H37Rv) OX=83332 GN=glfT1 PE=1 SV=1
00000284|gene_cluster_GC_00002625|genome_name_P2052_Cocoa_CR|gene_callers_id_1769,P2052_Cocoa_CR,GC_00002625,1769,sp|O33952|UDG8_ECOLX,61.8,411.0,0.0,521.0,sp|O33952|UDG8_ECOLX UDP-glucose 6-dehydrogenase OS=Escherichia coli OX=562 GN=ugd PE=3 SV=1
00000285|gene_cluster_GC_00003103|genome_name_P2764_Cocoa_VN|gene_callers_id_1269,P2764_Cocoa_VN,GC_00003103,1269,Unknown,0.0,0.0,-,0.0,Unknown - no BLAST hit found
00000286|gene_cluster_GC_00002996|genome_name_P2020_Cocoa_CR|gene_callers_id_1205,P2020_Cocoa_CR,GC_00002996,1205,Unknown,0.0,0.0,-,0.0,Unknown - no BLAST hit found
00000287|gene_cluster_GC_00003083|genome_name_P3124_LMG_BE|gene_callers_id_1035,P3124_LMG_BE,GC_00003083,1035,Unknown,0.0,0.0,-,0.0,Unknown - no BLAST hit found
00000288|gene_cluster_GC_00002829|genome_name_P2176_Unknown_BE|gene_callers_id_1795,P2176_Unknown_BE,GC_00002829,1795,Unknown,0.0,0.0,-,0.0,Unknown - no BLAST hit found
00000289|gene_cluster_GC_00002713|genome_name_P360_Cocoa_CR|gene_callers_id_1651,P360_Cocoa_CR,GC_00002713,1651,Unknown,0.0,0.0,-,0.0,Unknown - no BLAST hit found
00000290|gene_cluster_GC_00003122|genome_name_P2712_SD_BE|gene_callers_id_63,P2712_SD_BE,GC_00003122,63,Unknown,0.0,0.0,-,0.0,Unknown - no BLAST hit found
00000291|gene_cluster_GC_00002607|genome_name_P2740_Qu_CN|gene_callers_id_1870,P2740_Qu_CN,GC_00002607,1870,Unknown,0.0,0.0,-,0.0,Unknown - no BLAST hit found
00000292|gene_cluster_GC_00002710|genome_name_P3124_LMG_BE|gene_callers_id_197,P3124_LMG_BE,GC_00002710,197,Unknown,0.0,0.0,-,0.0,Unknown - no BLAST hit found
00000293|gene_cluster_GC_00003015|genome_name_P815_Cocoa_CR|gene_callers_id_849,P815_Cocoa_CR,GC_00003015,849,Unknown,0.0,0.0,-,0.0,Unknown - no BLAST hit found
00000294|gene_cluster_GC_00002582|genome_name_P2711_SD_BE|gene_callers_id_524,P2711_SD_BE,GC_00002582,524,Unknown,0.0,0.0,-,0.0,Unknown - no BLAST hit found
00000295|gene_cluster_GC_00002753|genome_name_P2712_SD_BE|gene_callers_id_832,P2712_SD_BE,GC_00002753,832,Unknown,0.0,0.0,-,0.0,Unknown - no BLAST hit found
00000296|gene_cluster_GC_00002674|genome_name_P2052_Cocoa_CR|gene_callers_id_1114,P2052_Cocoa_CR,GC_00002674,1114,sp|P22639|Y2836_NOSS1,26.606,218.0,8.79e-12,67.0,sp|P22639|Y2836_NOSS1 Uncharacterized glycosyltransferase alr2836 OS=Nostoc sp. (strain PCC 7120 / SAG 25.82 / UTEX 2576) OX=103690 GN=alr2836 PE=3 SV=2
00000297|gene_cluster_GC_00003053|genome_name_P363_Unknown_BE|gene_callers_id_802,P363_Unknown_BE,GC_00003053,802,sp|P46915|COTSA_BACSU,27.419,248.0,2.23e-18,89.0,sp|P46915|COTSA_BACSU Spore coat protein SA OS=Bacillus subtilis (strain 168) OX=224308 GN=cotSA PE=1 SV=1
00000298|gene_cluster_GC_00002661|genome_name_P800_Unknown_BE|gene_callers_id_1890,P800_Unknown_BE,GC_00002661,1890,Unknown,0.0,0.0,-,0.0,Unknown - no BLAST hit found
00000299|gene_cluster_GC_00002748|genome_name_P2712_SD_BE|gene_callers_id_235,P2712_SD_BE,GC_00002748,235,Unknown,0.0,0.0,-,0.0,Unknown - no BLAST hit found
00000300|gene_cluster_GC_00002588|genome_name_P3378_Banana_BE|gene_callers_id_1855,P3378_Banana_BE,GC_00002588,1855,Unknown,0.0,0.0,-,0.0,Unknown - no BLAST hit found
00000301|gene_cluster_GC_00003105|genome_name_P3378_Banana_BE|gene_callers_id_1609,P3378_Banana_BE,GC_00003105,1609,Unknown,0.0,0.0,-,0.0,Unknown - no BLAST hit found
00000302|gene_cluster_GC_00002700|genome_name_P2020_Cocoa_CR|gene_callers_id_1749,P2020_Cocoa_CR,GC_00002700,1749,sp|P9WMY3|WBBL_MYCTU,26.8,250.0,7.5e-13,70.5,sp|P9WMY3|WBBL_MYCTU N-acetylglucosaminyl-diphospho-decaprenol L-rhamnosyltransferase OS=Mycobacterium tuberculosis (strain ATCC 25618 / H37Rv) OX=83332 GN=wbbL PE=1 SV=2
00000303|gene_cluster_GC_00002532|genome_name_P3124_LMG_BE|gene_callers_id_1033,P3124_LMG_BE,GC_00002532,1033,Unknown,0.0,0.0,-,0.0,Unknown - no BLAST hit found
00000304|gene_cluster_GC_00002914|genome_name_P2740_Qu_CN|gene_callers_id_931,P2740_Qu_CN,GC_00002914,931,Unknown,0.0,0.0,-,0.0,Unknown - no BLAST hit found
00000305|gene_cluster_GC_00003133|genome_name_P2740_Qu_CN|gene_callers_id_1545,P2740_Qu_CN,GC_00003133,1545,Unknown,0.0,0.0,-,0.0,Unknown - no BLAST hit found
00000306|gene_cluster_GC_00002562|genome_name_P2746_Cocoa_VN|gene_callers_id_1363,P2746_Cocoa_VN,GC_00002562,1363,sp|A0R628|GLFT2_MYCS2,24.895,237.0,6.43e-06,51.2,sp|A0R628|GLFT2_MYCS2 Galactofuranosyltransferase GlfT2 OS=Mycolicibacterium smegmatis (strain ATCC 700084 / mc(2)155) OX=246196 GN=glfT2 PE=3 SV=1
00000307|gene_cluster_GC_00003037|genome_name_P2740_Qu_CN|gene_callers_id_1812,P2740_Qu_CN,GC_00003037,1812,Unknown,0.0,0.0,-,0.0,Unknown - no BLAST hit found
00000308|gene_cluster_GC_00002541|genome_name_P3124_LMG_BE|gene_callers_id_1830,P3124_LMG_BE,GC_00002541,1830,Unknown,0.0,0.0,-,0.0,Unknown - no BLAST hit found
00000309|gene_cluster_GC_00002927|genome_name_P2020_Cocoa_CR|gene_callers_id_1849,P2020_Cocoa_CR,GC_00002927,1849,Unknown,0.0,0.0,-,0.0,Unknown - no BLAST hit found
00000310|gene_cluster_GC_00002642|genome_name_P815_Cocoa_CR|gene_callers_id_82,P815_Cocoa_CR,GC_00002642,82,sp|Q9T1Q7|VP41_BPAPS,36.923,455.0,2.31e-93,292.0,sp|Q9T1Q7|VP41_BPAPS Putative protein p41 OS=Acyrthosiphon pisum secondary endosymbiont phage 1 OX=2682836 GN=41 PE=4 SV=1
00000311|gene_cluster_GC_00003092|genome_name_P815_Cocoa_CR|gene_callers_id_1083,P815_Cocoa_CR,GC_00003092,1083,sp|P37783|RFBG_SHIFL,26.891,238.0,5.66e-11,65.9,sp|P37783|RFBG_SHIFL dTDP-rhamnosyl transferase RfbG OS=Shigella flexneri OX=623 GN=rfbG PE=3 SV=1
00000312|gene_cluster_GC_00002520|genome_name_P815_Cocoa_CR|gene_callers_id_1953,P815_Cocoa_CR,GC_00002520,1953,Unknown,0.0,0.0,-,0.0,Unknown - no BLAST hit found
00000313|gene_cluster_GC_00003148|genome_name_P2024_Cocoa_CR|gene_callers_id_1780,P2024_Cocoa_CR,GC_00003148,1780,Unknown,0.0,0.0,-,0.0,Unknown - no BLAST hit found
00000314|gene_cluster_GC_00002577|genome_name_P2740_Qu_CN|gene_callers_id_1272,P2740_Qu_CN,GC_00002577,1272,Unknown,0.0,0.0,-,0.0,Unknown - no BLAST hit found
00000315|gene_cluster_GC_00002945|genome_name_P3124_LMG_BE|gene_callers_id_1917,P3124_LMG_BE,GC_00002945,1917,Unknown,0.0,0.0,-,0.0,Unknown - no BLAST hit found
00000316|gene_cluster_GC_00002844|genome_name_P3124_LMG_BE|gene_callers_id_1930,P3124_LMG_BE,GC_00002844,1930,Unknown,0.0,0.0,-,0.0,Unknown - no BLAST hit found
00000317|gene_cluster_GC_00002899|genome_name_P2740_Qu_CN|gene_callers_id_1650,P2740_Qu_CN,GC_00002899,1650,Unknown,0.0,0.0,-,0.0,Unknown - no BLAST hit found
00000318|gene_cluster_GC_00002824|genome_name_P2740_Qu_CN|gene_callers_id_1557,P2740_Qu_CN,GC_00002824,1557,Unknown,0.0,0.0,-,0.0,Unknown - no BLAST hit found
00000319|gene_cluster_GC_00002852|genome_name_P2763_Cocoa_VN|gene_callers_id_300,P2763_Cocoa_VN,GC_00002852,300,Unknown,0.0,0.0,-,0.0,Unknown - no BLAST hit found
00000320|gene_cluster_GC_00002594|genome_name_P3124_LMG_BE|gene_callers_id_1913,P3124_LMG_BE,GC_00002594,1913,sp|P05425|COPB_ENTHA,50.467,749.0,0.0,729.0,sp|P05425|COPB_ENTHA Copper-exporting P-type ATPase B OS=Enterococcus hirae (strain ATCC 9790 / DSM 20160 / JCM 8729 / LMG 6399 / NBRC 3181 / NCIMB 6459 / NCDO 1258 / NCTC 12367 / WDCM 00089 / R) OX=768486 GN=copB PE=1 SV=2
00000321|gene_cluster_GC_00002740|genome_name_P2176_Unknown_BE|gene_callers_id_1235,P2176_Unknown_BE,GC_00002740,1235,Unknown,0.0,0.0,-,0.0,Unknown - no BLAST hit found
00000322|gene_cluster_GC_00002928|genome_name_P3124_LMG_BE|gene_callers_id_1046,P3124_LMG_BE,GC_00002928,1046,Unknown,0.0,0.0,-,0.0,Unknown - no BLAST hit found
00000323|gene_cluster_GC_00002926|genome_name_P815_Cocoa_CR|gene_callers_id_69,P815_Cocoa_CR,GC_00002926,69,Unknown,0.0,0.0,-,0.0,Unknown - no BLAST hit found
00000324|gene_cluster_GC_00002884|genome_name_P2029_Cocoa_CR|gene_callers_id_1758,P2029_Cocoa_CR,GC_00002884,1758,sp|P15005|MCRB_ECOLI,23.529,170.0,3.42e-05,50.4,sp|P15005|MCRB_ECOLI Type IV methyl-directed restriction enzyme EcoKMcrB subunit OS=Escherichia coli (strain K12) OX=83333 GN=mcrB PE=1 SV=3
00000325|gene_cluster_GC_00002915|genome_name_P3124_LMG_BE|gene_callers_id_1054,P3124_LMG_BE,GC_00002915,1054,Unknown,0.0,0.0,-,0.0,Unknown - no BLAST hit found
00000326|gene_cluster_GC_00002936|genome_name_P2711_SD_BE|gene_callers_id_519,P2711_SD_BE,GC_00002936,519,Unknown,0.0,0.0,-,0.0,Unknown - no BLAST hit found
00000327|gene_cluster_GC_00002815|genome_name_P815_Cocoa_CR|gene_callers_id_72,P815_Cocoa_CR,GC_00002815,72,sp|Q9ZXB2|PORTL_BPPHC,35.62,379.0,4.2e-63,213.0,sp|Q9ZXB2|PORTL_BPPHC Probable portal protein OS=Streptomyces phage phiC31 OX=10719 GN=34 PE=3 SV=1
00000328|gene_cluster_GC_00002792|genome_name_P2176_Unknown_BE|gene_callers_id_1232,P2176_Unknown_BE,GC_00002792,1232,sp|P46918|GGAB_BACSU,31.351,370.0,3.17e-45,170.0,sp|P46918|GGAB_BACSU Minor teichoic acid biosynthesis protein GgaB OS=Bacillus subtilis (strain 168) OX=224308 GN=ggaB PE=3 SV=1
00000329|gene_cluster_GC_00002737|genome_name_P3124_LMG_BE|gene_callers_id_1786,P3124_LMG_BE,GC_00002737,1786,sp|Q60301|T2RM_METJA,21.813,761.0,1.45e-19,97.8,sp|Q60301|T2RM_METJA Putative type II restriction enzyme and methyltransferase RM.MjaORFECS2P OS=Methanocaldococcus jannaschii (strain ATCC 43067 / DSM 2661 / JAL-1 / JCM 10045 / NBRC 100440) OX=243232 GN=MJECS02 PE=3 SV=1
00000330|gene_cluster_GC_00002669|genome_name_P2763_Cocoa_VN|gene_callers_id_1761,P2763_Cocoa_VN,GC_00002669,1761,Unknown,0.0,0.0,-,0.0,Unknown - no BLAST hit found
00000331|gene_cluster_GC_00002518|genome_name_P2176_Unknown_BE|gene_callers_id_1991,P2176_Unknown_BE,GC_00002518,1991,Unknown,0.0,0.0,-,0.0,Unknown - no BLAST hit found
00000332|gene_cluster_GC_00002543|genome_name_P2712_SD_BE|gene_callers_id_225,P2712_SD_BE,GC_00002543,225,Unknown,0.0,0.0,-,0.0,Unknown - no BLAST hit found
00000333|gene_cluster_GC_00003136|genome_name_P3124_LMG_BE|gene_callers_id_520,P3124_LMG_BE,GC_00003136,520,Unknown,0.0,0.0,-,0.0,Unknown - no BLAST hit found
00000334|gene_cluster_GC_00003033|genome_name_P3124_LMG_BE|gene_callers_id_1049,P3124_LMG_BE,GC_00003033,1049,Unknown,0.0,0.0,-,0.0,Unknown - no BLAST hit found
00000335|gene_cluster_GC_00003104|genome_name_P2764_Cocoa_VN|gene_callers_id_1712,P2764_Cocoa_VN,GC_00003104,1712,Unknown,0.0,0.0,-,0.0,Unknown - no BLAST hit found
00000336|gene_cluster_GC_00002818|genome_name_P2176_Unknown_BE|gene_callers_id_1794,P2176_Unknown_BE,GC_00002818,1794,sp|A0A0H2URH7|GLYAT_STRPN,29.137,278.0,3.0400000000000004e-27,114.0,sp|A0A0H2URH7|GLYAT_STRPN Glycosyltransferase GlyA OS=Streptococcus pneumoniae serotype 4 (strain ATCC BAA-334 / TIGR4) OX=170187 GN=glyA PE=3 SV=1
00000337|gene_cluster_GC_00002626|genome_name_P2176_Unknown_BE|gene_callers_id_1748,P2176_Unknown_BE,GC_00002626,1748,Unknown,0.0,0.0,-,0.0,Unknown - no BLAST hit found
00000338|gene_cluster_GC_00002880|genome_name_P3378_Banana_BE|gene_callers_id_1778,P3378_Banana_BE,GC_00002880,1778,sp|Q65N90|TOP3_BACLD,35.088,627.0,1.54e-99,325.0,sp|Q65N90|TOP3_BACLD DNA topoisomerase 3 OS=Bacillus licheniformis (strain ATCC 14580 / DSM 13 / JCM 2505 / CCUG 7422 / NBRC 12200 / NCIMB 9375 / NCTC 10341 / NRRL NRS-1264 / Gibson 46) OX=279010 GN=topB PE=3 SV=2
00000339|gene_cluster_GC_00002555|genome_name_P2052_Cocoa_CR|gene_callers_id_1851,P2052_Cocoa_CR,GC_00002555,1851,Unknown,0.0,0.0,-,0.0,Unknown - no BLAST hit found
00000340|gene_cluster_GC_00002699|genome_name_P2764_Cocoa_VN|gene_callers_id_1840,P2764_Cocoa_VN,GC_00002699,1840,Unknown,0.0,0.0,-,0.0,Unknown - no BLAST hit found
00000341|gene_cluster_GC_00003145|genome_name_P360_Cocoa_CR|gene_callers_id_1644,P360_Cocoa_CR,GC_00003145,1644,Unknown,0.0,0.0,-,0.0,Unknown - no BLAST hit found
00000342|gene_cluster_GC_00002810|genome_name_P2176_Unknown_BE|gene_callers_id_1527,P2176_Unknown_BE,GC_00002810,1527,Unknown,0.0,0.0,-,0.0,Unknown - no BLAST hit found
00000343|gene_cluster_GC_00002847|genome_name_P2740_Qu_CN|gene_callers_id_1561,P2740_Qu_CN,GC_00002847,1561,sp|A2RI74|DPPA_LACLM,30.403,546.0,5.19e-57,202.0,sp|A2RI74|DPPA_LACLM Dipeptide-binding protein OS=Lactococcus lactis subsp. cremoris (strain MG1363) OX=416870 GN=dppA PE=1 SV=1
00000344|gene_cluster_GC_00002961|genome_name_P2712_SD_BE|gene_callers_id_310,P2712_SD_BE,GC_00002961,310,sp|P69831|PTKC_ECOLI,39.14,442.0,6.87e-109,332.0,sp|P69831|PTKC_ECOLI PTS system galactitol-specific EIIC component OS=Escherichia coli (strain K12) OX=83333 GN=gatC PE=1 SV=1
00000345|gene_cluster_GC_00003157|genome_name_P3378_Banana_BE|gene_callers_id_1583,P3378_Banana_BE,GC_00003157,1583,sp|P96631|IMMR_BACSU,34.783,69.0,0.005,37.4,sp|P96631|IMMR_BACSU HTH-type transcriptional regulator ImmR OS=Bacillus subtilis (strain 168) OX=224308 GN=immR PE=1 SV=1
00000346|gene_cluster_GC_00002891|genome_name_P3378_Banana_BE|gene_callers_id_1780,P3378_Banana_BE,GC_00002891,1780,Unknown,0.0,0.0,-,0.0,Unknown - no BLAST hit found
00000347|gene_cluster_GC_00003050|genome_name_P800_Unknown_BE|gene_callers_id_625,P800_Unknown_BE,GC_00003050,625,Unknown,0.0,0.0,-,0.0,Unknown - no BLAST hit found
00000348|gene_cluster_GC_00002566|genome_name_P2712_SD_BE|gene_callers_id_1939,P2712_SD_BE,GC_00002566,1939,sp|P71056|EPSG_BACSU,21.244,193.0,0.001,44.3,sp|P71056|EPSG_BACSU Transmembrane protein EpsG OS=Bacillus subtilis (strain 168) OX=224308 GN=epsG PE=2 SV=1
00000349|gene_cluster_GC_00002731|genome_name_P3124_LMG_BE|gene_callers_id_1038,P3124_LMG_BE,GC_00002731,1038,Unknown,0.0,0.0,-,0.0,Unknown - no BLAST hit found
00000350|gene_cluster_GC_00003055|genome_name_P2712_SD_BE|gene_callers_id_830,P2712_SD_BE,GC_00003055,830,Unknown,0.0,0.0,-,0.0,Unknown - no BLAST hit found
00000351|gene_cluster_GC_00003123|genome_name_P2176_Unknown_BE|gene_callers_id_1526,P2176_Unknown_BE,GC_00003123,1526,sp|P12054|RLX1_STAAU,24.0,275.0,1.5e-10,65.5,sp|P12054|RLX1_STAAU Protein rlx OS=Staphylococcus aureus OX=1280 GN=rlx PE=4 SV=1
00000352|gene_cluster_GC_00002770|genome_name_P2712_SD_BE|gene_callers_id_831,P2712_SD_BE,GC_00002770,831,Unknown,0.0,0.0,-,0.0,Unknown - no BLAST hit found
00000353|gene_cluster_GC_00003064|genome_name_P3124_LMG_BE|gene_callers_id_1154,P3124_LMG_BE,GC_00003064,1154,Unknown,0.0,0.0,-,0.0,Unknown - no BLAST hit found
00000354|gene_cluster_GC_00002681|genome_name_P2712_SD_BE|gene_callers_id_811,P2712_SD_BE,GC_00002681,811,Unknown,0.0,0.0,-,0.0,Unknown - no BLAST hit found
00000355|gene_cluster_GC_00002987|genome_name_P3124_LMG_BE|gene_callers_id_1856,P3124_LMG_BE,GC_00002987,1856,Unknown,0.0,0.0,-,0.0,Unknown - no BLAST hit found
00000356|gene_cluster_GC_00003019|genome_name_P3378_Banana_BE|gene_callers_id_1889,P3378_Banana_BE,GC_00003019,1889,Unknown,0.0,0.0,-,0.0,Unknown - no BLAST hit found
00000357|gene_cluster_GC_00002906|genome_name_P800_Unknown_BE|gene_callers_id_1881,P800_Unknown_BE,GC_00002906,1881,Unknown,0.0,0.0,-,0.0,Unknown - no BLAST hit found
00000358|gene_cluster_GC_00002981|genome_name_P2029_Cocoa_CR|gene_callers_id_470,P2029_Cocoa_CR,GC_00002981,470,sp|P75452|TRRMC_MYCPN,26.295,502.0,2.42e-34,145.0,sp|P75452|TRRMC_MYCPN Putative type II restriction enzyme and methyltransferase RM.MpnORF110P C-terminus OS=Mycoplasma pneumoniae (strain ATCC 29342 / M129 / Subtype 1) OX=272634 GN=MPN_110 PE=5 SV=1
00000359|gene_cluster_GC_00002568|genome_name_P2764_Cocoa_VN|gene_callers_id_1756,P2764_Cocoa_VN,GC_00002568,1756,sp|P46003|ARSD1_ECOLX,37.931,58.0,8.68e-07,45.8,sp|P46003|ARSD1_ECOLX Arsenical resistance operon trans-acting repressor ArsD OS=Escherichia coli OX=562 GN=arsD PE=1 SV=2
00000360|gene_cluster_GC_00002567|genome_name_P363_Unknown_BE|gene_callers_id_797,P363_Unknown_BE,GC_00002567,797,sp|P9WER1|BRAB_ANNTR,24.022,179.0,0.005,42.0,sp|P9WER1|BRAB_ANNTR O-glycosyltransferase braB OS=Annulohypoxylon truncatum OX=327061 GN=braB PE=1 SV=1
00000361|gene_cluster_GC_00002745|genome_name_P2052_Cocoa_CR|gene_callers_id_1564,P2052_Cocoa_CR,GC_00002745,1564,sp|P12364|T3MO_ECOLX,38.0,100.0,2.34e-09,57.0,sp|P12364|T3MO_ECOLX Type III restriction-modification enzyme EcoP15I Mod subunit OS=Escherichia coli OX=562 GN=mod PE=1 SV=2
00000362|gene_cluster_GC_00002564|genome_name_P800_Unknown_BE|gene_callers_id_1262,P800_Unknown_BE,GC_00002564,1262,Unknown,0.0,0.0,-,0.0,Unknown - no BLAST hit found
00000363|gene_cluster_GC_00002902|genome_name_P2763_Cocoa_VN|gene_callers_id_1766,P2763_Cocoa_VN,GC_00002902,1766,sp|A0A0H2URB1|GLYD_STRPN,34.483,261.0,4.13e-39,149.0,sp|A0A0H2URB1|GLYD_STRPN Glycosyltransferase GlyD OS=Streptococcus pneumoniae serotype 4 (strain ATCC BAA-334 / TIGR4) OX=170187 GN=glyD PE=1 SV=1
00000364|gene_cluster_GC_00002942|genome_name_P2746_Cocoa_VN|gene_callers_id_381,P2746_Cocoa_VN,GC_00002942,381,Unknown,0.0,0.0,-,0.0,Unknown - no BLAST hit found
00000365|gene_cluster_GC_00002866|genome_name_P2740_Qu_CN|gene_callers_id_1804,P2740_Qu_CN,GC_00002866,1804,Unknown,0.0,0.0,-,0.0,Unknown - no BLAST hit found
00000366|gene_cluster_GC_00002643|genome_name_P3124_LMG_BE|gene_callers_id_1942,P3124_LMG_BE,GC_00002643,1942,Unknown,0.0,0.0,-,0.0,Unknown - no BLAST hit found
00000367|gene_cluster_GC_00003002|genome_name_P3124_LMG_BE|gene_callers_id_1057,P3124_LMG_BE,GC_00003002,1057,Unknown,0.0,0.0,-,0.0,Unknown - no BLAST hit found
00000368|gene_cluster_GC_00003090|genome_name_P3124_LMG_BE|gene_callers_id_1910,P3124_LMG_BE,GC_00003090,1910,sp|Q5L283|CPFC_GEOKA,40.26,308.0,6e-73,230.0,sp|Q5L283|CPFC_GEOKA Coproporphyrin III ferrochelatase OS=Geobacillus kaustophilus (strain HTA426) OX=235909 GN=cpfC PE=3 SV=1
00000369|gene_cluster_GC_00002772|genome_name_P2746_Cocoa_VN|gene_callers_id_207,P2746_Cocoa_VN,GC_00002772,207,Unknown,0.0,0.0,-,0.0,Unknown - no BLAST hit found
00000370|gene_cluster_GC_00003124|genome_name_P815_Cocoa_CR|gene_callers_id_117,P815_Cocoa_CR,GC_00003124,117,Unknown,0.0,0.0,-,0.0,Unknown - no BLAST hit found
00000371|gene_cluster_GC_00002935|genome_name_P3378_Banana_BE|gene_callers_id_1749,P3378_Banana_BE,GC_00002935,1749,Unknown,0.0,0.0,-,0.0,Unknown - no BLAST hit found
00000372|gene_cluster_GC_00002570|genome_name_P3124_LMG_BE|gene_callers_id_226,P3124_LMG_BE,GC_00002570,226,Unknown,0.0,0.0,-,0.0,Unknown - no BLAST hit found
00000373|gene_cluster_GC_00002739|genome_name_P3124_LMG_BE|gene_callers_id_1849,P3124_LMG_BE,GC_00002739,1849,Unknown,0.0,0.0,-,0.0,Unknown - no BLAST hit found
00000374|gene_cluster_GC_00002561|genome_name_P363_Unknown_BE|gene_callers_id_794,P363_Unknown_BE,GC_00002561,794,sp|Q5HLM5|TAGF_STAEQ,26.617,402.0,1.91e-37,147.0,sp|Q5HLM5|TAGF_STAEQ Teichoic acid poly(glycerol phosphate) polymerase OS=Staphylococcus epidermidis (strain ATCC 35984 / DSM 28319 / BCRC 17069 / CCUG 31568 / BM 3577 / RP62A) OX=176279 GN=tagF PE=1 SV=1
00000375|gene_cluster_GC_00002789|genome_name_P2176_Unknown_BE|gene_callers_id_1791,P2176_Unknown_BE,GC_00002789,1791,sp|J9VQC4|GOE1_CRYN9,42.0,50.0,0.000141,45.8,sp|J9VQC4|GOE1_CRYN9 Glucan organizing enzyme 1 OS=Cryptococcus neoformans (strain H99 / ATCC 208821 / CBS 10515 / FGSC 9487) OX=235443 GN=GOE1 PE=1 SV=2
00000376|gene_cluster_GC_00002848|genome_name_P2712_SD_BE|gene_callers_id_824,P2712_SD_BE,GC_00002848,824,Unknown,0.0,0.0,-,0.0,Unknown - no BLAST hit found
00000377|gene_cluster_GC_00002683|genome_name_P2052_Cocoa_CR|gene_callers_id_1454,P2052_Cocoa_CR,GC_00002683,1454,sp|A0A0A7HFE1|CAS10_STRTR,38.668,781.0,0.0,542.0,sp|A0A0A7HFE1|CAS10_STRTR CRISPR system single-strand-specific deoxyribonuclease Cas10/Csm1 (subtype III-A) OS=Streptococcus thermophilus OX=1308 GN=cas10 PE=1 SV=1
00000378|gene_cluster_GC_00002454|genome_name_P2711_SD_BE|gene_callers_id_518,P2711_SD_BE,GC_00002454,518,sp|P96792|XYLP_LACPE,35.443,474.0,8.95e-108,330.0,sp|P96792|XYLP_LACPE Isoprimeverose transporter OS=Lactiplantibacillus pentosus OX=1589 GN=xylP PE=1 SV=2
00000379|gene_cluster_GC_00002454|genome_name_P2711_SD_BE|gene_callers_id_523,P2711_SD_BE,GC_00002454,523,sp|P96792|XYLP_LACPE,33.613,476.0,4.27e-104,321.0,sp|P96792|XYLP_LACPE Isoprimeverose transporter OS=Lactiplantibacillus pentosus OX=1589 GN=xylP PE=1 SV=2
00000380|gene_cluster_GC_00003034|genome_name_P2764_Cocoa_VN|gene_callers_id_1713,P2764_Cocoa_VN,GC_00003034,1713,sp|O07522|YHAO_BACSU,28.72,289.0,4.38e-18,88.6,sp|O07522|YHAO_BACSU Uncharacterized metallophosphoesterase YhaO OS=Bacillus subtilis (strain 168) OX=224308 GN=yhaO PE=2 SV=1
00000381|gene_cluster_GC_00003065|genome_name_P3124_LMG_BE|gene_callers_id_198,P3124_LMG_BE,GC_00003065,198,Unknown,0.0,0.0,-,0.0,Unknown - no BLAST hit found
00000382|gene_cluster_GC_00002560|genome_name_P2020_Cocoa_CR|gene_callers_id_1855,P2020_Cocoa_CR,GC_00002560,1855,Unknown,0.0,0.0,-,0.0,Unknown - no BLAST hit found
00000383|gene_cluster_GC_00003099|genome_name_P3124_LMG_BE|gene_callers_id_1765,P3124_LMG_BE,GC_00003099,1765,Unknown,0.0,0.0,-,0.0,Unknown - no BLAST hit found
00000384|gene_cluster_GC_00002697|genome_name_P2176_Unknown_BE|gene_callers_id_934,P2176_Unknown_BE,GC_00002697,934,sp|P14002|BGLB_ACET2,50.515,194.0,2.1399999999999998e-60,203.0,sp|P14002|BGLB_ACET2 Thermostable beta-glucosidase B OS=Acetivibrio thermocellus (strain ATCC 27405 / DSM 1237 / JCM 9322 / NBRC 103400 / NCIMB 10682 / NRRL B-4536 / VPI 7372) OX=203119 GN=bglB PE=1 SV=2
00000385|gene_cluster_GC_00003051|genome_name_P2712_SD_BE|gene_callers_id_827,P2712_SD_BE,GC_00003051,827,Unknown,0.0,0.0,-,0.0,Unknown - no BLAST hit found
00000386|gene_cluster_GC_00002814|genome_name_P800_Unknown_BE|gene_callers_id_632,P800_Unknown_BE,GC_00002814,632,Unknown,0.0,0.0,-,0.0,Unknown - no BLAST hit found
00000387|gene_cluster_GC_00002579|genome_name_P2176_Unknown_BE|gene_callers_id_1576,P2176_Unknown_BE,GC_00002579,1576,Unknown,0.0,0.0,-,0.0,Unknown - no BLAST hit found
00000388|gene_cluster_GC_00002576|genome_name_P2711_SD_BE|gene_callers_id_522,P2711_SD_BE,GC_00002576,522,sp|E8MGH8|HYBA1_BIFL2,53.04,658.0,0.0,713.0,sp|E8MGH8|HYBA1_BIFL2 Non-reducing end beta-L-arabinofuranosidase OS=Bifidobacterium longum subsp. longum (strain ATCC 15707 / DSM 20219 / JCM 1217 / NCTC 11818 / E194b) OX=565042 GN=hypBA1 PE=1 SV=1
00000389|gene_cluster_GC_00002617|genome_name_P2740_Qu_CN|gene_callers_id_1635,P2740_Qu_CN,GC_00002617,1635,Unknown,0.0,0.0,-,0.0,Unknown - no BLAST hit found
00000390|gene_cluster_GC_00002985|genome_name_P3378_Banana_BE|gene_callers_id_1309,P3378_Banana_BE,GC_00002985,1309,sp|P71399|LSG1_HAEIN,25.475,263.0,7.01e-05,48.9,sp|P71399|LSG1_HAEIN Lsg locus putative protein 1 OS=Haemophilus influenzae (strain ATCC 51907 / DSM 11121 / KW20 / Rd) OX=71421 GN=HI_1700 PE=3 SV=2
00000391|gene_cluster_GC_00002903|genome_name_P800_Unknown_BE|gene_callers_id_1855,P800_Unknown_BE,GC_00002903,1855,Unknown,0.0,0.0,-,0.0,Unknown - no BLAST hit found
00000392|gene_cluster_GC_00002876|genome_name_P2052_Cocoa_CR|gene_callers_id_1840,P2052_Cocoa_CR,GC_00002876,1840,Unknown,0.0,0.0,-,0.0,Unknown - no BLAST hit found
00000393|gene_cluster_GC_00002742|genome_name_P800_Unknown_BE|gene_callers_id_1252,P800_Unknown_BE,GC_00002742,1252,Unknown,0.0,0.0,-,0.0,Unknown - no BLAST hit found
00000394|gene_cluster_GC_00002916|genome_name_P3124_LMG_BE|gene_callers_id_1058,P3124_LMG_BE,GC_00002916,1058,Unknown,0.0,0.0,-,0.0,Unknown - no BLAST hit found
00000395|gene_cluster_GC_00002394|genome_name_P2764_Cocoa_VN|gene_callers_id_920,P2764_Cocoa_VN,GC_00002394,920,Unknown,0.0,0.0,-,0.0,Unknown - no BLAST hit found
00000396|gene_cluster_GC_00002394|genome_name_P2764_Cocoa_VN|gene_callers_id_1327,P2764_Cocoa_VN,GC_00002394,1327,Unknown,0.0,0.0,-,0.0,Unknown - no BLAST hit found
00000397|gene_cluster_GC_00002728|genome_name_P2712_SD_BE|gene_callers_id_227,P2712_SD_BE,GC_00002728,227,Unknown,0.0,0.0,-,0.0,Unknown - no BLAST hit found
00000398|gene_cluster_GC_00003082|genome_name_P3124_LMG_BE|gene_callers_id_1437,P3124_LMG_BE,GC_00003082,1437,sp|P46976|GLYG_HUMAN,29.614,233.0,1.7e-24,103.0,sp|P46976|GLYG_HUMAN Glycogenin-1 OS=Homo sapiens OX=9606 GN=GYG1 PE=1 SV=4
00000399|gene_cluster_GC_00003063|genome_name_P2052_Cocoa_CR|gene_callers_id_1782,P2052_Cocoa_CR,GC_00003063,1782,sp|F0Q2T3|CAS2_PARA1,35.294,85.0,1.68e-12,61.6,sp|F0Q2T3|CAS2_PARA1 CRISPR-associated endoribonuclease Cas2 OS=Paracidovorax avenae (strain ATCC 19860 / DSM 7227 / CCUG 15838 / JCM 20985 / LMG 2117 / NCPPB 1011) OX=643561 GN=cas2 PE=3 SV=1
00000400|gene_cluster_GC_00002663|genome_name_P2740_Qu_CN|gene_callers_id_1829,P2740_Qu_CN,GC_00002663,1829,sp|Q6GLT8|FAHD2_XENLA,44.186,86.0,6.08e-20,86.3,"sp|Q6GLT8|FAHD2_XENLA Oxaloacetate tautomerase fahd2, mitochondrial OS=Xenopus laevis OX=8355 GN=fahd2 PE=2 SV=1"
00000401|gene_cluster_GC_00002735|genome_name_P2176_Unknown_BE|gene_callers_id_1833,P2176_Unknown_BE,GC_00002735,1833,Unknown,0.0,0.0,-,0.0,Unknown - no BLAST hit found
00000402|gene_cluster_GC_00002799|genome_name_P240_SD_IT|gene_callers_id_2081,P240_SD_IT,GC_00002799,2081,Unknown,0.0,0.0,-,0.0,Unknown - no BLAST hit found
00000403|gene_cluster_GC_00002982|genome_name_P3124_LMG_BE|gene_callers_id_221,P3124_LMG_BE,GC_00002982,221,Unknown,0.0,0.0,-,0.0,Unknown - no BLAST hit found
00000404|gene_cluster_GC_00002612|genome_name_P3378_Banana_BE|gene_callers_id_1607,P3378_Banana_BE,GC_00002612,1607,Unknown,0.0,0.0,-,0.0,Unknown - no BLAST hit found
00000405|gene_cluster_GC_00002811|genome_name_P2712_SD_BE|gene_callers_id_817,P2712_SD_BE,GC_00002811,817,Unknown,0.0,0.0,-,0.0,Unknown - no BLAST hit found
00000406|gene_cluster_GC_00002593|genome_name_P2176_Unknown_BE|gene_callers_id_1892,P2176_Unknown_BE,GC_00002593,1892,sp|A4INR2|ARSC_GEOTN,54.054,37.0,2.52e-08,49.3,sp|A4INR2|ARSC_GEOTN Arsenate reductase OS=Geobacillus thermodenitrificans (strain NG80-2) OX=420246 GN=arsC PE=3 SV=1
00000407|gene_cluster_GC_00002664|genome_name_P815_Cocoa_CR|gene_callers_id_872,P815_Cocoa_CR,GC_00002664,872,Unknown,0.0,0.0,-,0.0,Unknown - no BLAST hit found
00000408|gene_cluster_GC_00002400|genome_name_P3124_LMG_BE|gene_callers_id_1034,P3124_LMG_BE,GC_00002400,1034,Unknown,0.0,0.0,-,0.0,Unknown - no BLAST hit found
00000409|gene_cluster_GC_00002400|genome_name_P3124_LMG_BE|gene_callers_id_1889,P3124_LMG_BE,GC_00002400,1889,Unknown,0.0,0.0,-,0.0,Unknown - no BLAST hit found
00000410|gene_cluster_GC_00002690|genome_name_P360_Cocoa_CR|gene_callers_id_1847,P360_Cocoa_CR,GC_00002690,1847,Unknown,0.0,0.0,-,0.0,Unknown - no BLAST hit found
00000411|gene_cluster_GC_00002738|genome_name_P2020_Cocoa_CR|gene_callers_id_1815,P2020_Cocoa_CR,GC_00002738,1815,Unknown,0.0,0.0,-,0.0,Unknown - no BLAST hit found
00000412|gene_cluster_GC_00002573|genome_name_P3124_LMG_BE|gene_callers_id_1806,P3124_LMG_BE,GC_00002573,1806,Unknown,0.0,0.0,-,0.0,Unknown - no BLAST hit found
00000413|gene_cluster_GC_00002766|genome_name_P3378_Banana_BE|gene_callers_id_1608,P3378_Banana_BE,GC_00002766,1608,Unknown,0.0,0.0,-,0.0,Unknown - no BLAST hit found
00000414|gene_cluster_GC_00003023|genome_name_P2746_Cocoa_VN|gene_callers_id_730,P2746_Cocoa_VN,GC_00003023,730,Unknown,0.0,0.0,-,0.0,Unknown - no BLAST hit found
00000415|gene_cluster_GC_00003036|genome_name_P800_Unknown_BE|gene_callers_id_858,P800_Unknown_BE,GC_00003036,858,sp|P71276|RT48_ECOLX,27.407,135.0,0.000557,46.2,sp|P71276|RT48_ECOLX Retron Ec48 reverse transcriptase OS=Escherichia coli OX=562 GN=ret PE=1 SV=2
00000416|gene_cluster_GC_00003096|genome_name_P3124_LMG_BE|gene_callers_id_580,P3124_LMG_BE,GC_00003096,580,sp|P45931|YQBO_BACSU,32.026,153.0,2.33e-08,61.2,sp|P45931|YQBO_BACSU Phage tape measure protein-like protein YqbO OS=Bacillus subtilis (strain 168) OX=224308 GN=yqbO PE=1 SV=2
00000417|gene_cluster_GC_00003126|genome_name_P2740_Qu_CN|gene_callers_id_1430,P2740_Qu_CN,GC_00003126,1430,sp|B4MTY2|U518_DROWI,46.0,50.0,0.004,42.0,sp|B4MTY2|U518_DROWI FHIP family protein GK23746 OS=Drosophila willistoni OX=7260 GN=GK23746 PE=3 SV=1
00000418|gene_cluster_GC_00003140|genome_name_P3378_Banana_BE|gene_callers_id_1764,P3378_Banana_BE,GC_00003140,1764,sp|A7LXT8|GH43A_BACO1,37.958,382.0,2.89e-71,239.0,sp|A7LXT8|GH43A_BACO1 Non-reducing end alpha-L-arabinofuranosidase BoGH43A OS=Bacteroides ovatus (strain ATCC 8483 / DSM 1896 / JCM 5824 / BCRC 10623 / CCUG 4943 / NCTC 11153) OX=411476 GN=BACOVA_02654 PE=1 SV=1
00000419|gene_cluster_GC_00002485|genome_name_P2052_Cocoa_CR|gene_callers_id_1460,P2052_Cocoa_CR,GC_00002485,1460,Unknown,0.0,0.0,-,0.0,Unknown - no BLAST hit found
00000420|gene_cluster_GC_00002485|genome_name_P2052_Cocoa_CR|gene_callers_id_1459,P2052_Cocoa_CR,GC_00002485,1459,Unknown,0.0,0.0,-,0.0,Unknown - no BLAST hit found
00000421|gene_cluster_GC_00003144|genome_name_P2020_Cocoa_CR|gene_callers_id_1195,P2020_Cocoa_CR,GC_00003144,1195,Unknown,0.0,0.0,-,0.0,Unknown - no BLAST hit found
00000422|gene_cluster_GC_00002686|genome_name_P3124_LMG_BE|gene_callers_id_1041,P3124_LMG_BE,GC_00002686,1041,Unknown,0.0,0.0,-,0.0,Unknown - no BLAST hit found
00000423|gene_cluster_GC_00003069|genome_name_P3124_LMG_BE|gene_callers_id_1017,P3124_LMG_BE,GC_00003069,1017,Unknown,0.0,0.0,-,0.0,Unknown - no BLAST hit found
00000424|gene_cluster_GC_00002995|genome_name_P363_Unknown_BE|gene_callers_id_793,P363_Unknown_BE,GC_00002995,793,sp|Q2G2X2|TARD_STAA8,65.891,129.0,1.28e-57,178.0,sp|Q2G2X2|TARD_STAA8 Glycerol-3-phosphate cytidylyltransferase OS=Staphylococcus aureus (strain NCTC 8325 / PS 47) OX=93061 GN=tarD PE=1 SV=1
00000425|gene_cluster_GC_00002443|genome_name_P3378_Banana_BE|gene_callers_id_1994,P3378_Banana_BE,GC_00002443,1994,Unknown,0.0,0.0,-,0.0,Unknown - no BLAST hit found
00000426|gene_cluster_GC_00002443|genome_name_P3378_Banana_BE|gene_callers_id_1983,P3378_Banana_BE,GC_00002443,1983,Unknown,0.0,0.0,-,0.0,Unknown - no BLAST hit found
00000427|gene_cluster_GC_00002771|genome_name_P2052_Cocoa_CR|gene_callers_id_1565,P2052_Cocoa_CR,GC_00002771,1565,sp|P40814|T3MO_SALTY,38.182,330.0,2.7999999999999998e-61,214.0,sp|P40814|T3MO_SALTY Type III restriction-modification enzyme StyLTI Mod subunit OS=Salmonella typhimurium (strain LT2 / SGSC1412 / ATCC 700720) OX=99287 GN=mod PE=1 SV=2
00000428|gene_cluster_GC_00002622|genome_name_P2740_Qu_CN|gene_callers_id_1569,P2740_Qu_CN,GC_00002622,1569,sp|Q9D1A2|CNDP2_MOUSE,28.866,388.0,1.81e-41,156.0,sp|Q9D1A2|CNDP2_MOUSE Cytosolic non-specific dipeptidase OS=Mus musculus OX=10090 GN=Cndp2 PE=1 SV=1
00000429|gene_cluster_GC_00002508|genome_name_P2740_Qu_CN|gene_callers_id_1564,P2740_Qu_CN,GC_00002508,1564,sp|A2RI77|DPPD_LACLM,58.261,345.0,1.81e-145,417.0,sp|A2RI77|DPPD_LACLM Dipeptide transport ATP-binding protein DppD OS=Lactococcus lactis subsp. cremoris (strain MG1363) OX=416870 GN=dppD PE=1 SV=1
00000430|gene_cluster_GC_00003009|genome_name_Reference|gene_callers_id_1454,Reference,GC_00003009,1454,Unknown,0.0,0.0,-,0.0,Unknown - no BLAST hit found
00000431|gene_cluster_GC_00002703|genome_name_P2020_Cocoa_CR|gene_callers_id_967,P2020_Cocoa_CR,GC_00002703,967,Unknown,0.0,0.0,-,0.0,Unknown - no BLAST hit found
00000432|gene_cluster_GC_00002822|genome_name_P3124_LMG_BE|gene_callers_id_1909,P3124_LMG_BE,GC_00002822,1909,sp|O31563|YFIU_BACSU,31.787,431.0,7.88e-50,180.0,sp|O31563|YFIU_BACSU Uncharacterized MFS-type transporter YfiU OS=Bacillus subtilis (strain 168) OX=224308 GN=yfiU PE=3 SV=1
00000433|gene_cluster_GC_00002893|genome_name_P2052_Cocoa_CR|gene_callers_id_1787,P2052_Cocoa_CR,GC_00002893,1787,sp|P07369|CB2G_SOLLC,98.283,233.0,1.16e-170,473.0,"sp|P07369|CB2G_SOLLC Chlorophyll a-b binding protein 3C, chloroplastic OS=Solanum lycopersicum OX=4081 GN=CAB3C PE=3 SV=1"
00000434|gene_cluster_GC_00003057|genome_name_P2176_Unknown_BE|gene_callers_id_1521,P2176_Unknown_BE,GC_00003057,1521,sp|Q72H90|SOJ_THET2,26.298,289.0,1.55e-23,99.8,sp|Q72H90|SOJ_THET2 Chromosome-partitioning ATPase Soj OS=Thermus thermophilus (strain ATCC BAA-163 / DSM 7039 / HB27) OX=262724 GN=soj PE=1 SV=1
00000435|gene_cluster_GC_00002862|genome_name_P815_Cocoa_CR|gene_callers_id_80,P815_Cocoa_CR,GC_00002862,80,Unknown,0.0,0.0,-,0.0,Unknown - no BLAST hit found
00000436|gene_cluster_GC_00002639|genome_name_P3124_LMG_BE|gene_callers_id_1048,P3124_LMG_BE,GC_00002639,1048,sp|A9AA97|COBQ_METM6,25.547,137.0,0.007,42.0,sp|A9AA97|COBQ_METM6 Probable cobyric acid synthase OS=Methanococcus maripaludis (strain C6 / ATCC BAA-1332) OX=444158 GN=cobQ PE=3 SV=1
00000437|gene_cluster_GC_00002808|genome_name_P3378_Banana_BE|gene_callers_id_1766,P3378_Banana_BE,GC_00002808,1766,sp|O32071|YTDP_BACSU,34.483,87.0,3.11e-11,68.2,sp|O32071|YTDP_BACSU Uncharacterized HTH-type transcriptional regulator YtdP OS=Bacillus subtilis (strain 168) OX=224308 GN=ytdP PE=4 SV=1
00000438|gene_cluster_GC_00002870|genome_name_P2711_SD_BE|gene_callers_id_1296,P2711_SD_BE,GC_00002870,1296,Unknown,0.0,0.0,-,0.0,Unknown - no BLAST hit found
00000439|gene_cluster_GC_00002900|genome_name_P3124_LMG_BE|gene_callers_id_204,P3124_LMG_BE,GC_00002900,204,sp|P54308|TERL_BPSPP,29.457,387.0,2.67e-38,146.0,"sp|P54308|TERL_BPSPP Terminase, large subunit OS=Bacillus phage SPP1 OX=10724 GN=2 PE=1 SV=1"
00000440|gene_cluster_GC_00002701|genome_name_P2176_Unknown_BE|gene_callers_id_1520,P2176_Unknown_BE,GC_00002701,1520,Unknown,0.0,0.0,-,0.0,Unknown - no BLAST hit found
00000441|gene_cluster_GC_00003024|genome_name_P3378_Banana_BE|gene_callers_id_1771,P3378_Banana_BE,GC_00003024,1771,sp|Q59998|ATZN_SYNY3,33.333,558.0,1.9799999999999998e-94,308.0,sp|Q59998|ATZN_SYNY3 Zinc-transporting ATPase OS=Synechocystis sp. (strain ATCC 27184 / PCC 6803 / Kazusa) OX=1111708 GN=ziaA PE=1 SV=1
00000442|gene_cluster_GC_00002702|genome_name_P360_Cocoa_CR|gene_callers_id_1912,P360_Cocoa_CR,GC_00002702,1912,Unknown,0.0,0.0,-,0.0,Unknown - no BLAST hit found
00000443|gene_cluster_GC_00002615|genome_name_P2020_Cocoa_CR|gene_callers_id_1748,P2020_Cocoa_CR,GC_00002615,1748,Unknown,0.0,0.0,-,0.0,Unknown - no BLAST hit found
00000444|gene_cluster_GC_00002997|genome_name_P2740_Qu_CN|gene_callers_id_1920,P2740_Qu_CN,GC_00002997,1920,Unknown,0.0,0.0,-,0.0,Unknown - no BLAST hit found
00000445|gene_cluster_GC_00002846|genome_name_P815_Cocoa_CR|gene_callers_id_86,P815_Cocoa_CR,GC_00002846,86,sp|P06225|DPOL_BPSP2,52.469,648.0,0.0,688.0,sp|P06225|DPOL_BPSP2 DNA polymerase OS=Bacillus phage SP02 OX=10723 GN=L PE=3 SV=1
00000446|gene_cluster_GC_00003007|genome_name_P2176_Unknown_BE|gene_callers_id_1792,P2176_Unknown_BE,GC_00003007,1792,sp|A0A0H2URH7|GLYAT_STRPN,27.386,241.0,1.68e-26,113.0,sp|A0A0H2URH7|GLYAT_STRPN Glycosyltransferase GlyA OS=Streptococcus pneumoniae serotype 4 (strain ATCC BAA-334 / TIGR4) OX=170187 GN=glyA PE=3 SV=1
00000447|gene_cluster_GC_00002529|genome_name_P2176_Unknown_BE|gene_callers_id_1749,P2176_Unknown_BE,GC_00002529,1749,Unknown,0.0,0.0,-,0.0,Unknown - no BLAST hit found
00000448|gene_cluster_GC_00002546|genome_name_P2712_SD_BE|gene_callers_id_933,P2712_SD_BE,GC_00002546,933,Unknown,0.0,0.0,-,0.0,Unknown - no BLAST hit found
00000449|gene_cluster_GC_00002724|genome_name_P2740_Qu_CN|gene_callers_id_1817,P2740_Qu_CN,GC_00002724,1817,Unknown,0.0,0.0,-,0.0,Unknown - no BLAST hit found
00000450|gene_cluster_GC_00002364|genome_name_P2711_SD_BE|gene_callers_id_1875,P2711_SD_BE,GC_00002364,1875,Unknown,0.0,0.0,-,0.0,Unknown - no BLAST hit found
00000451|gene_cluster_GC_00002364|genome_name_P2711_SD_BE|gene_callers_id_1969,P2711_SD_BE,GC_00002364,1969,Unknown,0.0,0.0,-,0.0,Unknown - no BLAST hit found
00000452|gene_cluster_GC_00003077|genome_name_P3378_Banana_BE|gene_callers_id_1617,P3378_Banana_BE,GC_00003077,1617,Unknown,0.0,0.0,-,0.0,Unknown - no BLAST hit found
00000453|gene_cluster_GC_00002646|genome_name_P2052_Cocoa_CR|gene_callers_id_1116,P2052_Cocoa_CR,GC_00002646,1116,Unknown,0.0,0.0,-,0.0,Unknown - no BLAST hit found
00000454|gene_cluster_GC_00002869|genome_name_P3124_LMG_BE|gene_callers_id_1788,P3124_LMG_BE,GC_00002869,1788,Unknown,0.0,0.0,-,0.0,Unknown - no BLAST hit found
00000455|gene_cluster_GC_00002882|genome_name_P2712_SD_BE|gene_callers_id_1874,P2712_SD_BE,GC_00002882,1874,Unknown,0.0,0.0,-,0.0,Unknown - no BLAST hit found
00000456|gene_cluster_GC_00002583|genome_name_P3378_Banana_BE|gene_callers_id_1525,P3378_Banana_BE,GC_00002583,1525,Unknown,0.0,0.0,-,0.0,Unknown - no BLAST hit found
00000457|gene_cluster_GC_00003035|genome_name_P2052_Cocoa_CR|gene_callers_id_1816,P2052_Cocoa_CR,GC_00003035,1816,Unknown,0.0,0.0,-,0.0,Unknown - no BLAST hit found
00000458|gene_cluster_GC_00003008|genome_name_P815_Cocoa_CR|gene_callers_id_88,P815_Cocoa_CR,GC_00003008,88,sp|Q9T1P7|VP51_BPAPS,29.63,432.0,2.57e-37,142.0,sp|Q9T1P7|VP51_BPAPS Putative protein p51 OS=Acyrthosiphon pisum secondary endosymbiont phage 1 OX=2682836 GN=51 PE=4 SV=1
00000459|gene_cluster_GC_00002653|genome_name_P3378_Banana_BE|gene_callers_id_1605,P3378_Banana_BE,GC_00002653,1605,sp|P18503|CAS4_EPHMU,65.909,44.0,8.62e-06,50.8,sp|P18503|CAS4_EPHMU Short-chain collagen C4 (Fragment) OS=Ephydatia muelleri OX=6052 PE=2 SV=1
00000460|gene_cluster_GC_00002787|genome_name_P3124_LMG_BE|gene_callers_id_1155,P3124_LMG_BE,GC_00002787,1155,sp|P45579|HCXA_ECOLI,35.475,358.0,7.959999999999999e-69,223.0,sp|P45579|HCXA_ECOLI Hydroxycarboxylate dehydrogenase A OS=Escherichia coli (strain K12) OX=83333 GN=hcxA PE=1 SV=2
00000461|gene_cluster_GC_00002968|genome_name_P2176_Unknown_BE|gene_callers_id_1165,P2176_Unknown_BE,GC_00002968,1165,Unknown,0.0,0.0,-,0.0,Unknown - no BLAST hit found
00000462|gene_cluster_GC_00002974|genome_name_P800_Unknown_BE|gene_callers_id_636,P800_Unknown_BE,GC_00002974,636,Unknown,0.0,0.0,-,0.0,Unknown - no BLAST hit found
00000463|gene_cluster_GC_00003084|genome_name_P3124_LMG_BE|gene_callers_id_1944,P3124_LMG_BE,GC_00003084,1944,Unknown,0.0,0.0,-,0.0,Unknown - no BLAST hit found
00000464|gene_cluster_GC_00002736|genome_name_P3124_LMG_BE|gene_callers_id_224,P3124_LMG_BE,GC_00002736,224,Unknown,0.0,0.0,-,0.0,Unknown - no BLAST hit found
00000465|gene_cluster_GC_00002923|genome_name_P3124_LMG_BE|gene_callers_id_1428,P3124_LMG_BE,GC_00002923,1428,sp|Q48454|YC08_KLEPN,22.789,294.0,3.22e-05,49.7,sp|Q48454|YC08_KLEPN Uncharacterized 42.6 kDa protein in cps region OS=Klebsiella pneumoniae OX=573 PE=4 SV=1
00000466|gene_cluster_GC_00002709|genome_name_P2712_SD_BE|gene_callers_id_84,P2712_SD_BE,GC_00002709,84,sp|Q7CR08|ALLB_SALTY,45.952,457.0,5.51e-146,427.0,sp|Q7CR08|ALLB_SALTY Allantoinase OS=Salmonella typhimurium (strain LT2 / SGSC1412 / ATCC 700720) OX=99287 GN=allB PE=3 SV=1
00000467|gene_cluster_GC_00002952|genome_name_P2052_Cocoa_CR|gene_callers_id_1455,P2052_Cocoa_CR,GC_00002952,1455,sp|A0A0A7HIX1|CSM2_STRTR,41.803,122.0,2.18e-20,83.2,sp|A0A0A7HIX1|CSM2_STRTR CRISPR system Cms protein Csm2 OS=Streptococcus thermophilus OX=1308 GN=csm2 PE=1 SV=1
00000468|gene_cluster_GC_00002589|genome_name_P363_Unknown_BE|gene_callers_id_800,P363_Unknown_BE,GC_00002589,800,sp|P71059|EPSJ_BACSU,28.74,254.0,8.08e-22,97.4,sp|P71059|EPSJ_BACSU Uncharacterized glycosyltransferase EpsJ OS=Bacillus subtilis (strain 168) OX=224308 GN=epsJ PE=2 SV=1
00000469|gene_cluster_GC_00003117|genome_name_P3378_Banana_BE|gene_callers_id_1765,P3378_Banana_BE,GC_00003117,1765,sp|P46907|NARK_BACSU,23.284,335.0,0.00059,45.4,sp|P46907|NARK_BACSU Nitrite extrusion protein OS=Bacillus subtilis (strain 168) OX=224308 GN=narK PE=3 SV=2
00000470|gene_cluster_GC_00002431|genome_name_P3124_LMG_BE|gene_callers_id_1044,P3124_LMG_BE,GC_00002431,1044,sp|P54309|PORTL_BPSPP,23.773,387.0,2.44e-09,63.2,sp|P54309|PORTL_BPSPP Portal protein OS=Bacillus phage SPP1 OX=10724 GN=6 PE=1 SV=1
00000471|gene_cluster_GC_00002431|genome_name_P3124_LMG_BE|gene_callers_id_203,P3124_LMG_BE,GC_00002431,203,sp|Q24LJ4|PORTL_BPPCD,21.247,433.0,5.65e-07,55.5,sp|Q24LJ4|PORTL_BPPCD Portal protein OS=Clostridium phage phiCD119 (strain Clostridium difficile/United States/Govind/2006) OX=2883936 PE=3 SV=1
00000472|gene_cluster_GC_00002536|genome_name_P3124_LMG_BE|gene_callers_id_1908,P3124_LMG_BE,GC_00002536,1908,sp|B9DKR5|CHDC_STACT,52.846,123.0,7.0899999999999995e-40,136.0,sp|B9DKR5|CHDC_STACT Coproheme decarboxylase OS=Staphylococcus carnosus (strain TM300) OX=396513 GN=chdC PE=3 SV=1
00000473|gene_cluster_GC_00003071|genome_name_P2711_SD_BE|gene_callers_id_1592,P2711_SD_BE,GC_00003071,1592,sp|Q9F234|AGL2_BACTQ,40.735,653.0,3.83e-178,533.0,sp|Q9F234|AGL2_BACTQ Alpha-glucosidase 2 OS=Bacillus thermoamyloliquefaciens OX=1425 PE=3 SV=1
00000474|gene_cluster_GC_00002519|genome_name_P2712_SD_BE|gene_callers_id_828,P2712_SD_BE,GC_00002519,828,Unknown,0.0,0.0,-,0.0,Unknown - no BLAST hit found
00000475|gene_cluster_GC_00002924|genome_name_P2740_Qu_CN|gene_callers_id_1768,P2740_Qu_CN,GC_00002924,1768,Unknown,0.0,0.0,-,0.0,Unknown - no BLAST hit found
00000476|gene_cluster_GC_00002627|genome_name_P2024_Cocoa_CR|gene_callers_id_972,P2024_Cocoa_CR,GC_00002627,972,Unknown,0.0,0.0,-,0.0,Unknown - no BLAST hit found
00000477|gene_cluster_GC_00002760|genome_name_P3124_LMG_BE|gene_callers_id_1036,P3124_LMG_BE,GC_00002760,1036,Unknown,0.0,0.0,-,0.0,Unknown - no BLAST hit found
00000478|gene_cluster_GC_00002522|genome_name_P3124_LMG_BE|gene_callers_id_1963,P3124_LMG_BE,GC_00002522,1963,sp|B8DBU4|LEU1_LISMH,60.286,350.0,5.94e-157,453.0,sp|B8DBU4|LEU1_LISMH 2-isopropylmalate synthase OS=Listeria monocytogenes serotype 4a (strain HCC23) OX=552536 GN=leuA PE=3 SV=1
00000479|gene_cluster_GC_00002726|genome_name_P2020_Cocoa_CR|gene_callers_id_1793,P2020_Cocoa_CR,GC_00002726,1793,Unknown,0.0,0.0,-,0.0,Unknown - no BLAST hit found
00000480|gene_cluster_GC_00002761|genome_name_P2764_Cocoa_VN|gene_callers_id_1586,P2764_Cocoa_VN,GC_00002761,1586,sp|Q58899|WECB_METJA,32.486,354.0,2.56e-57,194.0,sp|Q58899|WECB_METJA UDP-N-acetylglucosamine 2-epimerase OS=Methanocaldococcus jannaschii (strain ATCC 43067 / DSM 2661 / JAL-1 / JCM 10045 / NBRC 100440) OX=243232 GN=wecB PE=1 SV=1
00000481|gene_cluster_GC_00002865|genome_name_P3378_Banana_BE|gene_callers_id_1845,P3378_Banana_BE,GC_00002865,1845,Unknown,0.0,0.0,-,0.0,Unknown - no BLAST hit found
00000482|gene_cluster_GC_00002531|genome_name_P3124_LMG_BE|gene_callers_id_1939,P3124_LMG_BE,GC_00002531,1939,sp|Q8CN55|LYTR_STAES,26.168,107.0,3.37e-09,57.0,sp|Q8CN55|LYTR_STAES Sensory transduction protein LytR OS=Staphylococcus epidermidis (strain ATCC 12228 / FDA PCI 1200) OX=176280 GN=lytR PE=3 SV=1
00000483|gene_cluster_GC_00002656|genome_name_P2746_Cocoa_VN|gene_callers_id_1800,P2746_Cocoa_VN,GC_00002656,1800,sp|P27127|WAAB_ECOLI,38.7,323.0,1.88e-64,211.0,"sp|P27127|WAAB_ECOLI Lipopolysaccharide 1,6-galactosyltransferase OS=Escherichia coli (strain K12) OX=83333 GN=waaB PE=1 SV=2"
00000484|gene_cluster_GC_00003146|genome_name_P815_Cocoa_CR|gene_callers_id_137,P815_Cocoa_CR,GC_00003146,137,Unknown,0.0,0.0,-,0.0,Unknown - no BLAST hit found
00000485|gene_cluster_GC_00002552|genome_name_P2176_Unknown_BE|gene_callers_id_1388,P2176_Unknown_BE,GC_00002552,1388,Unknown,0.0,0.0,-,0.0,Unknown - no BLAST hit found
00000486|gene_cluster_GC_00003018|genome_name_P2176_Unknown_BE|gene_callers_id_1750,P2176_Unknown_BE,GC_00003018,1750,sp|P9WLC2|Y2310_MYCTO,35.849,53.0,0.01,35.8,sp|P9WLC2|Y2310_MYCTO Uncharacterized protein MT2372 OS=Mycobacterium tuberculosis (strain CDC 1551 / Oshkosh) OX=83331 GN=MT2372 PE=4 SV=1
00000487|gene_cluster_GC_00003151|genome_name_P2176_Unknown_BE|gene_callers_id_1797,P2176_Unknown_BE,GC_00003151,1797,Unknown,0.0,0.0,-,0.0,Unknown - no BLAST hit found
00000488|gene_cluster_GC_00002706|genome_name_P815_Cocoa_CR|gene_callers_id_1430,P815_Cocoa_CR,GC_00002706,1430,Unknown,0.0,0.0,-,0.0,Unknown - no BLAST hit found
00000489|gene_cluster_GC_00003044|genome_name_P2740_Qu_CN|gene_callers_id_1273,P2740_Qu_CN,GC_00003044,1273,Unknown,0.0,0.0,-,0.0,Unknown - no BLAST hit found
00000490|gene_cluster_GC_00003041|genome_name_P2764_Cocoa_VN|gene_callers_id_318,P2764_Cocoa_VN,GC_00003041,318,sp|P37247|TRA4_BACFG,31.973,147.0,2.9100000000000002e-21,90.9,sp|P37247|TRA4_BACFG Transposase for insertion sequence element IS4351 OS=Bacteroides fragilis OX=817 PE=3 SV=1
00000491|gene_cluster_GC_00002909|genome_name_P2029_Cocoa_CR|gene_callers_id_1378,P2029_Cocoa_CR,GC_00002909,1378,sp|A0A0H2UR96|GLYG_STRPN,29.302,215.0,2.47e-22,98.2,sp|A0A0H2UR96|GLYG_STRPN Glycosyltransferase GlyG OS=Streptococcus pneumoniae serotype 4 (strain ATCC BAA-334 / TIGR4) OX=170187 GN=glyG PE=1 SV=1
00000492|gene_cluster_GC_00002621|genome_name_P363_Unknown_BE|gene_callers_id_1276,P363_Unknown_BE,GC_00002621,1276,sp|P71344|T1SI_HAEIN,28.689,366.0,1.95e-38,145.0,sp|P71344|T1SI_HAEIN Putative type I restriction enzyme specificity subunit S.HindORF215P OS=Haemophilus influenzae (strain ATCC 51907 / DSM 11121 / KW20 / Rd) OX=71421 GN=HI_0216 PE=3 SV=1
00000493|gene_cluster_GC_00002778|genome_name_P815_Cocoa_CR|gene_callers_id_836,P815_Cocoa_CR,GC_00002778,836,Unknown,0.0,0.0,-,0.0,Unknown - no BLAST hit found
00000494|gene_cluster_GC_00003129|genome_name_P2052_Cocoa_CR|gene_callers_id_1682,P2052_Cocoa_CR,GC_00003129,1682,sp|O32236|RGHR_BACSU,45.714,35.0,0.001,38.5,sp|O32236|RGHR_BACSU HTH-type transcriptional repressor RghR OS=Bacillus subtilis (strain 168) OX=224308 GN=rghR PE=1 SV=1
00000495|gene_cluster_GC_00002911|genome_name_P187_SD_IT|gene_callers_id_2048,P187_SD_IT,GC_00002911,2048,Unknown,0.0,0.0,-,0.0,Unknown - no BLAST hit found
00000496|gene_cluster_GC_00002835|genome_name_P3124_LMG_BE|gene_callers_id_1938,P3124_LMG_BE,GC_00002835,1938,Unknown,0.0,0.0,-,0.0,Unknown - no BLAST hit found
00000497|gene_cluster_GC_00002505|genome_name_P2764_Cocoa_VN|gene_callers_id_1824,P2764_Cocoa_VN,GC_00002505,1824,Unknown,0.0,0.0,-,0.0,Unknown - no BLAST hit found
00000498|gene_cluster_GC_00002512|genome_name_P2052_Cocoa_CR|gene_callers_id_1562,P2052_Cocoa_CR,GC_00002512,1562,sp|Q0P4U8|SMAL1_XENTR,26.316,228.0,4.09e-10,67.8,sp|Q0P4U8|SMAL1_XENTR SNF2 related chromatin remodeling annealing helicase 1 OS=Xenopus tropicalis OX=8364 GN=smarcal1 PE=2 SV=1
00000499|gene_cluster_GC_00002630|genome_name_P800_Unknown_BE|gene_callers_id_664,P800_Unknown_BE,GC_00002630,664,Unknown,0.0,0.0,-,0.0,Unknown - no BLAST hit found
00000500|gene_cluster_GC_00003142|genome_name_P2740_Qu_CN|gene_callers_id_1567,P2740_Qu_CN,GC_00003142,1567,sp|P39839|YUXL_BACSU,41.883,308.0,2.52e-76,259.0,sp|P39839|YUXL_BACSU Uncharacterized peptidase YuxL OS=Bacillus subtilis (strain 168) OX=224308 GN=yuxL PE=3 SV=3
00000501|gene_cluster_GC_00003087|genome_name_Reference|gene_callers_id_207,Reference,GC_00003087,207,Unknown,0.0,0.0,-,0.0,Unknown - no BLAST hit found
00000502|gene_cluster_GC_00003026|genome_name_Reference|gene_callers_id_210,Reference,GC_00003026,210,sp|Q0P9C6|PGLI_CAMJE,24.88,209.0,0.000592,44.7,"sp|Q0P9C6|PGLI_CAMJE GalNAc(5)-diNAcBac-PP-undecaprenol beta-1,3-glucosyltransferase OS=Campylobacter jejuni subsp. jejuni serotype O:2 (strain ATCC 700819 / NCTC 11168) OX=192222 GN=pglI PE=1 SV=1"
00000503|gene_cluster_GC_00003048|genome_name_P815_Cocoa_CR|gene_callers_id_73,P815_Cocoa_CR,GC_00003048,73,sp|O33348|RELG_MYCTU,33.696,92.0,1.81e-07,47.8,sp|O33348|RELG_MYCTU Toxin RelG OS=Mycobacterium tuberculosis (strain ATCC 25618 / H37Rv) OX=83332 GN=relG PE=1 SV=1
00000504|gene_cluster_GC_00002858|genome_name_P2029_Cocoa_CR|gene_callers_id_468,P2029_Cocoa_CR,GC_00002858,468,sp|P0DW40|HAMB_BACCE,25.29,431.0,9.85e-29,128.0,sp|P0DW40|HAMB_BACCE Hachiman protein HamB OS=Bacillus cereus OX=1396 GN=hamB PE=3 SV=1
00000505|gene_cluster_GC_00003013|genome_name_P815_Cocoa_CR|gene_callers_id_132,P815_Cocoa_CR,GC_00003013,132,Unknown,0.0,0.0,-,0.0,Unknown - no BLAST hit found
00000506|gene_cluster_GC_00002998|genome_name_P2712_SD_BE|gene_callers_id_29,P2712_SD_BE,GC_00002998,29,Unknown,0.0,0.0,-,0.0,Unknown - no BLAST hit found
00000507|gene_cluster_GC_00003121|genome_name_P815_Cocoa_CR|gene_callers_id_844,P815_Cocoa_CR,GC_00003121,844,sp|Q5UQ13|COLL2_MIMIV,36.905,168.0,3.22e-08,57.8,sp|Q5UQ13|COLL2_MIMIV Collagen-like protein 2 OS=Acanthamoeba polyphaga mimivirus OX=212035 GN=MIMI_R196 PE=4 SV=1
00000508|gene_cluster_GC_00002665|genome_name_P2746_Cocoa_VN|gene_callers_id_1869,P2746_Cocoa_VN,GC_00002665,1869,Unknown,0.0,0.0,-,0.0,Unknown - no BLAST hit found
00000509|gene_cluster_GC_00002850|genome_name_P815_Cocoa_CR|gene_callers_id_862,P815_Cocoa_CR,GC_00002850,862,Unknown,0.0,0.0,-,0.0,Unknown - no BLAST hit found
00000510|gene_cluster_GC_00002514|genome_name_P3124_LMG_BE|gene_callers_id_1065,P3124_LMG_BE,GC_00002514,1065,Unknown,0.0,0.0,-,0.0,Unknown - no BLAST hit found
00000511|gene_cluster_GC_00002782|genome_name_P3124_LMG_BE|gene_callers_id_1912,P3124_LMG_BE,GC_00002782,1912,sp|O07127|YPTY_LATSK,42.963,135.0,7.44e-36,123.0,sp|O07127|YPTY_LATSK Uncharacterized 16.5 kDa protein in ptsI 3'region OS=Latilactobacillus sakei OX=1599 PE=3 SV=1
00000512|gene_cluster_GC_00002932|genome_name_P3378_Banana_BE|gene_callers_id_1851,P3378_Banana_BE,GC_00002932,1851,Unknown,0.0,0.0,-,0.0,Unknown - no BLAST hit found
00000513|gene_cluster_GC_00003138|genome_name_P363_Unknown_BE|gene_callers_id_801,P363_Unknown_BE,GC_00003138,801,sp|Q8W2B8|SAT4_ARATH,42.857,98.0,6.13e-16,75.1,sp|Q8W2B8|SAT4_ARATH Serine acetyltransferase 4 OS=Arabidopsis thaliana OX=3702 GN=SAT4 PE=1 SV=1
00000514|gene_cluster_GC_00002873|genome_name_P3378_Banana_BE|gene_callers_id_1686,P3378_Banana_BE,GC_00002873,1686,sp|P71059|EPSJ_BACSU,36.564,227.0,6.2e-35,133.0,sp|P71059|EPSJ_BACSU Uncharacterized glycosyltransferase EpsJ OS=Bacillus subtilis (strain 168) OX=224308 GN=epsJ PE=2 SV=1
00000515|gene_cluster_GC_00002688|genome_name_P363_Unknown_BE|gene_callers_id_623,P363_Unknown_BE,GC_00002688,623,Unknown,0.0,0.0,-,0.0,Unknown - no BLAST hit found
00000516|gene_cluster_GC_00002757|genome_name_P3124_LMG_BE|gene_callers_id_1429,P3124_LMG_BE,GC_00002757,1429,sp|Q58464|Y1064_METJA,44.643,112.0,4.76e-22,92.8,sp|Q58464|Y1064_METJA Uncharacterized acetyltransferase MJ1064 OS=Methanocaldococcus jannaschii (strain ATCC 43067 / DSM 2661 / JAL-1 / JCM 10045 / NBRC 100440) OX=243232 GN=MJ1064 PE=3 SV=1
00000517|gene_cluster_GC_00002931|genome_name_P2740_Qu_CN|gene_callers_id_1275,P2740_Qu_CN,GC_00002931,1275,Unknown,0.0,0.0,-,0.0,Unknown - no BLAST hit found
00000518|gene_cluster_GC_00003132|genome_name_P800_Unknown_BE|gene_callers_id_1254,P800_Unknown_BE,GC_00003132,1254,Unknown,0.0,0.0,-,0.0,Unknown - no BLAST hit found
00000519|gene_cluster_GC_00002918|genome_name_P3378_Banana_BE|gene_callers_id_1779,P3378_Banana_BE,GC_00002918,1779,Unknown,0.0,0.0,-,0.0,Unknown - no BLAST hit found
00000520|gene_cluster_GC_00003043|genome_name_P2746_Cocoa_VN|gene_callers_id_1860,P2746_Cocoa_VN,GC_00003043,1860,Unknown,0.0,0.0,-,0.0,Unknown - no BLAST hit found
00000521|gene_cluster_GC_00002553|genome_name_P3124_LMG_BE|gene_callers_id_1791,P3124_LMG_BE,GC_00002553,1791,sp|A5FIF5|PIP_FLAJ1,30.314,287.0,1.38e-45,159.0,sp|A5FIF5|PIP_FLAJ1 Proline iminopeptidase OS=Flavobacterium johnsoniae (strain ATCC 17061 / DSM 2064 / JCM 8514 / BCRC 14874 / CCUG 350202 / NBRC 14942 / NCIMB 11054 / UW101) OX=376686 GN=fpaP PE=3 SV=2
00000522|gene_cluster_GC_00002796|genome_name_P3124_LMG_BE|gene_callers_id_584,P3124_LMG_BE,GC_00002796,584,Unknown,0.0,0.0,-,0.0,Unknown - no BLAST hit found
00000523|gene_cluster_GC_00002747|genome_name_P2764_Cocoa_VN|gene_callers_id_1953,P2764_Cocoa_VN,GC_00002747,1953,Unknown,0.0,0.0,-,0.0,Unknown - no BLAST hit found
00000524|gene_cluster_GC_00002752|genome_name_P3124_LMG_BE|gene_callers_id_1888,P3124_LMG_BE,GC_00002752,1888,Unknown,0.0,0.0,-,0.0,Unknown - no BLAST hit found
00000525|gene_cluster_GC_00002949|genome_name_P2746_Cocoa_VN|gene_callers_id_219,P2746_Cocoa_VN,GC_00002949,219,Unknown,0.0,0.0,-,0.0,Unknown - no BLAST hit found
00000526|gene_cluster_GC_00002774|genome_name_P363_Unknown_BE|gene_callers_id_796,P363_Unknown_BE,GC_00002774,796,sp|O32273|TUAB_BACSU,23.617,470.0,5.86e-29,122.0,sp|O32273|TUAB_BACSU Teichuronic acid biosynthesis protein TuaB OS=Bacillus subtilis (strain 168) OX=224308 GN=tuaB PE=2 SV=1
00000527|gene_cluster_GC_00002863|genome_name_P2052_Cocoa_CR|gene_callers_id_1837,P2052_Cocoa_CR,GC_00002863,1837,Unknown,0.0,0.0,-,0.0,Unknown - no BLAST hit found
00000528|gene_cluster_GC_00002960|genome_name_P2020_Cocoa_CR|gene_callers_id_1398,P2020_Cocoa_CR,GC_00002960,1398,Unknown,0.0,0.0,-,0.0,Unknown - no BLAST hit found
00000529|gene_cluster_GC_00002678|genome_name_P2024_Cocoa_CR|gene_callers_id_1448,P2024_Cocoa_CR,GC_00002678,1448,Unknown,0.0,0.0,-,0.0,Unknown - no BLAST hit found
00000530|gene_cluster_GC_00002944|genome_name_P2764_Cocoa_VN|gene_callers_id_1584,P2764_Cocoa_VN,GC_00002944,1584,Unknown,0.0,0.0,-,0.0,Unknown - no BLAST hit found
00000531|gene_cluster_GC_00003029|genome_name_P2711_SD_BE|gene_callers_id_521,P2711_SD_BE,GC_00003029,521,sp|P40408|BTR_BACSU,26.18,233.0,2.46e-19,91.3,sp|P40408|BTR_BACSU HTH-type transcriptional activator Btr OS=Bacillus subtilis (strain 168) OX=224308 GN=btr PE=1 SV=1
00000532|gene_cluster_GC_00002721|genome_name_P363_Unknown_BE|gene_callers_id_1842,P363_Unknown_BE,GC_00002721,1842,Unknown,0.0,0.0,-,0.0,Unknown - no BLAST hit found
00000533|gene_cluster_GC_00002613|genome_name_P3378_Banana_BE|gene_callers_id_176,P3378_Banana_BE,GC_00002613,176,Unknown,0.0,0.0,-,0.0,Unknown - no BLAST hit found
00000534|gene_cluster_GC_00002798|genome_name_P815_Cocoa_CR|gene_callers_id_848,P815_Cocoa_CR,GC_00002798,848,sp|E7DNB6|TMP_BPDP1,26.14,329.0,4.43e-14,81.3,sp|E7DNB6|TMP_BPDP1 Tape measure protein OS=Pneumococcus phage Dp-1 OX=59241 GN=TMP PE=4 SV=1
00000535|gene_cluster_GC_00002836|genome_name_P3378_Banana_BE|gene_callers_id_1977,P3378_Banana_BE,GC_00002836,1977,Unknown,0.0,0.0,-,0.0,Unknown - no BLAST hit found
00000536|gene_cluster_GC_00003070|genome_name_P3124_LMG_BE|gene_callers_id_1809,P3124_LMG_BE,GC_00003070,1809,sp|P19386|LYS_BPCP9,30.5,200.0,6.15e-17,83.6,sp|P19386|LYS_BPCP9 Lysozyme OS=Streptococcus phage Cp-9 OX=10749 GN=CPL9 PE=3 SV=1
00000537|gene_cluster_GC_00002744|genome_name_P2052_Cocoa_CR|gene_callers_id_1566,P2052_Cocoa_CR,GC_00002744,1566,sp|Q5ZND2|T3RE_ECOLX,29.758,578.0,2.0700000000000002e-47,187.0,sp|Q5ZND2|T3RE_ECOLX Type III restriction-modification enzyme EcoP15I Res subunit OS=Escherichia coli OX=562 GN=res PE=1 SV=1
00000538|gene_cluster_GC_00002959|genome_name_P2024_Cocoa_CR|gene_callers_id_1577,P2024_Cocoa_CR,GC_00002959,1577,Unknown,0.0,0.0,-,0.0,Unknown - no BLAST hit found
00000539|gene_cluster_GC_00002666|genome_name_P3378_Banana_BE|gene_callers_id_1850,P3378_Banana_BE,GC_00002666,1850,sp|Q6N3F2|HPND_RHOPA,37.838,74.0,6.94e-06,47.0,sp|Q6N3F2|HPND_RHOPA Presqualene diphosphate synthase OS=Rhodopseudomonas palustris (strain ATCC BAA-98 / CGA009) OX=258594 GN=hpnD PE=1 SV=1
00000540|gene_cluster_GC_00003137|genome_name_P2712_SD_BE|gene_callers_id_222,P2712_SD_BE,GC_00003137,222,Unknown,0.0,0.0,-,0.0,Unknown - no BLAST hit found
00000541|gene_cluster_GC_00002888|genome_name_P3124_LMG_BE|gene_callers_id_1805,P3124_LMG_BE,GC_00002888,1805,sp|Q0PDK6|FIBER_BPSPP,29.87,308.0,1.76e-19,99.4,sp|Q0PDK6|FIBER_BPSPP Tail spike protein OS=Bacillus phage SPP1 OX=10724 GN=21 PE=1 SV=1
00000542|gene_cluster_GC_00003125|genome_name_P2764_Cocoa_VN|gene_callers_id_1915,P2764_Cocoa_VN,GC_00003125,1915,Unknown,0.0,0.0,-,0.0,Unknown - no BLAST hit found
00000543|gene_cluster_GC_00003156|genome_name_P815_Cocoa_CR|gene_callers_id_1082,P815_Cocoa_CR,GC_00003156,1082,Unknown,0.0,0.0,-,0.0,Unknown - no BLAST hit found
00000544|gene_cluster_GC_00002707|genome_name_P3378_Banana_BE|gene_callers_id_1523,P3378_Banana_BE,GC_00002707,1523,Unknown,0.0,0.0,-,0.0,Unknown - no BLAST hit found
00000545|gene_cluster_GC_00002654|genome_name_P2176_Unknown_BE|gene_callers_id_706,P2176_Unknown_BE,GC_00002654,706,Unknown,0.0,0.0,-,0.0,Unknown - no BLAST hit found
00000546|gene_cluster_GC_00002524|genome_name_P363_Unknown_BE|gene_callers_id_1279,P363_Unknown_BE,GC_00002524,1279,Unknown,0.0,0.0,-,0.0,Unknown - no BLAST hit found
00000547|gene_cluster_GC_00002780|genome_name_P3124_LMG_BE|gene_callers_id_1043,P3124_LMG_BE,GC_00002780,1043,sp|Q838U8|EFV_ENTFA,31.111,90.0,0.002,43.5,sp|Q838U8|EFV_ENTFA NAD(+)--arginine ADP-ribosyltransferase EFV OS=Enterococcus faecalis (strain ATCC 700802 / V583) OX=226185 GN=EF_0335 PE=1 SV=1
00000548|gene_cluster_GC_00003049|genome_name_P3124_LMG_BE|gene_callers_id_1886,P3124_LMG_BE,GC_00003049,1886,Unknown,0.0,0.0,-,0.0,Unknown - no BLAST hit found
00000549|gene_cluster_GC_00002750|genome_name_P3124_LMG_BE|gene_callers_id_320,P3124_LMG_BE,GC_00002750,320,Unknown,0.0,0.0,-,0.0,Unknown - no BLAST hit found
00000550|gene_cluster_GC_00002759|genome_name_P2712_SD_BE|gene_callers_id_312,P2712_SD_BE,GC_00002759,312,Unknown,0.0,0.0,-,0.0,Unknown - no BLAST hit found
00000551|gene_cluster_GC_00002933|genome_name_P2020_Cocoa_CR|gene_callers_id_1937,P2020_Cocoa_CR,GC_00002933,1937,Unknown,0.0,0.0,-,0.0,Unknown - no BLAST hit found
00000552|gene_cluster_GC_00002580|genome_name_Reference|gene_callers_id_763,Reference,GC_00002580,763,Unknown,0.0,0.0,-,0.0,Unknown - no BLAST hit found
00000553|gene_cluster_GC_00002719|genome_name_P3378_Banana_BE|gene_callers_id_1604,P3378_Banana_BE,GC_00002719,1604,Unknown,0.0,0.0,-,0.0,Unknown - no BLAST hit found
00000554|gene_cluster_GC_00002565|genome_name_P815_Cocoa_CR|gene_callers_id_90,P815_Cocoa_CR,GC_00002565,90,Unknown,0.0,0.0,-,0.0,Unknown - no BLAST hit found
00000555|gene_cluster_GC_00002762|genome_name_P2029_Cocoa_CR|gene_callers_id_1423,P2029_Cocoa_CR,GC_00002762,1423,Unknown,0.0,0.0,-,0.0,Unknown - no BLAST hit found
00000556|gene_cluster_GC_00002777|genome_name_P800_Unknown_BE|gene_callers_id_642,P800_Unknown_BE,GC_00002777,642,Unknown,0.0,0.0,-,0.0,Unknown - no BLAST hit found
00000557|gene_cluster_GC_00002667|genome_name_P3124_LMG_BE|gene_callers_id_1915,P3124_LMG_BE,GC_00002667,1915,Unknown,0.0,0.0,-,0.0,Unknown - no BLAST hit found
00000558|gene_cluster_GC_00003147|genome_name_P2712_SD_BE|gene_callers_id_1264,P2712_SD_BE,GC_00003147,1264,Unknown,0.0,0.0,-,0.0,Unknown - no BLAST hit found
00000559|gene_cluster_GC_00002803|genome_name_P2712_SD_BE|gene_callers_id_1367,P2712_SD_BE,GC_00002803,1367,sp|A0R666|ETHR_MYCS2,32.895,76.0,3.49e-06,49.3,sp|A0R666|ETHR_MYCS2 HTH-type transcriptional regulator EthR OS=Mycolicibacterium smegmatis (strain ATCC 700084 / mc(2)155) OX=246196 GN=ethR PE=1 SV=1
00000560|gene_cluster_GC_00002768|genome_name_P2740_Qu_CN|gene_callers_id_1776,P2740_Qu_CN,GC_00002768,1776,Unknown,0.0,0.0,-,0.0,Unknown - no BLAST hit found
00000561|gene_cluster_GC_00003102|genome_name_P2764_Cocoa_VN|gene_callers_id_1268,P2764_Cocoa_VN,GC_00003102,1268,sp|Q2FVQ7|Y2645_STAA8,26.027,146.0,3.1e-09,55.5,sp|Q2FVQ7|Y2645_STAA8 Uncharacterized HTH-type transcriptional regulator SAOUHSC_02645 OS=Staphylococcus aureus (strain NCTC 8325 / PS 47) OX=93061 GN=SAOUHSC_02645 PE=4 SV=1
00000562|gene_cluster_GC_00003088|genome_name_Reference|gene_callers_id_211,Reference,GC_00003088,211,Unknown,0.0,0.0,-,0.0,Unknown - no BLAST hit found
00000563|gene_cluster_GC_00002680|genome_name_P2711_SD_BE|gene_callers_id_525,P2711_SD_BE,GC_00002680,525,sp|P07642|ARAC_DICCH,28.137,263.0,1.96e-16,81.6,sp|P07642|ARAC_DICCH Arabinose operon regulatory protein OS=Dickeya chrysanthemi OX=556 GN=araC PE=3 SV=1
00000564|gene_cluster_GC_00002986|genome_name_P3124_LMG_BE|gene_callers_id_1932,P3124_LMG_BE,GC_00002986,1932,Unknown,0.0,0.0,-,0.0,Unknown - no BLAST hit found
00000565|gene_cluster_GC_00002948|genome_name_P815_Cocoa_CR|gene_callers_id_91,P815_Cocoa_CR,GC_00002948,91,Unknown,0.0,0.0,-,0.0,Unknown - no BLAST hit found
00000566|gene_cluster_GC_00002976|genome_name_P815_Cocoa_CR|gene_callers_id_136,P815_Cocoa_CR,GC_00002976,136,Unknown,0.0,0.0,-,0.0,Unknown - no BLAST hit found
00000567|gene_cluster_GC_00002649|genome_name_P2020_Cocoa_CR|gene_callers_id_1745,P2020_Cocoa_CR,GC_00002649,1745,sp|P37746|RFBX_ECOLI,26.781,407.0,5.77e-20,95.5,sp|P37746|RFBX_ECOLI Putative O-antigen transporter OS=Escherichia coli (strain K12) OX=83333 GN=rfbX PE=1 SV=4
00000568|gene_cluster_GC_00003158|genome_name_P3124_LMG_BE|gene_callers_id_1059,P3124_LMG_BE,GC_00003158,1059,sp|P24125|V51K_BPL79,37.127,369.0,4.21e-80,257.0,sp|P24125|V51K_BPL79 51.5 kDa protein OS=Lactococcus phage (isolate 7-9) OX=12375 PE=4 SV=1
00000569|gene_cluster_GC_00002506|genome_name_P3378_Banana_BE|gene_callers_id_1767,P3378_Banana_BE,GC_00002506,1767,sp|Q7WUL3|NAG3_CELFI,41.391,575.0,4.95e-140,420.0,sp|Q7WUL3|NAG3_CELFI Beta-N-acetylglucosaminidase/beta-glucosidase OS=Cellulomonas fimi OX=1708 GN=nag3 PE=1 SV=1
00000570|gene_cluster_GC_00002652|genome_name_P3124_LMG_BE|gene_callers_id_201,P3124_LMG_BE,GC_00002652,201,Unknown,0.0,0.0,-,0.0,Unknown - no BLAST hit found
00000571|gene_cluster_GC_00002864|genome_name_P2052_Cocoa_CR|gene_callers_id_1458,P2052_Cocoa_CR,GC_00002864,1458,sp|A0A0A7HF79|CSM5_STRTR,45.048,313.0,1.2600000000000002e-72,230.0,sp|A0A0A7HF79|CSM5_STRTR CRISPR system Cms protein Csm5 OS=Streptococcus thermophilus OX=1308 GN=csm5 PE=1 SV=1
00000572|gene_cluster_GC_00002881|genome_name_P2024_Cocoa_CR|gene_callers_id_1250,P2024_Cocoa_CR,GC_00002881,1250,sp|B3WE58|RL32_LACCB,73.585,53.0,6.18e-22,82.0,sp|B3WE58|RL32_LACCB Large ribosomal subunit protein bL32 OS=Lacticaseibacillus casei (strain BL23) OX=543734 GN=rpmF PE=3 SV=1
00000573|gene_cluster_GC_00002947|genome_name_P2711_SD_BE|gene_callers_id_305,P2711_SD_BE,GC_00002947,305,sp|Q82P90|IABF_STRAW,55.096,314.0,9.260000000000001e-124,366.0,sp|Q82P90|IABF_STRAW Extracellular exo-alpha-(1->5)-L-arabinofuranosidase OS=Streptomyces avermitilis (strain ATCC 31267 / DSM 46492 / JCM 5070 / NBRC 14893 / NCIMB 12804 / NRRL 8165 / MA-4680) OX=227882 GN=Araf43A PE=1 SV=1
00000574|gene_cluster_GC_00003010|genome_name_P2740_Qu_CN|gene_callers_id_1818,P2740_Qu_CN,GC_00003010,1818,sp|Q58615|T1S2_METJA,30.909,55.0,0.000807,38.5,sp|Q58615|T1S2_METJA Type I restriction enzyme MjaVIII specificity subunit OS=Methanocaldococcus jannaschii (strain ATCC 43067 / DSM 2661 / JAL-1 / JCM 10045 / NBRC 100440) OX=243232 GN=MJ1218 PE=3 SV=1
00000575|gene_cluster_GC_00003081|genome_name_P2740_Qu_CN|gene_callers_id_1907,P2740_Qu_CN,GC_00003081,1907,Unknown,0.0,0.0,-,0.0,Unknown - no BLAST hit found
00000576|gene_cluster_GC_00002755|genome_name_P2711_SD_BE|gene_callers_id_1988,P2711_SD_BE,GC_00002755,1988,Unknown,0.0,0.0,-,0.0,Unknown - no BLAST hit found
00000577|gene_cluster_GC_00002510|genome_name_P815_Cocoa_CR|gene_callers_id_87,P815_Cocoa_CR,GC_00002510,87,sp|Q9T1P8|VP50_BPAPS,29.05,179.0,4.51e-20,85.9,sp|Q9T1P8|VP50_BPAPS Putative protein p50 OS=Acyrthosiphon pisum secondary endosymbiont phage 1 OX=2682836 GN=50 PE=4 SV=1
00000578|gene_cluster_GC_00002600|genome_name_P2712_SD_BE|gene_callers_id_230,P2712_SD_BE,GC_00002600,230,Unknown,0.0,0.0,-,0.0,Unknown - no BLAST hit found
00000579|gene_cluster_GC_00002717|genome_name_P2052_Cocoa_CR|gene_callers_id_1563,P2052_Cocoa_CR,GC_00002717,1563,Unknown,0.0,0.0,-,0.0,Unknown - no BLAST hit found
00000580|gene_cluster_GC_00002550|genome_name_P3124_LMG_BE|gene_callers_id_1768,P3124_LMG_BE,GC_00002550,1768,Unknown,0.0,0.0,-,0.0,Unknown - no BLAST hit found
00000581|gene_cluster_GC_00002749|genome_name_P2746_Cocoa_VN|gene_callers_id_1740,P2746_Cocoa_VN,GC_00002749,1740,Unknown,0.0,0.0,-,0.0,Unknown - no BLAST hit found
00000582|gene_cluster_GC_00002877|genome_name_P2176_Unknown_BE|gene_callers_id_1751,P2176_Unknown_BE,GC_00002877,1751,sp|O34647|YOBD_BACSU,36.364,88.0,3.17e-07,50.4,sp|O34647|YOBD_BACSU Uncharacterized HTH-type transcriptional regulator YobD OS=Bacillus subtilis (strain 168) OX=224308 GN=yobD PE=4 SV=1
00000583|gene_cluster_GC_00002542|genome_name_P2029_Cocoa_CR|gene_callers_id_1757,P2029_Cocoa_CR,GC_00002542,1757,Unknown,0.0,0.0,-,0.0,Unknown - no BLAST hit found
00000584|gene_cluster_GC_00003066|genome_name_P3124_LMG_BE|gene_callers_id_696,P3124_LMG_BE,GC_00003066,696,Unknown,0.0,0.0,-,0.0,Unknown - no BLAST hit found
00000585|gene_cluster_GC_00002843|genome_name_P815_Cocoa_CR|gene_callers_id_70,P815_Cocoa_CR,GC_00002843,70,sp|Q6UAX6|CAPSD_BPKO2,23.342,377.0,6.27e-13,73.2,sp|Q6UAX6|CAPSD_BPKO2 Major capsid protein OS=Klebsiella oxytoca phage phiKO2 OX=255431 GN=6 PE=1 SV=1
00000586|gene_cluster_GC_00002917|genome_name_P2712_SD_BE|gene_callers_id_1266,P2712_SD_BE,GC_00002917,1266,Unknown,0.0,0.0,-,0.0,Unknown - no BLAST hit found
00000587|gene_cluster_GC_00002794|genome_name_P2764_Cocoa_VN|gene_callers_id_1743,P2764_Cocoa_VN,GC_00002794,1743,Unknown,0.0,0.0,-,0.0,Unknown - no BLAST hit found
00000588|gene_cluster_GC_00002910|genome_name_P815_Cocoa_CR|gene_callers_id_842,P815_Cocoa_CR,GC_00002910,842,sp|P20849|CO9A1_HUMAN,61.538,39.0,6.64e-07,51.6,sp|P20849|CO9A1_HUMAN Collagen alpha-1(IX) chain OS=Homo sapiens OX=9606 GN=COL9A1 PE=1 SV=3
00000589|gene_cluster_GC_00002631|genome_name_P3124_LMG_BE|gene_callers_id_1808,P3124_LMG_BE,GC_00002631,1808,Unknown,0.0,0.0,-,0.0,Unknown - no BLAST hit found
00000590|gene_cluster_GC_00003100|genome_name_P3124_LMG_BE|gene_callers_id_1031,P3124_LMG_BE,GC_00003100,1031,Unknown,0.0,0.0,-,0.0,Unknown - no BLAST hit found
00000591|gene_cluster_GC_00002901|genome_name_P2712_SD_BE|gene_callers_id_1936,P2712_SD_BE,GC_00002901,1936,sp|P37669|WECH_ECOLI,29.286,140.0,0.000293,45.1,sp|P37669|WECH_ECOLI O-acetyltransferase WecH OS=Escherichia coli (strain K12) OX=83333 GN=wecH PE=1 SV=1
00000592|gene_cluster_GC_00002602|genome_name_P2052_Cocoa_CR|gene_callers_id_1895,P2052_Cocoa_CR,GC_00002602,1895,Unknown,0.0,0.0,-,0.0,Unknown - no BLAST hit found
00000593|gene_cluster_GC_00002482|genome_name_P3124_LMG_BE|gene_callers_id_1039,P3124_LMG_BE,GC_00002482,1039,Unknown,0.0,0.0,-,0.0,Unknown - no BLAST hit found
00000594|gene_cluster_GC_00002482|genome_name_P3124_LMG_BE|gene_callers_id_199,P3124_LMG_BE,GC_00002482,199,Unknown,0.0,0.0,-,0.0,Unknown - no BLAST hit found
00000595|gene_cluster_GC_00002619|genome_name_P2712_SD_BE|gene_callers_id_311,P2712_SD_BE,GC_00002619,311,sp|P69813|PTKA_ECOL6,31.034,116.0,1.66e-13,67.0,sp|P69813|PTKA_ECOL6 PTS system galactitol-specific EIIA component OS=Escherichia coli O6:H1 (strain CFT073 / ATCC 700928 / UPEC) OX=199310 GN=gatA PE=3 SV=1
00000596|gene_cluster_GC_00002937|genome_name_P3378_Banana_BE|gene_callers_id_1775,P3378_Banana_BE,GC_00002937,1775,Unknown,0.0,0.0,-,0.0,Unknown - no BLAST hit found
00000597|gene_cluster_GC_00002695|genome_name_P2740_Qu_CN|gene_callers_id_1568,P2740_Qu_CN,GC_00002695,1568,sp|G3XP38|OTASE_ASPNA,34.807,362.0,9.06e-36,140.0,sp|G3XP38|OTASE_ASPNA Ochratoxinase OS=Aspergillus niger (strain ATCC 1015 / CBS 113.46 / FGSC A1144 / LSHB Ac4 / NCTC 3858a / NRRL 328 / USDA 3528.7) OX=380704 GN=Am2 PE=1 SV=1
00000598|gene_cluster_GC_00003003|genome_name_P815_Cocoa_CR|gene_callers_id_1433,P815_Cocoa_CR,GC_00003003,1433,Unknown,0.0,0.0,-,0.0,Unknown - no BLAST hit found
00000599|gene_cluster_GC_00002958|genome_name_P2711_SD_BE|gene_callers_id_306,P2711_SD_BE,GC_00002958,306,sp|P16552|RAFB_ECOLX,39.759,415.0,3.54e-97,300.0,sp|P16552|RAFB_ECOLX Raffinose permease OS=Escherichia coli OX=562 GN=rafB PE=1 SV=1
00000600|gene_cluster_GC_00003067|genome_name_P2764_Cocoa_VN|gene_callers_id_317,P2764_Cocoa_VN,GC_00003067,317,Unknown,0.0,0.0,-,0.0,Unknown - no BLAST hit found
00000601|gene_cluster_GC_00002783|genome_name_P815_Cocoa_CR|gene_callers_id_837,P815_Cocoa_CR,GC_00002783,837,Unknown,0.0,0.0,-,0.0,Unknown - no BLAST hit found
00000602|gene_cluster_GC_00003108|genome_name_P2740_Qu_CN|gene_callers_id_1547,P2740_Qu_CN,GC_00003108,1547,sp|P37783|RFBG_SHIFL,29.744,195.0,5.12e-12,68.6,sp|P37783|RFBG_SHIFL dTDP-rhamnosyl transferase RfbG OS=Shigella flexneri OX=623 GN=rfbG PE=3 SV=1
00000603|gene_cluster_GC_00003135|genome_name_P2052_Cocoa_CR|gene_callers_id_1113,P2052_Cocoa_CR,GC_00003135,1113,sp|P37783|RFBG_SHIFL,28.452,239.0,4.17e-10,63.2,sp|P37783|RFBG_SHIFL dTDP-rhamnosyl transferase RfbG OS=Shigella flexneri OX=623 GN=rfbG PE=3 SV=1
00000604|gene_cluster_GC_00002599|genome_name_P3124_LMG_BE|gene_callers_id_1634,P3124_LMG_BE,GC_00002599,1634,sp|P96635|NICK_BACSU,29.71,138.0,9.46e-16,75.9,sp|P96635|NICK_BACSU Putative DNA relaxase NicK OS=Bacillus subtilis (strain 168) OX=224308 GN=nicK PE=3 SV=1
00000605|gene_cluster_GC_00003130|genome_name_P3378_Banana_BE|gene_callers_id_1588,P3378_Banana_BE,GC_00003130,1588,Unknown,0.0,0.0,-,0.0,Unknown - no BLAST hit found
00000606|gene_cluster_GC_00002854|genome_name_P2020_Cocoa_CR|gene_callers_id_1817,P2020_Cocoa_CR,GC_00002854,1817,sp|P0DXG8|DRRA1_STRC4,35.179,307.0,1.51e-50,172.0,sp|P0DXG8|DRRA1_STRC4 Daunorubicin resistance ATP-binding protein DrrA1 OS=Streptomyces coeruleorubidus OX=116188 GN=drrA1 PE=1 SV=1
00000607|gene_cluster_GC_00002930|genome_name_P3378_Banana_BE|gene_callers_id_1584,P3378_Banana_BE,GC_00002930,1584,sp|Q9JXM2|DCDA_NEIMB,34.328,67.0,0.01,36.2,sp|Q9JXM2|DCDA_NEIMB Diaminopimelate decarboxylase OS=Neisseria meningitidis serogroup B (strain ATCC BAA-335 / MC58) OX=122586 GN=lysA PE=3 SV=1
00000608|gene_cluster_GC_00002640|genome_name_P2764_Cocoa_VN|gene_callers_id_1598,P2764_Cocoa_VN,GC_00002640,1598,Unknown,0.0,0.0,-,0.0,Unknown - no BLAST hit found
00000609|gene_cluster_GC_00002849|genome_name_P3124_LMG_BE|gene_callers_id_1056,P3124_LMG_BE,GC_00002849,1056,Unknown,0.0,0.0,-,0.0,Unknown - no BLAST hit found
00000610|gene_cluster_GC_00003112|genome_name_P2764_Cocoa_VN|gene_callers_id_1493,P2764_Cocoa_VN,GC_00003112,1493,Unknown,0.0,0.0,-,0.0,Unknown - no BLAST hit found
00000611|gene_cluster_GC_00002861|genome_name_P363_Unknown_BE|gene_callers_id_727,P363_Unknown_BE,GC_00002861,727,sp|O31647|YJDF_BACSU,29.197,137.0,4.45e-07,49.7,sp|O31647|YJDF_BACSU Uncharacterized protein YjdF OS=Bacillus subtilis (strain 168) OX=224308 GN=yjdF PE=2 SV=1
00000612|gene_cluster_GC_00003017|genome_name_P800_Unknown_BE|gene_callers_id_663,P800_Unknown_BE,GC_00003017,663,Unknown,0.0,0.0,-,0.0,Unknown - no BLAST hit found
00000613|gene_cluster_GC_00002773|genome_name_P3124_LMG_BE|gene_callers_id_216,P3124_LMG_BE,GC_00002773,216,Unknown,0.0,0.0,-,0.0,Unknown - no BLAST hit found
00000614|gene_cluster_GC_00002611|genome_name_P815_Cocoa_CR|gene_callers_id_8,P815_Cocoa_CR,GC_00002611,8,Unknown,0.0,0.0,-,0.0,Unknown - no BLAST hit found
00000615|gene_cluster_GC_00002623|genome_name_P2763_Cocoa_VN|gene_callers_id_1223,P2763_Cocoa_VN,GC_00002623,1223,Unknown,0.0,0.0,-,0.0,Unknown - no BLAST hit found
00000616|gene_cluster_GC_00002764|genome_name_P2712_SD_BE|gene_callers_id_226,P2712_SD_BE,GC_00002764,226,Unknown,0.0,0.0,-,0.0,Unknown - no BLAST hit found
00000617|gene_cluster_GC_00003004|genome_name_P3124_LMG_BE|gene_callers_id_1953,P3124_LMG_BE,GC_00003004,1953,sp|B0UY98|T163A_DANRE,23.669,169.0,9.51e-07,51.2,sp|B0UY98|T163A_DANRE Transmembrane protein 163a OS=Danio rerio OX=7955 GN=tmem163a PE=2 SV=1
00000618|gene_cluster_GC_00002734|genome_name_P2740_Qu_CN|gene_callers_id_1847,P2740_Qu_CN,GC_00002734,1847,Unknown,0.0,0.0,-,0.0,Unknown - no BLAST hit found
00000619|gene_cluster_GC_00002964|genome_name_P815_Cocoa_CR|gene_callers_id_62,P815_Cocoa_CR,GC_00002964,62,sp|Q4WAZ8|PSOB_ASPFU,25.355,422.0,2.68e-31,126.0,sp|Q4WAZ8|PSOB_ASPFU Alpha/beta hydrolase psoB OS=Aspergillus fumigatus (strain ATCC MYA-4609 / CBS 101355 / FGSC A1100 / Af293) OX=330879 GN=psoB PE=2 SV=1
00000620|gene_cluster_GC_00002805|genome_name_P2740_Qu_CN|gene_callers_id_1841,P2740_Qu_CN,GC_00002805,1841,Unknown,0.0,0.0,-,0.0,Unknown - no BLAST hit found
00000621|gene_cluster_GC_00003086|genome_name_P815_Cocoa_CR|gene_callers_id_839,P815_Cocoa_CR,GC_00003086,839,Unknown,0.0,0.0,-,0.0,Unknown - no BLAST hit found
00000622|gene_cluster_GC_00002904|genome_name_P2740_Qu_CN|gene_callers_id_1954,P2740_Qu_CN,GC_00002904,1954,Unknown,0.0,0.0,-,0.0,Unknown - no BLAST hit found
00000623|gene_cluster_GC_00003143|genome_name_P2176_Unknown_BE|gene_callers_id_1196,P2176_Unknown_BE,GC_00003143,1196,Unknown,0.0,0.0,-,0.0,Unknown - no BLAST hit found
00000624|gene_cluster_GC_00002515|genome_name_P3124_LMG_BE|gene_callers_id_1964,P3124_LMG_BE,GC_00002515,1964,sp|Q92A27|LEU3_LISIN,49.254,67.0,1.34e-16,75.1,sp|Q92A27|LEU3_LISIN 3-isopropylmalate dehydrogenase OS=Listeria innocua serovar 6a (strain ATCC BAA-680 / CLIP 11262) OX=272626 GN=leuB PE=3 SV=1
00000625|gene_cluster_GC_00002720|genome_name_P815_Cocoa_CR|gene_callers_id_61,P815_Cocoa_CR,GC_00002720,61,sp|Q00713|STCQ_EMENI,27.551,196.0,4.89e-06,49.7,sp|Q00713|STCQ_EMENI Oxidoreductase stcQ OS=Emericella nidulans (strain FGSC A4 / ATCC 38163 / CBS 112.46 / NRRL 194 / M139) OX=227321 GN=stcQ PE=2 SV=1
00000626|gene_cluster_GC_00003032|genome_name_P2029_Cocoa_CR|gene_callers_id_1639,P2029_Cocoa_CR,GC_00003032,1639,Unknown,0.0,0.0,-,0.0,Unknown - no BLAST hit found
00000627|gene_cluster_GC_00002598|genome_name_P3378_Banana_BE|gene_callers_id_1580,P3378_Banana_BE,GC_00002598,1580,Unknown,0.0,0.0,-,0.0,Unknown - no BLAST hit found
00000628|gene_cluster_GC_00003128|genome_name_P2712_SD_BE|gene_callers_id_228,P2712_SD_BE,GC_00003128,228,sp|P96633|YDCP_BACSU,36.364,121.0,1.96e-15,70.1,sp|P96633|YDCP_BACSU Putative uncharacterized protein YdcP OS=Bacillus subtilis (strain 168) OX=224308 GN=ydcP PE=4 SV=1
00000629|gene_cluster_GC_00003006|genome_name_P2764_Cocoa_VN|gene_callers_id_1751,P2764_Cocoa_VN,GC_00003006,1751,Unknown,0.0,0.0,-,0.0,Unknown - no BLAST hit found
00000630|gene_cluster_GC_00002575|genome_name_P3378_Banana_BE|gene_callers_id_1524,P3378_Banana_BE,GC_00002575,1524,sp|Q6G2A9|BEPA_BARHE,40.278,72.0,1.54e-07,50.8,sp|Q6G2A9|BEPA_BARHE Protein adenylyltransferase OS=Bartonella henselae (strain ATCC 49882 / DSM 28221 / CCUG 30454 / Houston 1) OX=283166 GN=bepA PE=1 SV=1
00000631|gene_cluster_GC_00002990|genome_name_P2712_SD_BE|gene_callers_id_1258,P2712_SD_BE,GC_00002990,1258,Unknown,0.0,0.0,-,0.0,Unknown - no BLAST hit found
00000632|gene_cluster_GC_00002925|genome_name_P2746_Cocoa_VN|gene_callers_id_725,P2746_Cocoa_VN,GC_00002925,725,sp|Q58926|T1SX_METJA,24.727,275.0,2.8e-11,68.6,sp|Q58926|T1SX_METJA Putative type I restriction enzyme MjaX specificity subunit OS=Methanocaldococcus jannaschii (strain ATCC 43067 / DSM 2661 / JAL-1 / JCM 10045 / NBRC 100440) OX=243232 GN=MJ1531 PE=3 SV=1
00000633|gene_cluster_GC_00002838|genome_name_P3124_LMG_BE|gene_callers_id_1940,P3124_LMG_BE,GC_00002838,1940,Unknown,0.0,0.0,-,0.0,Unknown - no BLAST hit found
00000634|gene_cluster_GC_00002712|genome_name_P800_Unknown_BE|gene_callers_id_621,P800_Unknown_BE,GC_00002712,621,Unknown,0.0,0.0,-,0.0,Unknown - no BLAST hit found
00000635|gene_cluster_GC_00003079|genome_name_P2712_SD_BE|gene_callers_id_236,P2712_SD_BE,GC_00003079,236,Unknown,0.0,0.0,-,0.0,Unknown - no BLAST hit found
00000636|gene_cluster_GC_00002871|genome_name_P3124_LMG_BE|gene_callers_id_222,P3124_LMG_BE,GC_00002871,222,Unknown,0.0,0.0,-,0.0,Unknown - no BLAST hit found
00000637|gene_cluster_GC_00003000|genome_name_P2746_Cocoa_VN|gene_callers_id_217,P2746_Cocoa_VN,GC_00003000,217,Unknown,0.0,0.0,-,0.0,Unknown - no BLAST hit found
00000638|gene_cluster_GC_00002988|genome_name_P2764_Cocoa_VN|gene_callers_id_1769,P2764_Cocoa_VN,GC_00002988,1769,Unknown,0.0,0.0,-,0.0,Unknown - no BLAST hit found
00000639|gene_cluster_GC_00002979|genome_name_P2712_SD_BE|gene_callers_id_829,P2712_SD_BE,GC_00002979,829,Unknown,0.0,0.0,-,0.0,Unknown - no BLAST hit found
00000640|gene_cluster_GC_00002890|genome_name_P2024_Cocoa_CR|gene_callers_id_1898,P2024_Cocoa_CR,GC_00002890,1898,Unknown,0.0,0.0,-,0.0,Unknown - no BLAST hit found
00000641|gene_cluster_GC_00003113|genome_name_P2740_Qu_CN|gene_callers_id_1447,P2740_Qu_CN,GC_00003113,1447,Unknown,0.0,0.0,-,0.0,Unknown - no BLAST hit found
00000642|gene_cluster_GC_00002517|genome_name_P2712_SD_BE|gene_callers_id_81,P2712_SD_BE,GC_00002517,81,sp|Q9FR37|AMI1_ARATH,35.93,398.0,6.82e-63,210.0,sp|Q9FR37|AMI1_ARATH Amidase 1 OS=Arabidopsis thaliana OX=3702 GN=AMI1 PE=1 SV=1
00000643|gene_cluster_GC_00002716|genome_name_P2176_Unknown_BE|gene_callers_id_1199,P2176_Unknown_BE,GC_00002716,1199,sp|Q9CFY8|PANE_LACLA,52.229,314.0,2.1699999999999998e-119,348.0,sp|Q9CFY8|PANE_LACLA 2-dehydropantoate 2-reductase OS=Lactococcus lactis subsp. lactis (strain IL1403) OX=272623 GN=LL1323 PE=3 SV=1
00000644|gene_cluster_GC_00002585|genome_name_P3124_LMG_BE|gene_callers_id_196,P3124_LMG_BE,GC_00002585,196,Unknown,0.0,0.0,-,0.0,Unknown - no BLAST hit found
00000645|gene_cluster_GC_00003141|genome_name_P2020_Cocoa_CR|gene_callers_id_1816,P2020_Cocoa_CR,GC_00003141,1816,Unknown,0.0,0.0,-,0.0,Unknown - no BLAST hit found
00000646|gene_cluster_GC_00002941|genome_name_P815_Cocoa_CR|gene_callers_id_97,P815_Cocoa_CR,GC_00002941,97,sp|O34352|YEEC_BACSU,44.125,383.0,4.6199999999999997e-94,290.0,sp|O34352|YEEC_BACSU Uncharacterized protein YeeC OS=Bacillus subtilis (strain 168) OX=224308 GN=yeeC PE=4 SV=2
00000647|gene_cluster_GC_00003097|genome_name_P363_Unknown_BE|gene_callers_id_1282,P363_Unknown_BE,GC_00003097,1282,Unknown,0.0,0.0,-,0.0,Unknown - no BLAST hit found
00000648|gene_cluster_GC_00002975|genome_name_P2020_Cocoa_CR|gene_callers_id_1190,P2020_Cocoa_CR,GC_00002975,1190,Unknown,0.0,0.0,-,0.0,Unknown - no BLAST hit found
00000649|gene_cluster_GC_00002992|genome_name_P2052_Cocoa_CR|gene_callers_id_1117,P2052_Cocoa_CR,GC_00002992,1117,sp|P71057|EPSH_BACSU,26.087,253.0,1.67e-14,76.6,sp|P71057|EPSH_BACSU Putative glycosyltransferase EpsH OS=Bacillus subtilis (strain 168) OX=224308 GN=epsH PE=2 SV=1
00000650|gene_cluster_GC_00003093|genome_name_P2740_Qu_CN|gene_callers_id_1355,P2740_Qu_CN,GC_00003093,1355,sp|O53076|CITC_LEUMC,44.242,330.0,3.3e-84,261.0,sp|O53076|CITC_LEUMC [Citrate [pro-3S]-lyase] ligase OS=Leuconostoc mesenteroides subsp. cremoris OX=33965 GN=citC PE=1 SV=2
00000651|gene_cluster_GC_00002679|genome_name_P2764_Cocoa_VN|gene_callers_id_1582,P2764_Cocoa_VN,GC_00002679,1582,sp|P37746|RFBX_ECOLI,22.68,388.0,7.27e-14,76.6,sp|P37746|RFBX_ECOLI Putative O-antigen transporter OS=Escherichia coli (strain K12) OX=83333 GN=rfbX PE=1 SV=4
00000652|gene_cluster_GC_00002785|genome_name_P3124_LMG_BE|gene_callers_id_1943,P3124_LMG_BE,GC_00002785,1943,sp|Q97QZ2|PEZA_STRPN,31.148,122.0,3e-07,51.2,sp|Q97QZ2|PEZA_STRPN Antitoxin PezA OS=Streptococcus pneumoniae serotype 4 (strain ATCC BAA-334 / TIGR4) OX=170187 GN=pezA PE=1 SV=1
00000653|gene_cluster_GC_00002601|genome_name_P815_Cocoa_CR|gene_callers_id_79,P815_Cocoa_CR,GC_00002601,79,Unknown,0.0,0.0,-,0.0,Unknown - no BLAST hit found
00000654|gene_cluster_GC_00002645|genome_name_P3124_LMG_BE|gene_callers_id_1045,P3124_LMG_BE,GC_00002645,1045,sp|P45916|YQAT_BACSU,32.658,395.0,1.45e-49,176.0,sp|P45916|YQAT_BACSU Uncharacterized protein YqaT OS=Bacillus subtilis (strain 168) OX=224308 GN=yqaT PE=4 SV=1
00000655|gene_cluster_GC_00002823|genome_name_P3378_Banana_BE|gene_callers_id_1522,P3378_Banana_BE,GC_00002823,1522,Unknown,0.0,0.0,-,0.0,Unknown - no BLAST hit found
00000656|gene_cluster_GC_00002563|genome_name_P3124_LMG_BE|gene_callers_id_1053,P3124_LMG_BE,GC_00002563,1053,sp|O31943|YONR_BACSU,33.333,63.0,8.08e-09,50.4,sp|O31943|YONR_BACSU SPbeta prophage-derived uncharacterized HTH-type transcriptional regulator YonR OS=Bacillus subtilis (strain 168) OX=224308 GN=yonR PE=4 SV=1
00000657|gene_cluster_GC_00002581|genome_name_P2712_SD_BE|gene_callers_id_85,P2712_SD_BE,GC_00002581,85,sp|O32138|PUCR_BACSU,27.422,547.0,2.23e-47,176.0,sp|O32138|PUCR_BACSU Purine catabolism regulatory protein OS=Bacillus subtilis (strain 168) OX=224308 GN=pucR PE=2 SV=1
00000658|gene_cluster_GC_00002521|genome_name_P815_Cocoa_CR|gene_callers_id_63,P815_Cocoa_CR,GC_00002521,63,sp|P46330|YXBF_BACSU,38.298,47.0,0.000122,45.4,sp|P46330|YXBF_BACSU Uncharacterized HTH-type transcriptional regulator YxbF OS=Bacillus subtilis (strain 168) OX=224308 GN=yxbF PE=4 SV=1
00000659|gene_cluster_GC_00002636|genome_name_P2712_SD_BE|gene_callers_id_221,P2712_SD_BE,GC_00002636,221,Unknown,0.0,0.0,-,0.0,Unknown - no BLAST hit found
00000660|gene_cluster_GC_00002644|genome_name_P363_Unknown_BE|gene_callers_id_798,P363_Unknown_BE,GC_00002644,798,Unknown,0.0,0.0,-,0.0,Unknown - no BLAST hit found
00000661|gene_cluster_GC_00002668|genome_name_P3124_LMG_BE|gene_callers_id_2029,P3124_LMG_BE,GC_00002668,2029,Unknown,0.0,0.0,-,0.0,Unknown - no BLAST hit found
00000662|gene_cluster_GC_00002837|genome_name_P800_Unknown_BE|gene_callers_id_637,P800_Unknown_BE,GC_00002837,637,Unknown,0.0,0.0,-,0.0,Unknown - no BLAST hit found
00000663|gene_cluster_GC_00002905|genome_name_P3124_LMG_BE|gene_callers_id_1042,P3124_LMG_BE,GC_00002905,1042,Unknown,0.0,0.0,-,0.0,Unknown - no BLAST hit found
00000664|gene_cluster_GC_00002660|genome_name_P2176_Unknown_BE|gene_callers_id_1525,P2176_Unknown_BE,GC_00002660,1525,Unknown,0.0,0.0,-,0.0,Unknown - no BLAST hit found
00000665|gene_cluster_GC_00003022|genome_name_P2740_Qu_CN|gene_callers_id_1563,P2740_Qu_CN,GC_00003022,1563,sp|P26904|DPPC_BACSU,42.122,311.0,6.6600000000000004e-77,241.0,sp|P26904|DPPC_BACSU Dipeptide transport system permease protein DppC OS=Bacillus subtilis (strain 168) OX=224308 GN=dppC PE=2 SV=2
00000666|gene_cluster_GC_00002939|genome_name_P2176_Unknown_BE|gene_callers_id_1547,P2176_Unknown_BE,GC_00002939,1547,Unknown,0.0,0.0,-,0.0,Unknown - no BLAST hit found
00000667|gene_cluster_GC_00002784|genome_name_P2029_Cocoa_CR|gene_callers_id_471,P2029_Cocoa_CR,GC_00002784,471,sp|P75451|Y111_MYCPN,37.838,111.0,2.7e-13,73.6,sp|P75451|Y111_MYCPN Uncharacterized adenine-specific methylase MPN_111 OS=Mycoplasma pneumoniae (strain ATCC 29342 / M129 / Subtype 1) OX=272634 GN=MPN_111 PE=3 SV=1
00000668|gene_cluster_GC_00002973|genome_name_P2740_Qu_CN|gene_callers_id_1878,P2740_Qu_CN,GC_00002973,1878,Unknown,0.0,0.0,-,0.0,Unknown - no BLAST hit found
00000669|gene_cluster_GC_00002682|genome_name_P815_Cocoa_CR|gene_callers_id_1840,P815_Cocoa_CR,GC_00002682,1840,Unknown,0.0,0.0,-,0.0,Unknown - no BLAST hit found
00000670|gene_cluster_GC_00002657|genome_name_P3124_LMG_BE|gene_callers_id_1907,P3124_LMG_BE,GC_00002657,1907,sp|C5D9S7|CHDC_GEOSW,39.167,120.0,6.94e-25,98.2,sp|C5D9S7|CHDC_GEOSW Coproheme decarboxylase OS=Geobacillus sp. (strain WCH70) OX=471223 GN=chdC PE=3 SV=1
00000671|gene_cluster_GC_00002853|genome_name_P815_Cocoa_CR|gene_callers_id_840,P815_Cocoa_CR,GC_00002853,840,Unknown,0.0,0.0,-,0.0,Unknown - no BLAST hit found
00000672|gene_cluster_GC_00002616|genome_name_P800_Unknown_BE|gene_callers_id_1916,P800_Unknown_BE,GC_00002616,1916,Unknown,0.0,0.0,-,0.0,Unknown - no BLAST hit found
00000673|gene_cluster_GC_00002797|genome_name_P2740_Qu_CN|gene_callers_id_1152,P2740_Qu_CN,GC_00002797,1152,Unknown,0.0,0.0,-,0.0,Unknown - no BLAST hit found
00000674|gene_cluster_GC_00002733|genome_name_P2029_Cocoa_CR|gene_callers_id_1914,P2029_Cocoa_CR,GC_00002733,1914,Unknown,0.0,0.0,-,0.0,Unknown - no BLAST hit found
00000675|gene_cluster_GC_00002828|genome_name_P2764_Cocoa_VN|gene_callers_id_1879,P2764_Cocoa_VN,GC_00002828,1879,Unknown,0.0,0.0,-,0.0,Unknown - no BLAST hit found
00000676|gene_cluster_GC_00002513|genome_name_P360_Cocoa_CR|gene_callers_id_1799,P360_Cocoa_CR,GC_00002513,1799,Unknown,0.0,0.0,-,0.0,Unknown - no BLAST hit found
00000677|gene_cluster_GC_00002540|genome_name_P2176_Unknown_BE|gene_callers_id_1237,P2176_Unknown_BE,GC_00002540,1237,sp|P55431|NOLL_SINFN,24.561,228.0,0.000218,46.2,sp|P55431|NOLL_SINFN Nodulation protein NolL OS=Sinorhizobium fredii (strain NBRC 101917 / NGR234) OX=394 GN=nolL PE=3 SV=1
00000678|gene_cluster_GC_00002659|genome_name_P2764_Cocoa_VN|gene_callers_id_1818,P2764_Cocoa_VN,GC_00002659,1818,Unknown,0.0,0.0,-,0.0,Unknown - no BLAST hit found
00000679|gene_cluster_GC_00002889|genome_name_P2712_SD_BE|gene_callers_id_833,P2712_SD_BE,GC_00002889,833,Unknown,0.0,0.0,-,0.0,Unknown - no BLAST hit found
00000680|gene_cluster_GC_00002857|genome_name_P3124_LMG_BE|gene_callers_id_220,P3124_LMG_BE,GC_00002857,220,Unknown,0.0,0.0,-,0.0,Unknown - no BLAST hit found
00000681|gene_cluster_GC_00002912|genome_name_P2712_SD_BE|gene_callers_id_313,P2712_SD_BE,GC_00002912,313,sp|P46321|LICR_BACSU,24.07,511.0,1.6399999999999998e-23,107.0,sp|P46321|LICR_BACSU Probable licABCH operon regulator OS=Bacillus subtilis (strain 168) OX=224308 GN=licR PE=1 SV=1
00000682|gene_cluster_GC_00002966|genome_name_P2176_Unknown_BE|gene_callers_id_1577,P2176_Unknown_BE,GC_00002966,1577,sp|Q58623|Y1226_METJA,45.58,362.0,6.35e-100,316.0,sp|Q58623|Y1226_METJA Putative cation-transporting ATPase MJ1226 OS=Methanocaldococcus jannaschii (strain ATCC 43067 / DSM 2661 / JAL-1 / JCM 10045 / NBRC 100440) OX=243232 GN=MJ1226 PE=3 SV=1
00000683|gene_cluster_GC_00002978|genome_name_P2711_SD_BE|gene_callers_id_1295,P2711_SD_BE,GC_00002978,1295,sp|P10277|PRIM_BPP4,22.38,353.0,1.21e-07,58.5,sp|P10277|PRIM_BPP4 Putative P4-specific DNA primase OS=Enterobacteria phage P4 OX=10680 GN=Alpha PE=1 SV=1
00000684|gene_cluster_GC_00002606|genome_name_P2740_Qu_CN|gene_callers_id_1937,P2740_Qu_CN,GC_00002606,1937,Unknown,0.0,0.0,-,0.0,Unknown - no BLAST hit found
00000685|gene_cluster_GC_00003094|genome_name_P2740_Qu_CN|gene_callers_id_1846,P2740_Qu_CN,GC_00003094,1846,Unknown,0.0,0.0,-,0.0,Unknown - no BLAST hit found
00000686|gene_cluster_GC_00002693|genome_name_P3378_Banana_BE|gene_callers_id_1582,P3378_Banana_BE,GC_00002693,1582,Unknown,0.0,0.0,-,0.0,Unknown - no BLAST hit found
00000687|gene_cluster_GC_00003076|genome_name_P815_Cocoa_CR|gene_callers_id_147,P815_Cocoa_CR,GC_00003076,147,Unknown,0.0,0.0,-,0.0,Unknown - no BLAST hit found
00000688|gene_cluster_GC_00002793|genome_name_P2711_SD_BE|gene_callers_id_1967,P2711_SD_BE,GC_00002793,1967,sp|P13921|REPB_STRAG,45.455,121.0,2.0400000000000002e-29,108.0,sp|P13921|REPB_STRAG Replication protein RepB OS=Streptococcus agalactiae OX=1311 GN=repB PE=1 SV=1
