Discrepancy Report Results

Summary
FATAL: MISSING_PROTEIN_ID:2423 proteins have invalid IDs.
DISC_SOURCE_QUALS_ASNDISC:strain (all present, all unique)
DISC_SOURCE_QUALS_ASNDISC:taxname (all present, all unique)
DISC_FEATURE_COUNT:CDS: 2423 present
DISC_FEATURE_COUNT:tRNA: 65 present
DISC_FEATURE_COUNT:rRNA: 15 present
DISC_FEATURE_COUNT:tmRNA: 1 present
DISC_COUNT_NUCLEOTIDES:1 nucleotide Bioseqs are present
FEATURE_LOCATION_CONFLICT:2504 features have inconsistent gene locations.
OVERLAPPING_CDS:2 coding regions overlap another coding region with a similar or identical name.
SUSPECT_PRODUCT_NAMES:9 product_names contain suspect phrase or characters
	Putative Typo
		1 features May contain plural
	May contain database identifier more appropriate in note; remove from product name
		3 features contains three or more numbers together that may be identifiers more appropriate in note
		3 features Contains underscore
	use protein instead of gene as appropriate
		1 features contains 'gene'
		1 features contains 'genes'
DISC_QUALITY_SCORES:Quality scores are missing on all sequences.
ONCALLER_COMMENT_PRESENT:1 comment descriptors were found (all same)
SHORT_PROT_SEQUENCES:30 protein sequences are shorter than 50 aa.
MISSING_GENOMEASSEMBLY_COMMENTS:1 bioseqs are missing GenomeAssembly structured comments
MOLTYPE_NOT_MRNA:1 molecule types are not set as mRNA.
TECHNIQUE_NOT_TSA:1 technique are not set as TSA
MISSING_STRUCTURED_COMMENT:1 sequences do not include structured comments.
MISSING_PROJECT:2424 sequences do not include project.
DISC_INCONSISTENT_MOLINFO_TECH:Molinfo Technique Report (some missing, all same)


Detailed Report

FATAL: DiscRep_ALL:MISSING_PROTEIN_ID::2423 proteins have invalid IDs.
prokka_output/45709_F01_Reference/45709_F01_Reference:NZ_LS483405.1_1 (length 449)
prokka_output/45709_F01_Reference/45709_F01_Reference:NZ_LS483405.1_2 (length 379)
prokka_output/45709_F01_Reference/45709_F01_Reference:NZ_LS483405.1_3 (length 75)
prokka_output/45709_F01_Reference/45709_F01_Reference:NZ_LS483405.1_4 (length 384)
prokka_output/45709_F01_Reference/45709_F01_Reference:NZ_LS483405.1_5 (length 647)
prokka_output/45709_F01_Reference/45709_F01_Reference:NZ_LS483405.1_6 (length 844)
prokka_output/45709_F01_Reference/45709_F01_Reference:NZ_LS483405.1_7 (length 98)
prokka_output/45709_F01_Reference/45709_F01_Reference:NZ_LS483405.1_8 (length 188)
prokka_output/45709_F01_Reference/45709_F01_Reference:NZ_LS483405.1_9 (length 78)
prokka_output/45709_F01_Reference/45709_F01_Reference:NZ_LS483405.1_10 (length 395)
prokka_output/45709_F01_Reference/45709_F01_Reference:NZ_LS483405.1_11 (length 535)
prokka_output/45709_F01_Reference/45709_F01_Reference:NZ_LS483405.1_12 (length 258)
prokka_output/45709_F01_Reference/45709_F01_Reference:NZ_LS483405.1_13 (length 394)
prokka_output/45709_F01_Reference/45709_F01_Reference:NZ_LS483405.1_14 (length 533)
prokka_output/45709_F01_Reference/45709_F01_Reference:NZ_LS483405.1_15 (length 188)
prokka_output/45709_F01_Reference/45709_F01_Reference:NZ_LS483405.1_16 (length 244)
prokka_output/45709_F01_Reference/45709_F01_Reference:NZ_LS483405.1_17 (length 671)
prokka_output/45709_F01_Reference/45709_F01_Reference:NZ_LS483405.1_18 (length 152)
prokka_output/45709_F01_Reference/45709_F01_Reference:NZ_LS483405.1_19 (length 389)
prokka_output/45709_F01_Reference/45709_F01_Reference:NZ_LS483405.1_20 (length 470)
prokka_output/45709_F01_Reference/45709_F01_Reference:NZ_LS483405.1_21 (length 517)
prokka_output/45709_F01_Reference/45709_F01_Reference:NZ_LS483405.1_22 (length 72)
prokka_output/45709_F01_Reference/45709_F01_Reference:NZ_LS483405.1_23 (length 47)
prokka_output/45709_F01_Reference/45709_F01_Reference:NZ_LS483405.1_24 (length 505)
prokka_output/45709_F01_Reference/45709_F01_Reference:NZ_LS483405.1_25 (length 175)
prokka_output/45709_F01_Reference/45709_F01_Reference:NZ_LS483405.1_26 (length 391)
prokka_output/45709_F01_Reference/45709_F01_Reference:NZ_LS483405.1_27 (length 89)
prokka_output/45709_F01_Reference/45709_F01_Reference:NZ_LS483405.1_28 (length 536)
prokka_output/45709_F01_Reference/45709_F01_Reference:NZ_LS483405.1_29 (length 81)
prokka_output/45709_F01_Reference/45709_F01_Reference:NZ_LS483405.1_30 (length 333)
prokka_output/45709_F01_Reference/45709_F01_Reference:NZ_LS483405.1_31 (length 92)
prokka_output/45709_F01_Reference/45709_F01_Reference:NZ_LS483405.1_32 (length 427)
prokka_output/45709_F01_Reference/45709_F01_Reference:NZ_LS483405.1_33 (length 757)
prokka_output/45709_F01_Reference/45709_F01_Reference:NZ_LS483405.1_34 (length 238)
prokka_output/45709_F01_Reference/45709_F01_Reference:NZ_LS483405.1_35 (length 618)
prokka_output/45709_F01_Reference/45709_F01_Reference:NZ_LS483405.1_36 (length 433)
prokka_output/45709_F01_Reference/45709_F01_Reference:NZ_LS483405.1_37 (length 284)
prokka_output/45709_F01_Reference/45709_F01_Reference:NZ_LS483405.1_38 (length 275)
prokka_output/45709_F01_Reference/45709_F01_Reference:NZ_LS483405.1_39 (length 447)
prokka_output/45709_F01_Reference/45709_F01_Reference:NZ_LS483405.1_40 (length 159)
prokka_output/45709_F01_Reference/45709_F01_Reference:NZ_LS483405.1_41 (length 878)
prokka_output/45709_F01_Reference/45709_F01_Reference:NZ_LS483405.1_42 (length 139)
prokka_output/45709_F01_Reference/45709_F01_Reference:NZ_LS483405.1_43 (length 171)
prokka_output/45709_F01_Reference/45709_F01_Reference:NZ_LS483405.1_44 (length 189)
prokka_output/45709_F01_Reference/45709_F01_Reference:NZ_LS483405.1_45 (length 150)
prokka_output/45709_F01_Reference/45709_F01_Reference:NZ_LS483405.1_46 (length 627)
prokka_output/45709_F01_Reference/45709_F01_Reference:NZ_LS483405.1_47 (length 162)
prokka_output/45709_F01_Reference/45709_F01_Reference:NZ_LS483405.1_48 (length 375)
prokka_output/45709_F01_Reference/45709_F01_Reference:NZ_LS483405.1_49 (length 307)
prokka_output/45709_F01_Reference/45709_F01_Reference:NZ_LS483405.1_50 (length 689)
prokka_output/45709_F01_Reference/45709_F01_Reference:NZ_LS483405.1_51 (length 97)
prokka_output/45709_F01_Reference/45709_F01_Reference:NZ_LS483405.1_52 (length 310)
prokka_output/45709_F01_Reference/45709_F01_Reference:NZ_LS483405.1_53 (length 445)
prokka_output/45709_F01_Reference/45709_F01_Reference:NZ_LS483405.1_54 (length 200)
prokka_output/45709_F01_Reference/45709_F01_Reference:NZ_LS483405.1_55 (length 279)
prokka_output/45709_F01_Reference/45709_F01_Reference:NZ_LS483405.1_56 (length 120)
prokka_output/45709_F01_Reference/45709_F01_Reference:NZ_LS483405.1_57 (length 497)
prokka_output/45709_F01_Reference/45709_F01_Reference:NZ_LS483405.1_58 (length 205)
prokka_output/45709_F01_Reference/45709_F01_Reference:NZ_LS483405.1_59 (length 143)
prokka_output/45709_F01_Reference/45709_F01_Reference:NZ_LS483405.1_60 (length 317)
prokka_output/45709_F01_Reference/45709_F01_Reference:NZ_LS483405.1_61 (length 314)
prokka_output/45709_F01_Reference/45709_F01_Reference:NZ_LS483405.1_62 (length 198)
prokka_output/45709_F01_Reference/45709_F01_Reference:NZ_LS483405.1_63 (length 104)
prokka_output/45709_F01_Reference/45709_F01_Reference:NZ_LS483405.1_64 (length 190)
prokka_output/45709_F01_Reference/45709_F01_Reference:NZ_LS483405.1_65 (length 143)
prokka_output/45709_F01_Reference/45709_F01_Reference:NZ_LS483405.1_66 (length 170)
prokka_output/45709_F01_Reference/45709_F01_Reference:NZ_LS483405.1_67 (length 546)
prokka_output/45709_F01_Reference/45709_F01_Reference:NZ_LS483405.1_68 (length 211)
prokka_output/45709_F01_Reference/45709_F01_Reference:NZ_LS483405.1_69 (length 424)
prokka_output/45709_F01_Reference/45709_F01_Reference:NZ_LS483405.1_70 (length 282)
prokka_output/45709_F01_Reference/45709_F01_Reference:NZ_LS483405.1_71 (length 109)
prokka_output/45709_F01_Reference/45709_F01_Reference:NZ_LS483405.1_72 (length 245)
prokka_output/45709_F01_Reference/45709_F01_Reference:NZ_LS483405.1_73 (length 188)
prokka_output/45709_F01_Reference/45709_F01_Reference:NZ_LS483405.1_74 (length 167)
prokka_output/45709_F01_Reference/45709_F01_Reference:NZ_LS483405.1_75 (length 121)
prokka_output/45709_F01_Reference/45709_F01_Reference:NZ_LS483405.1_76 (length 273)
prokka_output/45709_F01_Reference/45709_F01_Reference:NZ_LS483405.1_77 (length 477)
prokka_output/45709_F01_Reference/45709_F01_Reference:NZ_LS483405.1_78 (length 180)
prokka_output/45709_F01_Reference/45709_F01_Reference:NZ_LS483405.1_79 (length 314)
prokka_output/45709_F01_Reference/45709_F01_Reference:NZ_LS483405.1_80 (length 504)
prokka_output/45709_F01_Reference/45709_F01_Reference:NZ_LS483405.1_81 (length 502)
prokka_output/45709_F01_Reference/45709_F01_Reference:NZ_LS483405.1_82 (length 393)
prokka_output/45709_F01_Reference/45709_F01_Reference:NZ_LS483405.1_83 (length 250)
prokka_output/45709_F01_Reference/45709_F01_Reference:NZ_LS483405.1_84 (length 185)
prokka_output/45709_F01_Reference/45709_F01_Reference:NZ_LS483405.1_85 (length 211)
prokka_output/45709_F01_Reference/45709_F01_Reference:NZ_LS483405.1_86 (length 196)
prokka_output/45709_F01_Reference/45709_F01_Reference:NZ_LS483405.1_87 (length 501)
prokka_output/45709_F01_Reference/45709_F01_Reference:NZ_LS483405.1_88 (length 469)
prokka_output/45709_F01_Reference/45709_F01_Reference:NZ_LS483405.1_89 (length 503)
prokka_output/45709_F01_Reference/45709_F01_Reference:NZ_LS483405.1_90 (length 304)
prokka_output/45709_F01_Reference/45709_F01_Reference:NZ_LS483405.1_91 (length 428)
prokka_output/45709_F01_Reference/45709_F01_Reference:NZ_LS483405.1_92 (length 187)
prokka_output/45709_F01_Reference/45709_F01_Reference:NZ_LS483405.1_93 (length 115)
prokka_output/45709_F01_Reference/45709_F01_Reference:NZ_LS483405.1_94 (length 213)
prokka_output/45709_F01_Reference/45709_F01_Reference:NZ_LS483405.1_95 (length 191)
prokka_output/45709_F01_Reference/45709_F01_Reference:NZ_LS483405.1_96 (length 158)
prokka_output/45709_F01_Reference/45709_F01_Reference:NZ_LS483405.1_97 (length 129)
prokka_output/45709_F01_Reference/45709_F01_Reference:NZ_LS483405.1_98 (length 103)
prokka_output/45709_F01_Reference/45709_F01_Reference:NZ_LS483405.1_99 (length 197)
prokka_output/45709_F01_Reference/45709_F01_Reference:NZ_LS483405.1_100 (length 87)
prokka_output/45709_F01_Reference/45709_F01_Reference:NZ_LS483405.1_101 (length 211)
prokka_output/45709_F01_Reference/45709_F01_Reference:NZ_LS483405.1_102 (length 480)
prokka_output/45709_F01_Reference/45709_F01_Reference:NZ_LS483405.1_103 (length 142)
prokka_output/45709_F01_Reference/45709_F01_Reference:NZ_LS483405.1_104 (length 145)
prokka_output/45709_F01_Reference/45709_F01_Reference:NZ_LS483405.1_105 (length 577)
prokka_output/45709_F01_Reference/45709_F01_Reference:NZ_LS483405.1_106 (length 495)
prokka_output/45709_F01_Reference/45709_F01_Reference:NZ_LS483405.1_107 (length 273)
prokka_output/45709_F01_Reference/45709_F01_Reference:NZ_LS483405.1_108 (length 191)
prokka_output/45709_F01_Reference/45709_F01_Reference:NZ_LS483405.1_109 (length 475)
prokka_output/45709_F01_Reference/45709_F01_Reference:NZ_LS483405.1_110 (length 280)
prokka_output/45709_F01_Reference/45709_F01_Reference:NZ_LS483405.1_111 (length 271)
prokka_output/45709_F01_Reference/45709_F01_Reference:NZ_LS483405.1_112 (length 388)
prokka_output/45709_F01_Reference/45709_F01_Reference:NZ_LS483405.1_113 (length 448)
prokka_output/45709_F01_Reference/45709_F01_Reference:NZ_LS483405.1_114 (length 204)
prokka_output/45709_F01_Reference/45709_F01_Reference:NZ_LS483405.1_115 (length 489)
prokka_output/45709_F01_Reference/45709_F01_Reference:NZ_LS483405.1_116 (length 219)
prokka_output/45709_F01_Reference/45709_F01_Reference:NZ_LS483405.1_117 (length 248)
prokka_output/45709_F01_Reference/45709_F01_Reference:NZ_LS483405.1_118 (length 157)
prokka_output/45709_F01_Reference/45709_F01_Reference:NZ_LS483405.1_119 (length 506)
prokka_output/45709_F01_Reference/45709_F01_Reference:NZ_LS483405.1_120 (length 477)
prokka_output/45709_F01_Reference/45709_F01_Reference:NZ_LS483405.1_121 (length 59)
prokka_output/45709_F01_Reference/45709_F01_Reference:NZ_LS483405.1_122 (length 257)
prokka_output/45709_F01_Reference/45709_F01_Reference:NZ_LS483405.1_123 (length 322)
prokka_output/45709_F01_Reference/45709_F01_Reference:NZ_LS483405.1_124 (length 451)
prokka_output/45709_F01_Reference/45709_F01_Reference:NZ_LS483405.1_125 (length 118)
prokka_output/45709_F01_Reference/45709_F01_Reference:NZ_LS483405.1_126 (length 141)
prokka_output/45709_F01_Reference/45709_F01_Reference:NZ_LS483405.1_127 (length 492)
prokka_output/45709_F01_Reference/45709_F01_Reference:NZ_LS483405.1_128 (length 282)
prokka_output/45709_F01_Reference/45709_F01_Reference:NZ_LS483405.1_129 (length 52)
prokka_output/45709_F01_Reference/45709_F01_Reference:NZ_LS483405.1_130 (length 778)
prokka_output/45709_F01_Reference/45709_F01_Reference:NZ_LS483405.1_131 (length 174)
prokka_output/45709_F01_Reference/45709_F01_Reference:NZ_LS483405.1_132 (length 597)
prokka_output/45709_F01_Reference/45709_F01_Reference:NZ_LS483405.1_133 (length 872)
prokka_output/45709_F01_Reference/45709_F01_Reference:NZ_LS483405.1_134 (length 191)
prokka_output/45709_F01_Reference/45709_F01_Reference:NZ_LS483405.1_135 (length 865)
prokka_output/45709_F01_Reference/45709_F01_Reference:NZ_LS483405.1_136 (length 216)
prokka_output/45709_F01_Reference/45709_F01_Reference:NZ_LS483405.1_137 (length 35)
prokka_output/45709_F01_Reference/45709_F01_Reference:NZ_LS483405.1_138 (length 116)
prokka_output/45709_F01_Reference/45709_F01_Reference:NZ_LS483405.1_139 (length 83)
prokka_output/45709_F01_Reference/45709_F01_Reference:NZ_LS483405.1_140 (length 183)
prokka_output/45709_F01_Reference/45709_F01_Reference:NZ_LS483405.1_141 (length 281)
prokka_output/45709_F01_Reference/45709_F01_Reference:NZ_LS483405.1_142 (length 326)
prokka_output/45709_F01_Reference/45709_F01_Reference:NZ_LS483405.1_143 (length 395)
prokka_output/45709_F01_Reference/45709_F01_Reference:NZ_LS483405.1_144 (length 165)
prokka_output/45709_F01_Reference/45709_F01_Reference:NZ_LS483405.1_145 (length 540)
prokka_output/45709_F01_Reference/45709_F01_Reference:NZ_LS483405.1_146 (length 297)
prokka_output/45709_F01_Reference/45709_F01_Reference:NZ_LS483405.1_147 (length 218)
prokka_output/45709_F01_Reference/45709_F01_Reference:NZ_LS483405.1_148 (length 445)
prokka_output/45709_F01_Reference/45709_F01_Reference:NZ_LS483405.1_149 (length 475)
prokka_output/45709_F01_Reference/45709_F01_Reference:NZ_LS483405.1_150 (length 472)
prokka_output/45709_F01_Reference/45709_F01_Reference:NZ_LS483405.1_151 (length 831)
prokka_output/45709_F01_Reference/45709_F01_Reference:NZ_LS483405.1_152 (length 603)
prokka_output/45709_F01_Reference/45709_F01_Reference:NZ_LS483405.1_153 (length 545)
prokka_output/45709_F01_Reference/45709_F01_Reference:NZ_LS483405.1_154 (length 292)
prokka_output/45709_F01_Reference/45709_F01_Reference:NZ_LS483405.1_155 (length 220)
prokka_output/45709_F01_Reference/45709_F01_Reference:NZ_LS483405.1_156 (length 330)
prokka_output/45709_F01_Reference/45709_F01_Reference:NZ_LS483405.1_157 (length 513)
prokka_output/45709_F01_Reference/45709_F01_Reference:NZ_LS483405.1_158 (length 300)
prokka_output/45709_F01_Reference/45709_F01_Reference:NZ_LS483405.1_159 (length 233)
prokka_output/45709_F01_Reference/45709_F01_Reference:NZ_LS483405.1_160 (length 356)
prokka_output/45709_F01_Reference/45709_F01_Reference:NZ_LS483405.1_161 (length 335)
prokka_output/45709_F01_Reference/45709_F01_Reference:NZ_LS483405.1_162 (length 492)
prokka_output/45709_F01_Reference/45709_F01_Reference:NZ_LS483405.1_163 (length 526)
prokka_output/45709_F01_Reference/45709_F01_Reference:NZ_LS483405.1_164 (length 486)
prokka_output/45709_F01_Reference/45709_F01_Reference:NZ_LS483405.1_165 (length 413)
prokka_output/45709_F01_Reference/45709_F01_Reference:NZ_LS483405.1_166 (length 60)
prokka_output/45709_F01_Reference/45709_F01_Reference:NZ_LS483405.1_167 (length 464)
prokka_output/45709_F01_Reference/45709_F01_Reference:NZ_LS483405.1_168 (length 175)
prokka_output/45709_F01_Reference/45709_F01_Reference:NZ_LS483405.1_169 (length 62)
prokka_output/45709_F01_Reference/45709_F01_Reference:NZ_LS483405.1_170 (length 673)
prokka_output/45709_F01_Reference/45709_F01_Reference:NZ_LS483405.1_171 (length 267)
prokka_output/45709_F01_Reference/45709_F01_Reference:NZ_LS483405.1_172 (length 167)
prokka_output/45709_F01_Reference/45709_F01_Reference:NZ_LS483405.1_173 (length 241)
prokka_output/45709_F01_Reference/45709_F01_Reference:NZ_LS483405.1_174 (length 223)
prokka_output/45709_F01_Reference/45709_F01_Reference:NZ_LS483405.1_175 (length 160)
prokka_output/45709_F01_Reference/45709_F01_Reference:NZ_LS483405.1_176 (length 140)
prokka_output/45709_F01_Reference/45709_F01_Reference:NZ_LS483405.1_177 (length 251)
prokka_output/45709_F01_Reference/45709_F01_Reference:NZ_LS483405.1_178 (length 441)
prokka_output/45709_F01_Reference/45709_F01_Reference:NZ_LS483405.1_179 (length 448)
prokka_output/45709_F01_Reference/45709_F01_Reference:NZ_LS483405.1_180 (length 246)
prokka_output/45709_F01_Reference/45709_F01_Reference:NZ_LS483405.1_181 (length 29)
prokka_output/45709_F01_Reference/45709_F01_Reference:NZ_LS483405.1_182 (length 295)
prokka_output/45709_F01_Reference/45709_F01_Reference:NZ_LS483405.1_183 (length 151)
prokka_output/45709_F01_Reference/45709_F01_Reference:NZ_LS483405.1_184 (length 216)
prokka_output/45709_F01_Reference/45709_F01_Reference:NZ_LS483405.1_185 (length 571)
prokka_output/45709_F01_Reference/45709_F01_Reference:NZ_LS483405.1_186 (length 177)
prokka_output/45709_F01_Reference/45709_F01_Reference:NZ_LS483405.1_187 (length 602)
prokka_output/45709_F01_Reference/45709_F01_Reference:NZ_LS483405.1_188 (length 316)
prokka_output/45709_F01_Reference/45709_F01_Reference:NZ_LS483405.1_189 (length 319)
prokka_output/45709_F01_Reference/45709_F01_Reference:NZ_LS483405.1_190 (length 324)
prokka_output/45709_F01_Reference/45709_F01_Reference:NZ_LS483405.1_191 (length 337)
prokka_output/45709_F01_Reference/45709_F01_Reference:NZ_LS483405.1_192 (length 154)
prokka_output/45709_F01_Reference/45709_F01_Reference:NZ_LS483405.1_193 (length 337)
prokka_output/45709_F01_Reference/45709_F01_Reference:NZ_LS483405.1_194 (length 139)
prokka_output/45709_F01_Reference/45709_F01_Reference:NZ_LS483405.1_195 (length 159)
prokka_output/45709_F01_Reference/45709_F01_Reference:NZ_LS483405.1_196 (length 269)
prokka_output/45709_F01_Reference/45709_F01_Reference:NZ_LS483405.1_197 (length 449)
prokka_output/45709_F01_Reference/45709_F01_Reference:NZ_LS483405.1_198 (length 502)
prokka_output/45709_F01_Reference/45709_F01_Reference:NZ_LS483405.1_199 (length 457)
prokka_output/45709_F01_Reference/45709_F01_Reference:NZ_LS483405.1_200 (length 259)
prokka_output/45709_F01_Reference/45709_F01_Reference:NZ_LS483405.1_201 (length 124)
prokka_output/45709_F01_Reference/45709_F01_Reference:NZ_LS483405.1_202 (length 853)
prokka_output/45709_F01_Reference/45709_F01_Reference:NZ_LS483405.1_203 (length 173)
prokka_output/45709_F01_Reference/45709_F01_Reference:NZ_LS483405.1_204 (length 169)
prokka_output/45709_F01_Reference/45709_F01_Reference:NZ_LS483405.1_205 (length 390)
prokka_output/45709_F01_Reference/45709_F01_Reference:NZ_LS483405.1_206 (length 251)
prokka_output/45709_F01_Reference/45709_F01_Reference:NZ_LS483405.1_207 (length 207)
prokka_output/45709_F01_Reference/45709_F01_Reference:NZ_LS483405.1_208 (length 287)
prokka_output/45709_F01_Reference/45709_F01_Reference:NZ_LS483405.1_209 (length 129)
prokka_output/45709_F01_Reference/45709_F01_Reference:NZ_LS483405.1_210 (length 177)
prokka_output/45709_F01_Reference/45709_F01_Reference:NZ_LS483405.1_211 (length 480)
prokka_output/45709_F01_Reference/45709_F01_Reference:NZ_LS483405.1_212 (length 357)
prokka_output/45709_F01_Reference/45709_F01_Reference:NZ_LS483405.1_213 (length 333)
prokka_output/45709_F01_Reference/45709_F01_Reference:NZ_LS483405.1_214 (length 530)
prokka_output/45709_F01_Reference/45709_F01_Reference:NZ_LS483405.1_215 (length 238)
prokka_output/45709_F01_Reference/45709_F01_Reference:NZ_LS483405.1_216 (length 444)
prokka_output/45709_F01_Reference/45709_F01_Reference:NZ_LS483405.1_217 (length 192)
prokka_output/45709_F01_Reference/45709_F01_Reference:NZ_LS483405.1_218 (length 218)
prokka_output/45709_F01_Reference/45709_F01_Reference:NZ_LS483405.1_219 (length 174)
prokka_output/45709_F01_Reference/45709_F01_Reference:NZ_LS483405.1_220 (length 55)
prokka_output/45709_F01_Reference/45709_F01_Reference:NZ_LS483405.1_221 (length 154)
prokka_output/45709_F01_Reference/45709_F01_Reference:NZ_LS483405.1_222 (length 64)
prokka_output/45709_F01_Reference/45709_F01_Reference:NZ_LS483405.1_223 (length 178)
prokka_output/45709_F01_Reference/45709_F01_Reference:NZ_LS483405.1_224 (length 153)
prokka_output/45709_F01_Reference/45709_F01_Reference:NZ_LS483405.1_225 (length 188)
prokka_output/45709_F01_Reference/45709_F01_Reference:NZ_LS483405.1_226 (length 344)
prokka_output/45709_F01_Reference/45709_F01_Reference:NZ_LS483405.1_227 (length 147)
prokka_output/45709_F01_Reference/45709_F01_Reference:NZ_LS483405.1_228 (length 150)
prokka_output/45709_F01_Reference/45709_F01_Reference:NZ_LS483405.1_229 (length 114)
prokka_output/45709_F01_Reference/45709_F01_Reference:NZ_LS483405.1_230 (length 139)
prokka_output/45709_F01_Reference/45709_F01_Reference:NZ_LS483405.1_231 (length 183)
prokka_output/45709_F01_Reference/45709_F01_Reference:NZ_LS483405.1_232 (length 188)
prokka_output/45709_F01_Reference/45709_F01_Reference:NZ_LS483405.1_233 (length 216)
prokka_output/45709_F01_Reference/45709_F01_Reference:NZ_LS483405.1_234 (length 145)
prokka_output/45709_F01_Reference/45709_F01_Reference:NZ_LS483405.1_235 (length 524)
prokka_output/45709_F01_Reference/45709_F01_Reference:NZ_LS483405.1_236 (length 711)
prokka_output/45709_F01_Reference/45709_F01_Reference:NZ_LS483405.1_237 (length 328)
prokka_output/45709_F01_Reference/45709_F01_Reference:NZ_LS483405.1_238 (length 428)
prokka_output/45709_F01_Reference/45709_F01_Reference:NZ_LS483405.1_239 (length 432)
prokka_output/45709_F01_Reference/45709_F01_Reference:NZ_LS483405.1_240 (length 301)
prokka_output/45709_F01_Reference/45709_F01_Reference:NZ_LS483405.1_241 (length 470)
prokka_output/45709_F01_Reference/45709_F01_Reference:NZ_LS483405.1_242 (length 304)
prokka_output/45709_F01_Reference/45709_F01_Reference:NZ_LS483405.1_243 (length 192)
prokka_output/45709_F01_Reference/45709_F01_Reference:NZ_LS483405.1_244 (length 310)
prokka_output/45709_F01_Reference/45709_F01_Reference:NZ_LS483405.1_245 (length 273)
prokka_output/45709_F01_Reference/45709_F01_Reference:NZ_LS483405.1_246 (length 294)
prokka_output/45709_F01_Reference/45709_F01_Reference:NZ_LS483405.1_247 (length 613)
prokka_output/45709_F01_Reference/45709_F01_Reference:NZ_LS483405.1_248 (length 219)
prokka_output/45709_F01_Reference/45709_F01_Reference:NZ_LS483405.1_249 (length 244)
prokka_output/45709_F01_Reference/45709_F01_Reference:NZ_LS483405.1_250 (length 83)
prokka_output/45709_F01_Reference/45709_F01_Reference:NZ_LS483405.1_251 (length 215)
prokka_output/45709_F01_Reference/45709_F01_Reference:NZ_LS483405.1_252 (length 504)
prokka_output/45709_F01_Reference/45709_F01_Reference:NZ_LS483405.1_253 (length 344)
prokka_output/45709_F01_Reference/45709_F01_Reference:NZ_LS483405.1_254 (length 290)
prokka_output/45709_F01_Reference/45709_F01_Reference:NZ_LS483405.1_255 (length 740)
prokka_output/45709_F01_Reference/45709_F01_Reference:NZ_LS483405.1_256 (length 289)
prokka_output/45709_F01_Reference/45709_F01_Reference:NZ_LS483405.1_257 (length 663)
prokka_output/45709_F01_Reference/45709_F01_Reference:NZ_LS483405.1_258 (length 422)
prokka_output/45709_F01_Reference/45709_F01_Reference:NZ_LS483405.1_259 (length 444)
prokka_output/45709_F01_Reference/45709_F01_Reference:NZ_LS483405.1_260 (length 183)
prokka_output/45709_F01_Reference/45709_F01_Reference:NZ_LS483405.1_261 (length 105)
prokka_output/45709_F01_Reference/45709_F01_Reference:NZ_LS483405.1_262 (length 212)
prokka_output/45709_F01_Reference/45709_F01_Reference:NZ_LS483405.1_263 (length 313)
prokka_output/45709_F01_Reference/45709_F01_Reference:NZ_LS483405.1_264 (length 331)
prokka_output/45709_F01_Reference/45709_F01_Reference:NZ_LS483405.1_265 (length 399)
prokka_output/45709_F01_Reference/45709_F01_Reference:NZ_LS483405.1_266 (length 147)
prokka_output/45709_F01_Reference/45709_F01_Reference:NZ_LS483405.1_267 (length 174)
prokka_output/45709_F01_Reference/45709_F01_Reference:NZ_LS483405.1_268 (length 446)
prokka_output/45709_F01_Reference/45709_F01_Reference:NZ_LS483405.1_269 (length 225)
prokka_output/45709_F01_Reference/45709_F01_Reference:NZ_LS483405.1_270 (length 199)
prokka_output/45709_F01_Reference/45709_F01_Reference:NZ_LS483405.1_271 (length 730)
prokka_output/45709_F01_Reference/45709_F01_Reference:NZ_LS483405.1_272 (length 411)
prokka_output/45709_F01_Reference/45709_F01_Reference:NZ_LS483405.1_273 (length 336)
prokka_output/45709_F01_Reference/45709_F01_Reference:NZ_LS483405.1_274 (length 138)
prokka_output/45709_F01_Reference/45709_F01_Reference:NZ_LS483405.1_275 (length 309)
prokka_output/45709_F01_Reference/45709_F01_Reference:NZ_LS483405.1_276 (length 506)
prokka_output/45709_F01_Reference/45709_F01_Reference:NZ_LS483405.1_277 (length 88)
prokka_output/45709_F01_Reference/45709_F01_Reference:NZ_LS483405.1_278 (length 374)
prokka_output/45709_F01_Reference/45709_F01_Reference:NZ_LS483405.1_279 (length 184)
prokka_output/45709_F01_Reference/45709_F01_Reference:NZ_LS483405.1_280 (length 164)
prokka_output/45709_F01_Reference/45709_F01_Reference:NZ_LS483405.1_281 (length 915)
prokka_output/45709_F01_Reference/45709_F01_Reference:NZ_LS483405.1_282 (length 473)
prokka_output/45709_F01_Reference/45709_F01_Reference:NZ_LS483405.1_283 (length 331)
prokka_output/45709_F01_Reference/45709_F01_Reference:NZ_LS483405.1_284 (length 191)
prokka_output/45709_F01_Reference/45709_F01_Reference:NZ_LS483405.1_285 (length 215)
prokka_output/45709_F01_Reference/45709_F01_Reference:NZ_LS483405.1_286 (length 313)
prokka_output/45709_F01_Reference/45709_F01_Reference:NZ_LS483405.1_287 (length 688)
prokka_output/45709_F01_Reference/45709_F01_Reference:NZ_LS483405.1_288 (length 148)
prokka_output/45709_F01_Reference/45709_F01_Reference:NZ_LS483405.1_289 (length 423)
prokka_output/45709_F01_Reference/45709_F01_Reference:NZ_LS483405.1_290 (length 281)
prokka_output/45709_F01_Reference/45709_F01_Reference:NZ_LS483405.1_291 (length 641)
prokka_output/45709_F01_Reference/45709_F01_Reference:NZ_LS483405.1_292 (length 123)
prokka_output/45709_F01_Reference/45709_F01_Reference:NZ_LS483405.1_293 (length 30)
prokka_output/45709_F01_Reference/45709_F01_Reference:NZ_LS483405.1_294 (length 282)
prokka_output/45709_F01_Reference/45709_F01_Reference:NZ_LS483405.1_295 (length 274)
prokka_output/45709_F01_Reference/45709_F01_Reference:NZ_LS483405.1_296 (length 347)
prokka_output/45709_F01_Reference/45709_F01_Reference:NZ_LS483405.1_297 (length 646)
prokka_output/45709_F01_Reference/45709_F01_Reference:NZ_LS483405.1_298 (length 250)
prokka_output/45709_F01_Reference/45709_F01_Reference:NZ_LS483405.1_299 (length 564)
prokka_output/45709_F01_Reference/45709_F01_Reference:NZ_LS483405.1_300 (length 194)
prokka_output/45709_F01_Reference/45709_F01_Reference:NZ_LS483405.1_301 (length 130)
prokka_output/45709_F01_Reference/45709_F01_Reference:NZ_LS483405.1_302 (length 79)
prokka_output/45709_F01_Reference/45709_F01_Reference:NZ_LS483405.1_303 (length 207)
prokka_output/45709_F01_Reference/45709_F01_Reference:NZ_LS483405.1_304 (length 443)
prokka_output/45709_F01_Reference/45709_F01_Reference:NZ_LS483405.1_305 (length 173)
prokka_output/45709_F01_Reference/45709_F01_Reference:NZ_LS483405.1_306 (length 758)
prokka_output/45709_F01_Reference/45709_F01_Reference:NZ_LS483405.1_307 (length 129)
prokka_output/45709_F01_Reference/45709_F01_Reference:NZ_LS483405.1_308 (length 513)
prokka_output/45709_F01_Reference/45709_F01_Reference:NZ_LS483405.1_309 (length 445)
prokka_output/45709_F01_Reference/45709_F01_Reference:NZ_LS483405.1_310 (length 220)
prokka_output/45709_F01_Reference/45709_F01_Reference:NZ_LS483405.1_311 (length 310)
prokka_output/45709_F01_Reference/45709_F01_Reference:NZ_LS483405.1_312 (length 208)
prokka_output/45709_F01_Reference/45709_F01_Reference:NZ_LS483405.1_313 (length 401)
prokka_output/45709_F01_Reference/45709_F01_Reference:NZ_LS483405.1_314 (length 159)
prokka_output/45709_F01_Reference/45709_F01_Reference:NZ_LS483405.1_315 (length 409)
prokka_output/45709_F01_Reference/45709_F01_Reference:NZ_LS483405.1_316 (length 317)
prokka_output/45709_F01_Reference/45709_F01_Reference:NZ_LS483405.1_317 (length 388)
prokka_output/45709_F01_Reference/45709_F01_Reference:NZ_LS483405.1_318 (length 285)
prokka_output/45709_F01_Reference/45709_F01_Reference:NZ_LS483405.1_319 (length 682)
prokka_output/45709_F01_Reference/45709_F01_Reference:NZ_LS483405.1_320 (length 339)
prokka_output/45709_F01_Reference/45709_F01_Reference:NZ_LS483405.1_321 (length 449)
prokka_output/45709_F01_Reference/45709_F01_Reference:NZ_LS483405.1_322 (length 213)
prokka_output/45709_F01_Reference/45709_F01_Reference:NZ_LS483405.1_323 (length 390)
prokka_output/45709_F01_Reference/45709_F01_Reference:NZ_LS483405.1_324 (length 491)
prokka_output/45709_F01_Reference/45709_F01_Reference:NZ_LS483405.1_325 (length 219)
prokka_output/45709_F01_Reference/45709_F01_Reference:NZ_LS483405.1_326 (length 545)
prokka_output/45709_F01_Reference/45709_F01_Reference:NZ_LS483405.1_327 (length 153)
prokka_output/45709_F01_Reference/45709_F01_Reference:NZ_LS483405.1_328 (length 250)
prokka_output/45709_F01_Reference/45709_F01_Reference:NZ_LS483405.1_329 (length 305)
prokka_output/45709_F01_Reference/45709_F01_Reference:NZ_LS483405.1_330 (length 586)
prokka_output/45709_F01_Reference/45709_F01_Reference:NZ_LS483405.1_331 (length 139)
prokka_output/45709_F01_Reference/45709_F01_Reference:NZ_LS483405.1_332 (length 82)
prokka_output/45709_F01_Reference/45709_F01_Reference:NZ_LS483405.1_333 (length 454)
prokka_output/45709_F01_Reference/45709_F01_Reference:NZ_LS483405.1_334 (length 233)
prokka_output/45709_F01_Reference/45709_F01_Reference:NZ_LS483405.1_335 (length 98)
prokka_output/45709_F01_Reference/45709_F01_Reference:NZ_LS483405.1_336 (length 213)
prokka_output/45709_F01_Reference/45709_F01_Reference:NZ_LS483405.1_337 (length 403)
prokka_output/45709_F01_Reference/45709_F01_Reference:NZ_LS483405.1_338 (length 172)
prokka_output/45709_F01_Reference/45709_F01_Reference:NZ_LS483405.1_339 (length 131)
prokka_output/45709_F01_Reference/45709_F01_Reference:NZ_LS483405.1_340 (length 471)
prokka_output/45709_F01_Reference/45709_F01_Reference:NZ_LS483405.1_341 (length 252)
prokka_output/45709_F01_Reference/45709_F01_Reference:NZ_LS483405.1_342 (length 248)
prokka_output/45709_F01_Reference/45709_F01_Reference:NZ_LS483405.1_343 (length 91)
prokka_output/45709_F01_Reference/45709_F01_Reference:NZ_LS483405.1_344 (length 30)
prokka_output/45709_F01_Reference/45709_F01_Reference:NZ_LS483405.1_345 (length 281)
prokka_output/45709_F01_Reference/45709_F01_Reference:NZ_LS483405.1_346 (length 271)
prokka_output/45709_F01_Reference/45709_F01_Reference:NZ_LS483405.1_347 (length 336)
prokka_output/45709_F01_Reference/45709_F01_Reference:NZ_LS483405.1_348 (length 320)
prokka_output/45709_F01_Reference/45709_F01_Reference:NZ_LS483405.1_349 (length 217)
prokka_output/45709_F01_Reference/45709_F01_Reference:NZ_LS483405.1_350 (length 171)
prokka_output/45709_F01_Reference/45709_F01_Reference:NZ_LS483405.1_351 (length 249)
prokka_output/45709_F01_Reference/45709_F01_Reference:NZ_LS483405.1_352 (length 459)
prokka_output/45709_F01_Reference/45709_F01_Reference:NZ_LS483405.1_353 (length 284)
prokka_output/45709_F01_Reference/45709_F01_Reference:NZ_LS483405.1_354 (length 469)
prokka_output/45709_F01_Reference/45709_F01_Reference:NZ_LS483405.1_355 (length 108)
prokka_output/45709_F01_Reference/45709_F01_Reference:NZ_LS483405.1_356 (length 87)
prokka_output/45709_F01_Reference/45709_F01_Reference:NZ_LS483405.1_357 (length 130)
prokka_output/45709_F01_Reference/45709_F01_Reference:NZ_LS483405.1_358 (length 118)
prokka_output/45709_F01_Reference/45709_F01_Reference:NZ_LS483405.1_359 (length 282)
prokka_output/45709_F01_Reference/45709_F01_Reference:NZ_LS483405.1_360 (length 284)
prokka_output/45709_F01_Reference/45709_F01_Reference:NZ_LS483405.1_361 (length 157)
prokka_output/45709_F01_Reference/45709_F01_Reference:NZ_LS483405.1_362 (length 361)
prokka_output/45709_F01_Reference/45709_F01_Reference:NZ_LS483405.1_363 (length 437)
prokka_output/45709_F01_Reference/45709_F01_Reference:NZ_LS483405.1_364 (length 297)
prokka_output/45709_F01_Reference/45709_F01_Reference:NZ_LS483405.1_365 (length 285)
prokka_output/45709_F01_Reference/45709_F01_Reference:NZ_LS483405.1_366 (length 126)
prokka_output/45709_F01_Reference/45709_F01_Reference:NZ_LS483405.1_367 (length 166)
prokka_output/45709_F01_Reference/45709_F01_Reference:NZ_LS483405.1_368 (length 125)
prokka_output/45709_F01_Reference/45709_F01_Reference:NZ_LS483405.1_369 (length 252)
prokka_output/45709_F01_Reference/45709_F01_Reference:NZ_LS483405.1_370 (length 411)
prokka_output/45709_F01_Reference/45709_F01_Reference:NZ_LS483405.1_371 (length 223)
prokka_output/45709_F01_Reference/45709_F01_Reference:NZ_LS483405.1_372 (length 66)
prokka_output/45709_F01_Reference/45709_F01_Reference:NZ_LS483405.1_373 (length 388)
prokka_output/45709_F01_Reference/45709_F01_Reference:NZ_LS483405.1_374 (length 60)
prokka_output/45709_F01_Reference/45709_F01_Reference:NZ_LS483405.1_375 (length 906)
prokka_output/45709_F01_Reference/45709_F01_Reference:NZ_LS483405.1_376 (length 230)
prokka_output/45709_F01_Reference/45709_F01_Reference:NZ_LS483405.1_377 (length 446)
prokka_output/45709_F01_Reference/45709_F01_Reference:NZ_LS483405.1_378 (length 321)
prokka_output/45709_F01_Reference/45709_F01_Reference:NZ_LS483405.1_379 (length 457)
prokka_output/45709_F01_Reference/45709_F01_Reference:NZ_LS483405.1_380 (length 756)
prokka_output/45709_F01_Reference/45709_F01_Reference:NZ_LS483405.1_381 (length 145)
prokka_output/45709_F01_Reference/45709_F01_Reference:NZ_LS483405.1_382 (length 89)
prokka_output/45709_F01_Reference/45709_F01_Reference:NZ_LS483405.1_383 (length 343)
prokka_output/45709_F01_Reference/45709_F01_Reference:NZ_LS483405.1_384 (length 274)
prokka_output/45709_F01_Reference/45709_F01_Reference:NZ_LS483405.1_385 (length 272)
prokka_output/45709_F01_Reference/45709_F01_Reference:NZ_LS483405.1_386 (length 127)
prokka_output/45709_F01_Reference/45709_F01_Reference:NZ_LS483405.1_387 (length 604)
prokka_output/45709_F01_Reference/45709_F01_Reference:NZ_LS483405.1_388 (length 142)
prokka_output/45709_F01_Reference/45709_F01_Reference:NZ_LS483405.1_389 (length 258)
prokka_output/45709_F01_Reference/45709_F01_Reference:NZ_LS483405.1_390 (length 280)
prokka_output/45709_F01_Reference/45709_F01_Reference:NZ_LS483405.1_391 (length 700)
prokka_output/45709_F01_Reference/45709_F01_Reference:NZ_LS483405.1_392 (length 246)
prokka_output/45709_F01_Reference/45709_F01_Reference:NZ_LS483405.1_393 (length 238)
prokka_output/45709_F01_Reference/45709_F01_Reference:NZ_LS483405.1_394 (length 412)
prokka_output/45709_F01_Reference/45709_F01_Reference:NZ_LS483405.1_395 (length 560)
prokka_output/45709_F01_Reference/45709_F01_Reference:NZ_LS483405.1_396 (length 271)
prokka_output/45709_F01_Reference/45709_F01_Reference:NZ_LS483405.1_397 (length 254)
prokka_output/45709_F01_Reference/45709_F01_Reference:NZ_LS483405.1_398 (length 285)
prokka_output/45709_F01_Reference/45709_F01_Reference:NZ_LS483405.1_399 (length 147)
prokka_output/45709_F01_Reference/45709_F01_Reference:NZ_LS483405.1_400 (length 768)
prokka_output/45709_F01_Reference/45709_F01_Reference:NZ_LS483405.1_401 (length 310)
prokka_output/45709_F01_Reference/45709_F01_Reference:NZ_LS483405.1_402 (length 120)
prokka_output/45709_F01_Reference/45709_F01_Reference:NZ_LS483405.1_403 (length 401)
prokka_output/45709_F01_Reference/45709_F01_Reference:NZ_LS483405.1_404 (length 317)
prokka_output/45709_F01_Reference/45709_F01_Reference:NZ_LS483405.1_405 (length 252)
prokka_output/45709_F01_Reference/45709_F01_Reference:NZ_LS483405.1_406 (length 603)
prokka_output/45709_F01_Reference/45709_F01_Reference:NZ_LS483405.1_407 (length 123)
prokka_output/45709_F01_Reference/45709_F01_Reference:NZ_LS483405.1_408 (length 134)
prokka_output/45709_F01_Reference/45709_F01_Reference:NZ_LS483405.1_409 (length 443)
prokka_output/45709_F01_Reference/45709_F01_Reference:NZ_LS483405.1_410 (length 602)
prokka_output/45709_F01_Reference/45709_F01_Reference:NZ_LS483405.1_411 (length 227)
prokka_output/45709_F01_Reference/45709_F01_Reference:NZ_LS483405.1_412 (length 511)
prokka_output/45709_F01_Reference/45709_F01_Reference:NZ_LS483405.1_413 (length 112)
prokka_output/45709_F01_Reference/45709_F01_Reference:NZ_LS483405.1_414 (length 201)
prokka_output/45709_F01_Reference/45709_F01_Reference:NZ_LS483405.1_415 (length 343)
prokka_output/45709_F01_Reference/45709_F01_Reference:NZ_LS483405.1_416 (length 295)
prokka_output/45709_F01_Reference/45709_F01_Reference:NZ_LS483405.1_417 (length 396)
prokka_output/45709_F01_Reference/45709_F01_Reference:NZ_LS483405.1_418 (length 286)
prokka_output/45709_F01_Reference/45709_F01_Reference:NZ_LS483405.1_419 (length 543)
prokka_output/45709_F01_Reference/45709_F01_Reference:NZ_LS483405.1_420 (length 260)
prokka_output/45709_F01_Reference/45709_F01_Reference:NZ_LS483405.1_421 (length 317)
prokka_output/45709_F01_Reference/45709_F01_Reference:NZ_LS483405.1_422 (length 380)
prokka_output/45709_F01_Reference/45709_F01_Reference:NZ_LS483405.1_423 (length 326)
prokka_output/45709_F01_Reference/45709_F01_Reference:NZ_LS483405.1_424 (length 317)
prokka_output/45709_F01_Reference/45709_F01_Reference:NZ_LS483405.1_425 (length 97)
prokka_output/45709_F01_Reference/45709_F01_Reference:NZ_LS483405.1_426 (length 304)
prokka_output/45709_F01_Reference/45709_F01_Reference:NZ_LS483405.1_427 (length 512)
prokka_output/45709_F01_Reference/45709_F01_Reference:NZ_LS483405.1_428 (length 180)
prokka_output/45709_F01_Reference/45709_F01_Reference:NZ_LS483405.1_429 (length 286)
prokka_output/45709_F01_Reference/45709_F01_Reference:NZ_LS483405.1_430 (length 309)
prokka_output/45709_F01_Reference/45709_F01_Reference:NZ_LS483405.1_431 (length 313)
prokka_output/45709_F01_Reference/45709_F01_Reference:NZ_LS483405.1_432 (length 71)
prokka_output/45709_F01_Reference/45709_F01_Reference:NZ_LS483405.1_433 (length 573)
prokka_output/45709_F01_Reference/45709_F01_Reference:NZ_LS483405.1_434 (length 237)
prokka_output/45709_F01_Reference/45709_F01_Reference:NZ_LS483405.1_435 (length 239)
prokka_output/45709_F01_Reference/45709_F01_Reference:NZ_LS483405.1_436 (length 124)
prokka_output/45709_F01_Reference/45709_F01_Reference:NZ_LS483405.1_437 (length 297)
prokka_output/45709_F01_Reference/45709_F01_Reference:NZ_LS483405.1_438 (length 312)
prokka_output/45709_F01_Reference/45709_F01_Reference:NZ_LS483405.1_439 (length 346)
prokka_output/45709_F01_Reference/45709_F01_Reference:NZ_LS483405.1_440 (length 434)
prokka_output/45709_F01_Reference/45709_F01_Reference:NZ_LS483405.1_441 (length 379)
prokka_output/45709_F01_Reference/45709_F01_Reference:NZ_LS483405.1_442 (length 535)
prokka_output/45709_F01_Reference/45709_F01_Reference:NZ_LS483405.1_443 (length 486)
prokka_output/45709_F01_Reference/45709_F01_Reference:NZ_LS483405.1_444 (length 159)
prokka_output/45709_F01_Reference/45709_F01_Reference:NZ_LS483405.1_445 (length 146)
prokka_output/45709_F01_Reference/45709_F01_Reference:NZ_LS483405.1_446 (length 467)
prokka_output/45709_F01_Reference/45709_F01_Reference:NZ_LS483405.1_447 (length 80)
prokka_output/45709_F01_Reference/45709_F01_Reference:NZ_LS483405.1_448 (length 494)
prokka_output/45709_F01_Reference/45709_F01_Reference:NZ_LS483405.1_449 (length 457)
prokka_output/45709_F01_Reference/45709_F01_Reference:NZ_LS483405.1_450 (length 122)
prokka_output/45709_F01_Reference/45709_F01_Reference:NZ_LS483405.1_451 (length 76)
prokka_output/45709_F01_Reference/45709_F01_Reference:NZ_LS483405.1_452 (length 455)
prokka_output/45709_F01_Reference/45709_F01_Reference:NZ_LS483405.1_453 (length 419)
prokka_output/45709_F01_Reference/45709_F01_Reference:NZ_LS483405.1_454 (length 172)
prokka_output/45709_F01_Reference/45709_F01_Reference:NZ_LS483405.1_455 (length 212)
prokka_output/45709_F01_Reference/45709_F01_Reference:NZ_LS483405.1_456 (length 148)
prokka_output/45709_F01_Reference/45709_F01_Reference:NZ_LS483405.1_457 (length 294)
prokka_output/45709_F01_Reference/45709_F01_Reference:NZ_LS483405.1_458 (length 420)
prokka_output/45709_F01_Reference/45709_F01_Reference:NZ_LS483405.1_459 (length 444)
prokka_output/45709_F01_Reference/45709_F01_Reference:NZ_LS483405.1_460 (length 74)
prokka_output/45709_F01_Reference/45709_F01_Reference:NZ_LS483405.1_461 (length 60)
prokka_output/45709_F01_Reference/45709_F01_Reference:NZ_LS483405.1_462 (length 393)
prokka_output/45709_F01_Reference/45709_F01_Reference:NZ_LS483405.1_463 (length 85)
prokka_output/45709_F01_Reference/45709_F01_Reference:NZ_LS483405.1_464 (length 249)
prokka_output/45709_F01_Reference/45709_F01_Reference:NZ_LS483405.1_465 (length 447)
prokka_output/45709_F01_Reference/45709_F01_Reference:NZ_LS483405.1_466 (length 320)
prokka_output/45709_F01_Reference/45709_F01_Reference:NZ_LS483405.1_467 (length 207)
prokka_output/45709_F01_Reference/45709_F01_Reference:NZ_LS483405.1_468 (length 180)
prokka_output/45709_F01_Reference/45709_F01_Reference:NZ_LS483405.1_469 (length 312)
prokka_output/45709_F01_Reference/45709_F01_Reference:NZ_LS483405.1_470 (length 107)
prokka_output/45709_F01_Reference/45709_F01_Reference:NZ_LS483405.1_471 (length 153)
prokka_output/45709_F01_Reference/45709_F01_Reference:NZ_LS483405.1_472 (length 768)
prokka_output/45709_F01_Reference/45709_F01_Reference:NZ_LS483405.1_473 (length 338)
prokka_output/45709_F01_Reference/45709_F01_Reference:NZ_LS483405.1_474 (length 306)
prokka_output/45709_F01_Reference/45709_F01_Reference:NZ_LS483405.1_475 (length 419)
prokka_output/45709_F01_Reference/45709_F01_Reference:NZ_LS483405.1_476 (length 321)
prokka_output/45709_F01_Reference/45709_F01_Reference:NZ_LS483405.1_477 (length 232)
prokka_output/45709_F01_Reference/45709_F01_Reference:NZ_LS483405.1_478 (length 108)
prokka_output/45709_F01_Reference/45709_F01_Reference:NZ_LS483405.1_479 (length 281)
prokka_output/45709_F01_Reference/45709_F01_Reference:NZ_LS483405.1_480 (length 677)
prokka_output/45709_F01_Reference/45709_F01_Reference:NZ_LS483405.1_481 (length 258)
prokka_output/45709_F01_Reference/45709_F01_Reference:NZ_LS483405.1_482 (length 190)
prokka_output/45709_F01_Reference/45709_F01_Reference:NZ_LS483405.1_483 (length 296)
prokka_output/45709_F01_Reference/45709_F01_Reference:NZ_LS483405.1_484 (length 78)
prokka_output/45709_F01_Reference/45709_F01_Reference:NZ_LS483405.1_485 (length 284)
prokka_output/45709_F01_Reference/45709_F01_Reference:NZ_LS483405.1_486 (length 192)
prokka_output/45709_F01_Reference/45709_F01_Reference:NZ_LS483405.1_487 (length 762)
prokka_output/45709_F01_Reference/45709_F01_Reference:NZ_LS483405.1_488 (length 466)
prokka_output/45709_F01_Reference/45709_F01_Reference:NZ_LS483405.1_489 (length 386)
prokka_output/45709_F01_Reference/45709_F01_Reference:NZ_LS483405.1_490 (length 491)
prokka_output/45709_F01_Reference/45709_F01_Reference:NZ_LS483405.1_491 (length 304)
prokka_output/45709_F01_Reference/45709_F01_Reference:NZ_LS483405.1_492 (length 163)
prokka_output/45709_F01_Reference/45709_F01_Reference:NZ_LS483405.1_493 (length 106)
prokka_output/45709_F01_Reference/45709_F01_Reference:NZ_LS483405.1_494 (length 248)
prokka_output/45709_F01_Reference/45709_F01_Reference:NZ_LS483405.1_495 (length 283)
prokka_output/45709_F01_Reference/45709_F01_Reference:NZ_LS483405.1_496 (length 326)
prokka_output/45709_F01_Reference/45709_F01_Reference:NZ_LS483405.1_497 (length 331)
prokka_output/45709_F01_Reference/45709_F01_Reference:NZ_LS483405.1_498 (length 311)
prokka_output/45709_F01_Reference/45709_F01_Reference:NZ_LS483405.1_499 (length 232)
prokka_output/45709_F01_Reference/45709_F01_Reference:NZ_LS483405.1_500 (length 265)
prokka_output/45709_F01_Reference/45709_F01_Reference:NZ_LS483405.1_501 (length 62)
prokka_output/45709_F01_Reference/45709_F01_Reference:NZ_LS483405.1_502 (length 146)
prokka_output/45709_F01_Reference/45709_F01_Reference:NZ_LS483405.1_503 (length 279)
prokka_output/45709_F01_Reference/45709_F01_Reference:NZ_LS483405.1_504 (length 459)
prokka_output/45709_F01_Reference/45709_F01_Reference:NZ_LS483405.1_505 (length 326)
prokka_output/45709_F01_Reference/45709_F01_Reference:NZ_LS483405.1_506 (length 119)
prokka_output/45709_F01_Reference/45709_F01_Reference:NZ_LS483405.1_507 (length 138)
prokka_output/45709_F01_Reference/45709_F01_Reference:NZ_LS483405.1_508 (length 242)
prokka_output/45709_F01_Reference/45709_F01_Reference:NZ_LS483405.1_509 (length 819)
prokka_output/45709_F01_Reference/45709_F01_Reference:NZ_LS483405.1_510 (length 271)
prokka_output/45709_F01_Reference/45709_F01_Reference:NZ_LS483405.1_511 (length 452)
prokka_output/45709_F01_Reference/45709_F01_Reference:NZ_LS483405.1_512 (length 279)
prokka_output/45709_F01_Reference/45709_F01_Reference:NZ_LS483405.1_513 (length 146)
prokka_output/45709_F01_Reference/45709_F01_Reference:NZ_LS483405.1_514 (length 222)
prokka_output/45709_F01_Reference/45709_F01_Reference:NZ_LS483405.1_515 (length 535)
prokka_output/45709_F01_Reference/45709_F01_Reference:NZ_LS483405.1_516 (length 105)
prokka_output/45709_F01_Reference/45709_F01_Reference:NZ_LS483405.1_517 (length 565)
prokka_output/45709_F01_Reference/45709_F01_Reference:NZ_LS483405.1_518 (length 140)
prokka_output/45709_F01_Reference/45709_F01_Reference:NZ_LS483405.1_519 (length 558)
prokka_output/45709_F01_Reference/45709_F01_Reference:NZ_LS483405.1_520 (length 237)
prokka_output/45709_F01_Reference/45709_F01_Reference:NZ_LS483405.1_521 (length 1544)
prokka_output/45709_F01_Reference/45709_F01_Reference:NZ_LS483405.1_522 (length 428)
prokka_output/45709_F01_Reference/45709_F01_Reference:NZ_LS483405.1_523 (length 83)
prokka_output/45709_F01_Reference/45709_F01_Reference:NZ_LS483405.1_524 (length 237)
prokka_output/45709_F01_Reference/45709_F01_Reference:NZ_LS483405.1_525 (length 191)
prokka_output/45709_F01_Reference/45709_F01_Reference:NZ_LS483405.1_526 (length 207)
prokka_output/45709_F01_Reference/45709_F01_Reference:NZ_LS483405.1_527 (length 210)
prokka_output/45709_F01_Reference/45709_F01_Reference:NZ_LS483405.1_528 (length 809)
prokka_output/45709_F01_Reference/45709_F01_Reference:NZ_LS483405.1_529 (length 140)
prokka_output/45709_F01_Reference/45709_F01_Reference:NZ_LS483405.1_530 (length 227)
prokka_output/45709_F01_Reference/45709_F01_Reference:NZ_LS483405.1_531 (length 224)
prokka_output/45709_F01_Reference/45709_F01_Reference:NZ_LS483405.1_532 (length 347)
prokka_output/45709_F01_Reference/45709_F01_Reference:NZ_LS483405.1_533 (length 711)
prokka_output/45709_F01_Reference/45709_F01_Reference:NZ_LS483405.1_534 (length 716)
prokka_output/45709_F01_Reference/45709_F01_Reference:NZ_LS483405.1_535 (length 156)
prokka_output/45709_F01_Reference/45709_F01_Reference:NZ_LS483405.1_536 (length 191)
prokka_output/45709_F01_Reference/45709_F01_Reference:NZ_LS483405.1_537 (length 298)
prokka_output/45709_F01_Reference/45709_F01_Reference:NZ_LS483405.1_538 (length 261)
prokka_output/45709_F01_Reference/45709_F01_Reference:NZ_LS483405.1_539 (length 461)
prokka_output/45709_F01_Reference/45709_F01_Reference:NZ_LS483405.1_540 (length 523)
prokka_output/45709_F01_Reference/45709_F01_Reference:NZ_LS483405.1_541 (length 380)
prokka_output/45709_F01_Reference/45709_F01_Reference:NZ_LS483405.1_542 (length 122)
prokka_output/45709_F01_Reference/45709_F01_Reference:NZ_LS483405.1_543 (length 373)
prokka_output/45709_F01_Reference/45709_F01_Reference:NZ_LS483405.1_544 (length 75)
prokka_output/45709_F01_Reference/45709_F01_Reference:NZ_LS483405.1_545 (length 126)
prokka_output/45709_F01_Reference/45709_F01_Reference:NZ_LS483405.1_546 (length 213)
prokka_output/45709_F01_Reference/45709_F01_Reference:NZ_LS483405.1_547 (length 39)
prokka_output/45709_F01_Reference/45709_F01_Reference:NZ_LS483405.1_548 (length 462)
prokka_output/45709_F01_Reference/45709_F01_Reference:NZ_LS483405.1_549 (length 318)
prokka_output/45709_F01_Reference/45709_F01_Reference:NZ_LS483405.1_550 (length 185)
prokka_output/45709_F01_Reference/45709_F01_Reference:NZ_LS483405.1_551 (length 1180)
prokka_output/45709_F01_Reference/45709_F01_Reference:NZ_LS483405.1_552 (length 526)
prokka_output/45709_F01_Reference/45709_F01_Reference:NZ_LS483405.1_553 (length 90)
prokka_output/45709_F01_Reference/45709_F01_Reference:NZ_LS483405.1_554 (length 136)
prokka_output/45709_F01_Reference/45709_F01_Reference:NZ_LS483405.1_555 (length 181)
prokka_output/45709_F01_Reference/45709_F01_Reference:NZ_LS483405.1_556 (length 450)
prokka_output/45709_F01_Reference/45709_F01_Reference:NZ_LS483405.1_557 (length 180)
prokka_output/45709_F01_Reference/45709_F01_Reference:NZ_LS483405.1_558 (length 699)
prokka_output/45709_F01_Reference/45709_F01_Reference:NZ_LS483405.1_559 (length 295)
prokka_output/45709_F01_Reference/45709_F01_Reference:NZ_LS483405.1_560 (length 340)
prokka_output/45709_F01_Reference/45709_F01_Reference:NZ_LS483405.1_561 (length 106)
prokka_output/45709_F01_Reference/45709_F01_Reference:NZ_LS483405.1_562 (length 535)
prokka_output/45709_F01_Reference/45709_F01_Reference:NZ_LS483405.1_563 (length 258)
prokka_output/45709_F01_Reference/45709_F01_Reference:NZ_LS483405.1_564 (length 267)
prokka_output/45709_F01_Reference/45709_F01_Reference:NZ_LS483405.1_565 (length 380)
prokka_output/45709_F01_Reference/45709_F01_Reference:NZ_LS483405.1_566 (length 233)
prokka_output/45709_F01_Reference/45709_F01_Reference:NZ_LS483405.1_567 (length 168)
prokka_output/45709_F01_Reference/45709_F01_Reference:NZ_LS483405.1_568 (length 246)
prokka_output/45709_F01_Reference/45709_F01_Reference:NZ_LS483405.1_569 (length 488)
prokka_output/45709_F01_Reference/45709_F01_Reference:NZ_LS483405.1_570 (length 276)
prokka_output/45709_F01_Reference/45709_F01_Reference:NZ_LS483405.1_571 (length 144)
prokka_output/45709_F01_Reference/45709_F01_Reference:NZ_LS483405.1_572 (length 731)
prokka_output/45709_F01_Reference/45709_F01_Reference:NZ_LS483405.1_573 (length 159)
prokka_output/45709_F01_Reference/45709_F01_Reference:NZ_LS483405.1_574 (length 293)
prokka_output/45709_F01_Reference/45709_F01_Reference:NZ_LS483405.1_575 (length 314)
prokka_output/45709_F01_Reference/45709_F01_Reference:NZ_LS483405.1_576 (length 279)
prokka_output/45709_F01_Reference/45709_F01_Reference:NZ_LS483405.1_577 (length 183)
prokka_output/45709_F01_Reference/45709_F01_Reference:NZ_LS483405.1_578 (length 195)
prokka_output/45709_F01_Reference/45709_F01_Reference:NZ_LS483405.1_579 (length 145)
prokka_output/45709_F01_Reference/45709_F01_Reference:NZ_LS483405.1_580 (length 468)
prokka_output/45709_F01_Reference/45709_F01_Reference:NZ_LS483405.1_581 (length 203)
prokka_output/45709_F01_Reference/45709_F01_Reference:NZ_LS483405.1_582 (length 139)
prokka_output/45709_F01_Reference/45709_F01_Reference:NZ_LS483405.1_583 (length 167)
prokka_output/45709_F01_Reference/45709_F01_Reference:NZ_LS483405.1_584 (length 261)
prokka_output/45709_F01_Reference/45709_F01_Reference:NZ_LS483405.1_585 (length 275)
prokka_output/45709_F01_Reference/45709_F01_Reference:NZ_LS483405.1_586 (length 347)
prokka_output/45709_F01_Reference/45709_F01_Reference:NZ_LS483405.1_587 (length 376)
prokka_output/45709_F01_Reference/45709_F01_Reference:NZ_LS483405.1_588 (length 215)
prokka_output/45709_F01_Reference/45709_F01_Reference:NZ_LS483405.1_589 (length 189)
prokka_output/45709_F01_Reference/45709_F01_Reference:NZ_LS483405.1_590 (length 931)
prokka_output/45709_F01_Reference/45709_F01_Reference:NZ_LS483405.1_591 (length 304)
prokka_output/45709_F01_Reference/45709_F01_Reference:NZ_LS483405.1_592 (length 371)
prokka_output/45709_F01_Reference/45709_F01_Reference:NZ_LS483405.1_593 (length 315)
prokka_output/45709_F01_Reference/45709_F01_Reference:NZ_LS483405.1_594 (length 343)
prokka_output/45709_F01_Reference/45709_F01_Reference:NZ_LS483405.1_595 (length 223)
prokka_output/45709_F01_Reference/45709_F01_Reference:NZ_LS483405.1_596 (length 410)
prokka_output/45709_F01_Reference/45709_F01_Reference:NZ_LS483405.1_597 (length 444)
prokka_output/45709_F01_Reference/45709_F01_Reference:NZ_LS483405.1_598 (length 56)
prokka_output/45709_F01_Reference/45709_F01_Reference:NZ_LS483405.1_599 (length 228)
prokka_output/45709_F01_Reference/45709_F01_Reference:NZ_LS483405.1_600 (length 113)
prokka_output/45709_F01_Reference/45709_F01_Reference:NZ_LS483405.1_601 (length 179)
prokka_output/45709_F01_Reference/45709_F01_Reference:NZ_LS483405.1_602 (length 458)
prokka_output/45709_F01_Reference/45709_F01_Reference:NZ_LS483405.1_603 (length 394)
prokka_output/45709_F01_Reference/45709_F01_Reference:NZ_LS483405.1_604 (length 496)
prokka_output/45709_F01_Reference/45709_F01_Reference:NZ_LS483405.1_605 (length 470)
prokka_output/45709_F01_Reference/45709_F01_Reference:NZ_LS483405.1_606 (length 135)
prokka_output/45709_F01_Reference/45709_F01_Reference:NZ_LS483405.1_607 (length 255)
prokka_output/45709_F01_Reference/45709_F01_Reference:NZ_LS483405.1_608 (length 181)
prokka_output/45709_F01_Reference/45709_F01_Reference:NZ_LS483405.1_609 (length 189)
prokka_output/45709_F01_Reference/45709_F01_Reference:NZ_LS483405.1_610 (length 58)
prokka_output/45709_F01_Reference/45709_F01_Reference:NZ_LS483405.1_611 (length 182)
prokka_output/45709_F01_Reference/45709_F01_Reference:NZ_LS483405.1_612 (length 141)
prokka_output/45709_F01_Reference/45709_F01_Reference:NZ_LS483405.1_613 (length 232)
prokka_output/45709_F01_Reference/45709_F01_Reference:NZ_LS483405.1_614 (length 168)
prokka_output/45709_F01_Reference/45709_F01_Reference:NZ_LS483405.1_615 (length 122)
prokka_output/45709_F01_Reference/45709_F01_Reference:NZ_LS483405.1_616 (length 870)
prokka_output/45709_F01_Reference/45709_F01_Reference:NZ_LS483405.1_617 (length 192)
prokka_output/45709_F01_Reference/45709_F01_Reference:NZ_LS483405.1_618 (length 304)
prokka_output/45709_F01_Reference/45709_F01_Reference:NZ_LS483405.1_619 (length 331)
prokka_output/45709_F01_Reference/45709_F01_Reference:NZ_LS483405.1_620 (length 721)
prokka_output/45709_F01_Reference/45709_F01_Reference:NZ_LS483405.1_621 (length 75)
prokka_output/45709_F01_Reference/45709_F01_Reference:NZ_LS483405.1_622 (length 203)
prokka_output/45709_F01_Reference/45709_F01_Reference:NZ_LS483405.1_623 (length 183)
prokka_output/45709_F01_Reference/45709_F01_Reference:NZ_LS483405.1_624 (length 576)
prokka_output/45709_F01_Reference/45709_F01_Reference:NZ_LS483405.1_625 (length 105)
prokka_output/45709_F01_Reference/45709_F01_Reference:NZ_LS483405.1_626 (length 199)
prokka_output/45709_F01_Reference/45709_F01_Reference:NZ_LS483405.1_627 (length 83)
prokka_output/45709_F01_Reference/45709_F01_Reference:NZ_LS483405.1_628 (length 219)
prokka_output/45709_F01_Reference/45709_F01_Reference:NZ_LS483405.1_629 (length 109)
prokka_output/45709_F01_Reference/45709_F01_Reference:NZ_LS483405.1_630 (length 337)
prokka_output/45709_F01_Reference/45709_F01_Reference:NZ_LS483405.1_631 (length 113)
prokka_output/45709_F01_Reference/45709_F01_Reference:NZ_LS483405.1_632 (length 293)
prokka_output/45709_F01_Reference/45709_F01_Reference:NZ_LS483405.1_633 (length 246)
prokka_output/45709_F01_Reference/45709_F01_Reference:NZ_LS483405.1_634 (length 240)
prokka_output/45709_F01_Reference/45709_F01_Reference:NZ_LS483405.1_635 (length 202)
prokka_output/45709_F01_Reference/45709_F01_Reference:NZ_LS483405.1_636 (length 349)
prokka_output/45709_F01_Reference/45709_F01_Reference:NZ_LS483405.1_637 (length 392)
prokka_output/45709_F01_Reference/45709_F01_Reference:NZ_LS483405.1_638 (length 98)
prokka_output/45709_F01_Reference/45709_F01_Reference:NZ_LS483405.1_639 (length 650)
prokka_output/45709_F01_Reference/45709_F01_Reference:NZ_LS483405.1_640 (length 212)
prokka_output/45709_F01_Reference/45709_F01_Reference:NZ_LS483405.1_641 (length 94)
prokka_output/45709_F01_Reference/45709_F01_Reference:NZ_LS483405.1_642 (length 541)
prokka_output/45709_F01_Reference/45709_F01_Reference:NZ_LS483405.1_643 (length 611)
prokka_output/45709_F01_Reference/45709_F01_Reference:NZ_LS483405.1_644 (length 268)
prokka_output/45709_F01_Reference/45709_F01_Reference:NZ_LS483405.1_645 (length 146)
prokka_output/45709_F01_Reference/45709_F01_Reference:NZ_LS483405.1_646 (length 364)
prokka_output/45709_F01_Reference/45709_F01_Reference:NZ_LS483405.1_647 (length 219)
prokka_output/45709_F01_Reference/45709_F01_Reference:NZ_LS483405.1_648 (length 439)
prokka_output/45709_F01_Reference/45709_F01_Reference:NZ_LS483405.1_649 (length 224)
prokka_output/45709_F01_Reference/45709_F01_Reference:NZ_LS483405.1_650 (length 186)
prokka_output/45709_F01_Reference/45709_F01_Reference:NZ_LS483405.1_651 (length 787)
prokka_output/45709_F01_Reference/45709_F01_Reference:NZ_LS483405.1_652 (length 332)
prokka_output/45709_F01_Reference/45709_F01_Reference:NZ_LS483405.1_653 (length 384)
prokka_output/45709_F01_Reference/45709_F01_Reference:NZ_LS483405.1_654 (length 235)
prokka_output/45709_F01_Reference/45709_F01_Reference:NZ_LS483405.1_655 (length 447)
prokka_output/45709_F01_Reference/45709_F01_Reference:NZ_LS483405.1_656 (length 293)
prokka_output/45709_F01_Reference/45709_F01_Reference:NZ_LS483405.1_657 (length 308)
prokka_output/45709_F01_Reference/45709_F01_Reference:NZ_LS483405.1_658 (length 294)
prokka_output/45709_F01_Reference/45709_F01_Reference:NZ_LS483405.1_659 (length 274)
prokka_output/45709_F01_Reference/45709_F01_Reference:NZ_LS483405.1_660 (length 252)
prokka_output/45709_F01_Reference/45709_F01_Reference:NZ_LS483405.1_661 (length 226)
prokka_output/45709_F01_Reference/45709_F01_Reference:NZ_LS483405.1_662 (length 109)
prokka_output/45709_F01_Reference/45709_F01_Reference:NZ_LS483405.1_663 (length 123)
prokka_output/45709_F01_Reference/45709_F01_Reference:NZ_LS483405.1_664 (length 311)
prokka_output/45709_F01_Reference/45709_F01_Reference:NZ_LS483405.1_665 (length 287)
prokka_output/45709_F01_Reference/45709_F01_Reference:NZ_LS483405.1_666 (length 337)
prokka_output/45709_F01_Reference/45709_F01_Reference:NZ_LS483405.1_667 (length 301)
prokka_output/45709_F01_Reference/45709_F01_Reference:NZ_LS483405.1_668 (length 313)
prokka_output/45709_F01_Reference/45709_F01_Reference:NZ_LS483405.1_669 (length 42)
prokka_output/45709_F01_Reference/45709_F01_Reference:NZ_LS483405.1_670 (length 213)
prokka_output/45709_F01_Reference/45709_F01_Reference:NZ_LS483405.1_671 (length 174)
prokka_output/45709_F01_Reference/45709_F01_Reference:NZ_LS483405.1_672 (length 668)
prokka_output/45709_F01_Reference/45709_F01_Reference:NZ_LS483405.1_673 (length 951)
prokka_output/45709_F01_Reference/45709_F01_Reference:NZ_LS483405.1_674 (length 181)
prokka_output/45709_F01_Reference/45709_F01_Reference:NZ_LS483405.1_675 (length 294)
prokka_output/45709_F01_Reference/45709_F01_Reference:NZ_LS483405.1_676 (length 336)
prokka_output/45709_F01_Reference/45709_F01_Reference:NZ_LS483405.1_677 (length 312)
prokka_output/45709_F01_Reference/45709_F01_Reference:NZ_LS483405.1_678 (length 198)
prokka_output/45709_F01_Reference/45709_F01_Reference:NZ_LS483405.1_679 (length 148)
prokka_output/45709_F01_Reference/45709_F01_Reference:NZ_LS483405.1_680 (length 237)
prokka_output/45709_F01_Reference/45709_F01_Reference:NZ_LS483405.1_681 (length 203)
prokka_output/45709_F01_Reference/45709_F01_Reference:NZ_LS483405.1_682 (length 342)
prokka_output/45709_F01_Reference/45709_F01_Reference:NZ_LS483405.1_683 (length 336)
prokka_output/45709_F01_Reference/45709_F01_Reference:NZ_LS483405.1_684 (length 400)
prokka_output/45709_F01_Reference/45709_F01_Reference:NZ_LS483405.1_685 (length 254)
prokka_output/45709_F01_Reference/45709_F01_Reference:NZ_LS483405.1_686 (length 439)
prokka_output/45709_F01_Reference/45709_F01_Reference:NZ_LS483405.1_687 (length 363)
prokka_output/45709_F01_Reference/45709_F01_Reference:NZ_LS483405.1_688 (length 518)
prokka_output/45709_F01_Reference/45709_F01_Reference:NZ_LS483405.1_689 (length 78)
prokka_output/45709_F01_Reference/45709_F01_Reference:NZ_LS483405.1_690 (length 252)
prokka_output/45709_F01_Reference/45709_F01_Reference:NZ_LS483405.1_691 (length 797)
prokka_output/45709_F01_Reference/45709_F01_Reference:NZ_LS483405.1_692 (length 157)
prokka_output/45709_F01_Reference/45709_F01_Reference:NZ_LS483405.1_693 (length 245)
prokka_output/45709_F01_Reference/45709_F01_Reference:NZ_LS483405.1_694 (length 189)
prokka_output/45709_F01_Reference/45709_F01_Reference:NZ_LS483405.1_695 (length 239)
prokka_output/45709_F01_Reference/45709_F01_Reference:NZ_LS483405.1_696 (length 324)
prokka_output/45709_F01_Reference/45709_F01_Reference:NZ_LS483405.1_697 (length 157)
prokka_output/45709_F01_Reference/45709_F01_Reference:NZ_LS483405.1_698 (length 172)
prokka_output/45709_F01_Reference/45709_F01_Reference:NZ_LS483405.1_699 (length 339)
prokka_output/45709_F01_Reference/45709_F01_Reference:NZ_LS483405.1_700 (length 178)
prokka_output/45709_F01_Reference/45709_F01_Reference:NZ_LS483405.1_701 (length 254)
prokka_output/45709_F01_Reference/45709_F01_Reference:NZ_LS483405.1_702 (length 304)
prokka_output/45709_F01_Reference/45709_F01_Reference:NZ_LS483405.1_703 (length 710)
prokka_output/45709_F01_Reference/45709_F01_Reference:NZ_LS483405.1_704 (length 220)
prokka_output/45709_F01_Reference/45709_F01_Reference:NZ_LS483405.1_705 (length 283)
prokka_output/45709_F01_Reference/45709_F01_Reference:NZ_LS483405.1_706 (length 322)
prokka_output/45709_F01_Reference/45709_F01_Reference:NZ_LS483405.1_707 (length 451)
prokka_output/45709_F01_Reference/45709_F01_Reference:NZ_LS483405.1_708 (length 605)
prokka_output/45709_F01_Reference/45709_F01_Reference:NZ_LS483405.1_709 (length 40)
prokka_output/45709_F01_Reference/45709_F01_Reference:NZ_LS483405.1_710 (length 240)
prokka_output/45709_F01_Reference/45709_F01_Reference:NZ_LS483405.1_711 (length 477)
prokka_output/45709_F01_Reference/45709_F01_Reference:NZ_LS483405.1_712 (length 633)
prokka_output/45709_F01_Reference/45709_F01_Reference:NZ_LS483405.1_713 (length 767)
prokka_output/45709_F01_Reference/45709_F01_Reference:NZ_LS483405.1_714 (length 183)
prokka_output/45709_F01_Reference/45709_F01_Reference:NZ_LS483405.1_715 (length 75)
prokka_output/45709_F01_Reference/45709_F01_Reference:NZ_LS483405.1_716 (length 361)
prokka_output/45709_F01_Reference/45709_F01_Reference:NZ_LS483405.1_717 (length 102)
prokka_output/45709_F01_Reference/45709_F01_Reference:NZ_LS483405.1_718 (length 245)
prokka_output/45709_F01_Reference/45709_F01_Reference:NZ_LS483405.1_719 (length 399)
prokka_output/45709_F01_Reference/45709_F01_Reference:NZ_LS483405.1_720 (length 256)
prokka_output/45709_F01_Reference/45709_F01_Reference:NZ_LS483405.1_721 (length 297)
prokka_output/45709_F01_Reference/45709_F01_Reference:NZ_LS483405.1_722 (length 322)
prokka_output/45709_F01_Reference/45709_F01_Reference:NZ_LS483405.1_723 (length 252)
prokka_output/45709_F01_Reference/45709_F01_Reference:NZ_LS483405.1_724 (length 311)
prokka_output/45709_F01_Reference/45709_F01_Reference:NZ_LS483405.1_725 (length 720)
prokka_output/45709_F01_Reference/45709_F01_Reference:NZ_LS483405.1_726 (length 512)
prokka_output/45709_F01_Reference/45709_F01_Reference:NZ_LS483405.1_727 (length 273)
prokka_output/45709_F01_Reference/45709_F01_Reference:NZ_LS483405.1_728 (length 190)
prokka_output/45709_F01_Reference/45709_F01_Reference:NZ_LS483405.1_729 (length 147)
prokka_output/45709_F01_Reference/45709_F01_Reference:NZ_LS483405.1_730 (length 57)
prokka_output/45709_F01_Reference/45709_F01_Reference:NZ_LS483405.1_731 (length 149)
prokka_output/45709_F01_Reference/45709_F01_Reference:NZ_LS483405.1_732 (length 59)
prokka_output/45709_F01_Reference/45709_F01_Reference:NZ_LS483405.1_733 (length 38)
prokka_output/45709_F01_Reference/45709_F01_Reference:NZ_LS483405.1_734 (length 123)
prokka_output/45709_F01_Reference/45709_F01_Reference:NZ_LS483405.1_735 (length 164)
prokka_output/45709_F01_Reference/45709_F01_Reference:NZ_LS483405.1_736 (length 461)
prokka_output/45709_F01_Reference/45709_F01_Reference:NZ_LS483405.1_737 (length 160)
prokka_output/45709_F01_Reference/45709_F01_Reference:NZ_LS483405.1_738 (length 305)
prokka_output/45709_F01_Reference/45709_F01_Reference:NZ_LS483405.1_739 (length 451)
prokka_output/45709_F01_Reference/45709_F01_Reference:NZ_LS483405.1_740 (length 339)
prokka_output/45709_F01_Reference/45709_F01_Reference:NZ_LS483405.1_741 (length 248)
prokka_output/45709_F01_Reference/45709_F01_Reference:NZ_LS483405.1_742 (length 331)
prokka_output/45709_F01_Reference/45709_F01_Reference:NZ_LS483405.1_743 (length 349)
prokka_output/45709_F01_Reference/45709_F01_Reference:NZ_LS483405.1_744 (length 410)
prokka_output/45709_F01_Reference/45709_F01_Reference:NZ_LS483405.1_745 (length 335)
prokka_output/45709_F01_Reference/45709_F01_Reference:NZ_LS483405.1_746 (length 72)
prokka_output/45709_F01_Reference/45709_F01_Reference:NZ_LS483405.1_747 (length 31)
prokka_output/45709_F01_Reference/45709_F01_Reference:NZ_LS483405.1_748 (length 35)
prokka_output/45709_F01_Reference/45709_F01_Reference:NZ_LS483405.1_749 (length 262)
prokka_output/45709_F01_Reference/45709_F01_Reference:NZ_LS483405.1_750 (length 489)
prokka_output/45709_F01_Reference/45709_F01_Reference:NZ_LS483405.1_751 (length 382)
prokka_output/45709_F01_Reference/45709_F01_Reference:NZ_LS483405.1_752 (length 288)
prokka_output/45709_F01_Reference/45709_F01_Reference:NZ_LS483405.1_753 (length 448)
prokka_output/45709_F01_Reference/45709_F01_Reference:NZ_LS483405.1_754 (length 1005)
prokka_output/45709_F01_Reference/45709_F01_Reference:NZ_LS483405.1_755 (length 160)
prokka_output/45709_F01_Reference/45709_F01_Reference:NZ_LS483405.1_756 (length 187)
prokka_output/45709_F01_Reference/45709_F01_Reference:NZ_LS483405.1_757 (length 321)
prokka_output/45709_F01_Reference/45709_F01_Reference:NZ_LS483405.1_758 (length 367)
prokka_output/45709_F01_Reference/45709_F01_Reference:NZ_LS483405.1_759 (length 220)
prokka_output/45709_F01_Reference/45709_F01_Reference:NZ_LS483405.1_760 (length 374)
prokka_output/45709_F01_Reference/45709_F01_Reference:NZ_LS483405.1_761 (length 68)
prokka_output/45709_F01_Reference/45709_F01_Reference:NZ_LS483405.1_762 (length 109)
prokka_output/45709_F01_Reference/45709_F01_Reference:NZ_LS483405.1_763 (length 577)
prokka_output/45709_F01_Reference/45709_F01_Reference:NZ_LS483405.1_764 (length 613)
prokka_output/45709_F01_Reference/45709_F01_Reference:NZ_LS483405.1_765 (length 339)
prokka_output/45709_F01_Reference/45709_F01_Reference:NZ_LS483405.1_766 (length 234)
prokka_output/45709_F01_Reference/45709_F01_Reference:NZ_LS483405.1_767 (length 449)
prokka_output/45709_F01_Reference/45709_F01_Reference:NZ_LS483405.1_768 (length 194)
prokka_output/45709_F01_Reference/45709_F01_Reference:NZ_LS483405.1_769 (length 361)
prokka_output/45709_F01_Reference/45709_F01_Reference:NZ_LS483405.1_770 (length 283)
prokka_output/45709_F01_Reference/45709_F01_Reference:NZ_LS483405.1_771 (length 338)
prokka_output/45709_F01_Reference/45709_F01_Reference:NZ_LS483405.1_772 (length 413)
prokka_output/45709_F01_Reference/45709_F01_Reference:NZ_LS483405.1_773 (length 209)
prokka_output/45709_F01_Reference/45709_F01_Reference:NZ_LS483405.1_774 (length 239)
prokka_output/45709_F01_Reference/45709_F01_Reference:NZ_LS483405.1_775 (length 70)
prokka_output/45709_F01_Reference/45709_F01_Reference:NZ_LS483405.1_776 (length 171)
prokka_output/45709_F01_Reference/45709_F01_Reference:NZ_LS483405.1_777 (length 180)
prokka_output/45709_F01_Reference/45709_F01_Reference:NZ_LS483405.1_778 (length 513)
prokka_output/45709_F01_Reference/45709_F01_Reference:NZ_LS483405.1_779 (length 299)
prokka_output/45709_F01_Reference/45709_F01_Reference:NZ_LS483405.1_780 (length 471)
prokka_output/45709_F01_Reference/45709_F01_Reference:NZ_LS483405.1_781 (length 139)
prokka_output/45709_F01_Reference/45709_F01_Reference:NZ_LS483405.1_782 (length 76)
prokka_output/45709_F01_Reference/45709_F01_Reference:NZ_LS483405.1_783 (length 435)
prokka_output/45709_F01_Reference/45709_F01_Reference:NZ_LS483405.1_784 (length 335)
prokka_output/45709_F01_Reference/45709_F01_Reference:NZ_LS483405.1_785 (length 99)
prokka_output/45709_F01_Reference/45709_F01_Reference:NZ_LS483405.1_786 (length 74)
prokka_output/45709_F01_Reference/45709_F01_Reference:NZ_LS483405.1_787 (length 401)
prokka_output/45709_F01_Reference/45709_F01_Reference:NZ_LS483405.1_788 (length 100)
prokka_output/45709_F01_Reference/45709_F01_Reference:NZ_LS483405.1_789 (length 281)
prokka_output/45709_F01_Reference/45709_F01_Reference:NZ_LS483405.1_790 (length 323)
prokka_output/45709_F01_Reference/45709_F01_Reference:NZ_LS483405.1_791 (length 380)
prokka_output/45709_F01_Reference/45709_F01_Reference:NZ_LS483405.1_792 (length 518)
prokka_output/45709_F01_Reference/45709_F01_Reference:NZ_LS483405.1_793 (length 294)
prokka_output/45709_F01_Reference/45709_F01_Reference:NZ_LS483405.1_794 (length 159)
prokka_output/45709_F01_Reference/45709_F01_Reference:NZ_LS483405.1_795 (length 95)
prokka_output/45709_F01_Reference/45709_F01_Reference:NZ_LS483405.1_796 (length 425)
prokka_output/45709_F01_Reference/45709_F01_Reference:NZ_LS483405.1_797 (length 151)
prokka_output/45709_F01_Reference/45709_F01_Reference:NZ_LS483405.1_798 (length 199)
prokka_output/45709_F01_Reference/45709_F01_Reference:NZ_LS483405.1_799 (length 111)
prokka_output/45709_F01_Reference/45709_F01_Reference:NZ_LS483405.1_800 (length 201)
prokka_output/45709_F01_Reference/45709_F01_Reference:NZ_LS483405.1_801 (length 155)
prokka_output/45709_F01_Reference/45709_F01_Reference:NZ_LS483405.1_802 (length 576)
prokka_output/45709_F01_Reference/45709_F01_Reference:NZ_LS483405.1_803 (length 381)
prokka_output/45709_F01_Reference/45709_F01_Reference:NZ_LS483405.1_804 (length 405)
prokka_output/45709_F01_Reference/45709_F01_Reference:NZ_LS483405.1_805 (length 169)
prokka_output/45709_F01_Reference/45709_F01_Reference:NZ_LS483405.1_806 (length 888)
prokka_output/45709_F01_Reference/45709_F01_Reference:NZ_LS483405.1_807 (length 440)
prokka_output/45709_F01_Reference/45709_F01_Reference:NZ_LS483405.1_808 (length 220)
prokka_output/45709_F01_Reference/45709_F01_Reference:NZ_LS483405.1_809 (length 334)
prokka_output/45709_F01_Reference/45709_F01_Reference:NZ_LS483405.1_810 (length 283)
prokka_output/45709_F01_Reference/45709_F01_Reference:NZ_LS483405.1_811 (length 175)
prokka_output/45709_F01_Reference/45709_F01_Reference:NZ_LS483405.1_812 (length 223)
prokka_output/45709_F01_Reference/45709_F01_Reference:NZ_LS483405.1_813 (length 268)
prokka_output/45709_F01_Reference/45709_F01_Reference:NZ_LS483405.1_814 (length 213)
prokka_output/45709_F01_Reference/45709_F01_Reference:NZ_LS483405.1_815 (length 211)
prokka_output/45709_F01_Reference/45709_F01_Reference:NZ_LS483405.1_816 (length 280)
prokka_output/45709_F01_Reference/45709_F01_Reference:NZ_LS483405.1_817 (length 431)
prokka_output/45709_F01_Reference/45709_F01_Reference:NZ_LS483405.1_818 (length 429)
prokka_output/45709_F01_Reference/45709_F01_Reference:NZ_LS483405.1_819 (length 301)
prokka_output/45709_F01_Reference/45709_F01_Reference:NZ_LS483405.1_820 (length 195)
prokka_output/45709_F01_Reference/45709_F01_Reference:NZ_LS483405.1_821 (length 416)
prokka_output/45709_F01_Reference/45709_F01_Reference:NZ_LS483405.1_822 (length 377)
prokka_output/45709_F01_Reference/45709_F01_Reference:NZ_LS483405.1_823 (length 50)
prokka_output/45709_F01_Reference/45709_F01_Reference:NZ_LS483405.1_824 (length 519)
prokka_output/45709_F01_Reference/45709_F01_Reference:NZ_LS483405.1_825 (length 264)
prokka_output/45709_F01_Reference/45709_F01_Reference:NZ_LS483405.1_826 (length 892)
prokka_output/45709_F01_Reference/45709_F01_Reference:NZ_LS483405.1_827 (length 672)
prokka_output/45709_F01_Reference/45709_F01_Reference:NZ_LS483405.1_828 (length 202)
prokka_output/45709_F01_Reference/45709_F01_Reference:NZ_LS483405.1_829 (length 338)
prokka_output/45709_F01_Reference/45709_F01_Reference:NZ_LS483405.1_830 (length 344)
prokka_output/45709_F01_Reference/45709_F01_Reference:NZ_LS483405.1_831 (length 381)
prokka_output/45709_F01_Reference/45709_F01_Reference:NZ_LS483405.1_832 (length 141)
prokka_output/45709_F01_Reference/45709_F01_Reference:NZ_LS483405.1_833 (length 370)
prokka_output/45709_F01_Reference/45709_F01_Reference:NZ_LS483405.1_834 (length 324)
prokka_output/45709_F01_Reference/45709_F01_Reference:NZ_LS483405.1_835 (length 452)
prokka_output/45709_F01_Reference/45709_F01_Reference:NZ_LS483405.1_836 (length 879)
prokka_output/45709_F01_Reference/45709_F01_Reference:NZ_LS483405.1_837 (length 90)
prokka_output/45709_F01_Reference/45709_F01_Reference:NZ_LS483405.1_838 (length 145)
prokka_output/45709_F01_Reference/45709_F01_Reference:NZ_LS483405.1_839 (length 103)
prokka_output/45709_F01_Reference/45709_F01_Reference:NZ_LS483405.1_840 (length 86)
prokka_output/45709_F01_Reference/45709_F01_Reference:NZ_LS483405.1_841 (length 178)
prokka_output/45709_F01_Reference/45709_F01_Reference:NZ_LS483405.1_842 (length 787)
prokka_output/45709_F01_Reference/45709_F01_Reference:NZ_LS483405.1_843 (length 105)
prokka_output/45709_F01_Reference/45709_F01_Reference:NZ_LS483405.1_844 (length 174)
prokka_output/45709_F01_Reference/45709_F01_Reference:NZ_LS483405.1_845 (length 276)
prokka_output/45709_F01_Reference/45709_F01_Reference:NZ_LS483405.1_846 (length 199)
prokka_output/45709_F01_Reference/45709_F01_Reference:NZ_LS483405.1_847 (length 172)
prokka_output/45709_F01_Reference/45709_F01_Reference:NZ_LS483405.1_848 (length 163)
prokka_output/45709_F01_Reference/45709_F01_Reference:NZ_LS483405.1_849 (length 61)
prokka_output/45709_F01_Reference/45709_F01_Reference:NZ_LS483405.1_850 (length 91)
prokka_output/45709_F01_Reference/45709_F01_Reference:NZ_LS483405.1_851 (length 228)
prokka_output/45709_F01_Reference/45709_F01_Reference:NZ_LS483405.1_852 (length 485)
prokka_output/45709_F01_Reference/45709_F01_Reference:NZ_LS483405.1_853 (length 368)
prokka_output/45709_F01_Reference/45709_F01_Reference:NZ_LS483405.1_854 (length 52)
prokka_output/45709_F01_Reference/45709_F01_Reference:NZ_LS483405.1_855 (length 98)
prokka_output/45709_F01_Reference/45709_F01_Reference:NZ_LS483405.1_856 (length 455)
prokka_output/45709_F01_Reference/45709_F01_Reference:NZ_LS483405.1_857 (length 293)
prokka_output/45709_F01_Reference/45709_F01_Reference:NZ_LS483405.1_858 (length 134)
prokka_output/45709_F01_Reference/45709_F01_Reference:NZ_LS483405.1_859 (length 120)
prokka_output/45709_F01_Reference/45709_F01_Reference:NZ_LS483405.1_860 (length 365)
prokka_output/45709_F01_Reference/45709_F01_Reference:NZ_LS483405.1_861 (length 333)
prokka_output/45709_F01_Reference/45709_F01_Reference:NZ_LS483405.1_862 (length 275)
prokka_output/45709_F01_Reference/45709_F01_Reference:NZ_LS483405.1_863 (length 246)
prokka_output/45709_F01_Reference/45709_F01_Reference:NZ_LS483405.1_864 (length 492)
prokka_output/45709_F01_Reference/45709_F01_Reference:NZ_LS483405.1_865 (length 245)
prokka_output/45709_F01_Reference/45709_F01_Reference:NZ_LS483405.1_866 (length 321)
prokka_output/45709_F01_Reference/45709_F01_Reference:NZ_LS483405.1_867 (length 317)
prokka_output/45709_F01_Reference/45709_F01_Reference:NZ_LS483405.1_868 (length 103)
prokka_output/45709_F01_Reference/45709_F01_Reference:NZ_LS483405.1_869 (length 149)
prokka_output/45709_F01_Reference/45709_F01_Reference:NZ_LS483405.1_870 (length 70)
prokka_output/45709_F01_Reference/45709_F01_Reference:NZ_LS483405.1_871 (length 140)
prokka_output/45709_F01_Reference/45709_F01_Reference:NZ_LS483405.1_872 (length 64)
prokka_output/45709_F01_Reference/45709_F01_Reference:NZ_LS483405.1_873 (length 340)
prokka_output/45709_F01_Reference/45709_F01_Reference:NZ_LS483405.1_874 (length 396)
prokka_output/45709_F01_Reference/45709_F01_Reference:NZ_LS483405.1_875 (length 467)
prokka_output/45709_F01_Reference/45709_F01_Reference:NZ_LS483405.1_876 (length 282)
prokka_output/45709_F01_Reference/45709_F01_Reference:NZ_LS483405.1_877 (length 202)
prokka_output/45709_F01_Reference/45709_F01_Reference:NZ_LS483405.1_878 (length 460)
prokka_output/45709_F01_Reference/45709_F01_Reference:NZ_LS483405.1_879 (length 220)
prokka_output/45709_F01_Reference/45709_F01_Reference:NZ_LS483405.1_880 (length 264)
prokka_output/45709_F01_Reference/45709_F01_Reference:NZ_LS483405.1_881 (length 209)
prokka_output/45709_F01_Reference/45709_F01_Reference:NZ_LS483405.1_882 (length 213)
prokka_output/45709_F01_Reference/45709_F01_Reference:NZ_LS483405.1_883 (length 741)
prokka_output/45709_F01_Reference/45709_F01_Reference:NZ_LS483405.1_884 (length 617)
prokka_output/45709_F01_Reference/45709_F01_Reference:NZ_LS483405.1_885 (length 468)
prokka_output/45709_F01_Reference/45709_F01_Reference:NZ_LS483405.1_886 (length 264)
prokka_output/45709_F01_Reference/45709_F01_Reference:NZ_LS483405.1_887 (length 279)
prokka_output/45709_F01_Reference/45709_F01_Reference:NZ_LS483405.1_888 (length 285)
prokka_output/45709_F01_Reference/45709_F01_Reference:NZ_LS483405.1_889 (length 117)
prokka_output/45709_F01_Reference/45709_F01_Reference:NZ_LS483405.1_890 (length 221)
prokka_output/45709_F01_Reference/45709_F01_Reference:NZ_LS483405.1_891 (length 169)
prokka_output/45709_F01_Reference/45709_F01_Reference:NZ_LS483405.1_892 (length 197)
prokka_output/45709_F01_Reference/45709_F01_Reference:NZ_LS483405.1_893 (length 129)
prokka_output/45709_F01_Reference/45709_F01_Reference:NZ_LS483405.1_894 (length 400)
prokka_output/45709_F01_Reference/45709_F01_Reference:NZ_LS483405.1_895 (length 167)
prokka_output/45709_F01_Reference/45709_F01_Reference:NZ_LS483405.1_896 (length 246)
prokka_output/45709_F01_Reference/45709_F01_Reference:NZ_LS483405.1_897 (length 92)
prokka_output/45709_F01_Reference/45709_F01_Reference:NZ_LS483405.1_898 (length 240)
prokka_output/45709_F01_Reference/45709_F01_Reference:NZ_LS483405.1_899 (length 271)
prokka_output/45709_F01_Reference/45709_F01_Reference:NZ_LS483405.1_900 (length 169)
prokka_output/45709_F01_Reference/45709_F01_Reference:NZ_LS483405.1_901 (length 440)
prokka_output/45709_F01_Reference/45709_F01_Reference:NZ_LS483405.1_902 (length 64)
prokka_output/45709_F01_Reference/45709_F01_Reference:NZ_LS483405.1_903 (length 188)
prokka_output/45709_F01_Reference/45709_F01_Reference:NZ_LS483405.1_904 (length 213)
prokka_output/45709_F01_Reference/45709_F01_Reference:NZ_LS483405.1_905 (length 809)
prokka_output/45709_F01_Reference/45709_F01_Reference:NZ_LS483405.1_906 (length 251)
prokka_output/45709_F01_Reference/45709_F01_Reference:NZ_LS483405.1_907 (length 224)
prokka_output/45709_F01_Reference/45709_F01_Reference:NZ_LS483405.1_908 (length 254)
prokka_output/45709_F01_Reference/45709_F01_Reference:NZ_LS483405.1_909 (length 106)
prokka_output/45709_F01_Reference/45709_F01_Reference:NZ_LS483405.1_910 (length 544)
prokka_output/45709_F01_Reference/45709_F01_Reference:NZ_LS483405.1_911 (length 229)
prokka_output/45709_F01_Reference/45709_F01_Reference:NZ_LS483405.1_912 (length 277)
prokka_output/45709_F01_Reference/45709_F01_Reference:NZ_LS483405.1_913 (length 466)
prokka_output/45709_F01_Reference/45709_F01_Reference:NZ_LS483405.1_914 (length 168)
prokka_output/45709_F01_Reference/45709_F01_Reference:NZ_LS483405.1_915 (length 51)
prokka_output/45709_F01_Reference/45709_F01_Reference:NZ_LS483405.1_916 (length 313)
prokka_output/45709_F01_Reference/45709_F01_Reference:NZ_LS483405.1_917 (length 452)
prokka_output/45709_F01_Reference/45709_F01_Reference:NZ_LS483405.1_918 (length 108)
prokka_output/45709_F01_Reference/45709_F01_Reference:NZ_LS483405.1_919 (length 110)
prokka_output/45709_F01_Reference/45709_F01_Reference:NZ_LS483405.1_920 (length 212)
prokka_output/45709_F01_Reference/45709_F01_Reference:NZ_LS483405.1_921 (length 965)
prokka_output/45709_F01_Reference/45709_F01_Reference:NZ_LS483405.1_922 (length 443)
prokka_output/45709_F01_Reference/45709_F01_Reference:NZ_LS483405.1_923 (length 242)
prokka_output/45709_F01_Reference/45709_F01_Reference:NZ_LS483405.1_924 (length 234)
prokka_output/45709_F01_Reference/45709_F01_Reference:NZ_LS483405.1_925 (length 449)
prokka_output/45709_F01_Reference/45709_F01_Reference:NZ_LS483405.1_926 (length 448)
prokka_output/45709_F01_Reference/45709_F01_Reference:NZ_LS483405.1_927 (length 886)
prokka_output/45709_F01_Reference/45709_F01_Reference:NZ_LS483405.1_928 (length 286)
prokka_output/45709_F01_Reference/45709_F01_Reference:NZ_LS483405.1_929 (length 209)
prokka_output/45709_F01_Reference/45709_F01_Reference:NZ_LS483405.1_930 (length 166)
prokka_output/45709_F01_Reference/45709_F01_Reference:NZ_LS483405.1_931 (length 456)
prokka_output/45709_F01_Reference/45709_F01_Reference:NZ_LS483405.1_932 (length 308)
prokka_output/45709_F01_Reference/45709_F01_Reference:NZ_LS483405.1_933 (length 647)
prokka_output/45709_F01_Reference/45709_F01_Reference:NZ_LS483405.1_934 (length 187)
prokka_output/45709_F01_Reference/45709_F01_Reference:NZ_LS483405.1_935 (length 64)
prokka_output/45709_F01_Reference/45709_F01_Reference:NZ_LS483405.1_936 (length 119)
prokka_output/45709_F01_Reference/45709_F01_Reference:NZ_LS483405.1_937 (length 523)
prokka_output/45709_F01_Reference/45709_F01_Reference:NZ_LS483405.1_938 (length 180)
prokka_output/45709_F01_Reference/45709_F01_Reference:NZ_LS483405.1_939 (length 380)
prokka_output/45709_F01_Reference/45709_F01_Reference:NZ_LS483405.1_940 (length 102)
prokka_output/45709_F01_Reference/45709_F01_Reference:NZ_LS483405.1_941 (length 210)
prokka_output/45709_F01_Reference/45709_F01_Reference:NZ_LS483405.1_942 (length 197)
prokka_output/45709_F01_Reference/45709_F01_Reference:NZ_LS483405.1_943 (length 118)
prokka_output/45709_F01_Reference/45709_F01_Reference:NZ_LS483405.1_944 (length 247)
prokka_output/45709_F01_Reference/45709_F01_Reference:NZ_LS483405.1_945 (length 382)
prokka_output/45709_F01_Reference/45709_F01_Reference:NZ_LS483405.1_946 (length 184)
prokka_output/45709_F01_Reference/45709_F01_Reference:NZ_LS483405.1_947 (length 62)
prokka_output/45709_F01_Reference/45709_F01_Reference:NZ_LS483405.1_948 (length 271)
prokka_output/45709_F01_Reference/45709_F01_Reference:NZ_LS483405.1_949 (length 104)
prokka_output/45709_F01_Reference/45709_F01_Reference:NZ_LS483405.1_950 (length 217)
prokka_output/45709_F01_Reference/45709_F01_Reference:NZ_LS483405.1_951 (length 338)
prokka_output/45709_F01_Reference/45709_F01_Reference:NZ_LS483405.1_952 (length 228)
prokka_output/45709_F01_Reference/45709_F01_Reference:NZ_LS483405.1_953 (length 536)
prokka_output/45709_F01_Reference/45709_F01_Reference:NZ_LS483405.1_954 (length 134)
prokka_output/45709_F01_Reference/45709_F01_Reference:NZ_LS483405.1_955 (length 300)
prokka_output/45709_F01_Reference/45709_F01_Reference:NZ_LS483405.1_956 (length 90)
prokka_output/45709_F01_Reference/45709_F01_Reference:NZ_LS483405.1_957 (length 256)
prokka_output/45709_F01_Reference/45709_F01_Reference:NZ_LS483405.1_958 (length 165)
prokka_output/45709_F01_Reference/45709_F01_Reference:NZ_LS483405.1_959 (length 124)
prokka_output/45709_F01_Reference/45709_F01_Reference:NZ_LS483405.1_960 (length 348)
prokka_output/45709_F01_Reference/45709_F01_Reference:NZ_LS483405.1_961 (length 802)
prokka_output/45709_F01_Reference/45709_F01_Reference:NZ_LS483405.1_962 (length 378)
prokka_output/45709_F01_Reference/45709_F01_Reference:NZ_LS483405.1_963 (length 224)
prokka_output/45709_F01_Reference/45709_F01_Reference:NZ_LS483405.1_964 (length 157)
prokka_output/45709_F01_Reference/45709_F01_Reference:NZ_LS483405.1_965 (length 102)
prokka_output/45709_F01_Reference/45709_F01_Reference:NZ_LS483405.1_966 (length 876)
prokka_output/45709_F01_Reference/45709_F01_Reference:NZ_LS483405.1_967 (length 69)
prokka_output/45709_F01_Reference/45709_F01_Reference:NZ_LS483405.1_968 (length 704)
prokka_output/45709_F01_Reference/45709_F01_Reference:NZ_LS483405.1_969 (length 49)
prokka_output/45709_F01_Reference/45709_F01_Reference:NZ_LS483405.1_970 (length 182)
prokka_output/45709_F01_Reference/45709_F01_Reference:NZ_LS483405.1_971 (length 226)
prokka_output/45709_F01_Reference/45709_F01_Reference:NZ_LS483405.1_972 (length 76)
prokka_output/45709_F01_Reference/45709_F01_Reference:NZ_LS483405.1_973 (length 323)
prokka_output/45709_F01_Reference/45709_F01_Reference:NZ_LS483405.1_974 (length 138)
prokka_output/45709_F01_Reference/45709_F01_Reference:NZ_LS483405.1_975 (length 58)
prokka_output/45709_F01_Reference/45709_F01_Reference:NZ_LS483405.1_976 (length 251)
prokka_output/45709_F01_Reference/45709_F01_Reference:NZ_LS483405.1_977 (length 307)
prokka_output/45709_F01_Reference/45709_F01_Reference:NZ_LS483405.1_978 (length 128)
prokka_output/45709_F01_Reference/45709_F01_Reference:NZ_LS483405.1_979 (length 446)
prokka_output/45709_F01_Reference/45709_F01_Reference:NZ_LS483405.1_980 (length 290)
prokka_output/45709_F01_Reference/45709_F01_Reference:NZ_LS483405.1_981 (length 313)
prokka_output/45709_F01_Reference/45709_F01_Reference:NZ_LS483405.1_982 (length 180)
prokka_output/45709_F01_Reference/45709_F01_Reference:NZ_LS483405.1_983 (length 175)
prokka_output/45709_F01_Reference/45709_F01_Reference:NZ_LS483405.1_984 (length 102)
prokka_output/45709_F01_Reference/45709_F01_Reference:NZ_LS483405.1_985 (length 112)
prokka_output/45709_F01_Reference/45709_F01_Reference:NZ_LS483405.1_986 (length 99)
prokka_output/45709_F01_Reference/45709_F01_Reference:NZ_LS483405.1_987 (length 354)
prokka_output/45709_F01_Reference/45709_F01_Reference:NZ_LS483405.1_988 (length 186)
prokka_output/45709_F01_Reference/45709_F01_Reference:NZ_LS483405.1_989 (length 146)
prokka_output/45709_F01_Reference/45709_F01_Reference:NZ_LS483405.1_990 (length 142)
prokka_output/45709_F01_Reference/45709_F01_Reference:NZ_LS483405.1_991 (length 288)
prokka_output/45709_F01_Reference/45709_F01_Reference:NZ_LS483405.1_992 (length 451)
prokka_output/45709_F01_Reference/45709_F01_Reference:NZ_LS483405.1_993 (length 81)
prokka_output/45709_F01_Reference/45709_F01_Reference:NZ_LS483405.1_994 (length 300)
prokka_output/45709_F01_Reference/45709_F01_Reference:NZ_LS483405.1_995 (length 271)
prokka_output/45709_F01_Reference/45709_F01_Reference:NZ_LS483405.1_996 (length 151)
prokka_output/45709_F01_Reference/45709_F01_Reference:NZ_LS483405.1_997 (length 566)
prokka_output/45709_F01_Reference/45709_F01_Reference:NZ_LS483405.1_998 (length 690)
prokka_output/45709_F01_Reference/45709_F01_Reference:NZ_LS483405.1_999 (length 153)
prokka_output/45709_F01_Reference/45709_F01_Reference:NZ_LS483405.1_1000 (length 107)
prokka_output/45709_F01_Reference/45709_F01_Reference:NZ_LS483405.1_1001 (length 204)
prokka_output/45709_F01_Reference/45709_F01_Reference:NZ_LS483405.1_1002 (length 71)
prokka_output/45709_F01_Reference/45709_F01_Reference:NZ_LS483405.1_1003 (length 403)
prokka_output/45709_F01_Reference/45709_F01_Reference:NZ_LS483405.1_1004 (length 805)
prokka_output/45709_F01_Reference/45709_F01_Reference:NZ_LS483405.1_1005 (length 314)
prokka_output/45709_F01_Reference/45709_F01_Reference:NZ_LS483405.1_1006 (length 447)
prokka_output/45709_F01_Reference/45709_F01_Reference:NZ_LS483405.1_1007 (length 248)
prokka_output/45709_F01_Reference/45709_F01_Reference:NZ_LS483405.1_1008 (length 669)
prokka_output/45709_F01_Reference/45709_F01_Reference:NZ_LS483405.1_1009 (length 298)
prokka_output/45709_F01_Reference/45709_F01_Reference:NZ_LS483405.1_1010 (length 217)
prokka_output/45709_F01_Reference/45709_F01_Reference:NZ_LS483405.1_1011 (length 224)
prokka_output/45709_F01_Reference/45709_F01_Reference:NZ_LS483405.1_1012 (length 61)
prokka_output/45709_F01_Reference/45709_F01_Reference:NZ_LS483405.1_1013 (length 120)
prokka_output/45709_F01_Reference/45709_F01_Reference:NZ_LS483405.1_1014 (length 565)
prokka_output/45709_F01_Reference/45709_F01_Reference:NZ_LS483405.1_1015 (length 677)
prokka_output/45709_F01_Reference/45709_F01_Reference:NZ_LS483405.1_1016 (length 345)
prokka_output/45709_F01_Reference/45709_F01_Reference:NZ_LS483405.1_1017 (length 83)
prokka_output/45709_F01_Reference/45709_F01_Reference:NZ_LS483405.1_1018 (length 229)
prokka_output/45709_F01_Reference/45709_F01_Reference:NZ_LS483405.1_1019 (length 1183)
prokka_output/45709_F01_Reference/45709_F01_Reference:NZ_LS483405.1_1020 (length 487)
prokka_output/45709_F01_Reference/45709_F01_Reference:NZ_LS483405.1_1021 (length 113)
prokka_output/45709_F01_Reference/45709_F01_Reference:NZ_LS483405.1_1022 (length 482)
prokka_output/45709_F01_Reference/45709_F01_Reference:NZ_LS483405.1_1023 (length 882)
prokka_output/45709_F01_Reference/45709_F01_Reference:NZ_LS483405.1_1024 (length 390)
prokka_output/45709_F01_Reference/45709_F01_Reference:NZ_LS483405.1_1025 (length 437)
prokka_output/45709_F01_Reference/45709_F01_Reference:NZ_LS483405.1_1026 (length 97)
prokka_output/45709_F01_Reference/45709_F01_Reference:NZ_LS483405.1_1027 (length 91)
prokka_output/45709_F01_Reference/45709_F01_Reference:NZ_LS483405.1_1028 (length 86)
prokka_output/45709_F01_Reference/45709_F01_Reference:NZ_LS483405.1_1029 (length 172)
prokka_output/45709_F01_Reference/45709_F01_Reference:NZ_LS483405.1_1030 (length 254)
prokka_output/45709_F01_Reference/45709_F01_Reference:NZ_LS483405.1_1031 (length 118)
prokka_output/45709_F01_Reference/45709_F01_Reference:NZ_LS483405.1_1032 (length 530)
prokka_output/45709_F01_Reference/45709_F01_Reference:NZ_LS483405.1_1033 (length 148)
prokka_output/45709_F01_Reference/45709_F01_Reference:NZ_LS483405.1_1034 (length 155)
prokka_output/45709_F01_Reference/45709_F01_Reference:NZ_LS483405.1_1035 (length 327)
prokka_output/45709_F01_Reference/45709_F01_Reference:NZ_LS483405.1_1036 (length 82)
prokka_output/45709_F01_Reference/45709_F01_Reference:NZ_LS483405.1_1037 (length 304)
prokka_output/45709_F01_Reference/45709_F01_Reference:NZ_LS483405.1_1038 (length 241)
prokka_output/45709_F01_Reference/45709_F01_Reference:NZ_LS483405.1_1039 (length 408)
prokka_output/45709_F01_Reference/45709_F01_Reference:NZ_LS483405.1_1040 (length 141)
prokka_output/45709_F01_Reference/45709_F01_Reference:NZ_LS483405.1_1041 (length 136)
prokka_output/45709_F01_Reference/45709_F01_Reference:NZ_LS483405.1_1042 (length 473)
prokka_output/45709_F01_Reference/45709_F01_Reference:NZ_LS483405.1_1043 (length 277)
prokka_output/45709_F01_Reference/45709_F01_Reference:NZ_LS483405.1_1044 (length 255)
prokka_output/45709_F01_Reference/45709_F01_Reference:NZ_LS483405.1_1045 (length 252)
prokka_output/45709_F01_Reference/45709_F01_Reference:NZ_LS483405.1_1046 (length 263)
prokka_output/45709_F01_Reference/45709_F01_Reference:NZ_LS483405.1_1047 (length 173)
prokka_output/45709_F01_Reference/45709_F01_Reference:NZ_LS483405.1_1048 (length 106)
prokka_output/45709_F01_Reference/45709_F01_Reference:NZ_LS483405.1_1049 (length 171)
prokka_output/45709_F01_Reference/45709_F01_Reference:NZ_LS483405.1_1050 (length 278)
prokka_output/45709_F01_Reference/45709_F01_Reference:NZ_LS483405.1_1051 (length 134)
prokka_output/45709_F01_Reference/45709_F01_Reference:NZ_LS483405.1_1052 (length 161)
prokka_output/45709_F01_Reference/45709_F01_Reference:NZ_LS483405.1_1053 (length 477)
prokka_output/45709_F01_Reference/45709_F01_Reference:NZ_LS483405.1_1054 (length 197)
prokka_output/45709_F01_Reference/45709_F01_Reference:NZ_LS483405.1_1055 (length 148)
prokka_output/45709_F01_Reference/45709_F01_Reference:NZ_LS483405.1_1056 (length 148)
prokka_output/45709_F01_Reference/45709_F01_Reference:NZ_LS483405.1_1057 (length 150)
prokka_output/45709_F01_Reference/45709_F01_Reference:NZ_LS483405.1_1058 (length 479)
prokka_output/45709_F01_Reference/45709_F01_Reference:NZ_LS483405.1_1059 (length 103)
prokka_output/45709_F01_Reference/45709_F01_Reference:NZ_LS483405.1_1060 (length 594)
prokka_output/45709_F01_Reference/45709_F01_Reference:NZ_LS483405.1_1061 (length 320)
prokka_output/45709_F01_Reference/45709_F01_Reference:NZ_LS483405.1_1062 (length 76)
prokka_output/45709_F01_Reference/45709_F01_Reference:NZ_LS483405.1_1063 (length 38)
prokka_output/45709_F01_Reference/45709_F01_Reference:NZ_LS483405.1_1064 (length 196)
prokka_output/45709_F01_Reference/45709_F01_Reference:NZ_LS483405.1_1065 (length 117)
prokka_output/45709_F01_Reference/45709_F01_Reference:NZ_LS483405.1_1066 (length 362)
prokka_output/45709_F01_Reference/45709_F01_Reference:NZ_LS483405.1_1067 (length 298)
prokka_output/45709_F01_Reference/45709_F01_Reference:NZ_LS483405.1_1068 (length 340)
prokka_output/45709_F01_Reference/45709_F01_Reference:NZ_LS483405.1_1069 (length 216)
prokka_output/45709_F01_Reference/45709_F01_Reference:NZ_LS483405.1_1070 (length 161)
prokka_output/45709_F01_Reference/45709_F01_Reference:NZ_LS483405.1_1071 (length 488)
prokka_output/45709_F01_Reference/45709_F01_Reference:NZ_LS483405.1_1072 (length 181)
prokka_output/45709_F01_Reference/45709_F01_Reference:NZ_LS483405.1_1073 (length 140)
prokka_output/45709_F01_Reference/45709_F01_Reference:NZ_LS483405.1_1074 (length 420)
prokka_output/45709_F01_Reference/45709_F01_Reference:NZ_LS483405.1_1075 (length 198)
prokka_output/45709_F01_Reference/45709_F01_Reference:NZ_LS483405.1_1076 (length 274)
prokka_output/45709_F01_Reference/45709_F01_Reference:NZ_LS483405.1_1077 (length 502)
prokka_output/45709_F01_Reference/45709_F01_Reference:NZ_LS483405.1_1078 (length 471)
prokka_output/45709_F01_Reference/45709_F01_Reference:NZ_LS483405.1_1079 (length 297)
prokka_output/45709_F01_Reference/45709_F01_Reference:NZ_LS483405.1_1080 (length 62)
prokka_output/45709_F01_Reference/45709_F01_Reference:NZ_LS483405.1_1081 (length 500)
prokka_output/45709_F01_Reference/45709_F01_Reference:NZ_LS483405.1_1082 (length 191)
prokka_output/45709_F01_Reference/45709_F01_Reference:NZ_LS483405.1_1083 (length 67)
prokka_output/45709_F01_Reference/45709_F01_Reference:NZ_LS483405.1_1084 (length 406)
prokka_output/45709_F01_Reference/45709_F01_Reference:NZ_LS483405.1_1085 (length 199)
prokka_output/45709_F01_Reference/45709_F01_Reference:NZ_LS483405.1_1086 (length 453)
prokka_output/45709_F01_Reference/45709_F01_Reference:NZ_LS483405.1_1087 (length 142)
prokka_output/45709_F01_Reference/45709_F01_Reference:NZ_LS483405.1_1088 (length 528)
prokka_output/45709_F01_Reference/45709_F01_Reference:NZ_LS483405.1_1089 (length 667)
prokka_output/45709_F01_Reference/45709_F01_Reference:NZ_LS483405.1_1090 (length 194)
prokka_output/45709_F01_Reference/45709_F01_Reference:NZ_LS483405.1_1091 (length 132)
prokka_output/45709_F01_Reference/45709_F01_Reference:NZ_LS483405.1_1092 (length 83)
prokka_output/45709_F01_Reference/45709_F01_Reference:NZ_LS483405.1_1093 (length 86)
prokka_output/45709_F01_Reference/45709_F01_Reference:NZ_LS483405.1_1094 (length 226)
prokka_output/45709_F01_Reference/45709_F01_Reference:NZ_LS483405.1_1095 (length 85)
prokka_output/45709_F01_Reference/45709_F01_Reference:NZ_LS483405.1_1096 (length 241)
prokka_output/45709_F01_Reference/45709_F01_Reference:NZ_LS483405.1_1097 (length 392)
prokka_output/45709_F01_Reference/45709_F01_Reference:NZ_LS483405.1_1098 (length 212)
prokka_output/45709_F01_Reference/45709_F01_Reference:NZ_LS483405.1_1099 (length 367)
prokka_output/45709_F01_Reference/45709_F01_Reference:NZ_LS483405.1_1100 (length 117)
prokka_output/45709_F01_Reference/45709_F01_Reference:NZ_LS483405.1_1101 (length 658)
prokka_output/45709_F01_Reference/45709_F01_Reference:NZ_LS483405.1_1102 (length 375)
prokka_output/45709_F01_Reference/45709_F01_Reference:NZ_LS483405.1_1103 (length 675)
prokka_output/45709_F01_Reference/45709_F01_Reference:NZ_LS483405.1_1104 (length 319)
prokka_output/45709_F01_Reference/45709_F01_Reference:NZ_LS483405.1_1105 (length 339)
prokka_output/45709_F01_Reference/45709_F01_Reference:NZ_LS483405.1_1106 (length 148)
prokka_output/45709_F01_Reference/45709_F01_Reference:NZ_LS483405.1_1107 (length 142)
prokka_output/45709_F01_Reference/45709_F01_Reference:NZ_LS483405.1_1108 (length 100)
prokka_output/45709_F01_Reference/45709_F01_Reference:NZ_LS483405.1_1109 (length 347)
prokka_output/45709_F01_Reference/45709_F01_Reference:NZ_LS483405.1_1110 (length 290)
prokka_output/45709_F01_Reference/45709_F01_Reference:NZ_LS483405.1_1111 (length 291)
prokka_output/45709_F01_Reference/45709_F01_Reference:NZ_LS483405.1_1112 (length 287)
prokka_output/45709_F01_Reference/45709_F01_Reference:NZ_LS483405.1_1113 (length 154)
prokka_output/45709_F01_Reference/45709_F01_Reference:NZ_LS483405.1_1114 (length 386)
prokka_output/45709_F01_Reference/45709_F01_Reference:NZ_LS483405.1_1115 (length 270)
prokka_output/45709_F01_Reference/45709_F01_Reference:NZ_LS483405.1_1116 (length 453)
prokka_output/45709_F01_Reference/45709_F01_Reference:NZ_LS483405.1_1117 (length 345)
prokka_output/45709_F01_Reference/45709_F01_Reference:NZ_LS483405.1_1118 (length 357)
prokka_output/45709_F01_Reference/45709_F01_Reference:NZ_LS483405.1_1119 (length 324)
prokka_output/45709_F01_Reference/45709_F01_Reference:NZ_LS483405.1_1120 (length 315)
prokka_output/45709_F01_Reference/45709_F01_Reference:NZ_LS483405.1_1121 (length 946)
prokka_output/45709_F01_Reference/45709_F01_Reference:NZ_LS483405.1_1122 (length 167)
prokka_output/45709_F01_Reference/45709_F01_Reference:NZ_LS483405.1_1123 (length 393)
prokka_output/45709_F01_Reference/45709_F01_Reference:NZ_LS483405.1_1124 (length 231)
prokka_output/45709_F01_Reference/45709_F01_Reference:NZ_LS483405.1_1125 (length 47)
prokka_output/45709_F01_Reference/45709_F01_Reference:NZ_LS483405.1_1126 (length 130)
prokka_output/45709_F01_Reference/45709_F01_Reference:NZ_LS483405.1_1127 (length 41)
prokka_output/45709_F01_Reference/45709_F01_Reference:NZ_LS483405.1_1128 (length 247)
prokka_output/45709_F01_Reference/45709_F01_Reference:NZ_LS483405.1_1129 (length 768)
prokka_output/45709_F01_Reference/45709_F01_Reference:NZ_LS483405.1_1130 (length 201)
prokka_output/45709_F01_Reference/45709_F01_Reference:NZ_LS483405.1_1131 (length 189)
prokka_output/45709_F01_Reference/45709_F01_Reference:NZ_LS483405.1_1132 (length 117)
prokka_output/45709_F01_Reference/45709_F01_Reference:NZ_LS483405.1_1133 (length 41)
prokka_output/45709_F01_Reference/45709_F01_Reference:NZ_LS483405.1_1134 (length 380)
prokka_output/45709_F01_Reference/45709_F01_Reference:NZ_LS483405.1_1135 (length 107)
prokka_output/45709_F01_Reference/45709_F01_Reference:NZ_LS483405.1_1136 (length 449)
prokka_output/45709_F01_Reference/45709_F01_Reference:NZ_LS483405.1_1137 (length 66)
prokka_output/45709_F01_Reference/45709_F01_Reference:NZ_LS483405.1_1138 (length 288)
prokka_output/45709_F01_Reference/45709_F01_Reference:NZ_LS483405.1_1139 (length 182)
prokka_output/45709_F01_Reference/45709_F01_Reference:NZ_LS483405.1_1140 (length 100)
prokka_output/45709_F01_Reference/45709_F01_Reference:NZ_LS483405.1_1141 (length 282)
prokka_output/45709_F01_Reference/45709_F01_Reference:NZ_LS483405.1_1142 (length 180)
prokka_output/45709_F01_Reference/45709_F01_Reference:NZ_LS483405.1_1143 (length 116)
prokka_output/45709_F01_Reference/45709_F01_Reference:NZ_LS483405.1_1144 (length 223)
prokka_output/45709_F01_Reference/45709_F01_Reference:NZ_LS483405.1_1145 (length 174)
prokka_output/45709_F01_Reference/45709_F01_Reference:NZ_LS483405.1_1146 (length 200)
prokka_output/45709_F01_Reference/45709_F01_Reference:NZ_LS483405.1_1147 (length 374)
prokka_output/45709_F01_Reference/45709_F01_Reference:NZ_LS483405.1_1148 (length 134)
prokka_output/45709_F01_Reference/45709_F01_Reference:NZ_LS483405.1_1149 (length 114)
prokka_output/45709_F01_Reference/45709_F01_Reference:NZ_LS483405.1_1150 (length 551)
prokka_output/45709_F01_Reference/45709_F01_Reference:NZ_LS483405.1_1151 (length 154)
prokka_output/45709_F01_Reference/45709_F01_Reference:NZ_LS483405.1_1152 (length 307)
prokka_output/45709_F01_Reference/45709_F01_Reference:NZ_LS483405.1_1153 (length 177)
prokka_output/45709_F01_Reference/45709_F01_Reference:NZ_LS483405.1_1154 (length 358)
prokka_output/45709_F01_Reference/45709_F01_Reference:NZ_LS483405.1_1155 (length 858)
prokka_output/45709_F01_Reference/45709_F01_Reference:NZ_LS483405.1_1156 (length 568)
prokka_output/45709_F01_Reference/45709_F01_Reference:NZ_LS483405.1_1157 (length 142)
prokka_output/45709_F01_Reference/45709_F01_Reference:NZ_LS483405.1_1158 (length 337)
prokka_output/45709_F01_Reference/45709_F01_Reference:NZ_LS483405.1_1159 (length 415)
prokka_output/45709_F01_Reference/45709_F01_Reference:NZ_LS483405.1_1160 (length 288)
prokka_output/45709_F01_Reference/45709_F01_Reference:NZ_LS483405.1_1161 (length 177)
prokka_output/45709_F01_Reference/45709_F01_Reference:NZ_LS483405.1_1162 (length 145)
prokka_output/45709_F01_Reference/45709_F01_Reference:NZ_LS483405.1_1163 (length 169)
prokka_output/45709_F01_Reference/45709_F01_Reference:NZ_LS483405.1_1164 (length 168)
prokka_output/45709_F01_Reference/45709_F01_Reference:NZ_LS483405.1_1165 (length 216)
prokka_output/45709_F01_Reference/45709_F01_Reference:NZ_LS483405.1_1166 (length 267)
prokka_output/45709_F01_Reference/45709_F01_Reference:NZ_LS483405.1_1167 (length 314)
prokka_output/45709_F01_Reference/45709_F01_Reference:NZ_LS483405.1_1168 (length 315)
prokka_output/45709_F01_Reference/45709_F01_Reference:NZ_LS483405.1_1169 (length 172)
prokka_output/45709_F01_Reference/45709_F01_Reference:NZ_LS483405.1_1170 (length 245)
prokka_output/45709_F01_Reference/45709_F01_Reference:NZ_LS483405.1_1171 (length 245)
prokka_output/45709_F01_Reference/45709_F01_Reference:NZ_LS483405.1_1172 (length 181)
prokka_output/45709_F01_Reference/45709_F01_Reference:NZ_LS483405.1_1173 (length 189)
prokka_output/45709_F01_Reference/45709_F01_Reference:NZ_LS483405.1_1174 (length 236)
prokka_output/45709_F01_Reference/45709_F01_Reference:NZ_LS483405.1_1175 (length 270)
prokka_output/45709_F01_Reference/45709_F01_Reference:NZ_LS483405.1_1176 (length 322)
prokka_output/45709_F01_Reference/45709_F01_Reference:NZ_LS483405.1_1177 (length 72)
prokka_output/45709_F01_Reference/45709_F01_Reference:NZ_LS483405.1_1178 (length 245)
prokka_output/45709_F01_Reference/45709_F01_Reference:NZ_LS483405.1_1179 (length 310)
prokka_output/45709_F01_Reference/45709_F01_Reference:NZ_LS483405.1_1180 (length 301)
prokka_output/45709_F01_Reference/45709_F01_Reference:NZ_LS483405.1_1181 (length 247)
prokka_output/45709_F01_Reference/45709_F01_Reference:NZ_LS483405.1_1182 (length 212)
prokka_output/45709_F01_Reference/45709_F01_Reference:NZ_LS483405.1_1183 (length 163)
prokka_output/45709_F01_Reference/45709_F01_Reference:NZ_LS483405.1_1184 (length 144)
prokka_output/45709_F01_Reference/45709_F01_Reference:NZ_LS483405.1_1185 (length 424)
prokka_output/45709_F01_Reference/45709_F01_Reference:NZ_LS483405.1_1186 (length 184)
prokka_output/45709_F01_Reference/45709_F01_Reference:NZ_LS483405.1_1187 (length 354)
prokka_output/45709_F01_Reference/45709_F01_Reference:NZ_LS483405.1_1188 (length 146)
prokka_output/45709_F01_Reference/45709_F01_Reference:NZ_LS483405.1_1189 (length 177)
prokka_output/45709_F01_Reference/45709_F01_Reference:NZ_LS483405.1_1190 (length 147)
prokka_output/45709_F01_Reference/45709_F01_Reference:NZ_LS483405.1_1191 (length 191)
prokka_output/45709_F01_Reference/45709_F01_Reference:NZ_LS483405.1_1192 (length 309)
prokka_output/45709_F01_Reference/45709_F01_Reference:NZ_LS483405.1_1193 (length 321)
prokka_output/45709_F01_Reference/45709_F01_Reference:NZ_LS483405.1_1194 (length 815)
prokka_output/45709_F01_Reference/45709_F01_Reference:NZ_LS483405.1_1195 (length 655)
prokka_output/45709_F01_Reference/45709_F01_Reference:NZ_LS483405.1_1196 (length 207)
prokka_output/45709_F01_Reference/45709_F01_Reference:NZ_LS483405.1_1197 (length 290)
prokka_output/45709_F01_Reference/45709_F01_Reference:NZ_LS483405.1_1198 (length 476)
prokka_output/45709_F01_Reference/45709_F01_Reference:NZ_LS483405.1_1199 (length 180)
prokka_output/45709_F01_Reference/45709_F01_Reference:NZ_LS483405.1_1200 (length 311)
prokka_output/45709_F01_Reference/45709_F01_Reference:NZ_LS483405.1_1201 (length 703)
prokka_output/45709_F01_Reference/45709_F01_Reference:NZ_LS483405.1_1202 (length 296)
prokka_output/45709_F01_Reference/45709_F01_Reference:NZ_LS483405.1_1203 (length 267)
prokka_output/45709_F01_Reference/45709_F01_Reference:NZ_LS483405.1_1204 (length 286)
prokka_output/45709_F01_Reference/45709_F01_Reference:NZ_LS483405.1_1205 (length 76)
prokka_output/45709_F01_Reference/45709_F01_Reference:NZ_LS483405.1_1206 (length 118)
prokka_output/45709_F01_Reference/45709_F01_Reference:NZ_LS483405.1_1207 (length 231)
prokka_output/45709_F01_Reference/45709_F01_Reference:NZ_LS483405.1_1208 (length 306)
prokka_output/45709_F01_Reference/45709_F01_Reference:NZ_LS483405.1_1209 (length 502)
prokka_output/45709_F01_Reference/45709_F01_Reference:NZ_LS483405.1_1210 (length 338)
prokka_output/45709_F01_Reference/45709_F01_Reference:NZ_LS483405.1_1211 (length 455)
prokka_output/45709_F01_Reference/45709_F01_Reference:NZ_LS483405.1_1212 (length 73)
prokka_output/45709_F01_Reference/45709_F01_Reference:NZ_LS483405.1_1213 (length 199)
prokka_output/45709_F01_Reference/45709_F01_Reference:NZ_LS483405.1_1214 (length 306)
prokka_output/45709_F01_Reference/45709_F01_Reference:NZ_LS483405.1_1215 (length 283)
prokka_output/45709_F01_Reference/45709_F01_Reference:NZ_LS483405.1_1216 (length 213)
prokka_output/45709_F01_Reference/45709_F01_Reference:NZ_LS483405.1_1217 (length 163)
prokka_output/45709_F01_Reference/45709_F01_Reference:NZ_LS483405.1_1218 (length 316)
prokka_output/45709_F01_Reference/45709_F01_Reference:NZ_LS483405.1_1219 (length 630)
prokka_output/45709_F01_Reference/45709_F01_Reference:NZ_LS483405.1_1220 (length 397)
prokka_output/45709_F01_Reference/45709_F01_Reference:NZ_LS483405.1_1221 (length 312)
prokka_output/45709_F01_Reference/45709_F01_Reference:NZ_LS483405.1_1222 (length 419)
prokka_output/45709_F01_Reference/45709_F01_Reference:NZ_LS483405.1_1223 (length 91)
prokka_output/45709_F01_Reference/45709_F01_Reference:NZ_LS483405.1_1224 (length 435)
prokka_output/45709_F01_Reference/45709_F01_Reference:NZ_LS483405.1_1225 (length 434)
prokka_output/45709_F01_Reference/45709_F01_Reference:NZ_LS483405.1_1226 (length 226)
prokka_output/45709_F01_Reference/45709_F01_Reference:NZ_LS483405.1_1227 (length 204)
prokka_output/45709_F01_Reference/45709_F01_Reference:NZ_LS483405.1_1228 (length 480)
prokka_output/45709_F01_Reference/45709_F01_Reference:NZ_LS483405.1_1229 (length 344)
prokka_output/45709_F01_Reference/45709_F01_Reference:NZ_LS483405.1_1230 (length 193)
prokka_output/45709_F01_Reference/45709_F01_Reference:NZ_LS483405.1_1231 (length 240)
prokka_output/45709_F01_Reference/45709_F01_Reference:NZ_LS483405.1_1232 (length 200)
prokka_output/45709_F01_Reference/45709_F01_Reference:NZ_LS483405.1_1233 (length 262)
prokka_output/45709_F01_Reference/45709_F01_Reference:NZ_LS483405.1_1234 (length 131)
prokka_output/45709_F01_Reference/45709_F01_Reference:NZ_LS483405.1_1235 (length 298)
prokka_output/45709_F01_Reference/45709_F01_Reference:NZ_LS483405.1_1236 (length 293)
prokka_output/45709_F01_Reference/45709_F01_Reference:NZ_LS483405.1_1237 (length 585)
prokka_output/45709_F01_Reference/45709_F01_Reference:NZ_LS483405.1_1238 (length 242)
prokka_output/45709_F01_Reference/45709_F01_Reference:NZ_LS483405.1_1239 (length 1121)
prokka_output/45709_F01_Reference/45709_F01_Reference:NZ_LS483405.1_1240 (length 870)
prokka_output/45709_F01_Reference/45709_F01_Reference:NZ_LS483405.1_1241 (length 413)
prokka_output/45709_F01_Reference/45709_F01_Reference:NZ_LS483405.1_1242 (length 268)
prokka_output/45709_F01_Reference/45709_F01_Reference:NZ_LS483405.1_1243 (length 235)
prokka_output/45709_F01_Reference/45709_F01_Reference:NZ_LS483405.1_1244 (length 1096)
prokka_output/45709_F01_Reference/45709_F01_Reference:NZ_LS483405.1_1245 (length 168)
prokka_output/45709_F01_Reference/45709_F01_Reference:NZ_LS483405.1_1246 (length 374)
prokka_output/45709_F01_Reference/45709_F01_Reference:NZ_LS483405.1_1247 (length 612)
prokka_output/45709_F01_Reference/45709_F01_Reference:NZ_LS483405.1_1248 (length 691)
prokka_output/45709_F01_Reference/45709_F01_Reference:NZ_LS483405.1_1249 (length 307)
prokka_output/45709_F01_Reference/45709_F01_Reference:NZ_LS483405.1_1250 (length 260)
prokka_output/45709_F01_Reference/45709_F01_Reference:NZ_LS483405.1_1251 (length 301)
prokka_output/45709_F01_Reference/45709_F01_Reference:NZ_LS483405.1_1252 (length 131)
prokka_output/45709_F01_Reference/45709_F01_Reference:NZ_LS483405.1_1253 (length 162)
prokka_output/45709_F01_Reference/45709_F01_Reference:NZ_LS483405.1_1254 (length 328)
prokka_output/45709_F01_Reference/45709_F01_Reference:NZ_LS483405.1_1255 (length 148)
prokka_output/45709_F01_Reference/45709_F01_Reference:NZ_LS483405.1_1256 (length 126)
prokka_output/45709_F01_Reference/45709_F01_Reference:NZ_LS483405.1_1257 (length 342)
prokka_output/45709_F01_Reference/45709_F01_Reference:NZ_LS483405.1_1258 (length 62)
prokka_output/45709_F01_Reference/45709_F01_Reference:NZ_LS483405.1_1259 (length 275)
prokka_output/45709_F01_Reference/45709_F01_Reference:NZ_LS483405.1_1260 (length 309)
prokka_output/45709_F01_Reference/45709_F01_Reference:NZ_LS483405.1_1261 (length 407)
prokka_output/45709_F01_Reference/45709_F01_Reference:NZ_LS483405.1_1262 (length 269)
prokka_output/45709_F01_Reference/45709_F01_Reference:NZ_LS483405.1_1263 (length 401)
prokka_output/45709_F01_Reference/45709_F01_Reference:NZ_LS483405.1_1264 (length 291)
prokka_output/45709_F01_Reference/45709_F01_Reference:NZ_LS483405.1_1265 (length 175)
prokka_output/45709_F01_Reference/45709_F01_Reference:NZ_LS483405.1_1266 (length 600)
prokka_output/45709_F01_Reference/45709_F01_Reference:NZ_LS483405.1_1267 (length 431)
prokka_output/45709_F01_Reference/45709_F01_Reference:NZ_LS483405.1_1268 (length 176)
prokka_output/45709_F01_Reference/45709_F01_Reference:NZ_LS483405.1_1269 (length 283)
prokka_output/45709_F01_Reference/45709_F01_Reference:NZ_LS483405.1_1270 (length 288)
prokka_output/45709_F01_Reference/45709_F01_Reference:NZ_LS483405.1_1271 (length 213)
prokka_output/45709_F01_Reference/45709_F01_Reference:NZ_LS483405.1_1272 (length 147)
prokka_output/45709_F01_Reference/45709_F01_Reference:NZ_LS483405.1_1273 (length 305)
prokka_output/45709_F01_Reference/45709_F01_Reference:NZ_LS483405.1_1274 (length 439)
prokka_output/45709_F01_Reference/45709_F01_Reference:NZ_LS483405.1_1275 (length 111)
prokka_output/45709_F01_Reference/45709_F01_Reference:NZ_LS483405.1_1276 (length 250)
prokka_output/45709_F01_Reference/45709_F01_Reference:NZ_LS483405.1_1277 (length 316)
prokka_output/45709_F01_Reference/45709_F01_Reference:NZ_LS483405.1_1278 (length 105)
prokka_output/45709_F01_Reference/45709_F01_Reference:NZ_LS483405.1_1279 (length 127)
prokka_output/45709_F01_Reference/45709_F01_Reference:NZ_LS483405.1_1280 (length 120)
prokka_output/45709_F01_Reference/45709_F01_Reference:NZ_LS483405.1_1281 (length 35)
prokka_output/45709_F01_Reference/45709_F01_Reference:NZ_LS483405.1_1282 (length 83)
prokka_output/45709_F01_Reference/45709_F01_Reference:NZ_LS483405.1_1283 (length 393)
prokka_output/45709_F01_Reference/45709_F01_Reference:NZ_LS483405.1_1284 (length 119)
prokka_output/45709_F01_Reference/45709_F01_Reference:NZ_LS483405.1_1285 (length 69)
prokka_output/45709_F01_Reference/45709_F01_Reference:NZ_LS483405.1_1286 (length 610)
prokka_output/45709_F01_Reference/45709_F01_Reference:NZ_LS483405.1_1287 (length 429)
prokka_output/45709_F01_Reference/45709_F01_Reference:NZ_LS483405.1_1288 (length 77)
prokka_output/45709_F01_Reference/45709_F01_Reference:NZ_LS483405.1_1289 (length 402)
prokka_output/45709_F01_Reference/45709_F01_Reference:NZ_LS483405.1_1290 (length 508)
prokka_output/45709_F01_Reference/45709_F01_Reference:NZ_LS483405.1_1291 (length 49)
prokka_output/45709_F01_Reference/45709_F01_Reference:NZ_LS483405.1_1292 (length 382)
prokka_output/45709_F01_Reference/45709_F01_Reference:NZ_LS483405.1_1293 (length 619)
prokka_output/45709_F01_Reference/45709_F01_Reference:NZ_LS483405.1_1294 (length 194)
prokka_output/45709_F01_Reference/45709_F01_Reference:NZ_LS483405.1_1295 (length 345)
prokka_output/45709_F01_Reference/45709_F01_Reference:NZ_LS483405.1_1296 (length 315)
prokka_output/45709_F01_Reference/45709_F01_Reference:NZ_LS483405.1_1297 (length 303)
prokka_output/45709_F01_Reference/45709_F01_Reference:NZ_LS483405.1_1298 (length 116)
prokka_output/45709_F01_Reference/45709_F01_Reference:NZ_LS483405.1_1299 (length 780)
prokka_output/45709_F01_Reference/45709_F01_Reference:NZ_LS483405.1_1300 (length 100)
prokka_output/45709_F01_Reference/45709_F01_Reference:NZ_LS483405.1_1301 (length 98)
prokka_output/45709_F01_Reference/45709_F01_Reference:NZ_LS483405.1_1302 (length 400)
prokka_output/45709_F01_Reference/45709_F01_Reference:NZ_LS483405.1_1303 (length 157)
prokka_output/45709_F01_Reference/45709_F01_Reference:NZ_LS483405.1_1304 (length 91)
prokka_output/45709_F01_Reference/45709_F01_Reference:NZ_LS483405.1_1305 (length 1445)
prokka_output/45709_F01_Reference/45709_F01_Reference:NZ_LS483405.1_1306 (length 569)
prokka_output/45709_F01_Reference/45709_F01_Reference:NZ_LS483405.1_1307 (length 425)
prokka_output/45709_F01_Reference/45709_F01_Reference:NZ_LS483405.1_1308 (length 263)
prokka_output/45709_F01_Reference/45709_F01_Reference:NZ_LS483405.1_1309 (length 262)
prokka_output/45709_F01_Reference/45709_F01_Reference:NZ_LS483405.1_1310 (length 140)
prokka_output/45709_F01_Reference/45709_F01_Reference:NZ_LS483405.1_1311 (length 185)
prokka_output/45709_F01_Reference/45709_F01_Reference:NZ_LS483405.1_1312 (length 240)
prokka_output/45709_F01_Reference/45709_F01_Reference:NZ_LS483405.1_1313 (length 294)
prokka_output/45709_F01_Reference/45709_F01_Reference:NZ_LS483405.1_1314 (length 267)
prokka_output/45709_F01_Reference/45709_F01_Reference:NZ_LS483405.1_1315 (length 239)
prokka_output/45709_F01_Reference/45709_F01_Reference:NZ_LS483405.1_1316 (length 332)
prokka_output/45709_F01_Reference/45709_F01_Reference:NZ_LS483405.1_1317 (length 89)
prokka_output/45709_F01_Reference/45709_F01_Reference:NZ_LS483405.1_1318 (length 248)
prokka_output/45709_F01_Reference/45709_F01_Reference:NZ_LS483405.1_1319 (length 213)
prokka_output/45709_F01_Reference/45709_F01_Reference:NZ_LS483405.1_1320 (length 597)
prokka_output/45709_F01_Reference/45709_F01_Reference:NZ_LS483405.1_1321 (length 105)
prokka_output/45709_F01_Reference/45709_F01_Reference:NZ_LS483405.1_1322 (length 468)
prokka_output/45709_F01_Reference/45709_F01_Reference:NZ_LS483405.1_1323 (length 74)
prokka_output/45709_F01_Reference/45709_F01_Reference:NZ_LS483405.1_1324 (length 82)
prokka_output/45709_F01_Reference/45709_F01_Reference:NZ_LS483405.1_1325 (length 209)
prokka_output/45709_F01_Reference/45709_F01_Reference:NZ_LS483405.1_1326 (length 146)
prokka_output/45709_F01_Reference/45709_F01_Reference:NZ_LS483405.1_1327 (length 196)
prokka_output/45709_F01_Reference/45709_F01_Reference:NZ_LS483405.1_1328 (length 389)
prokka_output/45709_F01_Reference/45709_F01_Reference:NZ_LS483405.1_1329 (length 293)
prokka_output/45709_F01_Reference/45709_F01_Reference:NZ_LS483405.1_1330 (length 220)
prokka_output/45709_F01_Reference/45709_F01_Reference:NZ_LS483405.1_1331 (length 60)
prokka_output/45709_F01_Reference/45709_F01_Reference:NZ_LS483405.1_1332 (length 154)
prokka_output/45709_F01_Reference/45709_F01_Reference:NZ_LS483405.1_1333 (length 68)
prokka_output/45709_F01_Reference/45709_F01_Reference:NZ_LS483405.1_1334 (length 145)
prokka_output/45709_F01_Reference/45709_F01_Reference:NZ_LS483405.1_1335 (length 132)
prokka_output/45709_F01_Reference/45709_F01_Reference:NZ_LS483405.1_1336 (length 296)
prokka_output/45709_F01_Reference/45709_F01_Reference:NZ_LS483405.1_1337 (length 132)
prokka_output/45709_F01_Reference/45709_F01_Reference:NZ_LS483405.1_1338 (length 70)
prokka_output/45709_F01_Reference/45709_F01_Reference:NZ_LS483405.1_1339 (length 151)
prokka_output/45709_F01_Reference/45709_F01_Reference:NZ_LS483405.1_1340 (length 172)
prokka_output/45709_F01_Reference/45709_F01_Reference:NZ_LS483405.1_1341 (length 773)
prokka_output/45709_F01_Reference/45709_F01_Reference:NZ_LS483405.1_1342 (length 129)
prokka_output/45709_F01_Reference/45709_F01_Reference:NZ_LS483405.1_1343 (length 317)
prokka_output/45709_F01_Reference/45709_F01_Reference:NZ_LS483405.1_1344 (length 91)
prokka_output/45709_F01_Reference/45709_F01_Reference:NZ_LS483405.1_1345 (length 251)
prokka_output/45709_F01_Reference/45709_F01_Reference:NZ_LS483405.1_1346 (length 431)
prokka_output/45709_F01_Reference/45709_F01_Reference:NZ_LS483405.1_1347 (length 605)
prokka_output/45709_F01_Reference/45709_F01_Reference:NZ_LS483405.1_1348 (length 62)
prokka_output/45709_F01_Reference/45709_F01_Reference:NZ_LS483405.1_1349 (length 99)
prokka_output/45709_F01_Reference/45709_F01_Reference:NZ_LS483405.1_1350 (length 197)
prokka_output/45709_F01_Reference/45709_F01_Reference:NZ_LS483405.1_1351 (length 418)
prokka_output/45709_F01_Reference/45709_F01_Reference:NZ_LS483405.1_1352 (length 436)
prokka_output/45709_F01_Reference/45709_F01_Reference:NZ_LS483405.1_1353 (length 396)
prokka_output/45709_F01_Reference/45709_F01_Reference:NZ_LS483405.1_1354 (length 309)
prokka_output/45709_F01_Reference/45709_F01_Reference:NZ_LS483405.1_1355 (length 610)
prokka_output/45709_F01_Reference/45709_F01_Reference:NZ_LS483405.1_1356 (length 89)
prokka_output/45709_F01_Reference/45709_F01_Reference:NZ_LS483405.1_1357 (length 84)
prokka_output/45709_F01_Reference/45709_F01_Reference:NZ_LS483405.1_1358 (length 259)
prokka_output/45709_F01_Reference/45709_F01_Reference:NZ_LS483405.1_1359 (length 176)
prokka_output/45709_F01_Reference/45709_F01_Reference:NZ_LS483405.1_1360 (length 342)
prokka_output/45709_F01_Reference/45709_F01_Reference:NZ_LS483405.1_1361 (length 755)
prokka_output/45709_F01_Reference/45709_F01_Reference:NZ_LS483405.1_1362 (length 159)
prokka_output/45709_F01_Reference/45709_F01_Reference:NZ_LS483405.1_1363 (length 231)
prokka_output/45709_F01_Reference/45709_F01_Reference:NZ_LS483405.1_1364 (length 349)
prokka_output/45709_F01_Reference/45709_F01_Reference:NZ_LS483405.1_1365 (length 161)
prokka_output/45709_F01_Reference/45709_F01_Reference:NZ_LS483405.1_1366 (length 187)
prokka_output/45709_F01_Reference/45709_F01_Reference:NZ_LS483405.1_1367 (length 95)
prokka_output/45709_F01_Reference/45709_F01_Reference:NZ_LS483405.1_1368 (length 384)
prokka_output/45709_F01_Reference/45709_F01_Reference:NZ_LS483405.1_1369 (length 614)
prokka_output/45709_F01_Reference/45709_F01_Reference:NZ_LS483405.1_1370 (length 263)
prokka_output/45709_F01_Reference/45709_F01_Reference:NZ_LS483405.1_1371 (length 93)
prokka_output/45709_F01_Reference/45709_F01_Reference:NZ_LS483405.1_1372 (length 302)
prokka_output/45709_F01_Reference/45709_F01_Reference:NZ_LS483405.1_1373 (length 475)
prokka_output/45709_F01_Reference/45709_F01_Reference:NZ_LS483405.1_1374 (length 439)
prokka_output/45709_F01_Reference/45709_F01_Reference:NZ_LS483405.1_1375 (length 325)
prokka_output/45709_F01_Reference/45709_F01_Reference:NZ_LS483405.1_1376 (length 371)
prokka_output/45709_F01_Reference/45709_F01_Reference:NZ_LS483405.1_1377 (length 186)
prokka_output/45709_F01_Reference/45709_F01_Reference:NZ_LS483405.1_1378 (length 165)
prokka_output/45709_F01_Reference/45709_F01_Reference:NZ_LS483405.1_1379 (length 72)
prokka_output/45709_F01_Reference/45709_F01_Reference:NZ_LS483405.1_1380 (length 559)
prokka_output/45709_F01_Reference/45709_F01_Reference:NZ_LS483405.1_1381 (length 319)
prokka_output/45709_F01_Reference/45709_F01_Reference:NZ_LS483405.1_1382 (length 68)
prokka_output/45709_F01_Reference/45709_F01_Reference:NZ_LS483405.1_1383 (length 532)
prokka_output/45709_F01_Reference/45709_F01_Reference:NZ_LS483405.1_1384 (length 349)
prokka_output/45709_F01_Reference/45709_F01_Reference:NZ_LS483405.1_1385 (length 296)
prokka_output/45709_F01_Reference/45709_F01_Reference:NZ_LS483405.1_1386 (length 674)
prokka_output/45709_F01_Reference/45709_F01_Reference:NZ_LS483405.1_1387 (length 306)
prokka_output/45709_F01_Reference/45709_F01_Reference:NZ_LS483405.1_1388 (length 335)
prokka_output/45709_F01_Reference/45709_F01_Reference:NZ_LS483405.1_1389 (length 329)
prokka_output/45709_F01_Reference/45709_F01_Reference:NZ_LS483405.1_1390 (length 246)
prokka_output/45709_F01_Reference/45709_F01_Reference:NZ_LS483405.1_1391 (length 549)
prokka_output/45709_F01_Reference/45709_F01_Reference:NZ_LS483405.1_1392 (length 495)
prokka_output/45709_F01_Reference/45709_F01_Reference:NZ_LS483405.1_1393 (length 292)
prokka_output/45709_F01_Reference/45709_F01_Reference:NZ_LS483405.1_1394 (length 229)
prokka_output/45709_F01_Reference/45709_F01_Reference:NZ_LS483405.1_1395 (length 230)
prokka_output/45709_F01_Reference/45709_F01_Reference:NZ_LS483405.1_1396 (length 328)
prokka_output/45709_F01_Reference/45709_F01_Reference:NZ_LS483405.1_1397 (length 841)
prokka_output/45709_F01_Reference/45709_F01_Reference:NZ_LS483405.1_1398 (length 226)
prokka_output/45709_F01_Reference/45709_F01_Reference:NZ_LS483405.1_1399 (length 218)
prokka_output/45709_F01_Reference/45709_F01_Reference:NZ_LS483405.1_1400 (length 394)
prokka_output/45709_F01_Reference/45709_F01_Reference:NZ_LS483405.1_1401 (length 113)
prokka_output/45709_F01_Reference/45709_F01_Reference:NZ_LS483405.1_1402 (length 398)
prokka_output/45709_F01_Reference/45709_F01_Reference:NZ_LS483405.1_1403 (length 230)
prokka_output/45709_F01_Reference/45709_F01_Reference:NZ_LS483405.1_1404 (length 97)
prokka_output/45709_F01_Reference/45709_F01_Reference:NZ_LS483405.1_1405 (length 180)
prokka_output/45709_F01_Reference/45709_F01_Reference:NZ_LS483405.1_1406 (length 74)
prokka_output/45709_F01_Reference/45709_F01_Reference:NZ_LS483405.1_1407 (length 937)
prokka_output/45709_F01_Reference/45709_F01_Reference:NZ_LS483405.1_1408 (length 236)
prokka_output/45709_F01_Reference/45709_F01_Reference:NZ_LS483405.1_1409 (length 259)
prokka_output/45709_F01_Reference/45709_F01_Reference:NZ_LS483405.1_1410 (length 94)
prokka_output/45709_F01_Reference/45709_F01_Reference:NZ_LS483405.1_1411 (length 143)
prokka_output/45709_F01_Reference/45709_F01_Reference:NZ_LS483405.1_1412 (length 419)
prokka_output/45709_F01_Reference/45709_F01_Reference:NZ_LS483405.1_1413 (length 442)
prokka_output/45709_F01_Reference/45709_F01_Reference:NZ_LS483405.1_1414 (length 289)
prokka_output/45709_F01_Reference/45709_F01_Reference:NZ_LS483405.1_1415 (length 364)
prokka_output/45709_F01_Reference/45709_F01_Reference:NZ_LS483405.1_1416 (length 459)
prokka_output/45709_F01_Reference/45709_F01_Reference:NZ_LS483405.1_1417 (length 323)
prokka_output/45709_F01_Reference/45709_F01_Reference:NZ_LS483405.1_1418 (length 719)
prokka_output/45709_F01_Reference/45709_F01_Reference:NZ_LS483405.1_1419 (length 131)
prokka_output/45709_F01_Reference/45709_F01_Reference:NZ_LS483405.1_1420 (length 314)
prokka_output/45709_F01_Reference/45709_F01_Reference:NZ_LS483405.1_1421 (length 143)
prokka_output/45709_F01_Reference/45709_F01_Reference:NZ_LS483405.1_1422 (length 117)
prokka_output/45709_F01_Reference/45709_F01_Reference:NZ_LS483405.1_1423 (length 40)
prokka_output/45709_F01_Reference/45709_F01_Reference:NZ_LS483405.1_1424 (length 781)
prokka_output/45709_F01_Reference/45709_F01_Reference:NZ_LS483405.1_1425 (length 170)
prokka_output/45709_F01_Reference/45709_F01_Reference:NZ_LS483405.1_1426 (length 284)
prokka_output/45709_F01_Reference/45709_F01_Reference:NZ_LS483405.1_1427 (length 395)
prokka_output/45709_F01_Reference/45709_F01_Reference:NZ_LS483405.1_1428 (length 210)
prokka_output/45709_F01_Reference/45709_F01_Reference:NZ_LS483405.1_1429 (length 66)
prokka_output/45709_F01_Reference/45709_F01_Reference:NZ_LS483405.1_1430 (length 501)
prokka_output/45709_F01_Reference/45709_F01_Reference:NZ_LS483405.1_1431 (length 507)
prokka_output/45709_F01_Reference/45709_F01_Reference:NZ_LS483405.1_1432 (length 68)
prokka_output/45709_F01_Reference/45709_F01_Reference:NZ_LS483405.1_1433 (length 125)
prokka_output/45709_F01_Reference/45709_F01_Reference:NZ_LS483405.1_1434 (length 118)
prokka_output/45709_F01_Reference/45709_F01_Reference:NZ_LS483405.1_1435 (length 260)
prokka_output/45709_F01_Reference/45709_F01_Reference:NZ_LS483405.1_1436 (length 299)
prokka_output/45709_F01_Reference/45709_F01_Reference:NZ_LS483405.1_1437 (length 267)
prokka_output/45709_F01_Reference/45709_F01_Reference:NZ_LS483405.1_1438 (length 219)
prokka_output/45709_F01_Reference/45709_F01_Reference:NZ_LS483405.1_1439 (length 212)
prokka_output/45709_F01_Reference/45709_F01_Reference:NZ_LS483405.1_1440 (length 287)
prokka_output/45709_F01_Reference/45709_F01_Reference:NZ_LS483405.1_1441 (length 601)
prokka_output/45709_F01_Reference/45709_F01_Reference:NZ_LS483405.1_1442 (length 364)
prokka_output/45709_F01_Reference/45709_F01_Reference:NZ_LS483405.1_1443 (length 215)
prokka_output/45709_F01_Reference/45709_F01_Reference:NZ_LS483405.1_1444 (length 263)
prokka_output/45709_F01_Reference/45709_F01_Reference:NZ_LS483405.1_1445 (length 408)
prokka_output/45709_F01_Reference/45709_F01_Reference:NZ_LS483405.1_1446 (length 244)
prokka_output/45709_F01_Reference/45709_F01_Reference:NZ_LS483405.1_1447 (length 152)
prokka_output/45709_F01_Reference/45709_F01_Reference:NZ_LS483405.1_1448 (length 106)
prokka_output/45709_F01_Reference/45709_F01_Reference:NZ_LS483405.1_1449 (length 305)
prokka_output/45709_F01_Reference/45709_F01_Reference:NZ_LS483405.1_1450 (length 324)
prokka_output/45709_F01_Reference/45709_F01_Reference:NZ_LS483405.1_1451 (length 874)
prokka_output/45709_F01_Reference/45709_F01_Reference:NZ_LS483405.1_1452 (length 404)
prokka_output/45709_F01_Reference/45709_F01_Reference:NZ_LS483405.1_1453 (length 114)
prokka_output/45709_F01_Reference/45709_F01_Reference:NZ_LS483405.1_1454 (length 698)
prokka_output/45709_F01_Reference/45709_F01_Reference:NZ_LS483405.1_1455 (length 155)
prokka_output/45709_F01_Reference/45709_F01_Reference:NZ_LS483405.1_1456 (length 563)
prokka_output/45709_F01_Reference/45709_F01_Reference:NZ_LS483405.1_1457 (length 73)
prokka_output/45709_F01_Reference/45709_F01_Reference:NZ_LS483405.1_1458 (length 419)
prokka_output/45709_F01_Reference/45709_F01_Reference:NZ_LS483405.1_1459 (length 177)
prokka_output/45709_F01_Reference/45709_F01_Reference:NZ_LS483405.1_1460 (length 113)
prokka_output/45709_F01_Reference/45709_F01_Reference:NZ_LS483405.1_1461 (length 683)
prokka_output/45709_F01_Reference/45709_F01_Reference:NZ_LS483405.1_1462 (length 574)
prokka_output/45709_F01_Reference/45709_F01_Reference:NZ_LS483405.1_1463 (length 674)
prokka_output/45709_F01_Reference/45709_F01_Reference:NZ_LS483405.1_1464 (length 455)
prokka_output/45709_F01_Reference/45709_F01_Reference:NZ_LS483405.1_1465 (length 99)
prokka_output/45709_F01_Reference/45709_F01_Reference:NZ_LS483405.1_1466 (length 149)
prokka_output/45709_F01_Reference/45709_F01_Reference:NZ_LS483405.1_1467 (length 237)
prokka_output/45709_F01_Reference/45709_F01_Reference:NZ_LS483405.1_1468 (length 418)
prokka_output/45709_F01_Reference/45709_F01_Reference:NZ_LS483405.1_1469 (length 627)
prokka_output/45709_F01_Reference/45709_F01_Reference:NZ_LS483405.1_1470 (length 232)
prokka_output/45709_F01_Reference/45709_F01_Reference:NZ_LS483405.1_1471 (length 469)
prokka_output/45709_F01_Reference/45709_F01_Reference:NZ_LS483405.1_1472 (length 78)
prokka_output/45709_F01_Reference/45709_F01_Reference:NZ_LS483405.1_1473 (length 600)
prokka_output/45709_F01_Reference/45709_F01_Reference:NZ_LS483405.1_1474 (length 723)
prokka_output/45709_F01_Reference/45709_F01_Reference:NZ_LS483405.1_1475 (length 83)
prokka_output/45709_F01_Reference/45709_F01_Reference:NZ_LS483405.1_1476 (length 142)
prokka_output/45709_F01_Reference/45709_F01_Reference:NZ_LS483405.1_1477 (length 836)
prokka_output/45709_F01_Reference/45709_F01_Reference:NZ_LS483405.1_1478 (length 97)
prokka_output/45709_F01_Reference/45709_F01_Reference:NZ_LS483405.1_1479 (length 172)
prokka_output/45709_F01_Reference/45709_F01_Reference:NZ_LS483405.1_1480 (length 158)
prokka_output/45709_F01_Reference/45709_F01_Reference:NZ_LS483405.1_1481 (length 226)
prokka_output/45709_F01_Reference/45709_F01_Reference:NZ_LS483405.1_1482 (length 81)
prokka_output/45709_F01_Reference/45709_F01_Reference:NZ_LS483405.1_1483 (length 320)
prokka_output/45709_F01_Reference/45709_F01_Reference:NZ_LS483405.1_1484 (length 904)
prokka_output/45709_F01_Reference/45709_F01_Reference:NZ_LS483405.1_1485 (length 223)
prokka_output/45709_F01_Reference/45709_F01_Reference:NZ_LS483405.1_1486 (length 256)
prokka_output/45709_F01_Reference/45709_F01_Reference:NZ_LS483405.1_1487 (length 215)
prokka_output/45709_F01_Reference/45709_F01_Reference:NZ_LS483405.1_1488 (length 108)
prokka_output/45709_F01_Reference/45709_F01_Reference:NZ_LS483405.1_1489 (length 491)
prokka_output/45709_F01_Reference/45709_F01_Reference:NZ_LS483405.1_1490 (length 395)
prokka_output/45709_F01_Reference/45709_F01_Reference:NZ_LS483405.1_1491 (length 235)
prokka_output/45709_F01_Reference/45709_F01_Reference:NZ_LS483405.1_1492 (length 113)
prokka_output/45709_F01_Reference/45709_F01_Reference:NZ_LS483405.1_1493 (length 189)
prokka_output/45709_F01_Reference/45709_F01_Reference:NZ_LS483405.1_1494 (length 107)
prokka_output/45709_F01_Reference/45709_F01_Reference:NZ_LS483405.1_1495 (length 178)
prokka_output/45709_F01_Reference/45709_F01_Reference:NZ_LS483405.1_1496 (length 155)
prokka_output/45709_F01_Reference/45709_F01_Reference:NZ_LS483405.1_1497 (length 83)
prokka_output/45709_F01_Reference/45709_F01_Reference:NZ_LS483405.1_1498 (length 134)
prokka_output/45709_F01_Reference/45709_F01_Reference:NZ_LS483405.1_1499 (length 139)
prokka_output/45709_F01_Reference/45709_F01_Reference:NZ_LS483405.1_1500 (length 60)
prokka_output/45709_F01_Reference/45709_F01_Reference:NZ_LS483405.1_1501 (length 181)
prokka_output/45709_F01_Reference/45709_F01_Reference:NZ_LS483405.1_1502 (length 85)
prokka_output/45709_F01_Reference/45709_F01_Reference:NZ_LS483405.1_1503 (length 350)
prokka_output/45709_F01_Reference/45709_F01_Reference:NZ_LS483405.1_1504 (length 171)
prokka_output/45709_F01_Reference/45709_F01_Reference:NZ_LS483405.1_1505 (length 134)
prokka_output/45709_F01_Reference/45709_F01_Reference:NZ_LS483405.1_1506 (length 56)
prokka_output/45709_F01_Reference/45709_F01_Reference:NZ_LS483405.1_1507 (length 43)
prokka_output/45709_F01_Reference/45709_F01_Reference:NZ_LS483405.1_1508 (length 156)
prokka_output/45709_F01_Reference/45709_F01_Reference:NZ_LS483405.1_1509 (length 160)
prokka_output/45709_F01_Reference/45709_F01_Reference:NZ_LS483405.1_1510 (length 159)
prokka_output/45709_F01_Reference/45709_F01_Reference:NZ_LS483405.1_1511 (length 147)
prokka_output/45709_F01_Reference/45709_F01_Reference:NZ_LS483405.1_1512 (length 164)
prokka_output/45709_F01_Reference/45709_F01_Reference:NZ_LS483405.1_1513 (length 510)
prokka_output/45709_F01_Reference/45709_F01_Reference:NZ_LS483405.1_1514 (length 237)
prokka_output/45709_F01_Reference/45709_F01_Reference:NZ_LS483405.1_1515 (length 382)
prokka_output/45709_F01_Reference/45709_F01_Reference:NZ_LS483405.1_1516 (length 128)
prokka_output/45709_F01_Reference/45709_F01_Reference:NZ_LS483405.1_1517 (length 137)
prokka_output/45709_F01_Reference/45709_F01_Reference:NZ_LS483405.1_1518 (length 417)
prokka_output/45709_F01_Reference/45709_F01_Reference:NZ_LS483405.1_1519 (length 154)
prokka_output/45709_F01_Reference/45709_F01_Reference:NZ_LS483405.1_1520 (length 325)
prokka_output/45709_F01_Reference/45709_F01_Reference:NZ_LS483405.1_1521 (length 1949)
prokka_output/45709_F01_Reference/45709_F01_Reference:NZ_LS483405.1_1522 (length 80)
prokka_output/45709_F01_Reference/45709_F01_Reference:NZ_LS483405.1_1523 (length 132)
prokka_output/45709_F01_Reference/45709_F01_Reference:NZ_LS483405.1_1524 (length 138)
prokka_output/45709_F01_Reference/45709_F01_Reference:NZ_LS483405.1_1525 (length 381)
prokka_output/45709_F01_Reference/45709_F01_Reference:NZ_LS483405.1_1526 (length 162)
prokka_output/45709_F01_Reference/45709_F01_Reference:NZ_LS483405.1_1527 (length 129)
prokka_output/45709_F01_Reference/45709_F01_Reference:NZ_LS483405.1_1528 (length 161)
prokka_output/45709_F01_Reference/45709_F01_Reference:NZ_LS483405.1_1529 (length 112)
prokka_output/45709_F01_Reference/45709_F01_Reference:NZ_LS483405.1_1530 (length 59)
prokka_output/45709_F01_Reference/45709_F01_Reference:NZ_LS483405.1_1531 (length 167)
prokka_output/45709_F01_Reference/45709_F01_Reference:NZ_LS483405.1_1532 (length 385)
prokka_output/45709_F01_Reference/45709_F01_Reference:NZ_LS483405.1_1533 (length 126)
prokka_output/45709_F01_Reference/45709_F01_Reference:NZ_LS483405.1_1534 (length 167)
prokka_output/45709_F01_Reference/45709_F01_Reference:NZ_LS483405.1_1535 (length 309)
prokka_output/45709_F01_Reference/45709_F01_Reference:NZ_LS483405.1_1536 (length 543)
prokka_output/45709_F01_Reference/45709_F01_Reference:NZ_LS483405.1_1537 (length 502)
prokka_output/45709_F01_Reference/45709_F01_Reference:NZ_LS483405.1_1538 (length 276)
prokka_output/45709_F01_Reference/45709_F01_Reference:NZ_LS483405.1_1539 (length 193)
prokka_output/45709_F01_Reference/45709_F01_Reference:NZ_LS483405.1_1540 (length 81)
prokka_output/45709_F01_Reference/45709_F01_Reference:NZ_LS483405.1_1541 (length 103)
prokka_output/45709_F01_Reference/45709_F01_Reference:NZ_LS483405.1_1542 (length 76)
prokka_output/45709_F01_Reference/45709_F01_Reference:NZ_LS483405.1_1543 (length 71)
prokka_output/45709_F01_Reference/45709_F01_Reference:NZ_LS483405.1_1544 (length 180)
prokka_output/45709_F01_Reference/45709_F01_Reference:NZ_LS483405.1_1545 (length 164)
prokka_output/45709_F01_Reference/45709_F01_Reference:NZ_LS483405.1_1546 (length 285)
prokka_output/45709_F01_Reference/45709_F01_Reference:NZ_LS483405.1_1547 (length 43)
prokka_output/45709_F01_Reference/45709_F01_Reference:NZ_LS483405.1_1548 (length 155)
prokka_output/45709_F01_Reference/45709_F01_Reference:NZ_LS483405.1_1549 (length 62)
prokka_output/45709_F01_Reference/45709_F01_Reference:NZ_LS483405.1_1550 (length 205)
prokka_output/45709_F01_Reference/45709_F01_Reference:NZ_LS483405.1_1551 (length 58)
prokka_output/45709_F01_Reference/45709_F01_Reference:NZ_LS483405.1_1552 (length 63)
prokka_output/45709_F01_Reference/45709_F01_Reference:NZ_LS483405.1_1553 (length 141)
prokka_output/45709_F01_Reference/45709_F01_Reference:NZ_LS483405.1_1554 (length 39)
prokka_output/45709_F01_Reference/45709_F01_Reference:NZ_LS483405.1_1555 (length 74)
prokka_output/45709_F01_Reference/45709_F01_Reference:NZ_LS483405.1_1556 (length 70)
prokka_output/45709_F01_Reference/45709_F01_Reference:NZ_LS483405.1_1557 (length 66)
prokka_output/45709_F01_Reference/45709_F01_Reference:NZ_LS483405.1_1558 (length 59)
prokka_output/45709_F01_Reference/45709_F01_Reference:NZ_LS483405.1_1559 (length 87)
prokka_output/45709_F01_Reference/45709_F01_Reference:NZ_LS483405.1_1560 (length 139)
prokka_output/45709_F01_Reference/45709_F01_Reference:NZ_LS483405.1_1561 (length 169)
prokka_output/45709_F01_Reference/45709_F01_Reference:NZ_LS483405.1_1562 (length 63)
prokka_output/45709_F01_Reference/45709_F01_Reference:NZ_LS483405.1_1563 (length 303)
prokka_output/45709_F01_Reference/45709_F01_Reference:NZ_LS483405.1_1564 (length 267)
prokka_output/45709_F01_Reference/45709_F01_Reference:NZ_LS483405.1_1565 (length 289)
prokka_output/45709_F01_Reference/45709_F01_Reference:NZ_LS483405.1_1566 (length 71)
prokka_output/45709_F01_Reference/45709_F01_Reference:NZ_LS483405.1_1567 (length 97)
prokka_output/45709_F01_Reference/45709_F01_Reference:NZ_LS483405.1_1568 (length 40)
prokka_output/45709_F01_Reference/45709_F01_Reference:NZ_LS483405.1_1569 (length 52)
prokka_output/45709_F01_Reference/45709_F01_Reference:NZ_LS483405.1_1570 (length 91)
prokka_output/45709_F01_Reference/45709_F01_Reference:NZ_LS483405.1_1571 (length 169)
prokka_output/45709_F01_Reference/45709_F01_Reference:NZ_LS483405.1_1572 (length 54)
prokka_output/45709_F01_Reference/45709_F01_Reference:NZ_LS483405.1_1573 (length 125)
prokka_output/45709_F01_Reference/45709_F01_Reference:NZ_LS483405.1_1574 (length 41)
prokka_output/45709_F01_Reference/45709_F01_Reference:NZ_LS483405.1_1575 (length 82)
prokka_output/45709_F01_Reference/45709_F01_Reference:NZ_LS483405.1_1576 (length 122)
prokka_output/45709_F01_Reference/45709_F01_Reference:NZ_LS483405.1_1577 (length 126)
prokka_output/45709_F01_Reference/45709_F01_Reference:NZ_LS483405.1_1578 (length 273)
prokka_output/45709_F01_Reference/45709_F01_Reference:NZ_LS483405.1_1579 (length 84)
prokka_output/45709_F01_Reference/45709_F01_Reference:NZ_LS483405.1_1580 (length 111)
prokka_output/45709_F01_Reference/45709_F01_Reference:NZ_LS483405.1_1581 (length 73)
prokka_output/45709_F01_Reference/45709_F01_Reference:NZ_LS483405.1_1582 (length 72)
prokka_output/45709_F01_Reference/45709_F01_Reference:NZ_LS483405.1_1583 (length 83)
prokka_output/45709_F01_Reference/45709_F01_Reference:NZ_LS483405.1_1584 (length 399)
prokka_output/45709_F01_Reference/45709_F01_Reference:NZ_LS483405.1_1585 (length 685)
prokka_output/45709_F01_Reference/45709_F01_Reference:NZ_LS483405.1_1586 (length 78)
prokka_output/45709_F01_Reference/45709_F01_Reference:NZ_LS483405.1_1587 (length 344)
prokka_output/45709_F01_Reference/45709_F01_Reference:NZ_LS483405.1_1588 (length 340)
prokka_output/45709_F01_Reference/45709_F01_Reference:NZ_LS483405.1_1589 (length 392)
prokka_output/45709_F01_Reference/45709_F01_Reference:NZ_LS483405.1_1590 (length 578)
prokka_output/45709_F01_Reference/45709_F01_Reference:NZ_LS483405.1_1591 (length 88)
prokka_output/45709_F01_Reference/45709_F01_Reference:NZ_LS483405.1_1592 (length 66)
prokka_output/45709_F01_Reference/45709_F01_Reference:NZ_LS483405.1_1593 (length 745)
prokka_output/45709_F01_Reference/45709_F01_Reference:NZ_LS483405.1_1594 (length 363)
prokka_output/45709_F01_Reference/45709_F01_Reference:NZ_LS483405.1_1595 (length 868)
prokka_output/45709_F01_Reference/45709_F01_Reference:NZ_LS483405.1_1596 (length 477)
prokka_output/45709_F01_Reference/45709_F01_Reference:NZ_LS483405.1_1597 (length 450)
prokka_output/45709_F01_Reference/45709_F01_Reference:NZ_LS483405.1_1598 (length 705)
prokka_output/45709_F01_Reference/45709_F01_Reference:NZ_LS483405.1_1599 (length 525)
prokka_output/45709_F01_Reference/45709_F01_Reference:NZ_LS483405.1_1600 (length 182)
prokka_output/45709_F01_Reference/45709_F01_Reference:NZ_LS483405.1_1601 (length 674)
prokka_output/45709_F01_Reference/45709_F01_Reference:NZ_LS483405.1_1602 (length 294)
prokka_output/45709_F01_Reference/45709_F01_Reference:NZ_LS483405.1_1603 (length 138)
prokka_output/45709_F01_Reference/45709_F01_Reference:NZ_LS483405.1_1604 (length 380)
prokka_output/45709_F01_Reference/45709_F01_Reference:NZ_LS483405.1_1605 (length 185)
prokka_output/45709_F01_Reference/45709_F01_Reference:NZ_LS483405.1_1606 (length 81)
prokka_output/45709_F01_Reference/45709_F01_Reference:NZ_LS483405.1_1607 (length 392)
prokka_output/45709_F01_Reference/45709_F01_Reference:NZ_LS483405.1_1608 (length 266)
prokka_output/45709_F01_Reference/45709_F01_Reference:NZ_LS483405.1_1609 (length 149)
prokka_output/45709_F01_Reference/45709_F01_Reference:NZ_LS483405.1_1610 (length 303)
prokka_output/45709_F01_Reference/45709_F01_Reference:NZ_LS483405.1_1611 (length 283)
prokka_output/45709_F01_Reference/45709_F01_Reference:NZ_LS483405.1_1612 (length 376)
prokka_output/45709_F01_Reference/45709_F01_Reference:NZ_LS483405.1_1613 (length 313)
prokka_output/45709_F01_Reference/45709_F01_Reference:NZ_LS483405.1_1614 (length 451)
prokka_output/45709_F01_Reference/45709_F01_Reference:NZ_LS483405.1_1615 (length 150)
prokka_output/45709_F01_Reference/45709_F01_Reference:NZ_LS483405.1_1616 (length 62)
prokka_output/45709_F01_Reference/45709_F01_Reference:NZ_LS483405.1_1617 (length 441)
prokka_output/45709_F01_Reference/45709_F01_Reference:NZ_LS483405.1_1618 (length 334)
prokka_output/45709_F01_Reference/45709_F01_Reference:NZ_LS483405.1_1619 (length 120)
prokka_output/45709_F01_Reference/45709_F01_Reference:NZ_LS483405.1_1620 (length 253)
prokka_output/45709_F01_Reference/45709_F01_Reference:NZ_LS483405.1_1621 (length 286)
prokka_output/45709_F01_Reference/45709_F01_Reference:NZ_LS483405.1_1622 (length 515)
prokka_output/45709_F01_Reference/45709_F01_Reference:NZ_LS483405.1_1623 (length 452)
prokka_output/45709_F01_Reference/45709_F01_Reference:NZ_LS483405.1_1624 (length 439)
prokka_output/45709_F01_Reference/45709_F01_Reference:NZ_LS483405.1_1625 (length 449)
prokka_output/45709_F01_Reference/45709_F01_Reference:NZ_LS483405.1_1626 (length 131)
prokka_output/45709_F01_Reference/45709_F01_Reference:NZ_LS483405.1_1627 (length 505)
prokka_output/45709_F01_Reference/45709_F01_Reference:NZ_LS483405.1_1628 (length 432)
prokka_output/45709_F01_Reference/45709_F01_Reference:NZ_LS483405.1_1629 (length 319)
prokka_output/45709_F01_Reference/45709_F01_Reference:NZ_LS483405.1_1630 (length 235)
prokka_output/45709_F01_Reference/45709_F01_Reference:NZ_LS483405.1_1631 (length 395)
prokka_output/45709_F01_Reference/45709_F01_Reference:NZ_LS483405.1_1632 (length 229)
prokka_output/45709_F01_Reference/45709_F01_Reference:NZ_LS483405.1_1633 (length 79)
prokka_output/45709_F01_Reference/45709_F01_Reference:NZ_LS483405.1_1634 (length 118)
prokka_output/45709_F01_Reference/45709_F01_Reference:NZ_LS483405.1_1635 (length 261)
prokka_output/45709_F01_Reference/45709_F01_Reference:NZ_LS483405.1_1636 (length 354)
prokka_output/45709_F01_Reference/45709_F01_Reference:NZ_LS483405.1_1637 (length 114)
prokka_output/45709_F01_Reference/45709_F01_Reference:NZ_LS483405.1_1638 (length 395)
prokka_output/45709_F01_Reference/45709_F01_Reference:NZ_LS483405.1_1639 (length 373)
prokka_output/45709_F01_Reference/45709_F01_Reference:NZ_LS483405.1_1640 (length 477)
prokka_output/45709_F01_Reference/45709_F01_Reference:NZ_LS483405.1_1641 (length 159)
prokka_output/45709_F01_Reference/45709_F01_Reference:NZ_LS483405.1_1642 (length 191)
prokka_output/45709_F01_Reference/45709_F01_Reference:NZ_LS483405.1_1643 (length 90)
prokka_output/45709_F01_Reference/45709_F01_Reference:NZ_LS483405.1_1644 (length 173)
prokka_output/45709_F01_Reference/45709_F01_Reference:NZ_LS483405.1_1645 (length 208)
prokka_output/45709_F01_Reference/45709_F01_Reference:NZ_LS483405.1_1646 (length 96)
prokka_output/45709_F01_Reference/45709_F01_Reference:NZ_LS483405.1_1647 (length 162)
prokka_output/45709_F01_Reference/45709_F01_Reference:NZ_LS483405.1_1648 (length 117)
prokka_output/45709_F01_Reference/45709_F01_Reference:NZ_LS483405.1_1649 (length 616)
prokka_output/45709_F01_Reference/45709_F01_Reference:NZ_LS483405.1_1650 (length 175)
prokka_output/45709_F01_Reference/45709_F01_Reference:NZ_LS483405.1_1651 (length 239)
prokka_output/45709_F01_Reference/45709_F01_Reference:NZ_LS483405.1_1652 (length 558)
prokka_output/45709_F01_Reference/45709_F01_Reference:NZ_LS483405.1_1653 (length 238)
prokka_output/45709_F01_Reference/45709_F01_Reference:NZ_LS483405.1_1654 (length 92)
prokka_output/45709_F01_Reference/45709_F01_Reference:NZ_LS483405.1_1655 (length 362)
prokka_output/45709_F01_Reference/45709_F01_Reference:NZ_LS483405.1_1656 (length 235)
prokka_output/45709_F01_Reference/45709_F01_Reference:NZ_LS483405.1_1657 (length 143)
prokka_output/45709_F01_Reference/45709_F01_Reference:NZ_LS483405.1_1658 (length 455)
prokka_output/45709_F01_Reference/45709_F01_Reference:NZ_LS483405.1_1659 (length 339)
prokka_output/45709_F01_Reference/45709_F01_Reference:NZ_LS483405.1_1660 (length 473)
prokka_output/45709_F01_Reference/45709_F01_Reference:NZ_LS483405.1_1661 (length 489)
prokka_output/45709_F01_Reference/45709_F01_Reference:NZ_LS483405.1_1662 (length 103)
prokka_output/45709_F01_Reference/45709_F01_Reference:NZ_LS483405.1_1663 (length 381)
prokka_output/45709_F01_Reference/45709_F01_Reference:NZ_LS483405.1_1664 (length 676)
prokka_output/45709_F01_Reference/45709_F01_Reference:NZ_LS483405.1_1665 (length 750)
prokka_output/45709_F01_Reference/45709_F01_Reference:NZ_LS483405.1_1666 (length 381)
prokka_output/45709_F01_Reference/45709_F01_Reference:NZ_LS483405.1_1667 (length 192)
prokka_output/45709_F01_Reference/45709_F01_Reference:NZ_LS483405.1_1668 (length 302)
prokka_output/45709_F01_Reference/45709_F01_Reference:NZ_LS483405.1_1669 (length 325)
prokka_output/45709_F01_Reference/45709_F01_Reference:NZ_LS483405.1_1670 (length 579)
prokka_output/45709_F01_Reference/45709_F01_Reference:NZ_LS483405.1_1671 (length 577)
prokka_output/45709_F01_Reference/45709_F01_Reference:NZ_LS483405.1_1672 (length 336)
prokka_output/45709_F01_Reference/45709_F01_Reference:NZ_LS483405.1_1673 (length 483)
prokka_output/45709_F01_Reference/45709_F01_Reference:NZ_LS483405.1_1674 (length 315)
prokka_output/45709_F01_Reference/45709_F01_Reference:NZ_LS483405.1_1675 (length 335)
prokka_output/45709_F01_Reference/45709_F01_Reference:NZ_LS483405.1_1676 (length 355)
prokka_output/45709_F01_Reference/45709_F01_Reference:NZ_LS483405.1_1677 (length 280)
prokka_output/45709_F01_Reference/45709_F01_Reference:NZ_LS483405.1_1678 (length 342)
prokka_output/45709_F01_Reference/45709_F01_Reference:NZ_LS483405.1_1679 (length 193)
prokka_output/45709_F01_Reference/45709_F01_Reference:NZ_LS483405.1_1680 (length 296)
prokka_output/45709_F01_Reference/45709_F01_Reference:NZ_LS483405.1_1681 (length 341)
prokka_output/45709_F01_Reference/45709_F01_Reference:NZ_LS483405.1_1682 (length 224)
prokka_output/45709_F01_Reference/45709_F01_Reference:NZ_LS483405.1_1683 (length 466)
prokka_output/45709_F01_Reference/45709_F01_Reference:NZ_LS483405.1_1684 (length 433)
prokka_output/45709_F01_Reference/45709_F01_Reference:NZ_LS483405.1_1685 (length 316)
prokka_output/45709_F01_Reference/45709_F01_Reference:NZ_LS483405.1_1686 (length 236)
prokka_output/45709_F01_Reference/45709_F01_Reference:NZ_LS483405.1_1687 (length 366)
prokka_output/45709_F01_Reference/45709_F01_Reference:NZ_LS483405.1_1688 (length 222)
prokka_output/45709_F01_Reference/45709_F01_Reference:NZ_LS483405.1_1689 (length 260)
prokka_output/45709_F01_Reference/45709_F01_Reference:NZ_LS483405.1_1690 (length 256)
prokka_output/45709_F01_Reference/45709_F01_Reference:NZ_LS483405.1_1691 (length 263)
prokka_output/45709_F01_Reference/45709_F01_Reference:NZ_LS483405.1_1692 (length 351)
prokka_output/45709_F01_Reference/45709_F01_Reference:NZ_LS483405.1_1693 (length 339)
prokka_output/45709_F01_Reference/45709_F01_Reference:NZ_LS483405.1_1694 (length 470)
prokka_output/45709_F01_Reference/45709_F01_Reference:NZ_LS483405.1_1695 (length 335)
prokka_output/45709_F01_Reference/45709_F01_Reference:NZ_LS483405.1_1696 (length 157)
prokka_output/45709_F01_Reference/45709_F01_Reference:NZ_LS483405.1_1697 (length 399)
prokka_output/45709_F01_Reference/45709_F01_Reference:NZ_LS483405.1_1698 (length 201)
prokka_output/45709_F01_Reference/45709_F01_Reference:NZ_LS483405.1_1699 (length 350)
prokka_output/45709_F01_Reference/45709_F01_Reference:NZ_LS483405.1_1700 (length 220)
prokka_output/45709_F01_Reference/45709_F01_Reference:NZ_LS483405.1_1701 (length 450)
prokka_output/45709_F01_Reference/45709_F01_Reference:NZ_LS483405.1_1702 (length 322)
prokka_output/45709_F01_Reference/45709_F01_Reference:NZ_LS483405.1_1703 (length 130)
prokka_output/45709_F01_Reference/45709_F01_Reference:NZ_LS483405.1_1704 (length 147)
prokka_output/45709_F01_Reference/45709_F01_Reference:NZ_LS483405.1_1705 (length 265)
prokka_output/45709_F01_Reference/45709_F01_Reference:NZ_LS483405.1_1706 (length 266)
prokka_output/45709_F01_Reference/45709_F01_Reference:NZ_LS483405.1_1707 (length 290)
prokka_output/45709_F01_Reference/45709_F01_Reference:NZ_LS483405.1_1708 (length 279)
prokka_output/45709_F01_Reference/45709_F01_Reference:NZ_LS483405.1_1709 (length 127)
prokka_output/45709_F01_Reference/45709_F01_Reference:NZ_LS483405.1_1710 (length 316)
prokka_output/45709_F01_Reference/45709_F01_Reference:NZ_LS483405.1_1711 (length 129)
prokka_output/45709_F01_Reference/45709_F01_Reference:NZ_LS483405.1_1712 (length 121)
prokka_output/45709_F01_Reference/45709_F01_Reference:NZ_LS483405.1_1713 (length 72)
prokka_output/45709_F01_Reference/45709_F01_Reference:NZ_LS483405.1_1714 (length 219)
prokka_output/45709_F01_Reference/45709_F01_Reference:NZ_LS483405.1_1715 (length 436)
prokka_output/45709_F01_Reference/45709_F01_Reference:NZ_LS483405.1_1716 (length 144)
prokka_output/45709_F01_Reference/45709_F01_Reference:NZ_LS483405.1_1717 (length 60)
prokka_output/45709_F01_Reference/45709_F01_Reference:NZ_LS483405.1_1718 (length 167)
prokka_output/45709_F01_Reference/45709_F01_Reference:NZ_LS483405.1_1719 (length 118)
prokka_output/45709_F01_Reference/45709_F01_Reference:NZ_LS483405.1_1720 (length 178)
prokka_output/45709_F01_Reference/45709_F01_Reference:NZ_LS483405.1_1721 (length 132)
prokka_output/45709_F01_Reference/45709_F01_Reference:NZ_LS483405.1_1722 (length 180)
prokka_output/45709_F01_Reference/45709_F01_Reference:NZ_LS483405.1_1723 (length 103)
prokka_output/45709_F01_Reference/45709_F01_Reference:NZ_LS483405.1_1724 (length 122)
prokka_output/45709_F01_Reference/45709_F01_Reference:NZ_LS483405.1_1725 (length 88)
prokka_output/45709_F01_Reference/45709_F01_Reference:NZ_LS483405.1_1726 (length 64)
prokka_output/45709_F01_Reference/45709_F01_Reference:NZ_LS483405.1_1727 (length 144)
prokka_output/45709_F01_Reference/45709_F01_Reference:NZ_LS483405.1_1728 (length 219)
prokka_output/45709_F01_Reference/45709_F01_Reference:NZ_LS483405.1_1729 (length 118)
prokka_output/45709_F01_Reference/45709_F01_Reference:NZ_LS483405.1_1730 (length 91)
prokka_output/45709_F01_Reference/45709_F01_Reference:NZ_LS483405.1_1731 (length 282)
prokka_output/45709_F01_Reference/45709_F01_Reference:NZ_LS483405.1_1732 (length 95)
prokka_output/45709_F01_Reference/45709_F01_Reference:NZ_LS483405.1_1733 (length 207)
prokka_output/45709_F01_Reference/45709_F01_Reference:NZ_LS483405.1_1734 (length 216)
prokka_output/45709_F01_Reference/45709_F01_Reference:NZ_LS483405.1_1735 (length 102)
prokka_output/45709_F01_Reference/45709_F01_Reference:NZ_LS483405.1_1736 (length 445)
prokka_output/45709_F01_Reference/45709_F01_Reference:NZ_LS483405.1_1737 (length 699)
prokka_output/45709_F01_Reference/45709_F01_Reference:NZ_LS483405.1_1738 (length 156)
prokka_output/45709_F01_Reference/45709_F01_Reference:NZ_LS483405.1_1739 (length 137)
prokka_output/45709_F01_Reference/45709_F01_Reference:NZ_LS483405.1_1740 (length 215)
prokka_output/45709_F01_Reference/45709_F01_Reference:NZ_LS483405.1_1741 (length 1215)
prokka_output/45709_F01_Reference/45709_F01_Reference:NZ_LS483405.1_1742 (length 1198)
prokka_output/45709_F01_Reference/45709_F01_Reference:NZ_LS483405.1_1743 (length 201)
prokka_output/45709_F01_Reference/45709_F01_Reference:NZ_LS483405.1_1744 (length 828)
prokka_output/45709_F01_Reference/45709_F01_Reference:NZ_LS483405.1_1745 (length 155)
prokka_output/45709_F01_Reference/45709_F01_Reference:NZ_LS483405.1_1746 (length 423)
prokka_output/45709_F01_Reference/45709_F01_Reference:NZ_LS483405.1_1747 (length 210)
prokka_output/45709_F01_Reference/45709_F01_Reference:NZ_LS483405.1_1748 (length 499)
prokka_output/45709_F01_Reference/45709_F01_Reference:NZ_LS483405.1_1749 (length 184)
prokka_output/45709_F01_Reference/45709_F01_Reference:NZ_LS483405.1_1750 (length 264)
prokka_output/45709_F01_Reference/45709_F01_Reference:NZ_LS483405.1_1751 (length 222)
prokka_output/45709_F01_Reference/45709_F01_Reference:NZ_LS483405.1_1752 (length 149)
prokka_output/45709_F01_Reference/45709_F01_Reference:NZ_LS483405.1_1753 (length 253)
prokka_output/45709_F01_Reference/45709_F01_Reference:NZ_LS483405.1_1754 (length 215)
prokka_output/45709_F01_Reference/45709_F01_Reference:NZ_LS483405.1_1755 (length 298)
prokka_output/45709_F01_Reference/45709_F01_Reference:NZ_LS483405.1_1756 (length 187)
prokka_output/45709_F01_Reference/45709_F01_Reference:NZ_LS483405.1_1757 (length 145)
prokka_output/45709_F01_Reference/45709_F01_Reference:NZ_LS483405.1_1758 (length 498)
prokka_output/45709_F01_Reference/45709_F01_Reference:NZ_LS483405.1_1759 (length 241)
prokka_output/45709_F01_Reference/45709_F01_Reference:NZ_LS483405.1_1760 (length 79)
prokka_output/45709_F01_Reference/45709_F01_Reference:NZ_LS483405.1_1761 (length 236)
prokka_output/45709_F01_Reference/45709_F01_Reference:NZ_LS483405.1_1762 (length 110)
prokka_output/45709_F01_Reference/45709_F01_Reference:NZ_LS483405.1_1763 (length 425)
prokka_output/45709_F01_Reference/45709_F01_Reference:NZ_LS483405.1_1764 (length 397)
prokka_output/45709_F01_Reference/45709_F01_Reference:NZ_LS483405.1_1765 (length 132)
prokka_output/45709_F01_Reference/45709_F01_Reference:NZ_LS483405.1_1766 (length 172)
prokka_output/45709_F01_Reference/45709_F01_Reference:NZ_LS483405.1_1767 (length 161)
prokka_output/45709_F01_Reference/45709_F01_Reference:NZ_LS483405.1_1768 (length 195)
prokka_output/45709_F01_Reference/45709_F01_Reference:NZ_LS483405.1_1769 (length 258)
prokka_output/45709_F01_Reference/45709_F01_Reference:NZ_LS483405.1_1770 (length 294)
prokka_output/45709_F01_Reference/45709_F01_Reference:NZ_LS483405.1_1771 (length 105)
prokka_output/45709_F01_Reference/45709_F01_Reference:NZ_LS483405.1_1772 (length 66)
prokka_output/45709_F01_Reference/45709_F01_Reference:NZ_LS483405.1_1773 (length 56)
prokka_output/45709_F01_Reference/45709_F01_Reference:NZ_LS483405.1_1774 (length 187)
prokka_output/45709_F01_Reference/45709_F01_Reference:NZ_LS483405.1_1775 (length 474)
prokka_output/45709_F01_Reference/45709_F01_Reference:NZ_LS483405.1_1776 (length 242)
prokka_output/45709_F01_Reference/45709_F01_Reference:NZ_LS483405.1_1777 (length 533)
prokka_output/45709_F01_Reference/45709_F01_Reference:NZ_LS483405.1_1778 (length 465)
prokka_output/45709_F01_Reference/45709_F01_Reference:NZ_LS483405.1_1779 (length 361)
prokka_output/45709_F01_Reference/45709_F01_Reference:NZ_LS483405.1_1780 (length 187)
prokka_output/45709_F01_Reference/45709_F01_Reference:NZ_LS483405.1_1781 (length 296)
prokka_output/45709_F01_Reference/45709_F01_Reference:NZ_LS483405.1_1782 (length 326)
prokka_output/45709_F01_Reference/45709_F01_Reference:NZ_LS483405.1_1783 (length 429)
prokka_output/45709_F01_Reference/45709_F01_Reference:NZ_LS483405.1_1784 (length 496)
prokka_output/45709_F01_Reference/45709_F01_Reference:NZ_LS483405.1_1785 (length 591)
prokka_output/45709_F01_Reference/45709_F01_Reference:NZ_LS483405.1_1786 (length 140)
prokka_output/45709_F01_Reference/45709_F01_Reference:NZ_LS483405.1_1787 (length 191)
prokka_output/45709_F01_Reference/45709_F01_Reference:NZ_LS483405.1_1788 (length 467)
prokka_output/45709_F01_Reference/45709_F01_Reference:NZ_LS483405.1_1789 (length 538)
prokka_output/45709_F01_Reference/45709_F01_Reference:NZ_LS483405.1_1790 (length 844)
prokka_output/45709_F01_Reference/45709_F01_Reference:NZ_LS483405.1_1791 (length 132)
prokka_output/45709_F01_Reference/45709_F01_Reference:NZ_LS483405.1_1792 (length 737)
prokka_output/45709_F01_Reference/45709_F01_Reference:NZ_LS483405.1_1793 (length 748)
prokka_output/45709_F01_Reference/45709_F01_Reference:NZ_LS483405.1_1794 (length 521)
prokka_output/45709_F01_Reference/45709_F01_Reference:NZ_LS483405.1_1795 (length 192)
prokka_output/45709_F01_Reference/45709_F01_Reference:NZ_LS483405.1_1796 (length 307)
prokka_output/45709_F01_Reference/45709_F01_Reference:NZ_LS483405.1_1797 (length 764)
prokka_output/45709_F01_Reference/45709_F01_Reference:NZ_LS483405.1_1798 (length 617)
prokka_output/45709_F01_Reference/45709_F01_Reference:NZ_LS483405.1_1799 (length 216)
prokka_output/45709_F01_Reference/45709_F01_Reference:NZ_LS483405.1_1800 (length 319)
prokka_output/45709_F01_Reference/45709_F01_Reference:NZ_LS483405.1_1801 (length 366)
prokka_output/45709_F01_Reference/45709_F01_Reference:NZ_LS483405.1_1802 (length 341)
prokka_output/45709_F01_Reference/45709_F01_Reference:NZ_LS483405.1_1803 (length 309)
prokka_output/45709_F01_Reference/45709_F01_Reference:NZ_LS483405.1_1804 (length 51)
prokka_output/45709_F01_Reference/45709_F01_Reference:NZ_LS483405.1_1805 (length 463)
prokka_output/45709_F01_Reference/45709_F01_Reference:NZ_LS483405.1_1806 (length 541)
prokka_output/45709_F01_Reference/45709_F01_Reference:NZ_LS483405.1_1807 (length 425)
prokka_output/45709_F01_Reference/45709_F01_Reference:NZ_LS483405.1_1808 (length 218)
prokka_output/45709_F01_Reference/45709_F01_Reference:NZ_LS483405.1_1809 (length 212)
prokka_output/45709_F01_Reference/45709_F01_Reference:NZ_LS483405.1_1810 (length 278)
prokka_output/45709_F01_Reference/45709_F01_Reference:NZ_LS483405.1_1811 (length 246)
prokka_output/45709_F01_Reference/45709_F01_Reference:NZ_LS483405.1_1812 (length 310)
prokka_output/45709_F01_Reference/45709_F01_Reference:NZ_LS483405.1_1813 (length 181)
prokka_output/45709_F01_Reference/45709_F01_Reference:NZ_LS483405.1_1814 (length 152)
prokka_output/45709_F01_Reference/45709_F01_Reference:NZ_LS483405.1_1815 (length 190)
prokka_output/45709_F01_Reference/45709_F01_Reference:NZ_LS483405.1_1816 (length 140)
prokka_output/45709_F01_Reference/45709_F01_Reference:NZ_LS483405.1_1817 (length 464)
prokka_output/45709_F01_Reference/45709_F01_Reference:NZ_LS483405.1_1818 (length 811)
prokka_output/45709_F01_Reference/45709_F01_Reference:NZ_LS483405.1_1819 (length 303)
prokka_output/45709_F01_Reference/45709_F01_Reference:NZ_LS483405.1_1820 (length 199)
prokka_output/45709_F01_Reference/45709_F01_Reference:NZ_LS483405.1_1821 (length 518)
prokka_output/45709_F01_Reference/45709_F01_Reference:NZ_LS483405.1_1822 (length 127)
prokka_output/45709_F01_Reference/45709_F01_Reference:NZ_LS483405.1_1823 (length 229)
prokka_output/45709_F01_Reference/45709_F01_Reference:NZ_LS483405.1_1824 (length 232)
prokka_output/45709_F01_Reference/45709_F01_Reference:NZ_LS483405.1_1825 (length 247)
prokka_output/45709_F01_Reference/45709_F01_Reference:NZ_LS483405.1_1826 (length 69)
prokka_output/45709_F01_Reference/45709_F01_Reference:NZ_LS483405.1_1827 (length 321)
prokka_output/45709_F01_Reference/45709_F01_Reference:NZ_LS483405.1_1828 (length 296)
prokka_output/45709_F01_Reference/45709_F01_Reference:NZ_LS483405.1_1829 (length 331)
prokka_output/45709_F01_Reference/45709_F01_Reference:NZ_LS483405.1_1830 (length 300)
prokka_output/45709_F01_Reference/45709_F01_Reference:NZ_LS483405.1_1831 (length 256)
prokka_output/45709_F01_Reference/45709_F01_Reference:NZ_LS483405.1_1832 (length 234)
prokka_output/45709_F01_Reference/45709_F01_Reference:NZ_LS483405.1_1833 (length 230)
prokka_output/45709_F01_Reference/45709_F01_Reference:NZ_LS483405.1_1834 (length 346)
prokka_output/45709_F01_Reference/45709_F01_Reference:NZ_LS483405.1_1835 (length 120)
prokka_output/45709_F01_Reference/45709_F01_Reference:NZ_LS483405.1_1836 (length 1039)
prokka_output/45709_F01_Reference/45709_F01_Reference:NZ_LS483405.1_1837 (length 65)
prokka_output/45709_F01_Reference/45709_F01_Reference:NZ_LS483405.1_1838 (length 288)
prokka_output/45709_F01_Reference/45709_F01_Reference:NZ_LS483405.1_1839 (length 249)
prokka_output/45709_F01_Reference/45709_F01_Reference:NZ_LS483405.1_1840 (length 437)
prokka_output/45709_F01_Reference/45709_F01_Reference:NZ_LS483405.1_1841 (length 207)
prokka_output/45709_F01_Reference/45709_F01_Reference:NZ_LS483405.1_1842 (length 329)
prokka_output/45709_F01_Reference/45709_F01_Reference:NZ_LS483405.1_1843 (length 325)
prokka_output/45709_F01_Reference/45709_F01_Reference:NZ_LS483405.1_1844 (length 253)
prokka_output/45709_F01_Reference/45709_F01_Reference:NZ_LS483405.1_1845 (length 78)
prokka_output/45709_F01_Reference/45709_F01_Reference:NZ_LS483405.1_1846 (length 920)
prokka_output/45709_F01_Reference/45709_F01_Reference:NZ_LS483405.1_1847 (length 478)
prokka_output/45709_F01_Reference/45709_F01_Reference:NZ_LS483405.1_1848 (length 178)
prokka_output/45709_F01_Reference/45709_F01_Reference:NZ_LS483405.1_1849 (length 156)
prokka_output/45709_F01_Reference/45709_F01_Reference:NZ_LS483405.1_1850 (length 156)
prokka_output/45709_F01_Reference/45709_F01_Reference:NZ_LS483405.1_1851 (length 143)
prokka_output/45709_F01_Reference/45709_F01_Reference:NZ_LS483405.1_1852 (length 220)
prokka_output/45709_F01_Reference/45709_F01_Reference:NZ_LS483405.1_1853 (length 710)
prokka_output/45709_F01_Reference/45709_F01_Reference:NZ_LS483405.1_1854 (length 331)
prokka_output/45709_F01_Reference/45709_F01_Reference:NZ_LS483405.1_1855 (length 252)
prokka_output/45709_F01_Reference/45709_F01_Reference:NZ_LS483405.1_1856 (length 347)
prokka_output/45709_F01_Reference/45709_F01_Reference:NZ_LS483405.1_1857 (length 318)
prokka_output/45709_F01_Reference/45709_F01_Reference:NZ_LS483405.1_1858 (length 115)
prokka_output/45709_F01_Reference/45709_F01_Reference:NZ_LS483405.1_1859 (length 220)
prokka_output/45709_F01_Reference/45709_F01_Reference:NZ_LS483405.1_1860 (length 271)
prokka_output/45709_F01_Reference/45709_F01_Reference:NZ_LS483405.1_1861 (length 271)
prokka_output/45709_F01_Reference/45709_F01_Reference:NZ_LS483405.1_1862 (length 425)
prokka_output/45709_F01_Reference/45709_F01_Reference:NZ_LS483405.1_1863 (length 273)
prokka_output/45709_F01_Reference/45709_F01_Reference:NZ_LS483405.1_1864 (length 252)
prokka_output/45709_F01_Reference/45709_F01_Reference:NZ_LS483405.1_1865 (length 109)
prokka_output/45709_F01_Reference/45709_F01_Reference:NZ_LS483405.1_1866 (length 222)
prokka_output/45709_F01_Reference/45709_F01_Reference:NZ_LS483405.1_1867 (length 392)
prokka_output/45709_F01_Reference/45709_F01_Reference:NZ_LS483405.1_1868 (length 304)
prokka_output/45709_F01_Reference/45709_F01_Reference:NZ_LS483405.1_1869 (length 187)
prokka_output/45709_F01_Reference/45709_F01_Reference:NZ_LS483405.1_1870 (length 469)
prokka_output/45709_F01_Reference/45709_F01_Reference:NZ_LS483405.1_1871 (length 217)
prokka_output/45709_F01_Reference/45709_F01_Reference:NZ_LS483405.1_1872 (length 217)
prokka_output/45709_F01_Reference/45709_F01_Reference:NZ_LS483405.1_1873 (length 121)
prokka_output/45709_F01_Reference/45709_F01_Reference:NZ_LS483405.1_1874 (length 63)
prokka_output/45709_F01_Reference/45709_F01_Reference:NZ_LS483405.1_1875 (length 80)
prokka_output/45709_F01_Reference/45709_F01_Reference:NZ_LS483405.1_1876 (length 114)
prokka_output/45709_F01_Reference/45709_F01_Reference:NZ_LS483405.1_1877 (length 387)
prokka_output/45709_F01_Reference/45709_F01_Reference:NZ_LS483405.1_1878 (length 336)
prokka_output/45709_F01_Reference/45709_F01_Reference:NZ_LS483405.1_1879 (length 51)
prokka_output/45709_F01_Reference/45709_F01_Reference:NZ_LS483405.1_1880 (length 467)
prokka_output/45709_F01_Reference/45709_F01_Reference:NZ_LS483405.1_1881 (length 297)
prokka_output/45709_F01_Reference/45709_F01_Reference:NZ_LS483405.1_1882 (length 406)
prokka_output/45709_F01_Reference/45709_F01_Reference:NZ_LS483405.1_1883 (length 449)
prokka_output/45709_F01_Reference/45709_F01_Reference:NZ_LS483405.1_1884 (length 288)
prokka_output/45709_F01_Reference/45709_F01_Reference:NZ_LS483405.1_1885 (length 268)
prokka_output/45709_F01_Reference/45709_F01_Reference:NZ_LS483405.1_1886 (length 122)
prokka_output/45709_F01_Reference/45709_F01_Reference:NZ_LS483405.1_1887 (length 120)
prokka_output/45709_F01_Reference/45709_F01_Reference:NZ_LS483405.1_1888 (length 468)
prokka_output/45709_F01_Reference/45709_F01_Reference:NZ_LS483405.1_1889 (length 228)
prokka_output/45709_F01_Reference/45709_F01_Reference:NZ_LS483405.1_1890 (length 426)
prokka_output/45709_F01_Reference/45709_F01_Reference:NZ_LS483405.1_1891 (length 253)
prokka_output/45709_F01_Reference/45709_F01_Reference:NZ_LS483405.1_1892 (length 410)
prokka_output/45709_F01_Reference/45709_F01_Reference:NZ_LS483405.1_1893 (length 278)
prokka_output/45709_F01_Reference/45709_F01_Reference:NZ_LS483405.1_1894 (length 222)
prokka_output/45709_F01_Reference/45709_F01_Reference:NZ_LS483405.1_1895 (length 327)
prokka_output/45709_F01_Reference/45709_F01_Reference:NZ_LS483405.1_1896 (length 248)
prokka_output/45709_F01_Reference/45709_F01_Reference:NZ_LS483405.1_1897 (length 139)
prokka_output/45709_F01_Reference/45709_F01_Reference:NZ_LS483405.1_1898 (length 370)
prokka_output/45709_F01_Reference/45709_F01_Reference:NZ_LS483405.1_1899 (length 274)
prokka_output/45709_F01_Reference/45709_F01_Reference:NZ_LS483405.1_1900 (length 267)
prokka_output/45709_F01_Reference/45709_F01_Reference:NZ_LS483405.1_1901 (length 356)
prokka_output/45709_F01_Reference/45709_F01_Reference:NZ_LS483405.1_1902 (length 267)
prokka_output/45709_F01_Reference/45709_F01_Reference:NZ_LS483405.1_1903 (length 296)
prokka_output/45709_F01_Reference/45709_F01_Reference:NZ_LS483405.1_1904 (length 317)
prokka_output/45709_F01_Reference/45709_F01_Reference:NZ_LS483405.1_1905 (length 296)
prokka_output/45709_F01_Reference/45709_F01_Reference:NZ_LS483405.1_1906 (length 116)
prokka_output/45709_F01_Reference/45709_F01_Reference:NZ_LS483405.1_1907 (length 67)
prokka_output/45709_F01_Reference/45709_F01_Reference:NZ_LS483405.1_1908 (length 87)
prokka_output/45709_F01_Reference/45709_F01_Reference:NZ_LS483405.1_1909 (length 788)
prokka_output/45709_F01_Reference/45709_F01_Reference:NZ_LS483405.1_1910 (length 230)
prokka_output/45709_F01_Reference/45709_F01_Reference:NZ_LS483405.1_1911 (length 305)
prokka_output/45709_F01_Reference/45709_F01_Reference:NZ_LS483405.1_1912 (length 347)
prokka_output/45709_F01_Reference/45709_F01_Reference:NZ_LS483405.1_1913 (length 148)
prokka_output/45709_F01_Reference/45709_F01_Reference:NZ_LS483405.1_1914 (length 529)
prokka_output/45709_F01_Reference/45709_F01_Reference:NZ_LS483405.1_1915 (length 235)
prokka_output/45709_F01_Reference/45709_F01_Reference:NZ_LS483405.1_1916 (length 229)
prokka_output/45709_F01_Reference/45709_F01_Reference:NZ_LS483405.1_1917 (length 163)
prokka_output/45709_F01_Reference/45709_F01_Reference:NZ_LS483405.1_1918 (length 361)
prokka_output/45709_F01_Reference/45709_F01_Reference:NZ_LS483405.1_1919 (length 249)
prokka_output/45709_F01_Reference/45709_F01_Reference:NZ_LS483405.1_1920 (length 260)
prokka_output/45709_F01_Reference/45709_F01_Reference:NZ_LS483405.1_1921 (length 371)
prokka_output/45709_F01_Reference/45709_F01_Reference:NZ_LS483405.1_1922 (length 38)
prokka_output/45709_F01_Reference/45709_F01_Reference:NZ_LS483405.1_1923 (length 161)
prokka_output/45709_F01_Reference/45709_F01_Reference:NZ_LS483405.1_1924 (length 294)
prokka_output/45709_F01_Reference/45709_F01_Reference:NZ_LS483405.1_1925 (length 248)
prokka_output/45709_F01_Reference/45709_F01_Reference:NZ_LS483405.1_1926 (length 167)
prokka_output/45709_F01_Reference/45709_F01_Reference:NZ_LS483405.1_1927 (length 651)
prokka_output/45709_F01_Reference/45709_F01_Reference:NZ_LS483405.1_1928 (length 120)
prokka_output/45709_F01_Reference/45709_F01_Reference:NZ_LS483405.1_1929 (length 177)
prokka_output/45709_F01_Reference/45709_F01_Reference:NZ_LS483405.1_1930 (length 263)
prokka_output/45709_F01_Reference/45709_F01_Reference:NZ_LS483405.1_1931 (length 229)
prokka_output/45709_F01_Reference/45709_F01_Reference:NZ_LS483405.1_1932 (length 230)
prokka_output/45709_F01_Reference/45709_F01_Reference:NZ_LS483405.1_1933 (length 156)
prokka_output/45709_F01_Reference/45709_F01_Reference:NZ_LS483405.1_1934 (length 750)
prokka_output/45709_F01_Reference/45709_F01_Reference:NZ_LS483405.1_1935 (length 61)
prokka_output/45709_F01_Reference/45709_F01_Reference:NZ_LS483405.1_1936 (length 39)
prokka_output/45709_F01_Reference/45709_F01_Reference:NZ_LS483405.1_1937 (length 336)
prokka_output/45709_F01_Reference/45709_F01_Reference:NZ_LS483405.1_1938 (length 487)
prokka_output/45709_F01_Reference/45709_F01_Reference:NZ_LS483405.1_1939 (length 334)
prokka_output/45709_F01_Reference/45709_F01_Reference:NZ_LS483405.1_1940 (length 389)
prokka_output/45709_F01_Reference/45709_F01_Reference:NZ_LS483405.1_1941 (length 474)
prokka_output/45709_F01_Reference/45709_F01_Reference:NZ_LS483405.1_1942 (length 81)
prokka_output/45709_F01_Reference/45709_F01_Reference:NZ_LS483405.1_1943 (length 576)
prokka_output/45709_F01_Reference/45709_F01_Reference:NZ_LS483405.1_1944 (length 340)
prokka_output/45709_F01_Reference/45709_F01_Reference:NZ_LS483405.1_1945 (length 372)
prokka_output/45709_F01_Reference/45709_F01_Reference:NZ_LS483405.1_1946 (length 264)
prokka_output/45709_F01_Reference/45709_F01_Reference:NZ_LS483405.1_1947 (length 321)
prokka_output/45709_F01_Reference/45709_F01_Reference:NZ_LS483405.1_1948 (length 337)
prokka_output/45709_F01_Reference/45709_F01_Reference:NZ_LS483405.1_1949 (length 112)
prokka_output/45709_F01_Reference/45709_F01_Reference:NZ_LS483405.1_1950 (length 225)
prokka_output/45709_F01_Reference/45709_F01_Reference:NZ_LS483405.1_1951 (length 572)
prokka_output/45709_F01_Reference/45709_F01_Reference:NZ_LS483405.1_1952 (length 300)
prokka_output/45709_F01_Reference/45709_F01_Reference:NZ_LS483405.1_1953 (length 407)
prokka_output/45709_F01_Reference/45709_F01_Reference:NZ_LS483405.1_1954 (length 286)
prokka_output/45709_F01_Reference/45709_F01_Reference:NZ_LS483405.1_1955 (length 272)
prokka_output/45709_F01_Reference/45709_F01_Reference:NZ_LS483405.1_1956 (length 147)
prokka_output/45709_F01_Reference/45709_F01_Reference:NZ_LS483405.1_1957 (length 470)
prokka_output/45709_F01_Reference/45709_F01_Reference:NZ_LS483405.1_1958 (length 57)
prokka_output/45709_F01_Reference/45709_F01_Reference:NZ_LS483405.1_1959 (length 265)
prokka_output/45709_F01_Reference/45709_F01_Reference:NZ_LS483405.1_1960 (length 238)
prokka_output/45709_F01_Reference/45709_F01_Reference:NZ_LS483405.1_1961 (length 284)
prokka_output/45709_F01_Reference/45709_F01_Reference:NZ_LS483405.1_1962 (length 210)
prokka_output/45709_F01_Reference/45709_F01_Reference:NZ_LS483405.1_1963 (length 130)
prokka_output/45709_F01_Reference/45709_F01_Reference:NZ_LS483405.1_1964 (length 230)
prokka_output/45709_F01_Reference/45709_F01_Reference:NZ_LS483405.1_1965 (length 152)
prokka_output/45709_F01_Reference/45709_F01_Reference:NZ_LS483405.1_1966 (length 526)
prokka_output/45709_F01_Reference/45709_F01_Reference:NZ_LS483405.1_1967 (length 202)
prokka_output/45709_F01_Reference/45709_F01_Reference:NZ_LS483405.1_1968 (length 141)
prokka_output/45709_F01_Reference/45709_F01_Reference:NZ_LS483405.1_1969 (length 264)
prokka_output/45709_F01_Reference/45709_F01_Reference:NZ_LS483405.1_1970 (length 159)
prokka_output/45709_F01_Reference/45709_F01_Reference:NZ_LS483405.1_1971 (length 412)
prokka_output/45709_F01_Reference/45709_F01_Reference:NZ_LS483405.1_1972 (length 98)
prokka_output/45709_F01_Reference/45709_F01_Reference:NZ_LS483405.1_1973 (length 271)
prokka_output/45709_F01_Reference/45709_F01_Reference:NZ_LS483405.1_1974 (length 59)
prokka_output/45709_F01_Reference/45709_F01_Reference:NZ_LS483405.1_1975 (length 230)
prokka_output/45709_F01_Reference/45709_F01_Reference:NZ_LS483405.1_1976 (length 105)
prokka_output/45709_F01_Reference/45709_F01_Reference:NZ_LS483405.1_1977 (length 49)
prokka_output/45709_F01_Reference/45709_F01_Reference:NZ_LS483405.1_1978 (length 79)
prokka_output/45709_F01_Reference/45709_F01_Reference:NZ_LS483405.1_1979 (length 67)
prokka_output/45709_F01_Reference/45709_F01_Reference:NZ_LS483405.1_1980 (length 202)
prokka_output/45709_F01_Reference/45709_F01_Reference:NZ_LS483405.1_1981 (length 106)
prokka_output/45709_F01_Reference/45709_F01_Reference:NZ_LS483405.1_1982 (length 379)
prokka_output/45709_F01_Reference/45709_F01_Reference:NZ_LS483405.1_1983 (length 551)
prokka_output/45709_F01_Reference/45709_F01_Reference:NZ_LS483405.1_1984 (length 1116)
prokka_output/45709_F01_Reference/45709_F01_Reference:NZ_LS483405.1_1985 (length 103)
prokka_output/45709_F01_Reference/45709_F01_Reference:NZ_LS483405.1_1986 (length 346)
prokka_output/45709_F01_Reference/45709_F01_Reference:NZ_LS483405.1_1987 (length 124)
prokka_output/45709_F01_Reference/45709_F01_Reference:NZ_LS483405.1_1988 (length 327)
prokka_output/45709_F01_Reference/45709_F01_Reference:NZ_LS483405.1_1989 (length 96)
prokka_output/45709_F01_Reference/45709_F01_Reference:NZ_LS483405.1_1990 (length 328)
prokka_output/45709_F01_Reference/45709_F01_Reference:NZ_LS483405.1_1991 (length 226)
prokka_output/45709_F01_Reference/45709_F01_Reference:NZ_LS483405.1_1992 (length 354)
prokka_output/45709_F01_Reference/45709_F01_Reference:NZ_LS483405.1_1993 (length 267)
prokka_output/45709_F01_Reference/45709_F01_Reference:NZ_LS483405.1_1994 (length 182)
prokka_output/45709_F01_Reference/45709_F01_Reference:NZ_LS483405.1_1995 (length 546)
prokka_output/45709_F01_Reference/45709_F01_Reference:NZ_LS483405.1_1996 (length 34)
prokka_output/45709_F01_Reference/45709_F01_Reference:NZ_LS483405.1_1997 (length 751)
prokka_output/45709_F01_Reference/45709_F01_Reference:NZ_LS483405.1_1998 (length 327)
prokka_output/45709_F01_Reference/45709_F01_Reference:NZ_LS483405.1_1999 (length 1049)
prokka_output/45709_F01_Reference/45709_F01_Reference:NZ_LS483405.1_2000 (length 377)
prokka_output/45709_F01_Reference/45709_F01_Reference:NZ_LS483405.1_2001 (length 186)
prokka_output/45709_F01_Reference/45709_F01_Reference:NZ_LS483405.1_2002 (length 308)
prokka_output/45709_F01_Reference/45709_F01_Reference:NZ_LS483405.1_2003 (length 316)
prokka_output/45709_F01_Reference/45709_F01_Reference:NZ_LS483405.1_2004 (length 374)
prokka_output/45709_F01_Reference/45709_F01_Reference:NZ_LS483405.1_2005 (length 106)
prokka_output/45709_F01_Reference/45709_F01_Reference:NZ_LS483405.1_2006 (length 140)
prokka_output/45709_F01_Reference/45709_F01_Reference:NZ_LS483405.1_2007 (length 142)
prokka_output/45709_F01_Reference/45709_F01_Reference:NZ_LS483405.1_2008 (length 189)
prokka_output/45709_F01_Reference/45709_F01_Reference:NZ_LS483405.1_2009 (length 133)
prokka_output/45709_F01_Reference/45709_F01_Reference:NZ_LS483405.1_2010 (length 413)
prokka_output/45709_F01_Reference/45709_F01_Reference:NZ_LS483405.1_2011 (length 280)
prokka_output/45709_F01_Reference/45709_F01_Reference:NZ_LS483405.1_2012 (length 394)
prokka_output/45709_F01_Reference/45709_F01_Reference:NZ_LS483405.1_2013 (length 398)
prokka_output/45709_F01_Reference/45709_F01_Reference:NZ_LS483405.1_2014 (length 322)
prokka_output/45709_F01_Reference/45709_F01_Reference:NZ_LS483405.1_2015 (length 88)
prokka_output/45709_F01_Reference/45709_F01_Reference:NZ_LS483405.1_2016 (length 307)
prokka_output/45709_F01_Reference/45709_F01_Reference:NZ_LS483405.1_2017 (length 235)
prokka_output/45709_F01_Reference/45709_F01_Reference:NZ_LS483405.1_2018 (length 349)
prokka_output/45709_F01_Reference/45709_F01_Reference:NZ_LS483405.1_2019 (length 212)
prokka_output/45709_F01_Reference/45709_F01_Reference:NZ_LS483405.1_2020 (length 550)
prokka_output/45709_F01_Reference/45709_F01_Reference:NZ_LS483405.1_2021 (length 295)
prokka_output/45709_F01_Reference/45709_F01_Reference:NZ_LS483405.1_2022 (length 136)
prokka_output/45709_F01_Reference/45709_F01_Reference:NZ_LS483405.1_2023 (length 187)
prokka_output/45709_F01_Reference/45709_F01_Reference:NZ_LS483405.1_2024 (length 488)
prokka_output/45709_F01_Reference/45709_F01_Reference:NZ_LS483405.1_2025 (length 293)
prokka_output/45709_F01_Reference/45709_F01_Reference:NZ_LS483405.1_2026 (length 136)
prokka_output/45709_F01_Reference/45709_F01_Reference:NZ_LS483405.1_2027 (length 574)
prokka_output/45709_F01_Reference/45709_F01_Reference:NZ_LS483405.1_2028 (length 114)
prokka_output/45709_F01_Reference/45709_F01_Reference:NZ_LS483405.1_2029 (length 262)
prokka_output/45709_F01_Reference/45709_F01_Reference:NZ_LS483405.1_2030 (length 147)
prokka_output/45709_F01_Reference/45709_F01_Reference:NZ_LS483405.1_2031 (length 281)
prokka_output/45709_F01_Reference/45709_F01_Reference:NZ_LS483405.1_2032 (length 122)
prokka_output/45709_F01_Reference/45709_F01_Reference:NZ_LS483405.1_2033 (length 147)
prokka_output/45709_F01_Reference/45709_F01_Reference:NZ_LS483405.1_2034 (length 378)
prokka_output/45709_F01_Reference/45709_F01_Reference:NZ_LS483405.1_2035 (length 91)
prokka_output/45709_F01_Reference/45709_F01_Reference:NZ_LS483405.1_2036 (length 203)
prokka_output/45709_F01_Reference/45709_F01_Reference:NZ_LS483405.1_2037 (length 211)
prokka_output/45709_F01_Reference/45709_F01_Reference:NZ_LS483405.1_2038 (length 216)
prokka_output/45709_F01_Reference/45709_F01_Reference:NZ_LS483405.1_2039 (length 102)
prokka_output/45709_F01_Reference/45709_F01_Reference:NZ_LS483405.1_2040 (length 491)
prokka_output/45709_F01_Reference/45709_F01_Reference:NZ_LS483405.1_2041 (length 197)
prokka_output/45709_F01_Reference/45709_F01_Reference:NZ_LS483405.1_2042 (length 217)
prokka_output/45709_F01_Reference/45709_F01_Reference:NZ_LS483405.1_2043 (length 307)
prokka_output/45709_F01_Reference/45709_F01_Reference:NZ_LS483405.1_2044 (length 454)
prokka_output/45709_F01_Reference/45709_F01_Reference:NZ_LS483405.1_2045 (length 477)
prokka_output/45709_F01_Reference/45709_F01_Reference:NZ_LS483405.1_2046 (length 479)
prokka_output/45709_F01_Reference/45709_F01_Reference:NZ_LS483405.1_2047 (length 189)
prokka_output/45709_F01_Reference/45709_F01_Reference:NZ_LS483405.1_2048 (length 378)
prokka_output/45709_F01_Reference/45709_F01_Reference:NZ_LS483405.1_2049 (length 186)
prokka_output/45709_F01_Reference/45709_F01_Reference:NZ_LS483405.1_2050 (length 216)
prokka_output/45709_F01_Reference/45709_F01_Reference:NZ_LS483405.1_2051 (length 204)
prokka_output/45709_F01_Reference/45709_F01_Reference:NZ_LS483405.1_2052 (length 589)
prokka_output/45709_F01_Reference/45709_F01_Reference:NZ_LS483405.1_2053 (length 177)
prokka_output/45709_F01_Reference/45709_F01_Reference:NZ_LS483405.1_2054 (length 237)
prokka_output/45709_F01_Reference/45709_F01_Reference:NZ_LS483405.1_2055 (length 260)
prokka_output/45709_F01_Reference/45709_F01_Reference:NZ_LS483405.1_2056 (length 251)
prokka_output/45709_F01_Reference/45709_F01_Reference:NZ_LS483405.1_2057 (length 236)
prokka_output/45709_F01_Reference/45709_F01_Reference:NZ_LS483405.1_2058 (length 124)
prokka_output/45709_F01_Reference/45709_F01_Reference:NZ_LS483405.1_2059 (length 320)
prokka_output/45709_F01_Reference/45709_F01_Reference:NZ_LS483405.1_2060 (length 157)
prokka_output/45709_F01_Reference/45709_F01_Reference:NZ_LS483405.1_2061 (length 250)
prokka_output/45709_F01_Reference/45709_F01_Reference:NZ_LS483405.1_2062 (length 391)
prokka_output/45709_F01_Reference/45709_F01_Reference:NZ_LS483405.1_2063 (length 268)
prokka_output/45709_F01_Reference/45709_F01_Reference:NZ_LS483405.1_2064 (length 262)
prokka_output/45709_F01_Reference/45709_F01_Reference:NZ_LS483405.1_2065 (length 231)
prokka_output/45709_F01_Reference/45709_F01_Reference:NZ_LS483405.1_2066 (length 242)
prokka_output/45709_F01_Reference/45709_F01_Reference:NZ_LS483405.1_2067 (length 120)
prokka_output/45709_F01_Reference/45709_F01_Reference:NZ_LS483405.1_2068 (length 136)
prokka_output/45709_F01_Reference/45709_F01_Reference:NZ_LS483405.1_2069 (length 139)
prokka_output/45709_F01_Reference/45709_F01_Reference:NZ_LS483405.1_2070 (length 60)
prokka_output/45709_F01_Reference/45709_F01_Reference:NZ_LS483405.1_2071 (length 181)
prokka_output/45709_F01_Reference/45709_F01_Reference:NZ_LS483405.1_2072 (length 85)
prokka_output/45709_F01_Reference/45709_F01_Reference:NZ_LS483405.1_2073 (length 304)
prokka_output/45709_F01_Reference/45709_F01_Reference:NZ_LS483405.1_2074 (length 518)
prokka_output/45709_F01_Reference/45709_F01_Reference:NZ_LS483405.1_2075 (length 513)
prokka_output/45709_F01_Reference/45709_F01_Reference:NZ_LS483405.1_2076 (length 188)
prokka_output/45709_F01_Reference/45709_F01_Reference:NZ_LS483405.1_2077 (length 133)
prokka_output/45709_F01_Reference/45709_F01_Reference:NZ_LS483405.1_2078 (length 238)
prokka_output/45709_F01_Reference/45709_F01_Reference:NZ_LS483405.1_2079 (length 226)
prokka_output/45709_F01_Reference/45709_F01_Reference:NZ_LS483405.1_2080 (length 314)
prokka_output/45709_F01_Reference/45709_F01_Reference:NZ_LS483405.1_2081 (length 369)
prokka_output/45709_F01_Reference/45709_F01_Reference:NZ_LS483405.1_2082 (length 470)
prokka_output/45709_F01_Reference/45709_F01_Reference:NZ_LS483405.1_2083 (length 343)
prokka_output/45709_F01_Reference/45709_F01_Reference:NZ_LS483405.1_2084 (length 410)
prokka_output/45709_F01_Reference/45709_F01_Reference:NZ_LS483405.1_2085 (length 520)
prokka_output/45709_F01_Reference/45709_F01_Reference:NZ_LS483405.1_2086 (length 432)
prokka_output/45709_F01_Reference/45709_F01_Reference:NZ_LS483405.1_2087 (length 276)
prokka_output/45709_F01_Reference/45709_F01_Reference:NZ_LS483405.1_2088 (length 504)
prokka_output/45709_F01_Reference/45709_F01_Reference:NZ_LS483405.1_2089 (length 444)
prokka_output/45709_F01_Reference/45709_F01_Reference:NZ_LS483405.1_2090 (length 71)
prokka_output/45709_F01_Reference/45709_F01_Reference:NZ_LS483405.1_2091 (length 388)
prokka_output/45709_F01_Reference/45709_F01_Reference:NZ_LS483405.1_2092 (length 200)
prokka_output/45709_F01_Reference/45709_F01_Reference:NZ_LS483405.1_2093 (length 670)
prokka_output/45709_F01_Reference/45709_F01_Reference:NZ_LS483405.1_2094 (length 317)
prokka_output/45709_F01_Reference/45709_F01_Reference:NZ_LS483405.1_2095 (length 848)
prokka_output/45709_F01_Reference/45709_F01_Reference:NZ_LS483405.1_2096 (length 456)
prokka_output/45709_F01_Reference/45709_F01_Reference:NZ_LS483405.1_2097 (length 237)
prokka_output/45709_F01_Reference/45709_F01_Reference:NZ_LS483405.1_2098 (length 131)
prokka_output/45709_F01_Reference/45709_F01_Reference:NZ_LS483405.1_2099 (length 98)
prokka_output/45709_F01_Reference/45709_F01_Reference:NZ_LS483405.1_2100 (length 69)
prokka_output/45709_F01_Reference/45709_F01_Reference:NZ_LS483405.1_2101 (length 418)
prokka_output/45709_F01_Reference/45709_F01_Reference:NZ_LS483405.1_2102 (length 317)
prokka_output/45709_F01_Reference/45709_F01_Reference:NZ_LS483405.1_2103 (length 159)
prokka_output/45709_F01_Reference/45709_F01_Reference:NZ_LS483405.1_2104 (length 160)
prokka_output/45709_F01_Reference/45709_F01_Reference:NZ_LS483405.1_2105 (length 86)
prokka_output/45709_F01_Reference/45709_F01_Reference:NZ_LS483405.1_2106 (length 83)
prokka_output/45709_F01_Reference/45709_F01_Reference:NZ_LS483405.1_2107 (length 157)
prokka_output/45709_F01_Reference/45709_F01_Reference:NZ_LS483405.1_2108 (length 230)
prokka_output/45709_F01_Reference/45709_F01_Reference:NZ_LS483405.1_2109 (length 651)
prokka_output/45709_F01_Reference/45709_F01_Reference:NZ_LS483405.1_2110 (length 363)
prokka_output/45709_F01_Reference/45709_F01_Reference:NZ_LS483405.1_2111 (length 387)
prokka_output/45709_F01_Reference/45709_F01_Reference:NZ_LS483405.1_2112 (length 302)
prokka_output/45709_F01_Reference/45709_F01_Reference:NZ_LS483405.1_2113 (length 396)
prokka_output/45709_F01_Reference/45709_F01_Reference:NZ_LS483405.1_2114 (length 115)
prokka_output/45709_F01_Reference/45709_F01_Reference:NZ_LS483405.1_2115 (length 266)
prokka_output/45709_F01_Reference/45709_F01_Reference:NZ_LS483405.1_2116 (length 165)
prokka_output/45709_F01_Reference/45709_F01_Reference:NZ_LS483405.1_2117 (length 444)
prokka_output/45709_F01_Reference/45709_F01_Reference:NZ_LS483405.1_2118 (length 440)
prokka_output/45709_F01_Reference/45709_F01_Reference:NZ_LS483405.1_2119 (length 1030)
prokka_output/45709_F01_Reference/45709_F01_Reference:NZ_LS483405.1_2120 (length 439)
prokka_output/45709_F01_Reference/45709_F01_Reference:NZ_LS483405.1_2121 (length 388)
prokka_output/45709_F01_Reference/45709_F01_Reference:NZ_LS483405.1_2122 (length 229)
prokka_output/45709_F01_Reference/45709_F01_Reference:NZ_LS483405.1_2123 (length 379)
prokka_output/45709_F01_Reference/45709_F01_Reference:NZ_LS483405.1_2124 (length 195)
prokka_output/45709_F01_Reference/45709_F01_Reference:NZ_LS483405.1_2125 (length 243)
prokka_output/45709_F01_Reference/45709_F01_Reference:NZ_LS483405.1_2126 (length 366)
prokka_output/45709_F01_Reference/45709_F01_Reference:NZ_LS483405.1_2127 (length 67)
prokka_output/45709_F01_Reference/45709_F01_Reference:NZ_LS483405.1_2128 (length 294)
prokka_output/45709_F01_Reference/45709_F01_Reference:NZ_LS483405.1_2129 (length 255)
prokka_output/45709_F01_Reference/45709_F01_Reference:NZ_LS483405.1_2130 (length 278)
prokka_output/45709_F01_Reference/45709_F01_Reference:NZ_LS483405.1_2131 (length 242)
prokka_output/45709_F01_Reference/45709_F01_Reference:NZ_LS483405.1_2132 (length 288)
prokka_output/45709_F01_Reference/45709_F01_Reference:NZ_LS483405.1_2133 (length 304)
prokka_output/45709_F01_Reference/45709_F01_Reference:NZ_LS483405.1_2134 (length 437)
prokka_output/45709_F01_Reference/45709_F01_Reference:NZ_LS483405.1_2135 (length 419)
prokka_output/45709_F01_Reference/45709_F01_Reference:NZ_LS483405.1_2136 (length 274)
prokka_output/45709_F01_Reference/45709_F01_Reference:NZ_LS483405.1_2137 (length 213)
prokka_output/45709_F01_Reference/45709_F01_Reference:NZ_LS483405.1_2138 (length 88)
prokka_output/45709_F01_Reference/45709_F01_Reference:NZ_LS483405.1_2139 (length 192)
prokka_output/45709_F01_Reference/45709_F01_Reference:NZ_LS483405.1_2140 (length 85)
prokka_output/45709_F01_Reference/45709_F01_Reference:NZ_LS483405.1_2141 (length 126)
prokka_output/45709_F01_Reference/45709_F01_Reference:NZ_LS483405.1_2142 (length 264)
prokka_output/45709_F01_Reference/45709_F01_Reference:NZ_LS483405.1_2143 (length 213)
prokka_output/45709_F01_Reference/45709_F01_Reference:NZ_LS483405.1_2144 (length 200)
prokka_output/45709_F01_Reference/45709_F01_Reference:NZ_LS483405.1_2145 (length 456)
prokka_output/45709_F01_Reference/45709_F01_Reference:NZ_LS483405.1_2146 (length 283)
prokka_output/45709_F01_Reference/45709_F01_Reference:NZ_LS483405.1_2147 (length 610)
prokka_output/45709_F01_Reference/45709_F01_Reference:NZ_LS483405.1_2148 (length 613)
prokka_output/45709_F01_Reference/45709_F01_Reference:NZ_LS483405.1_2149 (length 153)
prokka_output/45709_F01_Reference/45709_F01_Reference:NZ_LS483405.1_2150 (length 461)
prokka_output/45709_F01_Reference/45709_F01_Reference:NZ_LS483405.1_2151 (length 483)
prokka_output/45709_F01_Reference/45709_F01_Reference:NZ_LS483405.1_2152 (length 405)
prokka_output/45709_F01_Reference/45709_F01_Reference:NZ_LS483405.1_2153 (length 302)
prokka_output/45709_F01_Reference/45709_F01_Reference:NZ_LS483405.1_2154 (length 78)
prokka_output/45709_F01_Reference/45709_F01_Reference:NZ_LS483405.1_2155 (length 64)
prokka_output/45709_F01_Reference/45709_F01_Reference:NZ_LS483405.1_2156 (length 184)
prokka_output/45709_F01_Reference/45709_F01_Reference:NZ_LS483405.1_2157 (length 368)
prokka_output/45709_F01_Reference/45709_F01_Reference:NZ_LS483405.1_2158 (length 127)
prokka_output/45709_F01_Reference/45709_F01_Reference:NZ_LS483405.1_2159 (length 107)
prokka_output/45709_F01_Reference/45709_F01_Reference:NZ_LS483405.1_2160 (length 432)
prokka_output/45709_F01_Reference/45709_F01_Reference:NZ_LS483405.1_2161 (length 641)
prokka_output/45709_F01_Reference/45709_F01_Reference:NZ_LS483405.1_2162 (length 217)
prokka_output/45709_F01_Reference/45709_F01_Reference:NZ_LS483405.1_2163 (length 271)
prokka_output/45709_F01_Reference/45709_F01_Reference:NZ_LS483405.1_2164 (length 262)
prokka_output/45709_F01_Reference/45709_F01_Reference:NZ_LS483405.1_2165 (length 278)
prokka_output/45709_F01_Reference/45709_F01_Reference:NZ_LS483405.1_2166 (length 252)
prokka_output/45709_F01_Reference/45709_F01_Reference:NZ_LS483405.1_2167 (length 216)
prokka_output/45709_F01_Reference/45709_F01_Reference:NZ_LS483405.1_2168 (length 487)
prokka_output/45709_F01_Reference/45709_F01_Reference:NZ_LS483405.1_2169 (length 165)
prokka_output/45709_F01_Reference/45709_F01_Reference:NZ_LS483405.1_2170 (length 100)
prokka_output/45709_F01_Reference/45709_F01_Reference:NZ_LS483405.1_2171 (length 68)
prokka_output/45709_F01_Reference/45709_F01_Reference:NZ_LS483405.1_2172 (length 123)
prokka_output/45709_F01_Reference/45709_F01_Reference:NZ_LS483405.1_2173 (length 58)
prokka_output/45709_F01_Reference/45709_F01_Reference:NZ_LS483405.1_2174 (length 121)
prokka_output/45709_F01_Reference/45709_F01_Reference:NZ_LS483405.1_2175 (length 158)
prokka_output/45709_F01_Reference/45709_F01_Reference:NZ_LS483405.1_2176 (length 164)
prokka_output/45709_F01_Reference/45709_F01_Reference:NZ_LS483405.1_2177 (length 168)
prokka_output/45709_F01_Reference/45709_F01_Reference:NZ_LS483405.1_2178 (length 284)
prokka_output/45709_F01_Reference/45709_F01_Reference:NZ_LS483405.1_2179 (length 241)
prokka_output/45709_F01_Reference/45709_F01_Reference:NZ_LS483405.1_2180 (length 397)
prokka_output/45709_F01_Reference/45709_F01_Reference:NZ_LS483405.1_2181 (length 281)
prokka_output/45709_F01_Reference/45709_F01_Reference:NZ_LS483405.1_2182 (length 439)
prokka_output/45709_F01_Reference/45709_F01_Reference:NZ_LS483405.1_2183 (length 535)
prokka_output/45709_F01_Reference/45709_F01_Reference:NZ_LS483405.1_2184 (length 232)
prokka_output/45709_F01_Reference/45709_F01_Reference:NZ_LS483405.1_2185 (length 314)
prokka_output/45709_F01_Reference/45709_F01_Reference:NZ_LS483405.1_2186 (length 602)
prokka_output/45709_F01_Reference/45709_F01_Reference:NZ_LS483405.1_2187 (length 139)
prokka_output/45709_F01_Reference/45709_F01_Reference:NZ_LS483405.1_2188 (length 283)
prokka_output/45709_F01_Reference/45709_F01_Reference:NZ_LS483405.1_2189 (length 357)
prokka_output/45709_F01_Reference/45709_F01_Reference:NZ_LS483405.1_2190 (length 460)
prokka_output/45709_F01_Reference/45709_F01_Reference:NZ_LS483405.1_2191 (length 297)
prokka_output/45709_F01_Reference/45709_F01_Reference:NZ_LS483405.1_2192 (length 443)
prokka_output/45709_F01_Reference/45709_F01_Reference:NZ_LS483405.1_2193 (length 280)
prokka_output/45709_F01_Reference/45709_F01_Reference:NZ_LS483405.1_2194 (length 282)
prokka_output/45709_F01_Reference/45709_F01_Reference:NZ_LS483405.1_2195 (length 56)
prokka_output/45709_F01_Reference/45709_F01_Reference:NZ_LS483405.1_2196 (length 430)
prokka_output/45709_F01_Reference/45709_F01_Reference:NZ_LS483405.1_2197 (length 240)
prokka_output/45709_F01_Reference/45709_F01_Reference:NZ_LS483405.1_2198 (length 159)
prokka_output/45709_F01_Reference/45709_F01_Reference:NZ_LS483405.1_2199 (length 468)
prokka_output/45709_F01_Reference/45709_F01_Reference:NZ_LS483405.1_2200 (length 312)
prokka_output/45709_F01_Reference/45709_F01_Reference:NZ_LS483405.1_2201 (length 108)
prokka_output/45709_F01_Reference/45709_F01_Reference:NZ_LS483405.1_2202 (length 150)
prokka_output/45709_F01_Reference/45709_F01_Reference:NZ_LS483405.1_2203 (length 215)
prokka_output/45709_F01_Reference/45709_F01_Reference:NZ_LS483405.1_2204 (length 115)
prokka_output/45709_F01_Reference/45709_F01_Reference:NZ_LS483405.1_2205 (length 519)
prokka_output/45709_F01_Reference/45709_F01_Reference:NZ_LS483405.1_2206 (length 187)
prokka_output/45709_F01_Reference/45709_F01_Reference:NZ_LS483405.1_2207 (length 208)
prokka_output/45709_F01_Reference/45709_F01_Reference:NZ_LS483405.1_2208 (length 318)
prokka_output/45709_F01_Reference/45709_F01_Reference:NZ_LS483405.1_2209 (length 157)
prokka_output/45709_F01_Reference/45709_F01_Reference:NZ_LS483405.1_2210 (length 534)
prokka_output/45709_F01_Reference/45709_F01_Reference:NZ_LS483405.1_2211 (length 120)
prokka_output/45709_F01_Reference/45709_F01_Reference:NZ_LS483405.1_2212 (length 656)
prokka_output/45709_F01_Reference/45709_F01_Reference:NZ_LS483405.1_2213 (length 309)
prokka_output/45709_F01_Reference/45709_F01_Reference:NZ_LS483405.1_2214 (length 94)
prokka_output/45709_F01_Reference/45709_F01_Reference:NZ_LS483405.1_2215 (length 132)
prokka_output/45709_F01_Reference/45709_F01_Reference:NZ_LS483405.1_2216 (length 693)
prokka_output/45709_F01_Reference/45709_F01_Reference:NZ_LS483405.1_2217 (length 525)
prokka_output/45709_F01_Reference/45709_F01_Reference:NZ_LS483405.1_2218 (length 564)
prokka_output/45709_F01_Reference/45709_F01_Reference:NZ_LS483405.1_2219 (length 226)
prokka_output/45709_F01_Reference/45709_F01_Reference:NZ_LS483405.1_2220 (length 310)
prokka_output/45709_F01_Reference/45709_F01_Reference:NZ_LS483405.1_2221 (length 127)
prokka_output/45709_F01_Reference/45709_F01_Reference:NZ_LS483405.1_2222 (length 394)
prokka_output/45709_F01_Reference/45709_F01_Reference:NZ_LS483405.1_2223 (length 386)
prokka_output/45709_F01_Reference/45709_F01_Reference:NZ_LS483405.1_2224 (length 208)
prokka_output/45709_F01_Reference/45709_F01_Reference:NZ_LS483405.1_2225 (length 230)
prokka_output/45709_F01_Reference/45709_F01_Reference:NZ_LS483405.1_2226 (length 318)
prokka_output/45709_F01_Reference/45709_F01_Reference:NZ_LS483405.1_2227 (length 362)
prokka_output/45709_F01_Reference/45709_F01_Reference:NZ_LS483405.1_2228 (length 325)
prokka_output/45709_F01_Reference/45709_F01_Reference:NZ_LS483405.1_2229 (length 210)
prokka_output/45709_F01_Reference/45709_F01_Reference:NZ_LS483405.1_2230 (length 186)
prokka_output/45709_F01_Reference/45709_F01_Reference:NZ_LS483405.1_2231 (length 166)
prokka_output/45709_F01_Reference/45709_F01_Reference:NZ_LS483405.1_2232 (length 264)
prokka_output/45709_F01_Reference/45709_F01_Reference:NZ_LS483405.1_2233 (length 465)
prokka_output/45709_F01_Reference/45709_F01_Reference:NZ_LS483405.1_2234 (length 386)
prokka_output/45709_F01_Reference/45709_F01_Reference:NZ_LS483405.1_2235 (length 259)
prokka_output/45709_F01_Reference/45709_F01_Reference:NZ_LS483405.1_2236 (length 580)
prokka_output/45709_F01_Reference/45709_F01_Reference:NZ_LS483405.1_2237 (length 403)
prokka_output/45709_F01_Reference/45709_F01_Reference:NZ_LS483405.1_2238 (length 396)
prokka_output/45709_F01_Reference/45709_F01_Reference:NZ_LS483405.1_2239 (length 115)
prokka_output/45709_F01_Reference/45709_F01_Reference:NZ_LS483405.1_2240 (length 183)
prokka_output/45709_F01_Reference/45709_F01_Reference:NZ_LS483405.1_2241 (length 53)
prokka_output/45709_F01_Reference/45709_F01_Reference:NZ_LS483405.1_2242 (length 130)
prokka_output/45709_F01_Reference/45709_F01_Reference:NZ_LS483405.1_2243 (length 260)
prokka_output/45709_F01_Reference/45709_F01_Reference:NZ_LS483405.1_2244 (length 333)
prokka_output/45709_F01_Reference/45709_F01_Reference:NZ_LS483405.1_2245 (length 291)
prokka_output/45709_F01_Reference/45709_F01_Reference:NZ_LS483405.1_2246 (length 140)
prokka_output/45709_F01_Reference/45709_F01_Reference:NZ_LS483405.1_2247 (length 369)
prokka_output/45709_F01_Reference/45709_F01_Reference:NZ_LS483405.1_2248 (length 109)
prokka_output/45709_F01_Reference/45709_F01_Reference:NZ_LS483405.1_2249 (length 104)
prokka_output/45709_F01_Reference/45709_F01_Reference:NZ_LS483405.1_2250 (length 176)
prokka_output/45709_F01_Reference/45709_F01_Reference:NZ_LS483405.1_2251 (length 277)
prokka_output/45709_F01_Reference/45709_F01_Reference:NZ_LS483405.1_2252 (length 188)
prokka_output/45709_F01_Reference/45709_F01_Reference:NZ_LS483405.1_2253 (length 736)
prokka_output/45709_F01_Reference/45709_F01_Reference:NZ_LS483405.1_2254 (length 350)
prokka_output/45709_F01_Reference/45709_F01_Reference:NZ_LS483405.1_2255 (length 459)
prokka_output/45709_F01_Reference/45709_F01_Reference:NZ_LS483405.1_2256 (length 547)
prokka_output/45709_F01_Reference/45709_F01_Reference:NZ_LS483405.1_2257 (length 166)
prokka_output/45709_F01_Reference/45709_F01_Reference:NZ_LS483405.1_2258 (length 162)
prokka_output/45709_F01_Reference/45709_F01_Reference:NZ_LS483405.1_2259 (length 332)
prokka_output/45709_F01_Reference/45709_F01_Reference:NZ_LS483405.1_2260 (length 460)
prokka_output/45709_F01_Reference/45709_F01_Reference:NZ_LS483405.1_2261 (length 557)
prokka_output/45709_F01_Reference/45709_F01_Reference:NZ_LS483405.1_2262 (length 314)
prokka_output/45709_F01_Reference/45709_F01_Reference:NZ_LS483405.1_2263 (length 218)
prokka_output/45709_F01_Reference/45709_F01_Reference:NZ_LS483405.1_2264 (length 140)
prokka_output/45709_F01_Reference/45709_F01_Reference:NZ_LS483405.1_2265 (length 150)
prokka_output/45709_F01_Reference/45709_F01_Reference:NZ_LS483405.1_2266 (length 301)
prokka_output/45709_F01_Reference/45709_F01_Reference:NZ_LS483405.1_2267 (length 176)
prokka_output/45709_F01_Reference/45709_F01_Reference:NZ_LS483405.1_2268 (length 396)
prokka_output/45709_F01_Reference/45709_F01_Reference:NZ_LS483405.1_2269 (length 95)
prokka_output/45709_F01_Reference/45709_F01_Reference:NZ_LS483405.1_2270 (length 128)
prokka_output/45709_F01_Reference/45709_F01_Reference:NZ_LS483405.1_2271 (length 360)
prokka_output/45709_F01_Reference/45709_F01_Reference:NZ_LS483405.1_2272 (length 311)
prokka_output/45709_F01_Reference/45709_F01_Reference:NZ_LS483405.1_2273 (length 225)
prokka_output/45709_F01_Reference/45709_F01_Reference:NZ_LS483405.1_2274 (length 325)
prokka_output/45709_F01_Reference/45709_F01_Reference:NZ_LS483405.1_2275 (length 390)
prokka_output/45709_F01_Reference/45709_F01_Reference:NZ_LS483405.1_2276 (length 217)
prokka_output/45709_F01_Reference/45709_F01_Reference:NZ_LS483405.1_2277 (length 210)
prokka_output/45709_F01_Reference/45709_F01_Reference:NZ_LS483405.1_2278 (length 130)
prokka_output/45709_F01_Reference/45709_F01_Reference:NZ_LS483405.1_2279 (length 178)
prokka_output/45709_F01_Reference/45709_F01_Reference:NZ_LS483405.1_2280 (length 453)
prokka_output/45709_F01_Reference/45709_F01_Reference:NZ_LS483405.1_2281 (length 227)
prokka_output/45709_F01_Reference/45709_F01_Reference:NZ_LS483405.1_2282 (length 352)
prokka_output/45709_F01_Reference/45709_F01_Reference:NZ_LS483405.1_2283 (length 173)
prokka_output/45709_F01_Reference/45709_F01_Reference:NZ_LS483405.1_2284 (length 396)
prokka_output/45709_F01_Reference/45709_F01_Reference:NZ_LS483405.1_2285 (length 149)
prokka_output/45709_F01_Reference/45709_F01_Reference:NZ_LS483405.1_2286 (length 415)
prokka_output/45709_F01_Reference/45709_F01_Reference:NZ_LS483405.1_2287 (length 155)
prokka_output/45709_F01_Reference/45709_F01_Reference:NZ_LS483405.1_2288 (length 243)
prokka_output/45709_F01_Reference/45709_F01_Reference:NZ_LS483405.1_2289 (length 295)
prokka_output/45709_F01_Reference/45709_F01_Reference:NZ_LS483405.1_2290 (length 510)
prokka_output/45709_F01_Reference/45709_F01_Reference:NZ_LS483405.1_2291 (length 334)
prokka_output/45709_F01_Reference/45709_F01_Reference:NZ_LS483405.1_2292 (length 318)
prokka_output/45709_F01_Reference/45709_F01_Reference:NZ_LS483405.1_2293 (length 335)
prokka_output/45709_F01_Reference/45709_F01_Reference:NZ_LS483405.1_2294 (length 164)
prokka_output/45709_F01_Reference/45709_F01_Reference:NZ_LS483405.1_2295 (length 323)
prokka_output/45709_F01_Reference/45709_F01_Reference:NZ_LS483405.1_2296 (length 544)
prokka_output/45709_F01_Reference/45709_F01_Reference:NZ_LS483405.1_2297 (length 295)
prokka_output/45709_F01_Reference/45709_F01_Reference:NZ_LS483405.1_2298 (length 269)
prokka_output/45709_F01_Reference/45709_F01_Reference:NZ_LS483405.1_2299 (length 370)
prokka_output/45709_F01_Reference/45709_F01_Reference:NZ_LS483405.1_2300 (length 314)
prokka_output/45709_F01_Reference/45709_F01_Reference:NZ_LS483405.1_2301 (length 364)
prokka_output/45709_F01_Reference/45709_F01_Reference:NZ_LS483405.1_2302 (length 461)
prokka_output/45709_F01_Reference/45709_F01_Reference:NZ_LS483405.1_2303 (length 347)
prokka_output/45709_F01_Reference/45709_F01_Reference:NZ_LS483405.1_2304 (length 476)
prokka_output/45709_F01_Reference/45709_F01_Reference:NZ_LS483405.1_2305 (length 473)
prokka_output/45709_F01_Reference/45709_F01_Reference:NZ_LS483405.1_2306 (length 626)
prokka_output/45709_F01_Reference/45709_F01_Reference:NZ_LS483405.1_2307 (length 418)
prokka_output/45709_F01_Reference/45709_F01_Reference:NZ_LS483405.1_2308 (length 82)
prokka_output/45709_F01_Reference/45709_F01_Reference:NZ_LS483405.1_2309 (length 86)
prokka_output/45709_F01_Reference/45709_F01_Reference:NZ_LS483405.1_2310 (length 52)
prokka_output/45709_F01_Reference/45709_F01_Reference:NZ_LS483405.1_2311 (length 389)
prokka_output/45709_F01_Reference/45709_F01_Reference:NZ_LS483405.1_2312 (length 63)
prokka_output/45709_F01_Reference/45709_F01_Reference:NZ_LS483405.1_2313 (length 296)
prokka_output/45709_F01_Reference/45709_F01_Reference:NZ_LS483405.1_2314 (length 501)
prokka_output/45709_F01_Reference/45709_F01_Reference:NZ_LS483405.1_2315 (length 88)
prokka_output/45709_F01_Reference/45709_F01_Reference:NZ_LS483405.1_2316 (length 83)
prokka_output/45709_F01_Reference/45709_F01_Reference:NZ_LS483405.1_2317 (length 137)
prokka_output/45709_F01_Reference/45709_F01_Reference:NZ_LS483405.1_2318 (length 287)
prokka_output/45709_F01_Reference/45709_F01_Reference:NZ_LS483405.1_2319 (length 510)
prokka_output/45709_F01_Reference/45709_F01_Reference:NZ_LS483405.1_2320 (length 246)
prokka_output/45709_F01_Reference/45709_F01_Reference:NZ_LS483405.1_2321 (length 212)
prokka_output/45709_F01_Reference/45709_F01_Reference:NZ_LS483405.1_2322 (length 239)
prokka_output/45709_F01_Reference/45709_F01_Reference:NZ_LS483405.1_2323 (length 407)
prokka_output/45709_F01_Reference/45709_F01_Reference:NZ_LS483405.1_2324 (length 239)
prokka_output/45709_F01_Reference/45709_F01_Reference:NZ_LS483405.1_2325 (length 299)
prokka_output/45709_F01_Reference/45709_F01_Reference:NZ_LS483405.1_2326 (length 292)
prokka_output/45709_F01_Reference/45709_F01_Reference:NZ_LS483405.1_2327 (length 457)
prokka_output/45709_F01_Reference/45709_F01_Reference:NZ_LS483405.1_2328 (length 334)
prokka_output/45709_F01_Reference/45709_F01_Reference:NZ_LS483405.1_2329 (length 230)
prokka_output/45709_F01_Reference/45709_F01_Reference:NZ_LS483405.1_2330 (length 152)
prokka_output/45709_F01_Reference/45709_F01_Reference:NZ_LS483405.1_2331 (length 153)
prokka_output/45709_F01_Reference/45709_F01_Reference:NZ_LS483405.1_2332 (length 180)
prokka_output/45709_F01_Reference/45709_F01_Reference:NZ_LS483405.1_2333 (length 45)
prokka_output/45709_F01_Reference/45709_F01_Reference:NZ_LS483405.1_2334 (length 224)
prokka_output/45709_F01_Reference/45709_F01_Reference:NZ_LS483405.1_2335 (length 651)
prokka_output/45709_F01_Reference/45709_F01_Reference:NZ_LS483405.1_2336 (length 403)
prokka_output/45709_F01_Reference/45709_F01_Reference:NZ_LS483405.1_2337 (length 255)
prokka_output/45709_F01_Reference/45709_F01_Reference:NZ_LS483405.1_2338 (length 178)
prokka_output/45709_F01_Reference/45709_F01_Reference:NZ_LS483405.1_2339 (length 138)
prokka_output/45709_F01_Reference/45709_F01_Reference:NZ_LS483405.1_2340 (length 387)
prokka_output/45709_F01_Reference/45709_F01_Reference:NZ_LS483405.1_2341 (length 205)
prokka_output/45709_F01_Reference/45709_F01_Reference:NZ_LS483405.1_2342 (length 375)
prokka_output/45709_F01_Reference/45709_F01_Reference:NZ_LS483405.1_2343 (length 387)
prokka_output/45709_F01_Reference/45709_F01_Reference:NZ_LS483405.1_2344 (length 212)
prokka_output/45709_F01_Reference/45709_F01_Reference:NZ_LS483405.1_2345 (length 388)
prokka_output/45709_F01_Reference/45709_F01_Reference:NZ_LS483405.1_2346 (length 67)
prokka_output/45709_F01_Reference/45709_F01_Reference:NZ_LS483405.1_2347 (length 144)
prokka_output/45709_F01_Reference/45709_F01_Reference:NZ_LS483405.1_2348 (length 648)
prokka_output/45709_F01_Reference/45709_F01_Reference:NZ_LS483405.1_2349 (length 199)
prokka_output/45709_F01_Reference/45709_F01_Reference:NZ_LS483405.1_2350 (length 885)
prokka_output/45709_F01_Reference/45709_F01_Reference:NZ_LS483405.1_2351 (length 155)
prokka_output/45709_F01_Reference/45709_F01_Reference:NZ_LS483405.1_2352 (length 207)
prokka_output/45709_F01_Reference/45709_F01_Reference:NZ_LS483405.1_2353 (length 477)
prokka_output/45709_F01_Reference/45709_F01_Reference:NZ_LS483405.1_2354 (length 197)
prokka_output/45709_F01_Reference/45709_F01_Reference:NZ_LS483405.1_2355 (length 197)
prokka_output/45709_F01_Reference/45709_F01_Reference:NZ_LS483405.1_2356 (length 72)
prokka_output/45709_F01_Reference/45709_F01_Reference:NZ_LS483405.1_2357 (length 158)
prokka_output/45709_F01_Reference/45709_F01_Reference:NZ_LS483405.1_2358 (length 76)
prokka_output/45709_F01_Reference/45709_F01_Reference:NZ_LS483405.1_2359 (length 347)
prokka_output/45709_F01_Reference/45709_F01_Reference:NZ_LS483405.1_2360 (length 157)
prokka_output/45709_F01_Reference/45709_F01_Reference:NZ_LS483405.1_2361 (length 149)
prokka_output/45709_F01_Reference/45709_F01_Reference:NZ_LS483405.1_2362 (length 217)
prokka_output/45709_F01_Reference/45709_F01_Reference:NZ_LS483405.1_2363 (length 285)
prokka_output/45709_F01_Reference/45709_F01_Reference:NZ_LS483405.1_2364 (length 223)
prokka_output/45709_F01_Reference/45709_F01_Reference:NZ_LS483405.1_2365 (length 123)
prokka_output/45709_F01_Reference/45709_F01_Reference:NZ_LS483405.1_2366 (length 216)
prokka_output/45709_F01_Reference/45709_F01_Reference:NZ_LS483405.1_2367 (length 333)
prokka_output/45709_F01_Reference/45709_F01_Reference:NZ_LS483405.1_2368 (length 321)
prokka_output/45709_F01_Reference/45709_F01_Reference:NZ_LS483405.1_2369 (length 628)
prokka_output/45709_F01_Reference/45709_F01_Reference:NZ_LS483405.1_2370 (length 144)
prokka_output/45709_F01_Reference/45709_F01_Reference:NZ_LS483405.1_2371 (length 285)
prokka_output/45709_F01_Reference/45709_F01_Reference:NZ_LS483405.1_2372 (length 752)
prokka_output/45709_F01_Reference/45709_F01_Reference:NZ_LS483405.1_2373 (length 253)
prokka_output/45709_F01_Reference/45709_F01_Reference:NZ_LS483405.1_2374 (length 301)
prokka_output/45709_F01_Reference/45709_F01_Reference:NZ_LS483405.1_2375 (length 1262)
prokka_output/45709_F01_Reference/45709_F01_Reference:NZ_LS483405.1_2376 (length 1201)
prokka_output/45709_F01_Reference/45709_F01_Reference:NZ_LS483405.1_2377 (length 380)
prokka_output/45709_F01_Reference/45709_F01_Reference:NZ_LS483405.1_2378 (length 337)
prokka_output/45709_F01_Reference/45709_F01_Reference:NZ_LS483405.1_2379 (length 124)
prokka_output/45709_F01_Reference/45709_F01_Reference:NZ_LS483405.1_2380 (length 199)
prokka_output/45709_F01_Reference/45709_F01_Reference:NZ_LS483405.1_2381 (length 327)
prokka_output/45709_F01_Reference/45709_F01_Reference:NZ_LS483405.1_2382 (length 436)
prokka_output/45709_F01_Reference/45709_F01_Reference:NZ_LS483405.1_2383 (length 176)
prokka_output/45709_F01_Reference/45709_F01_Reference:NZ_LS483405.1_2384 (length 324)
prokka_output/45709_F01_Reference/45709_F01_Reference:NZ_LS483405.1_2385 (length 258)
prokka_output/45709_F01_Reference/45709_F01_Reference:NZ_LS483405.1_2386 (length 304)
prokka_output/45709_F01_Reference/45709_F01_Reference:NZ_LS483405.1_2387 (length 1038)
prokka_output/45709_F01_Reference/45709_F01_Reference:NZ_LS483405.1_2388 (length 173)
prokka_output/45709_F01_Reference/45709_F01_Reference:NZ_LS483405.1_2389 (length 208)
prokka_output/45709_F01_Reference/45709_F01_Reference:NZ_LS483405.1_2390 (length 216)
prokka_output/45709_F01_Reference/45709_F01_Reference:NZ_LS483405.1_2391 (length 606)
prokka_output/45709_F01_Reference/45709_F01_Reference:NZ_LS483405.1_2392 (length 540)
prokka_output/45709_F01_Reference/45709_F01_Reference:NZ_LS483405.1_2393 (length 491)
prokka_output/45709_F01_Reference/45709_F01_Reference:NZ_LS483405.1_2394 (length 301)
prokka_output/45709_F01_Reference/45709_F01_Reference:NZ_LS483405.1_2395 (length 485)
prokka_output/45709_F01_Reference/45709_F01_Reference:NZ_LS483405.1_2396 (length 51)
prokka_output/45709_F01_Reference/45709_F01_Reference:NZ_LS483405.1_2397 (length 275)
prokka_output/45709_F01_Reference/45709_F01_Reference:NZ_LS483405.1_2398 (length 179)
prokka_output/45709_F01_Reference/45709_F01_Reference:NZ_LS483405.1_2399 (length 124)
prokka_output/45709_F01_Reference/45709_F01_Reference:NZ_LS483405.1_2400 (length 123)
prokka_output/45709_F01_Reference/45709_F01_Reference:NZ_LS483405.1_2401 (length 665)
prokka_output/45709_F01_Reference/45709_F01_Reference:NZ_LS483405.1_2402 (length 394)
prokka_output/45709_F01_Reference/45709_F01_Reference:NZ_LS483405.1_2403 (length 101)
prokka_output/45709_F01_Reference/45709_F01_Reference:NZ_LS483405.1_2404 (length 214)
prokka_output/45709_F01_Reference/45709_F01_Reference:NZ_LS483405.1_2405 (length 443)
prokka_output/45709_F01_Reference/45709_F01_Reference:NZ_LS483405.1_2406 (length 154)
prokka_output/45709_F01_Reference/45709_F01_Reference:NZ_LS483405.1_2407 (length 195)
prokka_output/45709_F01_Reference/45709_F01_Reference:NZ_LS483405.1_2408 (length 418)
prokka_output/45709_F01_Reference/45709_F01_Reference:NZ_LS483405.1_2409 (length 402)
prokka_output/45709_F01_Reference/45709_F01_Reference:NZ_LS483405.1_2410 (length 174)
prokka_output/45709_F01_Reference/45709_F01_Reference:NZ_LS483405.1_2411 (length 177)
prokka_output/45709_F01_Reference/45709_F01_Reference:NZ_LS483405.1_2412 (length 215)
prokka_output/45709_F01_Reference/45709_F01_Reference:NZ_LS483405.1_2413 (length 449)
prokka_output/45709_F01_Reference/45709_F01_Reference:NZ_LS483405.1_2414 (length 87)
prokka_output/45709_F01_Reference/45709_F01_Reference:NZ_LS483405.1_2415 (length 227)
prokka_output/45709_F01_Reference/45709_F01_Reference:NZ_LS483405.1_2416 (length 78)
prokka_output/45709_F01_Reference/45709_F01_Reference:NZ_LS483405.1_2417 (length 129)
prokka_output/45709_F01_Reference/45709_F01_Reference:NZ_LS483405.1_2418 (length 636)
prokka_output/45709_F01_Reference/45709_F01_Reference:NZ_LS483405.1_2419 (length 464)
prokka_output/45709_F01_Reference/45709_F01_Reference:NZ_LS483405.1_2420 (length 255)
prokka_output/45709_F01_Reference/45709_F01_Reference:NZ_LS483405.1_2421 (length 277)
prokka_output/45709_F01_Reference/45709_F01_Reference:NZ_LS483405.1_2422 (length 118)
prokka_output/45709_F01_Reference/45709_F01_Reference:NZ_LS483405.1_2423 (length 44)

DiscRep_ALL:DISC_SOURCE_QUALS_ASNDISC::strain (all present, all unique)
DiscRep_SUB:DISC_SOURCE_QUALS_ASNDISC::1 sources have unique values for strain
DiscRep_ALL:DISC_SOURCE_QUALS_ASNDISC::taxname (all present, all unique)
DiscRep_SUB:DISC_SOURCE_QUALS_ASNDISC::1 sources have unique values for taxname
DiscRep_ALL:DISC_FEATURE_COUNT::CDS: 2423 present
DiscRep_ALL:DISC_FEATURE_COUNT::tRNA: 65 present
DiscRep_ALL:DISC_FEATURE_COUNT::rRNA: 15 present
DiscRep_ALL:DISC_FEATURE_COUNT::tmRNA: 1 present
DiscRep_ALL:DISC_COUNT_NUCLEOTIDES::1 nucleotide Bioseqs are present
prokka_output/45709_F01_Reference/45709_F01_Reference:NZ_LS483405.1 (length 2494328)

DiscRep_ALL:FEATURE_LOCATION_CONFLICT::2504 features have inconsistent gene locations.
DiscRep_SUB:FEATURE_LOCATION_CONFLICT::Coding region xref gene does not exist
prokka_output/45709_F01_Reference/45709_F01_Reference:CDS	Chromosomal replication initiator protein DnaA	NZ_LS483405.1:10-1359	JECDCPOO_00001

DiscRep_SUB:FEATURE_LOCATION_CONFLICT::Coding region xref gene does not exist
prokka_output/45709_F01_Reference/45709_F01_Reference:CDS	Beta sliding clamp	NZ_LS483405.1:1629-2768	JECDCPOO_00002

DiscRep_SUB:FEATURE_LOCATION_CONFLICT::Coding region xref gene does not exist
prokka_output/45709_F01_Reference/45709_F01_Reference:CDS	hypothetical protein	NZ_LS483405.1:3188-3415	JECDCPOO_00003

DiscRep_SUB:FEATURE_LOCATION_CONFLICT::Coding region xref gene does not exist
prokka_output/45709_F01_Reference/45709_F01_Reference:CDS	DNA replication and repair protein RecF	NZ_LS483405.1:3415-4569	JECDCPOO_00004

DiscRep_SUB:FEATURE_LOCATION_CONFLICT::Coding region xref gene does not exist
prokka_output/45709_F01_Reference/45709_F01_Reference:CDS	DNA gyrase subunit B	NZ_LS483405.1:4573-6516	JECDCPOO_00005

DiscRep_SUB:FEATURE_LOCATION_CONFLICT::Coding region xref gene does not exist
prokka_output/45709_F01_Reference/45709_F01_Reference:CDS	DNA gyrase subunit A GyrA	NZ_LS483405.1:6538-9072	JECDCPOO_00006

DiscRep_SUB:FEATURE_LOCATION_CONFLICT::Coding region xref gene does not exist
prokka_output/45709_F01_Reference/45709_F01_Reference:CDS	Small ribosomal subunit protein bS6	NZ_LS483405.1:9749-10045	JECDCPOO_00007

DiscRep_SUB:FEATURE_LOCATION_CONFLICT::Coding region xref gene does not exist
prokka_output/45709_F01_Reference/45709_F01_Reference:CDS	Single-stranded DNA-binding protein A	NZ_LS483405.1:10079-10645	JECDCPOO_00008

DiscRep_SUB:FEATURE_LOCATION_CONFLICT::Coding region xref gene does not exist
prokka_output/45709_F01_Reference/45709_F01_Reference:CDS	Small ribosomal subunit protein bS18	NZ_LS483405.1:10674-10910	JECDCPOO_00009

DiscRep_SUB:FEATURE_LOCATION_CONFLICT::Coding region xref gene does not exist
prokka_output/45709_F01_Reference/45709_F01_Reference:CDS	hypothetical protein	NZ_LS483405.1:c12243-11056	JECDCPOO_00010

DiscRep_SUB:FEATURE_LOCATION_CONFLICT::Coding region xref gene does not exist
prokka_output/45709_F01_Reference/45709_F01_Reference:CDS	Dipeptide-binding protein	NZ_LS483405.1:c13881-12274	JECDCPOO_00011

DiscRep_SUB:FEATURE_LOCATION_CONFLICT::Coding region xref gene does not exist
prokka_output/45709_F01_Reference/45709_F01_Reference:CDS	hypothetical protein	NZ_LS483405.1:14490-15266	JECDCPOO_00012

DiscRep_SUB:FEATURE_LOCATION_CONFLICT::Coding region xref gene does not exist
prokka_output/45709_F01_Reference/45709_F01_Reference:CDS	hypothetical protein	NZ_LS483405.1:c16598-15414	JECDCPOO_00013

DiscRep_SUB:FEATURE_LOCATION_CONFLICT::Coding region xref gene does not exist
prokka_output/45709_F01_Reference/45709_F01_Reference:CDS	Dipeptide-binding protein	NZ_LS483405.1:c18221-16620	JECDCPOO_00014

DiscRep_SUB:FEATURE_LOCATION_CONFLICT::Coding region xref gene does not exist
prokka_output/45709_F01_Reference/45709_F01_Reference:CDS	hypothetical protein	NZ_LS483405.1:c19343-18777	JECDCPOO_00015

DiscRep_SUB:FEATURE_LOCATION_CONFLICT::Coding region xref gene does not exist
prokka_output/45709_F01_Reference/45709_F01_Reference:CDS	hypothetical protein	NZ_LS483405.1:19463-20197	JECDCPOO_00016

DiscRep_SUB:FEATURE_LOCATION_CONFLICT::Coding region xref gene does not exist
prokka_output/45709_F01_Reference/45709_F01_Reference:CDS	Cyclic-di-AMP phosphodiesterase GdpP	NZ_LS483405.1:20465-22480	JECDCPOO_00017

DiscRep_SUB:FEATURE_LOCATION_CONFLICT::Coding region xref gene does not exist
prokka_output/45709_F01_Reference/45709_F01_Reference:CDS	Large ribosomal subunit protein bL9	NZ_LS483405.1:22549-23007	JECDCPOO_00018

DiscRep_SUB:FEATURE_LOCATION_CONFLICT::Coding region xref gene does not exist
prokka_output/45709_F01_Reference/45709_F01_Reference:CDS	hypothetical protein	NZ_LS483405.1:23146-24315	JECDCPOO_00019

DiscRep_SUB:FEATURE_LOCATION_CONFLICT::Coding region xref gene does not exist
prokka_output/45709_F01_Reference/45709_F01_Reference:CDS	Isoprimeverose transporter	NZ_LS483405.1:24552-25964	JECDCPOO_00020

DiscRep_SUB:FEATURE_LOCATION_CONFLICT::Coding region xref gene does not exist
prokka_output/45709_F01_Reference/45709_F01_Reference:CDS	Beta-xylosidase	NZ_LS483405.1:25989-27542	JECDCPOO_00021

DiscRep_SUB:FEATURE_LOCATION_CONFLICT::Coding region xref gene does not exist
prokka_output/45709_F01_Reference/45709_F01_Reference:CDS	hypothetical protein	NZ_LS483405.1:27719-27937	JECDCPOO_00022

DiscRep_SUB:FEATURE_LOCATION_CONFLICT::Coding region xref gene does not exist
prokka_output/45709_F01_Reference/45709_F01_Reference:CDS	hypothetical protein	NZ_LS483405.1:c28143-28000	JECDCPOO_00023

DiscRep_SUB:FEATURE_LOCATION_CONFLICT::Coding region xref gene does not exist
prokka_output/45709_F01_Reference/45709_F01_Reference:CDS	Replicative DNA helicase DnaC	NZ_LS483405.1:28334-29851	JECDCPOO_00024

DiscRep_SUB:FEATURE_LOCATION_CONFLICT::Coding region xref gene does not exist
prokka_output/45709_F01_Reference/45709_F01_Reference:CDS	Putative NAD(P)H-dependent FMN-containing oxidoreductase YwqN	NZ_LS483405.1:c30770-30243	JECDCPOO_00025

DiscRep_SUB:FEATURE_LOCATION_CONFLICT::Coding region xref gene does not exist
prokka_output/45709_F01_Reference/45709_F01_Reference:CDS	hypothetical protein	NZ_LS483405.1:30911-32086	JECDCPOO_00026

DiscRep_SUB:FEATURE_LOCATION_CONFLICT::Coding region xref gene does not exist
prokka_output/45709_F01_Reference/45709_F01_Reference:CDS	hypothetical protein	NZ_LS483405.1:32160-32429	JECDCPOO_00027

DiscRep_SUB:FEATURE_LOCATION_CONFLICT::Coding region xref gene does not exist
prokka_output/45709_F01_Reference/45709_F01_Reference:CDS	Dipeptide-binding protein	NZ_LS483405.1:32878-34488	JECDCPOO_00028

DiscRep_SUB:FEATURE_LOCATION_CONFLICT::Coding region xref gene does not exist
prokka_output/45709_F01_Reference/45709_F01_Reference:CDS	hypothetical protein	NZ_LS483405.1:34688-34933	JECDCPOO_00029

DiscRep_SUB:FEATURE_LOCATION_CONFLICT::Coding region xref gene does not exist
prokka_output/45709_F01_Reference/45709_F01_Reference:CDS	hypothetical protein	NZ_LS483405.1:c35981-34980	JECDCPOO_00030

DiscRep_SUB:FEATURE_LOCATION_CONFLICT::Coding region xref gene does not exist
prokka_output/45709_F01_Reference/45709_F01_Reference:CDS	hypothetical protein	NZ_LS483405.1:c36875-36597	JECDCPOO_00031

DiscRep_SUB:FEATURE_LOCATION_CONFLICT::Coding region xref gene does not exist
prokka_output/45709_F01_Reference/45709_F01_Reference:CDS	Enolase	NZ_LS483405.1:c38179-36896	JECDCPOO_00032

DiscRep_SUB:FEATURE_LOCATION_CONFLICT::Coding region xref gene does not exist
prokka_output/45709_F01_Reference/45709_F01_Reference:CDS	Potassium-transporting ATPase ATP-binding subunit	NZ_LS483405.1:38524-40797	JECDCPOO_00033

DiscRep_SUB:FEATURE_LOCATION_CONFLICT::Coding region xref gene does not exist
prokka_output/45709_F01_Reference/45709_F01_Reference:CDS	Transcriptional regulatory protein WalR	NZ_LS483405.1:42217-42933	JECDCPOO_00036

DiscRep_SUB:FEATURE_LOCATION_CONFLICT::Coding region xref gene does not exist
prokka_output/45709_F01_Reference/45709_F01_Reference:CDS	Sensor protein kinase WalK	NZ_LS483405.1:42978-44834	JECDCPOO_00037

DiscRep_SUB:FEATURE_LOCATION_CONFLICT::Coding region xref gene does not exist
prokka_output/45709_F01_Reference/45709_F01_Reference:CDS	hypothetical protein	NZ_LS483405.1:44821-46122	JECDCPOO_00038

DiscRep_SUB:FEATURE_LOCATION_CONFLICT::Coding region xref gene does not exist
prokka_output/45709_F01_Reference/45709_F01_Reference:CDS	Two-component system WalR/WalK regulatory protein YycI	NZ_LS483405.1:46145-46999	JECDCPOO_00039

DiscRep_SUB:FEATURE_LOCATION_CONFLICT::Coding region xref gene does not exist
prokka_output/45709_F01_Reference/45709_F01_Reference:CDS	Exodeoxyribonuclease WalJ	NZ_LS483405.1:47145-47972	JECDCPOO_00040

DiscRep_SUB:FEATURE_LOCATION_CONFLICT::Coding region xref gene does not exist
prokka_output/45709_F01_Reference/45709_F01_Reference:CDS	Serine protease Do-like HtrA	NZ_LS483405.1:48122-49465	JECDCPOO_00041

DiscRep_SUB:FEATURE_LOCATION_CONFLICT::Coding region xref gene does not exist
prokka_output/45709_F01_Reference/45709_F01_Reference:CDS	Ribosomal RNA large subunit methyltransferase H	NZ_LS483405.1:50002-50481	JECDCPOO_00042

DiscRep_SUB:FEATURE_LOCATION_CONFLICT::Coding region xref gene does not exist
prokka_output/45709_F01_Reference/45709_F01_Reference:CDS	hypothetical protein	NZ_LS483405.1:50572-53208	JECDCPOO_00043

DiscRep_SUB:FEATURE_LOCATION_CONFLICT::Coding region xref gene does not exist
prokka_output/45709_F01_Reference/45709_F01_Reference:CDS	hypothetical protein	NZ_LS483405.1:c53948-53529	JECDCPOO_00044

DiscRep_SUB:FEATURE_LOCATION_CONFLICT::Coding region xref gene does not exist
prokka_output/45709_F01_Reference/45709_F01_Reference:CDS	hypothetical protein	NZ_LS483405.1:c54474-53959	JECDCPOO_00045

DiscRep_SUB:FEATURE_LOCATION_CONFLICT::Coding region xref gene does not exist
prokka_output/45709_F01_Reference/45709_F01_Reference:CDS	hypothetical protein	NZ_LS483405.1:c55077-54508	JECDCPOO_00046

DiscRep_SUB:FEATURE_LOCATION_CONFLICT::Coding region xref gene does not exist
prokka_output/45709_F01_Reference/45709_F01_Reference:CDS	hypothetical protein	NZ_LS483405.1:55345-55797	JECDCPOO_00047

DiscRep_SUB:FEATURE_LOCATION_CONFLICT::Coding region xref gene does not exist
prokka_output/45709_F01_Reference/45709_F01_Reference:CDS	Cell wall protein	NZ_LS483405.1:c57814-55931	JECDCPOO_00048

DiscRep_SUB:FEATURE_LOCATION_CONFLICT::Coding region xref gene does not exist
prokka_output/45709_F01_Reference/45709_F01_Reference:CDS	hypothetical protein	NZ_LS483405.1:c58454-57966	JECDCPOO_00049

DiscRep_SUB:FEATURE_LOCATION_CONFLICT::Coding region xref gene does not exist
prokka_output/45709_F01_Reference/45709_F01_Reference:CDS	hypothetical protein	NZ_LS483405.1:c59710-58583	JECDCPOO_00050

DiscRep_SUB:FEATURE_LOCATION_CONFLICT::Coding region xref gene does not exist
prokka_output/45709_F01_Reference/45709_F01_Reference:CDS	Foldase protein PrsA	NZ_LS483405.1:60006-60929	JECDCPOO_00051

DiscRep_SUB:FEATURE_LOCATION_CONFLICT::Coding region xref gene does not exist
prokka_output/45709_F01_Reference/45709_F01_Reference:CDS	hypothetical protein	NZ_LS483405.1:c63185-61116	JECDCPOO_00052

DiscRep_SUB:FEATURE_LOCATION_CONFLICT::Coding region xref gene does not exist
prokka_output/45709_F01_Reference/45709_F01_Reference:CDS	hypothetical protein	NZ_LS483405.1:63666-63959	JECDCPOO_00053

DiscRep_SUB:FEATURE_LOCATION_CONFLICT::Coding region xref gene does not exist
prokka_output/45709_F01_Reference/45709_F01_Reference:CDS	hypothetical protein	NZ_LS483405.1:63984-64916	JECDCPOO_00054

DiscRep_SUB:FEATURE_LOCATION_CONFLICT::Coding region xref gene does not exist
prokka_output/45709_F01_Reference/45709_F01_Reference:CDS	putative MFS-type transporter EfpA	NZ_LS483405.1:65290-66627	JECDCPOO_00055

DiscRep_SUB:FEATURE_LOCATION_CONFLICT::Coding region xref gene does not exist
prokka_output/45709_F01_Reference/45709_F01_Reference:CDS	hypothetical protein	NZ_LS483405.1:66707-67309	JECDCPOO_00056

DiscRep_SUB:FEATURE_LOCATION_CONFLICT::Coding region xref gene does not exist
prokka_output/45709_F01_Reference/45709_F01_Reference:CDS	3-ketodihydrosphingosine reductase	NZ_LS483405.1:67324-68163	JECDCPOO_00057

DiscRep_SUB:FEATURE_LOCATION_CONFLICT::Coding region xref gene does not exist
prokka_output/45709_F01_Reference/45709_F01_Reference:CDS	hypothetical protein	NZ_LS483405.1:68325-68687	JECDCPOO_00058

DiscRep_SUB:FEATURE_LOCATION_CONFLICT::Coding region xref gene does not exist
prokka_output/45709_F01_Reference/45709_F01_Reference:CDS	Ribosome protection protein VmlR	NZ_LS483405.1:c70255-68762	JECDCPOO_00059

DiscRep_SUB:FEATURE_LOCATION_CONFLICT::Coding region xref gene does not exist
prokka_output/45709_F01_Reference/45709_F01_Reference:CDS	Arginine exporter protein ArgO	NZ_LS483405.1:70656-71273	JECDCPOO_00060

DiscRep_SUB:FEATURE_LOCATION_CONFLICT::Coding region xref gene does not exist
prokka_output/45709_F01_Reference/45709_F01_Reference:CDS	HTH-type transcriptional regulator MgrA	NZ_LS483405.1:c71899-71468	JECDCPOO_00061

DiscRep_SUB:FEATURE_LOCATION_CONFLICT::Coding region xref gene does not exist
prokka_output/45709_F01_Reference/45709_F01_Reference:CDS	Acetyl esterase	NZ_LS483405.1:72026-72979	JECDCPOO_00062

DiscRep_SUB:FEATURE_LOCATION_CONFLICT::Coding region xref gene does not exist
prokka_output/45709_F01_Reference/45709_F01_Reference:CDS	ADP-ribosylarginine hydrolase Tri1	NZ_LS483405.1:73105-74049	JECDCPOO_00063

DiscRep_SUB:FEATURE_LOCATION_CONFLICT::Coding region xref gene does not exist
prokka_output/45709_F01_Reference/45709_F01_Reference:CDS	Maltose O-acetyltransferase	NZ_LS483405.1:74049-74645	JECDCPOO_00064

DiscRep_SUB:FEATURE_LOCATION_CONFLICT::Coding region xref gene does not exist
prokka_output/45709_F01_Reference/45709_F01_Reference:CDS	hypothetical protein	NZ_LS483405.1:c75068-74754	JECDCPOO_00065

DiscRep_SUB:FEATURE_LOCATION_CONFLICT::Coding region xref gene does not exist
prokka_output/45709_F01_Reference/45709_F01_Reference:CDS	hypothetical protein	NZ_LS483405.1:c75680-75108	JECDCPOO_00066

DiscRep_SUB:FEATURE_LOCATION_CONFLICT::Coding region xref gene does not exist
prokka_output/45709_F01_Reference/45709_F01_Reference:CDS	Peptidyl-lysine N-acetyltransferase YjaB	NZ_LS483405.1:75769-76200	JECDCPOO_00067

DiscRep_SUB:FEATURE_LOCATION_CONFLICT::Coding region xref gene does not exist
prokka_output/45709_F01_Reference/45709_F01_Reference:CDS	hypothetical protein	NZ_LS483405.1:c76756-76244	JECDCPOO_00068

DiscRep_SUB:FEATURE_LOCATION_CONFLICT::Coding region xref gene does not exist
prokka_output/45709_F01_Reference/45709_F01_Reference:CDS	Dipeptide-binding protein	NZ_LS483405.1:c78620-76980	JECDCPOO_00069

DiscRep_SUB:FEATURE_LOCATION_CONFLICT::Coding region xref gene does not exist
prokka_output/45709_F01_Reference/45709_F01_Reference:CDS	hypothetical protein	NZ_LS483405.1:79317-79952	JECDCPOO_00070

DiscRep_SUB:FEATURE_LOCATION_CONFLICT::Coding region xref gene does not exist
prokka_output/45709_F01_Reference/45709_F01_Reference:CDS	hypothetical protein	NZ_LS483405.1:80092-81366	JECDCPOO_00071

DiscRep_SUB:FEATURE_LOCATION_CONFLICT::Coding region xref gene does not exist
prokka_output/45709_F01_Reference/45709_F01_Reference:CDS	hypothetical protein	NZ_LS483405.1:c82278-81430	JECDCPOO_00072

DiscRep_SUB:FEATURE_LOCATION_CONFLICT::Coding region xref gene does not exist
prokka_output/45709_F01_Reference/45709_F01_Reference:CDS	hypothetical protein	NZ_LS483405.1:c82621-82292	JECDCPOO_00073

DiscRep_SUB:FEATURE_LOCATION_CONFLICT::Coding region xref gene does not exist
prokka_output/45709_F01_Reference/45709_F01_Reference:CDS	hypothetical protein	NZ_LS483405.1:c83456-82719	JECDCPOO_00074

DiscRep_SUB:FEATURE_LOCATION_CONFLICT::Coding region xref gene does not exist
prokka_output/45709_F01_Reference/45709_F01_Reference:CDS	hypothetical protein	NZ_LS483405.1:83766-84332	JECDCPOO_00075

DiscRep_SUB:FEATURE_LOCATION_CONFLICT::Coding region xref gene does not exist
prokka_output/45709_F01_Reference/45709_F01_Reference:CDS	hypothetical protein	NZ_LS483405.1:c84952-84449	JECDCPOO_00076

DiscRep_SUB:FEATURE_LOCATION_CONFLICT::Coding region xref gene does not exist
prokka_output/45709_F01_Reference/45709_F01_Reference:CDS	1,4-dihydroxy-2-naphthoyl-CoA hydrolase	NZ_LS483405.1:c85405-85040	JECDCPOO_00077

DiscRep_SUB:FEATURE_LOCATION_CONFLICT::Coding region xref gene does not exist
prokka_output/45709_F01_Reference/45709_F01_Reference:CDS	1,4-dihydroxy-2-naphthoyl-CoA synthase	NZ_LS483405.1:85438-86259	JECDCPOO_00078

DiscRep_SUB:FEATURE_LOCATION_CONFLICT::Coding region xref gene does not exist
prokka_output/45709_F01_Reference/45709_F01_Reference:CDS	2-succinylbenzoate--CoA ligase	NZ_LS483405.1:86275-87708	JECDCPOO_00079

DiscRep_SUB:FEATURE_LOCATION_CONFLICT::Coding region xref gene does not exist
prokka_output/45709_F01_Reference/45709_F01_Reference:CDS	hypothetical protein	NZ_LS483405.1:c88315-87773	JECDCPOO_00080

DiscRep_SUB:FEATURE_LOCATION_CONFLICT::Coding region xref gene does not exist
prokka_output/45709_F01_Reference/45709_F01_Reference:CDS	hypothetical protein	NZ_LS483405.1:88518-89462	JECDCPOO_00081

DiscRep_SUB:FEATURE_LOCATION_CONFLICT::Coding region xref gene does not exist
prokka_output/45709_F01_Reference/45709_F01_Reference:CDS	UDP-N-acetylmuramoyl-L-alanyl-D-glutamate--L-lysine ligase	NZ_LS483405.1:c91036-89522	JECDCPOO_00082

DiscRep_SUB:FEATURE_LOCATION_CONFLICT::Coding region xref gene does not exist
prokka_output/45709_F01_Reference/45709_F01_Reference:CDS	Lysine--tRNA ligase	NZ_LS483405.1:c92565-91057	JECDCPOO_00083

DiscRep_SUB:FEATURE_LOCATION_CONFLICT::Coding region xref gene does not exist
prokka_output/45709_F01_Reference/45709_F01_Reference:CDS	hypothetical protein	NZ_LS483405.1:92779-93960	JECDCPOO_00084

DiscRep_SUB:FEATURE_LOCATION_CONFLICT::Coding region xref gene does not exist
prokka_output/45709_F01_Reference/45709_F01_Reference:CDS	3-phenylpropionate-dihydrodiol/cinnamic acid-dihydrodiol dehydrogenase	NZ_LS483405.1:c95114-94362	JECDCPOO_00087

DiscRep_SUB:FEATURE_LOCATION_CONFLICT::Coding region xref gene does not exist
prokka_output/45709_F01_Reference/45709_F01_Reference:CDS	hypothetical protein	NZ_LS483405.1:c95722-95165	JECDCPOO_00088

DiscRep_SUB:FEATURE_LOCATION_CONFLICT::Coding region xref gene does not exist
prokka_output/45709_F01_Reference/45709_F01_Reference:CDS	hypothetical protein	NZ_LS483405.1:95882-96517	JECDCPOO_00089

DiscRep_SUB:FEATURE_LOCATION_CONFLICT::Coding region xref gene does not exist
prokka_output/45709_F01_Reference/45709_F01_Reference:CDS	hypothetical protein	NZ_LS483405.1:96791-97381	JECDCPOO_00090

DiscRep_SUB:FEATURE_LOCATION_CONFLICT::Coding region xref gene does not exist
prokka_output/45709_F01_Reference/45709_F01_Reference:CDS	Glutamate/gamma-aminobutyrate antiporter	NZ_LS483405.1:97575-99080	JECDCPOO_00091

DiscRep_SUB:FEATURE_LOCATION_CONFLICT::Coding region xref gene does not exist
prokka_output/45709_F01_Reference/45709_F01_Reference:CDS	Glutamate decarboxylase	NZ_LS483405.1:99166-100575	JECDCPOO_00092

DiscRep_SUB:FEATURE_LOCATION_CONFLICT::Coding region xref gene does not exist
prokka_output/45709_F01_Reference/45709_F01_Reference:CDS	Glutamate--tRNA ligase	NZ_LS483405.1:100636-102147	JECDCPOO_00093

DiscRep_SUB:FEATURE_LOCATION_CONFLICT::Coding region xref gene does not exist
prokka_output/45709_F01_Reference/45709_F01_Reference:CDS	hypothetical protein	NZ_LS483405.1:102326-103240	JECDCPOO_00094

DiscRep_SUB:FEATURE_LOCATION_CONFLICT::Coding region xref gene does not exist
prokka_output/45709_F01_Reference/45709_F01_Reference:CDS	Proton/sodium-glutamate symport protein	NZ_LS483405.1:108899-110185	JECDCPOO_00098

DiscRep_SUB:FEATURE_LOCATION_CONFLICT::Coding region xref gene does not exist
prokka_output/45709_F01_Reference/45709_F01_Reference:CDS	Alkyl hydroperoxide reductase C	NZ_LS483405.1:111277-111840	JECDCPOO_00099

DiscRep_SUB:FEATURE_LOCATION_CONFLICT::Coding region xref gene does not exist
prokka_output/45709_F01_Reference/45709_F01_Reference:CDS	hypothetical protein	NZ_LS483405.1:c112294-111947	JECDCPOO_00100

DiscRep_SUB:FEATURE_LOCATION_CONFLICT::Coding region xref gene does not exist
prokka_output/45709_F01_Reference/45709_F01_Reference:CDS	putative sugar epimerase YhfK	NZ_LS483405.1:112458-113099	JECDCPOO_00101

DiscRep_SUB:FEATURE_LOCATION_CONFLICT::Coding region xref gene does not exist
prokka_output/45709_F01_Reference/45709_F01_Reference:CDS	hypothetical protein	NZ_LS483405.1:c113724-113149	JECDCPOO_00102

DiscRep_SUB:FEATURE_LOCATION_CONFLICT::Coding region xref gene does not exist
prokka_output/45709_F01_Reference/45709_F01_Reference:CDS	Gamma-resorcylate decarboxylase	NZ_LS483405.1:113828-114304	JECDCPOO_00103

DiscRep_SUB:FEATURE_LOCATION_CONFLICT::Coding region xref gene does not exist
prokka_output/45709_F01_Reference/45709_F01_Reference:CDS	Gamma-resorcylate decarboxylase	NZ_LS483405.1:114427-114816	JECDCPOO_00104

DiscRep_SUB:FEATURE_LOCATION_CONFLICT::Coding region xref gene does not exist
prokka_output/45709_F01_Reference/45709_F01_Reference:CDS	hypothetical protein	NZ_LS483405.1:114833-115144	JECDCPOO_00105

DiscRep_SUB:FEATURE_LOCATION_CONFLICT::Coding region xref gene does not exist
prokka_output/45709_F01_Reference/45709_F01_Reference:CDS	hypothetical protein	NZ_LS483405.1:115159-115752	JECDCPOO_00106

DiscRep_SUB:FEATURE_LOCATION_CONFLICT::Coding region xref gene does not exist
prokka_output/45709_F01_Reference/45709_F01_Reference:CDS	hypothetical protein	NZ_LS483405.1:115885-116148	JECDCPOO_00107

DiscRep_SUB:FEATURE_LOCATION_CONFLICT::Coding region xref gene does not exist
prokka_output/45709_F01_Reference/45709_F01_Reference:CDS	hypothetical protein	NZ_LS483405.1:c117001-116366	JECDCPOO_00108

DiscRep_SUB:FEATURE_LOCATION_CONFLICT::Coding region xref gene does not exist
prokka_output/45709_F01_Reference/45709_F01_Reference:CDS	6-phosphogluconate dehydrogenase, decarboxylating	NZ_LS483405.1:c118610-117168	JECDCPOO_00109

DiscRep_SUB:FEATURE_LOCATION_CONFLICT::Coding region xref gene does not exist
prokka_output/45709_F01_Reference/45709_F01_Reference:CDS	hypothetical protein	NZ_LS483405.1:c119183-118755	JECDCPOO_00110

DiscRep_SUB:FEATURE_LOCATION_CONFLICT::Coding region xref gene does not exist
prokka_output/45709_F01_Reference/45709_F01_Reference:CDS	Protein ElaA	NZ_LS483405.1:119268-119705	JECDCPOO_00111

DiscRep_SUB:FEATURE_LOCATION_CONFLICT::Coding region xref gene does not exist
prokka_output/45709_F01_Reference/45709_F01_Reference:CDS	hypothetical protein	NZ_LS483405.1:c121522-119789	JECDCPOO_00112

DiscRep_SUB:FEATURE_LOCATION_CONFLICT::Coding region xref gene does not exist
prokka_output/45709_F01_Reference/45709_F01_Reference:CDS	Glucose-6-phosphate 1-dehydrogenase	NZ_LS483405.1:c123228-121741	JECDCPOO_00113

DiscRep_SUB:FEATURE_LOCATION_CONFLICT::Coding region xref gene does not exist
prokka_output/45709_F01_Reference/45709_F01_Reference:CDS	SPbeta prophage-derived aminoglycoside N(3')-acetyltransferase-like protein YokD	NZ_LS483405.1:123689-124510	JECDCPOO_00114

DiscRep_SUB:FEATURE_LOCATION_CONFLICT::Coding region xref gene does not exist
prokka_output/45709_F01_Reference/45709_F01_Reference:CDS	hypothetical protein	NZ_LS483405.1:125315-125890	JECDCPOO_00115

DiscRep_SUB:FEATURE_LOCATION_CONFLICT::Coding region xref gene does not exist
prokka_output/45709_F01_Reference/45709_F01_Reference:CDS	Coniferyl aldehyde dehydrogenase	NZ_LS483405.1:125960-127387	JECDCPOO_00116

DiscRep_SUB:FEATURE_LOCATION_CONFLICT::Coding region xref gene does not exist
prokka_output/45709_F01_Reference/45709_F01_Reference:CDS	Pyridoxine 4-dehydrogenase	NZ_LS483405.1:c128331-127489	JECDCPOO_00117

DiscRep_SUB:FEATURE_LOCATION_CONFLICT::Coding region xref gene does not exist
prokka_output/45709_F01_Reference/45709_F01_Reference:CDS	hypothetical protein	NZ_LS483405.1:128571-129386	JECDCPOO_00118

DiscRep_SUB:FEATURE_LOCATION_CONFLICT::Coding region xref gene does not exist
prokka_output/45709_F01_Reference/45709_F01_Reference:CDS	hypothetical protein	NZ_LS483405.1:129636-130802	JECDCPOO_00119

DiscRep_SUB:FEATURE_LOCATION_CONFLICT::Coding region xref gene does not exist
prokka_output/45709_F01_Reference/45709_F01_Reference:CDS	Phosphoglycerate transporter protein	NZ_LS483405.1:130960-132306	JECDCPOO_00120

DiscRep_SUB:FEATURE_LOCATION_CONFLICT::Coding region xref gene does not exist
prokka_output/45709_F01_Reference/45709_F01_Reference:CDS	hypothetical protein	NZ_LS483405.1:c133011-132397	JECDCPOO_00121

DiscRep_SUB:FEATURE_LOCATION_CONFLICT::Coding region xref gene does not exist
prokka_output/45709_F01_Reference/45709_F01_Reference:CDS	Multidrug transporter protein MdtP	NZ_LS483405.1:c134584-133115	JECDCPOO_00122

DiscRep_SUB:FEATURE_LOCATION_CONFLICT::Coding region xref gene does not exist
prokka_output/45709_F01_Reference/45709_F01_Reference:CDS	hypothetical protein	NZ_LS483405.1:134749-135408	JECDCPOO_00123

DiscRep_SUB:FEATURE_LOCATION_CONFLICT::Coding region xref gene does not exist
prokka_output/45709_F01_Reference/45709_F01_Reference:CDS	FMN reductase (NADPH)	NZ_LS483405.1:c136303-135557	JECDCPOO_00124

DiscRep_SUB:FEATURE_LOCATION_CONFLICT::Coding region xref gene does not exist
prokka_output/45709_F01_Reference/45709_F01_Reference:CDS	Putative NrdI-like protein	NZ_LS483405.1:c136773-136300	JECDCPOO_00125

DiscRep_SUB:FEATURE_LOCATION_CONFLICT::Coding region xref gene does not exist
prokka_output/45709_F01_Reference/45709_F01_Reference:CDS	Ribosome protection protein VmlR	NZ_LS483405.1:137105-138625	JECDCPOO_00126

DiscRep_SUB:FEATURE_LOCATION_CONFLICT::Coding region xref gene does not exist
prokka_output/45709_F01_Reference/45709_F01_Reference:CDS	Fatty acid resistance protein FarB	NZ_LS483405.1:138724-140157	JECDCPOO_00127

DiscRep_SUB:FEATURE_LOCATION_CONFLICT::Coding region xref gene does not exist
prokka_output/45709_F01_Reference/45709_F01_Reference:CDS	hypothetical protein	NZ_LS483405.1:140327-140506	JECDCPOO_00128

DiscRep_SUB:FEATURE_LOCATION_CONFLICT::Coding region xref gene does not exist
prokka_output/45709_F01_Reference/45709_F01_Reference:CDS	2-dehydro-3-deoxy-D-gluconate 5-dehydrogenase	NZ_LS483405.1:140666-141439	JECDCPOO_00129

DiscRep_SUB:FEATURE_LOCATION_CONFLICT::Coding region xref gene does not exist
prokka_output/45709_F01_Reference/45709_F01_Reference:CDS	HTH-type transcriptional regulator KdgR	NZ_LS483405.1:c142470-141502	JECDCPOO_00130

DiscRep_SUB:FEATURE_LOCATION_CONFLICT::Coding region xref gene does not exist
prokka_output/45709_F01_Reference/45709_F01_Reference:CDS	hypothetical protein	NZ_LS483405.1:c143887-142532	JECDCPOO_00131

DiscRep_SUB:FEATURE_LOCATION_CONFLICT::Coding region xref gene does not exist
prokka_output/45709_F01_Reference/45709_F01_Reference:CDS	hypothetical protein	NZ_LS483405.1:144095-144451	JECDCPOO_00132

DiscRep_SUB:FEATURE_LOCATION_CONFLICT::Coding region xref gene does not exist
prokka_output/45709_F01_Reference/45709_F01_Reference:CDS	Acid shock protein	NZ_LS483405.1:144731-145156	JECDCPOO_00133

DiscRep_SUB:FEATURE_LOCATION_CONFLICT::Coding region xref gene does not exist
prokka_output/45709_F01_Reference/45709_F01_Reference:CDS	Inner membrane transporter YjeM	NZ_LS483405.1:145371-146849	JECDCPOO_00134

DiscRep_SUB:FEATURE_LOCATION_CONFLICT::Coding region xref gene does not exist
prokka_output/45709_F01_Reference/45709_F01_Reference:CDS	Glyoxal reductase	NZ_LS483405.1:c147885-147037	JECDCPOO_00135

DiscRep_SUB:FEATURE_LOCATION_CONFLICT::Coding region xref gene does not exist
prokka_output/45709_F01_Reference/45709_F01_Reference:CDS	hypothetical protein	NZ_LS483405.1:c148112-147954	JECDCPOO_00136

DiscRep_SUB:FEATURE_LOCATION_CONFLICT::Coding region xref gene does not exist
prokka_output/45709_F01_Reference/45709_F01_Reference:CDS	Calcium-transporting ATPase CtpE	NZ_LS483405.1:148350-150686	JECDCPOO_00137

DiscRep_SUB:FEATURE_LOCATION_CONFLICT::Coding region xref gene does not exist
prokka_output/45709_F01_Reference/45709_F01_Reference:CDS	hypothetical protein	NZ_LS483405.1:150775-151299	JECDCPOO_00138

DiscRep_SUB:FEATURE_LOCATION_CONFLICT::Coding region xref gene does not exist
prokka_output/45709_F01_Reference/45709_F01_Reference:CDS	hypothetical protein	NZ_LS483405.1:c153147-151354	JECDCPOO_00139

DiscRep_SUB:FEATURE_LOCATION_CONFLICT::Coding region xref gene does not exist
prokka_output/45709_F01_Reference/45709_F01_Reference:CDS	Aldehyde-alcohol dehydrogenase	NZ_LS483405.1:153510-156128	JECDCPOO_00140

DiscRep_SUB:FEATURE_LOCATION_CONFLICT::Coding region xref gene does not exist
prokka_output/45709_F01_Reference/45709_F01_Reference:CDS	hypothetical protein	NZ_LS483405.1:156612-157187	JECDCPOO_00141

DiscRep_SUB:FEATURE_LOCATION_CONFLICT::Coding region xref gene does not exist
prokka_output/45709_F01_Reference/45709_F01_Reference:CDS	hypothetical protein	NZ_LS483405.1:157630-160227	JECDCPOO_00142

DiscRep_SUB:FEATURE_LOCATION_CONFLICT::Coding region xref gene does not exist
prokka_output/45709_F01_Reference/45709_F01_Reference:CDS	hypothetical protein	NZ_LS483405.1:160641-161291	JECDCPOO_00143

DiscRep_SUB:FEATURE_LOCATION_CONFLICT::Coding region xref gene does not exist
prokka_output/45709_F01_Reference/45709_F01_Reference:CDS	hypothetical protein	NZ_LS483405.1:c161444-161337	JECDCPOO_00144

DiscRep_SUB:FEATURE_LOCATION_CONFLICT::Coding region xref gene does not exist
prokka_output/45709_F01_Reference/45709_F01_Reference:CDS	hypothetical protein	NZ_LS483405.1:161514-161864	JECDCPOO_00145

DiscRep_SUB:FEATURE_LOCATION_CONFLICT::Coding region xref gene does not exist
prokka_output/45709_F01_Reference/45709_F01_Reference:CDS	hypothetical protein	NZ_LS483405.1:c162244-161993	JECDCPOO_00146

DiscRep_SUB:FEATURE_LOCATION_CONFLICT::Coding region xref gene does not exist
prokka_output/45709_F01_Reference/45709_F01_Reference:CDS	hypothetical protein	NZ_LS483405.1:162496-163047	JECDCPOO_00147

DiscRep_SUB:FEATURE_LOCATION_CONFLICT::Coding region xref gene does not exist
prokka_output/45709_F01_Reference/45709_F01_Reference:CDS	4-deoxy-L-threo-5-hexosulose-uronate ketol-isomerase 1	NZ_LS483405.1:163180-164025	JECDCPOO_00148

DiscRep_SUB:FEATURE_LOCATION_CONFLICT::Coding region xref gene does not exist
prokka_output/45709_F01_Reference/45709_F01_Reference:CDS	2-dehydro-3-deoxygluconokinase	NZ_LS483405.1:164043-165023	JECDCPOO_00149

DiscRep_SUB:FEATURE_LOCATION_CONFLICT::Coding region xref gene does not exist
prokka_output/45709_F01_Reference/45709_F01_Reference:CDS	Acetate kinase	NZ_LS483405.1:165146-166333	JECDCPOO_00150

DiscRep_SUB:FEATURE_LOCATION_CONFLICT::Coding region xref gene does not exist
prokka_output/45709_F01_Reference/45709_F01_Reference:CDS	hypothetical protein	NZ_LS483405.1:166620-167117	JECDCPOO_00151

DiscRep_SUB:FEATURE_LOCATION_CONFLICT::Coding region xref gene does not exist
prokka_output/45709_F01_Reference/45709_F01_Reference:CDS	Multidrug efflux system permease protein	NZ_LS483405.1:c168792-167170	JECDCPOO_00152

DiscRep_SUB:FEATURE_LOCATION_CONFLICT::Coding region xref gene does not exist
prokka_output/45709_F01_Reference/45709_F01_Reference:CDS	Multidrug efflux system ATP-binding protein	NZ_LS483405.1:c169691-168798	JECDCPOO_00153

DiscRep_SUB:FEATURE_LOCATION_CONFLICT::Coding region xref gene does not exist
prokka_output/45709_F01_Reference/45709_F01_Reference:CDS	putative protein YedJ	NZ_LS483405.1:169860-170516	JECDCPOO_00154

DiscRep_SUB:FEATURE_LOCATION_CONFLICT::Coding region xref gene does not exist
prokka_output/45709_F01_Reference/45709_F01_Reference:CDS	hypothetical protein	NZ_LS483405.1:c171866-170529	JECDCPOO_00155

DiscRep_SUB:FEATURE_LOCATION_CONFLICT::Coding region xref gene does not exist
prokka_output/45709_F01_Reference/45709_F01_Reference:CDS	Uronate isomerase	NZ_LS483405.1:c173392-171965	JECDCPOO_00156

DiscRep_SUB:FEATURE_LOCATION_CONFLICT::Coding region xref gene does not exist
prokka_output/45709_F01_Reference/45709_F01_Reference:CDS	Glucuronide carrier protein	NZ_LS483405.1:c174883-173465	JECDCPOO_00157

DiscRep_SUB:FEATURE_LOCATION_CONFLICT::Coding region xref gene does not exist
prokka_output/45709_F01_Reference/45709_F01_Reference:CDS	Oligosaccharide 4-alpha-D-glucosyltransferase	NZ_LS483405.1:175242-177737	JECDCPOO_00158

DiscRep_SUB:FEATURE_LOCATION_CONFLICT::Coding region xref gene does not exist
prokka_output/45709_F01_Reference/45709_F01_Reference:CDS	Beta-glucuronidase	NZ_LS483405.1:177834-179645	JECDCPOO_00159

DiscRep_SUB:FEATURE_LOCATION_CONFLICT::Coding region xref gene does not exist
prokka_output/45709_F01_Reference/45709_F01_Reference:CDS	D-mannonate oxidoreductase	NZ_LS483405.1:180073-181710	JECDCPOO_00160

DiscRep_SUB:FEATURE_LOCATION_CONFLICT::Coding region xref gene does not exist
prokka_output/45709_F01_Reference/45709_F01_Reference:CDS	Protein LacX, plasmid	NZ_LS483405.1:181728-182606	JECDCPOO_00161

DiscRep_SUB:FEATURE_LOCATION_CONFLICT::Coding region xref gene does not exist
prokka_output/45709_F01_Reference/45709_F01_Reference:CDS	2,3-bisphosphoglycerate-dependent phosphoglycerate mutase	NZ_LS483405.1:182627-183289	JECDCPOO_00162

DiscRep_SUB:FEATURE_LOCATION_CONFLICT::Coding region xref gene does not exist
prokka_output/45709_F01_Reference/45709_F01_Reference:CDS	Hydroxypyruvate reductase	NZ_LS483405.1:183324-184316	JECDCPOO_00163

DiscRep_SUB:FEATURE_LOCATION_CONFLICT::Coding region xref gene does not exist
prokka_output/45709_F01_Reference/45709_F01_Reference:CDS	Xylulose kinase	NZ_LS483405.1:184412-185953	JECDCPOO_00164

DiscRep_SUB:FEATURE_LOCATION_CONFLICT::Coding region xref gene does not exist
prokka_output/45709_F01_Reference/45709_F01_Reference:CDS	6-phosphogluconate dehydrogenase, NAD(+)-dependent, decarboxylating	NZ_LS483405.1:186420-187322	JECDCPOO_00165

DiscRep_SUB:FEATURE_LOCATION_CONFLICT::Coding region xref gene does not exist
prokka_output/45709_F01_Reference/45709_F01_Reference:CDS	HTH-type transcriptional repressor RspR	NZ_LS483405.1:187465-188166	JECDCPOO_00166

DiscRep_SUB:FEATURE_LOCATION_CONFLICT::Coding region xref gene does not exist
prokka_output/45709_F01_Reference/45709_F01_Reference:CDS	Mannonate dehydratase	NZ_LS483405.1:188199-189269	JECDCPOO_00167

DiscRep_SUB:FEATURE_LOCATION_CONFLICT::Coding region xref gene does not exist
prokka_output/45709_F01_Reference/45709_F01_Reference:CDS	putative HTH-type transcriptional repressor ExuR	NZ_LS483405.1:189344-190351	JECDCPOO_00168

DiscRep_SUB:FEATURE_LOCATION_CONFLICT::Coding region xref gene does not exist
prokka_output/45709_F01_Reference/45709_F01_Reference:CDS	putative symporter YjmB	NZ_LS483405.1:190587-192065	JECDCPOO_00169

DiscRep_SUB:FEATURE_LOCATION_CONFLICT::Coding region xref gene does not exist
prokka_output/45709_F01_Reference/45709_F01_Reference:CDS	Tagaturonate/fructuronate epimerase	NZ_LS483405.1:192121-193701	JECDCPOO_00170

DiscRep_SUB:FEATURE_LOCATION_CONFLICT::Coding region xref gene does not exist
prokka_output/45709_F01_Reference/45709_F01_Reference:CDS	Uronate isomerase	NZ_LS483405.1:193740-195200	JECDCPOO_00171

DiscRep_SUB:FEATURE_LOCATION_CONFLICT::Coding region xref gene does not exist
prokka_output/45709_F01_Reference/45709_F01_Reference:CDS	hypothetical protein	NZ_LS483405.1:195509-196750	JECDCPOO_00172

DiscRep_SUB:FEATURE_LOCATION_CONFLICT::Coding region xref gene does not exist
prokka_output/45709_F01_Reference/45709_F01_Reference:CDS	hypothetical protein	NZ_LS483405.1:c197002-196820	JECDCPOO_00173

DiscRep_SUB:FEATURE_LOCATION_CONFLICT::Coding region xref gene does not exist
prokka_output/45709_F01_Reference/45709_F01_Reference:CDS	putative transport protein HsrA	NZ_LS483405.1:197245-198639	JECDCPOO_00174

DiscRep_SUB:FEATURE_LOCATION_CONFLICT::Coding region xref gene does not exist
prokka_output/45709_F01_Reference/45709_F01_Reference:CDS	hypothetical protein	NZ_LS483405.1:c199249-198722	JECDCPOO_00175

DiscRep_SUB:FEATURE_LOCATION_CONFLICT::Coding region xref gene does not exist
prokka_output/45709_F01_Reference/45709_F01_Reference:CDS	hypothetical protein	NZ_LS483405.1:c199440-199252	JECDCPOO_00176

DiscRep_SUB:FEATURE_LOCATION_CONFLICT::Coding region xref gene does not exist
prokka_output/45709_F01_Reference/45709_F01_Reference:CDS	hypothetical protein	NZ_LS483405.1:199950-201971	JECDCPOO_00177

DiscRep_SUB:FEATURE_LOCATION_CONFLICT::Coding region xref gene does not exist
prokka_output/45709_F01_Reference/45709_F01_Reference:CDS	hypothetical protein	NZ_LS483405.1:c202830-202027	JECDCPOO_00178

DiscRep_SUB:FEATURE_LOCATION_CONFLICT::Coding region xref gene does not exist
prokka_output/45709_F01_Reference/45709_F01_Reference:CDS	Cys-tRNA(Pro)/Cys-tRNA(Cys) deacylase YbaK	NZ_LS483405.1:c203337-202834	JECDCPOO_00179

DiscRep_SUB:FEATURE_LOCATION_CONFLICT::Coding region xref gene does not exist
prokka_output/45709_F01_Reference/45709_F01_Reference:CDS	HTH-type transcriptional repressor NagR	NZ_LS483405.1:203483-204208	JECDCPOO_00180

DiscRep_SUB:FEATURE_LOCATION_CONFLICT::Coding region xref gene does not exist
prokka_output/45709_F01_Reference/45709_F01_Reference:CDS	hypothetical protein	NZ_LS483405.1:204332-205003	JECDCPOO_00181

DiscRep_SUB:FEATURE_LOCATION_CONFLICT::Coding region xref gene does not exist
prokka_output/45709_F01_Reference/45709_F01_Reference:CDS	Transcription elongation factor GreA	NZ_LS483405.1:c205557-205075	JECDCPOO_00182

DiscRep_SUB:FEATURE_LOCATION_CONFLICT::Coding region xref gene does not exist
prokka_output/45709_F01_Reference/45709_F01_Reference:CDS	hypothetical protein	NZ_LS483405.1:205631-206053	JECDCPOO_00183

DiscRep_SUB:FEATURE_LOCATION_CONFLICT::Coding region xref gene does not exist
prokka_output/45709_F01_Reference/45709_F01_Reference:CDS	Accessory gene regulator A	NZ_LS483405.1:206562-207317	JECDCPOO_00184

DiscRep_SUB:FEATURE_LOCATION_CONFLICT::Coding region xref gene does not exist
prokka_output/45709_F01_Reference/45709_F01_Reference:CDS	hypothetical protein	NZ_LS483405.1:207332-208657	JECDCPOO_00185

DiscRep_SUB:FEATURE_LOCATION_CONFLICT::Coding region xref gene does not exist
prokka_output/45709_F01_Reference/45709_F01_Reference:CDS	hypothetical protein	NZ_LS483405.1:208654-210000	JECDCPOO_00186

DiscRep_SUB:FEATURE_LOCATION_CONFLICT::Coding region xref gene does not exist
prokka_output/45709_F01_Reference/45709_F01_Reference:CDS	NADP-dependent (R)-specific alcohol dehydrogenase	NZ_LS483405.1:210538-211278	JECDCPOO_00187

DiscRep_SUB:FEATURE_LOCATION_CONFLICT::Coding region xref gene does not exist
prokka_output/45709_F01_Reference/45709_F01_Reference:CDS	hypothetical protein	NZ_LS483405.1:c211416-211327	JECDCPOO_00188

DiscRep_SUB:FEATURE_LOCATION_CONFLICT::Coding region xref gene does not exist
prokka_output/45709_F01_Reference/45709_F01_Reference:CDS	Ribosomal large subunit pseudouridine synthase D	NZ_LS483405.1:c212397-211510	JECDCPOO_00189

DiscRep_SUB:FEATURE_LOCATION_CONFLICT::Coding region xref gene does not exist
prokka_output/45709_F01_Reference/45709_F01_Reference:CDS	Putative universal stress protein	NZ_LS483405.1:c212944-212489	JECDCPOO_00190

DiscRep_SUB:FEATURE_LOCATION_CONFLICT::Coding region xref gene does not exist
prokka_output/45709_F01_Reference/45709_F01_Reference:CDS	hypothetical protein	NZ_LS483405.1:c213780-213130	JECDCPOO_00191

DiscRep_SUB:FEATURE_LOCATION_CONFLICT::Coding region xref gene does not exist
prokka_output/45709_F01_Reference/45709_F01_Reference:CDS	Multidrug resistance protein Stp	NZ_LS483405.1:c215502-213787	JECDCPOO_00192

DiscRep_SUB:FEATURE_LOCATION_CONFLICT::Coding region xref gene does not exist
prokka_output/45709_F01_Reference/45709_F01_Reference:CDS	hypothetical protein	NZ_LS483405.1:215594-216127	JECDCPOO_00193

DiscRep_SUB:FEATURE_LOCATION_CONFLICT::Coding region xref gene does not exist
prokka_output/45709_F01_Reference/45709_F01_Reference:CDS	Oligopeptide-binding protein OppA	NZ_LS483405.1:c218000-216192	JECDCPOO_00194

DiscRep_SUB:FEATURE_LOCATION_CONFLICT::Coding region xref gene does not exist
prokka_output/45709_F01_Reference/45709_F01_Reference:CDS	Oligopeptide transport system permease protein OppC	NZ_LS483405.1:c219071-218121	JECDCPOO_00195

DiscRep_SUB:FEATURE_LOCATION_CONFLICT::Coding region xref gene does not exist
prokka_output/45709_F01_Reference/45709_F01_Reference:CDS	Oligopeptide transport system permease protein OppB	NZ_LS483405.1:c220046-219087	JECDCPOO_00196

DiscRep_SUB:FEATURE_LOCATION_CONFLICT::Coding region xref gene does not exist
prokka_output/45709_F01_Reference/45709_F01_Reference:CDS	Oligopeptide transport ATP-binding protein OppF	NZ_LS483405.1:c221020-220046	JECDCPOO_00197

DiscRep_SUB:FEATURE_LOCATION_CONFLICT::Coding region xref gene does not exist
prokka_output/45709_F01_Reference/45709_F01_Reference:CDS	Oligopeptide transport ATP-binding protein OppD	NZ_LS483405.1:c222030-221017	JECDCPOO_00198

DiscRep_SUB:FEATURE_LOCATION_CONFLICT::Coding region xref gene does not exist
prokka_output/45709_F01_Reference/45709_F01_Reference:CDS	hypothetical protein	NZ_LS483405.1:222469-222933	JECDCPOO_00199

DiscRep_SUB:FEATURE_LOCATION_CONFLICT::Coding region xref gene does not exist
prokka_output/45709_F01_Reference/45709_F01_Reference:CDS	Lipoate-protein ligase LplJ	NZ_LS483405.1:223257-224270	JECDCPOO_00200

DiscRep_SUB:FEATURE_LOCATION_CONFLICT::Coding region xref gene does not exist
prokka_output/45709_F01_Reference/45709_F01_Reference:CDS	hypothetical protein	NZ_LS483405.1:224402-224821	JECDCPOO_00201

DiscRep_SUB:FEATURE_LOCATION_CONFLICT::Coding region xref gene does not exist
prokka_output/45709_F01_Reference/45709_F01_Reference:CDS	hypothetical protein	NZ_LS483405.1:224836-225315	JECDCPOO_00202

DiscRep_SUB:FEATURE_LOCATION_CONFLICT::Coding region xref gene does not exist
prokka_output/45709_F01_Reference/45709_F01_Reference:CDS	hypothetical protein	NZ_LS483405.1:225965-226774	JECDCPOO_00203

DiscRep_SUB:FEATURE_LOCATION_CONFLICT::Coding region xref gene does not exist
prokka_output/45709_F01_Reference/45709_F01_Reference:CDS	Xylose isomerase	NZ_LS483405.1:227283-228632	JECDCPOO_00204

DiscRep_SUB:FEATURE_LOCATION_CONFLICT::Coding region xref gene does not exist
prokka_output/45709_F01_Reference/45709_F01_Reference:CDS	Xylulose kinase	NZ_LS483405.1:228736-230244	JECDCPOO_00205

DiscRep_SUB:FEATURE_LOCATION_CONFLICT::Coding region xref gene does not exist
prokka_output/45709_F01_Reference/45709_F01_Reference:CDS	D-xylose transporter	NZ_LS483405.1:230455-231828	JECDCPOO_00206

DiscRep_SUB:FEATURE_LOCATION_CONFLICT::Coding region xref gene does not exist
prokka_output/45709_F01_Reference/45709_F01_Reference:CDS	Diacetyl reductase [(S)-acetoin forming]	NZ_LS483405.1:231996-232775	JECDCPOO_00207

DiscRep_SUB:FEATURE_LOCATION_CONFLICT::Coding region xref gene does not exist
prokka_output/45709_F01_Reference/45709_F01_Reference:CDS	Intracellular iron chaperone frataxin	NZ_LS483405.1:233113-233487	JECDCPOO_00208

DiscRep_SUB:FEATURE_LOCATION_CONFLICT::Coding region xref gene does not exist
prokka_output/45709_F01_Reference/45709_F01_Reference:CDS	hypothetical protein	NZ_LS483405.1:233512-236073	JECDCPOO_00209

DiscRep_SUB:FEATURE_LOCATION_CONFLICT::Coding region xref gene does not exist
prokka_output/45709_F01_Reference/45709_F01_Reference:CDS	Putative universal stress protein	NZ_LS483405.1:c236667-236146	JECDCPOO_00210

DiscRep_SUB:FEATURE_LOCATION_CONFLICT::Coding region xref gene does not exist
prokka_output/45709_F01_Reference/45709_F01_Reference:CDS	hypothetical protein	NZ_LS483405.1:c237197-236688	JECDCPOO_00211

DiscRep_SUB:FEATURE_LOCATION_CONFLICT::Coding region xref gene does not exist
prokka_output/45709_F01_Reference/45709_F01_Reference:CDS	putative succinyl-diaminopimelate desuccinylase	NZ_LS483405.1:237392-238564	JECDCPOO_00212

DiscRep_SUB:FEATURE_LOCATION_CONFLICT::Coding region xref gene does not exist
prokka_output/45709_F01_Reference/45709_F01_Reference:CDS	hypothetical protein	NZ_LS483405.1:238655-239410	JECDCPOO_00213

DiscRep_SUB:FEATURE_LOCATION_CONFLICT::Coding region xref gene does not exist
prokka_output/45709_F01_Reference/45709_F01_Reference:CDS	hypothetical protein	NZ_LS483405.1:c240087-239464	JECDCPOO_00214

DiscRep_SUB:FEATURE_LOCATION_CONFLICT::Coding region xref gene does not exist
prokka_output/45709_F01_Reference/45709_F01_Reference:CDS	Aldo-keto reductase/MSMEI_2347	NZ_LS483405.1:240292-241155	JECDCPOO_00215

DiscRep_SUB:FEATURE_LOCATION_CONFLICT::Coding region xref gene does not exist
prokka_output/45709_F01_Reference/45709_F01_Reference:CDS	hypothetical protein	NZ_LS483405.1:c241546-241157	JECDCPOO_00216

DiscRep_SUB:FEATURE_LOCATION_CONFLICT::Coding region xref gene does not exist
prokka_output/45709_F01_Reference/45709_F01_Reference:CDS	hypothetical protein	NZ_LS483405.1:241716-242249	JECDCPOO_00217

DiscRep_SUB:FEATURE_LOCATION_CONFLICT::Coding region xref gene does not exist
prokka_output/45709_F01_Reference/45709_F01_Reference:CDS	Na(+)/H(+) antiporter NhaC	NZ_LS483405.1:242615-244057	JECDCPOO_00218

DiscRep_SUB:FEATURE_LOCATION_CONFLICT::Coding region xref gene does not exist
prokka_output/45709_F01_Reference/45709_F01_Reference:CDS	hypothetical protein	NZ_LS483405.1:244311-245384	JECDCPOO_00219

DiscRep_SUB:FEATURE_LOCATION_CONFLICT::Coding region xref gene does not exist
prokka_output/45709_F01_Reference/45709_F01_Reference:CDS	(R)-2-hydroxyglutarate dehydrogenase	NZ_LS483405.1:245404-246405	JECDCPOO_00220

DiscRep_SUB:FEATURE_LOCATION_CONFLICT::Coding region xref gene does not exist
prokka_output/45709_F01_Reference/45709_F01_Reference:CDS	Sensor histidine kinase DcuS	NZ_LS483405.1:246525-248117	JECDCPOO_00221

DiscRep_SUB:FEATURE_LOCATION_CONFLICT::Coding region xref gene does not exist
prokka_output/45709_F01_Reference/45709_F01_Reference:CDS	Transcriptional regulatory protein DcuR	NZ_LS483405.1:248114-248830	JECDCPOO_00222

DiscRep_SUB:FEATURE_LOCATION_CONFLICT::Coding region xref gene does not exist
prokka_output/45709_F01_Reference/45709_F01_Reference:CDS	hypothetical protein	NZ_LS483405.1:c250227-248893	JECDCPOO_00223

DiscRep_SUB:FEATURE_LOCATION_CONFLICT::Coding region xref gene does not exist
prokka_output/45709_F01_Reference/45709_F01_Reference:CDS	hypothetical protein	NZ_LS483405.1:250394-250972	JECDCPOO_00224

DiscRep_SUB:FEATURE_LOCATION_CONFLICT::Coding region xref gene does not exist
prokka_output/45709_F01_Reference/45709_F01_Reference:CDS	hypothetical protein	NZ_LS483405.1:c251693-251037	JECDCPOO_00225

DiscRep_SUB:FEATURE_LOCATION_CONFLICT::Coding region xref gene does not exist
prokka_output/45709_F01_Reference/45709_F01_Reference:CDS	hypothetical protein	NZ_LS483405.1:c252604-252080	JECDCPOO_00226

DiscRep_SUB:FEATURE_LOCATION_CONFLICT::Coding region xref gene does not exist
prokka_output/45709_F01_Reference/45709_F01_Reference:CDS	hypothetical protein	NZ_LS483405.1:252793-252960	JECDCPOO_00227

DiscRep_SUB:FEATURE_LOCATION_CONFLICT::Coding region xref gene does not exist
prokka_output/45709_F01_Reference/45709_F01_Reference:CDS	hypothetical protein	NZ_LS483405.1:c253483-253019	JECDCPOO_00228

DiscRep_SUB:FEATURE_LOCATION_CONFLICT::Coding region xref gene does not exist
prokka_output/45709_F01_Reference/45709_F01_Reference:CDS	hypothetical protein	NZ_LS483405.1:c253739-253545	JECDCPOO_00229

DiscRep_SUB:FEATURE_LOCATION_CONFLICT::Coding region xref gene does not exist
prokka_output/45709_F01_Reference/45709_F01_Reference:CDS	Phenolic acid decarboxylase PadC	NZ_LS483405.1:c254464-253928	JECDCPOO_00230

DiscRep_SUB:FEATURE_LOCATION_CONFLICT::Coding region xref gene does not exist
prokka_output/45709_F01_Reference/45709_F01_Reference:CDS	Negative transcriptional regulator PadR	NZ_LS483405.1:254697-255158	JECDCPOO_00231

DiscRep_SUB:FEATURE_LOCATION_CONFLICT::Coding region xref gene does not exist
prokka_output/45709_F01_Reference/45709_F01_Reference:CDS	hypothetical protein	NZ_LS483405.1:c255831-255265	JECDCPOO_00232

DiscRep_SUB:FEATURE_LOCATION_CONFLICT::Coding region xref gene does not exist
prokka_output/45709_F01_Reference/45709_F01_Reference:CDS	3-beta-hydroxysteroid dehydrogenase	NZ_LS483405.1:255946-256980	JECDCPOO_00233

DiscRep_SUB:FEATURE_LOCATION_CONFLICT::Coding region xref gene does not exist
prokka_output/45709_F01_Reference/45709_F01_Reference:CDS	Protein ElaA	NZ_LS483405.1:257060-257503	JECDCPOO_00234

DiscRep_SUB:FEATURE_LOCATION_CONFLICT::Coding region xref gene does not exist
prokka_output/45709_F01_Reference/45709_F01_Reference:CDS	hypothetical protein	NZ_LS483405.1:257496-257948	JECDCPOO_00235

DiscRep_SUB:FEATURE_LOCATION_CONFLICT::Coding region xref gene does not exist
prokka_output/45709_F01_Reference/45709_F01_Reference:CDS	hypothetical protein	NZ_LS483405.1:258463-258807	JECDCPOO_00236

DiscRep_SUB:FEATURE_LOCATION_CONFLICT::Coding region xref gene does not exist
prokka_output/45709_F01_Reference/45709_F01_Reference:CDS	hypothetical protein	NZ_LS483405.1:258920-259339	JECDCPOO_00237

DiscRep_SUB:FEATURE_LOCATION_CONFLICT::Coding region xref gene does not exist
prokka_output/45709_F01_Reference/45709_F01_Reference:CDS	hypothetical protein	NZ_LS483405.1:259460-260011	JECDCPOO_00238

DiscRep_SUB:FEATURE_LOCATION_CONFLICT::Coding region xref gene does not exist
prokka_output/45709_F01_Reference/45709_F01_Reference:CDS	hypothetical protein	NZ_LS483405.1:260291-260857	JECDCPOO_00239

DiscRep_SUB:FEATURE_LOCATION_CONFLICT::Coding region xref gene does not exist
prokka_output/45709_F01_Reference/45709_F01_Reference:CDS	hypothetical protein	NZ_LS483405.1:c261525-260875	JECDCPOO_00240

DiscRep_SUB:FEATURE_LOCATION_CONFLICT::Coding region xref gene does not exist
prokka_output/45709_F01_Reference/45709_F01_Reference:CDS	Putative universal stress protein	NZ_LS483405.1:c262049-261612	JECDCPOO_00241

DiscRep_SUB:FEATURE_LOCATION_CONFLICT::Coding region xref gene does not exist
prokka_output/45709_F01_Reference/45709_F01_Reference:CDS	Divalent metal cation transporter MntH	NZ_LS483405.1:262462-264036	JECDCPOO_00242

DiscRep_SUB:FEATURE_LOCATION_CONFLICT::Coding region xref gene does not exist
prokka_output/45709_F01_Reference/45709_F01_Reference:CDS	hypothetical protein	NZ_LS483405.1:264365-266500	JECDCPOO_00243

DiscRep_SUB:FEATURE_LOCATION_CONFLICT::Coding region xref gene does not exist
prokka_output/45709_F01_Reference/45709_F01_Reference:CDS	GMP reductase	NZ_LS483405.1:c267548-266562	JECDCPOO_00244

DiscRep_SUB:FEATURE_LOCATION_CONFLICT::Coding region xref gene does not exist
prokka_output/45709_F01_Reference/45709_F01_Reference:CDS	Adenylosuccinate synthetase	NZ_LS483405.1:c268859-267573	JECDCPOO_00245

DiscRep_SUB:FEATURE_LOCATION_CONFLICT::Coding region xref gene does not exist
prokka_output/45709_F01_Reference/45709_F01_Reference:CDS	Adenylosuccinate lyase	NZ_LS483405.1:269133-270431	JECDCPOO_00246

DiscRep_SUB:FEATURE_LOCATION_CONFLICT::Coding region xref gene does not exist
prokka_output/45709_F01_Reference/45709_F01_Reference:CDS	hypothetical protein	NZ_LS483405.1:c271411-270506	JECDCPOO_00247

DiscRep_SUB:FEATURE_LOCATION_CONFLICT::Coding region xref gene does not exist
prokka_output/45709_F01_Reference/45709_F01_Reference:CDS	Succinate-semialdehyde dehydrogenase [NADP(+)] 1	NZ_LS483405.1:c272852-271440	JECDCPOO_00248

DiscRep_SUB:FEATURE_LOCATION_CONFLICT::Coding region xref gene does not exist
prokka_output/45709_F01_Reference/45709_F01_Reference:CDS	hypothetical protein	NZ_LS483405.1:c273880-272966	JECDCPOO_00249

DiscRep_SUB:FEATURE_LOCATION_CONFLICT::Coding region xref gene does not exist
prokka_output/45709_F01_Reference/45709_F01_Reference:CDS	Fatty acid metabolism regulator protein	NZ_LS483405.1:274005-274583	JECDCPOO_00250

DiscRep_SUB:FEATURE_LOCATION_CONFLICT::Coding region xref gene does not exist
prokka_output/45709_F01_Reference/45709_F01_Reference:CDS	2-succinyl-6-hydroxy-2,4-cyclohexadiene-1-carboxylate synthase	NZ_LS483405.1:c275877-274945	JECDCPOO_00251

DiscRep_SUB:FEATURE_LOCATION_CONFLICT::Coding region xref gene does not exist
prokka_output/45709_F01_Reference/45709_F01_Reference:CDS	Triple specificity protein phosphatase PtpB	NZ_LS483405.1:c276777-275956	JECDCPOO_00252

DiscRep_SUB:FEATURE_LOCATION_CONFLICT::Coding region xref gene does not exist
prokka_output/45709_F01_Reference/45709_F01_Reference:CDS	Monoterpene epsilon-lactone hydrolase	NZ_LS483405.1:276926-277810	JECDCPOO_00253

DiscRep_SUB:FEATURE_LOCATION_CONFLICT::Coding region xref gene does not exist
prokka_output/45709_F01_Reference/45709_F01_Reference:CDS	Kumamolisin-As	NZ_LS483405.1:277971-279812	JECDCPOO_00254

DiscRep_SUB:FEATURE_LOCATION_CONFLICT::Coding region xref gene does not exist
prokka_output/45709_F01_Reference/45709_F01_Reference:CDS	hypothetical protein	NZ_LS483405.1:c280521-279862	JECDCPOO_00255

DiscRep_SUB:FEATURE_LOCATION_CONFLICT::Coding region xref gene does not exist
prokka_output/45709_F01_Reference/45709_F01_Reference:CDS	Putative glutamine amidotransferase	NZ_LS483405.1:c281337-280603	JECDCPOO_00256

DiscRep_SUB:FEATURE_LOCATION_CONFLICT::Coding region xref gene does not exist
prokka_output/45709_F01_Reference/45709_F01_Reference:CDS	hypothetical protein	NZ_LS483405.1:281499-281750	JECDCPOO_00257

DiscRep_SUB:FEATURE_LOCATION_CONFLICT::Coding region xref gene does not exist
prokka_output/45709_F01_Reference/45709_F01_Reference:CDS	Endonuclease III	NZ_LS483405.1:281862-282509	JECDCPOO_00258

DiscRep_SUB:FEATURE_LOCATION_CONFLICT::Coding region xref gene does not exist
prokka_output/45709_F01_Reference/45709_F01_Reference:CDS	Glycerol kinase	NZ_LS483405.1:282642-284156	JECDCPOO_00259

DiscRep_SUB:FEATURE_LOCATION_CONFLICT::Coding region xref gene does not exist
prokka_output/45709_F01_Reference/45709_F01_Reference:CDS	hypothetical protein	NZ_LS483405.1:c285314-284280	JECDCPOO_00260

DiscRep_SUB:FEATURE_LOCATION_CONFLICT::Coding region xref gene does not exist
prokka_output/45709_F01_Reference/45709_F01_Reference:CDS	hypothetical protein	NZ_LS483405.1:c286204-285332	JECDCPOO_00261

DiscRep_SUB:FEATURE_LOCATION_CONFLICT::Coding region xref gene does not exist
prokka_output/45709_F01_Reference/45709_F01_Reference:CDS	Thermostable beta-glucosidase B	NZ_LS483405.1:c288603-286381	JECDCPOO_00262

DiscRep_SUB:FEATURE_LOCATION_CONFLICT::Coding region xref gene does not exist
prokka_output/45709_F01_Reference/45709_F01_Reference:CDS	HTH-type transcriptional activator RhaR	NZ_LS483405.1:c289646-288777	JECDCPOO_00263

DiscRep_SUB:FEATURE_LOCATION_CONFLICT::Coding region xref gene does not exist
prokka_output/45709_F01_Reference/45709_F01_Reference:CDS	Beta-galactosidase BgaA	NZ_LS483405.1:289776-291767	JECDCPOO_00264

DiscRep_SUB:FEATURE_LOCATION_CONFLICT::Coding region xref gene does not exist
prokka_output/45709_F01_Reference/45709_F01_Reference:CDS	hypothetical protein	NZ_LS483405.1:291781-293049	JECDCPOO_00265

DiscRep_SUB:FEATURE_LOCATION_CONFLICT::Coding region xref gene does not exist
prokka_output/45709_F01_Reference/45709_F01_Reference:CDS	hypothetical protein	NZ_LS483405.1:293095-294429	JECDCPOO_00266

DiscRep_SUB:FEATURE_LOCATION_CONFLICT::Coding region xref gene does not exist
prokka_output/45709_F01_Reference/45709_F01_Reference:CDS	Triuret hydrolase TrtA	NZ_LS483405.1:c295028-294477	JECDCPOO_00267

DiscRep_SUB:FEATURE_LOCATION_CONFLICT::Coding region xref gene does not exist
prokka_output/45709_F01_Reference/45709_F01_Reference:CDS	hypothetical protein	NZ_LS483405.1:295199-295516	JECDCPOO_00268

DiscRep_SUB:FEATURE_LOCATION_CONFLICT::Coding region xref gene does not exist
prokka_output/45709_F01_Reference/45709_F01_Reference:CDS	hypothetical protein	NZ_LS483405.1:295509-296147	JECDCPOO_00269

DiscRep_SUB:FEATURE_LOCATION_CONFLICT::Coding region xref gene does not exist
prokka_output/45709_F01_Reference/45709_F01_Reference:CDS	hypothetical protein	NZ_LS483405.1:296177-297118	JECDCPOO_00270

DiscRep_SUB:FEATURE_LOCATION_CONFLICT::Coding region xref gene does not exist
prokka_output/45709_F01_Reference/45709_F01_Reference:CDS	putative tRNA-dihydrouridine synthase	NZ_LS483405.1:297273-298268	JECDCPOO_00271

DiscRep_SUB:FEATURE_LOCATION_CONFLICT::Coding region xref gene does not exist
prokka_output/45709_F01_Reference/45709_F01_Reference:CDS	Enoyl-[acyl-carrier-protein] reductase [NADH]	NZ_LS483405.1:298415-299614	JECDCPOO_00272

DiscRep_SUB:FEATURE_LOCATION_CONFLICT::Coding region xref gene does not exist
prokka_output/45709_F01_Reference/45709_F01_Reference:CDS	Flavodoxin	NZ_LS483405.1:299838-300281	JECDCPOO_00273

DiscRep_SUB:FEATURE_LOCATION_CONFLICT::Coding region xref gene does not exist
prokka_output/45709_F01_Reference/45709_F01_Reference:CDS	hypothetical protein	NZ_LS483405.1:300309-300833	JECDCPOO_00274

DiscRep_SUB:FEATURE_LOCATION_CONFLICT::Coding region xref gene does not exist
prokka_output/45709_F01_Reference/45709_F01_Reference:CDS	Threonine/serine transporter ThrP	NZ_LS483405.1:301477-302817	JECDCPOO_00275

DiscRep_SUB:FEATURE_LOCATION_CONFLICT::Coding region xref gene does not exist
prokka_output/45709_F01_Reference/45709_F01_Reference:CDS	hypothetical protein	NZ_LS483405.1:302832-303509	JECDCPOO_00276

DiscRep_SUB:FEATURE_LOCATION_CONFLICT::Coding region xref gene does not exist
prokka_output/45709_F01_Reference/45709_F01_Reference:CDS	hypothetical protein	NZ_LS483405.1:303660-304259	JECDCPOO_00277

DiscRep_SUB:FEATURE_LOCATION_CONFLICT::Coding region xref gene does not exist
prokka_output/45709_F01_Reference/45709_F01_Reference:CDS	hypothetical protein	NZ_LS483405.1:304256-306448	JECDCPOO_00278

DiscRep_SUB:FEATURE_LOCATION_CONFLICT::Coding region xref gene does not exist
prokka_output/45709_F01_Reference/45709_F01_Reference:CDS	putative succinyl-diaminopimelate desuccinylase	NZ_LS483405.1:c307742-306507	JECDCPOO_00279

DiscRep_SUB:FEATURE_LOCATION_CONFLICT::Coding region xref gene does not exist
prokka_output/45709_F01_Reference/45709_F01_Reference:CDS	Alcohol dehydrogenase 1	NZ_LS483405.1:308112-309122	JECDCPOO_00280

DiscRep_SUB:FEATURE_LOCATION_CONFLICT::Coding region xref gene does not exist
prokka_output/45709_F01_Reference/45709_F01_Reference:CDS	hypothetical protein	NZ_LS483405.1:c309667-309251	JECDCPOO_00281

DiscRep_SUB:FEATURE_LOCATION_CONFLICT::Coding region xref gene does not exist
prokka_output/45709_F01_Reference/45709_F01_Reference:CDS	Vitamin B12 import ATP-binding protein BtuD	NZ_LS483405.1:309874-310803	JECDCPOO_00282

DiscRep_SUB:FEATURE_LOCATION_CONFLICT::Coding region xref gene does not exist
prokka_output/45709_F01_Reference/45709_F01_Reference:CDS	putative ergothioneine transporter EgtUBC	NZ_LS483405.1:310805-312325	JECDCPOO_00283

DiscRep_SUB:FEATURE_LOCATION_CONFLICT::Coding region xref gene does not exist
prokka_output/45709_F01_Reference/45709_F01_Reference:CDS	hypothetical protein	NZ_LS483405.1:c312472-312206	JECDCPOO_00284

DiscRep_SUB:FEATURE_LOCATION_CONFLICT::Coding region xref gene does not exist
prokka_output/45709_F01_Reference/45709_F01_Reference:CDS	hypothetical protein	NZ_LS483405.1:312702-313826	JECDCPOO_00285

DiscRep_SUB:FEATURE_LOCATION_CONFLICT::Coding region xref gene does not exist
prokka_output/45709_F01_Reference/45709_F01_Reference:CDS	hypothetical protein	NZ_LS483405.1:c314442-313888	JECDCPOO_00286

DiscRep_SUB:FEATURE_LOCATION_CONFLICT::Coding region xref gene does not exist
prokka_output/45709_F01_Reference/45709_F01_Reference:CDS	hypothetical protein	NZ_LS483405.1:314472-314966	JECDCPOO_00287

DiscRep_SUB:FEATURE_LOCATION_CONFLICT::Coding region xref gene does not exist
prokka_output/45709_F01_Reference/45709_F01_Reference:CDS	putative cation-transporting ATPase F	NZ_LS483405.1:315604-318351	JECDCPOO_00288

DiscRep_SUB:FEATURE_LOCATION_CONFLICT::Coding region xref gene does not exist
prokka_output/45709_F01_Reference/45709_F01_Reference:CDS	Dipeptidase A	NZ_LS483405.1:318562-319983	JECDCPOO_00289

DiscRep_SUB:FEATURE_LOCATION_CONFLICT::Coding region xref gene does not exist
prokka_output/45709_F01_Reference/45709_F01_Reference:CDS	hypothetical protein	NZ_LS483405.1:320019-321014	JECDCPOO_00290

DiscRep_SUB:FEATURE_LOCATION_CONFLICT::Coding region xref gene does not exist
prokka_output/45709_F01_Reference/45709_F01_Reference:CDS	Maltose O-acetyltransferase	NZ_LS483405.1:c321789-321214	JECDCPOO_00291

DiscRep_SUB:FEATURE_LOCATION_CONFLICT::Coding region xref gene does not exist
prokka_output/45709_F01_Reference/45709_F01_Reference:CDS	hypothetical protein	NZ_LS483405.1:322080-322727	JECDCPOO_00292

DiscRep_SUB:FEATURE_LOCATION_CONFLICT::Coding region xref gene does not exist
prokka_output/45709_F01_Reference/45709_F01_Reference:CDS	putative inner membrane transporter YicL	NZ_LS483405.1:322995-323936	JECDCPOO_00293

DiscRep_SUB:FEATURE_LOCATION_CONFLICT::Coding region xref gene does not exist
prokka_output/45709_F01_Reference/45709_F01_Reference:CDS	Copper-exporting P-type ATPase B	NZ_LS483405.1:c326100-324034	JECDCPOO_00294

DiscRep_SUB:FEATURE_LOCATION_CONFLICT::Coding region xref gene does not exist
prokka_output/45709_F01_Reference/45709_F01_Reference:CDS	Transcriptional repressor CopY	NZ_LS483405.1:c326543-326097	JECDCPOO_00295

DiscRep_SUB:FEATURE_LOCATION_CONFLICT::Coding region xref gene does not exist
prokka_output/45709_F01_Reference/45709_F01_Reference:CDS	hypothetical protein	NZ_LS483405.1:326786-328057	JECDCPOO_00296

DiscRep_SUB:FEATURE_LOCATION_CONFLICT::Coding region xref gene does not exist
prokka_output/45709_F01_Reference/45709_F01_Reference:CDS	putative oxidoreductase YtbE	NZ_LS483405.1:328181-329026	JECDCPOO_00297

DiscRep_SUB:FEATURE_LOCATION_CONFLICT::Coding region xref gene does not exist
prokka_output/45709_F01_Reference/45709_F01_Reference:CDS	putative copper-transporting ATPase PacS	NZ_LS483405.1:c331054-329129	JECDCPOO_00298

DiscRep_SUB:FEATURE_LOCATION_CONFLICT::Coding region xref gene does not exist
prokka_output/45709_F01_Reference/45709_F01_Reference:CDS	hypothetical protein	NZ_LS483405.1:c331443-331072	JECDCPOO_00299

DiscRep_SUB:FEATURE_LOCATION_CONFLICT::Coding region xref gene does not exist
prokka_output/45709_F01_Reference/45709_F01_Reference:CDS	hypothetical protein	NZ_LS483405.1:c331846-331754	JECDCPOO_00300

DiscRep_SUB:FEATURE_LOCATION_CONFLICT::Coding region xref gene does not exist
prokka_output/45709_F01_Reference/45709_F01_Reference:CDS	Poly-beta-1,6-N-acetyl-D-glucosamine N-deacetylase	NZ_LS483405.1:c332841-331993	JECDCPOO_00301

DiscRep_SUB:FEATURE_LOCATION_CONFLICT::Coding region xref gene does not exist
prokka_output/45709_F01_Reference/45709_F01_Reference:CDS	Tyrosine recombinase XerC	NZ_LS483405.1:c333719-332895	JECDCPOO_00302

DiscRep_SUB:FEATURE_LOCATION_CONFLICT::Coding region xref gene does not exist
prokka_output/45709_F01_Reference/45709_F01_Reference:CDS	Adenosine deaminase	NZ_LS483405.1:c334886-333843	JECDCPOO_00303

DiscRep_SUB:FEATURE_LOCATION_CONFLICT::Coding region xref gene does not exist
prokka_output/45709_F01_Reference/45709_F01_Reference:CDS	Peptidoglycan O-acetyltransferase OatA	NZ_LS483405.1:335357-337297	JECDCPOO_00304

DiscRep_SUB:FEATURE_LOCATION_CONFLICT::Coding region xref gene does not exist
prokka_output/45709_F01_Reference/45709_F01_Reference:CDS	hypothetical protein	NZ_LS483405.1:337523-338275	JECDCPOO_00305

DiscRep_SUB:FEATURE_LOCATION_CONFLICT::Coding region xref gene does not exist
prokka_output/45709_F01_Reference/45709_F01_Reference:CDS	Linoleate hydratase	NZ_LS483405.1:338504-340198	JECDCPOO_00306

DiscRep_SUB:FEATURE_LOCATION_CONFLICT::Coding region xref gene does not exist
prokka_output/45709_F01_Reference/45709_F01_Reference:CDS	Signal peptidase IB	NZ_LS483405.1:c340872-340288	JECDCPOO_00307

DiscRep_SUB:FEATURE_LOCATION_CONFLICT::Coding region xref gene does not exist
prokka_output/45709_F01_Reference/45709_F01_Reference:CDS	Cytidine deaminase	NZ_LS483405.1:341060-341452	JECDCPOO_00308

DiscRep_SUB:FEATURE_LOCATION_CONFLICT::Coding region xref gene does not exist
prokka_output/45709_F01_Reference/45709_F01_Reference:CDS	hypothetical protein	NZ_LS483405.1:c342169-341930	JECDCPOO_00309

DiscRep_SUB:FEATURE_LOCATION_CONFLICT::Coding region xref gene does not exist
prokka_output/45709_F01_Reference/45709_F01_Reference:CDS	hypothetical protein	NZ_LS483405.1:342340-342963	JECDCPOO_00310

DiscRep_SUB:FEATURE_LOCATION_CONFLICT::Coding region xref gene does not exist
prokka_output/45709_F01_Reference/45709_F01_Reference:CDS	Isoprimeverose transporter	NZ_LS483405.1:c344460-343129	JECDCPOO_00311

DiscRep_SUB:FEATURE_LOCATION_CONFLICT::Coding region xref gene does not exist
prokka_output/45709_F01_Reference/45709_F01_Reference:CDS	Inner membrane protein YagU	NZ_LS483405.1:c345000-344479	JECDCPOO_00312

DiscRep_SUB:FEATURE_LOCATION_CONFLICT::Coding region xref gene does not exist
prokka_output/45709_F01_Reference/45709_F01_Reference:CDS	UvrABC system protein A	NZ_LS483405.1:345171-347447	JECDCPOO_00313

DiscRep_SUB:FEATURE_LOCATION_CONFLICT::Coding region xref gene does not exist
prokka_output/45709_F01_Reference/45709_F01_Reference:CDS	hypothetical protein	NZ_LS483405.1:347454-347843	JECDCPOO_00314

DiscRep_SUB:FEATURE_LOCATION_CONFLICT::Coding region xref gene does not exist
prokka_output/45709_F01_Reference/45709_F01_Reference:CDS	hypothetical protein	NZ_LS483405.1:347963-349504	JECDCPOO_00315

DiscRep_SUB:FEATURE_LOCATION_CONFLICT::Coding region xref gene does not exist
prokka_output/45709_F01_Reference/45709_F01_Reference:CDS	hypothetical protein	NZ_LS483405.1:c350911-349574	JECDCPOO_00316

DiscRep_SUB:FEATURE_LOCATION_CONFLICT::Coding region xref gene does not exist
prokka_output/45709_F01_Reference/45709_F01_Reference:CDS	Glycine betaine/carnitine/choline transport system permease protein OpuCD	NZ_LS483405.1:c351720-351058	JECDCPOO_00317

DiscRep_SUB:FEATURE_LOCATION_CONFLICT::Coding region xref gene does not exist
prokka_output/45709_F01_Reference/45709_F01_Reference:CDS	Glycine betaine/carnitine/choline-binding protein OpuCC	NZ_LS483405.1:c352654-351722	JECDCPOO_00318

DiscRep_SUB:FEATURE_LOCATION_CONFLICT::Coding region xref gene does not exist
prokka_output/45709_F01_Reference/45709_F01_Reference:CDS	Carnitine transport permease protein OpuCB	NZ_LS483405.1:c353291-352665	JECDCPOO_00319

DiscRep_SUB:FEATURE_LOCATION_CONFLICT::Coding region xref gene does not exist
prokka_output/45709_F01_Reference/45709_F01_Reference:CDS	Carnitine transport ATP-binding protein OpuCA	NZ_LS483405.1:c354493-353288	JECDCPOO_00320

DiscRep_SUB:FEATURE_LOCATION_CONFLICT::Coding region xref gene does not exist
prokka_output/45709_F01_Reference/45709_F01_Reference:CDS	hypothetical protein	NZ_LS483405.1:354889-355368	JECDCPOO_00321

DiscRep_SUB:FEATURE_LOCATION_CONFLICT::Coding region xref gene does not exist
prokka_output/45709_F01_Reference/45709_F01_Reference:CDS	Staphyloferrin B transporter	NZ_LS483405.1:c356633-355404	JECDCPOO_00322

DiscRep_SUB:FEATURE_LOCATION_CONFLICT::Coding region xref gene does not exist
prokka_output/45709_F01_Reference/45709_F01_Reference:CDS	Dye-decolorizing peroxidase	NZ_LS483405.1:c357894-356941	JECDCPOO_00323

DiscRep_SUB:FEATURE_LOCATION_CONFLICT::Coding region xref gene does not exist
prokka_output/45709_F01_Reference/45709_F01_Reference:CDS	Cystathionine beta-lyase PatB	NZ_LS483405.1:c359201-358035	JECDCPOO_00324

DiscRep_SUB:FEATURE_LOCATION_CONFLICT::Coding region xref gene does not exist
prokka_output/45709_F01_Reference/45709_F01_Reference:CDS	hypothetical protein	NZ_LS483405.1:c360058-359201	JECDCPOO_00325

DiscRep_SUB:FEATURE_LOCATION_CONFLICT::Coding region xref gene does not exist
prokka_output/45709_F01_Reference/45709_F01_Reference:CDS	hypothetical protein	NZ_LS483405.1:c362226-360178	JECDCPOO_00326

DiscRep_SUB:FEATURE_LOCATION_CONFLICT::Coding region xref gene does not exist
prokka_output/45709_F01_Reference/45709_F01_Reference:CDS	putative glycosyltransferase YkoT	NZ_LS483405.1:c363257-362238	JECDCPOO_00327

DiscRep_SUB:FEATURE_LOCATION_CONFLICT::Coding region xref gene does not exist
prokka_output/45709_F01_Reference/45709_F01_Reference:CDS	hypothetical protein	NZ_LS483405.1:363743-365092	JECDCPOO_00328

DiscRep_SUB:FEATURE_LOCATION_CONFLICT::Coding region xref gene does not exist
prokka_output/45709_F01_Reference/45709_F01_Reference:CDS	hypothetical protein	NZ_LS483405.1:365105-365746	JECDCPOO_00329

DiscRep_SUB:FEATURE_LOCATION_CONFLICT::Coding region xref gene does not exist
prokka_output/45709_F01_Reference/45709_F01_Reference:CDS	hypothetical protein	NZ_LS483405.1:366048-367220	JECDCPOO_00330

DiscRep_SUB:FEATURE_LOCATION_CONFLICT::Coding region xref gene does not exist
prokka_output/45709_F01_Reference/45709_F01_Reference:CDS	hypothetical protein	NZ_LS483405.1:367389-368864	JECDCPOO_00331

DiscRep_SUB:FEATURE_LOCATION_CONFLICT::Coding region xref gene does not exist
prokka_output/45709_F01_Reference/45709_F01_Reference:CDS	putative ABC transporter ATP-binding protein	NZ_LS483405.1:368877-369536	JECDCPOO_00332

DiscRep_SUB:FEATURE_LOCATION_CONFLICT::Coding region xref gene does not exist
prokka_output/45709_F01_Reference/45709_F01_Reference:CDS	Oligo-1,6-glucosidase	NZ_LS483405.1:369782-371419	JECDCPOO_00333

DiscRep_SUB:FEATURE_LOCATION_CONFLICT::Coding region xref gene does not exist
prokka_output/45709_F01_Reference/45709_F01_Reference:CDS	hypothetical protein	NZ_LS483405.1:371649-372110	JECDCPOO_00334

DiscRep_SUB:FEATURE_LOCATION_CONFLICT::Coding region xref gene does not exist
prokka_output/45709_F01_Reference/45709_F01_Reference:CDS	Nicotinamide riboside transporter PnuC	NZ_LS483405.1:372426-373178	JECDCPOO_00335

DiscRep_SUB:FEATURE_LOCATION_CONFLICT::Coding region xref gene does not exist
prokka_output/45709_F01_Reference/45709_F01_Reference:CDS	hypothetical protein	NZ_LS483405.1:373263-374180	JECDCPOO_00336

DiscRep_SUB:FEATURE_LOCATION_CONFLICT::Coding region xref gene does not exist
prokka_output/45709_F01_Reference/45709_F01_Reference:CDS	Pyruvate oxidase	NZ_LS483405.1:374389-376149	JECDCPOO_00337

DiscRep_SUB:FEATURE_LOCATION_CONFLICT::Coding region xref gene does not exist
prokka_output/45709_F01_Reference/45709_F01_Reference:CDS	hypothetical protein	NZ_LS483405.1:376412-376831	JECDCPOO_00338

DiscRep_SUB:FEATURE_LOCATION_CONFLICT::Coding region xref gene does not exist
prokka_output/45709_F01_Reference/45709_F01_Reference:CDS	hypothetical protein	NZ_LS483405.1:c377192-376944	JECDCPOO_00339

DiscRep_SUB:FEATURE_LOCATION_CONFLICT::Coding region xref gene does not exist
prokka_output/45709_F01_Reference/45709_F01_Reference:CDS	Adaptive-response sensory-kinase SasA	NZ_LS483405.1:c378648-377284	JECDCPOO_00340

DiscRep_SUB:FEATURE_LOCATION_CONFLICT::Coding region xref gene does not exist
prokka_output/45709_F01_Reference/45709_F01_Reference:CDS	Response regulator MprA	NZ_LS483405.1:c379339-378638	JECDCPOO_00341

DiscRep_SUB:FEATURE_LOCATION_CONFLICT::Coding region xref gene does not exist
prokka_output/45709_F01_Reference/45709_F01_Reference:CDS	hypothetical protein	NZ_LS483405.1:379515-379811	JECDCPOO_00342

DiscRep_SUB:FEATURE_LOCATION_CONFLICT::Coding region xref gene does not exist
prokka_output/45709_F01_Reference/45709_F01_Reference:CDS	putative sugar epimerase YhfK	NZ_LS483405.1:c380661-380020	JECDCPOO_00343

DiscRep_SUB:FEATURE_LOCATION_CONFLICT::Coding region xref gene does not exist
prokka_output/45709_F01_Reference/45709_F01_Reference:CDS	Type II NADH:quinone oxidoreductase	NZ_LS483405.1:381001-382212	JECDCPOO_00344

DiscRep_SUB:FEATURE_LOCATION_CONFLICT::Coding region xref gene does not exist
prokka_output/45709_F01_Reference/45709_F01_Reference:CDS	Methylated-DNA--protein-cysteine methyltransferase	NZ_LS483405.1:382513-383031	JECDCPOO_00345

DiscRep_SUB:FEATURE_LOCATION_CONFLICT::Coding region xref gene does not exist
prokka_output/45709_F01_Reference/45709_F01_Reference:CDS	hypothetical protein	NZ_LS483405.1:383327-383722	JECDCPOO_00346

DiscRep_SUB:FEATURE_LOCATION_CONFLICT::Coding region xref gene does not exist
prokka_output/45709_F01_Reference/45709_F01_Reference:CDS	Succinate-semialdehyde dehydrogenase [NADP(+)] 1	NZ_LS483405.1:384108-385523	JECDCPOO_00347

DiscRep_SUB:FEATURE_LOCATION_CONFLICT::Coding region xref gene does not exist
prokka_output/45709_F01_Reference/45709_F01_Reference:CDS	HTH-type transcriptional regulator BhcR	NZ_LS483405.1:c386329-385571	JECDCPOO_00348

DiscRep_SUB:FEATURE_LOCATION_CONFLICT::Coding region xref gene does not exist
prokka_output/45709_F01_Reference/45709_F01_Reference:CDS	hypothetical protein	NZ_LS483405.1:c387199-386453	JECDCPOO_00349

DiscRep_SUB:FEATURE_LOCATION_CONFLICT::Coding region xref gene does not exist
prokka_output/45709_F01_Reference/45709_F01_Reference:CDS	hypothetical protein	NZ_LS483405.1:c387613-387338	JECDCPOO_00350

DiscRep_SUB:FEATURE_LOCATION_CONFLICT::Coding region xref gene does not exist
prokka_output/45709_F01_Reference/45709_F01_Reference:CDS	hypothetical protein	NZ_LS483405.1:387791-387883	JECDCPOO_00351

DiscRep_SUB:FEATURE_LOCATION_CONFLICT::Coding region xref gene does not exist
prokka_output/45709_F01_Reference/45709_F01_Reference:CDS	4-deoxy-L-threo-5-hexosulose-uronate ketol-isomerase 1	NZ_LS483405.1:387964-388809	JECDCPOO_00352

DiscRep_SUB:FEATURE_LOCATION_CONFLICT::Coding region xref gene does not exist
prokka_output/45709_F01_Reference/45709_F01_Reference:CDS	2-dehydro-3-deoxy-D-gluconate 5-dehydrogenase	NZ_LS483405.1:388828-389643	JECDCPOO_00353

DiscRep_SUB:FEATURE_LOCATION_CONFLICT::Coding region xref gene does not exist
prokka_output/45709_F01_Reference/45709_F01_Reference:CDS	2-keto-3-deoxygluconate permease	NZ_LS483405.1:389735-390745	JECDCPOO_00354

DiscRep_SUB:FEATURE_LOCATION_CONFLICT::Coding region xref gene does not exist
prokka_output/45709_F01_Reference/45709_F01_Reference:CDS	2-dehydro-3-deoxygluconokinase	NZ_LS483405.1:390775-391737	JECDCPOO_00355

DiscRep_SUB:FEATURE_LOCATION_CONFLICT::Coding region xref gene does not exist
prokka_output/45709_F01_Reference/45709_F01_Reference:CDS	2-dehydro-3-deoxy-phosphogluconate aldolase	NZ_LS483405.1:391755-392408	JECDCPOO_00356

DiscRep_SUB:FEATURE_LOCATION_CONFLICT::Coding region xref gene does not exist
prokka_output/45709_F01_Reference/45709_F01_Reference:CDS	hypothetical protein	NZ_LS483405.1:c392978-392463	JECDCPOO_00357

DiscRep_SUB:FEATURE_LOCATION_CONFLICT::Coding region xref gene does not exist
prokka_output/45709_F01_Reference/45709_F01_Reference:CDS	NADP-dependent (R)-specific alcohol dehydrogenase	NZ_LS483405.1:393217-393966	JECDCPOO_00358

DiscRep_SUB:FEATURE_LOCATION_CONFLICT::Coding region xref gene does not exist
prokka_output/45709_F01_Reference/45709_F01_Reference:CDS	Divalent metal cation transporter MntH	NZ_LS483405.1:c395455-394076	JECDCPOO_00359

DiscRep_SUB:FEATURE_LOCATION_CONFLICT::Coding region xref gene does not exist
prokka_output/45709_F01_Reference/45709_F01_Reference:CDS	Protein DegV	NZ_LS483405.1:396040-396894	JECDCPOO_00360

DiscRep_SUB:FEATURE_LOCATION_CONFLICT::Coding region xref gene does not exist
prokka_output/45709_F01_Reference/45709_F01_Reference:CDS	NADH oxidase	NZ_LS483405.1:397991-399400	JECDCPOO_00361

DiscRep_SUB:FEATURE_LOCATION_CONFLICT::Coding region xref gene does not exist
prokka_output/45709_F01_Reference/45709_F01_Reference:CDS	Thioredoxin	NZ_LS483405.1:399521-399847	JECDCPOO_00362

DiscRep_SUB:FEATURE_LOCATION_CONFLICT::Coding region xref gene does not exist
prokka_output/45709_F01_Reference/45709_F01_Reference:CDS	hypothetical protein	NZ_LS483405.1:399847-400110	JECDCPOO_00363

DiscRep_SUB:FEATURE_LOCATION_CONFLICT::Coding region xref gene does not exist
prokka_output/45709_F01_Reference/45709_F01_Reference:CDS	Fluoride-specific ion channel FluC 1	NZ_LS483405.1:400184-400576	JECDCPOO_00364

DiscRep_SUB:FEATURE_LOCATION_CONFLICT::Coding region xref gene does not exist
prokka_output/45709_F01_Reference/45709_F01_Reference:CDS	Fluoride-specific ion channel FluC 2	NZ_LS483405.1:400576-400932	JECDCPOO_00365

DiscRep_SUB:FEATURE_LOCATION_CONFLICT::Coding region xref gene does not exist
prokka_output/45709_F01_Reference/45709_F01_Reference:CDS	hypothetical protein	NZ_LS483405.1:401007-401855	JECDCPOO_00366

DiscRep_SUB:FEATURE_LOCATION_CONFLICT::Coding region xref gene does not exist
prokka_output/45709_F01_Reference/45709_F01_Reference:CDS	putative carboxylic ester hydrolase LipM	NZ_LS483405.1:401985-402839	JECDCPOO_00367

DiscRep_SUB:FEATURE_LOCATION_CONFLICT::Coding region xref gene does not exist
prokka_output/45709_F01_Reference/45709_F01_Reference:CDS	S-ribosylhomocysteine lyase	NZ_LS483405.1:402940-403413	JECDCPOO_00368

DiscRep_SUB:FEATURE_LOCATION_CONFLICT::Coding region xref gene does not exist
prokka_output/45709_F01_Reference/45709_F01_Reference:CDS	hypothetical protein	NZ_LS483405.1:403512-404597	JECDCPOO_00369

DiscRep_SUB:FEATURE_LOCATION_CONFLICT::Coding region xref gene does not exist
prokka_output/45709_F01_Reference/45709_F01_Reference:CDS	hypothetical protein	NZ_LS483405.1:404796-406109	JECDCPOO_00370

DiscRep_SUB:FEATURE_LOCATION_CONFLICT::Coding region xref gene does not exist
prokka_output/45709_F01_Reference/45709_F01_Reference:CDS	hypothetical protein	NZ_LS483405.1:406099-406992	JECDCPOO_00371

DiscRep_SUB:FEATURE_LOCATION_CONFLICT::Coding region xref gene does not exist
prokka_output/45709_F01_Reference/45709_F01_Reference:CDS	Transcriptional dual regulator GltC	NZ_LS483405.1:407017-407874	JECDCPOO_00372

DiscRep_SUB:FEATURE_LOCATION_CONFLICT::Coding region xref gene does not exist
prokka_output/45709_F01_Reference/45709_F01_Reference:CDS	hypothetical protein	NZ_LS483405.1:408202-408582	JECDCPOO_00373

DiscRep_SUB:FEATURE_LOCATION_CONFLICT::Coding region xref gene does not exist
prokka_output/45709_F01_Reference/45709_F01_Reference:CDS	hypothetical protein	NZ_LS483405.1:408536-409036	JECDCPOO_00374

DiscRep_SUB:FEATURE_LOCATION_CONFLICT::Coding region xref gene does not exist
prokka_output/45709_F01_Reference/45709_F01_Reference:CDS	hypothetical protein	NZ_LS483405.1:409036-409413	JECDCPOO_00375

DiscRep_SUB:FEATURE_LOCATION_CONFLICT::Coding region xref gene does not exist
prokka_output/45709_F01_Reference/45709_F01_Reference:CDS	NADP-dependent (R)-specific alcohol dehydrogenase	NZ_LS483405.1:c410224-409466	JECDCPOO_00376

DiscRep_SUB:FEATURE_LOCATION_CONFLICT::Coding region xref gene does not exist
prokka_output/45709_F01_Reference/45709_F01_Reference:CDS	Staphyloferrin B transporter	NZ_LS483405.1:410400-411635	JECDCPOO_00377

DiscRep_SUB:FEATURE_LOCATION_CONFLICT::Coding region xref gene does not exist
prokka_output/45709_F01_Reference/45709_F01_Reference:CDS	GTP pyrophosphokinase YwaC	NZ_LS483405.1:411632-412303	JECDCPOO_00378

DiscRep_SUB:FEATURE_LOCATION_CONFLICT::Coding region xref gene does not exist
prokka_output/45709_F01_Reference/45709_F01_Reference:CDS	hypothetical protein	NZ_LS483405.1:c412579-412379	JECDCPOO_00379

DiscRep_SUB:FEATURE_LOCATION_CONFLICT::Coding region xref gene does not exist
prokka_output/45709_F01_Reference/45709_F01_Reference:CDS	Na(+)/H(+) antiporter	NZ_LS483405.1:412820-413986	JECDCPOO_00380

DiscRep_SUB:FEATURE_LOCATION_CONFLICT::Coding region xref gene does not exist
prokka_output/45709_F01_Reference/45709_F01_Reference:CDS	hypothetical protein	NZ_LS483405.1:414081-414263	JECDCPOO_00381

DiscRep_SUB:FEATURE_LOCATION_CONFLICT::Coding region xref gene does not exist
prokka_output/45709_F01_Reference/45709_F01_Reference:CDS	hypothetical protein	NZ_LS483405.1:c417029-414309	JECDCPOO_00382

DiscRep_SUB:FEATURE_LOCATION_CONFLICT::Coding region xref gene does not exist
prokka_output/45709_F01_Reference/45709_F01_Reference:CDS	Response regulator ArlR	NZ_LS483405.1:417294-417986	JECDCPOO_00383

DiscRep_SUB:FEATURE_LOCATION_CONFLICT::Coding region xref gene does not exist
prokka_output/45709_F01_Reference/45709_F01_Reference:CDS	Adaptive-response sensory-kinase SasA	NZ_LS483405.1:417976-419316	JECDCPOO_00384

DiscRep_SUB:FEATURE_LOCATION_CONFLICT::Coding region xref gene does not exist
prokka_output/45709_F01_Reference/45709_F01_Reference:CDS	HTH-type transcriptional regulator MalR	NZ_LS483405.1:419467-420432	JECDCPOO_00385

DiscRep_SUB:FEATURE_LOCATION_CONFLICT::Coding region xref gene does not exist
prokka_output/45709_F01_Reference/45709_F01_Reference:CDS	hypothetical protein	NZ_LS483405.1:420633-422006	JECDCPOO_00386

DiscRep_SUB:FEATURE_LOCATION_CONFLICT::Coding region xref gene does not exist
prokka_output/45709_F01_Reference/45709_F01_Reference:CDS	Maltose phosphorylase	NZ_LS483405.1:422059-424329	JECDCPOO_00387

DiscRep_SUB:FEATURE_LOCATION_CONFLICT::Coding region xref gene does not exist
prokka_output/45709_F01_Reference/45709_F01_Reference:CDS	hypothetical protein	NZ_LS483405.1:c424821-424384	JECDCPOO_00388

DiscRep_SUB:FEATURE_LOCATION_CONFLICT::Coding region xref gene does not exist
prokka_output/45709_F01_Reference/45709_F01_Reference:CDS	Small ribosomal subunit protein uS14A	NZ_LS483405.1:c425215-424946	JECDCPOO_00389

DiscRep_SUB:FEATURE_LOCATION_CONFLICT::Coding region xref gene does not exist
prokka_output/45709_F01_Reference/45709_F01_Reference:CDS	Maltose epimerase	NZ_LS483405.1:c426422-425391	JECDCPOO_00390

DiscRep_SUB:FEATURE_LOCATION_CONFLICT::Coding region xref gene does not exist
prokka_output/45709_F01_Reference/45709_F01_Reference:CDS	hypothetical protein	NZ_LS483405.1:426692-427516	JECDCPOO_00391

DiscRep_SUB:FEATURE_LOCATION_CONFLICT::Coding region xref gene does not exist
prokka_output/45709_F01_Reference/45709_F01_Reference:CDS	Sugar phosphatase YbiV	NZ_LS483405.1:c428337-427519	JECDCPOO_00392

DiscRep_SUB:FEATURE_LOCATION_CONFLICT::Coding region xref gene does not exist
prokka_output/45709_F01_Reference/45709_F01_Reference:CDS	hypothetical protein	NZ_LS483405.1:428585-428968	JECDCPOO_00393

DiscRep_SUB:FEATURE_LOCATION_CONFLICT::Coding region xref gene does not exist
prokka_output/45709_F01_Reference/45709_F01_Reference:CDS	hypothetical protein	NZ_LS483405.1:429117-430931	JECDCPOO_00394

DiscRep_SUB:FEATURE_LOCATION_CONFLICT::Coding region xref gene does not exist
prokka_output/45709_F01_Reference/45709_F01_Reference:CDS	Global transcriptional regulator Spx	NZ_LS483405.1:431342-431770	JECDCPOO_00395

DiscRep_SUB:FEATURE_LOCATION_CONFLICT::Coding region xref gene does not exist
prokka_output/45709_F01_Reference/45709_F01_Reference:CDS	hypothetical protein	NZ_LS483405.1:c432666-431890	JECDCPOO_00396

DiscRep_SUB:FEATURE_LOCATION_CONFLICT::Coding region xref gene does not exist
prokka_output/45709_F01_Reference/45709_F01_Reference:CDS	hypothetical protein	NZ_LS483405.1:c433704-432862	JECDCPOO_00397

DiscRep_SUB:FEATURE_LOCATION_CONFLICT::Coding region xref gene does not exist
prokka_output/45709_F01_Reference/45709_F01_Reference:CDS	hypothetical protein	NZ_LS483405.1:433928-436030	JECDCPOO_00398

DiscRep_SUB:FEATURE_LOCATION_CONFLICT::Coding region xref gene does not exist
prokka_output/45709_F01_Reference/45709_F01_Reference:CDS	hypothetical protein	NZ_LS483405.1:c436825-436085	JECDCPOO_00399

DiscRep_SUB:FEATURE_LOCATION_CONFLICT::Coding region xref gene does not exist
prokka_output/45709_F01_Reference/45709_F01_Reference:CDS	3alpha-hydroxysteroid dehydrogenase	NZ_LS483405.1:436964-437680	JECDCPOO_00400

DiscRep_SUB:FEATURE_LOCATION_CONFLICT::Coding region xref gene does not exist
prokka_output/45709_F01_Reference/45709_F01_Reference:CDS	hypothetical protein	NZ_LS483405.1:c439027-437789	JECDCPOO_00401

DiscRep_SUB:FEATURE_LOCATION_CONFLICT::Coding region xref gene does not exist
prokka_output/45709_F01_Reference/45709_F01_Reference:CDS	Beta-xylosidase	NZ_LS483405.1:c440702-439020	JECDCPOO_00402

DiscRep_SUB:FEATURE_LOCATION_CONFLICT::Coding region xref gene does not exist
prokka_output/45709_F01_Reference/45709_F01_Reference:CDS	HTH-type transcriptional activator RhaS	NZ_LS483405.1:440902-441717	JECDCPOO_00403

DiscRep_SUB:FEATURE_LOCATION_CONFLICT::Coding region xref gene does not exist
prokka_output/45709_F01_Reference/45709_F01_Reference:CDS	3beta-hydroxysteroid dehydrogenase 2	NZ_LS483405.1:c442517-441753	JECDCPOO_00404

DiscRep_SUB:FEATURE_LOCATION_CONFLICT::Coding region xref gene does not exist
prokka_output/45709_F01_Reference/45709_F01_Reference:CDS	Quinone oxidoreductase 2	NZ_LS483405.1:442675-443532	JECDCPOO_00405

DiscRep_SUB:FEATURE_LOCATION_CONFLICT::Coding region xref gene does not exist
prokka_output/45709_F01_Reference/45709_F01_Reference:CDS	Putative HTH-type transcriptional regulator YwnA	NZ_LS483405.1:443579-444022	JECDCPOO_00406

DiscRep_SUB:FEATURE_LOCATION_CONFLICT::Coding region xref gene does not exist
prokka_output/45709_F01_Reference/45709_F01_Reference:CDS	hypothetical protein	NZ_LS483405.1:c446368-444062	JECDCPOO_00407

DiscRep_SUB:FEATURE_LOCATION_CONFLICT::Coding region xref gene does not exist
prokka_output/45709_F01_Reference/45709_F01_Reference:CDS	hypothetical protein	NZ_LS483405.1:c447310-446378	JECDCPOO_00408

DiscRep_SUB:FEATURE_LOCATION_CONFLICT::Coding region xref gene does not exist
prokka_output/45709_F01_Reference/45709_F01_Reference:CDS	putative HTH-type transcriptional regulator YtcD	NZ_LS483405.1:c448035-447673	JECDCPOO_00409

DiscRep_SUB:FEATURE_LOCATION_CONFLICT::Coding region xref gene does not exist
prokka_output/45709_F01_Reference/45709_F01_Reference:CDS	Inner membrane transport protein YdhP	NZ_LS483405.1:448166-449371	JECDCPOO_00410

DiscRep_SUB:FEATURE_LOCATION_CONFLICT::Coding region xref gene does not exist
prokka_output/45709_F01_Reference/45709_F01_Reference:CDS	6-dehydroglucose reductase	NZ_LS483405.1:c450391-449438	JECDCPOO_00411

DiscRep_SUB:FEATURE_LOCATION_CONFLICT::Coding region xref gene does not exist
prokka_output/45709_F01_Reference/45709_F01_Reference:CDS	Bacitracin export ATP-binding protein BceA	NZ_LS483405.1:450562-451320	JECDCPOO_00412

DiscRep_SUB:FEATURE_LOCATION_CONFLICT::Coding region xref gene does not exist
prokka_output/45709_F01_Reference/45709_F01_Reference:CDS	Bacitracin export permease protein BceB	NZ_LS483405.1:451332-453143	JECDCPOO_00413

DiscRep_SUB:FEATURE_LOCATION_CONFLICT::Coding region xref gene does not exist
prokka_output/45709_F01_Reference/45709_F01_Reference:CDS	hypothetical protein	NZ_LS483405.1:453182-453553	JECDCPOO_00414

DiscRep_SUB:FEATURE_LOCATION_CONFLICT::Coding region xref gene does not exist
prokka_output/45709_F01_Reference/45709_F01_Reference:CDS	hypothetical protein	NZ_LS483405.1:453691-454095	JECDCPOO_00415

DiscRep_SUB:FEATURE_LOCATION_CONFLICT::Coding region xref gene does not exist
prokka_output/45709_F01_Reference/45709_F01_Reference:CDS	hypothetical protein	NZ_LS483405.1:454281-455612	JECDCPOO_00416

DiscRep_SUB:FEATURE_LOCATION_CONFLICT::Coding region xref gene does not exist
prokka_output/45709_F01_Reference/45709_F01_Reference:CDS	Zinc-transporting ATPase	NZ_LS483405.1:455749-457557	JECDCPOO_00417

DiscRep_SUB:FEATURE_LOCATION_CONFLICT::Coding region xref gene does not exist
prokka_output/45709_F01_Reference/45709_F01_Reference:CDS	hypothetical protein	NZ_LS483405.1:c458305-457622	JECDCPOO_00418

DiscRep_SUB:FEATURE_LOCATION_CONFLICT::Coding region xref gene does not exist
prokka_output/45709_F01_Reference/45709_F01_Reference:CDS	Multicopper oxidase mco	NZ_LS483405.1:458445-459980	JECDCPOO_00419

DiscRep_SUB:FEATURE_LOCATION_CONFLICT::Coding region xref gene does not exist
prokka_output/45709_F01_Reference/45709_F01_Reference:CDS	HTH-type transcriptional repressor CzrA	NZ_LS483405.1:c460363-460025	JECDCPOO_00420

DiscRep_SUB:FEATURE_LOCATION_CONFLICT::Coding region xref gene does not exist
prokka_output/45709_F01_Reference/45709_F01_Reference:CDS	hypothetical protein	NZ_LS483405.1:460435-461040	JECDCPOO_00421

DiscRep_SUB:FEATURE_LOCATION_CONFLICT::Coding region xref gene does not exist
prokka_output/45709_F01_Reference/45709_F01_Reference:CDS	hypothetical protein	NZ_LS483405.1:c462135-461104	JECDCPOO_00422

DiscRep_SUB:FEATURE_LOCATION_CONFLICT::Coding region xref gene does not exist
prokka_output/45709_F01_Reference/45709_F01_Reference:CDS	HTH-type transcriptional regulator CysL	NZ_LS483405.1:462245-463132	JECDCPOO_00423

DiscRep_SUB:FEATURE_LOCATION_CONFLICT::Coding region xref gene does not exist
prokka_output/45709_F01_Reference/45709_F01_Reference:CDS	Quinolone resistance protein NorA	NZ_LS483405.1:463228-464418	JECDCPOO_00424

DiscRep_SUB:FEATURE_LOCATION_CONFLICT::Coding region xref gene does not exist
prokka_output/45709_F01_Reference/45709_F01_Reference:CDS	HTH-type transcriptional activator RhaS	NZ_LS483405.1:464872-465732	JECDCPOO_00425

DiscRep_SUB:FEATURE_LOCATION_CONFLICT::Coding region xref gene does not exist
prokka_output/45709_F01_Reference/45709_F01_Reference:CDS	putative ATP-binding protein YbiT	NZ_LS483405.1:465858-467489	JECDCPOO_00426

DiscRep_SUB:FEATURE_LOCATION_CONFLICT::Coding region xref gene does not exist
prokka_output/45709_F01_Reference/45709_F01_Reference:CDS	AB hydrolase superfamily protein YdjP	NZ_LS483405.1:467613-468395	JECDCPOO_00427

DiscRep_SUB:FEATURE_LOCATION_CONFLICT::Coding region xref gene does not exist
prokka_output/45709_F01_Reference/45709_F01_Reference:CDS	Transcriptional regulator LsrR	NZ_LS483405.1:c469350-468397	JECDCPOO_00428

DiscRep_SUB:FEATURE_LOCATION_CONFLICT::Coding region xref gene does not exist
prokka_output/45709_F01_Reference/45709_F01_Reference:CDS	NAD-dependent malic enzyme	NZ_LS483405.1:469611-470753	JECDCPOO_00429

DiscRep_SUB:FEATURE_LOCATION_CONFLICT::Coding region xref gene does not exist
prokka_output/45709_F01_Reference/45709_F01_Reference:CDS	hypothetical protein	NZ_LS483405.1:470780-471760	JECDCPOO_00430

DiscRep_SUB:FEATURE_LOCATION_CONFLICT::Coding region xref gene does not exist
prokka_output/45709_F01_Reference/45709_F01_Reference:CDS	[Citrate [pro-3S]-lyase] ligase	NZ_LS483405.1:471897-472850	JECDCPOO_00431

DiscRep_SUB:FEATURE_LOCATION_CONFLICT::Coding region xref gene does not exist
prokka_output/45709_F01_Reference/45709_F01_Reference:CDS	Citrate lyase acyl carrier protein	NZ_LS483405.1:472840-473133	JECDCPOO_00432

DiscRep_SUB:FEATURE_LOCATION_CONFLICT::Coding region xref gene does not exist
prokka_output/45709_F01_Reference/45709_F01_Reference:CDS	Citrate lyase subunit beta	NZ_LS483405.1:473133-474047	JECDCPOO_00433

DiscRep_SUB:FEATURE_LOCATION_CONFLICT::Coding region xref gene does not exist
prokka_output/45709_F01_Reference/45709_F01_Reference:CDS	Citrate lyase alpha chain	NZ_LS483405.1:474037-475575	JECDCPOO_00434

DiscRep_SUB:FEATURE_LOCATION_CONFLICT::Coding region xref gene does not exist
prokka_output/45709_F01_Reference/45709_F01_Reference:CDS	Apo-citrate lyase phosphoribosyl-dephospho-CoA transferase	NZ_LS483405.1:475690-476232	JECDCPOO_00435

DiscRep_SUB:FEATURE_LOCATION_CONFLICT::Coding region xref gene does not exist
prokka_output/45709_F01_Reference/45709_F01_Reference:CDS	2-(5''-triphosphoribosyl)-3'-dephosphocoenzyme-A synthase	NZ_LS483405.1:476247-477107	JECDCPOO_00436

DiscRep_SUB:FEATURE_LOCATION_CONFLICT::Coding region xref gene does not exist
prokka_output/45709_F01_Reference/45709_F01_Reference:CDS	hypothetical protein	NZ_LS483405.1:c478081-477152	JECDCPOO_00437

DiscRep_SUB:FEATURE_LOCATION_CONFLICT::Coding region xref gene does not exist
prokka_output/45709_F01_Reference/45709_F01_Reference:CDS	Non-specific ribonucleoside hydrolase RihC	NZ_LS483405.1:c479092-478151	JECDCPOO_00438

DiscRep_SUB:FEATURE_LOCATION_CONFLICT::Coding region xref gene does not exist
prokka_output/45709_F01_Reference/45709_F01_Reference:CDS	hypothetical protein	NZ_LS483405.1:479276-479491	JECDCPOO_00439

DiscRep_SUB:FEATURE_LOCATION_CONFLICT::Coding region xref gene does not exist
prokka_output/45709_F01_Reference/45709_F01_Reference:CDS	Arylsulfate sulfotransferase AssT	NZ_LS483405.1:c481291-479570	JECDCPOO_00440

DiscRep_SUB:FEATURE_LOCATION_CONFLICT::Coding region xref gene does not exist
prokka_output/45709_F01_Reference/45709_F01_Reference:CDS	hypothetical protein	NZ_LS483405.1:481473-482186	JECDCPOO_00441

DiscRep_SUB:FEATURE_LOCATION_CONFLICT::Coding region xref gene does not exist
prokka_output/45709_F01_Reference/45709_F01_Reference:CDS	hypothetical protein	NZ_LS483405.1:482211-482930	JECDCPOO_00442

DiscRep_SUB:FEATURE_LOCATION_CONFLICT::Coding region xref gene does not exist
prokka_output/45709_F01_Reference/45709_F01_Reference:CDS	HTH-type transcriptional repressor YtrA	NZ_LS483405.1:483083-483457	JECDCPOO_00443

DiscRep_SUB:FEATURE_LOCATION_CONFLICT::Coding region xref gene does not exist
prokka_output/45709_F01_Reference/45709_F01_Reference:CDS	ABC transporter ATP-binding protein YtrB	NZ_LS483405.1:483454-484347	JECDCPOO_00444

DiscRep_SUB:FEATURE_LOCATION_CONFLICT::Coding region xref gene does not exist
prokka_output/45709_F01_Reference/45709_F01_Reference:CDS	hypothetical protein	NZ_LS483405.1:484360-485298	JECDCPOO_00445

DiscRep_SUB:FEATURE_LOCATION_CONFLICT::Coding region xref gene does not exist
prokka_output/45709_F01_Reference/45709_F01_Reference:CDS	Carbohydrate diacid regulator	NZ_LS483405.1:c486464-485424	JECDCPOO_00446

DiscRep_SUB:FEATURE_LOCATION_CONFLICT::Coding region xref gene does not exist
prokka_output/45709_F01_Reference/45709_F01_Reference:CDS	hypothetical protein	NZ_LS483405.1:486759-488063	JECDCPOO_00447

DiscRep_SUB:FEATURE_LOCATION_CONFLICT::Coding region xref gene does not exist
prokka_output/45709_F01_Reference/45709_F01_Reference:CDS	Glycerate 3-kinase	NZ_LS483405.1:488076-489215	JECDCPOO_00448

DiscRep_SUB:FEATURE_LOCATION_CONFLICT::Coding region xref gene does not exist
prokka_output/45709_F01_Reference/45709_F01_Reference:CDS	Sodium, potassium, lithium and rubidium/H(+) antiporter	NZ_LS483405.1:489425-491032	JECDCPOO_00449

DiscRep_SUB:FEATURE_LOCATION_CONFLICT::Coding region xref gene does not exist
prokka_output/45709_F01_Reference/45709_F01_Reference:CDS	hypothetical protein	NZ_LS483405.1:c492624-491164	JECDCPOO_00450

DiscRep_SUB:FEATURE_LOCATION_CONFLICT::Coding region xref gene does not exist
prokka_output/45709_F01_Reference/45709_F01_Reference:CDS	hypothetical protein	NZ_LS483405.1:c493090-492611	JECDCPOO_00451

DiscRep_SUB:FEATURE_LOCATION_CONFLICT::Coding region xref gene does not exist
prokka_output/45709_F01_Reference/45709_F01_Reference:CDS	hypothetical protein	NZ_LS483405.1:493439-493879	JECDCPOO_00452

DiscRep_SUB:FEATURE_LOCATION_CONFLICT::Coding region xref gene does not exist
prokka_output/45709_F01_Reference/45709_F01_Reference:CDS	Allantoin permease	NZ_LS483405.1:493916-495319	JECDCPOO_00453

DiscRep_SUB:FEATURE_LOCATION_CONFLICT::Coding region xref gene does not exist
prokka_output/45709_F01_Reference/45709_F01_Reference:CDS	hypothetical protein	NZ_LS483405.1:495475-495717	JECDCPOO_00454

DiscRep_SUB:FEATURE_LOCATION_CONFLICT::Coding region xref gene does not exist
prokka_output/45709_F01_Reference/45709_F01_Reference:CDS	hypothetical protein	NZ_LS483405.1:495793-497277	JECDCPOO_00455

DiscRep_SUB:FEATURE_LOCATION_CONFLICT::Coding region xref gene does not exist
prokka_output/45709_F01_Reference/45709_F01_Reference:CDS	hypothetical protein	NZ_LS483405.1:497415-498788	JECDCPOO_00456

DiscRep_SUB:FEATURE_LOCATION_CONFLICT::Coding region xref gene does not exist
prokka_output/45709_F01_Reference/45709_F01_Reference:CDS	hypothetical protein	NZ_LS483405.1:498849-499217	JECDCPOO_00457

DiscRep_SUB:FEATURE_LOCATION_CONFLICT::Coding region xref gene does not exist
prokka_output/45709_F01_Reference/45709_F01_Reference:CDS	hypothetical protein	NZ_LS483405.1:c499504-499274	JECDCPOO_00458

DiscRep_SUB:FEATURE_LOCATION_CONFLICT::Coding region xref gene does not exist
prokka_output/45709_F01_Reference/45709_F01_Reference:CDS	Divalent metal cation transporter MntH	NZ_LS483405.1:499706-501073	JECDCPOO_00459

DiscRep_SUB:FEATURE_LOCATION_CONFLICT::Coding region xref gene does not exist
prokka_output/45709_F01_Reference/45709_F01_Reference:CDS	Tyrosine--tRNA ligase	NZ_LS483405.1:501370-502629	JECDCPOO_00460

DiscRep_SUB:FEATURE_LOCATION_CONFLICT::Coding region xref gene does not exist
prokka_output/45709_F01_Reference/45709_F01_Reference:CDS	Isopentenyl-diphosphate Delta-isomerase	NZ_LS483405.1:c508867-508349	JECDCPOO_00465

DiscRep_SUB:FEATURE_LOCATION_CONFLICT::Coding region xref gene does not exist
prokka_output/45709_F01_Reference/45709_F01_Reference:CDS	hypothetical protein	NZ_LS483405.1:c509538-508900	JECDCPOO_00466

DiscRep_SUB:FEATURE_LOCATION_CONFLICT::Coding region xref gene does not exist
prokka_output/45709_F01_Reference/45709_F01_Reference:CDS	hypothetical protein	NZ_LS483405.1:c509988-509542	JECDCPOO_00467

DiscRep_SUB:FEATURE_LOCATION_CONFLICT::Coding region xref gene does not exist
prokka_output/45709_F01_Reference/45709_F01_Reference:CDS	hypothetical protein	NZ_LS483405.1:c510910-510026	JECDCPOO_00468

DiscRep_SUB:FEATURE_LOCATION_CONFLICT::Coding region xref gene does not exist
prokka_output/45709_F01_Reference/45709_F01_Reference:CDS	hypothetical protein	NZ_LS483405.1:511048-512310	JECDCPOO_00469

DiscRep_SUB:FEATURE_LOCATION_CONFLICT::Coding region xref gene does not exist
prokka_output/45709_F01_Reference/45709_F01_Reference:CDS	Glutathione amide reductase	NZ_LS483405.1:512362-513696	JECDCPOO_00470

DiscRep_SUB:FEATURE_LOCATION_CONFLICT::Coding region xref gene does not exist
prokka_output/45709_F01_Reference/45709_F01_Reference:CDS	hypothetical protein	NZ_LS483405.1:513995-514219	JECDCPOO_00471

DiscRep_SUB:FEATURE_LOCATION_CONFLICT::Coding region xref gene does not exist
prokka_output/45709_F01_Reference/45709_F01_Reference:CDS	hypothetical protein	NZ_LS483405.1:c514644-514462	JECDCPOO_00472

DiscRep_SUB:FEATURE_LOCATION_CONFLICT::Coding region xref gene does not exist
prokka_output/45709_F01_Reference/45709_F01_Reference:CDS	Na(+)/H(+) antiporter	NZ_LS483405.1:514849-516030	JECDCPOO_00473

DiscRep_SUB:FEATURE_LOCATION_CONFLICT::Coding region xref gene does not exist
prokka_output/45709_F01_Reference/45709_F01_Reference:CDS	hypothetical protein	NZ_LS483405.1:516289-516546	JECDCPOO_00474

DiscRep_SUB:FEATURE_LOCATION_CONFLICT::Coding region xref gene does not exist
prokka_output/45709_F01_Reference/45709_F01_Reference:CDS	hypothetical protein	NZ_LS483405.1:516559-517308	JECDCPOO_00475

DiscRep_SUB:FEATURE_LOCATION_CONFLICT::Coding region xref gene does not exist
prokka_output/45709_F01_Reference/45709_F01_Reference:CDS	hypothetical protein	NZ_LS483405.1:517256-518599	JECDCPOO_00476

DiscRep_SUB:FEATURE_LOCATION_CONFLICT::Coding region xref gene does not exist
prokka_output/45709_F01_Reference/45709_F01_Reference:CDS	2-dehydro-3-deoxygluconokinase	NZ_LS483405.1:518626-519588	JECDCPOO_00477

DiscRep_SUB:FEATURE_LOCATION_CONFLICT::Coding region xref gene does not exist
prokka_output/45709_F01_Reference/45709_F01_Reference:CDS	3-hexulose-6-phosphate synthase	NZ_LS483405.1:519588-520211	JECDCPOO_00478

DiscRep_SUB:FEATURE_LOCATION_CONFLICT::Coding region xref gene does not exist
prokka_output/45709_F01_Reference/45709_F01_Reference:CDS	3-hexulose-6-phosphate isomerase	NZ_LS483405.1:520208-520750	JECDCPOO_00479

DiscRep_SUB:FEATURE_LOCATION_CONFLICT::Coding region xref gene does not exist
prokka_output/45709_F01_Reference/45709_F01_Reference:CDS	HTH-type transcriptional regulator KdgR	NZ_LS483405.1:520947-521885	JECDCPOO_00480

DiscRep_SUB:FEATURE_LOCATION_CONFLICT::Coding region xref gene does not exist
prokka_output/45709_F01_Reference/45709_F01_Reference:CDS	hypothetical protein	NZ_LS483405.1:c522263-521940	JECDCPOO_00481

DiscRep_SUB:FEATURE_LOCATION_CONFLICT::Coding region xref gene does not exist
prokka_output/45709_F01_Reference/45709_F01_Reference:CDS	hypothetical protein	NZ_LS483405.1:522380-522841	JECDCPOO_00482

DiscRep_SUB:FEATURE_LOCATION_CONFLICT::Coding region xref gene does not exist
prokka_output/45709_F01_Reference/45709_F01_Reference:CDS	DNA helicase IV	NZ_LS483405.1:c525261-522955	JECDCPOO_00483

DiscRep_SUB:FEATURE_LOCATION_CONFLICT::Coding region xref gene does not exist
prokka_output/45709_F01_Reference/45709_F01_Reference:CDS	Tryptophan--tRNA ligase 2	NZ_LS483405.1:526082-527098	JECDCPOO_00484

DiscRep_SUB:FEATURE_LOCATION_CONFLICT::Coding region xref gene does not exist
prokka_output/45709_F01_Reference/45709_F01_Reference:CDS	Exopolyphosphatase	NZ_LS483405.1:527119-528039	JECDCPOO_00485

DiscRep_SUB:FEATURE_LOCATION_CONFLICT::Coding region xref gene does not exist
prokka_output/45709_F01_Reference/45709_F01_Reference:CDS	3-hydroxy-3-methylglutaryl-coenzyme A reductase	NZ_LS483405.1:528054-529313	JECDCPOO_00486

DiscRep_SUB:FEATURE_LOCATION_CONFLICT::Coding region xref gene does not exist
prokka_output/45709_F01_Reference/45709_F01_Reference:CDS	hypothetical protein	NZ_LS483405.1:529328-530293	JECDCPOO_00487

DiscRep_SUB:FEATURE_LOCATION_CONFLICT::Coding region xref gene does not exist
prokka_output/45709_F01_Reference/45709_F01_Reference:CDS	NAD-dependent protein deacetylase	NZ_LS483405.1:530321-531019	JECDCPOO_00488

DiscRep_SUB:FEATURE_LOCATION_CONFLICT::Coding region xref gene does not exist
prokka_output/45709_F01_Reference/45709_F01_Reference:CDS	hypothetical protein	NZ_LS483405.1:531032-531358	JECDCPOO_00489

DiscRep_SUB:FEATURE_LOCATION_CONFLICT::Coding region xref gene does not exist
prokka_output/45709_F01_Reference/45709_F01_Reference:CDS	hypothetical protein	NZ_LS483405.1:531370-532215	JECDCPOO_00490

DiscRep_SUB:FEATURE_LOCATION_CONFLICT::Coding region xref gene does not exist
prokka_output/45709_F01_Reference/45709_F01_Reference:CDS	Methionine--tRNA ligase	NZ_LS483405.1:532495-534528	JECDCPOO_00491

DiscRep_SUB:FEATURE_LOCATION_CONFLICT::Coding region xref gene does not exist
prokka_output/45709_F01_Reference/45709_F01_Reference:CDS	D-aminoacyl-tRNA deacylase	NZ_LS483405.1:534648-535424	JECDCPOO_00492

DiscRep_SUB:FEATURE_LOCATION_CONFLICT::Coding region xref gene does not exist
prokka_output/45709_F01_Reference/45709_F01_Reference:CDS	Ribonuclease M5	NZ_LS483405.1:535411-535983	JECDCPOO_00493

DiscRep_SUB:FEATURE_LOCATION_CONFLICT::Coding region xref gene does not exist
prokka_output/45709_F01_Reference/45709_F01_Reference:CDS	Ribosomal RNA small subunit methyltransferase A	NZ_LS483405.1:535973-536863	JECDCPOO_00494

DiscRep_SUB:FEATURE_LOCATION_CONFLICT::Coding region xref gene does not exist
prokka_output/45709_F01_Reference/45709_F01_Reference:CDS	Protein Veg	NZ_LS483405.1:536963-537199	JECDCPOO_00495

DiscRep_SUB:FEATURE_LOCATION_CONFLICT::Coding region xref gene does not exist
prokka_output/45709_F01_Reference/45709_F01_Reference:CDS	4-diphosphocytidyl-2-C-methyl-D-erythritol kinase	NZ_LS483405.1:537314-538168	JECDCPOO_00496

DiscRep_SUB:FEATURE_LOCATION_CONFLICT::Coding region xref gene does not exist
prokka_output/45709_F01_Reference/45709_F01_Reference:CDS	hypothetical protein	NZ_LS483405.1:538183-538761	JECDCPOO_00497

DiscRep_SUB:FEATURE_LOCATION_CONFLICT::Coding region xref gene does not exist
prokka_output/45709_F01_Reference/45709_F01_Reference:CDS	Alpha-xylosidase XylQ	NZ_LS483405.1:c541138-538850	JECDCPOO_00498

DiscRep_SUB:FEATURE_LOCATION_CONFLICT::Coding region xref gene does not exist
prokka_output/45709_F01_Reference/45709_F01_Reference:CDS	Isoprimeverose transporter	NZ_LS483405.1:541417-542817	JECDCPOO_00499

DiscRep_SUB:FEATURE_LOCATION_CONFLICT::Coding region xref gene does not exist
prokka_output/45709_F01_Reference/45709_F01_Reference:CDS	N-acetylmannosamine kinase	NZ_LS483405.1:542840-544000	JECDCPOO_00500

DiscRep_SUB:FEATURE_LOCATION_CONFLICT::Coding region xref gene does not exist
prokka_output/45709_F01_Reference/45709_F01_Reference:CDS	Aryl-phospho-beta-D-glucosidase BglA	NZ_LS483405.1:544236-545711	JECDCPOO_00501

DiscRep_SUB:FEATURE_LOCATION_CONFLICT::Coding region xref gene does not exist
prokka_output/45709_F01_Reference/45709_F01_Reference:CDS	Beta-glucoside kinase	NZ_LS483405.1:545695-546609	JECDCPOO_00502

DiscRep_SUB:FEATURE_LOCATION_CONFLICT::Coding region xref gene does not exist
prokka_output/45709_F01_Reference/45709_F01_Reference:CDS	hypothetical protein	NZ_LS483405.1:546782-547273	JECDCPOO_00503

DiscRep_SUB:FEATURE_LOCATION_CONFLICT::Coding region xref gene does not exist
prokka_output/45709_F01_Reference/45709_F01_Reference:CDS	hypothetical protein	NZ_LS483405.1:547292-547612	JECDCPOO_00504

DiscRep_SUB:FEATURE_LOCATION_CONFLICT::Coding region xref gene does not exist
prokka_output/45709_F01_Reference/45709_F01_Reference:CDS	hypothetical protein	NZ_LS483405.1:c548421-547675	JECDCPOO_00505

DiscRep_SUB:FEATURE_LOCATION_CONFLICT::Coding region xref gene does not exist
prokka_output/45709_F01_Reference/45709_F01_Reference:CDS	Fluoroquinolones export ATP-binding protein	NZ_LS483405.1:c549269-548418	JECDCPOO_00506

DiscRep_SUB:FEATURE_LOCATION_CONFLICT::Coding region xref gene does not exist
prokka_output/45709_F01_Reference/45709_F01_Reference:CDS	hypothetical protein	NZ_LS483405.1:c550403-549423	JECDCPOO_00507

DiscRep_SUB:FEATURE_LOCATION_CONFLICT::Coding region xref gene does not exist
prokka_output/45709_F01_Reference/45709_F01_Reference:CDS	hypothetical protein	NZ_LS483405.1:550478-551473	JECDCPOO_00508

DiscRep_SUB:FEATURE_LOCATION_CONFLICT::Coding region xref gene does not exist
prokka_output/45709_F01_Reference/45709_F01_Reference:CDS	Manganese-binding lipoprotein MntA	NZ_LS483405.1:551566-552501	JECDCPOO_00509

DiscRep_SUB:FEATURE_LOCATION_CONFLICT::Coding region xref gene does not exist
prokka_output/45709_F01_Reference/45709_F01_Reference:CDS	Manganese transport system ATP-binding protein MntB	NZ_LS483405.1:552498-553196	JECDCPOO_00510

DiscRep_SUB:FEATURE_LOCATION_CONFLICT::Coding region xref gene does not exist
prokka_output/45709_F01_Reference/45709_F01_Reference:CDS	High-affinity zinc uptake system membrane protein ZnuB	NZ_LS483405.1:553189-553986	JECDCPOO_00511

DiscRep_SUB:FEATURE_LOCATION_CONFLICT::Coding region xref gene does not exist
prokka_output/45709_F01_Reference/45709_F01_Reference:CDS	hypothetical protein	NZ_LS483405.1:c554134-553946	JECDCPOO_00512

DiscRep_SUB:FEATURE_LOCATION_CONFLICT::Coding region xref gene does not exist
prokka_output/45709_F01_Reference/45709_F01_Reference:CDS	hypothetical protein	NZ_LS483405.1:c554571-554131	JECDCPOO_00513

DiscRep_SUB:FEATURE_LOCATION_CONFLICT::Coding region xref gene does not exist
prokka_output/45709_F01_Reference/45709_F01_Reference:CDS	Purine biosynthesis transcriptional repressor PurR	NZ_LS483405.1:555061-555900	JECDCPOO_00514

DiscRep_SUB:FEATURE_LOCATION_CONFLICT::Coding region xref gene does not exist
prokka_output/45709_F01_Reference/45709_F01_Reference:CDS	Bifunctional protein GlmU	NZ_LS483405.1:555916-557295	JECDCPOO_00515

DiscRep_SUB:FEATURE_LOCATION_CONFLICT::Coding region xref gene does not exist
prokka_output/45709_F01_Reference/45709_F01_Reference:CDS	Ribose-phosphate pyrophosphokinase	NZ_LS483405.1:557378-558358	JECDCPOO_00516

DiscRep_SUB:FEATURE_LOCATION_CONFLICT::Coding region xref gene does not exist
prokka_output/45709_F01_Reference/45709_F01_Reference:CDS	hypothetical protein	NZ_LS483405.1:558465-558824	JECDCPOO_00517

DiscRep_SUB:FEATURE_LOCATION_CONFLICT::Coding region xref gene does not exist
prokka_output/45709_F01_Reference/45709_F01_Reference:CDS	hypothetical protein	NZ_LS483405.1:c559335-558919	JECDCPOO_00518

DiscRep_SUB:FEATURE_LOCATION_CONFLICT::Coding region xref gene does not exist
prokka_output/45709_F01_Reference/45709_F01_Reference:CDS	HTH-type transcriptional regulator GmuR	NZ_LS483405.1:559602-560330	JECDCPOO_00519

DiscRep_SUB:FEATURE_LOCATION_CONFLICT::Coding region xref gene does not exist
prokka_output/45709_F01_Reference/45709_F01_Reference:CDS	Xylulose-5-phosphate phosphoketolase	NZ_LS483405.1:560595-563054	JECDCPOO_00520

DiscRep_SUB:FEATURE_LOCATION_CONFLICT::Coding region xref gene does not exist
prokka_output/45709_F01_Reference/45709_F01_Reference:CDS	Sugar phosphatase YidA	NZ_LS483405.1:c564193-563378	JECDCPOO_00521

DiscRep_SUB:FEATURE_LOCATION_CONFLICT::Coding region xref gene does not exist
prokka_output/45709_F01_Reference/45709_F01_Reference:CDS	hypothetical protein	NZ_LS483405.1:c565586-564228	JECDCPOO_00522

DiscRep_SUB:FEATURE_LOCATION_CONFLICT::Coding region xref gene does not exist
prokka_output/45709_F01_Reference/45709_F01_Reference:CDS	Octanoyl-[GcvH]:protein N-octanoyltransferase	NZ_LS483405.1:c566422-565583	JECDCPOO_00523

DiscRep_SUB:FEATURE_LOCATION_CONFLICT::Coding region xref gene does not exist
prokka_output/45709_F01_Reference/45709_F01_Reference:CDS	putative beta-barrel protein YwiB	NZ_LS483405.1:567019-567459	JECDCPOO_00524

DiscRep_SUB:FEATURE_LOCATION_CONFLICT::Coding region xref gene does not exist
prokka_output/45709_F01_Reference/45709_F01_Reference:CDS	putative DNA-directed RNA polymerase subunit delta	NZ_LS483405.1:567504-568172	JECDCPOO_00525

DiscRep_SUB:FEATURE_LOCATION_CONFLICT::Coding region xref gene does not exist
prokka_output/45709_F01_Reference/45709_F01_Reference:CDS	CTP synthase	NZ_LS483405.1:568350-569957	JECDCPOO_00526

DiscRep_SUB:FEATURE_LOCATION_CONFLICT::Coding region xref gene does not exist
prokka_output/45709_F01_Reference/45709_F01_Reference:CDS	hypothetical protein	NZ_LS483405.1:569986-570303	JECDCPOO_00527

DiscRep_SUB:FEATURE_LOCATION_CONFLICT::Coding region xref gene does not exist
prokka_output/45709_F01_Reference/45709_F01_Reference:CDS	hypothetical protein	NZ_LS483405.1:570613-572310	JECDCPOO_00528

DiscRep_SUB:FEATURE_LOCATION_CONFLICT::Coding region xref gene does not exist
prokka_output/45709_F01_Reference/45709_F01_Reference:CDS	hypothetical protein	NZ_LS483405.1:c572836-572414	JECDCPOO_00529

DiscRep_SUB:FEATURE_LOCATION_CONFLICT::Coding region xref gene does not exist
prokka_output/45709_F01_Reference/45709_F01_Reference:CDS	Acetolactate synthase	NZ_LS483405.1:572953-574629	JECDCPOO_00530

DiscRep_SUB:FEATURE_LOCATION_CONFLICT::Coding region xref gene does not exist
prokka_output/45709_F01_Reference/45709_F01_Reference:CDS	Alpha-acetolactate decarboxylase	NZ_LS483405.1:574644-575357	JECDCPOO_00531

DiscRep_SUB:FEATURE_LOCATION_CONFLICT::Coding region xref gene does not exist
prokka_output/45709_F01_Reference/45709_F01_Reference:CDS	hypothetical protein	NZ_LS483405.1:575901-580535	JECDCPOO_00532

DiscRep_SUB:FEATURE_LOCATION_CONFLICT::Coding region xref gene does not exist
prokka_output/45709_F01_Reference/45709_F01_Reference:CDS	UDP-N-acetylglucosamine 1-carboxyvinyltransferase	NZ_LS483405.1:580879-582165	JECDCPOO_00533

DiscRep_SUB:FEATURE_LOCATION_CONFLICT::Coding region xref gene does not exist
prokka_output/45709_F01_Reference/45709_F01_Reference:CDS	Large ribosomal subunit protein bL31B	NZ_LS483405.1:582265-582516	JECDCPOO_00534

DiscRep_SUB:FEATURE_LOCATION_CONFLICT::Coding region xref gene does not exist
prokka_output/45709_F01_Reference/45709_F01_Reference:CDS	Sortase A	NZ_LS483405.1:582701-583414	JECDCPOO_00535

DiscRep_SUB:FEATURE_LOCATION_CONFLICT::Coding region xref gene does not exist
prokka_output/45709_F01_Reference/45709_F01_Reference:CDS	hypothetical protein	NZ_LS483405.1:583857-584432	JECDCPOO_00536

DiscRep_SUB:FEATURE_LOCATION_CONFLICT::Coding region xref gene does not exist
prokka_output/45709_F01_Reference/45709_F01_Reference:CDS	hypothetical protein	NZ_LS483405.1:584751-585374	JECDCPOO_00537

DiscRep_SUB:FEATURE_LOCATION_CONFLICT::Coding region xref gene does not exist
prokka_output/45709_F01_Reference/45709_F01_Reference:CDS	hypothetical protein	NZ_LS483405.1:585868-586500	JECDCPOO_00538

DiscRep_SUB:FEATURE_LOCATION_CONFLICT::Coding region xref gene does not exist
prokka_output/45709_F01_Reference/45709_F01_Reference:CDS	hypothetical protein	NZ_LS483405.1:587045-589474	JECDCPOO_00539

DiscRep_SUB:FEATURE_LOCATION_CONFLICT::Coding region xref gene does not exist
prokka_output/45709_F01_Reference/45709_F01_Reference:CDS	hypothetical protein	NZ_LS483405.1:590078-590500	JECDCPOO_00540

DiscRep_SUB:FEATURE_LOCATION_CONFLICT::Coding region xref gene does not exist
prokka_output/45709_F01_Reference/45709_F01_Reference:CDS	hypothetical protein	NZ_LS483405.1:590528-591211	JECDCPOO_00541

DiscRep_SUB:FEATURE_LOCATION_CONFLICT::Coding region xref gene does not exist
prokka_output/45709_F01_Reference/45709_F01_Reference:CDS	hypothetical protein	NZ_LS483405.1:591246-591920	JECDCPOO_00542

DiscRep_SUB:FEATURE_LOCATION_CONFLICT::Coding region xref gene does not exist
prokka_output/45709_F01_Reference/45709_F01_Reference:CDS	hypothetical protein	NZ_LS483405.1:592003-593046	JECDCPOO_00543

DiscRep_SUB:FEATURE_LOCATION_CONFLICT::Coding region xref gene does not exist
prokka_output/45709_F01_Reference/45709_F01_Reference:CDS	hypothetical protein	NZ_LS483405.1:593409-595544	JECDCPOO_00544

DiscRep_SUB:FEATURE_LOCATION_CONFLICT::Coding region xref gene does not exist
prokka_output/45709_F01_Reference/45709_F01_Reference:CDS	hypothetical protein	NZ_LS483405.1:595883-598033	JECDCPOO_00545

DiscRep_SUB:FEATURE_LOCATION_CONFLICT::Coding region xref gene does not exist
prokka_output/45709_F01_Reference/45709_F01_Reference:CDS	Low molecular weight protein-tyrosine-phosphatase YfkJ	NZ_LS483405.1:c598585-598115	JECDCPOO_00546

DiscRep_SUB:FEATURE_LOCATION_CONFLICT::Coding region xref gene does not exist
prokka_output/45709_F01_Reference/45709_F01_Reference:CDS	Protein LemA	NZ_LS483405.1:598754-599329	JECDCPOO_00547

DiscRep_SUB:FEATURE_LOCATION_CONFLICT::Coding region xref gene does not exist
prokka_output/45709_F01_Reference/45709_F01_Reference:CDS	Protease HtpX	NZ_LS483405.1:599338-600234	JECDCPOO_00548

DiscRep_SUB:FEATURE_LOCATION_CONFLICT::Coding region xref gene does not exist
prokka_output/45709_F01_Reference/45709_F01_Reference:CDS	hypothetical protein	NZ_LS483405.1:600309-601094	JECDCPOO_00549

DiscRep_SUB:FEATURE_LOCATION_CONFLICT::Coding region xref gene does not exist
prokka_output/45709_F01_Reference/45709_F01_Reference:CDS	UDP-N-acetylmuramoyl-tripeptide--D-alanyl-D-alanine ligase	NZ_LS483405.1:601281-602666	JECDCPOO_00550

DiscRep_SUB:FEATURE_LOCATION_CONFLICT::Coding region xref gene does not exist
prokka_output/45709_F01_Reference/45709_F01_Reference:CDS	ATP-dependent RNA helicase CshA	NZ_LS483405.1:602856-604427	JECDCPOO_00551

DiscRep_SUB:FEATURE_LOCATION_CONFLICT::Coding region xref gene does not exist
prokka_output/45709_F01_Reference/45709_F01_Reference:CDS	hypothetical protein	NZ_LS483405.1:604657-605799	JECDCPOO_00552

DiscRep_SUB:FEATURE_LOCATION_CONFLICT::Coding region xref gene does not exist
prokka_output/45709_F01_Reference/45709_F01_Reference:CDS	Holo-[acyl-carrier-protein] synthase	NZ_LS483405.1:605992-606360	JECDCPOO_00553

DiscRep_SUB:FEATURE_LOCATION_CONFLICT::Coding region xref gene does not exist
prokka_output/45709_F01_Reference/45709_F01_Reference:CDS	Alanine racemase	NZ_LS483405.1:606354-607475	JECDCPOO_00554

DiscRep_SUB:FEATURE_LOCATION_CONFLICT::Coding region xref gene does not exist
prokka_output/45709_F01_Reference/45709_F01_Reference:CDS	hypothetical protein	NZ_LS483405.1:607564-607791	JECDCPOO_00555

DiscRep_SUB:FEATURE_LOCATION_CONFLICT::Coding region xref gene does not exist
prokka_output/45709_F01_Reference/45709_F01_Reference:CDS	Endoribonuclease EndoA	NZ_LS483405.1:607827-608207	JECDCPOO_00556

DiscRep_SUB:FEATURE_LOCATION_CONFLICT::Coding region xref gene does not exist
prokka_output/45709_F01_Reference/45709_F01_Reference:CDS	hypothetical protein	NZ_LS483405.1:c608995-608354	JECDCPOO_00557

DiscRep_SUB:FEATURE_LOCATION_CONFLICT::Coding region xref gene does not exist
prokka_output/45709_F01_Reference/45709_F01_Reference:CDS	hypothetical protein	NZ_LS483405.1:609132-609251	JECDCPOO_00558

DiscRep_SUB:FEATURE_LOCATION_CONFLICT::Coding region xref gene does not exist
prokka_output/45709_F01_Reference/45709_F01_Reference:CDS	hypothetical protein	NZ_LS483405.1:c610687-609299	JECDCPOO_00559

DiscRep_SUB:FEATURE_LOCATION_CONFLICT::Coding region xref gene does not exist
prokka_output/45709_F01_Reference/45709_F01_Reference:CDS	L-lactate dehydrogenase	NZ_LS483405.1:c611991-611035	JECDCPOO_00560

DiscRep_SUB:FEATURE_LOCATION_CONFLICT::Coding region xref gene does not exist
prokka_output/45709_F01_Reference/45709_F01_Reference:CDS	Peptidyl-tRNA hydrolase	NZ_LS483405.1:612330-612887	JECDCPOO_00561

DiscRep_SUB:FEATURE_LOCATION_CONFLICT::Coding region xref gene does not exist
prokka_output/45709_F01_Reference/45709_F01_Reference:CDS	Transcription-repair-coupling factor	NZ_LS483405.1:612905-616447	JECDCPOO_00562

DiscRep_SUB:FEATURE_LOCATION_CONFLICT::Coding region xref gene does not exist
prokka_output/45709_F01_Reference/45709_F01_Reference:CDS	lipid II flippase MurJ	NZ_LS483405.1:616459-618039	JECDCPOO_00563

DiscRep_SUB:FEATURE_LOCATION_CONFLICT::Coding region xref gene does not exist
prokka_output/45709_F01_Reference/45709_F01_Reference:CDS	RQC P-site tRNA stabilizing factor	NZ_LS483405.1:618041-618313	JECDCPOO_00564

DiscRep_SUB:FEATURE_LOCATION_CONFLICT::Coding region xref gene does not exist
prokka_output/45709_F01_Reference/45709_F01_Reference:CDS	hypothetical protein	NZ_LS483405.1:618423-618833	JECDCPOO_00565

DiscRep_SUB:FEATURE_LOCATION_CONFLICT::Coding region xref gene does not exist
prokka_output/45709_F01_Reference/45709_F01_Reference:CDS	Polyribonucleotide nucleotidyltransferase	NZ_LS483405.1:619094-619639	JECDCPOO_00566

DiscRep_SUB:FEATURE_LOCATION_CONFLICT::Coding region xref gene does not exist
prokka_output/45709_F01_Reference/45709_F01_Reference:CDS	tRNA(Ile)-lysidine synthase	NZ_LS483405.1:619710-621062	JECDCPOO_00567

DiscRep_SUB:FEATURE_LOCATION_CONFLICT::Coding region xref gene does not exist
prokka_output/45709_F01_Reference/45709_F01_Reference:CDS	Hypoxanthine-guanine phosphoribosyltransferase	NZ_LS483405.1:621079-621621	JECDCPOO_00568

DiscRep_SUB:FEATURE_LOCATION_CONFLICT::Coding region xref gene does not exist
prokka_output/45709_F01_Reference/45709_F01_Reference:CDS	ATP-dependent zinc metalloprotease FtsH	NZ_LS483405.1:621730-623829	JECDCPOO_00569

DiscRep_SUB:FEATURE_LOCATION_CONFLICT::Coding region xref gene does not exist
prokka_output/45709_F01_Reference/45709_F01_Reference:CDS	33 kDa chaperonin	NZ_LS483405.1:623942-624829	JECDCPOO_00570

DiscRep_SUB:FEATURE_LOCATION_CONFLICT::Coding region xref gene does not exist
prokka_output/45709_F01_Reference/45709_F01_Reference:CDS	tRNA-dihydrouridine synthase B	NZ_LS483405.1:624831-625853	JECDCPOO_00571

DiscRep_SUB:FEATURE_LOCATION_CONFLICT::Coding region xref gene does not exist
prokka_output/45709_F01_Reference/45709_F01_Reference:CDS	hypothetical protein	NZ_LS483405.1:631847-632167	JECDCPOO_00579

DiscRep_SUB:FEATURE_LOCATION_CONFLICT::Coding region xref gene does not exist
prokka_output/45709_F01_Reference/45709_F01_Reference:CDS	Di-/tripeptide transporter	NZ_LS483405.1:632377-633984	JECDCPOO_00580

DiscRep_SUB:FEATURE_LOCATION_CONFLICT::Coding region xref gene does not exist
prokka_output/45709_F01_Reference/45709_F01_Reference:CDS	hypothetical protein	NZ_LS483405.1:634093-634869	JECDCPOO_00581

DiscRep_SUB:FEATURE_LOCATION_CONFLICT::Coding region xref gene does not exist
prokka_output/45709_F01_Reference/45709_F01_Reference:CDS	Pyrroline-5-carboxylate reductase	NZ_LS483405.1:635346-636149	JECDCPOO_00584

DiscRep_SUB:FEATURE_LOCATION_CONFLICT::Coding region xref gene does not exist
prokka_output/45709_F01_Reference/45709_F01_Reference:CDS	N-acetylglucosamine-6-phosphate deacetylase	NZ_LS483405.1:636235-637377	JECDCPOO_00585

DiscRep_SUB:FEATURE_LOCATION_CONFLICT::Coding region xref gene does not exist
prokka_output/45709_F01_Reference/45709_F01_Reference:CDS	HTH-type transcriptional repressor NagR	NZ_LS483405.1:637413-638114	JECDCPOO_00586

DiscRep_SUB:FEATURE_LOCATION_CONFLICT::Coding region xref gene does not exist
prokka_output/45709_F01_Reference/45709_F01_Reference:CDS	Mycothiol acetyltransferase	NZ_LS483405.1:638183-638689	JECDCPOO_00587

DiscRep_SUB:FEATURE_LOCATION_CONFLICT::Coding region xref gene does not exist
prokka_output/45709_F01_Reference/45709_F01_Reference:CDS	N-acetylglucosaminyldiphosphoundecaprenol N-acetyl-beta-D-mannosaminyltransferase	NZ_LS483405.1:c639371-638631	JECDCPOO_00588

DiscRep_SUB:FEATURE_LOCATION_CONFLICT::Coding region xref gene does not exist
prokka_output/45709_F01_Reference/45709_F01_Reference:CDS	Nicotinate phosphoribosyltransferase pncB2	NZ_LS483405.1:639533-640999	JECDCPOO_00589

DiscRep_SUB:FEATURE_LOCATION_CONFLICT::Coding region xref gene does not exist
prokka_output/45709_F01_Reference/45709_F01_Reference:CDS	NH(3)-dependent NAD(+) synthetase	NZ_LS483405.1:641031-641861	JECDCPOO_00590

DiscRep_SUB:FEATURE_LOCATION_CONFLICT::Coding region xref gene does not exist
prokka_output/45709_F01_Reference/45709_F01_Reference:CDS	hypothetical protein	NZ_LS483405.1:641880-642314	JECDCPOO_00591

DiscRep_SUB:FEATURE_LOCATION_CONFLICT::Coding region xref gene does not exist
prokka_output/45709_F01_Reference/45709_F01_Reference:CDS	Protein YhgF	NZ_LS483405.1:642553-644748	JECDCPOO_00592

DiscRep_SUB:FEATURE_LOCATION_CONFLICT::Coding region xref gene does not exist
prokka_output/45709_F01_Reference/45709_F01_Reference:CDS	Protein SprT-like protein	NZ_LS483405.1:644741-645220	JECDCPOO_00593

DiscRep_SUB:FEATURE_LOCATION_CONFLICT::Coding region xref gene does not exist
prokka_output/45709_F01_Reference/45709_F01_Reference:CDS	Homoserine kinase	NZ_LS483405.1:645234-646115	JECDCPOO_00594

DiscRep_SUB:FEATURE_LOCATION_CONFLICT::Coding region xref gene does not exist
prokka_output/45709_F01_Reference/45709_F01_Reference:CDS	Gamma-resorcylate decarboxylase	NZ_LS483405.1:c647428-646484	JECDCPOO_00596

DiscRep_SUB:FEATURE_LOCATION_CONFLICT::Coding region xref gene does not exist
prokka_output/45709_F01_Reference/45709_F01_Reference:CDS	putative hydrolase	NZ_LS483405.1:c648294-647455	JECDCPOO_00597

DiscRep_SUB:FEATURE_LOCATION_CONFLICT::Coding region xref gene does not exist
prokka_output/45709_F01_Reference/45709_F01_Reference:CDS	hypothetical protein	NZ_LS483405.1:648419-648970	JECDCPOO_00598

DiscRep_SUB:FEATURE_LOCATION_CONFLICT::Coding region xref gene does not exist
prokka_output/45709_F01_Reference/45709_F01_Reference:CDS	hypothetical protein	NZ_LS483405.1:c649631-649044	JECDCPOO_00599

DiscRep_SUB:FEATURE_LOCATION_CONFLICT::Coding region xref gene does not exist
prokka_output/45709_F01_Reference/45709_F01_Reference:CDS	hypothetical protein	NZ_LS483405.1:c650135-649698	JECDCPOO_00600

DiscRep_SUB:FEATURE_LOCATION_CONFLICT::Coding region xref gene does not exist
prokka_output/45709_F01_Reference/45709_F01_Reference:CDS	Multidrug export protein MepA	NZ_LS483405.1:650408-651814	JECDCPOO_00601

DiscRep_SUB:FEATURE_LOCATION_CONFLICT::Coding region xref gene does not exist
prokka_output/45709_F01_Reference/45709_F01_Reference:CDS	Pyrophosphatase PpaX	NZ_LS483405.1:651910-652521	JECDCPOO_00602

DiscRep_SUB:FEATURE_LOCATION_CONFLICT::Coding region xref gene does not exist
prokka_output/45709_F01_Reference/45709_F01_Reference:CDS	hypothetical protein	NZ_LS483405.1:652626-653045	JECDCPOO_00603

DiscRep_SUB:FEATURE_LOCATION_CONFLICT::Coding region xref gene does not exist
prokka_output/45709_F01_Reference/45709_F01_Reference:CDS	PTS system mannose-specific EIIAB component	NZ_LS483405.1:653042-653545	JECDCPOO_00604

DiscRep_SUB:FEATURE_LOCATION_CONFLICT::Coding region xref gene does not exist
prokka_output/45709_F01_Reference/45709_F01_Reference:CDS	PTS system mannose-specific EIIC component	NZ_LS483405.1:653633-654418	JECDCPOO_00605

DiscRep_SUB:FEATURE_LOCATION_CONFLICT::Coding region xref gene does not exist
prokka_output/45709_F01_Reference/45709_F01_Reference:CDS	PTS system mannose-specific EIID component	NZ_LS483405.1:654432-655259	JECDCPOO_00606

DiscRep_SUB:FEATURE_LOCATION_CONFLICT::Coding region xref gene does not exist
prokka_output/45709_F01_Reference/45709_F01_Reference:CDS	hypothetical protein	NZ_LS483405.1:c656359-655316	JECDCPOO_00607

DiscRep_SUB:FEATURE_LOCATION_CONFLICT::Coding region xref gene does not exist
prokka_output/45709_F01_Reference/45709_F01_Reference:CDS	hypothetical protein	NZ_LS483405.1:c657628-656498	JECDCPOO_00608

DiscRep_SUB:FEATURE_LOCATION_CONFLICT::Coding region xref gene does not exist
prokka_output/45709_F01_Reference/45709_F01_Reference:CDS	putative cyclic di-GMP phosphodiesterase PdeK	NZ_LS483405.1:c658453-657806	JECDCPOO_00609

DiscRep_SUB:FEATURE_LOCATION_CONFLICT::Coding region xref gene does not exist
prokka_output/45709_F01_Reference/45709_F01_Reference:CDS	hypothetical protein	NZ_LS483405.1:c659141-658572	JECDCPOO_00610

DiscRep_SUB:FEATURE_LOCATION_CONFLICT::Coding region xref gene does not exist
prokka_output/45709_F01_Reference/45709_F01_Reference:CDS	Chromosome partition protein Smc	NZ_LS483405.1:659298-662093	JECDCPOO_00611

DiscRep_SUB:FEATURE_LOCATION_CONFLICT::Coding region xref gene does not exist
prokka_output/45709_F01_Reference/45709_F01_Reference:CDS	Manganese ABC transporter substrate-binding lipoprotein PsaA	NZ_LS483405.1:c663147-662233	JECDCPOO_00612

DiscRep_SUB:FEATURE_LOCATION_CONFLICT::Coding region xref gene does not exist
prokka_output/45709_F01_Reference/45709_F01_Reference:CDS	Polyisoprenyl-teichoic acid--peptidoglycan teichoic acid transferase TagU	NZ_LS483405.1:c664403-663288	JECDCPOO_00613

DiscRep_SUB:FEATURE_LOCATION_CONFLICT::Coding region xref gene does not exist
prokka_output/45709_F01_Reference/45709_F01_Reference:CDS	hypothetical protein	NZ_LS483405.1:664771-665718	JECDCPOO_00614

DiscRep_SUB:FEATURE_LOCATION_CONFLICT::Coding region xref gene does not exist
prokka_output/45709_F01_Reference/45709_F01_Reference:CDS	hypothetical protein	NZ_LS483405.1:665757-666788	JECDCPOO_00615

DiscRep_SUB:FEATURE_LOCATION_CONFLICT::Coding region xref gene does not exist
prokka_output/45709_F01_Reference/45709_F01_Reference:CDS	2,3-bisphosphoglycerate-dependent phosphoglycerate mutase	NZ_LS483405.1:666929-667600	JECDCPOO_00616

DiscRep_SUB:FEATURE_LOCATION_CONFLICT::Coding region xref gene does not exist
prokka_output/45709_F01_Reference/45709_F01_Reference:CDS	hypothetical protein	NZ_LS483405.1:667728-668960	JECDCPOO_00617

DiscRep_SUB:FEATURE_LOCATION_CONFLICT::Coding region xref gene does not exist
prokka_output/45709_F01_Reference/45709_F01_Reference:CDS	Aminopeptidase C	NZ_LS483405.1:c670428-669094	JECDCPOO_00618

DiscRep_SUB:FEATURE_LOCATION_CONFLICT::Coding region xref gene does not exist
prokka_output/45709_F01_Reference/45709_F01_Reference:CDS	hypothetical protein	NZ_LS483405.1:670574-670744	JECDCPOO_00619

DiscRep_SUB:FEATURE_LOCATION_CONFLICT::Coding region xref gene does not exist
prokka_output/45709_F01_Reference/45709_F01_Reference:CDS	Ribose-5-phosphate isomerase A	NZ_LS483405.1:c671541-670855	JECDCPOO_00620

DiscRep_SUB:FEATURE_LOCATION_CONFLICT::Coding region xref gene does not exist
prokka_output/45709_F01_Reference/45709_F01_Reference:CDS	hypothetical protein	NZ_LS483405.1:c671890-671549	JECDCPOO_00621

DiscRep_SUB:FEATURE_LOCATION_CONFLICT::Coding region xref gene does not exist
prokka_output/45709_F01_Reference/45709_F01_Reference:CDS	Deoxyuridine 5'-triphosphate nucleotidohydrolase	NZ_LS483405.1:672069-672608	JECDCPOO_00622

DiscRep_SUB:FEATURE_LOCATION_CONFLICT::Coding region xref gene does not exist
prokka_output/45709_F01_Reference/45709_F01_Reference:CDS	DNA repair protein RadA	NZ_LS483405.1:672703-674079	JECDCPOO_00623

DiscRep_SUB:FEATURE_LOCATION_CONFLICT::Coding region xref gene does not exist
prokka_output/45709_F01_Reference/45709_F01_Reference:CDS	putative PIN and TRAM-domain containing protein YacL	NZ_LS483405.1:674115-675299	JECDCPOO_00624

DiscRep_SUB:FEATURE_LOCATION_CONFLICT::Coding region xref gene does not exist
prokka_output/45709_F01_Reference/45709_F01_Reference:CDS	Glutamate--tRNA ligase	NZ_LS483405.1:675563-677053	JECDCPOO_00625

DiscRep_SUB:FEATURE_LOCATION_CONFLICT::Coding region xref gene does not exist
prokka_output/45709_F01_Reference/45709_F01_Reference:CDS	Cysteine--tRNA ligase	NZ_LS483405.1:677208-678620	JECDCPOO_00626

DiscRep_SUB:FEATURE_LOCATION_CONFLICT::Coding region xref gene does not exist
prokka_output/45709_F01_Reference/45709_F01_Reference:CDS	Mini-ribonuclease 3	NZ_LS483405.1:678620-679027	JECDCPOO_00627

DiscRep_SUB:FEATURE_LOCATION_CONFLICT::Coding region xref gene does not exist
prokka_output/45709_F01_Reference/45709_F01_Reference:CDS	Putative TrmH family tRNA/rRNA methyltransferase	NZ_LS483405.1:679024-679791	JECDCPOO_00628

DiscRep_SUB:FEATURE_LOCATION_CONFLICT::Coding region xref gene does not exist
prokka_output/45709_F01_Reference/45709_F01_Reference:CDS	hypothetical protein	NZ_LS483405.1:679820-680365	JECDCPOO_00629

DiscRep_SUB:FEATURE_LOCATION_CONFLICT::Coding region xref gene does not exist
prokka_output/45709_F01_Reference/45709_F01_Reference:CDS	hypothetical protein	NZ_LS483405.1:680438-681007	JECDCPOO_00630

DiscRep_SUB:FEATURE_LOCATION_CONFLICT::Coding region xref gene does not exist
prokka_output/45709_F01_Reference/45709_F01_Reference:CDS	Protein translocase subunit SecE	NZ_LS483405.1:681275-681451	JECDCPOO_00631

DiscRep_SUB:FEATURE_LOCATION_CONFLICT::Coding region xref gene does not exist
prokka_output/45709_F01_Reference/45709_F01_Reference:CDS	Transcription termination/antitermination protein NusG	NZ_LS483405.1:681576-682124	JECDCPOO_00632

DiscRep_SUB:FEATURE_LOCATION_CONFLICT::Coding region xref gene does not exist
prokka_output/45709_F01_Reference/45709_F01_Reference:CDS	Large ribosomal subunit protein uL11	NZ_LS483405.1:682323-682748	JECDCPOO_00633

DiscRep_SUB:FEATURE_LOCATION_CONFLICT::Coding region xref gene does not exist
prokka_output/45709_F01_Reference/45709_F01_Reference:CDS	Large ribosomal subunit protein uL1	NZ_LS483405.1:682846-683544	JECDCPOO_00634

DiscRep_SUB:FEATURE_LOCATION_CONFLICT::Coding region xref gene does not exist
prokka_output/45709_F01_Reference/45709_F01_Reference:CDS	Large ribosomal subunit protein uL10	NZ_LS483405.1:683767-684273	JECDCPOO_00635

DiscRep_SUB:FEATURE_LOCATION_CONFLICT::Coding region xref gene does not exist
prokka_output/45709_F01_Reference/45709_F01_Reference:CDS	Large ribosomal subunit protein bL12	NZ_LS483405.1:684322-684690	JECDCPOO_00636

DiscRep_SUB:FEATURE_LOCATION_CONFLICT::Coding region xref gene does not exist
prokka_output/45709_F01_Reference/45709_F01_Reference:CDS	Phosphatidylglycerol lysyltransferase	NZ_LS483405.1:685073-687685	JECDCPOO_00637

DiscRep_SUB:FEATURE_LOCATION_CONFLICT::Coding region xref gene does not exist
prokka_output/45709_F01_Reference/45709_F01_Reference:CDS	LOG family protein YvdD	NZ_LS483405.1:c688386-687808	JECDCPOO_00638

DiscRep_SUB:FEATURE_LOCATION_CONFLICT::Coding region xref gene does not exist
prokka_output/45709_F01_Reference/45709_F01_Reference:CDS	3-hydroxybutyryl-CoA dehydrogenase	NZ_LS483405.1:688589-689503	JECDCPOO_00639

DiscRep_SUB:FEATURE_LOCATION_CONFLICT::Coding region xref gene does not exist
prokka_output/45709_F01_Reference/45709_F01_Reference:CDS	Ribonucleoside-diphosphate reductase subunit beta nrdF2	NZ_LS483405.1:c690618-689623	JECDCPOO_00640

DiscRep_SUB:FEATURE_LOCATION_CONFLICT::Coding region xref gene does not exist
prokka_output/45709_F01_Reference/45709_F01_Reference:CDS	Ribonucleoside-diphosphate reductase subunit alpha	NZ_LS483405.1:c692818-690653	JECDCPOO_00641

DiscRep_SUB:FEATURE_LOCATION_CONFLICT::Coding region xref gene does not exist
prokka_output/45709_F01_Reference/45709_F01_Reference:CDS	Glutaredoxin-like protein NrdH	NZ_LS483405.1:c693154-692927	JECDCPOO_00642

DiscRep_SUB:FEATURE_LOCATION_CONFLICT::Coding region xref gene does not exist
prokka_output/45709_F01_Reference/45709_F01_Reference:CDS	Ribosomal RNA small subunit methyltransferase C	NZ_LS483405.1:693358-693969	JECDCPOO_00643

DiscRep_SUB:FEATURE_LOCATION_CONFLICT::Coding region xref gene does not exist
prokka_output/45709_F01_Reference/45709_F01_Reference:CDS	tRNA-specific adenosine deaminase	NZ_LS483405.1:693986-694537	JECDCPOO_00644

DiscRep_SUB:FEATURE_LOCATION_CONFLICT::Coding region xref gene does not exist
prokka_output/45709_F01_Reference/45709_F01_Reference:CDS	DNA polymerase III subunit tau	NZ_LS483405.1:694814-696544	JECDCPOO_00645

DiscRep_SUB:FEATURE_LOCATION_CONFLICT::Coding region xref gene does not exist
prokka_output/45709_F01_Reference/45709_F01_Reference:CDS	Nucleoid-associated protein	NZ_LS483405.1:696566-696883	JECDCPOO_00646

DiscRep_SUB:FEATURE_LOCATION_CONFLICT::Coding region xref gene does not exist
prokka_output/45709_F01_Reference/45709_F01_Reference:CDS	Recombination protein RecR	NZ_LS483405.1:696905-697504	JECDCPOO_00647

DiscRep_SUB:FEATURE_LOCATION_CONFLICT::Coding region xref gene does not exist
prokka_output/45709_F01_Reference/45709_F01_Reference:CDS	hypothetical protein	NZ_LS483405.1:697522-697773	JECDCPOO_00648

DiscRep_SUB:FEATURE_LOCATION_CONFLICT::Coding region xref gene does not exist
prokka_output/45709_F01_Reference/45709_F01_Reference:CDS	Thymidylate kinase	NZ_LS483405.1:697956-698615	JECDCPOO_00649

DiscRep_SUB:FEATURE_LOCATION_CONFLICT::Coding region xref gene does not exist
prokka_output/45709_F01_Reference/45709_F01_Reference:CDS	Cyclic di-AMP receptor A	NZ_LS483405.1:698642-698971	JECDCPOO_00650

DiscRep_SUB:FEATURE_LOCATION_CONFLICT::Coding region xref gene does not exist
prokka_output/45709_F01_Reference/45709_F01_Reference:CDS	DNA polymerase III subunit delta'	NZ_LS483405.1:698981-699994	JECDCPOO_00651

DiscRep_SUB:FEATURE_LOCATION_CONFLICT::Coding region xref gene does not exist
prokka_output/45709_F01_Reference/45709_F01_Reference:CDS	Replication initiation control protein YabA	NZ_LS483405.1:700016-700357	JECDCPOO_00652

DiscRep_SUB:FEATURE_LOCATION_CONFLICT::Coding region xref gene does not exist
prokka_output/45709_F01_Reference/45709_F01_Reference:CDS	Ribosomal RNA small subunit methyltransferase I	NZ_LS483405.1:700369-701250	JECDCPOO_00653

DiscRep_SUB:FEATURE_LOCATION_CONFLICT::Coding region xref gene does not exist
prokka_output/45709_F01_Reference/45709_F01_Reference:CDS	hypothetical protein	NZ_LS483405.1:701256-701996	JECDCPOO_00654

DiscRep_SUB:FEATURE_LOCATION_CONFLICT::Coding region xref gene does not exist
prokka_output/45709_F01_Reference/45709_F01_Reference:CDS	tRNA threonylcarbamoyladenosine biosynthesis protein TsaB	NZ_LS483405.1:702175-702897	JECDCPOO_00655

DiscRep_SUB:FEATURE_LOCATION_CONFLICT::Coding region xref gene does not exist
prokka_output/45709_F01_Reference/45709_F01_Reference:CDS	[Ribosomal protein bS18]-alanine N-acetyltransferase	NZ_LS483405.1:702881-703489	JECDCPOO_00656

DiscRep_SUB:FEATURE_LOCATION_CONFLICT::Coding region xref gene does not exist
prokka_output/45709_F01_Reference/45709_F01_Reference:CDS	tRNA N6-adenosine threonylcarbamoyltransferase	NZ_LS483405.1:703524-704573	JECDCPOO_00657

DiscRep_SUB:FEATURE_LOCATION_CONFLICT::Coding region xref gene does not exist
prokka_output/45709_F01_Reference/45709_F01_Reference:CDS	putative transporter YycB	NZ_LS483405.1:c705832-704654	JECDCPOO_00658

DiscRep_SUB:FEATURE_LOCATION_CONFLICT::Coding region xref gene does not exist
prokka_output/45709_F01_Reference/45709_F01_Reference:CDS	hypothetical protein	NZ_LS483405.1:c706186-705890	JECDCPOO_00659

DiscRep_SUB:FEATURE_LOCATION_CONFLICT::Coding region xref gene does not exist
prokka_output/45709_F01_Reference/45709_F01_Reference:CDS	putative ATP-binding protein YheS	NZ_LS483405.1:c708247-706295	JECDCPOO_00660

DiscRep_SUB:FEATURE_LOCATION_CONFLICT::Coding region xref gene does not exist
prokka_output/45709_F01_Reference/45709_F01_Reference:CDS	Redox-sensing transcriptional repressor Rex	NZ_LS483405.1:708480-709118	JECDCPOO_00661

DiscRep_SUB:FEATURE_LOCATION_CONFLICT::Coding region xref gene does not exist
prokka_output/45709_F01_Reference/45709_F01_Reference:CDS	Co-chaperonin GroES	NZ_LS483405.1:709299-709583	JECDCPOO_00662

DiscRep_SUB:FEATURE_LOCATION_CONFLICT::Coding region xref gene does not exist
prokka_output/45709_F01_Reference/45709_F01_Reference:CDS	Chaperonin GroEL	NZ_LS483405.1:709639-711264	JECDCPOO_00663

DiscRep_SUB:FEATURE_LOCATION_CONFLICT::Coding region xref gene does not exist
prokka_output/45709_F01_Reference/45709_F01_Reference:CDS	Potassium transporter KimA	NZ_LS483405.1:711656-713491	JECDCPOO_00664

DiscRep_SUB:FEATURE_LOCATION_CONFLICT::Coding region xref gene does not exist
prokka_output/45709_F01_Reference/45709_F01_Reference:CDS	Antiholin-like protein LrgB	NZ_LS483405.1:c714551-713745	JECDCPOO_00665

DiscRep_SUB:FEATURE_LOCATION_CONFLICT::Coding region xref gene does not exist
prokka_output/45709_F01_Reference/45709_F01_Reference:CDS	Antiholin-like protein LrgA	NZ_LS483405.1:c715036-714596	JECDCPOO_00666

DiscRep_SUB:FEATURE_LOCATION_CONFLICT::Coding region xref gene does not exist
prokka_output/45709_F01_Reference/45709_F01_Reference:CDS	putative undecaprenyl-phosphate N-acetylglucosaminyl 1-phosphate transferase	NZ_LS483405.1:715443-716537	JECDCPOO_00667

DiscRep_SUB:FEATURE_LOCATION_CONFLICT::Coding region xref gene does not exist
prokka_output/45709_F01_Reference/45709_F01_Reference:CDS	hypothetical protein	NZ_LS483405.1:c717250-716591	JECDCPOO_00668

DiscRep_SUB:FEATURE_LOCATION_CONFLICT::Coding region xref gene does not exist
prokka_output/45709_F01_Reference/45709_F01_Reference:CDS	Competence protein ComFA	NZ_LS483405.1:717325-718644	JECDCPOO_00669

DiscRep_SUB:FEATURE_LOCATION_CONFLICT::Coding region xref gene does not exist
prokka_output/45709_F01_Reference/45709_F01_Reference:CDS	Competence protein ComFC	NZ_LS483405.1:718641-719315	JECDCPOO_00670

DiscRep_SUB:FEATURE_LOCATION_CONFLICT::Coding region xref gene does not exist
prokka_output/45709_F01_Reference/45709_F01_Reference:CDS	Ribosome hibernation promotion factor	NZ_LS483405.1:719452-720012	JECDCPOO_00671

DiscRep_SUB:FEATURE_LOCATION_CONFLICT::Coding region xref gene does not exist
prokka_output/45709_F01_Reference/45709_F01_Reference:CDS	Protein translocase subunit SecA	NZ_LS483405.1:720214-722577	JECDCPOO_00672

DiscRep_SUB:FEATURE_LOCATION_CONFLICT::Coding region xref gene does not exist
prokka_output/45709_F01_Reference/45709_F01_Reference:CDS	Peptide chain release factor 2	NZ_LS483405.1:722772-723770	JECDCPOO_00673

DiscRep_SUB:FEATURE_LOCATION_CONFLICT::Coding region xref gene does not exist
prokka_output/45709_F01_Reference/45709_F01_Reference:CDS	Cell division topological determinant MinJ	NZ_LS483405.1:723880-725034	JECDCPOO_00674

DiscRep_SUB:FEATURE_LOCATION_CONFLICT::Coding region xref gene does not exist
prokka_output/45709_F01_Reference/45709_F01_Reference:CDS	Alkaline phosphatase synthesis transcriptional regulatory protein PhoP	NZ_LS483405.1:725039-725746	JECDCPOO_00675

DiscRep_SUB:FEATURE_LOCATION_CONFLICT::Coding region xref gene does not exist
prokka_output/45709_F01_Reference/45709_F01_Reference:CDS	Alkaline phosphatase synthesis sensor protein PhoR	NZ_LS483405.1:725743-727086	JECDCPOO_00676

DiscRep_SUB:FEATURE_LOCATION_CONFLICT::Coding region xref gene does not exist
prokka_output/45709_F01_Reference/45709_F01_Reference:CDS	Phosphate-binding protein PstS 1	NZ_LS483405.1:727338-728219	JECDCPOO_00677

DiscRep_SUB:FEATURE_LOCATION_CONFLICT::Coding region xref gene does not exist
prokka_output/45709_F01_Reference/45709_F01_Reference:CDS	Phosphate transport system permease protein PstC 1	NZ_LS483405.1:728220-729146	JECDCPOO_00678

DiscRep_SUB:FEATURE_LOCATION_CONFLICT::Coding region xref gene does not exist
prokka_output/45709_F01_Reference/45709_F01_Reference:CDS	hypothetical protein	NZ_LS483405.1:729146-730030	JECDCPOO_00679

DiscRep_SUB:FEATURE_LOCATION_CONFLICT::Coding region xref gene does not exist
prokka_output/45709_F01_Reference/45709_F01_Reference:CDS	Phosphate import ATP-binding protein PstB 3	NZ_LS483405.1:730043-730867	JECDCPOO_00680

DiscRep_SUB:FEATURE_LOCATION_CONFLICT::Coding region xref gene does not exist
prokka_output/45709_F01_Reference/45709_F01_Reference:CDS	Phosphate import ATP-binding protein PstB 3	NZ_LS483405.1:730883-731641	JECDCPOO_00681

DiscRep_SUB:FEATURE_LOCATION_CONFLICT::Coding region xref gene does not exist
prokka_output/45709_F01_Reference/45709_F01_Reference:CDS	Phosphate-specific transport system accessory protein PhoU	NZ_LS483405.1:731653-732333	JECDCPOO_00682

DiscRep_SUB:FEATURE_LOCATION_CONFLICT::Coding region xref gene does not exist
prokka_output/45709_F01_Reference/45709_F01_Reference:CDS	hypothetical protein	NZ_LS483405.1:732527-732856	JECDCPOO_00683

DiscRep_SUB:FEATURE_LOCATION_CONFLICT::Coding region xref gene does not exist
prokka_output/45709_F01_Reference/45709_F01_Reference:CDS	hypothetical protein	NZ_LS483405.1:732857-733228	JECDCPOO_00684

DiscRep_SUB:FEATURE_LOCATION_CONFLICT::Coding region xref gene does not exist
prokka_output/45709_F01_Reference/45709_F01_Reference:CDS	HPr kinase/phosphorylase	NZ_LS483405.1:733317-734252	JECDCPOO_00685

DiscRep_SUB:FEATURE_LOCATION_CONFLICT::Coding region xref gene does not exist
prokka_output/45709_F01_Reference/45709_F01_Reference:CDS	Phosphatidylglycerol--prolipoprotein diacylglyceryl transferase	NZ_LS483405.1:734258-735121	JECDCPOO_00686

DiscRep_SUB:FEATURE_LOCATION_CONFLICT::Coding region xref gene does not exist
prokka_output/45709_F01_Reference/45709_F01_Reference:CDS	Glycerol-3-phosphate dehydrogenase [NAD(P)+]	NZ_LS483405.1:735137-736150	JECDCPOO_00687

DiscRep_SUB:FEATURE_LOCATION_CONFLICT::Coding region xref gene does not exist
prokka_output/45709_F01_Reference/45709_F01_Reference:CDS	UTP--glucose-1-phosphate uridylyltransferase	NZ_LS483405.1:736188-737093	JECDCPOO_00688

DiscRep_SUB:FEATURE_LOCATION_CONFLICT::Coding region xref gene does not exist
prokka_output/45709_F01_Reference/45709_F01_Reference:CDS	Thioredoxin reductase	NZ_LS483405.1:737165-738106	JECDCPOO_00689

DiscRep_SUB:FEATURE_LOCATION_CONFLICT::Coding region xref gene does not exist
prokka_output/45709_F01_Reference/45709_F01_Reference:CDS	hypothetical protein	NZ_LS483405.1:738106-738234	JECDCPOO_00690

DiscRep_SUB:FEATURE_LOCATION_CONFLICT::Coding region xref gene does not exist
prokka_output/45709_F01_Reference/45709_F01_Reference:CDS	5'-deoxynucleotidase YfbR	NZ_LS483405.1:738200-738841	JECDCPOO_00691

DiscRep_SUB:FEATURE_LOCATION_CONFLICT::Coding region xref gene does not exist
prokka_output/45709_F01_Reference/45709_F01_Reference:CDS	hypothetical protein	NZ_LS483405.1:738838-739362	JECDCPOO_00692

DiscRep_SUB:FEATURE_LOCATION_CONFLICT::Coding region xref gene does not exist
prokka_output/45709_F01_Reference/45709_F01_Reference:CDS	UvrABC system protein B	NZ_LS483405.1:739479-741485	JECDCPOO_00693

DiscRep_SUB:FEATURE_LOCATION_CONFLICT::Coding region xref gene does not exist
prokka_output/45709_F01_Reference/45709_F01_Reference:CDS	UvrABC system protein A	NZ_LS483405.1:741505-744360	JECDCPOO_00694

DiscRep_SUB:FEATURE_LOCATION_CONFLICT::Coding region xref gene does not exist
prokka_output/45709_F01_Reference/45709_F01_Reference:CDS	hypothetical protein	NZ_LS483405.1:744516-745061	JECDCPOO_00695

DiscRep_SUB:FEATURE_LOCATION_CONFLICT::Coding region xref gene does not exist
prokka_output/45709_F01_Reference/45709_F01_Reference:CDS	Nucleotide-binding protein YvcJ	NZ_LS483405.1:745208-746092	JECDCPOO_00696

DiscRep_SUB:FEATURE_LOCATION_CONFLICT::Coding region xref gene does not exist
prokka_output/45709_F01_Reference/45709_F01_Reference:CDS	Putative gluconeogenesis factor	NZ_LS483405.1:746089-747099	JECDCPOO_00697

DiscRep_SUB:FEATURE_LOCATION_CONFLICT::Coding region xref gene does not exist
prokka_output/45709_F01_Reference/45709_F01_Reference:CDS	putative cell division protein WhiA	NZ_LS483405.1:747102-748040	JECDCPOO_00698

DiscRep_SUB:FEATURE_LOCATION_CONFLICT::Coding region xref gene does not exist
prokka_output/45709_F01_Reference/45709_F01_Reference:CDS	ATP-dependent Clp protease proteolytic subunit	NZ_LS483405.1:c748760-748164	JECDCPOO_00699

DiscRep_SUB:FEATURE_LOCATION_CONFLICT::Coding region xref gene does not exist
prokka_output/45709_F01_Reference/45709_F01_Reference:CDS	putative HTH-type transcriptional regulator	NZ_LS483405.1:749030-749476	JECDCPOO_00700

DiscRep_SUB:FEATURE_LOCATION_CONFLICT::Coding region xref gene does not exist
prokka_output/45709_F01_Reference/45709_F01_Reference:CDS	hypothetical protein	NZ_LS483405.1:749482-750195	JECDCPOO_00701

DiscRep_SUB:FEATURE_LOCATION_CONFLICT::Coding region xref gene does not exist
prokka_output/45709_F01_Reference/45709_F01_Reference:CDS	hypothetical protein	NZ_LS483405.1:c751040-750429	JECDCPOO_00703

DiscRep_SUB:FEATURE_LOCATION_CONFLICT::Coding region xref gene does not exist
prokka_output/45709_F01_Reference/45709_F01_Reference:CDS	Central glycolytic genes regulator	NZ_LS483405.1:751459-752487	JECDCPOO_00705

DiscRep_SUB:FEATURE_LOCATION_CONFLICT::Coding region xref gene does not exist
prokka_output/45709_F01_Reference/45709_F01_Reference:CDS	Glyceraldehyde-3-phosphate dehydrogenase	NZ_LS483405.1:752556-753566	JECDCPOO_00706

DiscRep_SUB:FEATURE_LOCATION_CONFLICT::Coding region xref gene does not exist
prokka_output/45709_F01_Reference/45709_F01_Reference:CDS	Phosphoglycerate kinase	NZ_LS483405.1:753746-754948	JECDCPOO_00707

DiscRep_SUB:FEATURE_LOCATION_CONFLICT::Coding region xref gene does not exist
prokka_output/45709_F01_Reference/45709_F01_Reference:CDS	Triosephosphate isomerase	NZ_LS483405.1:755087-755851	JECDCPOO_00708

DiscRep_SUB:FEATURE_LOCATION_CONFLICT::Coding region xref gene does not exist
prokka_output/45709_F01_Reference/45709_F01_Reference:CDS	Enolase 1	NZ_LS483405.1:755959-757278	JECDCPOO_00709

DiscRep_SUB:FEATURE_LOCATION_CONFLICT::Coding region xref gene does not exist
prokka_output/45709_F01_Reference/45709_F01_Reference:CDS	hypothetical protein	NZ_LS483405.1:757390-758481	JECDCPOO_00710

DiscRep_SUB:FEATURE_LOCATION_CONFLICT::Coding region xref gene does not exist
prokka_output/45709_F01_Reference/45709_F01_Reference:CDS	H(+)/Cl(-) exchange transporter ClcA	NZ_LS483405.1:758548-760104	JECDCPOO_00711

DiscRep_SUB:FEATURE_LOCATION_CONFLICT::Coding region xref gene does not exist
prokka_output/45709_F01_Reference/45709_F01_Reference:CDS	putative protein-export membrane protein SecG	NZ_LS483405.1:760201-760437	JECDCPOO_00712

DiscRep_SUB:FEATURE_LOCATION_CONFLICT::Coding region xref gene does not exist
prokka_output/45709_F01_Reference/45709_F01_Reference:CDS	Carboxylesterase	NZ_LS483405.1:760522-761280	JECDCPOO_00713

DiscRep_SUB:FEATURE_LOCATION_CONFLICT::Coding region xref gene does not exist
prokka_output/45709_F01_Reference/45709_F01_Reference:CDS	Ribonuclease R	NZ_LS483405.1:761284-763677	JECDCPOO_00714

DiscRep_SUB:FEATURE_LOCATION_CONFLICT::Coding region xref gene does not exist
prokka_output/45709_F01_Reference/45709_F01_Reference:CDS	SsrA-binding protein	NZ_LS483405.1:763693-764166	JECDCPOO_00715

DiscRep_SUB:FEATURE_LOCATION_CONFLICT::Coding region xref gene does not exist
prokka_output/45709_F01_Reference/45709_F01_Reference:CDS	Glutamine transport ATP-binding protein GlnQ	NZ_LS483405.1:764235-764972	JECDCPOO_00716

DiscRep_SUB:FEATURE_LOCATION_CONFLICT::Coding region xref gene does not exist
prokka_output/45709_F01_Reference/45709_F01_Reference:CDS	hypothetical protein	NZ_LS483405.1:c765644-765075	JECDCPOO_00717

DiscRep_SUB:FEATURE_LOCATION_CONFLICT::Coding region xref gene does not exist
prokka_output/45709_F01_Reference/45709_F01_Reference:CDS	Uracil-DNA glycosylase	NZ_LS483405.1:765768-766487	JECDCPOO_00718

DiscRep_SUB:FEATURE_LOCATION_CONFLICT::Coding region xref gene does not exist
prokka_output/45709_F01_Reference/45709_F01_Reference:CDS	Phosphate acetyltransferase	NZ_LS483405.1:766544-767518	JECDCPOO_00719

DiscRep_SUB:FEATURE_LOCATION_CONFLICT::Coding region xref gene does not exist
prokka_output/45709_F01_Reference/45709_F01_Reference:CDS	tRNA threonylcarbamoyladenosine biosynthesis protein TsaE	NZ_LS483405.1:767612-768085	JECDCPOO_00720

DiscRep_SUB:FEATURE_LOCATION_CONFLICT::Coding region xref gene does not exist
prokka_output/45709_F01_Reference/45709_F01_Reference:CDS	Mycothiol acetyltransferase	NZ_LS483405.1:768078-768596	JECDCPOO_00721

DiscRep_SUB:FEATURE_LOCATION_CONFLICT::Coding region xref gene does not exist
prokka_output/45709_F01_Reference/45709_F01_Reference:CDS	L-glyceraldehyde 3-phosphate reductase	NZ_LS483405.1:768610-769629	JECDCPOO_00722

DiscRep_SUB:FEATURE_LOCATION_CONFLICT::Coding region xref gene does not exist
prokka_output/45709_F01_Reference/45709_F01_Reference:CDS	DNA polymerase III PolC-type	NZ_LS483405.1:c770247-769711	JECDCPOO_00723

DiscRep_SUB:FEATURE_LOCATION_CONFLICT::Coding region xref gene does not exist
prokka_output/45709_F01_Reference/45709_F01_Reference:CDS	Exodeoxyribonuclease	NZ_LS483405.1:c771037-770273	JECDCPOO_00724

DiscRep_SUB:FEATURE_LOCATION_CONFLICT::Coding region xref gene does not exist
prokka_output/45709_F01_Reference/45709_F01_Reference:CDS	UDP-N-acetylenolpyruvoylglucosamine reductase	NZ_LS483405.1:771212-772126	JECDCPOO_00725

DiscRep_SUB:FEATURE_LOCATION_CONFLICT::Coding region xref gene does not exist
prokka_output/45709_F01_Reference/45709_F01_Reference:CDS	Sodium, potassium, lithium and rubidium/H(+) antiporter	NZ_LS483405.1:772143-774275	JECDCPOO_00726

DiscRep_SUB:FEATURE_LOCATION_CONFLICT::Coding region xref gene does not exist
prokka_output/45709_F01_Reference/45709_F01_Reference:CDS	hypothetical protein	NZ_LS483405.1:c774992-774330	JECDCPOO_00727

DiscRep_SUB:FEATURE_LOCATION_CONFLICT::Coding region xref gene does not exist
prokka_output/45709_F01_Reference/45709_F01_Reference:CDS	Cyclic di-AMP synthase CdaA	NZ_LS483405.1:775241-776092	JECDCPOO_00728

DiscRep_SUB:FEATURE_LOCATION_CONFLICT::Coding region xref gene does not exist
prokka_output/45709_F01_Reference/45709_F01_Reference:CDS	CdaA regulatory protein CdaR	NZ_LS483405.1:776092-777060	JECDCPOO_00729

DiscRep_SUB:FEATURE_LOCATION_CONFLICT::Coding region xref gene does not exist
prokka_output/45709_F01_Reference/45709_F01_Reference:CDS	Phosphoglucosamine mutase	NZ_LS483405.1:777092-778447	JECDCPOO_00730

DiscRep_SUB:FEATURE_LOCATION_CONFLICT::Coding region xref gene does not exist
prokka_output/45709_F01_Reference/45709_F01_Reference:CDS	Glutamine--fructose-6-phosphate aminotransferase [isomerizing]	NZ_LS483405.1:778761-780578	JECDCPOO_00731

DiscRep_SUB:FEATURE_LOCATION_CONFLICT::Coding region xref gene does not exist
prokka_output/45709_F01_Reference/45709_F01_Reference:CDS	hypothetical protein	NZ_LS483405.1:780723-780845	JECDCPOO_00732

DiscRep_SUB:FEATURE_LOCATION_CONFLICT::Coding region xref gene does not exist
prokka_output/45709_F01_Reference/45709_F01_Reference:CDS	Glucosamine-6-phosphate deaminase	NZ_LS483405.1:780971-781693	JECDCPOO_00733

DiscRep_SUB:FEATURE_LOCATION_CONFLICT::Coding region xref gene does not exist
prokka_output/45709_F01_Reference/45709_F01_Reference:CDS	hypothetical protein	NZ_LS483405.1:781796-783229	JECDCPOO_00734

DiscRep_SUB:FEATURE_LOCATION_CONFLICT::Coding region xref gene does not exist
prokka_output/45709_F01_Reference/45709_F01_Reference:CDS	putative cadmium-transporting ATPase	NZ_LS483405.1:c785224-783323	JECDCPOO_00735

DiscRep_SUB:FEATURE_LOCATION_CONFLICT::Coding region xref gene does not exist
prokka_output/45709_F01_Reference/45709_F01_Reference:CDS	hypothetical protein	NZ_LS483405.1:c787741-785438	JECDCPOO_00736

DiscRep_SUB:FEATURE_LOCATION_CONFLICT::Coding region xref gene does not exist
prokka_output/45709_F01_Reference/45709_F01_Reference:CDS	hypothetical protein	NZ_LS483405.1:c788493-787942	JECDCPOO_00737

DiscRep_SUB:FEATURE_LOCATION_CONFLICT::Coding region xref gene does not exist
prokka_output/45709_F01_Reference/45709_F01_Reference:CDS	Copper chaperone CopZ	NZ_LS483405.1:c788751-788524	JECDCPOO_00738

DiscRep_SUB:FEATURE_LOCATION_CONFLICT::Coding region xref gene does not exist
prokka_output/45709_F01_Reference/45709_F01_Reference:CDS	Vitamin B12 import ATP-binding protein BtuD	NZ_LS483405.1:789021-790106	JECDCPOO_00739

DiscRep_SUB:FEATURE_LOCATION_CONFLICT::Coding region xref gene does not exist
prokka_output/45709_F01_Reference/45709_F01_Reference:CDS	hypothetical protein	NZ_LS483405.1:790518-790826	JECDCPOO_00740

DiscRep_SUB:FEATURE_LOCATION_CONFLICT::Coding region xref gene does not exist
prokka_output/45709_F01_Reference/45709_F01_Reference:CDS	hypothetical protein	NZ_LS483405.1:791052-791789	JECDCPOO_00741

DiscRep_SUB:FEATURE_LOCATION_CONFLICT::Coding region xref gene does not exist
prokka_output/45709_F01_Reference/45709_F01_Reference:CDS	hypothetical protein	NZ_LS483405.1:791895-793094	JECDCPOO_00742

DiscRep_SUB:FEATURE_LOCATION_CONFLICT::Coding region xref gene does not exist
prokka_output/45709_F01_Reference/45709_F01_Reference:CDS	hypothetical protein	NZ_LS483405.1:793078-793848	JECDCPOO_00743

DiscRep_SUB:FEATURE_LOCATION_CONFLICT::Coding region xref gene does not exist
prokka_output/45709_F01_Reference/45709_F01_Reference:CDS	High-affinity heme uptake system protein IsdE	NZ_LS483405.1:793861-794754	JECDCPOO_00744

DiscRep_SUB:FEATURE_LOCATION_CONFLICT::Coding region xref gene does not exist
prokka_output/45709_F01_Reference/45709_F01_Reference:CDS	putative heme-iron transport system permease protein IsdF	NZ_LS483405.1:794751-795719	JECDCPOO_00745

DiscRep_SUB:FEATURE_LOCATION_CONFLICT::Coding region xref gene does not exist
prokka_output/45709_F01_Reference/45709_F01_Reference:CDS	Fe(3+) dicitrate transport ATP-binding protein FecE	NZ_LS483405.1:795700-796458	JECDCPOO_00746

DiscRep_SUB:FEATURE_LOCATION_CONFLICT::Coding region xref gene does not exist
prokka_output/45709_F01_Reference/45709_F01_Reference:CDS	Exopolyphosphatase	NZ_LS483405.1:c797464-796529	JECDCPOO_00747

DiscRep_SUB:FEATURE_LOCATION_CONFLICT::Coding region xref gene does not exist
prokka_output/45709_F01_Reference/45709_F01_Reference:CDS	Polyphosphate kinase	NZ_LS483405.1:c799628-797466	JECDCPOO_00748

DiscRep_SUB:FEATURE_LOCATION_CONFLICT::Coding region xref gene does not exist
prokka_output/45709_F01_Reference/45709_F01_Reference:CDS	Guanosine-5'-triphosphate,3'-diphosphate pyrophosphatase	NZ_LS483405.1:c801163-799625	JECDCPOO_00749

DiscRep_SUB:FEATURE_LOCATION_CONFLICT::Coding region xref gene does not exist
prokka_output/45709_F01_Reference/45709_F01_Reference:CDS	hypothetical protein	NZ_LS483405.1:c802006-801185	JECDCPOO_00750

DiscRep_SUB:FEATURE_LOCATION_CONFLICT::Coding region xref gene does not exist
prokka_output/45709_F01_Reference/45709_F01_Reference:CDS	hypothetical protein	NZ_LS483405.1:c802598-802026	JECDCPOO_00751

DiscRep_SUB:FEATURE_LOCATION_CONFLICT::Coding region xref gene does not exist
prokka_output/45709_F01_Reference/45709_F01_Reference:CDS	hypothetical protein	NZ_LS483405.1:802732-803175	JECDCPOO_00752

DiscRep_SUB:FEATURE_LOCATION_CONFLICT::Coding region xref gene does not exist
prokka_output/45709_F01_Reference/45709_F01_Reference:CDS	hypothetical protein	NZ_LS483405.1:803234-803407	JECDCPOO_00753

DiscRep_SUB:FEATURE_LOCATION_CONFLICT::Coding region xref gene does not exist
prokka_output/45709_F01_Reference/45709_F01_Reference:CDS	hypothetical protein	NZ_LS483405.1:c803914-803465	JECDCPOO_00754

DiscRep_SUB:FEATURE_LOCATION_CONFLICT::Coding region xref gene does not exist
prokka_output/45709_F01_Reference/45709_F01_Reference:CDS	hypothetical protein	NZ_LS483405.1:804282-804461	JECDCPOO_00755

DiscRep_SUB:FEATURE_LOCATION_CONFLICT::Coding region xref gene does not exist
prokka_output/45709_F01_Reference/45709_F01_Reference:CDS	hypothetical protein	NZ_LS483405.1:804554-804670	JECDCPOO_00756

DiscRep_SUB:FEATURE_LOCATION_CONFLICT::Coding region xref gene does not exist
prokka_output/45709_F01_Reference/45709_F01_Reference:CDS	hypothetical protein	NZ_LS483405.1:c805305-804934	JECDCPOO_00757

DiscRep_SUB:FEATURE_LOCATION_CONFLICT::Coding region xref gene does not exist
prokka_output/45709_F01_Reference/45709_F01_Reference:CDS	hypothetical protein	NZ_LS483405.1:805529-806023	JECDCPOO_00758

DiscRep_SUB:FEATURE_LOCATION_CONFLICT::Coding region xref gene does not exist
prokka_output/45709_F01_Reference/45709_F01_Reference:CDS	Fumarate hydratase class II	NZ_LS483405.1:806159-807544	JECDCPOO_00759

DiscRep_SUB:FEATURE_LOCATION_CONFLICT::Coding region xref gene does not exist
prokka_output/45709_F01_Reference/45709_F01_Reference:CDS	RNA polymerase sigma factor YlaC	NZ_LS483405.1:807654-808136	JECDCPOO_00760

DiscRep_SUB:FEATURE_LOCATION_CONFLICT::Coding region xref gene does not exist
prokka_output/45709_F01_Reference/45709_F01_Reference:CDS	hypothetical protein	NZ_LS483405.1:808129-809046	JECDCPOO_00761

DiscRep_SUB:FEATURE_LOCATION_CONFLICT::Coding region xref gene does not exist
prokka_output/45709_F01_Reference/45709_F01_Reference:CDS	Cysteinylglycine-S-conjugate dipeptidase	NZ_LS483405.1:809222-810577	JECDCPOO_00762

DiscRep_SUB:FEATURE_LOCATION_CONFLICT::Coding region xref gene does not exist
prokka_output/45709_F01_Reference/45709_F01_Reference:CDS	HTH-type transcriptional repressor CytR	NZ_LS483405.1:810794-811813	JECDCPOO_00763

DiscRep_SUB:FEATURE_LOCATION_CONFLICT::Coding region xref gene does not exist
prokka_output/45709_F01_Reference/45709_F01_Reference:CDS	hypothetical protein	NZ_LS483405.1:812045-812791	JECDCPOO_00764

DiscRep_SUB:FEATURE_LOCATION_CONFLICT::Coding region xref gene does not exist
prokka_output/45709_F01_Reference/45709_F01_Reference:CDS	hypothetical protein	NZ_LS483405.1:812845-813840	JECDCPOO_00765

DiscRep_SUB:FEATURE_LOCATION_CONFLICT::Coding region xref gene does not exist
prokka_output/45709_F01_Reference/45709_F01_Reference:CDS	Bile salt hydrolase/transferase	NZ_LS483405.1:813854-814903	JECDCPOO_00766

DiscRep_SUB:FEATURE_LOCATION_CONFLICT::Coding region xref gene does not exist
prokka_output/45709_F01_Reference/45709_F01_Reference:CDS	Arginine deiminase	NZ_LS483405.1:c816247-815015	JECDCPOO_00767

DiscRep_SUB:FEATURE_LOCATION_CONFLICT::Coding region xref gene does not exist
prokka_output/45709_F01_Reference/45709_F01_Reference:CDS	hypothetical protein	NZ_LS483405.1:c817656-816649	JECDCPOO_00768

DiscRep_SUB:FEATURE_LOCATION_CONFLICT::Coding region xref gene does not exist
prokka_output/45709_F01_Reference/45709_F01_Reference:CDS	hypothetical protein	NZ_LS483405.1:c817967-817749	JECDCPOO_00769

DiscRep_SUB:FEATURE_LOCATION_CONFLICT::Coding region xref gene does not exist
prokka_output/45709_F01_Reference/45709_F01_Reference:CDS	hypothetical protein	NZ_LS483405.1:c818067-817972	JECDCPOO_00770

DiscRep_SUB:FEATURE_LOCATION_CONFLICT::Coding region xref gene does not exist
prokka_output/45709_F01_Reference/45709_F01_Reference:CDS	hypothetical protein	NZ_LS483405.1:c818188-818081	JECDCPOO_00771

DiscRep_SUB:FEATURE_LOCATION_CONFLICT::Coding region xref gene does not exist
prokka_output/45709_F01_Reference/45709_F01_Reference:CDS	Transcriptional regulatory protein SrrA	NZ_LS483405.1:819237-820025	JECDCPOO_00773

DiscRep_SUB:FEATURE_LOCATION_CONFLICT::Coding region xref gene does not exist
prokka_output/45709_F01_Reference/45709_F01_Reference:CDS	Sensor histidine kinase RcsC	NZ_LS483405.1:820022-821491	JECDCPOO_00774

DiscRep_SUB:FEATURE_LOCATION_CONFLICT::Coding region xref gene does not exist
prokka_output/45709_F01_Reference/45709_F01_Reference:CDS	Ribosomal RNA large subunit methyltransferase I	NZ_LS483405.1:821550-822698	JECDCPOO_00775

DiscRep_SUB:FEATURE_LOCATION_CONFLICT::Coding region xref gene does not exist
prokka_output/45709_F01_Reference/45709_F01_Reference:CDS	putative glucose uptake protein GlcU	NZ_LS483405.1:822881-823747	JECDCPOO_00776

DiscRep_SUB:FEATURE_LOCATION_CONFLICT::Coding region xref gene does not exist
prokka_output/45709_F01_Reference/45709_F01_Reference:CDS	Glucose-6-phosphate isomerase	NZ_LS483405.1:823877-825223	JECDCPOO_00777

DiscRep_SUB:FEATURE_LOCATION_CONFLICT::Coding region xref gene does not exist
prokka_output/45709_F01_Reference/45709_F01_Reference:CDS	hypothetical protein	NZ_LS483405.1:825511-828528	JECDCPOO_00778

DiscRep_SUB:FEATURE_LOCATION_CONFLICT::Coding region xref gene does not exist
prokka_output/45709_F01_Reference/45709_F01_Reference:CDS	hypothetical protein	NZ_LS483405.1:c829376-828894	JECDCPOO_00779

DiscRep_SUB:FEATURE_LOCATION_CONFLICT::Coding region xref gene does not exist
prokka_output/45709_F01_Reference/45709_F01_Reference:CDS	Potassium channel	NZ_LS483405.1:829551-830114	JECDCPOO_00780

DiscRep_SUB:FEATURE_LOCATION_CONFLICT::Coding region xref gene does not exist
prokka_output/45709_F01_Reference/45709_F01_Reference:CDS	hypothetical protein	NZ_LS483405.1:830800-831765	JECDCPOO_00783

DiscRep_SUB:FEATURE_LOCATION_CONFLICT::Coding region xref gene does not exist
prokka_output/45709_F01_Reference/45709_F01_Reference:CDS	Inner membrane protein YbiR	NZ_LS483405.1:c833007-831904	JECDCPOO_00784

DiscRep_SUB:FEATURE_LOCATION_CONFLICT::Coding region xref gene does not exist
prokka_output/45709_F01_Reference/45709_F01_Reference:CDS	putative cyclic di-GMP phosphodiesterase PdeG	NZ_LS483405.1:c833739-833077	JECDCPOO_00785

DiscRep_SUB:FEATURE_LOCATION_CONFLICT::Coding region xref gene does not exist
prokka_output/45709_F01_Reference/45709_F01_Reference:CDS	hypothetical protein	NZ_LS483405.1:833973-835097	JECDCPOO_00786

DiscRep_SUB:FEATURE_LOCATION_CONFLICT::Coding region xref gene does not exist
prokka_output/45709_F01_Reference/45709_F01_Reference:CDS	hypothetical protein	NZ_LS483405.1:835176-835382	JECDCPOO_00787

DiscRep_SUB:FEATURE_LOCATION_CONFLICT::Coding region xref gene does not exist
prokka_output/45709_F01_Reference/45709_F01_Reference:CDS	hypothetical protein	NZ_LS483405.1:c835758-835429	JECDCPOO_00788

DiscRep_SUB:FEATURE_LOCATION_CONFLICT::Coding region xref gene does not exist
prokka_output/45709_F01_Reference/45709_F01_Reference:CDS	putative ABC transporter ATP-binding protein	NZ_LS483405.1:835927-837660	JECDCPOO_00789

DiscRep_SUB:FEATURE_LOCATION_CONFLICT::Coding region xref gene does not exist
prokka_output/45709_F01_Reference/45709_F01_Reference:CDS	Fatty acid ABC transporter ATP-binding/permease protein	NZ_LS483405.1:837653-839494	JECDCPOO_00790

DiscRep_SUB:FEATURE_LOCATION_CONFLICT::Coding region xref gene does not exist
prokka_output/45709_F01_Reference/45709_F01_Reference:CDS	Putative D-alanyl-D-alanine carboxypeptidase	NZ_LS483405.1:839613-840632	JECDCPOO_00791

DiscRep_SUB:FEATURE_LOCATION_CONFLICT::Coding region xref gene does not exist
prokka_output/45709_F01_Reference/45709_F01_Reference:CDS	Lipid II isoglutaminyl synthase (glutamine-hydrolyzing) subunit GatD	NZ_LS483405.1:c841392-840688	JECDCPOO_00792

DiscRep_SUB:FEATURE_LOCATION_CONFLICT::Coding region xref gene does not exist
prokka_output/45709_F01_Reference/45709_F01_Reference:CDS	Lipid II isoglutaminyl synthase (glutamine-hydrolyzing) subunit MurT	NZ_LS483405.1:c842738-841389	JECDCPOO_00793

DiscRep_SUB:FEATURE_LOCATION_CONFLICT::Coding region xref gene does not exist
prokka_output/45709_F01_Reference/45709_F01_Reference:CDS	Thymidine kinase	NZ_LS483405.1:842944-843528	JECDCPOO_00794

DiscRep_SUB:FEATURE_LOCATION_CONFLICT::Coding region xref gene does not exist
prokka_output/45709_F01_Reference/45709_F01_Reference:CDS	Peptide chain release factor 1	NZ_LS483405.1:843549-844634	JECDCPOO_00795

DiscRep_SUB:FEATURE_LOCATION_CONFLICT::Coding region xref gene does not exist
prokka_output/45709_F01_Reference/45709_F01_Reference:CDS	Release factor glutamine methyltransferase	NZ_LS483405.1:844627-845478	JECDCPOO_00796

DiscRep_SUB:FEATURE_LOCATION_CONFLICT::Coding region xref gene does not exist
prokka_output/45709_F01_Reference/45709_F01_Reference:CDS	Threonylcarbamoyl-AMP synthase	NZ_LS483405.1:845496-846512	JECDCPOO_00797

DiscRep_SUB:FEATURE_LOCATION_CONFLICT::Coding region xref gene does not exist
prokka_output/45709_F01_Reference/45709_F01_Reference:CDS	Serine hydroxymethyltransferase	NZ_LS483405.1:846593-847834	JECDCPOO_00798

DiscRep_SUB:FEATURE_LOCATION_CONFLICT::Coding region xref gene does not exist
prokka_output/45709_F01_Reference/45709_F01_Reference:CDS	Uracil phosphoribosyltransferase	NZ_LS483405.1:847928-848557	JECDCPOO_00799

DiscRep_SUB:FEATURE_LOCATION_CONFLICT::Coding region xref gene does not exist
prokka_output/45709_F01_Reference/45709_F01_Reference:CDS	ATP synthase subunit a	NZ_LS483405.1:848905-849624	JECDCPOO_00800

DiscRep_SUB:FEATURE_LOCATION_CONFLICT::Coding region xref gene does not exist
prokka_output/45709_F01_Reference/45709_F01_Reference:CDS	ATP synthase subunit c	NZ_LS483405.1:849660-849872	JECDCPOO_00801

DiscRep_SUB:FEATURE_LOCATION_CONFLICT::Coding region xref gene does not exist
prokka_output/45709_F01_Reference/45709_F01_Reference:CDS	ATP synthase subunit b	NZ_LS483405.1:849923-850438	JECDCPOO_00802

DiscRep_SUB:FEATURE_LOCATION_CONFLICT::Coding region xref gene does not exist
prokka_output/45709_F01_Reference/45709_F01_Reference:CDS	ATP synthase subunit delta	NZ_LS483405.1:850428-850970	JECDCPOO_00803

DiscRep_SUB:FEATURE_LOCATION_CONFLICT::Coding region xref gene does not exist
prokka_output/45709_F01_Reference/45709_F01_Reference:CDS	ATP synthase subunit alpha	NZ_LS483405.1:851001-852542	JECDCPOO_00804

DiscRep_SUB:FEATURE_LOCATION_CONFLICT::Coding region xref gene does not exist
prokka_output/45709_F01_Reference/45709_F01_Reference:CDS	ATP synthase gamma chain	NZ_LS483405.1:852573-853472	JECDCPOO_00805

DiscRep_SUB:FEATURE_LOCATION_CONFLICT::Coding region xref gene does not exist
prokka_output/45709_F01_Reference/45709_F01_Reference:CDS	ATP synthase subunit beta	NZ_LS483405.1:853495-854910	JECDCPOO_00806

DiscRep_SUB:FEATURE_LOCATION_CONFLICT::Coding region xref gene does not exist
prokka_output/45709_F01_Reference/45709_F01_Reference:CDS	ATP synthase epsilon chain	NZ_LS483405.1:854924-855343	JECDCPOO_00807

DiscRep_SUB:FEATURE_LOCATION_CONFLICT::Coding region xref gene does not exist
prokka_output/45709_F01_Reference/45709_F01_Reference:CDS	hypothetical protein	NZ_LS483405.1:855552-855782	JECDCPOO_00808

DiscRep_SUB:FEATURE_LOCATION_CONFLICT::Coding region xref gene does not exist
prokka_output/45709_F01_Reference/45709_F01_Reference:CDS	UDP-N-acetylglucosamine 1-carboxyvinyltransferase 1	NZ_LS483405.1:855809-857116	JECDCPOO_00809

DiscRep_SUB:FEATURE_LOCATION_CONFLICT::Coding region xref gene does not exist
prokka_output/45709_F01_Reference/45709_F01_Reference:CDS	Cell shape-determining protein Mbl	NZ_LS483405.1:857245-858252	JECDCPOO_00810

DiscRep_SUB:FEATURE_LOCATION_CONFLICT::Coding region xref gene does not exist
prokka_output/45709_F01_Reference/45709_F01_Reference:CDS	Putative membrane protein insertion efficiency factor	NZ_LS483405.1:858278-858577	JECDCPOO_00811

DiscRep_SUB:FEATURE_LOCATION_CONFLICT::Coding region xref gene does not exist
prokka_output/45709_F01_Reference/45709_F01_Reference:CDS	hypothetical protein	NZ_LS483405.1:858590-858814	JECDCPOO_00812

DiscRep_SUB:FEATURE_LOCATION_CONFLICT::Coding region xref gene does not exist
prokka_output/45709_F01_Reference/45709_F01_Reference:CDS	Peptidoglycan glycosyltransferase RodA	NZ_LS483405.1:858910-860115	JECDCPOO_00813

DiscRep_SUB:FEATURE_LOCATION_CONFLICT::Coding region xref gene does not exist
prokka_output/45709_F01_Reference/45709_F01_Reference:CDS	Glycine cleavage system H protein	NZ_LS483405.1:860129-860431	JECDCPOO_00814

DiscRep_SUB:FEATURE_LOCATION_CONFLICT::Coding region xref gene does not exist
prokka_output/45709_F01_Reference/45709_F01_Reference:CDS	hypothetical protein	NZ_LS483405.1:860555-861400	JECDCPOO_00815

DiscRep_SUB:FEATURE_LOCATION_CONFLICT::Coding region xref gene does not exist
prokka_output/45709_F01_Reference/45709_F01_Reference:CDS	hypothetical protein	NZ_LS483405.1:861431-862402	JECDCPOO_00816

DiscRep_SUB:FEATURE_LOCATION_CONFLICT::Coding region xref gene does not exist
prokka_output/45709_F01_Reference/45709_F01_Reference:CDS	D-alanine--D-alanine ligase	NZ_LS483405.1:862477-863619	JECDCPOO_00817

DiscRep_SUB:FEATURE_LOCATION_CONFLICT::Coding region xref gene does not exist
prokka_output/45709_F01_Reference/45709_F01_Reference:CDS	hypothetical protein	NZ_LS483405.1:863689-865245	JECDCPOO_00818

DiscRep_SUB:FEATURE_LOCATION_CONFLICT::Coding region xref gene does not exist
prokka_output/45709_F01_Reference/45709_F01_Reference:CDS	hypothetical protein	NZ_LS483405.1:865574-866458	JECDCPOO_00819

DiscRep_SUB:FEATURE_LOCATION_CONFLICT::Coding region xref gene does not exist
prokka_output/45709_F01_Reference/45709_F01_Reference:CDS	Putative universal stress protein	NZ_LS483405.1:c867031-866552	JECDCPOO_00820

DiscRep_SUB:FEATURE_LOCATION_CONFLICT::Coding region xref gene does not exist
prokka_output/45709_F01_Reference/45709_F01_Reference:CDS	hypothetical protein	NZ_LS483405.1:c867415-867128	JECDCPOO_00821

DiscRep_SUB:FEATURE_LOCATION_CONFLICT::Coding region xref gene does not exist
prokka_output/45709_F01_Reference/45709_F01_Reference:CDS	Replication-associated recombination protein A	NZ_LS483405.1:c869072-867795	JECDCPOO_00822

DiscRep_SUB:FEATURE_LOCATION_CONFLICT::Coding region xref gene does not exist
prokka_output/45709_F01_Reference/45709_F01_Reference:CDS	putative protein YueI	NZ_LS483405.1:c869544-869089	JECDCPOO_00823

DiscRep_SUB:FEATURE_LOCATION_CONFLICT::Coding region xref gene does not exist
prokka_output/45709_F01_Reference/45709_F01_Reference:CDS	hypothetical protein	NZ_LS483405.1:869621-870220	JECDCPOO_00824

DiscRep_SUB:FEATURE_LOCATION_CONFLICT::Coding region xref gene does not exist
prokka_output/45709_F01_Reference/45709_F01_Reference:CDS	hypothetical protein	NZ_LS483405.1:c870598-870263	JECDCPOO_00825

DiscRep_SUB:FEATURE_LOCATION_CONFLICT::Coding region xref gene does not exist
prokka_output/45709_F01_Reference/45709_F01_Reference:CDS	Small ribosomal subunit protein uS4	NZ_LS483405.1:c871473-870868	JECDCPOO_00826

DiscRep_SUB:FEATURE_LOCATION_CONFLICT::Coding region xref gene does not exist
prokka_output/45709_F01_Reference/45709_F01_Reference:CDS	Free methionine-R-sulfoxide reductase	NZ_LS483405.1:c872140-871673	JECDCPOO_00827

DiscRep_SUB:FEATURE_LOCATION_CONFLICT::Coding region xref gene does not exist
prokka_output/45709_F01_Reference/45709_F01_Reference:CDS	Septation ring formation regulator EzrA	NZ_LS483405.1:872330-874060	JECDCPOO_00828

DiscRep_SUB:FEATURE_LOCATION_CONFLICT::Coding region xref gene does not exist
prokka_output/45709_F01_Reference/45709_F01_Reference:CDS	Cysteine desulfurase IscS	NZ_LS483405.1:874211-875356	JECDCPOO_00829

DiscRep_SUB:FEATURE_LOCATION_CONFLICT::Coding region xref gene does not exist
prokka_output/45709_F01_Reference/45709_F01_Reference:CDS	putative tRNA sulfurtransferase	NZ_LS483405.1:875377-876594	JECDCPOO_00830

DiscRep_SUB:FEATURE_LOCATION_CONFLICT::Coding region xref gene does not exist
prokka_output/45709_F01_Reference/45709_F01_Reference:CDS	Thiol peroxidase	NZ_LS483405.1:876736-877245	JECDCPOO_00831

DiscRep_SUB:FEATURE_LOCATION_CONFLICT::Coding region xref gene does not exist
prokka_output/45709_F01_Reference/45709_F01_Reference:CDS	Valine--tRNA ligase	NZ_LS483405.1:877549-880215	JECDCPOO_00832

DiscRep_SUB:FEATURE_LOCATION_CONFLICT::Coding region xref gene does not exist
prokka_output/45709_F01_Reference/45709_F01_Reference:CDS	Folylpolyglutamate synthase	NZ_LS483405.1:880329-881651	JECDCPOO_00833

DiscRep_SUB:FEATURE_LOCATION_CONFLICT::Coding region xref gene does not exist
prokka_output/45709_F01_Reference/45709_F01_Reference:CDS	hypothetical protein	NZ_LS483405.1:881691-882353	JECDCPOO_00834

DiscRep_SUB:FEATURE_LOCATION_CONFLICT::Coding region xref gene does not exist
prokka_output/45709_F01_Reference/45709_F01_Reference:CDS	Cell shape-determining protein MreB	NZ_LS483405.1:882506-883510	JECDCPOO_00835

DiscRep_SUB:FEATURE_LOCATION_CONFLICT::Coding region xref gene does not exist
prokka_output/45709_F01_Reference/45709_F01_Reference:CDS	Cell shape-determining protein MreC	NZ_LS483405.1:883592-884443	JECDCPOO_00836

DiscRep_SUB:FEATURE_LOCATION_CONFLICT::Coding region xref gene does not exist
prokka_output/45709_F01_Reference/45709_F01_Reference:CDS	hypothetical protein	NZ_LS483405.1:884457-884984	JECDCPOO_00837

DiscRep_SUB:FEATURE_LOCATION_CONFLICT::Coding region xref gene does not exist
prokka_output/45709_F01_Reference/45709_F01_Reference:CDS	septum site-determining protein MinC	NZ_LS483405.1:885003-885674	JECDCPOO_00838

DiscRep_SUB:FEATURE_LOCATION_CONFLICT::Coding region xref gene does not exist
prokka_output/45709_F01_Reference/45709_F01_Reference:CDS	Septum site-determining protein MinD	NZ_LS483405.1:885677-886483	JECDCPOO_00839

DiscRep_SUB:FEATURE_LOCATION_CONFLICT::Coding region xref gene does not exist
prokka_output/45709_F01_Reference/45709_F01_Reference:CDS	Arginine transport system permease protein ArtQ	NZ_LS483405.1:886948-887589	JECDCPOO_00840

DiscRep_SUB:FEATURE_LOCATION_CONFLICT::Coding region xref gene does not exist
prokka_output/45709_F01_Reference/45709_F01_Reference:CDS	Glutamine transport ATP-binding protein GlnQ	NZ_LS483405.1:887608-888243	JECDCPOO_00841

DiscRep_SUB:FEATURE_LOCATION_CONFLICT::Coding region xref gene does not exist
prokka_output/45709_F01_Reference/45709_F01_Reference:CDS	Glutamine-binding periplasmic protein	NZ_LS483405.1:888256-889098	JECDCPOO_00842

DiscRep_SUB:FEATURE_LOCATION_CONFLICT::Coding region xref gene does not exist
prokka_output/45709_F01_Reference/45709_F01_Reference:CDS	hypothetical protein	NZ_LS483405.1:889231-890526	JECDCPOO_00843

DiscRep_SUB:FEATURE_LOCATION_CONFLICT::Coding region xref gene does not exist
prokka_output/45709_F01_Reference/45709_F01_Reference:CDS	hypothetical protein	NZ_LS483405.1:890504-891793	JECDCPOO_00844

DiscRep_SUB:FEATURE_LOCATION_CONFLICT::Coding region xref gene does not exist
prokka_output/45709_F01_Reference/45709_F01_Reference:CDS	hypothetical protein	NZ_LS483405.1:891907-892812	JECDCPOO_00845

DiscRep_SUB:FEATURE_LOCATION_CONFLICT::Coding region xref gene does not exist
prokka_output/45709_F01_Reference/45709_F01_Reference:CDS	CDP-diacylglycerol--glycerol-3-phosphate 3-phosphatidyltransferase	NZ_LS483405.1:892878-893465	JECDCPOO_00846

DiscRep_SUB:FEATURE_LOCATION_CONFLICT::Coding region xref gene does not exist
prokka_output/45709_F01_Reference/45709_F01_Reference:CDS	Putative competence-damage inducible protein	NZ_LS483405.1:893521-894771	JECDCPOO_00847

DiscRep_SUB:FEATURE_LOCATION_CONFLICT::Coding region xref gene does not exist
prokka_output/45709_F01_Reference/45709_F01_Reference:CDS	Protein RecA	NZ_LS483405.1:894865-895998	JECDCPOO_00848

DiscRep_SUB:FEATURE_LOCATION_CONFLICT::Coding region xref gene does not exist
prokka_output/45709_F01_Reference/45709_F01_Reference:CDS	hypothetical protein	NZ_LS483405.1:c896233-896081	JECDCPOO_00849

DiscRep_SUB:FEATURE_LOCATION_CONFLICT::Coding region xref gene does not exist
prokka_output/45709_F01_Reference/45709_F01_Reference:CDS	Ribonuclease Y	NZ_LS483405.1:896561-898120	JECDCPOO_00850

DiscRep_SUB:FEATURE_LOCATION_CONFLICT::Coding region xref gene does not exist
prokka_output/45709_F01_Reference/45709_F01_Reference:CDS	2',3'-cyclic-nucleotide 2'-phosphodiesterase	NZ_LS483405.1:898252-899046	JECDCPOO_00851

DiscRep_SUB:FEATURE_LOCATION_CONFLICT::Coding region xref gene does not exist
prokka_output/45709_F01_Reference/45709_F01_Reference:CDS	DNA mismatch repair protein MutS	NZ_LS483405.1:899075-901753	JECDCPOO_00852

DiscRep_SUB:FEATURE_LOCATION_CONFLICT::Coding region xref gene does not exist
prokka_output/45709_F01_Reference/45709_F01_Reference:CDS	DNA mismatch repair protein MutL	NZ_LS483405.1:901775-903793	JECDCPOO_00853

DiscRep_SUB:FEATURE_LOCATION_CONFLICT::Coding region xref gene does not exist
prokka_output/45709_F01_Reference/45709_F01_Reference:CDS	Holliday junction branch migration complex subunit RuvA	NZ_LS483405.1:903935-904543	JECDCPOO_00854

DiscRep_SUB:FEATURE_LOCATION_CONFLICT::Coding region xref gene does not exist
prokka_output/45709_F01_Reference/45709_F01_Reference:CDS	Holliday junction branch migration complex subunit RuvB	NZ_LS483405.1:904559-905575	JECDCPOO_00855

DiscRep_SUB:FEATURE_LOCATION_CONFLICT::Coding region xref gene does not exist
prokka_output/45709_F01_Reference/45709_F01_Reference:CDS	S-adenosylmethionine:tRNA ribosyltransferase-isomerase	NZ_LS483405.1:905592-906626	JECDCPOO_00856

DiscRep_SUB:FEATURE_LOCATION_CONFLICT::Coding region xref gene does not exist
prokka_output/45709_F01_Reference/45709_F01_Reference:CDS	Queuine tRNA-ribosyltransferase	NZ_LS483405.1:906646-907791	JECDCPOO_00857

DiscRep_SUB:FEATURE_LOCATION_CONFLICT::Coding region xref gene does not exist
prokka_output/45709_F01_Reference/45709_F01_Reference:CDS	hypothetical protein	NZ_LS483405.1:907863-908288	JECDCPOO_00858

DiscRep_SUB:FEATURE_LOCATION_CONFLICT::Coding region xref gene does not exist
prokka_output/45709_F01_Reference/45709_F01_Reference:CDS	DNA polymerase IV	NZ_LS483405.1:908416-909528	JECDCPOO_00859

DiscRep_SUB:FEATURE_LOCATION_CONFLICT::Coding region xref gene does not exist
prokka_output/45709_F01_Reference/45709_F01_Reference:CDS	putative bifunctional oligoribonuclease and PAP phosphatase NrnA	NZ_LS483405.1:909616-910590	JECDCPOO_00860

DiscRep_SUB:FEATURE_LOCATION_CONFLICT::Coding region xref gene does not exist
prokka_output/45709_F01_Reference/45709_F01_Reference:CDS	DEAD-box ATP-dependent RNA helicase CshB	NZ_LS483405.1:910587-911945	JECDCPOO_00861

DiscRep_SUB:FEATURE_LOCATION_CONFLICT::Coding region xref gene does not exist
prokka_output/45709_F01_Reference/45709_F01_Reference:CDS	Alanine--tRNA ligase	NZ_LS483405.1:912257-914896	JECDCPOO_00862

DiscRep_SUB:FEATURE_LOCATION_CONFLICT::Coding region xref gene does not exist
prokka_output/45709_F01_Reference/45709_F01_Reference:CDS	hypothetical protein	NZ_LS483405.1:915008-915280	JECDCPOO_00863

DiscRep_SUB:FEATURE_LOCATION_CONFLICT::Coding region xref gene does not exist
prokka_output/45709_F01_Reference/45709_F01_Reference:CDS	Putative pre-16S rRNA nuclease	NZ_LS483405.1:915277-915714	JECDCPOO_00864

DiscRep_SUB:FEATURE_LOCATION_CONFLICT::Coding region xref gene does not exist
prokka_output/45709_F01_Reference/45709_F01_Reference:CDS	hypothetical protein	NZ_LS483405.1:915723-916034	JECDCPOO_00865

DiscRep_SUB:FEATURE_LOCATION_CONFLICT::Coding region xref gene does not exist
prokka_output/45709_F01_Reference/45709_F01_Reference:CDS	Cell division protein ZapA	NZ_LS483405.1:916179-916439	JECDCPOO_00866

DiscRep_SUB:FEATURE_LOCATION_CONFLICT::Coding region xref gene does not exist
prokka_output/45709_F01_Reference/45709_F01_Reference:CDS	hypothetical protein	NZ_LS483405.1:916441-916977	JECDCPOO_00867

DiscRep_SUB:FEATURE_LOCATION_CONFLICT::Coding region xref gene does not exist
prokka_output/45709_F01_Reference/45709_F01_Reference:CDS	Putative endonuclease MutS2	NZ_LS483405.1:917002-919365	JECDCPOO_00868

DiscRep_SUB:FEATURE_LOCATION_CONFLICT::Coding region xref gene does not exist
prokka_output/45709_F01_Reference/45709_F01_Reference:CDS	Thioredoxin	NZ_LS483405.1:919454-919771	JECDCPOO_00869

DiscRep_SUB:FEATURE_LOCATION_CONFLICT::Coding region xref gene does not exist
prokka_output/45709_F01_Reference/45709_F01_Reference:CDS	hypothetical protein	NZ_LS483405.1:c920383-919859	JECDCPOO_00870

DiscRep_SUB:FEATURE_LOCATION_CONFLICT::Coding region xref gene does not exist
prokka_output/45709_F01_Reference/45709_F01_Reference:CDS	Glutamate racemase	NZ_LS483405.1:920574-921404	JECDCPOO_00871

DiscRep_SUB:FEATURE_LOCATION_CONFLICT::Coding region xref gene does not exist
prokka_output/45709_F01_Reference/45709_F01_Reference:CDS	dITP/XTP pyrophosphatase	NZ_LS483405.1:921406-922005	JECDCPOO_00872

DiscRep_SUB:FEATURE_LOCATION_CONFLICT::Coding region xref gene does not exist
prokka_output/45709_F01_Reference/45709_F01_Reference:CDS	hypothetical protein	NZ_LS483405.1:922008-922526	JECDCPOO_00873

DiscRep_SUB:FEATURE_LOCATION_CONFLICT::Coding region xref gene does not exist
prokka_output/45709_F01_Reference/45709_F01_Reference:CDS	Cyclic di-AMP receptor B	NZ_LS483405.1:922548-923039	JECDCPOO_00874

DiscRep_SUB:FEATURE_LOCATION_CONFLICT::Coding region xref gene does not exist
prokka_output/45709_F01_Reference/45709_F01_Reference:CDS	hypothetical protein	NZ_LS483405.1:c923483-923298	JECDCPOO_00875

DiscRep_SUB:FEATURE_LOCATION_CONFLICT::Coding region xref gene does not exist
prokka_output/45709_F01_Reference/45709_F01_Reference:CDS	hypothetical protein	NZ_LS483405.1:923647-923922	JECDCPOO_00876

DiscRep_SUB:FEATURE_LOCATION_CONFLICT::Coding region xref gene does not exist
prokka_output/45709_F01_Reference/45709_F01_Reference:CDS	hypothetical protein	NZ_LS483405.1:923930-924616	JECDCPOO_00877

DiscRep_SUB:FEATURE_LOCATION_CONFLICT::Coding region xref gene does not exist
prokka_output/45709_F01_Reference/45709_F01_Reference:CDS	hypothetical protein	NZ_LS483405.1:924631-926088	JECDCPOO_00878

DiscRep_SUB:FEATURE_LOCATION_CONFLICT::Coding region xref gene does not exist
prokka_output/45709_F01_Reference/45709_F01_Reference:CDS	hypothetical protein	NZ_LS483405.1:926102-927208	JECDCPOO_00879

DiscRep_SUB:FEATURE_LOCATION_CONFLICT::Coding region xref gene does not exist
prokka_output/45709_F01_Reference/45709_F01_Reference:CDS	hypothetical protein	NZ_LS483405.1:927418-927576	JECDCPOO_00880

DiscRep_SUB:FEATURE_LOCATION_CONFLICT::Coding region xref gene does not exist
prokka_output/45709_F01_Reference/45709_F01_Reference:CDS	hypothetical protein	NZ_LS483405.1:927590-927886	JECDCPOO_00881

DiscRep_SUB:FEATURE_LOCATION_CONFLICT::Coding region xref gene does not exist
prokka_output/45709_F01_Reference/45709_F01_Reference:CDS	Multidrug resistance protein Stp	NZ_LS483405.1:928045-929412	JECDCPOO_00882

DiscRep_SUB:FEATURE_LOCATION_CONFLICT::Coding region xref gene does not exist
prokka_output/45709_F01_Reference/45709_F01_Reference:CDS	putative MscS family protein YkuT	NZ_LS483405.1:c930442-929561	JECDCPOO_00883

DiscRep_SUB:FEATURE_LOCATION_CONFLICT::Coding region xref gene does not exist
prokka_output/45709_F01_Reference/45709_F01_Reference:CDS	hypothetical protein	NZ_LS483405.1:930612-931016	JECDCPOO_00884

DiscRep_SUB:FEATURE_LOCATION_CONFLICT::Coding region xref gene does not exist
prokka_output/45709_F01_Reference/45709_F01_Reference:CDS	hypothetical protein	NZ_LS483405.1:931038-931400	JECDCPOO_00885

DiscRep_SUB:FEATURE_LOCATION_CONFLICT::Coding region xref gene does not exist
prokka_output/45709_F01_Reference/45709_F01_Reference:CDS	Xaa-Pro dipeptidase	NZ_LS483405.1:c932582-931485	JECDCPOO_00886

DiscRep_SUB:FEATURE_LOCATION_CONFLICT::Coding region xref gene does not exist
prokka_output/45709_F01_Reference/45709_F01_Reference:CDS	Catabolite control protein A	NZ_LS483405.1:932777-933778	JECDCPOO_00887

DiscRep_SUB:FEATURE_LOCATION_CONFLICT::Coding region xref gene does not exist
prokka_output/45709_F01_Reference/45709_F01_Reference:CDS	hypothetical protein	NZ_LS483405.1:933927-934754	JECDCPOO_00888

DiscRep_SUB:FEATURE_LOCATION_CONFLICT::Coding region xref gene does not exist
prokka_output/45709_F01_Reference/45709_F01_Reference:CDS	Arginine transport ATP-binding protein ArtM	NZ_LS483405.1:c935551-934811	JECDCPOO_00889

DiscRep_SUB:FEATURE_LOCATION_CONFLICT::Coding region xref gene does not exist
prokka_output/45709_F01_Reference/45709_F01_Reference:CDS	Membrane-bound lytic murein transglycosylase F	NZ_LS483405.1:c937022-935544	JECDCPOO_00890

DiscRep_SUB:FEATURE_LOCATION_CONFLICT::Coding region xref gene does not exist
prokka_output/45709_F01_Reference/45709_F01_Reference:CDS	putative transcriptional regulatory protein YebC	NZ_LS483405.1:937301-938038	JECDCPOO_00891

DiscRep_SUB:FEATURE_LOCATION_CONFLICT::Coding region xref gene does not exist
prokka_output/45709_F01_Reference/45709_F01_Reference:CDS	Competence protein ComGA	NZ_LS483405.1:938143-939108	JECDCPOO_00892

DiscRep_SUB:FEATURE_LOCATION_CONFLICT::Coding region xref gene does not exist
prokka_output/45709_F01_Reference/45709_F01_Reference:CDS	Type IV pilus assembly protein PilC	NZ_LS483405.1:939143-940096	JECDCPOO_00893

DiscRep_SUB:FEATURE_LOCATION_CONFLICT::Coding region xref gene does not exist
prokka_output/45709_F01_Reference/45709_F01_Reference:CDS	hypothetical protein	NZ_LS483405.1:940089-940400	JECDCPOO_00894

DiscRep_SUB:FEATURE_LOCATION_CONFLICT::Coding region xref gene does not exist
prokka_output/45709_F01_Reference/45709_F01_Reference:CDS	hypothetical protein	NZ_LS483405.1:940387-940836	JECDCPOO_00895

DiscRep_SUB:FEATURE_LOCATION_CONFLICT::Coding region xref gene does not exist
prokka_output/45709_F01_Reference/45709_F01_Reference:CDS	hypothetical protein	NZ_LS483405.1:940808-941020	JECDCPOO_00896

DiscRep_SUB:FEATURE_LOCATION_CONFLICT::Coding region xref gene does not exist
prokka_output/45709_F01_Reference/45709_F01_Reference:CDS	hypothetical protein	NZ_LS483405.1:941017-941439	JECDCPOO_00897

DiscRep_SUB:FEATURE_LOCATION_CONFLICT::Coding region xref gene does not exist
prokka_output/45709_F01_Reference/45709_F01_Reference:CDS	hypothetical protein	NZ_LS483405.1:941439-941633	JECDCPOO_00898

DiscRep_SUB:FEATURE_LOCATION_CONFLICT::Coding region xref gene does not exist
prokka_output/45709_F01_Reference/45709_F01_Reference:CDS	hypothetical protein	NZ_LS483405.1:941729-942751	JECDCPOO_00899

DiscRep_SUB:FEATURE_LOCATION_CONFLICT::Coding region xref gene does not exist
prokka_output/45709_F01_Reference/45709_F01_Reference:CDS	Acetate kinase	NZ_LS483405.1:942768-943958	JECDCPOO_00900

DiscRep_SUB:FEATURE_LOCATION_CONFLICT::Coding region xref gene does not exist
prokka_output/45709_F01_Reference/45709_F01_Reference:CDS	D-serine/D-alanine/glycine transporter	NZ_LS483405.1:944164-945567	JECDCPOO_00901

DiscRep_SUB:FEATURE_LOCATION_CONFLICT::Coding region xref gene does not exist
prokka_output/45709_F01_Reference/45709_F01_Reference:CDS	Methylglyoxal reductase YeaE	NZ_LS483405.1:945690-946538	JECDCPOO_00902

DiscRep_SUB:FEATURE_LOCATION_CONFLICT::Coding region xref gene does not exist
prokka_output/45709_F01_Reference/45709_F01_Reference:CDS	hypothetical protein	NZ_LS483405.1:946553-947161	JECDCPOO_00903

DiscRep_SUB:FEATURE_LOCATION_CONFLICT::Coding region xref gene does not exist
prokka_output/45709_F01_Reference/45709_F01_Reference:CDS	hypothetical protein	NZ_LS483405.1:947224-948606	JECDCPOO_00904

DiscRep_SUB:FEATURE_LOCATION_CONFLICT::Coding region xref gene does not exist
prokka_output/45709_F01_Reference/45709_F01_Reference:CDS	hypothetical protein	NZ_LS483405.1:948627-949289	JECDCPOO_00905

DiscRep_SUB:FEATURE_LOCATION_CONFLICT::Coding region xref gene does not exist
prokka_output/45709_F01_Reference/45709_F01_Reference:CDS	5'-nucleotidase YutF	NZ_LS483405.1:949302-950096	JECDCPOO_00906

DiscRep_SUB:FEATURE_LOCATION_CONFLICT::Coding region xref gene does not exist
prokka_output/45709_F01_Reference/45709_F01_Reference:CDS	hypothetical protein	NZ_LS483405.1:950089-950718	JECDCPOO_00907

DiscRep_SUB:FEATURE_LOCATION_CONFLICT::Coding region xref gene does not exist
prokka_output/45709_F01_Reference/45709_F01_Reference:CDS	hypothetical protein	NZ_LS483405.1:951315-951956	JECDCPOO_00908

DiscRep_SUB:FEATURE_LOCATION_CONFLICT::Coding region xref gene does not exist
prokka_output/45709_F01_Reference/45709_F01_Reference:CDS	hypothetical protein	NZ_LS483405.1:952202-954427	JECDCPOO_00909

DiscRep_SUB:FEATURE_LOCATION_CONFLICT::Coding region xref gene does not exist
prokka_output/45709_F01_Reference/45709_F01_Reference:CDS	hypothetical protein	NZ_LS483405.1:954760-956613	JECDCPOO_00910

DiscRep_SUB:FEATURE_LOCATION_CONFLICT::Coding region xref gene does not exist
prokka_output/45709_F01_Reference/45709_F01_Reference:CDS	Branched-chain amino acid permease BcaP	NZ_LS483405.1:956806-958212	JECDCPOO_00911

DiscRep_SUB:FEATURE_LOCATION_CONFLICT::Coding region xref gene does not exist
prokka_output/45709_F01_Reference/45709_F01_Reference:CDS	(S)-1-Phenylethanol dehydrogenase	NZ_LS483405.1:c959245-958451	JECDCPOO_00912

DiscRep_SUB:FEATURE_LOCATION_CONFLICT::Coding region xref gene does not exist
prokka_output/45709_F01_Reference/45709_F01_Reference:CDS	putative oxidoreductase YtbE	NZ_LS483405.1:c960102-959263	JECDCPOO_00913

DiscRep_SUB:FEATURE_LOCATION_CONFLICT::Coding region xref gene does not exist
prokka_output/45709_F01_Reference/45709_F01_Reference:CDS	hypothetical protein	NZ_LS483405.1:c961082-960225	JECDCPOO_00914

DiscRep_SUB:FEATURE_LOCATION_CONFLICT::Coding region xref gene does not exist
prokka_output/45709_F01_Reference/45709_F01_Reference:CDS	putative HTH-type transcriptional regulator	NZ_LS483405.1:961155-961508	JECDCPOO_00915

DiscRep_SUB:FEATURE_LOCATION_CONFLICT::Coding region xref gene does not exist
prokka_output/45709_F01_Reference/45709_F01_Reference:CDS	DedA family protein	NZ_LS483405.1:c962254-961589	JECDCPOO_00916

DiscRep_SUB:FEATURE_LOCATION_CONFLICT::Coding region xref gene does not exist
prokka_output/45709_F01_Reference/45709_F01_Reference:CDS	putative protein YpjQ	NZ_LS483405.1:c962863-962354	JECDCPOO_00917

DiscRep_SUB:FEATURE_LOCATION_CONFLICT::Coding region xref gene does not exist
prokka_output/45709_F01_Reference/45709_F01_Reference:CDS	Putative peptidyl-prolyl cis-trans isomerase	NZ_LS483405.1:962985-963578	JECDCPOO_00918

DiscRep_SUB:FEATURE_LOCATION_CONFLICT::Coding region xref gene does not exist
prokka_output/45709_F01_Reference/45709_F01_Reference:CDS	General stress protein 13	NZ_LS483405.1:963612-964001	JECDCPOO_00919

DiscRep_SUB:FEATURE_LOCATION_CONFLICT::Coding region xref gene does not exist
prokka_output/45709_F01_Reference/45709_F01_Reference:CDS	hypothetical protein	NZ_LS483405.1:c972302-971100	JECDCPOO_00941

DiscRep_SUB:FEATURE_LOCATION_CONFLICT::Coding region xref gene does not exist
prokka_output/45709_F01_Reference/45709_F01_Reference:CDS	hypothetical protein	NZ_LS483405.1:c972912-972409	JECDCPOO_00942

DiscRep_SUB:FEATURE_LOCATION_CONFLICT::Coding region xref gene does not exist
prokka_output/45709_F01_Reference/45709_F01_Reference:CDS	hypothetical protein	NZ_LS483405.1:973036-973776	JECDCPOO_00943

DiscRep_SUB:FEATURE_LOCATION_CONFLICT::Coding region xref gene does not exist
prokka_output/45709_F01_Reference/45709_F01_Reference:CDS	Global transcriptional regulator Spx	NZ_LS483405.1:973980-974258	JECDCPOO_00944

DiscRep_SUB:FEATURE_LOCATION_CONFLICT::Coding region xref gene does not exist
prokka_output/45709_F01_Reference/45709_F01_Reference:CDS	Adapter protein MecA	NZ_LS483405.1:974535-975257	JECDCPOO_00945

DiscRep_SUB:FEATURE_LOCATION_CONFLICT::Coding region xref gene does not exist
prokka_output/45709_F01_Reference/45709_F01_Reference:CDS	putative cyclic di-GMP phosphodiesterase PdeK	NZ_LS483405.1:975417-976232	JECDCPOO_00946

DiscRep_SUB:FEATURE_LOCATION_CONFLICT::Coding region xref gene does not exist
prokka_output/45709_F01_Reference/45709_F01_Reference:CDS	hypothetical protein	NZ_LS483405.1:976225-976734	JECDCPOO_00947

DiscRep_SUB:FEATURE_LOCATION_CONFLICT::Coding region xref gene does not exist
prokka_output/45709_F01_Reference/45709_F01_Reference:CDS	Poly-beta-1,6-N-acetyl-D-glucosamine synthase	NZ_LS483405.1:976743-978065	JECDCPOO_00948

DiscRep_SUB:FEATURE_LOCATION_CONFLICT::Coding region xref gene does not exist
prokka_output/45709_F01_Reference/45709_F01_Reference:CDS	hypothetical protein	NZ_LS483405.1:c978338-978144	JECDCPOO_00949

DiscRep_SUB:FEATURE_LOCATION_CONFLICT::Coding region xref gene does not exist
prokka_output/45709_F01_Reference/45709_F01_Reference:CDS	tRNA (mnm(5)s(2)U34)-methyltransferase	NZ_LS483405.1:c978961-978395	JECDCPOO_00950

DiscRep_SUB:FEATURE_LOCATION_CONFLICT::Coding region xref gene does not exist
prokka_output/45709_F01_Reference/45709_F01_Reference:CDS	Phosphatidylglycerophosphatase B	NZ_LS483405.1:c979599-978958	JECDCPOO_00951

DiscRep_SUB:FEATURE_LOCATION_CONFLICT::Coding region xref gene does not exist
prokka_output/45709_F01_Reference/45709_F01_Reference:CDS	Leucine--tRNA ligase	NZ_LS483405.1:980040-982469	JECDCPOO_00952

DiscRep_SUB:FEATURE_LOCATION_CONFLICT::Coding region xref gene does not exist
prokka_output/45709_F01_Reference/45709_F01_Reference:CDS	hypothetical protein	NZ_LS483405.1:982720-983475	JECDCPOO_00953

DiscRep_SUB:FEATURE_LOCATION_CONFLICT::Coding region xref gene does not exist
prokka_output/45709_F01_Reference/45709_F01_Reference:CDS	Iron(3+)-hydroxamate import ATP-binding protein FhuC	NZ_LS483405.1:983489-984163	JECDCPOO_00954

DiscRep_SUB:FEATURE_LOCATION_CONFLICT::Coding region xref gene does not exist
prokka_output/45709_F01_Reference/45709_F01_Reference:CDS	hypothetical protein	NZ_LS483405.1:c984993-984229	JECDCPOO_00955

DiscRep_SUB:FEATURE_LOCATION_CONFLICT::Coding region xref gene does not exist
prokka_output/45709_F01_Reference/45709_F01_Reference:CDS	hypothetical protein	NZ_LS483405.1:c985419-985099	JECDCPOO_00956

DiscRep_SUB:FEATURE_LOCATION_CONFLICT::Coding region xref gene does not exist
prokka_output/45709_F01_Reference/45709_F01_Reference:CDS	Lipid II flippase MurJ	NZ_LS483405.1:985641-987275	JECDCPOO_00957

DiscRep_SUB:FEATURE_LOCATION_CONFLICT::Coding region xref gene does not exist
prokka_output/45709_F01_Reference/45709_F01_Reference:CDS	hypothetical protein	NZ_LS483405.1:987287-987976	JECDCPOO_00958

DiscRep_SUB:FEATURE_LOCATION_CONFLICT::Coding region xref gene does not exist
prokka_output/45709_F01_Reference/45709_F01_Reference:CDS	ADP-dependent (S)-NAD(P)H-hydrate dehydratase	NZ_LS483405.1:c988856-988023	JECDCPOO_00959

DiscRep_SUB:FEATURE_LOCATION_CONFLICT::Coding region xref gene does not exist
prokka_output/45709_F01_Reference/45709_F01_Reference:CDS	Putative dipeptidase	NZ_LS483405.1:988998-990398	JECDCPOO_00960

DiscRep_SUB:FEATURE_LOCATION_CONFLICT::Coding region xref gene does not exist
prokka_output/45709_F01_Reference/45709_F01_Reference:CDS	Putative universal stress protein	NZ_LS483405.1:990436-990942	JECDCPOO_00961

DiscRep_SUB:FEATURE_LOCATION_CONFLICT::Coding region xref gene does not exist
prokka_output/45709_F01_Reference/45709_F01_Reference:CDS	Alanine dehydrogenase	NZ_LS483405.1:991154-991309	JECDCPOO_00962

DiscRep_SUB:FEATURE_LOCATION_CONFLICT::Coding region xref gene does not exist
prokka_output/45709_F01_Reference/45709_F01_Reference:CDS	Alanine dehydrogenase	NZ_LS483405.1:991322-992263	JECDCPOO_00963

DiscRep_SUB:FEATURE_LOCATION_CONFLICT::Coding region xref gene does not exist
prokka_output/45709_F01_Reference/45709_F01_Reference:CDS	D-serine/D-alanine/glycine transporter	NZ_LS483405.1:992298-993656	JECDCPOO_00964

DiscRep_SUB:FEATURE_LOCATION_CONFLICT::Coding region xref gene does not exist
prokka_output/45709_F01_Reference/45709_F01_Reference:CDS	hypothetical protein	NZ_LS483405.1:c994088-993762	JECDCPOO_00965

DiscRep_SUB:FEATURE_LOCATION_CONFLICT::Coding region xref gene does not exist
prokka_output/45709_F01_Reference/45709_F01_Reference:CDS	Thioredoxin-like protein YtpP	NZ_LS483405.1:994267-994599	JECDCPOO_00966

DiscRep_SUB:FEATURE_LOCATION_CONFLICT::Coding region xref gene does not exist
prokka_output/45709_F01_Reference/45709_F01_Reference:CDS	Phenylalanine--tRNA ligase beta subunit	NZ_LS483405.1:994623-995261	JECDCPOO_00967

DiscRep_SUB:FEATURE_LOCATION_CONFLICT::Coding region xref gene does not exist
prokka_output/45709_F01_Reference/45709_F01_Reference:CDS	hypothetical protein	NZ_LS483405.1:995471-998368	JECDCPOO_00968

DiscRep_SUB:FEATURE_LOCATION_CONFLICT::Coding region xref gene does not exist
prokka_output/45709_F01_Reference/45709_F01_Reference:CDS	UDP-N-acetylmuramate--L-alanine ligase	NZ_LS483405.1:998502-999833	JECDCPOO_00969

DiscRep_SUB:FEATURE_LOCATION_CONFLICT::Coding region xref gene does not exist
prokka_output/45709_F01_Reference/45709_F01_Reference:CDS	Nicotinamide riboside transporter PnuC	NZ_LS483405.1:1000012-1000740	JECDCPOO_00970

DiscRep_SUB:FEATURE_LOCATION_CONFLICT::Coding region xref gene does not exist
prokka_output/45709_F01_Reference/45709_F01_Reference:CDS	Inner membrane protein YbhL	NZ_LS483405.1:1000889-1001593	JECDCPOO_00971

DiscRep_SUB:FEATURE_LOCATION_CONFLICT::Coding region xref gene does not exist
prokka_output/45709_F01_Reference/45709_F01_Reference:CDS	Nucleobase transporter PlUacP	NZ_LS483405.1:c1003103-1001754	JECDCPOO_00972

DiscRep_SUB:FEATURE_LOCATION_CONFLICT::Coding region xref gene does not exist
prokka_output/45709_F01_Reference/45709_F01_Reference:CDS	Guanine deaminase	NZ_LS483405.1:c1004449-1003103	JECDCPOO_00973

DiscRep_SUB:FEATURE_LOCATION_CONFLICT::Coding region xref gene does not exist
prokka_output/45709_F01_Reference/45709_F01_Reference:CDS	DNA polymerase I	NZ_LS483405.1:1004763-1007423	JECDCPOO_00974

DiscRep_SUB:FEATURE_LOCATION_CONFLICT::Coding region xref gene does not exist
prokka_output/45709_F01_Reference/45709_F01_Reference:CDS	Formamidopyrimidine-DNA glycosylase	NZ_LS483405.1:1007446-1008306	JECDCPOO_00975

DiscRep_SUB:FEATURE_LOCATION_CONFLICT::Coding region xref gene does not exist
prokka_output/45709_F01_Reference/45709_F01_Reference:CDS	Dephospho-CoA kinase	NZ_LS483405.1:1008299-1008928	JECDCPOO_00976

DiscRep_SUB:FEATURE_LOCATION_CONFLICT::Coding region xref gene does not exist
prokka_output/45709_F01_Reference/45709_F01_Reference:CDS	Transcriptional repressor NrdR	NZ_LS483405.1:1008928-1009428	JECDCPOO_00977

DiscRep_SUB:FEATURE_LOCATION_CONFLICT::Coding region xref gene does not exist
prokka_output/45709_F01_Reference/45709_F01_Reference:CDS	Replicative helicase loading/DNA remodeling protein DnaB	NZ_LS483405.1:1009432-1010802	JECDCPOO_00978

DiscRep_SUB:FEATURE_LOCATION_CONFLICT::Coding region xref gene does not exist
prokka_output/45709_F01_Reference/45709_F01_Reference:CDS	Replicative helicase loader DnaI	NZ_LS483405.1:1010806-1011732	JECDCPOO_00979

DiscRep_SUB:FEATURE_LOCATION_CONFLICT::Coding region xref gene does not exist
prokka_output/45709_F01_Reference/45709_F01_Reference:CDS	Threonine--tRNA ligase	NZ_LS483405.1:1012067-1014010	JECDCPOO_00980

DiscRep_SUB:FEATURE_LOCATION_CONFLICT::Coding region xref gene does not exist
prokka_output/45709_F01_Reference/45709_F01_Reference:CDS	Translation initiation factor IF-3	NZ_LS483405.1:1014211-1014774	JECDCPOO_00981

DiscRep_SUB:FEATURE_LOCATION_CONFLICT::Coding region xref gene does not exist
prokka_output/45709_F01_Reference/45709_F01_Reference:CDS	Large ribosomal subunit protein bL35	NZ_LS483405.1:1014824-1015018	JECDCPOO_00982

DiscRep_SUB:FEATURE_LOCATION_CONFLICT::Coding region xref gene does not exist
prokka_output/45709_F01_Reference/45709_F01_Reference:CDS	Large ribosomal subunit protein bL20	NZ_LS483405.1:1015089-1015448	JECDCPOO_00983

DiscRep_SUB:FEATURE_LOCATION_CONFLICT::Coding region xref gene does not exist
prokka_output/45709_F01_Reference/45709_F01_Reference:CDS	hypothetical protein	NZ_LS483405.1:1015803-1017374	JECDCPOO_00984

DiscRep_SUB:FEATURE_LOCATION_CONFLICT::Coding region xref gene does not exist
prokka_output/45709_F01_Reference/45709_F01_Reference:CDS	hypothetical protein	NZ_LS483405.1:1017625-1018167	JECDCPOO_00985

DiscRep_SUB:FEATURE_LOCATION_CONFLICT::Coding region xref gene does not exist
prokka_output/45709_F01_Reference/45709_F01_Reference:CDS	putative protein YqeH	NZ_LS483405.1:1018148-1019290	JECDCPOO_00986

DiscRep_SUB:FEATURE_LOCATION_CONFLICT::Coding region xref gene does not exist
prokka_output/45709_F01_Reference/45709_F01_Reference:CDS	RNA-binding protein	NZ_LS483405.1:1019307-1019615	JECDCPOO_00987

DiscRep_SUB:FEATURE_LOCATION_CONFLICT::Coding region xref gene does not exist
prokka_output/45709_F01_Reference/45709_F01_Reference:CDS	Nicotinate-nucleotide adenylyltransferase	NZ_LS483405.1:1019629-1020261	JECDCPOO_00988

DiscRep_SUB:FEATURE_LOCATION_CONFLICT::Coding region xref gene does not exist
prokka_output/45709_F01_Reference/45709_F01_Reference:CDS	Bis(5'-nucleosyl)-tetraphosphatase, symmetrical	NZ_LS483405.1:1020254-1020847	JECDCPOO_00989

DiscRep_SUB:FEATURE_LOCATION_CONFLICT::Coding region xref gene does not exist
prokka_output/45709_F01_Reference/45709_F01_Reference:CDS	Ribosomal silencing factor RsfS	NZ_LS483405.1:1020873-1021229	JECDCPOO_00990

DiscRep_SUB:FEATURE_LOCATION_CONFLICT::Coding region xref gene does not exist
prokka_output/45709_F01_Reference/45709_F01_Reference:CDS	dTDP-3-amino-3,4,6-trideoxy-alpha-D-glucopyranose N,N-dimethyltransferase	NZ_LS483405.1:1021226-1021969	JECDCPOO_00991

DiscRep_SUB:FEATURE_LOCATION_CONFLICT::Coding region xref gene does not exist
prokka_output/45709_F01_Reference/45709_F01_Reference:CDS	tRNA(Met) cytidine acetate ligase	NZ_LS483405.1:1021971-1023119	JECDCPOO_00992

DiscRep_SUB:FEATURE_LOCATION_CONFLICT::Coding region xref gene does not exist
prokka_output/45709_F01_Reference/45709_F01_Reference:CDS	hypothetical protein	NZ_LS483405.1:1023193-1023747	JECDCPOO_00993

DiscRep_SUB:FEATURE_LOCATION_CONFLICT::Coding region xref gene does not exist
prokka_output/45709_F01_Reference/45709_F01_Reference:CDS	Large ribosomal subunit protein bL32C	NZ_LS483405.1:1023814-1024002	JECDCPOO_00994

DiscRep_SUB:FEATURE_LOCATION_CONFLICT::Coding region xref gene does not exist
prokka_output/45709_F01_Reference/45709_F01_Reference:CDS	Sugar phosphatase YbiV	NZ_LS483405.1:1024108-1024923	JECDCPOO_00995

DiscRep_SUB:FEATURE_LOCATION_CONFLICT::Coding region xref gene does not exist
prokka_output/45709_F01_Reference/45709_F01_Reference:CDS	HTH-type transcriptional repressor CzrA	NZ_LS483405.1:1024938-1025252	JECDCPOO_00996

DiscRep_SUB:FEATURE_LOCATION_CONFLICT::Coding region xref gene does not exist
prokka_output/45709_F01_Reference/45709_F01_Reference:CDS	hypothetical protein	NZ_LS483405.1:1025473-1026126	JECDCPOO_00997

DiscRep_SUB:FEATURE_LOCATION_CONFLICT::Coding region xref gene does not exist
prokka_output/45709_F01_Reference/45709_F01_Reference:CDS	Alcohol dehydrogenase 1	NZ_LS483405.1:c1027266-1026250	JECDCPOO_00998

DiscRep_SUB:FEATURE_LOCATION_CONFLICT::Coding region xref gene does not exist
prokka_output/45709_F01_Reference/45709_F01_Reference:CDS	Response regulator ArlR	NZ_LS483405.1:1027682-1028368	JECDCPOO_00999

DiscRep_SUB:FEATURE_LOCATION_CONFLICT::Coding region xref gene does not exist
prokka_output/45709_F01_Reference/45709_F01_Reference:CDS	Adaptive-response sensory-kinase SasA	NZ_LS483405.1:1028365-1029975	JECDCPOO_01000

DiscRep_SUB:FEATURE_LOCATION_CONFLICT::Coding region xref gene does not exist
prokka_output/45709_F01_Reference/45709_F01_Reference:CDS	hypothetical protein	NZ_LS483405.1:1030124-1030528	JECDCPOO_01001

DiscRep_SUB:FEATURE_LOCATION_CONFLICT::Coding region xref gene does not exist
prokka_output/45709_F01_Reference/45709_F01_Reference:CDS	Membrane protein insertase YidC	NZ_LS483405.1:c1031579-1030677	JECDCPOO_01002

DiscRep_SUB:FEATURE_LOCATION_CONFLICT::Coding region xref gene does not exist
prokka_output/45709_F01_Reference/45709_F01_Reference:CDS	Acylphosphatase	NZ_LS483405.1:c1031954-1031682	JECDCPOO_01003

DiscRep_SUB:FEATURE_LOCATION_CONFLICT::Coding region xref gene does not exist
prokka_output/45709_F01_Reference/45709_F01_Reference:CDS	23S rRNA (guanosine(2553)-2'-O)-methyltransferase RlmP	NZ_LS483405.1:1032061-1032831	JECDCPOO_01004

DiscRep_SUB:FEATURE_LOCATION_CONFLICT::Coding region xref gene does not exist
prokka_output/45709_F01_Reference/45709_F01_Reference:CDS	hypothetical protein	NZ_LS483405.1:1032956-1033453	JECDCPOO_01005

DiscRep_SUB:FEATURE_LOCATION_CONFLICT::Coding region xref gene does not exist
prokka_output/45709_F01_Reference/45709_F01_Reference:CDS	HTH-type transcriptional regulator YodB	NZ_LS483405.1:1033488-1033862	JECDCPOO_01006

DiscRep_SUB:FEATURE_LOCATION_CONFLICT::Coding region xref gene does not exist
prokka_output/45709_F01_Reference/45709_F01_Reference:CDS	Phenylalanine--tRNA ligase alpha subunit	NZ_LS483405.1:1034196-1035242	JECDCPOO_01007

DiscRep_SUB:FEATURE_LOCATION_CONFLICT::Coding region xref gene does not exist
prokka_output/45709_F01_Reference/45709_F01_Reference:CDS	Phenylalanine--tRNA ligase beta subunit	NZ_LS483405.1:1035252-1037660	JECDCPOO_01008

DiscRep_SUB:FEATURE_LOCATION_CONFLICT::Coding region xref gene does not exist
prokka_output/45709_F01_Reference/45709_F01_Reference:CDS	Endolytic murein transglycosylase	NZ_LS483405.1:1037817-1038953	JECDCPOO_01009

DiscRep_SUB:FEATURE_LOCATION_CONFLICT::Coding region xref gene does not exist
prokka_output/45709_F01_Reference/45709_F01_Reference:CDS	Uridine kinase	NZ_LS483405.1:1038966-1039640	JECDCPOO_01010

DiscRep_SUB:FEATURE_LOCATION_CONFLICT::Coding region xref gene does not exist
prokka_output/45709_F01_Reference/45709_F01_Reference:CDS	Transcription elongation factor GreA	NZ_LS483405.1:1039750-1040223	JECDCPOO_01011

DiscRep_SUB:FEATURE_LOCATION_CONFLICT::Coding region xref gene does not exist
prokka_output/45709_F01_Reference/45709_F01_Reference:CDS	Pyruvate dehydrogenase inhibitor	NZ_LS483405.1:1040538-1040846	JECDCPOO_01012

DiscRep_SUB:FEATURE_LOCATION_CONFLICT::Coding region xref gene does not exist
prokka_output/45709_F01_Reference/45709_F01_Reference:CDS	hypothetical protein	NZ_LS483405.1:c1043529-1040899	JECDCPOO_01013

DiscRep_SUB:FEATURE_LOCATION_CONFLICT::Coding region xref gene does not exist
prokka_output/45709_F01_Reference/45709_F01_Reference:CDS	hypothetical protein	NZ_LS483405.1:1043833-1044042	JECDCPOO_01014

DiscRep_SUB:FEATURE_LOCATION_CONFLICT::Coding region xref gene does not exist
prokka_output/45709_F01_Reference/45709_F01_Reference:CDS	Penicillin-binding protein 2B	NZ_LS483405.1:1044309-1046423	JECDCPOO_01015

DiscRep_SUB:FEATURE_LOCATION_CONFLICT::Coding region xref gene does not exist
prokka_output/45709_F01_Reference/45709_F01_Reference:CDS	Large ribosomal subunit protein bL33A	NZ_LS483405.1:1046611-1046760	JECDCPOO_01016

DiscRep_SUB:FEATURE_LOCATION_CONFLICT::Coding region xref gene does not exist
prokka_output/45709_F01_Reference/45709_F01_Reference:CDS	putative protein YqgN	NZ_LS483405.1:1046824-1047372	JECDCPOO_01017

DiscRep_SUB:FEATURE_LOCATION_CONFLICT::Coding region xref gene does not exist
prokka_output/45709_F01_Reference/45709_F01_Reference:CDS	Rhomboid protease GluP	NZ_LS483405.1:1047388-1048068	JECDCPOO_01018

DiscRep_SUB:FEATURE_LOCATION_CONFLICT::Coding region xref gene does not exist
prokka_output/45709_F01_Reference/45709_F01_Reference:CDS	hypothetical protein	NZ_LS483405.1:1048111-1048341	JECDCPOO_01019

DiscRep_SUB:FEATURE_LOCATION_CONFLICT::Coding region xref gene does not exist
prokka_output/45709_F01_Reference/45709_F01_Reference:CDS	Glucokinase	NZ_LS483405.1:1048346-1049317	JECDCPOO_01020

DiscRep_SUB:FEATURE_LOCATION_CONFLICT::Coding region xref gene does not exist
prokka_output/45709_F01_Reference/45709_F01_Reference:CDS	putative protein YibN	NZ_LS483405.1:1049348-1049764	JECDCPOO_01021

DiscRep_SUB:FEATURE_LOCATION_CONFLICT::Coding region xref gene does not exist
prokka_output/45709_F01_Reference/45709_F01_Reference:CDS	hypothetical protein	NZ_LS483405.1:c1049986-1049810	JECDCPOO_01022

DiscRep_SUB:FEATURE_LOCATION_CONFLICT::Coding region xref gene does not exist
prokka_output/45709_F01_Reference/45709_F01_Reference:CDS	Glycerophosphodiester phosphodiesterase	NZ_LS483405.1:1050132-1050887	JECDCPOO_01023

DiscRep_SUB:FEATURE_LOCATION_CONFLICT::Coding region xref gene does not exist
prokka_output/45709_F01_Reference/45709_F01_Reference:CDS	tRNA dimethylallyltransferase	NZ_LS483405.1:1050884-1051807	JECDCPOO_01024

DiscRep_SUB:FEATURE_LOCATION_CONFLICT::Coding region xref gene does not exist
prokka_output/45709_F01_Reference/45709_F01_Reference:CDS	HTH-type transcriptional regulator GlnR	NZ_LS483405.1:1051914-1052300	JECDCPOO_01025

DiscRep_SUB:FEATURE_LOCATION_CONFLICT::Coding region xref gene does not exist
prokka_output/45709_F01_Reference/45709_F01_Reference:CDS	Glutamine synthetase	NZ_LS483405.1:1052342-1053682	JECDCPOO_01026

DiscRep_SUB:FEATURE_LOCATION_CONFLICT::Coding region xref gene does not exist
prokka_output/45709_F01_Reference/45709_F01_Reference:CDS	hypothetical protein	NZ_LS483405.1:1053935-1054807	JECDCPOO_01027

DiscRep_SUB:FEATURE_LOCATION_CONFLICT::Coding region xref gene does not exist
prokka_output/45709_F01_Reference/45709_F01_Reference:CDS	hypothetical protein	NZ_LS483405.1:1054800-1055741	JECDCPOO_01028

DiscRep_SUB:FEATURE_LOCATION_CONFLICT::Coding region xref gene does not exist
prokka_output/45709_F01_Reference/45709_F01_Reference:CDS	hypothetical protein	NZ_LS483405.1:1055756-1056298	JECDCPOO_01029

DiscRep_SUB:FEATURE_LOCATION_CONFLICT::Coding region xref gene does not exist
prokka_output/45709_F01_Reference/45709_F01_Reference:CDS	hypothetical protein	NZ_LS483405.1:1056437-1056964	JECDCPOO_01030

DiscRep_SUB:FEATURE_LOCATION_CONFLICT::Coding region xref gene does not exist
prokka_output/45709_F01_Reference/45709_F01_Reference:CDS	Large ribosomal subunit protein bL21	NZ_LS483405.1:1057128-1057436	JECDCPOO_01031

DiscRep_SUB:FEATURE_LOCATION_CONFLICT::Coding region xref gene does not exist
prokka_output/45709_F01_Reference/45709_F01_Reference:CDS	hypothetical protein	NZ_LS483405.1:1057465-1057803	JECDCPOO_01032

DiscRep_SUB:FEATURE_LOCATION_CONFLICT::Coding region xref gene does not exist
prokka_output/45709_F01_Reference/45709_F01_Reference:CDS	Large ribosomal subunit protein bL27	NZ_LS483405.1:1057823-1058122	JECDCPOO_01033

DiscRep_SUB:FEATURE_LOCATION_CONFLICT::Coding region xref gene does not exist
prokka_output/45709_F01_Reference/45709_F01_Reference:CDS	Aminopeptidase YpdF	NZ_LS483405.1:1058220-1059284	JECDCPOO_01034

DiscRep_SUB:FEATURE_LOCATION_CONFLICT::Coding region xref gene does not exist
prokka_output/45709_F01_Reference/45709_F01_Reference:CDS	Elongation factor P	NZ_LS483405.1:1059361-1059921	JECDCPOO_01035

DiscRep_SUB:FEATURE_LOCATION_CONFLICT::Coding region xref gene does not exist
prokka_output/45709_F01_Reference/45709_F01_Reference:CDS	hypothetical protein	NZ_LS483405.1:1059956-1060396	JECDCPOO_01036

DiscRep_SUB:FEATURE_LOCATION_CONFLICT::Coding region xref gene does not exist
prokka_output/45709_F01_Reference/45709_F01_Reference:CDS	Transcription antitermination protein NusB	NZ_LS483405.1:1060396-1060824	JECDCPOO_01037

DiscRep_SUB:FEATURE_LOCATION_CONFLICT::Coding region xref gene does not exist
prokka_output/45709_F01_Reference/45709_F01_Reference:CDS	Bifunctional protein FolD protein	NZ_LS483405.1:1060974-1061840	JECDCPOO_01038

DiscRep_SUB:FEATURE_LOCATION_CONFLICT::Coding region xref gene does not exist
prokka_output/45709_F01_Reference/45709_F01_Reference:CDS	Exodeoxyribonuclease 7 large subunit	NZ_LS483405.1:1061827-1063182	JECDCPOO_01039

DiscRep_SUB:FEATURE_LOCATION_CONFLICT::Coding region xref gene does not exist
prokka_output/45709_F01_Reference/45709_F01_Reference:CDS	Exodeoxyribonuclease 7 small subunit	NZ_LS483405.1:1063175-1063420	JECDCPOO_01040

DiscRep_SUB:FEATURE_LOCATION_CONFLICT::Coding region xref gene does not exist
prokka_output/45709_F01_Reference/45709_F01_Reference:CDS	Farnesyl diphosphate synthase	NZ_LS483405.1:1063410-1064312	JECDCPOO_01041

DiscRep_SUB:FEATURE_LOCATION_CONFLICT::Coding region xref gene does not exist
prokka_output/45709_F01_Reference/45709_F01_Reference:CDS	hypothetical protein	NZ_LS483405.1:1064313-1065128	JECDCPOO_01042

DiscRep_SUB:FEATURE_LOCATION_CONFLICT::Coding region xref gene does not exist
prokka_output/45709_F01_Reference/45709_F01_Reference:CDS	Arginine repressor	NZ_LS483405.1:1065221-1065676	JECDCPOO_01043

DiscRep_SUB:FEATURE_LOCATION_CONFLICT::Coding region xref gene does not exist
prokka_output/45709_F01_Reference/45709_F01_Reference:CDS	DNA repair protein RecN	NZ_LS483405.1:1065753-1067453	JECDCPOO_01044

DiscRep_SUB:FEATURE_LOCATION_CONFLICT::Coding region xref gene does not exist
prokka_output/45709_F01_Reference/45709_F01_Reference:CDS	hypothetical protein	NZ_LS483405.1:1067694-1069766	JECDCPOO_01045

DiscRep_SUB:FEATURE_LOCATION_CONFLICT::Coding region xref gene does not exist
prokka_output/45709_F01_Reference/45709_F01_Reference:CDS	hypothetical protein	NZ_LS483405.1:1069886-1070347	JECDCPOO_01046

DiscRep_SUB:FEATURE_LOCATION_CONFLICT::Coding region xref gene does not exist
prokka_output/45709_F01_Reference/45709_F01_Reference:CDS	hypothetical protein	NZ_LS483405.1:c1070720-1070397	JECDCPOO_01047

DiscRep_SUB:FEATURE_LOCATION_CONFLICT::Coding region xref gene does not exist
prokka_output/45709_F01_Reference/45709_F01_Reference:CDS	Guanylate kinase	NZ_LS483405.1:1070987-1071601	JECDCPOO_01048

DiscRep_SUB:FEATURE_LOCATION_CONFLICT::Coding region xref gene does not exist
prokka_output/45709_F01_Reference/45709_F01_Reference:CDS	DNA-directed RNA polymerase subunit omega	NZ_LS483405.1:1071605-1071820	JECDCPOO_01049

DiscRep_SUB:FEATURE_LOCATION_CONFLICT::Coding region xref gene does not exist
prokka_output/45709_F01_Reference/45709_F01_Reference:CDS	Coenzyme A biosynthesis bifunctional protein CoaBC	NZ_LS483405.1:1071915-1073126	JECDCPOO_01050

DiscRep_SUB:FEATURE_LOCATION_CONFLICT::Coding region xref gene does not exist
prokka_output/45709_F01_Reference/45709_F01_Reference:CDS	Replication restart protein PriA	NZ_LS483405.1:1073138-1075555	JECDCPOO_01051

DiscRep_SUB:FEATURE_LOCATION_CONFLICT::Coding region xref gene does not exist
prokka_output/45709_F01_Reference/45709_F01_Reference:CDS	Methionyl-tRNA formyltransferase	NZ_LS483405.1:1075578-1076522	JECDCPOO_01052

DiscRep_SUB:FEATURE_LOCATION_CONFLICT::Coding region xref gene does not exist
prokka_output/45709_F01_Reference/45709_F01_Reference:CDS	Ribosomal RNA small subunit methyltransferase B	NZ_LS483405.1:1076522-1077865	JECDCPOO_01053

DiscRep_SUB:FEATURE_LOCATION_CONFLICT::Coding region xref gene does not exist
prokka_output/45709_F01_Reference/45709_F01_Reference:CDS	Serine/threonine phosphatase stp	NZ_LS483405.1:1077877-1078623	JECDCPOO_01054

DiscRep_SUB:FEATURE_LOCATION_CONFLICT::Coding region xref gene does not exist
prokka_output/45709_F01_Reference/45709_F01_Reference:CDS	Serine/threonine-protein kinase PrkC	NZ_LS483405.1:1078623-1080632	JECDCPOO_01055

DiscRep_SUB:FEATURE_LOCATION_CONFLICT::Coding region xref gene does not exist
prokka_output/45709_F01_Reference/45709_F01_Reference:CDS	Small ribosomal subunit biogenesis GTPase RsgA	NZ_LS483405.1:1080749-1081645	JECDCPOO_01056

DiscRep_SUB:FEATURE_LOCATION_CONFLICT::Coding region xref gene does not exist
prokka_output/45709_F01_Reference/45709_F01_Reference:CDS	Ribulose-phosphate 3-epimerase	NZ_LS483405.1:1081658-1082311	JECDCPOO_01057

DiscRep_SUB:FEATURE_LOCATION_CONFLICT::Coding region xref gene does not exist
prokka_output/45709_F01_Reference/45709_F01_Reference:CDS	Thiamine pyrophosphokinase	NZ_LS483405.1:1082311-1082985	JECDCPOO_01058

DiscRep_SUB:FEATURE_LOCATION_CONFLICT::Coding region xref gene does not exist
prokka_output/45709_F01_Reference/45709_F01_Reference:CDS	Large ribosomal subunit protein bL28	NZ_LS483405.1:c1083297-1083112	JECDCPOO_01059

DiscRep_SUB:FEATURE_LOCATION_CONFLICT::Coding region xref gene does not exist
prokka_output/45709_F01_Reference/45709_F01_Reference:CDS	hypothetical protein	NZ_LS483405.1:1083532-1083894	JECDCPOO_01060

DiscRep_SUB:FEATURE_LOCATION_CONFLICT::Coding region xref gene does not exist
prokka_output/45709_F01_Reference/45709_F01_Reference:CDS	hypothetical protein	NZ_LS483405.1:1083927-1085624	JECDCPOO_01061

DiscRep_SUB:FEATURE_LOCATION_CONFLICT::Coding region xref gene does not exist
prokka_output/45709_F01_Reference/45709_F01_Reference:CDS	ATP-dependent DNA helicase RecG	NZ_LS483405.1:1085700-1087733	JECDCPOO_01062

DiscRep_SUB:FEATURE_LOCATION_CONFLICT::Coding region xref gene does not exist
prokka_output/45709_F01_Reference/45709_F01_Reference:CDS	Phosphate acyltransferase	NZ_LS483405.1:1087746-1088783	JECDCPOO_01063

DiscRep_SUB:FEATURE_LOCATION_CONFLICT::Coding region xref gene does not exist
prokka_output/45709_F01_Reference/45709_F01_Reference:CDS	Acyl carrier protein	NZ_LS483405.1:1088871-1089122	JECDCPOO_01064

DiscRep_SUB:FEATURE_LOCATION_CONFLICT::Coding region xref gene does not exist
prokka_output/45709_F01_Reference/45709_F01_Reference:CDS	Ribonuclease 3	NZ_LS483405.1:1089199-1089888	JECDCPOO_01065

DiscRep_SUB:FEATURE_LOCATION_CONFLICT::Coding region xref gene does not exist
prokka_output/45709_F01_Reference/45709_F01_Reference:CDS	Chromosome partition protein Smc	NZ_LS483405.1:1089902-1093453	JECDCPOO_01066

DiscRep_SUB:FEATURE_LOCATION_CONFLICT::Coding region xref gene does not exist
prokka_output/45709_F01_Reference/45709_F01_Reference:CDS	Signal recognition particle receptor FtsY	NZ_LS483405.1:1093459-1094922	JECDCPOO_01067

DiscRep_SUB:FEATURE_LOCATION_CONFLICT::Coding region xref gene does not exist
prokka_output/45709_F01_Reference/45709_F01_Reference:CDS	hypothetical protein	NZ_LS483405.1:1095096-1095437	JECDCPOO_01068

DiscRep_SUB:FEATURE_LOCATION_CONFLICT::Coding region xref gene does not exist
prokka_output/45709_F01_Reference/45709_F01_Reference:CDS	Signal recognition particle protein	NZ_LS483405.1:1095457-1096905	JECDCPOO_01069

DiscRep_SUB:FEATURE_LOCATION_CONFLICT::Coding region xref gene does not exist
prokka_output/45709_F01_Reference/45709_F01_Reference:CDS	Calcium-transporting ATPase 1	NZ_LS483405.1:1097137-1099785	JECDCPOO_01070

DiscRep_SUB:FEATURE_LOCATION_CONFLICT::Coding region xref gene does not exist
prokka_output/45709_F01_Reference/45709_F01_Reference:CDS	hypothetical protein	NZ_LS483405.1:1099936-1101108	JECDCPOO_01071

DiscRep_SUB:FEATURE_LOCATION_CONFLICT::Coding region xref gene does not exist
prokka_output/45709_F01_Reference/45709_F01_Reference:CDS	hypothetical protein	NZ_LS483405.1:1101111-1102424	JECDCPOO_01072

DiscRep_SUB:FEATURE_LOCATION_CONFLICT::Coding region xref gene does not exist
prokka_output/45709_F01_Reference/45709_F01_Reference:CDS	hypothetical protein	NZ_LS483405.1:1102421-1102714	JECDCPOO_01073

DiscRep_SUB:FEATURE_LOCATION_CONFLICT::Coding region xref gene does not exist
prokka_output/45709_F01_Reference/45709_F01_Reference:CDS	Small ribosomal subunit protein bS16	NZ_LS483405.1:1102802-1103077	JECDCPOO_01074

DiscRep_SUB:FEATURE_LOCATION_CONFLICT::Coding region xref gene does not exist
prokka_output/45709_F01_Reference/45709_F01_Reference:CDS	RNA-binding protein KhpA	NZ_LS483405.1:1103087-1103347	JECDCPOO_01075

DiscRep_SUB:FEATURE_LOCATION_CONFLICT::Coding region xref gene does not exist
prokka_output/45709_F01_Reference/45709_F01_Reference:CDS	Ribosome maturation factor RimM	NZ_LS483405.1:1103441-1103959	JECDCPOO_01076

DiscRep_SUB:FEATURE_LOCATION_CONFLICT::Coding region xref gene does not exist
prokka_output/45709_F01_Reference/45709_F01_Reference:CDS	tRNA (guanine-N(1)-)-methyltransferase	NZ_LS483405.1:1103959-1104723	JECDCPOO_01077

DiscRep_SUB:FEATURE_LOCATION_CONFLICT::Coding region xref gene does not exist
prokka_output/45709_F01_Reference/45709_F01_Reference:CDS	Large ribosomal subunit protein bL19	NZ_LS483405.1:1104837-1105193	JECDCPOO_01078

DiscRep_SUB:FEATURE_LOCATION_CONFLICT::Coding region xref gene does not exist
prokka_output/45709_F01_Reference/45709_F01_Reference:CDS	hypothetical protein	NZ_LS483405.1:1105394-1106986	JECDCPOO_01079

DiscRep_SUB:FEATURE_LOCATION_CONFLICT::Coding region xref gene does not exist
prokka_output/45709_F01_Reference/45709_F01_Reference:CDS	3-hydroxyacyl-[acyl-carrier-protein] dehydratase FabZ	NZ_LS483405.1:1107364-1107810	JECDCPOO_01080

DiscRep_SUB:FEATURE_LOCATION_CONFLICT::Coding region xref gene does not exist
prokka_output/45709_F01_Reference/45709_F01_Reference:CDS	hypothetical protein	NZ_LS483405.1:1107835-1108302	JECDCPOO_01081

DiscRep_SUB:FEATURE_LOCATION_CONFLICT::Coding region xref gene does not exist
prokka_output/45709_F01_Reference/45709_F01_Reference:CDS	Beta-ketoacyl-[acyl-carrier-protein] synthase III	NZ_LS483405.1:1108299-1109282	JECDCPOO_01082

DiscRep_SUB:FEATURE_LOCATION_CONFLICT::Coding region xref gene does not exist
prokka_output/45709_F01_Reference/45709_F01_Reference:CDS	Acyl carrier protein	NZ_LS483405.1:1109305-1109553	JECDCPOO_01083

DiscRep_SUB:FEATURE_LOCATION_CONFLICT::Coding region xref gene does not exist
prokka_output/45709_F01_Reference/45709_F01_Reference:CDS	Malonyl CoA-acyl carrier protein transacylase	NZ_LS483405.1:1109563-1110477	JECDCPOO_01084

DiscRep_SUB:FEATURE_LOCATION_CONFLICT::Coding region xref gene does not exist
prokka_output/45709_F01_Reference/45709_F01_Reference:CDS	3-oxoacyl-[acyl-carrier-protein] reductase FabG	NZ_LS483405.1:1110477-1111202	JECDCPOO_01085

DiscRep_SUB:FEATURE_LOCATION_CONFLICT::Coding region xref gene does not exist
prokka_output/45709_F01_Reference/45709_F01_Reference:CDS	3-oxoacyl-[acyl-carrier-protein] synthase 2	NZ_LS483405.1:1111219-1112445	JECDCPOO_01086

DiscRep_SUB:FEATURE_LOCATION_CONFLICT::Coding region xref gene does not exist
prokka_output/45709_F01_Reference/45709_F01_Reference:CDS	Biotin carboxyl carrier protein of acetyl-CoA carboxylase	NZ_LS483405.1:1112451-1112876	JECDCPOO_01087

DiscRep_SUB:FEATURE_LOCATION_CONFLICT::Coding region xref gene does not exist
prokka_output/45709_F01_Reference/45709_F01_Reference:CDS	3-hydroxyacyl-[acyl-carrier-protein] dehydratase FabZ	NZ_LS483405.1:1112891-1113301	JECDCPOO_01088

DiscRep_SUB:FEATURE_LOCATION_CONFLICT::Coding region xref gene does not exist
prokka_output/45709_F01_Reference/45709_F01_Reference:CDS	2-oxoglutarate carboxylase small subunit	NZ_LS483405.1:1113298-1114719	JECDCPOO_01089

DiscRep_SUB:FEATURE_LOCATION_CONFLICT::Coding region xref gene does not exist
prokka_output/45709_F01_Reference/45709_F01_Reference:CDS	Acetyl-coenzyme A carboxylase carboxyl transferase subunit beta	NZ_LS483405.1:1114676-1115509	JECDCPOO_01090

DiscRep_SUB:FEATURE_LOCATION_CONFLICT::Coding region xref gene does not exist
prokka_output/45709_F01_Reference/45709_F01_Reference:CDS	Acetyl-coenzyme A carboxylase carboxyl transferase subunit alpha	NZ_LS483405.1:1115509-1116276	JECDCPOO_01091

DiscRep_SUB:FEATURE_LOCATION_CONFLICT::Coding region xref gene does not exist
prokka_output/45709_F01_Reference/45709_F01_Reference:CDS	Enoyl-[acyl-carrier-protein] reductase [NADH] FabI	NZ_LS483405.1:1116307-1117065	JECDCPOO_01092

DiscRep_SUB:FEATURE_LOCATION_CONFLICT::Coding region xref gene does not exist
prokka_output/45709_F01_Reference/45709_F01_Reference:CDS	Bifunctional ligase/repressor BirA	NZ_LS483405.1:1117078-1117869	JECDCPOO_01093

DiscRep_SUB:FEATURE_LOCATION_CONFLICT::Coding region xref gene does not exist
prokka_output/45709_F01_Reference/45709_F01_Reference:CDS	Biotin transporter BioY	NZ_LS483405.1:1117880-1118401	JECDCPOO_01094

DiscRep_SUB:FEATURE_LOCATION_CONFLICT::Coding region xref gene does not exist
prokka_output/45709_F01_Reference/45709_F01_Reference:CDS	hypothetical protein	NZ_LS483405.1:1118648-1118968	JECDCPOO_01095

DiscRep_SUB:FEATURE_LOCATION_CONFLICT::Coding region xref gene does not exist
prokka_output/45709_F01_Reference/45709_F01_Reference:CDS	hypothetical protein	NZ_LS483405.1:1119280-1119795	JECDCPOO_01096

DiscRep_SUB:FEATURE_LOCATION_CONFLICT::Coding region xref gene does not exist
prokka_output/45709_F01_Reference/45709_F01_Reference:CDS	3-ketodihydrosphingosine reductase	NZ_LS483405.1:1120119-1120955	JECDCPOO_01097

DiscRep_SUB:FEATURE_LOCATION_CONFLICT::Coding region xref gene does not exist
prokka_output/45709_F01_Reference/45709_F01_Reference:CDS	putative HTH-type transcriptional regulator	NZ_LS483405.1:c1121368-1120964	JECDCPOO_01098

DiscRep_SUB:FEATURE_LOCATION_CONFLICT::Coding region xref gene does not exist
prokka_output/45709_F01_Reference/45709_F01_Reference:CDS	hypothetical protein	NZ_LS483405.1:c1121943-1121458	JECDCPOO_01099

DiscRep_SUB:FEATURE_LOCATION_CONFLICT::Coding region xref gene does not exist
prokka_output/45709_F01_Reference/45709_F01_Reference:CDS	Riboflavin transporter RibZ	NZ_LS483405.1:1122052-1123485	JECDCPOO_01100

DiscRep_SUB:FEATURE_LOCATION_CONFLICT::Coding region xref gene does not exist
prokka_output/45709_F01_Reference/45709_F01_Reference:CDS	hypothetical protein	NZ_LS483405.1:1123472-1124065	JECDCPOO_01101

DiscRep_SUB:FEATURE_LOCATION_CONFLICT::Coding region xref gene does not exist
prokka_output/45709_F01_Reference/45709_F01_Reference:CDS	hypothetical protein	NZ_LS483405.1:c1124572-1124126	JECDCPOO_01102

DiscRep_SUB:FEATURE_LOCATION_CONFLICT::Coding region xref gene does not exist
prokka_output/45709_F01_Reference/45709_F01_Reference:CDS	putative HTH-type transcriptional regulator	NZ_LS483405.1:c1125015-1124569	JECDCPOO_01103

DiscRep_SUB:FEATURE_LOCATION_CONFLICT::Coding region xref gene does not exist
prokka_output/45709_F01_Reference/45709_F01_Reference:CDS	hypothetical protein	NZ_LS483405.1:c1125629-1125177	JECDCPOO_01104

DiscRep_SUB:FEATURE_LOCATION_CONFLICT::Coding region xref gene does not exist
prokka_output/45709_F01_Reference/45709_F01_Reference:CDS	Multidrug export protein EmrB	NZ_LS483405.1:1125751-1127190	JECDCPOO_01105

DiscRep_SUB:FEATURE_LOCATION_CONFLICT::Coding region xref gene does not exist
prokka_output/45709_F01_Reference/45709_F01_Reference:CDS	hypothetical protein	NZ_LS483405.1:1127320-1127631	JECDCPOO_01106

DiscRep_SUB:FEATURE_LOCATION_CONFLICT::Coding region xref gene does not exist
prokka_output/45709_F01_Reference/45709_F01_Reference:CDS	hypothetical protein	NZ_LS483405.1:1127939-1129723	JECDCPOO_01107

DiscRep_SUB:FEATURE_LOCATION_CONFLICT::Coding region xref gene does not exist
prokka_output/45709_F01_Reference/45709_F01_Reference:CDS	hypothetical protein	NZ_LS483405.1:c1130787-1129825	JECDCPOO_01108

DiscRep_SUB:FEATURE_LOCATION_CONFLICT::Coding region xref gene does not exist
prokka_output/45709_F01_Reference/45709_F01_Reference:CDS	hypothetical protein	NZ_LS483405.1:c1131395-1131165	JECDCPOO_01109

DiscRep_SUB:FEATURE_LOCATION_CONFLICT::Coding region xref gene does not exist
prokka_output/45709_F01_Reference/45709_F01_Reference:CDS	hypothetical protein	NZ_LS483405.1:c1131727-1131611	JECDCPOO_01110

DiscRep_SUB:FEATURE_LOCATION_CONFLICT::Coding region xref gene does not exist
prokka_output/45709_F01_Reference/45709_F01_Reference:CDS	putative protease YdeA	NZ_LS483405.1:1132043-1132633	JECDCPOO_01111

DiscRep_SUB:FEATURE_LOCATION_CONFLICT::Coding region xref gene does not exist
prokka_output/45709_F01_Reference/45709_F01_Reference:CDS	hypothetical protein	NZ_LS483405.1:1132646-1132999	JECDCPOO_01112

DiscRep_SUB:FEATURE_LOCATION_CONFLICT::Coding region xref gene does not exist
prokka_output/45709_F01_Reference/45709_F01_Reference:CDS	Aryl-alcohol dehydrogenase	NZ_LS483405.1:c1134187-1133099	JECDCPOO_01113

DiscRep_SUB:FEATURE_LOCATION_CONFLICT::Coding region xref gene does not exist
prokka_output/45709_F01_Reference/45709_F01_Reference:CDS	HTH-type transcriptional regulator HdfR	NZ_LS483405.1:1134306-1135202	JECDCPOO_01114

DiscRep_SUB:FEATURE_LOCATION_CONFLICT::Coding region xref gene does not exist
prokka_output/45709_F01_Reference/45709_F01_Reference:CDS	1-deoxyxylulose-5-phosphate synthase YajO	NZ_LS483405.1:1135745-1136767	JECDCPOO_01115

DiscRep_SUB:FEATURE_LOCATION_CONFLICT::Coding region xref gene does not exist
prokka_output/45709_F01_Reference/45709_F01_Reference:CDS	Nitroreductase NfnB	NZ_LS483405.1:1136901-1137551	JECDCPOO_01116

DiscRep_SUB:FEATURE_LOCATION_CONFLICT::Coding region xref gene does not exist
prokka_output/45709_F01_Reference/45709_F01_Reference:CDS	hypothetical protein	NZ_LS483405.1:1137640-1138125	JECDCPOO_01117

DiscRep_SUB:FEATURE_LOCATION_CONFLICT::Coding region xref gene does not exist
prokka_output/45709_F01_Reference/45709_F01_Reference:CDS	Vegetative catalase	NZ_LS483405.1:1138491-1139957	JECDCPOO_01118

DiscRep_SUB:FEATURE_LOCATION_CONFLICT::Coding region xref gene does not exist
prokka_output/45709_F01_Reference/45709_F01_Reference:CDS	hypothetical protein	NZ_LS483405.1:c1140596-1140051	JECDCPOO_01119

DiscRep_SUB:FEATURE_LOCATION_CONFLICT::Coding region xref gene does not exist
prokka_output/45709_F01_Reference/45709_F01_Reference:CDS	hypothetical protein	NZ_LS483405.1:c1141223-1140801	JECDCPOO_01120

DiscRep_SUB:FEATURE_LOCATION_CONFLICT::Coding region xref gene does not exist
prokka_output/45709_F01_Reference/45709_F01_Reference:CDS	NADH peroxidase	NZ_LS483405.1:c1142564-1141302	JECDCPOO_01121

DiscRep_SUB:FEATURE_LOCATION_CONFLICT::Coding region xref gene does not exist
prokka_output/45709_F01_Reference/45709_F01_Reference:CDS	hypothetical protein	NZ_LS483405.1:1142696-1143292	JECDCPOO_01122

DiscRep_SUB:FEATURE_LOCATION_CONFLICT::Coding region xref gene does not exist
prokka_output/45709_F01_Reference/45709_F01_Reference:CDS	hypothetical protein	NZ_LS483405.1:c1144201-1143377	JECDCPOO_01123

DiscRep_SUB:FEATURE_LOCATION_CONFLICT::Coding region xref gene does not exist
prokka_output/45709_F01_Reference/45709_F01_Reference:CDS	Inner membrane transporter YjeM	NZ_LS483405.1:c1145874-1144366	JECDCPOO_01124

DiscRep_SUB:FEATURE_LOCATION_CONFLICT::Coding region xref gene does not exist
prokka_output/45709_F01_Reference/45709_F01_Reference:CDS	Dipeptidase A	NZ_LS483405.1:c1147335-1145920	JECDCPOO_01125

DiscRep_SUB:FEATURE_LOCATION_CONFLICT::Coding region xref gene does not exist
prokka_output/45709_F01_Reference/45709_F01_Reference:CDS	hypothetical protein	NZ_LS483405.1:1147606-1148499	JECDCPOO_01126

DiscRep_SUB:FEATURE_LOCATION_CONFLICT::Coding region xref gene does not exist
prokka_output/45709_F01_Reference/45709_F01_Reference:CDS	putative tautomerase.1	NZ_LS483405.1:1148582-1148770	JECDCPOO_01127

DiscRep_SUB:FEATURE_LOCATION_CONFLICT::Coding region xref gene does not exist
prokka_output/45709_F01_Reference/45709_F01_Reference:CDS	Glycerol kinase	NZ_LS483405.1:1148946-1150448	JECDCPOO_01128

DiscRep_SUB:FEATURE_LOCATION_CONFLICT::Coding region xref gene does not exist
prokka_output/45709_F01_Reference/45709_F01_Reference:CDS	hypothetical protein	NZ_LS483405.1:1150621-1151196	JECDCPOO_01129

DiscRep_SUB:FEATURE_LOCATION_CONFLICT::Coding region xref gene does not exist
prokka_output/45709_F01_Reference/45709_F01_Reference:CDS	hypothetical protein	NZ_LS483405.1:1151216-1151419	JECDCPOO_01130

DiscRep_SUB:FEATURE_LOCATION_CONFLICT::Coding region xref gene does not exist
prokka_output/45709_F01_Reference/45709_F01_Reference:CDS	hypothetical protein	NZ_LS483405.1:1151732-1152952	JECDCPOO_01131

DiscRep_SUB:FEATURE_LOCATION_CONFLICT::Coding region xref gene does not exist
prokka_output/45709_F01_Reference/45709_F01_Reference:CDS	hypothetical protein	NZ_LS483405.1:1153070-1153669	JECDCPOO_01132

DiscRep_SUB:FEATURE_LOCATION_CONFLICT::Coding region xref gene does not exist
prokka_output/45709_F01_Reference/45709_F01_Reference:CDS	hypothetical protein	NZ_LS483405.1:1153669-1155030	JECDCPOO_01133

DiscRep_SUB:FEATURE_LOCATION_CONFLICT::Coding region xref gene does not exist
prokka_output/45709_F01_Reference/45709_F01_Reference:CDS	hypothetical protein	NZ_LS483405.1:1155033-1155461	JECDCPOO_01134

DiscRep_SUB:FEATURE_LOCATION_CONFLICT::Coding region xref gene does not exist
prokka_output/45709_F01_Reference/45709_F01_Reference:CDS	hypothetical protein	NZ_LS483405.1:1155454-1157040	JECDCPOO_01135

DiscRep_SUB:FEATURE_LOCATION_CONFLICT::Coding region xref gene does not exist
prokka_output/45709_F01_Reference/45709_F01_Reference:CDS	Macrolide export ATP-binding/permease protein MacB	NZ_LS483405.1:c1159134-1157131	JECDCPOO_01136

DiscRep_SUB:FEATURE_LOCATION_CONFLICT::Coding region xref gene does not exist
prokka_output/45709_F01_Reference/45709_F01_Reference:CDS	HTH-type transcriptional regulator BetI	NZ_LS483405.1:1159320-1159904	JECDCPOO_01137

DiscRep_SUB:FEATURE_LOCATION_CONFLICT::Coding region xref gene does not exist
prokka_output/45709_F01_Reference/45709_F01_Reference:CDS	Arsenate reductase	NZ_LS483405.1:1159901-1160299	JECDCPOO_01138

DiscRep_SUB:FEATURE_LOCATION_CONFLICT::Coding region xref gene does not exist
prokka_output/45709_F01_Reference/45709_F01_Reference:CDS	hypothetical protein	NZ_LS483405.1:1160511-1160762	JECDCPOO_01139

DiscRep_SUB:FEATURE_LOCATION_CONFLICT::Coding region xref gene does not exist
prokka_output/45709_F01_Reference/45709_F01_Reference:CDS	hypothetical protein	NZ_LS483405.1:1160871-1161131	JECDCPOO_01140

DiscRep_SUB:FEATURE_LOCATION_CONFLICT::Coding region xref gene does not exist
prokka_output/45709_F01_Reference/45709_F01_Reference:CDS	hypothetical protein	NZ_LS483405.1:1161223-1161903	JECDCPOO_01141

DiscRep_SUB:FEATURE_LOCATION_CONFLICT::Coding region xref gene does not exist
prokka_output/45709_F01_Reference/45709_F01_Reference:CDS	hypothetical protein	NZ_LS483405.1:1161992-1162249	JECDCPOO_01142

DiscRep_SUB:FEATURE_LOCATION_CONFLICT::Coding region xref gene does not exist
prokka_output/45709_F01_Reference/45709_F01_Reference:CDS	putative multidrug ABC transporter ATP-binding protein YbhF	NZ_LS483405.1:1162742-1163467	JECDCPOO_01143

DiscRep_SUB:FEATURE_LOCATION_CONFLICT::Coding region xref gene does not exist
prokka_output/45709_F01_Reference/45709_F01_Reference:CDS	Linearmycin resistance permease protein LnrN	NZ_LS483405.1:1163464-1164642	JECDCPOO_01144

DiscRep_SUB:FEATURE_LOCATION_CONFLICT::Coding region xref gene does not exist
prokka_output/45709_F01_Reference/45709_F01_Reference:CDS	hypothetical protein	NZ_LS483405.1:1164690-1165328	JECDCPOO_01145

DiscRep_SUB:FEATURE_LOCATION_CONFLICT::Coding region xref gene does not exist
prokka_output/45709_F01_Reference/45709_F01_Reference:CDS	L-lactate oxidase	NZ_LS483405.1:1165500-1166603	JECDCPOO_01146

DiscRep_SUB:FEATURE_LOCATION_CONFLICT::Coding region xref gene does not exist
prokka_output/45709_F01_Reference/45709_F01_Reference:CDS	hypothetical protein	NZ_LS483405.1:1166636-1166989	JECDCPOO_01147

DiscRep_SUB:FEATURE_LOCATION_CONFLICT::Coding region xref gene does not exist
prokka_output/45709_F01_Reference/45709_F01_Reference:CDS	Sodium, potassium, lithium and rubidium/H(+) antiporter	NZ_LS483405.1:1167065-1169041	JECDCPOO_01148

DiscRep_SUB:FEATURE_LOCATION_CONFLICT::Coding region xref gene does not exist
prokka_output/45709_F01_Reference/45709_F01_Reference:CDS	putative transporter YycB	NZ_LS483405.1:c1170214-1169087	JECDCPOO_01149

DiscRep_SUB:FEATURE_LOCATION_CONFLICT::Coding region xref gene does not exist
prokka_output/45709_F01_Reference/45709_F01_Reference:CDS	Low affinity potassium transport system protein Kup	NZ_LS483405.1:1170536-1172563	JECDCPOO_01150

DiscRep_SUB:FEATURE_LOCATION_CONFLICT::Coding region xref gene does not exist
prokka_output/45709_F01_Reference/45709_F01_Reference:CDS	hypothetical protein	NZ_LS483405.1:1172674-1173633	JECDCPOO_01151

DiscRep_SUB:FEATURE_LOCATION_CONFLICT::Coding region xref gene does not exist
prokka_output/45709_F01_Reference/45709_F01_Reference:CDS	hypothetical protein	NZ_LS483405.1:c1174749-1173730	JECDCPOO_01152

DiscRep_SUB:FEATURE_LOCATION_CONFLICT::Coding region xref gene does not exist
prokka_output/45709_F01_Reference/45709_F01_Reference:CDS	putative HTH-type transcriptional regulator	NZ_LS483405.1:1174850-1175296	JECDCPOO_01153

DiscRep_SUB:FEATURE_LOCATION_CONFLICT::Coding region xref gene does not exist
prokka_output/45709_F01_Reference/45709_F01_Reference:CDS	hypothetical protein	NZ_LS483405.1:1175372-1175800	JECDCPOO_01154

DiscRep_SUB:FEATURE_LOCATION_CONFLICT::Coding region xref gene does not exist
prokka_output/45709_F01_Reference/45709_F01_Reference:CDS	hypothetical protein	NZ_LS483405.1:1175803-1176105	JECDCPOO_01155

DiscRep_SUB:FEATURE_LOCATION_CONFLICT::Coding region xref gene does not exist
prokka_output/45709_F01_Reference/45709_F01_Reference:CDS	Alcohol dehydrogenase	NZ_LS483405.1:c1177238-1176195	JECDCPOO_01156

DiscRep_SUB:FEATURE_LOCATION_CONFLICT::Coding region xref gene does not exist
prokka_output/45709_F01_Reference/45709_F01_Reference:CDS	hypothetical protein	NZ_LS483405.1:c1178250-1177378	JECDCPOO_01157

DiscRep_SUB:FEATURE_LOCATION_CONFLICT::Coding region xref gene does not exist
prokka_output/45709_F01_Reference/45709_F01_Reference:CDS	Morphine 6-dehydrogenase	NZ_LS483405.1:1178374-1179249	JECDCPOO_01158

DiscRep_SUB:FEATURE_LOCATION_CONFLICT::Coding region xref gene does not exist
prokka_output/45709_F01_Reference/45709_F01_Reference:CDS	Aldo-keto reductase/MSMEI_2347	NZ_LS483405.1:1179252-1180115	JECDCPOO_01159

DiscRep_SUB:FEATURE_LOCATION_CONFLICT::Coding region xref gene does not exist
prokka_output/45709_F01_Reference/45709_F01_Reference:CDS	hypothetical protein	NZ_LS483405.1:c1180604-1180140	JECDCPOO_01160

DiscRep_SUB:FEATURE_LOCATION_CONFLICT::Coding region xref gene does not exist
prokka_output/45709_F01_Reference/45709_F01_Reference:CDS	putative succinyl-diaminopimelate desuccinylase	NZ_LS483405.1:1180702-1181862	JECDCPOO_01161

DiscRep_SUB:FEATURE_LOCATION_CONFLICT::Coding region xref gene does not exist
prokka_output/45709_F01_Reference/45709_F01_Reference:CDS	5-amino-6-(5-phospho-D-ribitylamino)uracil phosphatase YitU	NZ_LS483405.1:c1182731-1181919	JECDCPOO_01162

DiscRep_SUB:FEATURE_LOCATION_CONFLICT::Coding region xref gene does not exist
prokka_output/45709_F01_Reference/45709_F01_Reference:CDS	Ribosomal RNA small subunit methyltransferase F	NZ_LS483405.1:1182938-1184299	JECDCPOO_01163

DiscRep_SUB:FEATURE_LOCATION_CONFLICT::Coding region xref gene does not exist
prokka_output/45709_F01_Reference/45709_F01_Reference:CDS	Isopentenyl-diphosphate delta-isomerase	NZ_LS483405.1:c1185387-1184350	JECDCPOO_01164

DiscRep_SUB:FEATURE_LOCATION_CONFLICT::Coding region xref gene does not exist
prokka_output/45709_F01_Reference/45709_F01_Reference:CDS	Phosphomevalonate kinase	NZ_LS483405.1:c1186474-1185401	JECDCPOO_01165

DiscRep_SUB:FEATURE_LOCATION_CONFLICT::Coding region xref gene does not exist
prokka_output/45709_F01_Reference/45709_F01_Reference:CDS	Homoserine kinase	NZ_LS483405.1:c1187503-1186529	JECDCPOO_01166

DiscRep_SUB:FEATURE_LOCATION_CONFLICT::Coding region xref gene does not exist
prokka_output/45709_F01_Reference/45709_F01_Reference:CDS	Galactokinase	NZ_LS483405.1:c1188447-1187500	JECDCPOO_01167

DiscRep_SUB:FEATURE_LOCATION_CONFLICT::Coding region xref gene does not exist
prokka_output/45709_F01_Reference/45709_F01_Reference:CDS	3'-5' exonuclease DinG	NZ_LS483405.1:1188712-1191552	JECDCPOO_01168

DiscRep_SUB:FEATURE_LOCATION_CONFLICT::Coding region xref gene does not exist
prokka_output/45709_F01_Reference/45709_F01_Reference:CDS	hypothetical protein	NZ_LS483405.1:1191610-1192113	JECDCPOO_01169

DiscRep_SUB:FEATURE_LOCATION_CONFLICT::Coding region xref gene does not exist
prokka_output/45709_F01_Reference/45709_F01_Reference:CDS	Asparagine--oxo-acid transaminase	NZ_LS483405.1:1192134-1193315	JECDCPOO_01170

DiscRep_SUB:FEATURE_LOCATION_CONFLICT::Coding region xref gene does not exist
prokka_output/45709_F01_Reference/45709_F01_Reference:CDS	Replicative helicase loading/DNA remodeling protein DnaD	NZ_LS483405.1:1193398-1194093	JECDCPOO_01171

DiscRep_SUB:FEATURE_LOCATION_CONFLICT::Coding region xref gene does not exist
prokka_output/45709_F01_Reference/45709_F01_Reference:CDS	hypothetical protein	NZ_LS483405.1:1194254-1194397	JECDCPOO_01172

DiscRep_SUB:FEATURE_LOCATION_CONFLICT::Coding region xref gene does not exist
prokka_output/45709_F01_Reference/45709_F01_Reference:CDS	hypothetical protein	NZ_LS483405.1:1194524-1194916	JECDCPOO_01173

DiscRep_SUB:FEATURE_LOCATION_CONFLICT::Coding region xref gene does not exist
prokka_output/45709_F01_Reference/45709_F01_Reference:CDS	hypothetical protein	NZ_LS483405.1:1195068-1195193	JECDCPOO_01174

DiscRep_SUB:FEATURE_LOCATION_CONFLICT::Coding region xref gene does not exist
prokka_output/45709_F01_Reference/45709_F01_Reference:CDS	Catabolite control protein B	NZ_LS483405.1:1195263-1196006	JECDCPOO_01175

DiscRep_SUB:FEATURE_LOCATION_CONFLICT::Coding region xref gene does not exist
prokka_output/45709_F01_Reference/45709_F01_Reference:CDS	Penicillin-binding protein 1A	NZ_LS483405.1:c1198413-1196107	JECDCPOO_01176

DiscRep_SUB:FEATURE_LOCATION_CONFLICT::Coding region xref gene does not exist
prokka_output/45709_F01_Reference/45709_F01_Reference:CDS	Holliday junction resolvase RecU	NZ_LS483405.1:c1199063-1198458	JECDCPOO_01177

DiscRep_SUB:FEATURE_LOCATION_CONFLICT::Coding region xref gene does not exist
prokka_output/45709_F01_Reference/45709_F01_Reference:CDS	hypothetical protein	NZ_LS483405.1:1199267-1199836	JECDCPOO_01178

DiscRep_SUB:FEATURE_LOCATION_CONFLICT::Coding region xref gene does not exist
prokka_output/45709_F01_Reference/45709_F01_Reference:CDS	Cell cycle protein GpsB	NZ_LS483405.1:1199892-1200245	JECDCPOO_01179

DiscRep_SUB:FEATURE_LOCATION_CONFLICT::Coding region xref gene does not exist
prokka_output/45709_F01_Reference/45709_F01_Reference:CDS	hypothetical protein	NZ_LS483405.1:1200308-1200433	JECDCPOO_01180

DiscRep_SUB:FEATURE_LOCATION_CONFLICT::Coding region xref gene does not exist
prokka_output/45709_F01_Reference/45709_F01_Reference:CDS	Putative RNA methyltransferase YpsC	NZ_LS483405.1:1200743-1201885	JECDCPOO_01181

DiscRep_SUB:FEATURE_LOCATION_CONFLICT::Coding region xref gene does not exist
prokka_output/45709_F01_Reference/45709_F01_Reference:CDS	hypothetical protein	NZ_LS483405.1:1201948-1202271	JECDCPOO_01182

DiscRep_SUB:FEATURE_LOCATION_CONFLICT::Coding region xref gene does not exist
prokka_output/45709_F01_Reference/45709_F01_Reference:CDS	Ammonium transporter	NZ_LS483405.1:1202437-1203786	JECDCPOO_01183

DiscRep_SUB:FEATURE_LOCATION_CONFLICT::Coding region xref gene does not exist
prokka_output/45709_F01_Reference/45709_F01_Reference:CDS	hypothetical protein	NZ_LS483405.1:1203903-1204103	JECDCPOO_01184

DiscRep_SUB:FEATURE_LOCATION_CONFLICT::Coding region xref gene does not exist
prokka_output/45709_F01_Reference/45709_F01_Reference:CDS	hypothetical protein	NZ_LS483405.1:c1205016-1204150	JECDCPOO_01185

DiscRep_SUB:FEATURE_LOCATION_CONFLICT::Coding region xref gene does not exist
prokka_output/45709_F01_Reference/45709_F01_Reference:CDS	Putative NAD(P)H-dependent FMN-containing oxidoreductase YwqN	NZ_LS483405.1:1205116-1205664	JECDCPOO_01186

DiscRep_SUB:FEATURE_LOCATION_CONFLICT::Coding region xref gene does not exist
prokka_output/45709_F01_Reference/45709_F01_Reference:CDS	hypothetical protein	NZ_LS483405.1:1205664-1205966	JECDCPOO_01187

DiscRep_SUB:FEATURE_LOCATION_CONFLICT::Coding region xref gene does not exist
prokka_output/45709_F01_Reference/45709_F01_Reference:CDS	hypothetical protein	NZ_LS483405.1:1205986-1206834	JECDCPOO_01188

DiscRep_SUB:FEATURE_LOCATION_CONFLICT::Coding region xref gene does not exist
prokka_output/45709_F01_Reference/45709_F01_Reference:CDS	hypothetical protein	NZ_LS483405.1:1206824-1207366	JECDCPOO_01189

DiscRep_SUB:FEATURE_LOCATION_CONFLICT::Coding region xref gene does not exist
prokka_output/45709_F01_Reference/45709_F01_Reference:CDS	hypothetical protein	NZ_LS483405.1:1207470-1207820	JECDCPOO_01190

DiscRep_SUB:FEATURE_LOCATION_CONFLICT::Coding region xref gene does not exist
prokka_output/45709_F01_Reference/45709_F01_Reference:CDS	hypothetical protein	NZ_LS483405.1:c1208549-1207878	JECDCPOO_01191

DiscRep_SUB:FEATURE_LOCATION_CONFLICT::Coding region xref gene does not exist
prokka_output/45709_F01_Reference/45709_F01_Reference:CDS	Nucleoid occlusion factor SlmA	NZ_LS483405.1:1208735-1209259	JECDCPOO_01192

DiscRep_SUB:FEATURE_LOCATION_CONFLICT::Coding region xref gene does not exist
prokka_output/45709_F01_Reference/45709_F01_Reference:CDS	hypothetical protein	NZ_LS483405.1:1209392-1209994	JECDCPOO_01193

DiscRep_SUB:FEATURE_LOCATION_CONFLICT::Coding region xref gene does not exist
prokka_output/45709_F01_Reference/45709_F01_Reference:CDS	Glycine oxidase	NZ_LS483405.1:1210151-1211275	JECDCPOO_01194

DiscRep_SUB:FEATURE_LOCATION_CONFLICT::Coding region xref gene does not exist
prokka_output/45709_F01_Reference/45709_F01_Reference:CDS	14.7 kDa ribonuclease H-like protein	NZ_LS483405.1:c1211655-1211251	JECDCPOO_01195

DiscRep_SUB:FEATURE_LOCATION_CONFLICT::Coding region xref gene does not exist
prokka_output/45709_F01_Reference/45709_F01_Reference:CDS	hypothetical protein	NZ_LS483405.1:1211770-1212114	JECDCPOO_01196

DiscRep_SUB:FEATURE_LOCATION_CONFLICT::Coding region xref gene does not exist
prokka_output/45709_F01_Reference/45709_F01_Reference:CDS	Formate--tetrahydrofolate ligase 1	NZ_LS483405.1:1212111-1213766	JECDCPOO_01197

DiscRep_SUB:FEATURE_LOCATION_CONFLICT::Coding region xref gene does not exist
prokka_output/45709_F01_Reference/45709_F01_Reference:CDS	Lipoprotein signal peptidase	NZ_LS483405.1:1213926-1214390	JECDCPOO_01198

DiscRep_SUB:FEATURE_LOCATION_CONFLICT::Coding region xref gene does not exist
prokka_output/45709_F01_Reference/45709_F01_Reference:CDS	Ribosomal large subunit pseudouridine synthase D	NZ_LS483405.1:1214390-1215313	JECDCPOO_01199

DiscRep_SUB:FEATURE_LOCATION_CONFLICT::Coding region xref gene does not exist
prokka_output/45709_F01_Reference/45709_F01_Reference:CDS	Bifunctional protein pyrR	NZ_LS483405.1:1215456-1215989	JECDCPOO_01200

DiscRep_SUB:FEATURE_LOCATION_CONFLICT::Coding region xref gene does not exist
prokka_output/45709_F01_Reference/45709_F01_Reference:CDS	Carbamoyl phosphate synthase pyrimidine-specific small chain	NZ_LS483405.1:1216014-1217090	JECDCPOO_01201

DiscRep_SUB:FEATURE_LOCATION_CONFLICT::Coding region xref gene does not exist
prokka_output/45709_F01_Reference/45709_F01_Reference:CDS	Formate-dependent phosphoribosylglycinamide formyltransferase	NZ_LS483405.1:1217093-1219669	JECDCPOO_01202

DiscRep_SUB:FEATURE_LOCATION_CONFLICT::Coding region xref gene does not exist
prokka_output/45709_F01_Reference/45709_F01_Reference:CDS	Rqc2 RqcH	NZ_LS483405.1:c1221455-1219749	JECDCPOO_01203

DiscRep_SUB:FEATURE_LOCATION_CONFLICT::Coding region xref gene does not exist
prokka_output/45709_F01_Reference/45709_F01_Reference:CDS	hypothetical protein	NZ_LS483405.1:1221656-1222084	JECDCPOO_01204

DiscRep_SUB:FEATURE_LOCATION_CONFLICT::Coding region xref gene does not exist
prokka_output/45709_F01_Reference/45709_F01_Reference:CDS	hypothetical protein	NZ_LS483405.1:1222395-1223408	JECDCPOO_01205

DiscRep_SUB:FEATURE_LOCATION_CONFLICT::Coding region xref gene does not exist
prokka_output/45709_F01_Reference/45709_F01_Reference:CDS	hypothetical protein	NZ_LS483405.1:1223395-1224642	JECDCPOO_01206

DiscRep_SUB:FEATURE_LOCATION_CONFLICT::Coding region xref gene does not exist
prokka_output/45709_F01_Reference/45709_F01_Reference:CDS	Protein DegV	NZ_LS483405.1:1224703-1225569	JECDCPOO_01207

DiscRep_SUB:FEATURE_LOCATION_CONFLICT::Coding region xref gene does not exist
prokka_output/45709_F01_Reference/45709_F01_Reference:CDS	Folate transporter FolT	NZ_LS483405.1:1225762-1226295	JECDCPOO_01208

DiscRep_SUB:FEATURE_LOCATION_CONFLICT::Coding region xref gene does not exist
prokka_output/45709_F01_Reference/45709_F01_Reference:CDS	hypothetical protein	NZ_LS483405.1:1226567-1227004	JECDCPOO_01209

DiscRep_SUB:FEATURE_LOCATION_CONFLICT::Coding region xref gene does not exist
prokka_output/45709_F01_Reference/45709_F01_Reference:CDS	hypothetical protein	NZ_LS483405.1:c1227853-1227344	JECDCPOO_01210

DiscRep_SUB:FEATURE_LOCATION_CONFLICT::Coding region xref gene does not exist
prokka_output/45709_F01_Reference/45709_F01_Reference:CDS	hypothetical protein	NZ_LS483405.1:c1228590-1228084	JECDCPOO_01211

DiscRep_SUB:FEATURE_LOCATION_CONFLICT::Coding region xref gene does not exist
prokka_output/45709_F01_Reference/45709_F01_Reference:CDS	Endonuclease III	NZ_LS483405.1:1228798-1229448	JECDCPOO_01212

DiscRep_SUB:FEATURE_LOCATION_CONFLICT::Coding region xref gene does not exist
prokka_output/45709_F01_Reference/45709_F01_Reference:CDS	hypothetical protein	NZ_LS483405.1:c1230270-1229467	JECDCPOO_01213

DiscRep_SUB:FEATURE_LOCATION_CONFLICT::Coding region xref gene does not exist
prokka_output/45709_F01_Reference/45709_F01_Reference:CDS	Acrylyl-CoA reductase AcuI	NZ_LS483405.1:1230363-1231307	JECDCPOO_01214

DiscRep_SUB:FEATURE_LOCATION_CONFLICT::Coding region xref gene does not exist
prokka_output/45709_F01_Reference/45709_F01_Reference:CDS	hypothetical protein	NZ_LS483405.1:c1232297-1231350	JECDCPOO_01215

DiscRep_SUB:FEATURE_LOCATION_CONFLICT::Coding region xref gene does not exist
prokka_output/45709_F01_Reference/45709_F01_Reference:CDS	hypothetical protein	NZ_LS483405.1:1232439-1232957	JECDCPOO_01216

DiscRep_SUB:FEATURE_LOCATION_CONFLICT::Coding region xref gene does not exist
prokka_output/45709_F01_Reference/45709_F01_Reference:CDS	Levodione reductase	NZ_LS483405.1:1233105-1233842	JECDCPOO_01217

DiscRep_SUB:FEATURE_LOCATION_CONFLICT::Coding region xref gene does not exist
prokka_output/45709_F01_Reference/45709_F01_Reference:CDS	hypothetical protein	NZ_LS483405.1:c1234641-1233904	JECDCPOO_01218

DiscRep_SUB:FEATURE_LOCATION_CONFLICT::Coding region xref gene does not exist
prokka_output/45709_F01_Reference/45709_F01_Reference:CDS	hypothetical protein	NZ_LS483405.1:c1235186-1234641	JECDCPOO_01219

DiscRep_SUB:FEATURE_LOCATION_CONFLICT::Coding region xref gene does not exist
prokka_output/45709_F01_Reference/45709_F01_Reference:CDS	hypothetical protein	NZ_LS483405.1:1235264-1235833	JECDCPOO_01220

DiscRep_SUB:FEATURE_LOCATION_CONFLICT::Coding region xref gene does not exist
prokka_output/45709_F01_Reference/45709_F01_Reference:CDS	Ubiquinone/menaquinone biosynthesis C-methyltransferase UbiE	NZ_LS483405.1:1235922-1236632	JECDCPOO_01221

DiscRep_SUB:FEATURE_LOCATION_CONFLICT::Coding region xref gene does not exist
prokka_output/45709_F01_Reference/45709_F01_Reference:CDS	3-ketodihydrosphingosine reductase	NZ_LS483405.1:1236758-1237570	JECDCPOO_01222

DiscRep_SUB:FEATURE_LOCATION_CONFLICT::Coding region xref gene does not exist
prokka_output/45709_F01_Reference/45709_F01_Reference:CDS	HTH-type transcriptional activator RhaS	NZ_LS483405.1:1237596-1238564	JECDCPOO_01223

DiscRep_SUB:FEATURE_LOCATION_CONFLICT::Coding region xref gene does not exist
prokka_output/45709_F01_Reference/45709_F01_Reference:CDS	hypothetical protein	NZ_LS483405.1:1238607-1238825	JECDCPOO_01224

DiscRep_SUB:FEATURE_LOCATION_CONFLICT::Coding region xref gene does not exist
prokka_output/45709_F01_Reference/45709_F01_Reference:CDS	putative oxidoreductase	NZ_LS483405.1:1239050-1239787	JECDCPOO_01225

DiscRep_SUB:FEATURE_LOCATION_CONFLICT::Coding region xref gene does not exist
prokka_output/45709_F01_Reference/45709_F01_Reference:CDS	Hca operon transcriptional activator HcaR	NZ_LS483405.1:1239854-1240786	JECDCPOO_01226

DiscRep_SUB:FEATURE_LOCATION_CONFLICT::Coding region xref gene does not exist
prokka_output/45709_F01_Reference/45709_F01_Reference:CDS	HTH-type transcriptional regulator HdfR	NZ_LS483405.1:c1241756-1240851	JECDCPOO_01227

DiscRep_SUB:FEATURE_LOCATION_CONFLICT::Coding region xref gene does not exist
prokka_output/45709_F01_Reference/45709_F01_Reference:CDS	putative oxidoreductase	NZ_LS483405.1:1241969-1242712	JECDCPOO_01228

DiscRep_SUB:FEATURE_LOCATION_CONFLICT::Coding region xref gene does not exist
prokka_output/45709_F01_Reference/45709_F01_Reference:CDS	hypothetical protein	NZ_LS483405.1:1242730-1243368	JECDCPOO_01229

DiscRep_SUB:FEATURE_LOCATION_CONFLICT::Coding region xref gene does not exist
prokka_output/45709_F01_Reference/45709_F01_Reference:CDS	hypothetical protein	NZ_LS483405.1:1243383-1243874	JECDCPOO_01230

DiscRep_SUB:FEATURE_LOCATION_CONFLICT::Coding region xref gene does not exist
prokka_output/45709_F01_Reference/45709_F01_Reference:CDS	hypothetical protein	NZ_LS483405.1:1243929-1244363	JECDCPOO_01231

DiscRep_SUB:FEATURE_LOCATION_CONFLICT::Coding region xref gene does not exist
prokka_output/45709_F01_Reference/45709_F01_Reference:CDS	hypothetical protein	NZ_LS483405.1:c1245903-1244629	JECDCPOO_01232

DiscRep_SUB:FEATURE_LOCATION_CONFLICT::Coding region xref gene does not exist
prokka_output/45709_F01_Reference/45709_F01_Reference:CDS	hypothetical protein	NZ_LS483405.1:1246061-1246615	JECDCPOO_01233

DiscRep_SUB:FEATURE_LOCATION_CONFLICT::Coding region xref gene does not exist
prokka_output/45709_F01_Reference/45709_F01_Reference:CDS	Tyrosine recombinase XerS	NZ_LS483405.1:c1247754-1246690	JECDCPOO_01234

DiscRep_SUB:FEATURE_LOCATION_CONFLICT::Coding region xref gene does not exist
prokka_output/45709_F01_Reference/45709_F01_Reference:CDS	hypothetical protein	NZ_LS483405.1:c1249054-1248614	JECDCPOO_01235

DiscRep_SUB:FEATURE_LOCATION_CONFLICT::Coding region xref gene does not exist
prokka_output/45709_F01_Reference/45709_F01_Reference:CDS	Peptide methionine sulfoxide reductase MsrA	NZ_LS483405.1:c1249603-1249070	JECDCPOO_01236

DiscRep_SUB:FEATURE_LOCATION_CONFLICT::Coding region xref gene does not exist
prokka_output/45709_F01_Reference/45709_F01_Reference:CDS	Peptide methionine sulfoxide reductase MsrB	NZ_LS483405.1:c1250074-1249631	JECDCPOO_01237

DiscRep_SUB:FEATURE_LOCATION_CONFLICT::Coding region xref gene does not exist
prokka_output/45709_F01_Reference/45709_F01_Reference:CDS	hypothetical protein	NZ_LS483405.1:c1250803-1250228	JECDCPOO_01238

DiscRep_SUB:FEATURE_LOCATION_CONFLICT::Coding region xref gene does not exist
prokka_output/45709_F01_Reference/45709_F01_Reference:CDS	putative manganese-dependent inorganic pyrophosphatase	NZ_LS483405.1:c1251880-1250951	JECDCPOO_01239

DiscRep_SUB:FEATURE_LOCATION_CONFLICT::Coding region xref gene does not exist
prokka_output/45709_F01_Reference/45709_F01_Reference:CDS	HTH-type transcriptional regulator HdfR	NZ_LS483405.1:c1252874-1251909	JECDCPOO_01240

DiscRep_SUB:FEATURE_LOCATION_CONFLICT::Coding region xref gene does not exist
prokka_output/45709_F01_Reference/45709_F01_Reference:CDS	DNA topoisomerase IV subunit A ParC	NZ_LS483405.1:c1255456-1253009	JECDCPOO_01241

DiscRep_SUB:FEATURE_LOCATION_CONFLICT::Coding region xref gene does not exist
prokka_output/45709_F01_Reference/45709_F01_Reference:CDS	DNA topoisomerase IV subunit B ParE	NZ_LS483405.1:c1257446-1255479	JECDCPOO_01242

DiscRep_SUB:FEATURE_LOCATION_CONFLICT::Coding region xref gene does not exist
prokka_output/45709_F01_Reference/45709_F01_Reference:CDS	Glycerol-3-phosphate acyltransferase	NZ_LS483405.1:1257707-1258330	JECDCPOO_01243

DiscRep_SUB:FEATURE_LOCATION_CONFLICT::Coding region xref gene does not exist
prokka_output/45709_F01_Reference/45709_F01_Reference:CDS	Protein LacX, plasmid	NZ_LS483405.1:c1259256-1258384	JECDCPOO_01244

DiscRep_SUB:FEATURE_LOCATION_CONFLICT::Coding region xref gene does not exist
prokka_output/45709_F01_Reference/45709_F01_Reference:CDS	ATP-dependent protease ATPase subunit ClpY	NZ_LS483405.1:c1260784-1259354	JECDCPOO_01245

DiscRep_SUB:FEATURE_LOCATION_CONFLICT::Coding region xref gene does not exist
prokka_output/45709_F01_Reference/45709_F01_Reference:CDS	ATP-dependent protease subunit HslV	NZ_LS483405.1:c1261326-1260784	JECDCPOO_01246

DiscRep_SUB:FEATURE_LOCATION_CONFLICT::Coding region xref gene does not exist
prokka_output/45709_F01_Reference/45709_F01_Reference:CDS	Tyrosine recombinase XerC	NZ_LS483405.1:c1262265-1261330	JECDCPOO_01247

DiscRep_SUB:FEATURE_LOCATION_CONFLICT::Coding region xref gene does not exist
prokka_output/45709_F01_Reference/45709_F01_Reference:CDS	DNA topoisomerase 1	NZ_LS483405.1:c1264541-1262430	JECDCPOO_01248

DiscRep_SUB:FEATURE_LOCATION_CONFLICT::Coding region xref gene does not exist
prokka_output/45709_F01_Reference/45709_F01_Reference:CDS	hypothetical protein	NZ_LS483405.1:c1265566-1264676	JECDCPOO_01249

DiscRep_SUB:FEATURE_LOCATION_CONFLICT::Coding region xref gene does not exist
prokka_output/45709_F01_Reference/45709_F01_Reference:CDS	Ribonuclease HII	NZ_LS483405.1:c1266409-1265606	JECDCPOO_01250

DiscRep_SUB:FEATURE_LOCATION_CONFLICT::Coding region xref gene does not exist
prokka_output/45709_F01_Reference/45709_F01_Reference:CDS	Ribosome biogenesis GTPase A	NZ_LS483405.1:c1267232-1266372	JECDCPOO_01251

DiscRep_SUB:FEATURE_LOCATION_CONFLICT::Coding region xref gene does not exist
prokka_output/45709_F01_Reference/45709_F01_Reference:CDS	hypothetical protein	NZ_LS483405.1:1267650-1267880	JECDCPOO_01252

DiscRep_SUB:FEATURE_LOCATION_CONFLICT::Coding region xref gene does not exist
prokka_output/45709_F01_Reference/45709_F01_Reference:CDS	NAD-capped RNA hydrolase NudC	NZ_LS483405.1:c1268513-1268157	JECDCPOO_01253

DiscRep_SUB:FEATURE_LOCATION_CONFLICT::Coding region xref gene does not exist
prokka_output/45709_F01_Reference/45709_F01_Reference:CDS	hypothetical protein	NZ_LS483405.1:c1269688-1268993	JECDCPOO_01254

DiscRep_SUB:FEATURE_LOCATION_CONFLICT::Coding region xref gene does not exist
prokka_output/45709_F01_Reference/45709_F01_Reference:CDS	Deoxyribonucleoside regulator	NZ_LS483405.1:c1270853-1269933	JECDCPOO_01255

DiscRep_SUB:FEATURE_LOCATION_CONFLICT::Coding region xref gene does not exist
prokka_output/45709_F01_Reference/45709_F01_Reference:CDS	Xylulose kinase	NZ_LS483405.1:c1272413-1270905	JECDCPOO_01256

DiscRep_SUB:FEATURE_LOCATION_CONFLICT::Coding region xref gene does not exist
prokka_output/45709_F01_Reference/45709_F01_Reference:CDS	hypothetical protein	NZ_LS483405.1:c1273455-1272439	JECDCPOO_01257

DiscRep_SUB:FEATURE_LOCATION_CONFLICT::Coding region xref gene does not exist
prokka_output/45709_F01_Reference/45709_F01_Reference:CDS	L-fucose-proton symporter	NZ_LS483405.1:c1274819-1273452	JECDCPOO_01258

DiscRep_SUB:FEATURE_LOCATION_CONFLICT::Coding region xref gene does not exist
prokka_output/45709_F01_Reference/45709_F01_Reference:CDS	hypothetical protein	NZ_LS483405.1:c1275352-1275131	JECDCPOO_01259

DiscRep_SUB:FEATURE_LOCATION_CONFLICT::Coding region xref gene does not exist
prokka_output/45709_F01_Reference/45709_F01_Reference:CDS	hypothetical protein	NZ_LS483405.1:c1275962-1275363	JECDCPOO_01260

DiscRep_SUB:FEATURE_LOCATION_CONFLICT::Coding region xref gene does not exist
prokka_output/45709_F01_Reference/45709_F01_Reference:CDS	hypothetical protein	NZ_LS483405.1:c1276895-1275975	JECDCPOO_01261

DiscRep_SUB:FEATURE_LOCATION_CONFLICT::Coding region xref gene does not exist
prokka_output/45709_F01_Reference/45709_F01_Reference:CDS	DegV domain-containing protein	NZ_LS483405.1:c1277811-1276960	JECDCPOO_01262

DiscRep_SUB:FEATURE_LOCATION_CONFLICT::Coding region xref gene does not exist
prokka_output/45709_F01_Reference/45709_F01_Reference:CDS	hypothetical protein	NZ_LS483405.1:1277980-1278621	JECDCPOO_01263

DiscRep_SUB:FEATURE_LOCATION_CONFLICT::Coding region xref gene does not exist
prokka_output/45709_F01_Reference/45709_F01_Reference:CDS	Dihydrofolate reductase	NZ_LS483405.1:c1279292-1278801	JECDCPOO_01264

DiscRep_SUB:FEATURE_LOCATION_CONFLICT::Coding region xref gene does not exist
prokka_output/45709_F01_Reference/45709_F01_Reference:CDS	Thymidylate synthase	NZ_LS483405.1:c1280258-1279308	JECDCPOO_01265

DiscRep_SUB:FEATURE_LOCATION_CONFLICT::Coding region xref gene does not exist
prokka_output/45709_F01_Reference/45709_F01_Reference:CDS	Energy-dependent translational throttle protein EttA	NZ_LS483405.1:c1282162-1280270	JECDCPOO_01266

DiscRep_SUB:FEATURE_LOCATION_CONFLICT::Coding region xref gene does not exist
prokka_output/45709_F01_Reference/45709_F01_Reference:CDS	CCA-adding enzyme	NZ_LS483405.1:c1283384-1282191	JECDCPOO_01267

DiscRep_SUB:FEATURE_LOCATION_CONFLICT::Coding region xref gene does not exist
prokka_output/45709_F01_Reference/45709_F01_Reference:CDS	hypothetical protein	NZ_LS483405.1:1283518-1284456	JECDCPOO_01268

DiscRep_SUB:FEATURE_LOCATION_CONFLICT::Coding region xref gene does not exist
prokka_output/45709_F01_Reference/45709_F01_Reference:CDS	TPR repeat-containing protein YpiA	NZ_LS483405.1:c1285833-1284574	JECDCPOO_01269

DiscRep_SUB:FEATURE_LOCATION_CONFLICT::Coding region xref gene does not exist
prokka_output/45709_F01_Reference/45709_F01_Reference:CDS	DNA-binding protein HU	NZ_LS483405.1:c1286214-1285939	JECDCPOO_01270

DiscRep_SUB:FEATURE_LOCATION_CONFLICT::Coding region xref gene does not exist
prokka_output/45709_F01_Reference/45709_F01_Reference:CDS	GTPase Der	NZ_LS483405.1:c1287757-1286450	JECDCPOO_01271

DiscRep_SUB:FEATURE_LOCATION_CONFLICT::Coding region xref gene does not exist
prokka_output/45709_F01_Reference/45709_F01_Reference:CDS	Small ribosomal subunit protein bS1	NZ_LS483405.1:c1289151-1287847	JECDCPOO_01272

DiscRep_SUB:FEATURE_LOCATION_CONFLICT::Coding region xref gene does not exist
prokka_output/45709_F01_Reference/45709_F01_Reference:CDS	Cytidylate kinase	NZ_LS483405.1:c1289911-1289231	JECDCPOO_01273

DiscRep_SUB:FEATURE_LOCATION_CONFLICT::Coding region xref gene does not exist
prokka_output/45709_F01_Reference/45709_F01_Reference:CDS	hypothetical protein	NZ_LS483405.1:c1290553-1289939	JECDCPOO_01274

DiscRep_SUB:FEATURE_LOCATION_CONFLICT::Coding region xref gene does not exist
prokka_output/45709_F01_Reference/45709_F01_Reference:CDS	putative ATP-dependent DNA helicase RecS	NZ_LS483405.1:c1292067-1290625	JECDCPOO_01275

DiscRep_SUB:FEATURE_LOCATION_CONFLICT::Coding region xref gene does not exist
prokka_output/45709_F01_Reference/45709_F01_Reference:CDS	hypothetical protein	NZ_LS483405.1:c1293106-1292072	JECDCPOO_01276

DiscRep_SUB:FEATURE_LOCATION_CONFLICT::Coding region xref gene does not exist
prokka_output/45709_F01_Reference/45709_F01_Reference:CDS	Riboflavin transporter RibU	NZ_LS483405.1:c1293777-1293196	JECDCPOO_01277

DiscRep_SUB:FEATURE_LOCATION_CONFLICT::Coding region xref gene does not exist
prokka_output/45709_F01_Reference/45709_F01_Reference:CDS	Ribosomal large subunit pseudouridine synthase B	NZ_LS483405.1:c1294792-1294070	JECDCPOO_01278

DiscRep_SUB:FEATURE_LOCATION_CONFLICT::Coding region xref gene does not exist
prokka_output/45709_F01_Reference/45709_F01_Reference:CDS	Segregation and condensation protein B	NZ_LS483405.1:c1295394-1294792	JECDCPOO_01279

DiscRep_SUB:FEATURE_LOCATION_CONFLICT::Coding region xref gene does not exist
prokka_output/45709_F01_Reference/45709_F01_Reference:CDS	Segregation and condensation protein A	NZ_LS483405.1:c1296160-1295372	JECDCPOO_01280

DiscRep_SUB:FEATURE_LOCATION_CONFLICT::Coding region xref gene does not exist
prokka_output/45709_F01_Reference/45709_F01_Reference:CDS	Protein RibT	NZ_LS483405.1:c1296509-1296114	JECDCPOO_01281

DiscRep_SUB:FEATURE_LOCATION_CONFLICT::Coding region xref gene does not exist
prokka_output/45709_F01_Reference/45709_F01_Reference:CDS	Tyrosine recombinase XerD	NZ_LS483405.1:c1297444-1296548	JECDCPOO_01282

DiscRep_SUB:FEATURE_LOCATION_CONFLICT::Coding region xref gene does not exist
prokka_output/45709_F01_Reference/45709_F01_Reference:CDS	Conserved virulence factor B	NZ_LS483405.1:c1298337-1297456	JECDCPOO_01283

DiscRep_SUB:FEATURE_LOCATION_CONFLICT::Coding region xref gene does not exist
prokka_output/45709_F01_Reference/45709_F01_Reference:CDS	Pyruvate kinase	NZ_LS483405.1:c1300258-1298501	JECDCPOO_01284

DiscRep_SUB:FEATURE_LOCATION_CONFLICT::Coding region xref gene does not exist
prokka_output/45709_F01_Reference/45709_F01_Reference:CDS	Transaldolase	NZ_LS483405.1:c1301239-1300511	JECDCPOO_01285

DiscRep_SUB:FEATURE_LOCATION_CONFLICT::Coding region xref gene does not exist
prokka_output/45709_F01_Reference/45709_F01_Reference:CDS	DNA polymerase III subunit alpha	NZ_LS483405.1:c1304697-1301332	JECDCPOO_01286

DiscRep_SUB:FEATURE_LOCATION_CONFLICT::Coding region xref gene does not exist
prokka_output/45709_F01_Reference/45709_F01_Reference:CDS	Chaperone protein ClpB	NZ_LS483405.1:c1307500-1304888	JECDCPOO_01287

DiscRep_SUB:FEATURE_LOCATION_CONFLICT::Coding region xref gene does not exist
prokka_output/45709_F01_Reference/45709_F01_Reference:CDS	Peptidase T	NZ_LS483405.1:c1308886-1307645	JECDCPOO_01288

DiscRep_SUB:FEATURE_LOCATION_CONFLICT::Coding region xref gene does not exist
prokka_output/45709_F01_Reference/45709_F01_Reference:CDS	GTP cyclohydrolase 1 type 2	NZ_LS483405.1:c1309753-1308947	JECDCPOO_01289

DiscRep_SUB:FEATURE_LOCATION_CONFLICT::Coding region xref gene does not exist
prokka_output/45709_F01_Reference/45709_F01_Reference:CDS	tRNA (adenine(22)-N(1))-methyltransferase	NZ_LS483405.1:c1310447-1309740	JECDCPOO_01290

DiscRep_SUB:FEATURE_LOCATION_CONFLICT::Coding region xref gene does not exist
prokka_output/45709_F01_Reference/45709_F01_Reference:CDS	hypothetical protein	NZ_LS483405.1:c1313856-1310566	JECDCPOO_01291

DiscRep_SUB:FEATURE_LOCATION_CONFLICT::Coding region xref gene does not exist
prokka_output/45709_F01_Reference/45709_F01_Reference:CDS	hypothetical protein	NZ_LS483405.1:c1314411-1313905	JECDCPOO_01292

DiscRep_SUB:FEATURE_LOCATION_CONFLICT::Coding region xref gene does not exist
prokka_output/45709_F01_Reference/45709_F01_Reference:CDS	RNA polymerase sigma factor SigA	NZ_LS483405.1:c1315769-1314645	JECDCPOO_01293

DiscRep_SUB:FEATURE_LOCATION_CONFLICT::Coding region xref gene does not exist
prokka_output/45709_F01_Reference/45709_F01_Reference:CDS	DNA primase	NZ_LS483405.1:c1317624-1315786	JECDCPOO_01294

DiscRep_SUB:FEATURE_LOCATION_CONFLICT::Coding region xref gene does not exist
prokka_output/45709_F01_Reference/45709_F01_Reference:CDS	Glycine--tRNA ligase beta subunit	NZ_LS483405.1:c1319861-1317786	JECDCPOO_01295

DiscRep_SUB:FEATURE_LOCATION_CONFLICT::Coding region xref gene does not exist
prokka_output/45709_F01_Reference/45709_F01_Reference:CDS	Glycine--tRNA ligase alpha subunit	NZ_LS483405.1:c1320784-1319861	JECDCPOO_01296

DiscRep_SUB:FEATURE_LOCATION_CONFLICT::Coding region xref gene does not exist
prokka_output/45709_F01_Reference/45709_F01_Reference:CDS	DNA repair protein RecO	NZ_LS483405.1:c1321853-1321071	JECDCPOO_01297

DiscRep_SUB:FEATURE_LOCATION_CONFLICT::Coding region xref gene does not exist
prokka_output/45709_F01_Reference/45709_F01_Reference:CDS	GTPase Era	NZ_LS483405.1:c1322781-1321876	JECDCPOO_01298

DiscRep_SUB:FEATURE_LOCATION_CONFLICT::Coding region xref gene does not exist
prokka_output/45709_F01_Reference/45709_F01_Reference:CDS	Undecaprenol kinase	NZ_LS483405.1:c1323186-1322791	JECDCPOO_01299

DiscRep_SUB:FEATURE_LOCATION_CONFLICT::Coding region xref gene does not exist
prokka_output/45709_F01_Reference/45709_F01_Reference:CDS	Endoribonuclease YbeY	NZ_LS483405.1:c1323658-1323170	JECDCPOO_01300

DiscRep_SUB:FEATURE_LOCATION_CONFLICT::Coding region xref gene does not exist
prokka_output/45709_F01_Reference/45709_F01_Reference:CDS	PhoH-like protein	NZ_LS483405.1:c1324644-1323658	JECDCPOO_01301

DiscRep_SUB:FEATURE_LOCATION_CONFLICT::Coding region xref gene does not exist
prokka_output/45709_F01_Reference/45709_F01_Reference:CDS	putative protein YqeY	NZ_LS483405.1:c1325336-1324890	JECDCPOO_01302

DiscRep_SUB:FEATURE_LOCATION_CONFLICT::Coding region xref gene does not exist
prokka_output/45709_F01_Reference/45709_F01_Reference:CDS	putative HTH-type transcriptional regulator YybR	NZ_LS483405.1:c1325754-1325374	JECDCPOO_01303

DiscRep_SUB:FEATURE_LOCATION_CONFLICT::Coding region xref gene does not exist
prokka_output/45709_F01_Reference/45709_F01_Reference:CDS	Zinc-type alcohol dehydrogenase-like protein	NZ_LS483405.1:1325927-1326955	JECDCPOO_01304

DiscRep_SUB:FEATURE_LOCATION_CONFLICT::Coding region xref gene does not exist
prokka_output/45709_F01_Reference/45709_F01_Reference:CDS	Small ribosomal subunit protein bS21	NZ_LS483405.1:c1327206-1327018	JECDCPOO_01305

DiscRep_SUB:FEATURE_LOCATION_CONFLICT::Coding region xref gene does not exist
prokka_output/45709_F01_Reference/45709_F01_Reference:CDS	Putative pyruvate, phosphate dikinase regulatory protein	NZ_LS483405.1:1327387-1328214	JECDCPOO_01306

DiscRep_SUB:FEATURE_LOCATION_CONFLICT::Coding region xref gene does not exist
prokka_output/45709_F01_Reference/45709_F01_Reference:CDS	putative endonuclease 4	NZ_LS483405.1:c1329241-1328312	JECDCPOO_01307

DiscRep_SUB:FEATURE_LOCATION_CONFLICT::Coding region xref gene does not exist
prokka_output/45709_F01_Reference/45709_F01_Reference:CDS	Teichoic acid poly(glycerol phosphate) polymerase	NZ_LS483405.1:c1330461-1329238	JECDCPOO_01308

DiscRep_SUB:FEATURE_LOCATION_CONFLICT::Coding region xref gene does not exist
prokka_output/45709_F01_Reference/45709_F01_Reference:CDS	Teichoic acid translocation permease protein TagG	NZ_LS483405.1:c1331290-1330481	JECDCPOO_01309

DiscRep_SUB:FEATURE_LOCATION_CONFLICT::Coding region xref gene does not exist
prokka_output/45709_F01_Reference/45709_F01_Reference:CDS	Teichoic acid glycerol-phosphate primase	NZ_LS483405.1:c1332514-1331309	JECDCPOO_01310

DiscRep_SUB:FEATURE_LOCATION_CONFLICT::Coding region xref gene does not exist
prokka_output/45709_F01_Reference/45709_F01_Reference:CDS	hypothetical protein	NZ_LS483405.1:c1333504-1332629	JECDCPOO_01311

DiscRep_SUB:FEATURE_LOCATION_CONFLICT::Coding region xref gene does not exist
prokka_output/45709_F01_Reference/45709_F01_Reference:CDS	Peptide methionine sulfoxide reductase MsrA	NZ_LS483405.1:c1334147-1333620	JECDCPOO_01312

DiscRep_SUB:FEATURE_LOCATION_CONFLICT::Coding region xref gene does not exist
prokka_output/45709_F01_Reference/45709_F01_Reference:CDS	Aspartate--tRNA ligase	NZ_LS483405.1:c1336084-1334282	JECDCPOO_01313

DiscRep_SUB:FEATURE_LOCATION_CONFLICT::Coding region xref gene does not exist
prokka_output/45709_F01_Reference/45709_F01_Reference:CDS	Histidine--tRNA ligase	NZ_LS483405.1:c1337393-1336098	JECDCPOO_01314

DiscRep_SUB:FEATURE_LOCATION_CONFLICT::Coding region xref gene does not exist
prokka_output/45709_F01_Reference/45709_F01_Reference:CDS	hypothetical protein	NZ_LS483405.1:c1338231-1337701	JECDCPOO_01315

DiscRep_SUB:FEATURE_LOCATION_CONFLICT::Coding region xref gene does not exist
prokka_output/45709_F01_Reference/45709_F01_Reference:CDS	putative cell wall amidase LytH	NZ_LS483405.1:1338412-1339263	JECDCPOO_01316

DiscRep_SUB:FEATURE_LOCATION_CONFLICT::Coding region xref gene does not exist
prokka_output/45709_F01_Reference/45709_F01_Reference:CDS	putative ketoamine kinase	NZ_LS483405.1:1339263-1340129	JECDCPOO_01317

DiscRep_SUB:FEATURE_LOCATION_CONFLICT::Coding region xref gene does not exist
prokka_output/45709_F01_Reference/45709_F01_Reference:CDS	N-acetylmuramic acid 6-phosphate phosphatase	NZ_LS483405.1:c1340825-1340184	JECDCPOO_01318

DiscRep_SUB:FEATURE_LOCATION_CONFLICT::Coding region xref gene does not exist
prokka_output/45709_F01_Reference/45709_F01_Reference:CDS	D-aminoacyl-tRNA deacylase	NZ_LS483405.1:c1341380-1340937	JECDCPOO_01319

DiscRep_SUB:FEATURE_LOCATION_CONFLICT::Coding region xref gene does not exist
prokka_output/45709_F01_Reference/45709_F01_Reference:CDS	GTP pyrophosphokinase	NZ_LS483405.1:c1342316-1341399	JECDCPOO_01320

DiscRep_SUB:FEATURE_LOCATION_CONFLICT::Coding region xref gene does not exist
prokka_output/45709_F01_Reference/45709_F01_Reference:CDS	GTP pyrophosphokinase	NZ_LS483405.1:c1343632-1342313	JECDCPOO_01321

DiscRep_SUB:FEATURE_LOCATION_CONFLICT::Coding region xref gene does not exist
prokka_output/45709_F01_Reference/45709_F01_Reference:CDS	hypothetical protein	NZ_LS483405.1:c1343996-1343661	JECDCPOO_01322

DiscRep_SUB:FEATURE_LOCATION_CONFLICT::Coding region xref gene does not exist
prokka_output/45709_F01_Reference/45709_F01_Reference:CDS	Ribosomal RNA small subunit methyltransferase E	NZ_LS483405.1:c1344816-1344064	JECDCPOO_01323

DiscRep_SUB:FEATURE_LOCATION_CONFLICT::Coding region xref gene does not exist
prokka_output/45709_F01_Reference/45709_F01_Reference:CDS	Ribosomal protein L11 methyltransferase	NZ_LS483405.1:c1345769-1344819	JECDCPOO_01324

DiscRep_SUB:FEATURE_LOCATION_CONFLICT::Coding region xref gene does not exist
prokka_output/45709_F01_Reference/45709_F01_Reference:CDS	hypothetical protein	NZ_LS483405.1:c1346189-1345872	JECDCPOO_01325

DiscRep_SUB:FEATURE_LOCATION_CONFLICT::Coding region xref gene does not exist
prokka_output/45709_F01_Reference/45709_F01_Reference:CDS	Large-conductance mechanosensitive channel	NZ_LS483405.1:1346529-1346912	JECDCPOO_01326

DiscRep_SUB:FEATURE_LOCATION_CONFLICT::Coding region xref gene does not exist
prokka_output/45709_F01_Reference/45709_F01_Reference:CDS	hypothetical protein	NZ_LS483405.1:1347134-1347496	JECDCPOO_01327

DiscRep_SUB:FEATURE_LOCATION_CONFLICT::Coding region xref gene does not exist
prokka_output/45709_F01_Reference/45709_F01_Reference:CDS	hypothetical protein	NZ_LS483405.1:1347568-1347675	JECDCPOO_01328

DiscRep_SUB:FEATURE_LOCATION_CONFLICT::Coding region xref gene does not exist
prokka_output/45709_F01_Reference/45709_F01_Reference:CDS	hypothetical protein	NZ_LS483405.1:1347993-1348244	JECDCPOO_01329

DiscRep_SUB:FEATURE_LOCATION_CONFLICT::Coding region xref gene does not exist
prokka_output/45709_F01_Reference/45709_F01_Reference:CDS	Cyclopropane-fatty-acyl-phospholipid synthase	NZ_LS483405.1:c1349916-1348735	JECDCPOO_01330

DiscRep_SUB:FEATURE_LOCATION_CONFLICT::Coding region xref gene does not exist
prokka_output/45709_F01_Reference/45709_F01_Reference:CDS	hypothetical protein	NZ_LS483405.1:1350526-1350885	JECDCPOO_01331

DiscRep_SUB:FEATURE_LOCATION_CONFLICT::Coding region xref gene does not exist
prokka_output/45709_F01_Reference/45709_F01_Reference:CDS	hypothetical protein	NZ_LS483405.1:c1351137-1350928	JECDCPOO_01332

DiscRep_SUB:FEATURE_LOCATION_CONFLICT::Coding region xref gene does not exist
prokka_output/45709_F01_Reference/45709_F01_Reference:CDS	Elongation factor 4	NZ_LS483405.1:c1354638-1352806	JECDCPOO_01333

DiscRep_SUB:FEATURE_LOCATION_CONFLICT::Coding region xref gene does not exist
prokka_output/45709_F01_Reference/45709_F01_Reference:CDS	Protein DltD	NZ_LS483405.1:c1356108-1354819	JECDCPOO_01334

DiscRep_SUB:FEATURE_LOCATION_CONFLICT::Coding region xref gene does not exist
prokka_output/45709_F01_Reference/45709_F01_Reference:CDS	D-alanyl carrier protein	NZ_LS483405.1:c1356345-1356112	JECDCPOO_01335

DiscRep_SUB:FEATURE_LOCATION_CONFLICT::Coding region xref gene does not exist
prokka_output/45709_F01_Reference/45709_F01_Reference:CDS	Teichoic acid D-alanyltransferase	NZ_LS483405.1:c1357591-1356383	JECDCPOO_01336

DiscRep_SUB:FEATURE_LOCATION_CONFLICT::Coding region xref gene does not exist
prokka_output/45709_F01_Reference/45709_F01_Reference:CDS	D-alanine--D-alanyl carrier protein ligase	NZ_LS483405.1:c1359117-1357591	JECDCPOO_01337

DiscRep_SUB:FEATURE_LOCATION_CONFLICT::Coding region xref gene does not exist
prokka_output/45709_F01_Reference/45709_F01_Reference:CDS	hypothetical protein	NZ_LS483405.1:c1359306-1359157	JECDCPOO_01338

DiscRep_SUB:FEATURE_LOCATION_CONFLICT::Coding region xref gene does not exist
prokka_output/45709_F01_Reference/45709_F01_Reference:CDS	Chaperone protein DnaJ	NZ_LS483405.1:c1360756-1359608	JECDCPOO_01339

DiscRep_SUB:FEATURE_LOCATION_CONFLICT::Coding region xref gene does not exist
prokka_output/45709_F01_Reference/45709_F01_Reference:CDS	Chaperone protein DnaK	NZ_LS483405.1:c1362733-1360874	JECDCPOO_01340

DiscRep_SUB:FEATURE_LOCATION_CONFLICT::Coding region xref gene does not exist
prokka_output/45709_F01_Reference/45709_F01_Reference:CDS	Protein GrpE	NZ_LS483405.1:c1363357-1362773	JECDCPOO_01341

DiscRep_SUB:FEATURE_LOCATION_CONFLICT::Coding region xref gene does not exist
prokka_output/45709_F01_Reference/45709_F01_Reference:CDS	Heat-inducible transcription repressor HrcA	NZ_LS483405.1:c1364415-1363378	JECDCPOO_01342

DiscRep_SUB:FEATURE_LOCATION_CONFLICT::Coding region xref gene does not exist
prokka_output/45709_F01_Reference/45709_F01_Reference:CDS	Bifunctional riboflavin kinase/FMN adenylyltransferase	NZ_LS483405.1:c1365613-1364666	JECDCPOO_01343

DiscRep_SUB:FEATURE_LOCATION_CONFLICT::Coding region xref gene does not exist
prokka_output/45709_F01_Reference/45709_F01_Reference:CDS	tRNA pseudouridine synthase B	NZ_LS483405.1:c1366545-1365634	JECDCPOO_01344

DiscRep_SUB:FEATURE_LOCATION_CONFLICT::Coding region xref gene does not exist
prokka_output/45709_F01_Reference/45709_F01_Reference:CDS	Ribosome-binding factor A	NZ_LS483405.1:c1366976-1366626	JECDCPOO_01345

DiscRep_SUB:FEATURE_LOCATION_CONFLICT::Coding region xref gene does not exist
prokka_output/45709_F01_Reference/45709_F01_Reference:CDS	Large ribosomal subunit assembly factor BipA	NZ_LS483405.1:c1369338-1366996	JECDCPOO_01346

DiscRep_SUB:FEATURE_LOCATION_CONFLICT::Coding region xref gene does not exist
prokka_output/45709_F01_Reference/45709_F01_Reference:CDS	RNA-binding protein YlxQ	NZ_LS483405.1:c1369688-1369386	JECDCPOO_01347

DiscRep_SUB:FEATURE_LOCATION_CONFLICT::Coding region xref gene does not exist
prokka_output/45709_F01_Reference/45709_F01_Reference:CDS	hypothetical protein	NZ_LS483405.1:c1369977-1369681	JECDCPOO_01348

DiscRep_SUB:FEATURE_LOCATION_CONFLICT::Coding region xref gene does not exist
prokka_output/45709_F01_Reference/45709_F01_Reference:CDS	Transcription termination/antitermination protein NusA	NZ_LS483405.1:c1371206-1370004	JECDCPOO_01349

DiscRep_SUB:FEATURE_LOCATION_CONFLICT::Coding region xref gene does not exist
prokka_output/45709_F01_Reference/45709_F01_Reference:CDS	Ribosome maturation factor RimP	NZ_LS483405.1:c1371703-1371230	JECDCPOO_01350

DiscRep_SUB:FEATURE_LOCATION_CONFLICT::Coding region xref gene does not exist
prokka_output/45709_F01_Reference/45709_F01_Reference:CDS	hypothetical protein	NZ_LS483405.1:c1372105-1371830	JECDCPOO_01351

DiscRep_SUB:FEATURE_LOCATION_CONFLICT::Coding region xref gene does not exist
prokka_output/45709_F01_Reference/45709_F01_Reference:CDS	DNA polymerase III PolC-type	NZ_LS483405.1:c1376643-1372306	JECDCPOO_01352

DiscRep_SUB:FEATURE_LOCATION_CONFLICT::Coding region xref gene does not exist
prokka_output/45709_F01_Reference/45709_F01_Reference:CDS	Proline--tRNA ligase	NZ_LS483405.1:c1378445-1376736	JECDCPOO_01353

DiscRep_SUB:FEATURE_LOCATION_CONFLICT::Coding region xref gene does not exist
prokka_output/45709_F01_Reference/45709_F01_Reference:CDS	Regulator of sigma-W protease RasP	NZ_LS483405.1:c1379758-1378481	JECDCPOO_01354

DiscRep_SUB:FEATURE_LOCATION_CONFLICT::Coding region xref gene does not exist
prokka_output/45709_F01_Reference/45709_F01_Reference:CDS	hypothetical protein	NZ_LS483405.1:c1380645-1379854	JECDCPOO_01355

DiscRep_SUB:FEATURE_LOCATION_CONFLICT::Coding region xref gene does not exist
prokka_output/45709_F01_Reference/45709_F01_Reference:CDS	Ditrans,polycis-undecaprenyl-diphosphate synthase ((2E,6E)-farnesyl-diphosphate specific)	NZ_LS483405.1:c1381455-1380667	JECDCPOO_01356

DiscRep_SUB:FEATURE_LOCATION_CONFLICT::Coding region xref gene does not exist
prokka_output/45709_F01_Reference/45709_F01_Reference:CDS	hypothetical protein	NZ_LS483405.1:c1381980-1381558	JECDCPOO_01357

DiscRep_SUB:FEATURE_LOCATION_CONFLICT::Coding region xref gene does not exist
prokka_output/45709_F01_Reference/45709_F01_Reference:CDS	Ribosome-recycling factor	NZ_LS483405.1:c1382564-1382007	JECDCPOO_01358

DiscRep_SUB:FEATURE_LOCATION_CONFLICT::Coding region xref gene does not exist
prokka_output/45709_F01_Reference/45709_F01_Reference:CDS	Uridylate kinase	NZ_LS483405.1:c1383289-1382567	JECDCPOO_01359

DiscRep_SUB:FEATURE_LOCATION_CONFLICT::Coding region xref gene does not exist
prokka_output/45709_F01_Reference/45709_F01_Reference:CDS	Elongation factor Ts	NZ_LS483405.1:c1384320-1383436	JECDCPOO_01360

DiscRep_SUB:FEATURE_LOCATION_CONFLICT::Coding region xref gene does not exist
prokka_output/45709_F01_Reference/45709_F01_Reference:CDS	Small ribosomal subunit protein uS2	NZ_LS483405.1:c1385273-1384470	JECDCPOO_01361

DiscRep_SUB:FEATURE_LOCATION_CONFLICT::Coding region xref gene does not exist
prokka_output/45709_F01_Reference/45709_F01_Reference:CDS	Phosphoserine phosphatase	NZ_LS483405.1:1385511-1386230	JECDCPOO_01362

DiscRep_SUB:FEATURE_LOCATION_CONFLICT::Coding region xref gene does not exist
prokka_output/45709_F01_Reference/45709_F01_Reference:CDS	D-lactate/D-glycerate dehydrogenase	NZ_LS483405.1:c1387350-1386352	JECDCPOO_01363

DiscRep_SUB:FEATURE_LOCATION_CONFLICT::Coding region xref gene does not exist
prokka_output/45709_F01_Reference/45709_F01_Reference:CDS	hypothetical protein	NZ_LS483405.1:c1387703-1387434	JECDCPOO_01364

DiscRep_SUB:FEATURE_LOCATION_CONFLICT::Coding region xref gene does not exist
prokka_output/45709_F01_Reference/45709_F01_Reference:CDS	tRNA1(Val) (adenine(37)-N6)-methyltransferase	NZ_LS483405.1:c1388436-1387690	JECDCPOO_01365

DiscRep_SUB:FEATURE_LOCATION_CONFLICT::Coding region xref gene does not exist
prokka_output/45709_F01_Reference/45709_F01_Reference:CDS	1-acyl-sn-glycerol-3-phosphate acyltransferase	NZ_LS483405.1:1388532-1389173	JECDCPOO_01366

DiscRep_SUB:FEATURE_LOCATION_CONFLICT::Coding region xref gene does not exist
prokka_output/45709_F01_Reference/45709_F01_Reference:CDS	putative multidrug resistance ABC transporter ATP-binding/permease protein YheH	NZ_LS483405.1:c1391028-1389235	JECDCPOO_01367

DiscRep_SUB:FEATURE_LOCATION_CONFLICT::Coding region xref gene does not exist
prokka_output/45709_F01_Reference/45709_F01_Reference:CDS	putative multidrug resistance ABC transporter ATP-binding/permease protein YheI	NZ_LS483405.1:c1391335-1391018	JECDCPOO_01368

DiscRep_SUB:FEATURE_LOCATION_CONFLICT::Coding region xref gene does not exist
prokka_output/45709_F01_Reference/45709_F01_Reference:CDS	putative multidrug resistance ABC transporter ATP-binding/permease protein YheI	NZ_LS483405.1:c1392778-1391372	JECDCPOO_01369

DiscRep_SUB:FEATURE_LOCATION_CONFLICT::Coding region xref gene does not exist
prokka_output/45709_F01_Reference/45709_F01_Reference:CDS	hypothetical protein	NZ_LS483405.1:c1393134-1392910	JECDCPOO_01370

DiscRep_SUB:FEATURE_LOCATION_CONFLICT::Coding region xref gene does not exist
prokka_output/45709_F01_Reference/45709_F01_Reference:CDS	hypothetical protein	NZ_LS483405.1:c1393482-1393234	JECDCPOO_01371

DiscRep_SUB:FEATURE_LOCATION_CONFLICT::Coding region xref gene does not exist
prokka_output/45709_F01_Reference/45709_F01_Reference:CDS	LexA repressor	NZ_LS483405.1:1393666-1394295	JECDCPOO_01372

DiscRep_SUB:FEATURE_LOCATION_CONFLICT::Coding region xref gene does not exist
prokka_output/45709_F01_Reference/45709_F01_Reference:CDS	hypothetical protein	NZ_LS483405.1:c1394775-1394335	JECDCPOO_01373

DiscRep_SUB:FEATURE_LOCATION_CONFLICT::Coding region xref gene does not exist
prokka_output/45709_F01_Reference/45709_F01_Reference:CDS	hypothetical protein	NZ_LS483405.1:1395002-1395592	JECDCPOO_01374

DiscRep_SUB:FEATURE_LOCATION_CONFLICT::Coding region xref gene does not exist
prokka_output/45709_F01_Reference/45709_F01_Reference:CDS	Hydroxymethylglutaryl-CoA synthase	NZ_LS483405.1:c1396796-1395627	JECDCPOO_01375

DiscRep_SUB:FEATURE_LOCATION_CONFLICT::Coding region xref gene does not exist
prokka_output/45709_F01_Reference/45709_F01_Reference:CDS	ADP-polyphosphate phosphotransferase	NZ_LS483405.1:c1397823-1396942	JECDCPOO_01376

DiscRep_SUB:FEATURE_LOCATION_CONFLICT::Coding region xref gene does not exist
prokka_output/45709_F01_Reference/45709_F01_Reference:CDS	2,3-bisphosphoglycerate-dependent phosphoglycerate mutase	NZ_LS483405.1:1397984-1398646	JECDCPOO_01377

DiscRep_SUB:FEATURE_LOCATION_CONFLICT::Coding region xref gene does not exist
prokka_output/45709_F01_Reference/45709_F01_Reference:CDS	hypothetical protein	NZ_LS483405.1:1398659-1398841	JECDCPOO_01378

DiscRep_SUB:FEATURE_LOCATION_CONFLICT::Coding region xref gene does not exist
prokka_output/45709_F01_Reference/45709_F01_Reference:CDS	Nucleoside diphosphate kinase	NZ_LS483405.1:1398984-1399448	JECDCPOO_01379

DiscRep_SUB:FEATURE_LOCATION_CONFLICT::Coding region xref gene does not exist
prokka_output/45709_F01_Reference/45709_F01_Reference:CDS	hypothetical protein	NZ_LS483405.1:1399529-1399735	JECDCPOO_01380

DiscRep_SUB:FEATURE_LOCATION_CONFLICT::Coding region xref gene does not exist
prokka_output/45709_F01_Reference/45709_F01_Reference:CDS	hypothetical protein	NZ_LS483405.1:c1400368-1399931	JECDCPOO_01381

DiscRep_SUB:FEATURE_LOCATION_CONFLICT::Coding region xref gene does not exist
prokka_output/45709_F01_Reference/45709_F01_Reference:CDS	hypothetical protein	NZ_LS483405.1:c1401293-1400895	JECDCPOO_01383

DiscRep_SUB:FEATURE_LOCATION_CONFLICT::Coding region xref gene does not exist
prokka_output/45709_F01_Reference/45709_F01_Reference:CDS	Diacylglycerol kinase	NZ_LS483405.1:1401512-1402402	JECDCPOO_01384

DiscRep_SUB:FEATURE_LOCATION_CONFLICT::Coding region xref gene does not exist
prokka_output/45709_F01_Reference/45709_F01_Reference:CDS	hypothetical protein	NZ_LS483405.1:c1402797-1402399	JECDCPOO_01385

DiscRep_SUB:FEATURE_LOCATION_CONFLICT::Coding region xref gene does not exist
prokka_output/45709_F01_Reference/45709_F01_Reference:CDS	hypothetical protein	NZ_LS483405.1:1403139-1403351	JECDCPOO_01386

DiscRep_SUB:FEATURE_LOCATION_CONFLICT::Coding region xref gene does not exist
prokka_output/45709_F01_Reference/45709_F01_Reference:CDS	Putative universal stress protein	NZ_LS483405.1:1403389-1403844	JECDCPOO_01387

DiscRep_SUB:FEATURE_LOCATION_CONFLICT::Coding region xref gene does not exist
prokka_output/45709_F01_Reference/45709_F01_Reference:CDS	Adenine phosphoribosyltransferase	NZ_LS483405.1:c1404426-1403908	JECDCPOO_01388

DiscRep_SUB:FEATURE_LOCATION_CONFLICT::Coding region xref gene does not exist
prokka_output/45709_F01_Reference/45709_F01_Reference:CDS	Single-stranded-DNA-specific exonuclease RecJ	NZ_LS483405.1:c1406765-1404444	JECDCPOO_01389

DiscRep_SUB:FEATURE_LOCATION_CONFLICT::Coding region xref gene does not exist
prokka_output/45709_F01_Reference/45709_F01_Reference:CDS	hypothetical protein	NZ_LS483405.1:c1407219-1406830	JECDCPOO_01390

DiscRep_SUB:FEATURE_LOCATION_CONFLICT::Coding region xref gene does not exist
prokka_output/45709_F01_Reference/45709_F01_Reference:CDS	Ribonuclease Z	NZ_LS483405.1:c1408169-1407216	JECDCPOO_01391

DiscRep_SUB:FEATURE_LOCATION_CONFLICT::Coding region xref gene does not exist
prokka_output/45709_F01_Reference/45709_F01_Reference:CDS	hypothetical protein	NZ_LS483405.1:1408342-1408617	JECDCPOO_01392

DiscRep_SUB:FEATURE_LOCATION_CONFLICT::Coding region xref gene does not exist
prokka_output/45709_F01_Reference/45709_F01_Reference:CDS	hypothetical protein	NZ_LS483405.1:1408632-1409387	JECDCPOO_01393

DiscRep_SUB:FEATURE_LOCATION_CONFLICT::Coding region xref gene does not exist
prokka_output/45709_F01_Reference/45709_F01_Reference:CDS	GTPase Obg	NZ_LS483405.1:c1410729-1409434	JECDCPOO_01394

DiscRep_SUB:FEATURE_LOCATION_CONFLICT::Coding region xref gene does not exist
prokka_output/45709_F01_Reference/45709_F01_Reference:CDS	UvrABC system protein C	NZ_LS483405.1:c1412634-1410817	JECDCPOO_01395

DiscRep_SUB:FEATURE_LOCATION_CONFLICT::Coding region xref gene does not exist
prokka_output/45709_F01_Reference/45709_F01_Reference:CDS	hypothetical protein	NZ_LS483405.1:1412792-1412980	JECDCPOO_01396

DiscRep_SUB:FEATURE_LOCATION_CONFLICT::Coding region xref gene does not exist
prokka_output/45709_F01_Reference/45709_F01_Reference:CDS	hypothetical protein	NZ_LS483405.1:c1413320-1413021	JECDCPOO_01397

DiscRep_SUB:FEATURE_LOCATION_CONFLICT::Coding region xref gene does not exist
prokka_output/45709_F01_Reference/45709_F01_Reference:CDS	putative GTP-binding protein EngB	NZ_LS483405.1:c1413916-1413323	JECDCPOO_01398

DiscRep_SUB:FEATURE_LOCATION_CONFLICT::Coding region xref gene does not exist
prokka_output/45709_F01_Reference/45709_F01_Reference:CDS	ATP-dependent Clp protease ATP-binding subunit ClpX	NZ_LS483405.1:c1415353-1414097	JECDCPOO_01399

DiscRep_SUB:FEATURE_LOCATION_CONFLICT::Coding region xref gene does not exist
prokka_output/45709_F01_Reference/45709_F01_Reference:CDS	Trigger factor	NZ_LS483405.1:c1416892-1415582	JECDCPOO_01400

DiscRep_SUB:FEATURE_LOCATION_CONFLICT::Coding region xref gene does not exist
prokka_output/45709_F01_Reference/45709_F01_Reference:CDS	Elongation factor Tu	NZ_LS483405.1:c1418336-1417146	JECDCPOO_01401

DiscRep_SUB:FEATURE_LOCATION_CONFLICT::Coding region xref gene does not exist
prokka_output/45709_F01_Reference/45709_F01_Reference:CDS	hypothetical protein	NZ_LS483405.1:c1419474-1418545	JECDCPOO_01402

DiscRep_SUB:FEATURE_LOCATION_CONFLICT::Coding region xref gene does not exist
prokka_output/45709_F01_Reference/45709_F01_Reference:CDS	Ribonuclease J 2	NZ_LS483405.1:c1421379-1419547	JECDCPOO_01403

DiscRep_SUB:FEATURE_LOCATION_CONFLICT::Coding region xref gene does not exist
prokka_output/45709_F01_Reference/45709_F01_Reference:CDS	Small ribosomal subunit protein uS15	NZ_LS483405.1:c1421850-1421581	JECDCPOO_01404

DiscRep_SUB:FEATURE_LOCATION_CONFLICT::Coding region xref gene does not exist
prokka_output/45709_F01_Reference/45709_F01_Reference:CDS	Small ribosomal subunit protein bS20	NZ_LS483405.1:1422128-1422382	JECDCPOO_01405

DiscRep_SUB:FEATURE_LOCATION_CONFLICT::Coding region xref gene does not exist
prokka_output/45709_F01_Reference/45709_F01_Reference:CDS	hypothetical protein	NZ_LS483405.1:c1423458-1422679	JECDCPOO_01406

DiscRep_SUB:FEATURE_LOCATION_CONFLICT::Coding region xref gene does not exist
prokka_output/45709_F01_Reference/45709_F01_Reference:CDS	hypothetical protein	NZ_LS483405.1:1423652-1424182	JECDCPOO_01407

DiscRep_SUB:FEATURE_LOCATION_CONFLICT::Coding region xref gene does not exist
prokka_output/45709_F01_Reference/45709_F01_Reference:CDS	DNA polymerase III subunit delta	NZ_LS483405.1:c1425489-1424461	JECDCPOO_01408

DiscRep_SUB:FEATURE_LOCATION_CONFLICT::Coding region xref gene does not exist
prokka_output/45709_F01_Reference/45709_F01_Reference:CDS	ComE operon protein 3	NZ_LS483405.1:c1427753-1425486	JECDCPOO_01409

DiscRep_SUB:FEATURE_LOCATION_CONFLICT::Coding region xref gene does not exist
prokka_output/45709_F01_Reference/45709_F01_Reference:CDS	tRNA-specific adenosine deaminase	NZ_LS483405.1:c1428232-1427753	JECDCPOO_01410

DiscRep_SUB:FEATURE_LOCATION_CONFLICT::Coding region xref gene does not exist
prokka_output/45709_F01_Reference/45709_F01_Reference:CDS	hypothetical protein	NZ_LS483405.1:c1428976-1428281	JECDCPOO_01411

DiscRep_SUB:FEATURE_LOCATION_CONFLICT::Coding region xref gene does not exist
prokka_output/45709_F01_Reference/45709_F01_Reference:CDS	putative protein YlbL	NZ_LS483405.1:c1430126-1429077	JECDCPOO_01412

DiscRep_SUB:FEATURE_LOCATION_CONFLICT::Coding region xref gene does not exist
prokka_output/45709_F01_Reference/45709_F01_Reference:CDS	Phosphopantetheine adenylyltransferase	NZ_LS483405.1:c1430612-1430127	JECDCPOO_01413

DiscRep_SUB:FEATURE_LOCATION_CONFLICT::Coding region xref gene does not exist
prokka_output/45709_F01_Reference/45709_F01_Reference:CDS	Ribosomal RNA small subunit methyltransferase D	NZ_LS483405.1:c1431172-1430609	JECDCPOO_01414

DiscRep_SUB:FEATURE_LOCATION_CONFLICT::Coding region xref gene does not exist
prokka_output/45709_F01_Reference/45709_F01_Reference:CDS	hypothetical protein	NZ_LS483405.1:c1431456-1431169	JECDCPOO_01415

DiscRep_SUB:FEATURE_LOCATION_CONFLICT::Coding region xref gene does not exist
prokka_output/45709_F01_Reference/45709_F01_Reference:CDS	putative peptidoglycan glycosyltransferase FtsW	NZ_LS483405.1:c1432632-1431478	JECDCPOO_01416

DiscRep_SUB:FEATURE_LOCATION_CONFLICT::Coding region xref gene does not exist
prokka_output/45709_F01_Reference/45709_F01_Reference:CDS	Large ribosomal subunit assembly factor BipA	NZ_LS483405.1:c1434630-1432786	JECDCPOO_01417

DiscRep_SUB:FEATURE_LOCATION_CONFLICT::Coding region xref gene does not exist
prokka_output/45709_F01_Reference/45709_F01_Reference:CDS	Inositol-1-monophosphatase	NZ_LS483405.1:c1435559-1434768	JECDCPOO_01418

DiscRep_SUB:FEATURE_LOCATION_CONFLICT::Coding region xref gene does not exist
prokka_output/45709_F01_Reference/45709_F01_Reference:CDS	hypothetical protein	NZ_LS483405.1:c1435849-1435568	JECDCPOO_01419

DiscRep_SUB:FEATURE_LOCATION_CONFLICT::Coding region xref gene does not exist
prokka_output/45709_F01_Reference/45709_F01_Reference:CDS	L-lactate dehydrogenase	NZ_LS483405.1:c1436759-1435851	JECDCPOO_01420

DiscRep_SUB:FEATURE_LOCATION_CONFLICT::Coding region xref gene does not exist
prokka_output/45709_F01_Reference/45709_F01_Reference:CDS	Dihydrolipoyl dehydrogenase	NZ_LS483405.1:c1438392-1436965	JECDCPOO_01421

DiscRep_SUB:FEATURE_LOCATION_CONFLICT::Coding region xref gene does not exist
prokka_output/45709_F01_Reference/45709_F01_Reference:CDS	Dihydrolipoyllysine-residue acetyltransferase component of pyruvate dehydrogenase complex	NZ_LS483405.1:c1439719-1438400	JECDCPOO_01422

DiscRep_SUB:FEATURE_LOCATION_CONFLICT::Coding region xref gene does not exist
prokka_output/45709_F01_Reference/45709_F01_Reference:CDS	Pyruvate dehydrogenase E1 component subunit beta	NZ_LS483405.1:c1440772-1439795	JECDCPOO_01423

DiscRep_SUB:FEATURE_LOCATION_CONFLICT::Coding region xref gene does not exist
prokka_output/45709_F01_Reference/45709_F01_Reference:CDS	Pyruvate dehydrogenase E1 component subunit alpha	NZ_LS483405.1:c1441890-1440775	JECDCPOO_01424

DiscRep_SUB:FEATURE_LOCATION_CONFLICT::Coding region xref gene does not exist
prokka_output/45709_F01_Reference/45709_F01_Reference:CDS	Peptide deformylase	NZ_LS483405.1:1442168-1442728	JECDCPOO_01425

DiscRep_SUB:FEATURE_LOCATION_CONFLICT::Coding region xref gene does not exist
prokka_output/45709_F01_Reference/45709_F01_Reference:CDS	hypothetical protein	NZ_LS483405.1:c1443278-1442781	JECDCPOO_01426

DiscRep_SUB:FEATURE_LOCATION_CONFLICT::Coding region xref gene does not exist
prokka_output/45709_F01_Reference/45709_F01_Reference:CDS	DNA-directed RNA polymerase subunit epsilon	NZ_LS483405.1:1443482-1443700	JECDCPOO_01427

DiscRep_SUB:FEATURE_LOCATION_CONFLICT::Coding region xref gene does not exist
prokka_output/45709_F01_Reference/45709_F01_Reference:CDS	Ribonuclease J1	NZ_LS483405.1:1443697-1445376	JECDCPOO_01428

DiscRep_SUB:FEATURE_LOCATION_CONFLICT::Coding region xref gene does not exist
prokka_output/45709_F01_Reference/45709_F01_Reference:CDS	Putative lipid kinase YtlR	NZ_LS483405.1:1445516-1446475	JECDCPOO_01429

DiscRep_SUB:FEATURE_LOCATION_CONFLICT::Coding region xref gene does not exist
prokka_output/45709_F01_Reference/45709_F01_Reference:CDS	hypothetical protein	NZ_LS483405.1:c1446743-1446537	JECDCPOO_01430

DiscRep_SUB:FEATURE_LOCATION_CONFLICT::Coding region xref gene does not exist
prokka_output/45709_F01_Reference/45709_F01_Reference:CDS	Cell division suppressor protein YneA	NZ_LS483405.1:c1448676-1447078	JECDCPOO_01431

DiscRep_SUB:FEATURE_LOCATION_CONFLICT::Coding region xref gene does not exist
prokka_output/45709_F01_Reference/45709_F01_Reference:CDS	putative protein YpuA	NZ_LS483405.1:c1450186-1449137	JECDCPOO_01432

DiscRep_SUB:FEATURE_LOCATION_CONFLICT::Coding region xref gene does not exist
prokka_output/45709_F01_Reference/45709_F01_Reference:CDS	Gamma-D-glutamyl-L-lysine dipeptidyl-peptidase	NZ_LS483405.1:c1451162-1450272	JECDCPOO_01433

DiscRep_SUB:FEATURE_LOCATION_CONFLICT::Coding region xref gene does not exist
prokka_output/45709_F01_Reference/45709_F01_Reference:CDS	Transketolase	NZ_LS483405.1:c1453306-1451282	JECDCPOO_01434

DiscRep_SUB:FEATURE_LOCATION_CONFLICT::Coding region xref gene does not exist
prokka_output/45709_F01_Reference/45709_F01_Reference:CDS	Ribokinase	NZ_LS483405.1:c1454540-1453620	JECDCPOO_01435

DiscRep_SUB:FEATURE_LOCATION_CONFLICT::Coding region xref gene does not exist
prokka_output/45709_F01_Reference/45709_F01_Reference:CDS	HTH-type transcriptional regulator DegA	NZ_LS483405.1:c1455682-1454675	JECDCPOO_01436

DiscRep_SUB:FEATURE_LOCATION_CONFLICT::Coding region xref gene does not exist
prokka_output/45709_F01_Reference/45709_F01_Reference:CDS	L-glyceraldehyde 3-phosphate reductase	NZ_LS483405.1:c1456829-1455840	JECDCPOO_01437

DiscRep_SUB:FEATURE_LOCATION_CONFLICT::Coding region xref gene does not exist
prokka_output/45709_F01_Reference/45709_F01_Reference:CDS	N-acetylmuramic acid 6-phosphate etherase	NZ_LS483405.1:c1457815-1457075	JECDCPOO_01438

DiscRep_SUB:FEATURE_LOCATION_CONFLICT::Coding region xref gene does not exist
prokka_output/45709_F01_Reference/45709_F01_Reference:CDS	Dipeptide-binding protein	NZ_LS483405.1:c1459649-1458000	JECDCPOO_01439

DiscRep_SUB:FEATURE_LOCATION_CONFLICT::Coding region xref gene does not exist
prokka_output/45709_F01_Reference/45709_F01_Reference:CDS	Lipoamidase	NZ_LS483405.1:c1461149-1459662	JECDCPOO_01440

DiscRep_SUB:FEATURE_LOCATION_CONFLICT::Coding region xref gene does not exist
prokka_output/45709_F01_Reference/45709_F01_Reference:CDS	putative ABC transporter extracellular-binding protein YckB	NZ_LS483405.1:1461287-1462165	JECDCPOO_01441

DiscRep_SUB:FEATURE_LOCATION_CONFLICT::Coding region xref gene does not exist
prokka_output/45709_F01_Reference/45709_F01_Reference:CDS	L-cystine transport system permease protein TcyB	NZ_LS483405.1:1462184-1462873	JECDCPOO_01442

DiscRep_SUB:FEATURE_LOCATION_CONFLICT::Coding region xref gene does not exist
prokka_output/45709_F01_Reference/45709_F01_Reference:CDS	hypothetical protein	NZ_LS483405.1:c1463627-1462935	JECDCPOO_01443

DiscRep_SUB:FEATURE_LOCATION_CONFLICT::Coding region xref gene does not exist
prokka_output/45709_F01_Reference/45709_F01_Reference:CDS	Ribose-phosphate pyrophosphokinase	NZ_LS483405.1:c1464680-1463694	JECDCPOO_01444

DiscRep_SUB:FEATURE_LOCATION_CONFLICT::Coding region xref gene does not exist
prokka_output/45709_F01_Reference/45709_F01_Reference:CDS	ATP-dependent RecD2 DNA helicase	NZ_LS483405.1:c1467301-1464776	JECDCPOO_01445

DiscRep_SUB:FEATURE_LOCATION_CONFLICT::Coding region xref gene does not exist
prokka_output/45709_F01_Reference/45709_F01_Reference:CDS	hypothetical protein	NZ_LS483405.1:c1467996-1467316	JECDCPOO_01446

DiscRep_SUB:FEATURE_LOCATION_CONFLICT::Coding region xref gene does not exist
prokka_output/45709_F01_Reference/45709_F01_Reference:CDS	Phosphoserine phosphatase 1	NZ_LS483405.1:c1468662-1468006	JECDCPOO_01447

DiscRep_SUB:FEATURE_LOCATION_CONFLICT::Coding region xref gene does not exist
prokka_output/45709_F01_Reference/45709_F01_Reference:CDS	tRNA-specific 2-thiouridylase MnmA	NZ_LS483405.1:c1469989-1468805	JECDCPOO_01448

DiscRep_SUB:FEATURE_LOCATION_CONFLICT::Coding region xref gene does not exist
prokka_output/45709_F01_Reference/45709_F01_Reference:CDS	hypothetical protein	NZ_LS483405.1:c1470492-1470151	JECDCPOO_01449

DiscRep_SUB:FEATURE_LOCATION_CONFLICT::Coding region xref gene does not exist
prokka_output/45709_F01_Reference/45709_F01_Reference:CDS	Cysteine desulfurase IscS	NZ_LS483405.1:c1471690-1470494	JECDCPOO_01450

DiscRep_SUB:FEATURE_LOCATION_CONFLICT::Coding region xref gene does not exist
prokka_output/45709_F01_Reference/45709_F01_Reference:CDS	5'-methylthioadenosine/S-adenosylhomocysteine nucleosidase	NZ_LS483405.1:c1472409-1471717	JECDCPOO_01451

DiscRep_SUB:FEATURE_LOCATION_CONFLICT::Coding region xref gene does not exist
prokka_output/45709_F01_Reference/45709_F01_Reference:CDS	hypothetical protein	NZ_LS483405.1:c1472726-1472433	JECDCPOO_01452

DiscRep_SUB:FEATURE_LOCATION_CONFLICT::Coding region xref gene does not exist
prokka_output/45709_F01_Reference/45709_F01_Reference:CDS	ADP-ribose pyrophosphatase	NZ_LS483405.1:c1473277-1472735	JECDCPOO_01453

DiscRep_SUB:FEATURE_LOCATION_CONFLICT::Coding region xref gene does not exist
prokka_output/45709_F01_Reference/45709_F01_Reference:CDS	Cold shock protein CspB	NZ_LS483405.1:c1473503-1473279	JECDCPOO_01454

DiscRep_SUB:FEATURE_LOCATION_CONFLICT::Coding region xref gene does not exist
prokka_output/45709_F01_Reference/45709_F01_Reference:CDS	isoleucine--tRNA ligase IleS	NZ_LS483405.1:c1476419-1473606	JECDCPOO_01455

DiscRep_SUB:FEATURE_LOCATION_CONFLICT::Coding region xref gene does not exist
prokka_output/45709_F01_Reference/45709_F01_Reference:CDS	Cell cycle adapter protein GpsB	NZ_LS483405.1:c1477481-1476771	JECDCPOO_01456

DiscRep_SUB:FEATURE_LOCATION_CONFLICT::Coding region xref gene does not exist
prokka_output/45709_F01_Reference/45709_F01_Reference:CDS	Ribosome-associated protein quality control protein P2	NZ_LS483405.1:c1478280-1477501	JECDCPOO_01457

DiscRep_SUB:FEATURE_LOCATION_CONFLICT::Coding region xref gene does not exist
prokka_output/45709_F01_Reference/45709_F01_Reference:CDS	hypothetical protein	NZ_LS483405.1:c1478586-1478302	JECDCPOO_01458

DiscRep_SUB:FEATURE_LOCATION_CONFLICT::Coding region xref gene does not exist
prokka_output/45709_F01_Reference/45709_F01_Reference:CDS	Cell division protein SepF	NZ_LS483405.1:c1479030-1478599	JECDCPOO_01459

DiscRep_SUB:FEATURE_LOCATION_CONFLICT::Coding region xref gene does not exist
prokka_output/45709_F01_Reference/45709_F01_Reference:CDS	Cell division protein FtsZ	NZ_LS483405.1:c1480325-1479066	JECDCPOO_01460

DiscRep_SUB:FEATURE_LOCATION_CONFLICT::Coding region xref gene does not exist
prokka_output/45709_F01_Reference/45709_F01_Reference:CDS	Cell division protein FtsA	NZ_LS483405.1:c1481675-1480347	JECDCPOO_01461

DiscRep_SUB:FEATURE_LOCATION_CONFLICT::Coding region xref gene does not exist
prokka_output/45709_F01_Reference/45709_F01_Reference:CDS	Cell division protein DivIB	NZ_LS483405.1:c1482686-1481817	JECDCPOO_01462

DiscRep_SUB:FEATURE_LOCATION_CONFLICT::Coding region xref gene does not exist
prokka_output/45709_F01_Reference/45709_F01_Reference:CDS	UDP-N-acetylglucosamine--N-acetylmuramyl-(pentapeptide) pyrophosphoryl-undecaprenol N-acetylglucosamine transferase	NZ_LS483405.1:c1483813-1482719	JECDCPOO_01463

DiscRep_SUB:FEATURE_LOCATION_CONFLICT::Coding region xref gene does not exist
prokka_output/45709_F01_Reference/45709_F01_Reference:CDS	UDP-N-acetylmuramoylalanine--D-glutamate ligase	NZ_LS483405.1:c1485192-1483813	JECDCPOO_01464

DiscRep_SUB:FEATURE_LOCATION_CONFLICT::Coding region xref gene does not exist
prokka_output/45709_F01_Reference/45709_F01_Reference:CDS	Phospho-N-acetylmuramoyl-pentapeptide-transferase	NZ_LS483405.1:c1486265-1485294	JECDCPOO_01465

DiscRep_SUB:FEATURE_LOCATION_CONFLICT::Coding region xref gene does not exist
prokka_output/45709_F01_Reference/45709_F01_Reference:CDS	Penicillin-binding protein 2B	NZ_LS483405.1:c1488446-1486287	JECDCPOO_01466

DiscRep_SUB:FEATURE_LOCATION_CONFLICT::Coding region xref gene does not exist
prokka_output/45709_F01_Reference/45709_F01_Reference:CDS	Cell division protein FtsL	NZ_LS483405.1:c1488841-1488446	JECDCPOO_01467

DiscRep_SUB:FEATURE_LOCATION_CONFLICT::Coding region xref gene does not exist
prokka_output/45709_F01_Reference/45709_F01_Reference:CDS	Ribosomal RNA small subunit methyltransferase H	NZ_LS483405.1:c1489830-1488886	JECDCPOO_01468

DiscRep_SUB:FEATURE_LOCATION_CONFLICT::Coding region xref gene does not exist
prokka_output/45709_F01_Reference/45709_F01_Reference:CDS	Transcriptional regulator MraZ	NZ_LS483405.1:c1490293-1489862	JECDCPOO_01469

DiscRep_SUB:FEATURE_LOCATION_CONFLICT::Coding region xref gene does not exist
prokka_output/45709_F01_Reference/45709_F01_Reference:CDS	hypothetical protein	NZ_LS483405.1:c1490857-1490504	JECDCPOO_01470

DiscRep_SUB:FEATURE_LOCATION_CONFLICT::Coding region xref gene does not exist
prokka_output/45709_F01_Reference/45709_F01_Reference:CDS	hypothetical protein	NZ_LS483405.1:1491030-1491152	JECDCPOO_01471

DiscRep_SUB:FEATURE_LOCATION_CONFLICT::Coding region xref gene does not exist
prokka_output/45709_F01_Reference/45709_F01_Reference:CDS	DNA translocase SpoIIIE	NZ_LS483405.1:c1493557-1491212	JECDCPOO_01472

DiscRep_SUB:FEATURE_LOCATION_CONFLICT::Coding region xref gene does not exist
prokka_output/45709_F01_Reference/45709_F01_Reference:CDS	Putative tRNA (cytidine(34)-2'-O)-methyltransferase	NZ_LS483405.1:c1494088-1493576	JECDCPOO_01473

DiscRep_SUB:FEATURE_LOCATION_CONFLICT::Coding region xref gene does not exist
prokka_output/45709_F01_Reference/45709_F01_Reference:CDS	23S rRNA (guanine(745)-N(1))-methyltransferase	NZ_LS483405.1:c1495242-1494388	JECDCPOO_01474

DiscRep_SUB:FEATURE_LOCATION_CONFLICT::Coding region xref gene does not exist
prokka_output/45709_F01_Reference/45709_F01_Reference:CDS	Putative transport protein	NZ_LS483405.1:c1496416-1495229	JECDCPOO_01475

DiscRep_SUB:FEATURE_LOCATION_CONFLICT::Coding region xref gene does not exist
prokka_output/45709_F01_Reference/45709_F01_Reference:CDS	PF03932 family protein CutC	NZ_LS483405.1:1496506-1497138	JECDCPOO_01476

DiscRep_SUB:FEATURE_LOCATION_CONFLICT::Coding region xref gene does not exist
prokka_output/45709_F01_Reference/45709_F01_Reference:CDS	hypothetical protein	NZ_LS483405.1:c1497419-1497219	JECDCPOO_01477

DiscRep_SUB:FEATURE_LOCATION_CONFLICT::Coding region xref gene does not exist
prokka_output/45709_F01_Reference/45709_F01_Reference:CDS	UDP-N-acetylglucosamine--peptide N-acetylglucosaminyltransferase GtfA subunit	NZ_LS483405.1:c1498975-1497470	JECDCPOO_01478

DiscRep_SUB:FEATURE_LOCATION_CONFLICT::Coding region xref gene does not exist
prokka_output/45709_F01_Reference/45709_F01_Reference:CDS	UDP-N-acetylglucosamine--peptide N-acetylglucosaminyltransferase GtfA subunit	NZ_LS483405.1:c1500527-1499004	JECDCPOO_01479

DiscRep_SUB:FEATURE_LOCATION_CONFLICT::Coding region xref gene does not exist
prokka_output/45709_F01_Reference/45709_F01_Reference:CDS	hypothetical protein	NZ_LS483405.1:c1500767-1500561	JECDCPOO_01480

DiscRep_SUB:FEATURE_LOCATION_CONFLICT::Coding region xref gene does not exist
prokka_output/45709_F01_Reference/45709_F01_Reference:CDS	hypothetical protein	NZ_LS483405.1:c1501141-1500764	JECDCPOO_01481

DiscRep_SUB:FEATURE_LOCATION_CONFLICT::Coding region xref gene does not exist
prokka_output/45709_F01_Reference/45709_F01_Reference:CDS	hypothetical protein	NZ_LS483405.1:c1501552-1501196	JECDCPOO_01482

DiscRep_SUB:FEATURE_LOCATION_CONFLICT::Coding region xref gene does not exist
prokka_output/45709_F01_Reference/45709_F01_Reference:CDS	hypothetical protein	NZ_LS483405.1:c1502366-1501584	JECDCPOO_01483

DiscRep_SUB:FEATURE_LOCATION_CONFLICT::Coding region xref gene does not exist
prokka_output/45709_F01_Reference/45709_F01_Reference:CDS	hypothetical protein	NZ_LS483405.1:c1503960-1503061	JECDCPOO_01484

DiscRep_SUB:FEATURE_LOCATION_CONFLICT::Coding region xref gene does not exist
prokka_output/45709_F01_Reference/45709_F01_Reference:CDS	NAD kinase 1	NZ_LS483405.1:c1504760-1503957	JECDCPOO_01485

DiscRep_SUB:FEATURE_LOCATION_CONFLICT::Coding region xref gene does not exist
prokka_output/45709_F01_Reference/45709_F01_Reference:CDS	GTP pyrophosphokinase YjbM	NZ_LS483405.1:c1505421-1504762	JECDCPOO_01486

DiscRep_SUB:FEATURE_LOCATION_CONFLICT::Coding region xref gene does not exist
prokka_output/45709_F01_Reference/45709_F01_Reference:CDS	ClpXP adapter protein SpxH	NZ_LS483405.1:1505748-1506386	JECDCPOO_01487

DiscRep_SUB:FEATURE_LOCATION_CONFLICT::Coding region xref gene does not exist
prokka_output/45709_F01_Reference/45709_F01_Reference:CDS	Protein DegV	NZ_LS483405.1:1506549-1507412	JECDCPOO_01488

DiscRep_SUB:FEATURE_LOCATION_CONFLICT::Coding region xref gene does not exist
prokka_output/45709_F01_Reference/45709_F01_Reference:CDS	Oligoendopeptidase F, plasmid	NZ_LS483405.1:c1509271-1507466	JECDCPOO_01489

DiscRep_SUB:FEATURE_LOCATION_CONFLICT::Coding region xref gene does not exist
prokka_output/45709_F01_Reference/45709_F01_Reference:CDS	hypothetical protein	NZ_LS483405.1:c1510432-1509338	JECDCPOO_01490

DiscRep_SUB:FEATURE_LOCATION_CONFLICT::Coding region xref gene does not exist
prokka_output/45709_F01_Reference/45709_F01_Reference:CDS	tRNA (guanine-N(7)-)-methyltransferase	NZ_LS483405.1:c1511206-1510559	JECDCPOO_01491

DiscRep_SUB:FEATURE_LOCATION_CONFLICT::Coding region xref gene does not exist
prokka_output/45709_F01_Reference/45709_F01_Reference:CDS	Cell cycle regulator CcrZ	NZ_LS483405.1:c1512063-1511272	JECDCPOO_01492

DiscRep_SUB:FEATURE_LOCATION_CONFLICT::Coding region xref gene does not exist
prokka_output/45709_F01_Reference/45709_F01_Reference:CDS	hypothetical protein	NZ_LS483405.1:c1513351-1512125	JECDCPOO_01493

DiscRep_SUB:FEATURE_LOCATION_CONFLICT::Coding region xref gene does not exist
prokka_output/45709_F01_Reference/45709_F01_Reference:CDS	ABC-type transporter ATP-binding protein EcsA	NZ_LS483405.1:c1514082-1513348	JECDCPOO_01494

DiscRep_SUB:FEATURE_LOCATION_CONFLICT::Coding region xref gene does not exist
prokka_output/45709_F01_Reference/45709_F01_Reference:CDS	Protein hit	NZ_LS483405.1:1514292-1514750	JECDCPOO_01495

DiscRep_SUB:FEATURE_LOCATION_CONFLICT::Coding region xref gene does not exist
prokka_output/45709_F01_Reference/45709_F01_Reference:CDS	hypothetical protein	NZ_LS483405.1:1514753-1515073	JECDCPOO_01496

DiscRep_SUB:FEATURE_LOCATION_CONFLICT::Coding region xref gene does not exist
prokka_output/45709_F01_Reference/45709_F01_Reference:CDS	Foldase protein PrsA	NZ_LS483405.1:1515186-1516103	JECDCPOO_01497

DiscRep_SUB:FEATURE_LOCATION_CONFLICT::Coding region xref gene does not exist
prokka_output/45709_F01_Reference/45709_F01_Reference:CDS	3'-5' exoribonuclease YhaM	NZ_LS483405.1:c1517141-1516167	JECDCPOO_01498

DiscRep_SUB:FEATURE_LOCATION_CONFLICT::Coding region xref gene does not exist
prokka_output/45709_F01_Reference/45709_F01_Reference:CDS	Chromosome partition protein Smc	NZ_LS483405.1:c1519778-1517154	JECDCPOO_01499

DiscRep_SUB:FEATURE_LOCATION_CONFLICT::Coding region xref gene does not exist
prokka_output/45709_F01_Reference/45709_F01_Reference:CDS	hypothetical protein	NZ_LS483405.1:c1520982-1519768	JECDCPOO_01500

DiscRep_SUB:FEATURE_LOCATION_CONFLICT::Coding region xref gene does not exist
prokka_output/45709_F01_Reference/45709_F01_Reference:CDS	hypothetical protein	NZ_LS483405.1:c1521410-1521066	JECDCPOO_01501

DiscRep_SUB:FEATURE_LOCATION_CONFLICT::Coding region xref gene does not exist
prokka_output/45709_F01_Reference/45709_F01_Reference:CDS	Penicillin-binding protein 2a	NZ_LS483405.1:c1523598-1521502	JECDCPOO_01502

DiscRep_SUB:FEATURE_LOCATION_CONFLICT::Coding region xref gene does not exist
prokka_output/45709_F01_Reference/45709_F01_Reference:CDS	Arginine repressor	NZ_LS483405.1:c1524231-1523764	JECDCPOO_01503

DiscRep_SUB:FEATURE_LOCATION_CONFLICT::Coding region xref gene does not exist
prokka_output/45709_F01_Reference/45709_F01_Reference:CDS	Arginine--tRNA ligase	NZ_LS483405.1:c1526157-1524466	JECDCPOO_01504

DiscRep_SUB:FEATURE_LOCATION_CONFLICT::Coding region xref gene does not exist
prokka_output/45709_F01_Reference/45709_F01_Reference:CDS	hypothetical protein	NZ_LS483405.1:c1526850-1526629	JECDCPOO_01506

DiscRep_SUB:FEATURE_LOCATION_CONFLICT::Coding region xref gene does not exist
prokka_output/45709_F01_Reference/45709_F01_Reference:CDS	hypothetical protein	NZ_LS483405.1:1527184-1528443	JECDCPOO_01507

DiscRep_SUB:FEATURE_LOCATION_CONFLICT::Coding region xref gene does not exist
prokka_output/45709_F01_Reference/45709_F01_Reference:CDS	putative protein YyaP	NZ_LS483405.1:1528504-1529037	JECDCPOO_01508

DiscRep_SUB:FEATURE_LOCATION_CONFLICT::Coding region xref gene does not exist
prokka_output/45709_F01_Reference/45709_F01_Reference:CDS	hypothetical protein	NZ_LS483405.1:1529104-1529445	JECDCPOO_01509

DiscRep_SUB:FEATURE_LOCATION_CONFLICT::Coding region xref gene does not exist
prokka_output/45709_F01_Reference/45709_F01_Reference:CDS	hypothetical protein	NZ_LS483405.1:c1531560-1529509	JECDCPOO_01510

DiscRep_SUB:FEATURE_LOCATION_CONFLICT::Coding region xref gene does not exist
prokka_output/45709_F01_Reference/45709_F01_Reference:CDS	Phosphoenolpyruvate-protein phosphotransferase	NZ_LS483405.1:c1533436-1531712	JECDCPOO_01511

DiscRep_SUB:FEATURE_LOCATION_CONFLICT::Coding region xref gene does not exist
prokka_output/45709_F01_Reference/45709_F01_Reference:CDS	Transketolase	NZ_LS483405.1:c1535483-1533459	JECDCPOO_01512

DiscRep_SUB:FEATURE_LOCATION_CONFLICT::Coding region xref gene does not exist
prokka_output/45709_F01_Reference/45709_F01_Reference:CDS	Ascorbate-specific PTS system EIIC component	NZ_LS483405.1:c1536892-1535525	JECDCPOO_01513

DiscRep_SUB:FEATURE_LOCATION_CONFLICT::Coding region xref gene does not exist
prokka_output/45709_F01_Reference/45709_F01_Reference:CDS	hypothetical protein	NZ_LS483405.1:c1537224-1536925	JECDCPOO_01514

DiscRep_SUB:FEATURE_LOCATION_CONFLICT::Coding region xref gene does not exist
prokka_output/45709_F01_Reference/45709_F01_Reference:CDS	Mannitol-specific cryptic phosphotransferase enzyme IIA component	NZ_LS483405.1:c1537673-1537224	JECDCPOO_01515

DiscRep_SUB:FEATURE_LOCATION_CONFLICT::Coding region xref gene does not exist
prokka_output/45709_F01_Reference/45709_F01_Reference:CDS	Aspartate racemase	NZ_LS483405.1:c1538566-1537853	JECDCPOO_01516

DiscRep_SUB:FEATURE_LOCATION_CONFLICT::Coding region xref gene does not exist
prokka_output/45709_F01_Reference/45709_F01_Reference:CDS	D-aspartate ligase	NZ_LS483405.1:c1539829-1538573	JECDCPOO_01517

DiscRep_SUB:FEATURE_LOCATION_CONFLICT::Coding region xref gene does not exist
prokka_output/45709_F01_Reference/45709_F01_Reference:CDS	Asparagine synthetase [glutamine-hydrolyzing] 1	NZ_LS483405.1:c1541847-1539964	JECDCPOO_01518

DiscRep_SUB:FEATURE_LOCATION_CONFLICT::Coding region xref gene does not exist
prokka_output/45709_F01_Reference/45709_F01_Reference:CDS	Anaerobic regulatory protein	NZ_LS483405.1:c1542689-1541991	JECDCPOO_01519

DiscRep_SUB:FEATURE_LOCATION_CONFLICT::Coding region xref gene does not exist
prokka_output/45709_F01_Reference/45709_F01_Reference:CDS	Dipeptidase A	NZ_LS483405.1:1542828-1544237	JECDCPOO_01520

DiscRep_SUB:FEATURE_LOCATION_CONFLICT::Coding region xref gene does not exist
prokka_output/45709_F01_Reference/45709_F01_Reference:CDS	hypothetical protein	NZ_LS483405.1:1544307-1544543	JECDCPOO_01521

DiscRep_SUB:FEATURE_LOCATION_CONFLICT::Coding region xref gene does not exist
prokka_output/45709_F01_Reference/45709_F01_Reference:CDS	hypothetical protein	NZ_LS483405.1:c1546494-1544692	JECDCPOO_01522

DiscRep_SUB:FEATURE_LOCATION_CONFLICT::Coding region xref gene does not exist
prokka_output/45709_F01_Reference/45709_F01_Reference:CDS	hypothetical protein	NZ_LS483405.1:c1549019-1546848	JECDCPOO_01523

DiscRep_SUB:FEATURE_LOCATION_CONFLICT::Coding region xref gene does not exist
prokka_output/45709_F01_Reference/45709_F01_Reference:CDS	hypothetical protein	NZ_LS483405.1:c1549748-1549497	JECDCPOO_01524

DiscRep_SUB:FEATURE_LOCATION_CONFLICT::Coding region xref gene does not exist
prokka_output/45709_F01_Reference/45709_F01_Reference:CDS	hypothetical protein	NZ_LS483405.1:c1550356-1549928	JECDCPOO_01525

DiscRep_SUB:FEATURE_LOCATION_CONFLICT::Coding region xref gene does not exist
prokka_output/45709_F01_Reference/45709_F01_Reference:CDS	UvrABC system protein A	NZ_LS483405.1:c1552997-1550487	JECDCPOO_01526

DiscRep_SUB:FEATURE_LOCATION_CONFLICT::Coding region xref gene does not exist
prokka_output/45709_F01_Reference/45709_F01_Reference:CDS	hypothetical protein	NZ_LS483405.1:c1553664-1553371	JECDCPOO_01528

DiscRep_SUB:FEATURE_LOCATION_CONFLICT::Coding region xref gene does not exist
prokka_output/45709_F01_Reference/45709_F01_Reference:CDS	hypothetical protein	NZ_LS483405.1:c1554173-1553655	JECDCPOO_01529

DiscRep_SUB:FEATURE_LOCATION_CONFLICT::Coding region xref gene does not exist
prokka_output/45709_F01_Reference/45709_F01_Reference:CDS	Organic hydroperoxide resistance transcriptional regulator	NZ_LS483405.1:1554729-1555205	JECDCPOO_01530

DiscRep_SUB:FEATURE_LOCATION_CONFLICT::Coding region xref gene does not exist
prokka_output/45709_F01_Reference/45709_F01_Reference:CDS	hypothetical protein	NZ_LS483405.1:c1555938-1555258	JECDCPOO_01531

DiscRep_SUB:FEATURE_LOCATION_CONFLICT::Coding region xref gene does not exist
prokka_output/45709_F01_Reference/45709_F01_Reference:CDS	hypothetical protein	NZ_LS483405.1:c1556492-1556247	JECDCPOO_01532

DiscRep_SUB:FEATURE_LOCATION_CONFLICT::Coding region xref gene does not exist
prokka_output/45709_F01_Reference/45709_F01_Reference:CDS	Putative 2-hydroxyacid dehydrogenase	NZ_LS483405.1:1556642-1557604	JECDCPOO_01533

DiscRep_SUB:FEATURE_LOCATION_CONFLICT::Coding region xref gene does not exist
prokka_output/45709_F01_Reference/45709_F01_Reference:CDS	Trehalose 6-phosphate phosphorylase	NZ_LS483405.1:1557824-1560538	JECDCPOO_01534

DiscRep_SUB:FEATURE_LOCATION_CONFLICT::Coding region xref gene does not exist
prokka_output/45709_F01_Reference/45709_F01_Reference:CDS	Beta-phosphoglucomutase	NZ_LS483405.1:1560551-1561222	JECDCPOO_01535

DiscRep_SUB:FEATURE_LOCATION_CONFLICT::Coding region xref gene does not exist
prokka_output/45709_F01_Reference/45709_F01_Reference:CDS	Putative bifunctional phosphatase/peptidyl-prolyl cis-trans isomerase	NZ_LS483405.1:c1562048-1561278	JECDCPOO_01536

DiscRep_SUB:FEATURE_LOCATION_CONFLICT::Coding region xref gene does not exist
prokka_output/45709_F01_Reference/45709_F01_Reference:CDS	Deoxyguanosine kinase	NZ_LS483405.1:1562202-1562849	JECDCPOO_01537

DiscRep_SUB:FEATURE_LOCATION_CONFLICT::Coding region xref gene does not exist
prokka_output/45709_F01_Reference/45709_F01_Reference:CDS	hypothetical protein	NZ_LS483405.1:c1563224-1562898	JECDCPOO_01538

DiscRep_SUB:FEATURE_LOCATION_CONFLICT::Coding region xref gene does not exist
prokka_output/45709_F01_Reference/45709_F01_Reference:CDS	Multidrug transporter protein MdtP	NZ_LS483405.1:c1564773-1563298	JECDCPOO_01539

DiscRep_SUB:FEATURE_LOCATION_CONFLICT::Coding region xref gene does not exist
prokka_output/45709_F01_Reference/45709_F01_Reference:CDS	S-adenosylmethionine synthase	NZ_LS483405.1:c1566166-1564979	JECDCPOO_01540

DiscRep_SUB:FEATURE_LOCATION_CONFLICT::Coding region xref gene does not exist
prokka_output/45709_F01_Reference/45709_F01_Reference:CDS	hypothetical protein	NZ_LS483405.1:1566410-1567117	JECDCPOO_01541

DiscRep_SUB:FEATURE_LOCATION_CONFLICT::Coding region xref gene does not exist
prokka_output/45709_F01_Reference/45709_F01_Reference:CDS	hypothetical protein	NZ_LS483405.1:1567223-1567564	JECDCPOO_01542

DiscRep_SUB:FEATURE_LOCATION_CONFLICT::Coding region xref gene does not exist
prokka_output/45709_F01_Reference/45709_F01_Reference:CDS	hypothetical protein	NZ_LS483405.1:c1568181-1567612	JECDCPOO_01543

DiscRep_SUB:FEATURE_LOCATION_CONFLICT::Coding region xref gene does not exist
prokka_output/45709_F01_Reference/45709_F01_Reference:CDS	hypothetical protein	NZ_LS483405.1:1568387-1568710	JECDCPOO_01544

DiscRep_SUB:FEATURE_LOCATION_CONFLICT::Coding region xref gene does not exist
prokka_output/45709_F01_Reference/45709_F01_Reference:CDS	hypothetical protein	NZ_LS483405.1:1569117-1569653	JECDCPOO_01545

DiscRep_SUB:FEATURE_LOCATION_CONFLICT::Coding region xref gene does not exist
prokka_output/45709_F01_Reference/45709_F01_Reference:CDS	hypothetical protein	NZ_LS483405.1:1569907-1570374	JECDCPOO_01546

DiscRep_SUB:FEATURE_LOCATION_CONFLICT::Coding region xref gene does not exist
prokka_output/45709_F01_Reference/45709_F01_Reference:CDS	hypothetical protein	NZ_LS483405.1:1571087-1571338	JECDCPOO_01547

DiscRep_SUB:FEATURE_LOCATION_CONFLICT::Coding region xref gene does not exist
prokka_output/45709_F01_Reference/45709_F01_Reference:CDS	Alkaline shock protein 23	NZ_LS483405.1:c1572217-1571813	JECDCPOO_01548

DiscRep_SUB:FEATURE_LOCATION_CONFLICT::Coding region xref gene does not exist
prokka_output/45709_F01_Reference/45709_F01_Reference:CDS	Alkaline shock protein 23	NZ_LS483405.1:c1572654-1572235	JECDCPOO_01549

DiscRep_SUB:FEATURE_LOCATION_CONFLICT::Coding region xref gene does not exist
prokka_output/45709_F01_Reference/45709_F01_Reference:CDS	hypothetical protein	NZ_LS483405.1:c1572852-1572670	JECDCPOO_01550

DiscRep_SUB:FEATURE_LOCATION_CONFLICT::Coding region xref gene does not exist
prokka_output/45709_F01_Reference/45709_F01_Reference:CDS	hypothetical protein	NZ_LS483405.1:c1573416-1572871	JECDCPOO_01551

DiscRep_SUB:FEATURE_LOCATION_CONFLICT::Coding region xref gene does not exist
prokka_output/45709_F01_Reference/45709_F01_Reference:CDS	hypothetical protein	NZ_LS483405.1:c1573686-1573429	JECDCPOO_01552

DiscRep_SUB:FEATURE_LOCATION_CONFLICT::Coding region xref gene does not exist
prokka_output/45709_F01_Reference/45709_F01_Reference:CDS	hypothetical protein	NZ_LS483405.1:c1574975-1573923	JECDCPOO_01553

DiscRep_SUB:FEATURE_LOCATION_CONFLICT::Coding region xref gene does not exist
prokka_output/45709_F01_Reference/45709_F01_Reference:CDS	hypothetical protein	NZ_LS483405.1:c1575490-1574975	JECDCPOO_01554

DiscRep_SUB:FEATURE_LOCATION_CONFLICT::Coding region xref gene does not exist
prokka_output/45709_F01_Reference/45709_F01_Reference:CDS	hypothetical protein	NZ_LS483405.1:c1575891-1575487	JECDCPOO_01555

DiscRep_SUB:FEATURE_LOCATION_CONFLICT::Coding region xref gene does not exist
prokka_output/45709_F01_Reference/45709_F01_Reference:CDS	hypothetical protein	NZ_LS483405.1:c1576118-1575948	JECDCPOO_01556

DiscRep_SUB:FEATURE_LOCATION_CONFLICT::Coding region xref gene does not exist
prokka_output/45709_F01_Reference/45709_F01_Reference:CDS	hypothetical protein	NZ_LS483405.1:c1576264-1576133	JECDCPOO_01557

DiscRep_SUB:FEATURE_LOCATION_CONFLICT::Coding region xref gene does not exist
prokka_output/45709_F01_Reference/45709_F01_Reference:CDS	hypothetical protein	NZ_LS483405.1:c1576747-1576277	JECDCPOO_01558

DiscRep_SUB:FEATURE_LOCATION_CONFLICT::Coding region xref gene does not exist
prokka_output/45709_F01_Reference/45709_F01_Reference:CDS	hypothetical protein	NZ_LS483405.1:c1577242-1576760	JECDCPOO_01559

DiscRep_SUB:FEATURE_LOCATION_CONFLICT::Coding region xref gene does not exist
prokka_output/45709_F01_Reference/45709_F01_Reference:CDS	hypothetical protein	NZ_LS483405.1:c1577831-1577352	JECDCPOO_01560

DiscRep_SUB:FEATURE_LOCATION_CONFLICT::Coding region xref gene does not exist
prokka_output/45709_F01_Reference/45709_F01_Reference:CDS	hypothetical protein	NZ_LS483405.1:c1578386-1577943	JECDCPOO_01561

DiscRep_SUB:FEATURE_LOCATION_CONFLICT::Coding region xref gene does not exist
prokka_output/45709_F01_Reference/45709_F01_Reference:CDS	hypothetical protein	NZ_LS483405.1:c1578980-1578486	JECDCPOO_01562

DiscRep_SUB:FEATURE_LOCATION_CONFLICT::Coding region xref gene does not exist
prokka_output/45709_F01_Reference/45709_F01_Reference:CDS	hypothetical protein	NZ_LS483405.1:c1580523-1578991	JECDCPOO_01563

DiscRep_SUB:FEATURE_LOCATION_CONFLICT::Coding region xref gene does not exist
prokka_output/45709_F01_Reference/45709_F01_Reference:CDS	hypothetical protein	NZ_LS483405.1:c1581253-1580540	JECDCPOO_01564

DiscRep_SUB:FEATURE_LOCATION_CONFLICT::Coding region xref gene does not exist
prokka_output/45709_F01_Reference/45709_F01_Reference:CDS	hypothetical protein	NZ_LS483405.1:c1582394-1581246	JECDCPOO_01565

DiscRep_SUB:FEATURE_LOCATION_CONFLICT::Coding region xref gene does not exist
prokka_output/45709_F01_Reference/45709_F01_Reference:CDS	hypothetical protein	NZ_LS483405.1:c1582764-1582378	JECDCPOO_01566

DiscRep_SUB:FEATURE_LOCATION_CONFLICT::Coding region xref gene does not exist
prokka_output/45709_F01_Reference/45709_F01_Reference:CDS	hypothetical protein	NZ_LS483405.1:c1583167-1582754	JECDCPOO_01567

DiscRep_SUB:FEATURE_LOCATION_CONFLICT::Coding region xref gene does not exist
prokka_output/45709_F01_Reference/45709_F01_Reference:CDS	hypothetical protein	NZ_LS483405.1:c1584429-1583176	JECDCPOO_01568

DiscRep_SUB:FEATURE_LOCATION_CONFLICT::Coding region xref gene does not exist
prokka_output/45709_F01_Reference/45709_F01_Reference:CDS	hypothetical protein	NZ_LS483405.1:c1584893-1584429	JECDCPOO_01569

DiscRep_SUB:FEATURE_LOCATION_CONFLICT::Coding region xref gene does not exist
prokka_output/45709_F01_Reference/45709_F01_Reference:CDS	hypothetical protein	NZ_LS483405.1:c1585886-1584909	JECDCPOO_01570

DiscRep_SUB:FEATURE_LOCATION_CONFLICT::Coding region xref gene does not exist
prokka_output/45709_F01_Reference/45709_F01_Reference:CDS	hypothetical protein	NZ_LS483405.1:c1591796-1585947	JECDCPOO_01571

DiscRep_SUB:FEATURE_LOCATION_CONFLICT::Coding region xref gene does not exist
prokka_output/45709_F01_Reference/45709_F01_Reference:CDS	hypothetical protein	NZ_LS483405.1:c1592031-1591789	JECDCPOO_01572

DiscRep_SUB:FEATURE_LOCATION_CONFLICT::Coding region xref gene does not exist
prokka_output/45709_F01_Reference/45709_F01_Reference:CDS	hypothetical protein	NZ_LS483405.1:c1592395-1591997	JECDCPOO_01573

DiscRep_SUB:FEATURE_LOCATION_CONFLICT::Coding region xref gene does not exist
prokka_output/45709_F01_Reference/45709_F01_Reference:CDS	hypothetical protein	NZ_LS483405.1:c1592855-1592439	JECDCPOO_01574

DiscRep_SUB:FEATURE_LOCATION_CONFLICT::Coding region xref gene does not exist
prokka_output/45709_F01_Reference/45709_F01_Reference:CDS	hypothetical protein	NZ_LS483405.1:c1594016-1592871	JECDCPOO_01575

DiscRep_SUB:FEATURE_LOCATION_CONFLICT::Coding region xref gene does not exist
prokka_output/45709_F01_Reference/45709_F01_Reference:CDS	hypothetical protein	NZ_LS483405.1:c1594488-1594000	JECDCPOO_01576

DiscRep_SUB:FEATURE_LOCATION_CONFLICT::Coding region xref gene does not exist
prokka_output/45709_F01_Reference/45709_F01_Reference:CDS	hypothetical protein	NZ_LS483405.1:c1594864-1594475	JECDCPOO_01577

DiscRep_SUB:FEATURE_LOCATION_CONFLICT::Coding region xref gene does not exist
prokka_output/45709_F01_Reference/45709_F01_Reference:CDS	hypothetical protein	NZ_LS483405.1:c1595342-1594857	JECDCPOO_01578

DiscRep_SUB:FEATURE_LOCATION_CONFLICT::Coding region xref gene does not exist
prokka_output/45709_F01_Reference/45709_F01_Reference:CDS	hypothetical protein	NZ_LS483405.1:c1595806-1595468	JECDCPOO_01579

DiscRep_SUB:FEATURE_LOCATION_CONFLICT::Coding region xref gene does not exist
prokka_output/45709_F01_Reference/45709_F01_Reference:CDS	hypothetical protein	NZ_LS483405.1:c1595997-1595818	JECDCPOO_01580

DiscRep_SUB:FEATURE_LOCATION_CONFLICT::Coding region xref gene does not exist
prokka_output/45709_F01_Reference/45709_F01_Reference:CDS	hypothetical protein	NZ_LS483405.1:c1596513-1596010	JECDCPOO_01581

DiscRep_SUB:FEATURE_LOCATION_CONFLICT::Coding region xref gene does not exist
prokka_output/45709_F01_Reference/45709_F01_Reference:CDS	hypothetical protein	NZ_LS483405.1:c1597753-1596596	JECDCPOO_01582

DiscRep_SUB:FEATURE_LOCATION_CONFLICT::Coding region xref gene does not exist
prokka_output/45709_F01_Reference/45709_F01_Reference:CDS	hypothetical protein	NZ_LS483405.1:c1598146-1597766	JECDCPOO_01583

DiscRep_SUB:FEATURE_LOCATION_CONFLICT::Coding region xref gene does not exist
prokka_output/45709_F01_Reference/45709_F01_Reference:CDS	hypothetical protein	NZ_LS483405.1:c1598661-1598158	JECDCPOO_01584

DiscRep_SUB:FEATURE_LOCATION_CONFLICT::Coding region xref gene does not exist
prokka_output/45709_F01_Reference/45709_F01_Reference:CDS	hypothetical protein	NZ_LS483405.1:c1599603-1598674	JECDCPOO_01585

DiscRep_SUB:FEATURE_LOCATION_CONFLICT::Coding region xref gene does not exist
prokka_output/45709_F01_Reference/45709_F01_Reference:CDS	hypothetical protein	NZ_LS483405.1:c1601234-1599603	JECDCPOO_01586

DiscRep_SUB:FEATURE_LOCATION_CONFLICT::Coding region xref gene does not exist
prokka_output/45709_F01_Reference/45709_F01_Reference:CDS	hypothetical protein	NZ_LS483405.1:c1602760-1601252	JECDCPOO_01587

DiscRep_SUB:FEATURE_LOCATION_CONFLICT::Coding region xref gene does not exist
prokka_output/45709_F01_Reference/45709_F01_Reference:CDS	hypothetical protein	NZ_LS483405.1:c1603587-1602757	JECDCPOO_01588

DiscRep_SUB:FEATURE_LOCATION_CONFLICT::Coding region xref gene does not exist
prokka_output/45709_F01_Reference/45709_F01_Reference:CDS	hypothetical protein	NZ_LS483405.1:c1604253-1603672	JECDCPOO_01589

DiscRep_SUB:FEATURE_LOCATION_CONFLICT::Coding region xref gene does not exist
prokka_output/45709_F01_Reference/45709_F01_Reference:CDS	hypothetical protein	NZ_LS483405.1:c1604510-1604265	JECDCPOO_01590

DiscRep_SUB:FEATURE_LOCATION_CONFLICT::Coding region xref gene does not exist
prokka_output/45709_F01_Reference/45709_F01_Reference:CDS	hypothetical protein	NZ_LS483405.1:c1604850-1604539	JECDCPOO_01591

DiscRep_SUB:FEATURE_LOCATION_CONFLICT::Coding region xref gene does not exist
prokka_output/45709_F01_Reference/45709_F01_Reference:CDS	hypothetical protein	NZ_LS483405.1:c1605093-1604863	JECDCPOO_01592

DiscRep_SUB:FEATURE_LOCATION_CONFLICT::Coding region xref gene does not exist
prokka_output/45709_F01_Reference/45709_F01_Reference:CDS	hypothetical protein	NZ_LS483405.1:1605291-1605506	JECDCPOO_01593

DiscRep_SUB:FEATURE_LOCATION_CONFLICT::Coding region xref gene does not exist
prokka_output/45709_F01_Reference/45709_F01_Reference:CDS	hypothetical protein	NZ_LS483405.1:c1606326-1605784	JECDCPOO_01594

DiscRep_SUB:FEATURE_LOCATION_CONFLICT::Coding region xref gene does not exist
prokka_output/45709_F01_Reference/45709_F01_Reference:CDS	hypothetical protein	NZ_LS483405.1:c1606968-1606474	JECDCPOO_01595

DiscRep_SUB:FEATURE_LOCATION_CONFLICT::Coding region xref gene does not exist
prokka_output/45709_F01_Reference/45709_F01_Reference:CDS	Thoeris protein ThsA	NZ_LS483405.1:c1607809-1606952	JECDCPOO_01596

DiscRep_SUB:FEATURE_LOCATION_CONFLICT::Coding region xref gene does not exist
prokka_output/45709_F01_Reference/45709_F01_Reference:CDS	hypothetical protein	NZ_LS483405.1:c1607984-1607853	JECDCPOO_01597

DiscRep_SUB:FEATURE_LOCATION_CONFLICT::Coding region xref gene does not exist
prokka_output/45709_F01_Reference/45709_F01_Reference:CDS	hypothetical protein	NZ_LS483405.1:c1609212-1608745	JECDCPOO_01599

DiscRep_SUB:FEATURE_LOCATION_CONFLICT::Coding region xref gene does not exist
prokka_output/45709_F01_Reference/45709_F01_Reference:CDS	hypothetical protein	NZ_LS483405.1:c1609494-1609306	JECDCPOO_01600

DiscRep_SUB:FEATURE_LOCATION_CONFLICT::Coding region xref gene does not exist
prokka_output/45709_F01_Reference/45709_F01_Reference:CDS	hypothetical protein	NZ_LS483405.1:1609625-1610242	JECDCPOO_01601

DiscRep_SUB:FEATURE_LOCATION_CONFLICT::Coding region xref gene does not exist
prokka_output/45709_F01_Reference/45709_F01_Reference:CDS	hypothetical protein	NZ_LS483405.1:c1610415-1610239	JECDCPOO_01602

DiscRep_SUB:FEATURE_LOCATION_CONFLICT::Coding region xref gene does not exist
prokka_output/45709_F01_Reference/45709_F01_Reference:CDS	hypothetical protein	NZ_LS483405.1:c1610638-1610447	JECDCPOO_01603

DiscRep_SUB:FEATURE_LOCATION_CONFLICT::Coding region xref gene does not exist
prokka_output/45709_F01_Reference/45709_F01_Reference:CDS	hypothetical protein	NZ_LS483405.1:c1611044-1610619	JECDCPOO_01604

DiscRep_SUB:FEATURE_LOCATION_CONFLICT::Coding region xref gene does not exist
prokka_output/45709_F01_Reference/45709_F01_Reference:CDS	hypothetical protein	NZ_LS483405.1:c1611147-1611028	JECDCPOO_01605

DiscRep_SUB:FEATURE_LOCATION_CONFLICT::Coding region xref gene does not exist
prokka_output/45709_F01_Reference/45709_F01_Reference:CDS	hypothetical protein	NZ_LS483405.1:c1611364-1611140	JECDCPOO_01606

DiscRep_SUB:FEATURE_LOCATION_CONFLICT::Coding region xref gene does not exist
prokka_output/45709_F01_Reference/45709_F01_Reference:CDS	hypothetical protein	NZ_LS483405.1:c1611583-1611371	JECDCPOO_01607

DiscRep_SUB:FEATURE_LOCATION_CONFLICT::Coding region xref gene does not exist
prokka_output/45709_F01_Reference/45709_F01_Reference:CDS	hypothetical protein	NZ_LS483405.1:c1611780-1611580	JECDCPOO_01608

DiscRep_SUB:FEATURE_LOCATION_CONFLICT::Coding region xref gene does not exist
prokka_output/45709_F01_Reference/45709_F01_Reference:CDS	hypothetical protein	NZ_LS483405.1:c1611972-1611793	JECDCPOO_01609

DiscRep_SUB:FEATURE_LOCATION_CONFLICT::Coding region xref gene does not exist
prokka_output/45709_F01_Reference/45709_F01_Reference:CDS	hypothetical protein	NZ_LS483405.1:c1612405-1612142	JECDCPOO_01610

DiscRep_SUB:FEATURE_LOCATION_CONFLICT::Coding region xref gene does not exist
prokka_output/45709_F01_Reference/45709_F01_Reference:CDS	hypothetical protein	NZ_LS483405.1:c1612812-1612393	JECDCPOO_01611

DiscRep_SUB:FEATURE_LOCATION_CONFLICT::Coding region xref gene does not exist
prokka_output/45709_F01_Reference/45709_F01_Reference:CDS	hypothetical protein	NZ_LS483405.1:c1613314-1612805	JECDCPOO_01612

DiscRep_SUB:FEATURE_LOCATION_CONFLICT::Coding region xref gene does not exist
prokka_output/45709_F01_Reference/45709_F01_Reference:CDS	hypothetical protein	NZ_LS483405.1:c1613506-1613315	JECDCPOO_01613

DiscRep_SUB:FEATURE_LOCATION_CONFLICT::Coding region xref gene does not exist
prokka_output/45709_F01_Reference/45709_F01_Reference:CDS	hypothetical protein	NZ_LS483405.1:c1614414-1613503	JECDCPOO_01614

DiscRep_SUB:FEATURE_LOCATION_CONFLICT::Coding region xref gene does not exist
prokka_output/45709_F01_Reference/45709_F01_Reference:CDS	hypothetical protein	NZ_LS483405.1:c1615229-1614426	JECDCPOO_01615

DiscRep_SUB:FEATURE_LOCATION_CONFLICT::Coding region xref gene does not exist
prokka_output/45709_F01_Reference/45709_F01_Reference:CDS	hypothetical protein	NZ_LS483405.1:c1616133-1615264	JECDCPOO_01616

DiscRep_SUB:FEATURE_LOCATION_CONFLICT::Coding region xref gene does not exist
prokka_output/45709_F01_Reference/45709_F01_Reference:CDS	hypothetical protein	NZ_LS483405.1:c1616349-1616134	JECDCPOO_01617

DiscRep_SUB:FEATURE_LOCATION_CONFLICT::Coding region xref gene does not exist
prokka_output/45709_F01_Reference/45709_F01_Reference:CDS	hypothetical protein	NZ_LS483405.1:c1616633-1616340	JECDCPOO_01618

DiscRep_SUB:FEATURE_LOCATION_CONFLICT::Coding region xref gene does not exist
prokka_output/45709_F01_Reference/45709_F01_Reference:CDS	hypothetical protein	NZ_LS483405.1:c1616746-1616624	JECDCPOO_01619

DiscRep_SUB:FEATURE_LOCATION_CONFLICT::Coding region xref gene does not exist
prokka_output/45709_F01_Reference/45709_F01_Reference:CDS	hypothetical protein	NZ_LS483405.1:c1616901-1616743	JECDCPOO_01620

DiscRep_SUB:FEATURE_LOCATION_CONFLICT::Coding region xref gene does not exist
prokka_output/45709_F01_Reference/45709_F01_Reference:CDS	hypothetical protein	NZ_LS483405.1:c1617182-1616907	JECDCPOO_01621

DiscRep_SUB:FEATURE_LOCATION_CONFLICT::Coding region xref gene does not exist
prokka_output/45709_F01_Reference/45709_F01_Reference:CDS	hypothetical protein	NZ_LS483405.1:c1617696-1617187	JECDCPOO_01622

DiscRep_SUB:FEATURE_LOCATION_CONFLICT::Coding region xref gene does not exist
prokka_output/45709_F01_Reference/45709_F01_Reference:CDS	hypothetical protein	NZ_LS483405.1:c1617921-1617757	JECDCPOO_01623

DiscRep_SUB:FEATURE_LOCATION_CONFLICT::Coding region xref gene does not exist
prokka_output/45709_F01_Reference/45709_F01_Reference:CDS	hypothetical protein	NZ_LS483405.1:1618054-1618431	JECDCPOO_01624

DiscRep_SUB:FEATURE_LOCATION_CONFLICT::Coding region xref gene does not exist
prokka_output/45709_F01_Reference/45709_F01_Reference:CDS	hypothetical protein	NZ_LS483405.1:c1618542-1618417	JECDCPOO_01625

DiscRep_SUB:FEATURE_LOCATION_CONFLICT::Coding region xref gene does not exist
prokka_output/45709_F01_Reference/45709_F01_Reference:CDS	hypothetical protein	NZ_LS483405.1:c1618790-1618542	JECDCPOO_01626

DiscRep_SUB:FEATURE_LOCATION_CONFLICT::Coding region xref gene does not exist
prokka_output/45709_F01_Reference/45709_F01_Reference:CDS	hypothetical protein	NZ_LS483405.1:1618957-1619325	JECDCPOO_01627

DiscRep_SUB:FEATURE_LOCATION_CONFLICT::Coding region xref gene does not exist
prokka_output/45709_F01_Reference/45709_F01_Reference:CDS	hypothetical protein	NZ_LS483405.1:1619370-1619750	JECDCPOO_01628

DiscRep_SUB:FEATURE_LOCATION_CONFLICT::Coding region xref gene does not exist
prokka_output/45709_F01_Reference/45709_F01_Reference:CDS	hypothetical protein	NZ_LS483405.1:1619844-1620665	JECDCPOO_01629

DiscRep_SUB:FEATURE_LOCATION_CONFLICT::Coding region xref gene does not exist
prokka_output/45709_F01_Reference/45709_F01_Reference:CDS	hypothetical protein	NZ_LS483405.1:1620735-1620989	JECDCPOO_01630

DiscRep_SUB:FEATURE_LOCATION_CONFLICT::Coding region xref gene does not exist
prokka_output/45709_F01_Reference/45709_F01_Reference:CDS	hypothetical protein	NZ_LS483405.1:1621168-1621503	JECDCPOO_01631

DiscRep_SUB:FEATURE_LOCATION_CONFLICT::Coding region xref gene does not exist
prokka_output/45709_F01_Reference/45709_F01_Reference:CDS	hypothetical protein	NZ_LS483405.1:1621772-1621993	JECDCPOO_01633

DiscRep_SUB:FEATURE_LOCATION_CONFLICT::Coding region xref gene does not exist
prokka_output/45709_F01_Reference/45709_F01_Reference:CDS	hypothetical protein	NZ_LS483405.1:1622176-1622394	JECDCPOO_01634

DiscRep_SUB:FEATURE_LOCATION_CONFLICT::Coding region xref gene does not exist
prokka_output/45709_F01_Reference/45709_F01_Reference:CDS	hypothetical protein	NZ_LS483405.1:1622480-1622731	JECDCPOO_01635

DiscRep_SUB:FEATURE_LOCATION_CONFLICT::Coding region xref gene does not exist
prokka_output/45709_F01_Reference/45709_F01_Reference:CDS	Tyrosine recombinase XerC	NZ_LS483405.1:1622911-1624110	JECDCPOO_01636

DiscRep_SUB:FEATURE_LOCATION_CONFLICT::Coding region xref gene does not exist
prokka_output/45709_F01_Reference/45709_F01_Reference:CDS	Lipoteichoic acid synthase 1	NZ_LS483405.1:c1632986-1630929	JECDCPOO_01653

DiscRep_SUB:FEATURE_LOCATION_CONFLICT::Coding region xref gene does not exist
prokka_output/45709_F01_Reference/45709_F01_Reference:CDS	putative protein YkuJ	NZ_LS483405.1:c1633359-1633123	JECDCPOO_01654

DiscRep_SUB:FEATURE_LOCATION_CONFLICT::Coding region xref gene does not exist
prokka_output/45709_F01_Reference/45709_F01_Reference:CDS	hypothetical protein	NZ_LS483405.1:c1634471-1633437	JECDCPOO_01655

DiscRep_SUB:FEATURE_LOCATION_CONFLICT::Coding region xref gene does not exist
prokka_output/45709_F01_Reference/45709_F01_Reference:CDS	Alpha-galactosylglucosyldiacylglycerol synthase	NZ_LS483405.1:c1635498-1634476	JECDCPOO_01656

DiscRep_SUB:FEATURE_LOCATION_CONFLICT::Coding region xref gene does not exist
prokka_output/45709_F01_Reference/45709_F01_Reference:CDS	Alpha-monoglucosyldiacylglycerol synthase	NZ_LS483405.1:c1636689-1635511	JECDCPOO_01657

DiscRep_SUB:FEATURE_LOCATION_CONFLICT::Coding region xref gene does not exist
prokka_output/45709_F01_Reference/45709_F01_Reference:CDS	Phosphoenolpyruvate-protein phosphotransferase	NZ_LS483405.1:c1638610-1636874	JECDCPOO_01658

DiscRep_SUB:FEATURE_LOCATION_CONFLICT::Coding region xref gene does not exist
prokka_output/45709_F01_Reference/45709_F01_Reference:CDS	Phosphocarrier protein HPr	NZ_LS483405.1:c1638876-1638610	JECDCPOO_01659

DiscRep_SUB:FEATURE_LOCATION_CONFLICT::Coding region xref gene does not exist
prokka_output/45709_F01_Reference/45709_F01_Reference:CDS	hypothetical protein	NZ_LS483405.1:c1639244-1639044	JECDCPOO_01660

DiscRep_SUB:FEATURE_LOCATION_CONFLICT::Coding region xref gene does not exist
prokka_output/45709_F01_Reference/45709_F01_Reference:CDS	ATP-dependent Clp protease ATP-binding subunit ClpE	NZ_LS483405.1:1639544-1641781	JECDCPOO_01661

DiscRep_SUB:FEATURE_LOCATION_CONFLICT::Coding region xref gene does not exist
prokka_output/45709_F01_Reference/45709_F01_Reference:CDS	hypothetical protein	NZ_LS483405.1:1641926-1643017	JECDCPOO_01662

DiscRep_SUB:FEATURE_LOCATION_CONFLICT::Coding region xref gene does not exist
prokka_output/45709_F01_Reference/45709_F01_Reference:CDS	Calcium-transporting ATPase 1	NZ_LS483405.1:c1645673-1643067	JECDCPOO_01663

DiscRep_SUB:FEATURE_LOCATION_CONFLICT::Coding region xref gene does not exist
prokka_output/45709_F01_Reference/45709_F01_Reference:CDS	Dipeptidase A	NZ_LS483405.1:c1647390-1645957	JECDCPOO_01664

DiscRep_SUB:FEATURE_LOCATION_CONFLICT::Coding region xref gene does not exist
prokka_output/45709_F01_Reference/45709_F01_Reference:CDS	NADH oxidase	NZ_LS483405.1:1647618-1648970	JECDCPOO_01665

DiscRep_SUB:FEATURE_LOCATION_CONFLICT::Coding region xref gene does not exist
prokka_output/45709_F01_Reference/45709_F01_Reference:CDS	hypothetical protein	NZ_LS483405.1:c1651217-1649100	JECDCPOO_01666

DiscRep_SUB:FEATURE_LOCATION_CONFLICT::Coding region xref gene does not exist
prokka_output/45709_F01_Reference/45709_F01_Reference:CDS	Peptide chain release factor 3	NZ_LS483405.1:c1653026-1651449	JECDCPOO_01667

DiscRep_SUB:FEATURE_LOCATION_CONFLICT::Coding region xref gene does not exist
prokka_output/45709_F01_Reference/45709_F01_Reference:CDS	hypothetical protein	NZ_LS483405.1:1653207-1653755	JECDCPOO_01668

DiscRep_SUB:FEATURE_LOCATION_CONFLICT::Coding region xref gene does not exist
prokka_output/45709_F01_Reference/45709_F01_Reference:CDS	hypothetical protein	NZ_LS483405.1:c1655832-1653808	JECDCPOO_01669

DiscRep_SUB:FEATURE_LOCATION_CONFLICT::Coding region xref gene does not exist
prokka_output/45709_F01_Reference/45709_F01_Reference:CDS	hypothetical protein	NZ_LS483405.1:c1656731-1655847	JECDCPOO_01670

DiscRep_SUB:FEATURE_LOCATION_CONFLICT::Coding region xref gene does not exist
prokka_output/45709_F01_Reference/45709_F01_Reference:CDS	Glycerol-3-phosphate cytidylyltransferase	NZ_LS483405.1:c1657213-1656797	JECDCPOO_01671

DiscRep_SUB:FEATURE_LOCATION_CONFLICT::Coding region xref gene does not exist
prokka_output/45709_F01_Reference/45709_F01_Reference:CDS	Putative transport protein YhhT	NZ_LS483405.1:c1658473-1657331	JECDCPOO_01672

DiscRep_SUB:FEATURE_LOCATION_CONFLICT::Coding region xref gene does not exist
prokka_output/45709_F01_Reference/45709_F01_Reference:CDS	Nucleoside triphosphate/diphosphate phosphatase	NZ_LS483405.1:c1659104-1658547	JECDCPOO_01673

DiscRep_SUB:FEATURE_LOCATION_CONFLICT::Coding region xref gene does not exist
prokka_output/45709_F01_Reference/45709_F01_Reference:CDS	hypothetical protein	NZ_LS483405.1:1659268-1659513	JECDCPOO_01674

DiscRep_SUB:FEATURE_LOCATION_CONFLICT::Coding region xref gene does not exist
prokka_output/45709_F01_Reference/45709_F01_Reference:CDS	Putative penicillin-binding protein PbpX	NZ_LS483405.1:c1660795-1659617	JECDCPOO_01675

DiscRep_SUB:FEATURE_LOCATION_CONFLICT::Coding region xref gene does not exist
prokka_output/45709_F01_Reference/45709_F01_Reference:CDS	Regulatory protein RecX	NZ_LS483405.1:c1661626-1660826	JECDCPOO_01676

DiscRep_SUB:FEATURE_LOCATION_CONFLICT::Coding region xref gene does not exist
prokka_output/45709_F01_Reference/45709_F01_Reference:CDS	Flavodoxin	NZ_LS483405.1:1661841-1662290	JECDCPOO_01677

DiscRep_SUB:FEATURE_LOCATION_CONFLICT::Coding region xref gene does not exist
prokka_output/45709_F01_Reference/45709_F01_Reference:CDS	hypothetical protein	NZ_LS483405.1:c1663246-1662335	JECDCPOO_01678

DiscRep_SUB:FEATURE_LOCATION_CONFLICT::Coding region xref gene does not exist
prokka_output/45709_F01_Reference/45709_F01_Reference:CDS	hypothetical protein	NZ_LS483405.1:c1664113-1663262	JECDCPOO_01679

DiscRep_SUB:FEATURE_LOCATION_CONFLICT::Coding region xref gene does not exist
prokka_output/45709_F01_Reference/45709_F01_Reference:CDS	UDP-N-acetylglucosamine 2-epimerase	NZ_LS483405.1:c1665236-1664106	JECDCPOO_01680

DiscRep_SUB:FEATURE_LOCATION_CONFLICT::Coding region xref gene does not exist
prokka_output/45709_F01_Reference/45709_F01_Reference:CDS	putative glycosyltransferase	NZ_LS483405.1:1665431-1666372	JECDCPOO_01681

DiscRep_SUB:FEATURE_LOCATION_CONFLICT::Coding region xref gene does not exist
prokka_output/45709_F01_Reference/45709_F01_Reference:CDS	High-affinity gluconate transporter	NZ_LS483405.1:c1667813-1666458	JECDCPOO_01682

DiscRep_SUB:FEATURE_LOCATION_CONFLICT::Coding region xref gene does not exist
prokka_output/45709_F01_Reference/45709_F01_Reference:CDS	Putative universal stress protein	NZ_LS483405.1:c1668425-1667973	JECDCPOO_01683

DiscRep_SUB:FEATURE_LOCATION_CONFLICT::Coding region xref gene does not exist
prokka_output/45709_F01_Reference/45709_F01_Reference:CDS	hypothetical protein	NZ_LS483405.1:c1668690-1668502	JECDCPOO_01684

DiscRep_SUB:FEATURE_LOCATION_CONFLICT::Coding region xref gene does not exist
prokka_output/45709_F01_Reference/45709_F01_Reference:CDS	putative ATP-dependent RNA helicase YfmL	NZ_LS483405.1:c1670208-1668883	JECDCPOO_01686

DiscRep_SUB:FEATURE_LOCATION_CONFLICT::Coding region xref gene does not exist
prokka_output/45709_F01_Reference/45709_F01_Reference:CDS	scyllo-inositol 2-dehydrogenase (NADP(+)) IolU	NZ_LS483405.1:c1671225-1670221	JECDCPOO_01687

DiscRep_SUB:FEATURE_LOCATION_CONFLICT::Coding region xref gene does not exist
prokka_output/45709_F01_Reference/45709_F01_Reference:CDS	hypothetical protein	NZ_LS483405.1:1671388-1671750	JECDCPOO_01688

DiscRep_SUB:FEATURE_LOCATION_CONFLICT::Coding region xref gene does not exist
prokka_output/45709_F01_Reference/45709_F01_Reference:CDS	hypothetical protein	NZ_LS483405.1:c1672582-1671821	JECDCPOO_01689

DiscRep_SUB:FEATURE_LOCATION_CONFLICT::Coding region xref gene does not exist
prokka_output/45709_F01_Reference/45709_F01_Reference:CDS	HTH-type transcriptional regulator HexR	NZ_LS483405.1:c1673498-1672638	JECDCPOO_01690

DiscRep_SUB:FEATURE_LOCATION_CONFLICT::Coding region xref gene does not exist
prokka_output/45709_F01_Reference/45709_F01_Reference:CDS	Xylulose kinase	NZ_LS483405.1:1673718-1675265	JECDCPOO_01691

DiscRep_SUB:FEATURE_LOCATION_CONFLICT::Coding region xref gene does not exist
prokka_output/45709_F01_Reference/45709_F01_Reference:CDS	High-affinity gluconate transporter	NZ_LS483405.1:1675436-1676794	JECDCPOO_01692

DiscRep_SUB:FEATURE_LOCATION_CONFLICT::Coding region xref gene does not exist
prokka_output/45709_F01_Reference/45709_F01_Reference:CDS	Serine/threonine exchanger SteT	NZ_LS483405.1:1676932-1678251	JECDCPOO_01693

DiscRep_SUB:FEATURE_LOCATION_CONFLICT::Coding region xref gene does not exist
prokka_output/45709_F01_Reference/45709_F01_Reference:CDS	L-fucose-proton symporter	NZ_LS483405.1:c1679649-1678300	JECDCPOO_01694

DiscRep_SUB:FEATURE_LOCATION_CONFLICT::Coding region xref gene does not exist
prokka_output/45709_F01_Reference/45709_F01_Reference:CDS	D-ribose pyranase	NZ_LS483405.1:c1680096-1679701	JECDCPOO_01695

DiscRep_SUB:FEATURE_LOCATION_CONFLICT::Coding region xref gene does not exist
prokka_output/45709_F01_Reference/45709_F01_Reference:CDS	Glutathione biosynthesis bifunctional protein GshAB	NZ_LS483405.1:c1681948-1680431	JECDCPOO_01696

DiscRep_SUB:FEATURE_LOCATION_CONFLICT::Coding region xref gene does not exist
prokka_output/45709_F01_Reference/45709_F01_Reference:CDS	Pyrimidine-nucleoside phosphorylase	NZ_LS483405.1:c1683407-1682109	JECDCPOO_01697

DiscRep_SUB:FEATURE_LOCATION_CONFLICT::Coding region xref gene does not exist
prokka_output/45709_F01_Reference/45709_F01_Reference:CDS	Deoxyribonucleoside regulator	NZ_LS483405.1:c1684403-1683444	JECDCPOO_01698

DiscRep_SUB:FEATURE_LOCATION_CONFLICT::Coding region xref gene does not exist
prokka_output/45709_F01_Reference/45709_F01_Reference:CDS	Purine nucleoside phosphorylase DeoD-type	NZ_LS483405.1:c1685176-1684469	JECDCPOO_01699

DiscRep_SUB:FEATURE_LOCATION_CONFLICT::Coding region xref gene does not exist
prokka_output/45709_F01_Reference/45709_F01_Reference:CDS	Phosphopentomutase	NZ_LS483405.1:c1686394-1685207	JECDCPOO_01700

DiscRep_SUB:FEATURE_LOCATION_CONFLICT::Coding region xref gene does not exist
prokka_output/45709_F01_Reference/45709_F01_Reference:CDS	Deoxyribose-phosphate aldolase	NZ_LS483405.1:c1687115-1686426	JECDCPOO_01701

DiscRep_SUB:FEATURE_LOCATION_CONFLICT::Coding region xref gene does not exist
prokka_output/45709_F01_Reference/45709_F01_Reference:CDS	hypothetical protein	NZ_LS483405.1:c1687670-1687431	JECDCPOO_01702

DiscRep_SUB:FEATURE_LOCATION_CONFLICT::Coding region xref gene does not exist
prokka_output/45709_F01_Reference/45709_F01_Reference:CDS	hypothetical protein	NZ_LS483405.1:1687826-1688182	JECDCPOO_01703

DiscRep_SUB:FEATURE_LOCATION_CONFLICT::Coding region xref gene does not exist
prokka_output/45709_F01_Reference/45709_F01_Reference:CDS	Triple specificity protein phosphatase PtpB	NZ_LS483405.1:c1689143-1688358	JECDCPOO_01704

DiscRep_SUB:FEATURE_LOCATION_CONFLICT::Coding region xref gene does not exist
prokka_output/45709_F01_Reference/45709_F01_Reference:CDS	NADH:acrylate oxidoreductase	NZ_LS483405.1:c1690225-1689161	JECDCPOO_01705

DiscRep_SUB:FEATURE_LOCATION_CONFLICT::Coding region xref gene does not exist
prokka_output/45709_F01_Reference/45709_F01_Reference:CDS	Bacterial microcompartment shell protein EutS	NZ_LS483405.1:c1690587-1690243	JECDCPOO_01706

DiscRep_SUB:FEATURE_LOCATION_CONFLICT::Coding region xref gene does not exist
prokka_output/45709_F01_Reference/45709_F01_Reference:CDS	Acetate kinase	NZ_LS483405.1:c1691793-1690606	JECDCPOO_01707

DiscRep_SUB:FEATURE_LOCATION_CONFLICT::Coding region xref gene does not exist
prokka_output/45709_F01_Reference/45709_F01_Reference:CDS	1-propanol dehydrogenase PduQ	NZ_LS483405.1:c1693072-1691951	JECDCPOO_01708

DiscRep_SUB:FEATURE_LOCATION_CONFLICT::Coding region xref gene does not exist
prokka_output/45709_F01_Reference/45709_F01_Reference:CDS	Propanal dehydrogenase (CoA-propanoylating)	NZ_LS483405.1:c1694509-1693076	JECDCPOO_01709

DiscRep_SUB:FEATURE_LOCATION_CONFLICT::Coding region xref gene does not exist
prokka_output/45709_F01_Reference/45709_F01_Reference:CDS	Corrinoid adenosyltransferase PduO	NZ_LS483405.1:c1694991-1694512	JECDCPOO_01710

DiscRep_SUB:FEATURE_LOCATION_CONFLICT::Coding region xref gene does not exist
prokka_output/45709_F01_Reference/45709_F01_Reference:CDS	Corrinoid adenosyltransferase PduO	NZ_LS483405.1:c1695570-1694995	JECDCPOO_01711

DiscRep_SUB:FEATURE_LOCATION_CONFLICT::Coding region xref gene does not exist
prokka_output/45709_F01_Reference/45709_F01_Reference:CDS	Bacterial microcompartment shell vertex protein PduN	NZ_LS483405.1:c1695858-1695586	JECDCPOO_01712

DiscRep_SUB:FEATURE_LOCATION_CONFLICT::Coding region xref gene does not exist
prokka_output/45709_F01_Reference/45709_F01_Reference:CDS	hypothetical protein	NZ_LS483405.1:c1696361-1695840	JECDCPOO_01713

DiscRep_SUB:FEATURE_LOCATION_CONFLICT::Coding region xref gene does not exist
prokka_output/45709_F01_Reference/45709_F01_Reference:CDS	Phosphate propanoyltransferase	NZ_LS483405.1:c1697008-1696382	JECDCPOO_01714

DiscRep_SUB:FEATURE_LOCATION_CONFLICT::Coding region xref gene does not exist
prokka_output/45709_F01_Reference/45709_F01_Reference:CDS	Bacterial microcompartment shell protein PduJ	NZ_LS483405.1:c1697327-1697037	JECDCPOO_01715

DiscRep_SUB:FEATURE_LOCATION_CONFLICT::Coding region xref gene does not exist
prokka_output/45709_F01_Reference/45709_F01_Reference:CDS	Bacterial microcompartment shell protein PduK	NZ_LS483405.1:c1697835-1697347	JECDCPOO_01716

DiscRep_SUB:FEATURE_LOCATION_CONFLICT::Coding region xref gene does not exist
prokka_output/45709_F01_Reference/45709_F01_Reference:CDS	Diol dehydratase-reactivating factor small subunit	NZ_LS483405.1:c1698202-1697849	JECDCPOO_01717

DiscRep_SUB:FEATURE_LOCATION_CONFLICT::Coding region xref gene does not exist
prokka_output/45709_F01_Reference/45709_F01_Reference:CDS	Diol dehydratase-reactivating factor large subunit	NZ_LS483405.1:c1700033-1698183	JECDCPOO_01718

DiscRep_SUB:FEATURE_LOCATION_CONFLICT::Coding region xref gene does not exist
prokka_output/45709_F01_Reference/45709_F01_Reference:CDS	Propanediol dehydratase small subunit	NZ_LS483405.1:c1700575-1700048	JECDCPOO_01719

DiscRep_SUB:FEATURE_LOCATION_CONFLICT::Coding region xref gene does not exist
prokka_output/45709_F01_Reference/45709_F01_Reference:CDS	Propanediol dehydratase medium subunit	NZ_LS483405.1:c1701307-1700588	JECDCPOO_01720

DiscRep_SUB:FEATURE_LOCATION_CONFLICT::Coding region xref gene does not exist
prokka_output/45709_F01_Reference/45709_F01_Reference:CDS	Propanediol dehydratase large subunit	NZ_LS483405.1:c1703004-1701328	JECDCPOO_01721

DiscRep_SUB:FEATURE_LOCATION_CONFLICT::Coding region xref gene does not exist
prokka_output/45709_F01_Reference/45709_F01_Reference:CDS	Bacterial microcompartment shell protein PduB	NZ_LS483405.1:c1703735-1703019	JECDCPOO_01722

DiscRep_SUB:FEATURE_LOCATION_CONFLICT::Coding region xref gene does not exist
prokka_output/45709_F01_Reference/45709_F01_Reference:CDS	Bacterial microcompartment shell protein PduA	NZ_LS483405.1:c1704133-1703855	JECDCPOO_01723

DiscRep_SUB:FEATURE_LOCATION_CONFLICT::Coding region xref gene does not exist
prokka_output/45709_F01_Reference/45709_F01_Reference:CDS	HTH-type transcriptional activator RhaR	NZ_LS483405.1:1704445-1705533	JECDCPOO_01724

DiscRep_SUB:FEATURE_LOCATION_CONFLICT::Coding region xref gene does not exist
prokka_output/45709_F01_Reference/45709_F01_Reference:CDS	Glycerol uptake facilitator protein	NZ_LS483405.1:c1706293-1705586	JECDCPOO_01725

DiscRep_SUB:FEATURE_LOCATION_CONFLICT::Coding region xref gene does not exist
prokka_output/45709_F01_Reference/45709_F01_Reference:CDS	Propanediol utilization protein PduV	NZ_LS483405.1:c1706930-1706499	JECDCPOO_01726

DiscRep_SUB:FEATURE_LOCATION_CONFLICT::Coding region xref gene does not exist
prokka_output/45709_F01_Reference/45709_F01_Reference:CDS	putative RNA methyltransferase	NZ_LS483405.1:c1708524-1707157	JECDCPOO_01727

DiscRep_SUB:FEATURE_LOCATION_CONFLICT::Coding region xref gene does not exist
prokka_output/45709_F01_Reference/45709_F01_Reference:CDS	Diacylglycerol kinase	NZ_LS483405.1:c1709615-1708596	JECDCPOO_01728

DiscRep_SUB:FEATURE_LOCATION_CONFLICT::Coding region xref gene does not exist
prokka_output/45709_F01_Reference/45709_F01_Reference:CDS	Aspartyl/glutamyl-tRNA(Asn/Gln) amidotransferase subunit B	NZ_LS483405.1:c1711056-1709635	JECDCPOO_01729

DiscRep_SUB:FEATURE_LOCATION_CONFLICT::Coding region xref gene does not exist
prokka_output/45709_F01_Reference/45709_F01_Reference:CDS	Glutamyl-tRNA(Gln) amidotransferase subunit A	NZ_LS483405.1:c1712525-1711056	JECDCPOO_01730

DiscRep_SUB:FEATURE_LOCATION_CONFLICT::Coding region xref gene does not exist
prokka_output/45709_F01_Reference/45709_F01_Reference:CDS	Glutamyl-tRNA(Gln) amidotransferase subunit C	NZ_LS483405.1:c1712837-1712526	JECDCPOO_01731

DiscRep_SUB:FEATURE_LOCATION_CONFLICT::Coding region xref gene does not exist
prokka_output/45709_F01_Reference/45709_F01_Reference:CDS	putative lipoprotein YerH	NZ_LS483405.1:c1714427-1713282	JECDCPOO_01732

DiscRep_SUB:FEATURE_LOCATION_CONFLICT::Coding region xref gene does not exist
prokka_output/45709_F01_Reference/45709_F01_Reference:CDS	DNA ligase	NZ_LS483405.1:c1716480-1714450	JECDCPOO_01733

DiscRep_SUB:FEATURE_LOCATION_CONFLICT::Coding region xref gene does not exist
prokka_output/45709_F01_Reference/45709_F01_Reference:CDS	ATP-dependent DNA helicase PcrA	NZ_LS483405.1:c1718758-1716506	JECDCPOO_01734

DiscRep_SUB:FEATURE_LOCATION_CONFLICT::Coding region xref gene does not exist
prokka_output/45709_F01_Reference/45709_F01_Reference:CDS	N5-carboxyaminoimidazole ribonucleotide synthase	NZ_LS483405.1:c1720112-1718967	JECDCPOO_01735

DiscRep_SUB:FEATURE_LOCATION_CONFLICT::Coding region xref gene does not exist
prokka_output/45709_F01_Reference/45709_F01_Reference:CDS	Xanthine phosphoribosyltransferase	NZ_LS483405.1:c1720792-1720214	JECDCPOO_01736

DiscRep_SUB:FEATURE_LOCATION_CONFLICT::Coding region xref gene does not exist
prokka_output/45709_F01_Reference/45709_F01_Reference:CDS	1,4-dihydroxy-2-naphthoate octaprenyltransferase	NZ_LS483405.1:c1721784-1720876	JECDCPOO_01737

DiscRep_SUB:FEATURE_LOCATION_CONFLICT::Coding region xref gene does not exist
prokka_output/45709_F01_Reference/45709_F01_Reference:CDS	Heptaprenyl diphosphate synthase component 2	NZ_LS483405.1:1721893-1722870	JECDCPOO_01738

DiscRep_SUB:FEATURE_LOCATION_CONFLICT::Coding region xref gene does not exist
prokka_output/45709_F01_Reference/45709_F01_Reference:CDS	Glutathione/L-cysteine transport system ATP-binding/permease protein CydC	NZ_LS483405.1:c1724923-1723184	JECDCPOO_01739

DiscRep_SUB:FEATURE_LOCATION_CONFLICT::Coding region xref gene does not exist
prokka_output/45709_F01_Reference/45709_F01_Reference:CDS	Glutathione/L-cysteine transport system ATP-binding/permease protein CydD	NZ_LS483405.1:c1726653-1724920	JECDCPOO_01740

DiscRep_SUB:FEATURE_LOCATION_CONFLICT::Coding region xref gene does not exist
prokka_output/45709_F01_Reference/45709_F01_Reference:CDS	Cytochrome bd-I ubiquinol oxidase subunit 2	NZ_LS483405.1:c1727760-1726750	JECDCPOO_01741

DiscRep_SUB:FEATURE_LOCATION_CONFLICT::Coding region xref gene does not exist
prokka_output/45709_F01_Reference/45709_F01_Reference:CDS	Cytochrome bd-II ubiquinol oxidase subunit 1	NZ_LS483405.1:c1729204-1727753	JECDCPOO_01742

DiscRep_SUB:FEATURE_LOCATION_CONFLICT::Coding region xref gene does not exist
prokka_output/45709_F01_Reference/45709_F01_Reference:CDS	Glyoxylate/hydroxypyruvate reductase A	NZ_LS483405.1:1729493-1730440	JECDCPOO_01743

DiscRep_SUB:FEATURE_LOCATION_CONFLICT::Coding region xref gene does not exist
prokka_output/45709_F01_Reference/45709_F01_Reference:CDS	dTDP-glucose 4,6-dehydratase	NZ_LS483405.1:c1731544-1730537	JECDCPOO_01744

DiscRep_SUB:FEATURE_LOCATION_CONFLICT::Coding region xref gene does not exist
prokka_output/45709_F01_Reference/45709_F01_Reference:CDS	Polyisoprenyl-teichoic acid--peptidoglycan teichoic acid transferase TagU	NZ_LS483405.1:c1732729-1731662	JECDCPOO_01745

DiscRep_SUB:FEATURE_LOCATION_CONFLICT::Coding region xref gene does not exist
prokka_output/45709_F01_Reference/45709_F01_Reference:CDS	dTDP-4-dehydrorhamnose reductase	NZ_LS483405.1:c1733612-1732770	JECDCPOO_01746

DiscRep_SUB:FEATURE_LOCATION_CONFLICT::Coding region xref gene does not exist
prokka_output/45709_F01_Reference/45709_F01_Reference:CDS	dTDP-glucose 4,6-dehydratase	NZ_LS483405.1:c1734656-1733628	JECDCPOO_01747

DiscRep_SUB:FEATURE_LOCATION_CONFLICT::Coding region xref gene does not exist
prokka_output/45709_F01_Reference/45709_F01_Reference:CDS	dTDP-4-dehydrorhamnose 3,5-epimerase	NZ_LS483405.1:c1735247-1734666	JECDCPOO_01748

DiscRep_SUB:FEATURE_LOCATION_CONFLICT::Coding region xref gene does not exist
prokka_output/45709_F01_Reference/45709_F01_Reference:CDS	Glucose-1-phosphate thymidylyltransferase	NZ_LS483405.1:c1736140-1735250	JECDCPOO_01749

DiscRep_SUB:FEATURE_LOCATION_CONFLICT::Coding region xref gene does not exist
prokka_output/45709_F01_Reference/45709_F01_Reference:CDS	Ribulose-5-phosphate reductase 1	NZ_LS483405.1:c1737162-1736137	JECDCPOO_01750

DiscRep_SUB:FEATURE_LOCATION_CONFLICT::Coding region xref gene does not exist
prokka_output/45709_F01_Reference/45709_F01_Reference:CDS	Ribitol-5-phosphate cytidylyltransferase	NZ_LS483405.1:c1737842-1737168	JECDCPOO_01751

DiscRep_SUB:FEATURE_LOCATION_CONFLICT::Coding region xref gene does not exist
prokka_output/45709_F01_Reference/45709_F01_Reference:CDS	hypothetical protein	NZ_LS483405.1:c1739304-1737904	JECDCPOO_01752

DiscRep_SUB:FEATURE_LOCATION_CONFLICT::Coding region xref gene does not exist
prokka_output/45709_F01_Reference/45709_F01_Reference:CDS	hypothetical protein	NZ_LS483405.1:c1740602-1739301	JECDCPOO_01753

DiscRep_SUB:FEATURE_LOCATION_CONFLICT::Coding region xref gene does not exist
prokka_output/45709_F01_Reference/45709_F01_Reference:CDS	hypothetical protein	NZ_LS483405.1:c1741552-1740602	JECDCPOO_01754

DiscRep_SUB:FEATURE_LOCATION_CONFLICT::Coding region xref gene does not exist
prokka_output/45709_F01_Reference/45709_F01_Reference:CDS	Phosphatidylinositol phosphate synthase	NZ_LS483405.1:c1742286-1741576	JECDCPOO_01755

DiscRep_SUB:FEATURE_LOCATION_CONFLICT::Coding region xref gene does not exist
prokka_output/45709_F01_Reference/45709_F01_Reference:CDS	Glycogen synthase	NZ_LS483405.1:c1743459-1742359	JECDCPOO_01756

DiscRep_SUB:FEATURE_LOCATION_CONFLICT::Coding region xref gene does not exist
prokka_output/45709_F01_Reference/45709_F01_Reference:CDS	Undecaprenyl-phosphate galactose phosphotransferase	NZ_LS483405.1:c1744138-1743470	JECDCPOO_01757

DiscRep_SUB:FEATURE_LOCATION_CONFLICT::Coding region xref gene does not exist
prokka_output/45709_F01_Reference/45709_F01_Reference:CDS	Tyrosine-protein phosphatase YwqE	NZ_LS483405.1:c1744920-1744138	JECDCPOO_01758

DiscRep_SUB:FEATURE_LOCATION_CONFLICT::Coding region xref gene does not exist
prokka_output/45709_F01_Reference/45709_F01_Reference:CDS	Tyrosine-protein kinase YwqD	NZ_LS483405.1:c1745687-1744917	JECDCPOO_01759

DiscRep_SUB:FEATURE_LOCATION_CONFLICT::Coding region xref gene does not exist
prokka_output/45709_F01_Reference/45709_F01_Reference:CDS	putative capsular polysaccharide biosynthesis protein YwqC	NZ_LS483405.1:c1746479-1745688	JECDCPOO_01760

DiscRep_SUB:FEATURE_LOCATION_CONFLICT::Coding region xref gene does not exist
prokka_output/45709_F01_Reference/45709_F01_Reference:CDS	Polyisoprenyl-teichoic acid--peptidoglycan teichoic acid transferase TagU	NZ_LS483405.1:c1747789-1746734	JECDCPOO_01761

DiscRep_SUB:FEATURE_LOCATION_CONFLICT::Coding region xref gene does not exist
prokka_output/45709_F01_Reference/45709_F01_Reference:CDS	Lipoate-protein ligase LplJ	NZ_LS483405.1:c1749000-1747981	JECDCPOO_01762

DiscRep_SUB:FEATURE_LOCATION_CONFLICT::Coding region xref gene does not exist
prokka_output/45709_F01_Reference/45709_F01_Reference:CDS	Branched-chain amino acid permease BcaP	NZ_LS483405.1:c1750465-1749053	JECDCPOO_01763

DiscRep_SUB:FEATURE_LOCATION_CONFLICT::Coding region xref gene does not exist
prokka_output/45709_F01_Reference/45709_F01_Reference:CDS	Aspartate--ammonia ligase	NZ_LS483405.1:1751082-1752089	JECDCPOO_01764

DiscRep_SUB:FEATURE_LOCATION_CONFLICT::Coding region xref gene does not exist
prokka_output/45709_F01_Reference/45709_F01_Reference:CDS	6,7-dimethyl-8-ribityllumazine synthase	NZ_LS483405.1:c1752682-1752209	JECDCPOO_01765

DiscRep_SUB:FEATURE_LOCATION_CONFLICT::Coding region xref gene does not exist
prokka_output/45709_F01_Reference/45709_F01_Reference:CDS	Riboflavin biosynthesis protein RibBA	NZ_LS483405.1:c1753874-1752675	JECDCPOO_01766

DiscRep_SUB:FEATURE_LOCATION_CONFLICT::Coding region xref gene does not exist
prokka_output/45709_F01_Reference/45709_F01_Reference:CDS	Riboflavin synthase	NZ_LS483405.1:c1754472-1753867	JECDCPOO_01767

DiscRep_SUB:FEATURE_LOCATION_CONFLICT::Coding region xref gene does not exist
prokka_output/45709_F01_Reference/45709_F01_Reference:CDS	Riboflavin biosynthesis protein RibD	NZ_LS483405.1:c1755509-1754457	JECDCPOO_01768

DiscRep_SUB:FEATURE_LOCATION_CONFLICT::Coding region xref gene does not exist
prokka_output/45709_F01_Reference/45709_F01_Reference:CDS	Ktr system potassium uptake protein C	NZ_LS483405.1:c1756524-1755862	JECDCPOO_01769

DiscRep_SUB:FEATURE_LOCATION_CONFLICT::Coding region xref gene does not exist
prokka_output/45709_F01_Reference/45709_F01_Reference:CDS	Potassium/sodium uptake protein NtpJ	NZ_LS483405.1:c1757889-1756537	JECDCPOO_01770

DiscRep_SUB:FEATURE_LOCATION_CONFLICT::Coding region xref gene does not exist
prokka_output/45709_F01_Reference/45709_F01_Reference:CDS	Putative mannose-6-phosphate isomerase YvyI	NZ_LS483405.1:1758073-1759041	JECDCPOO_01771

DiscRep_SUB:FEATURE_LOCATION_CONFLICT::Coding region xref gene does not exist
prokka_output/45709_F01_Reference/45709_F01_Reference:CDS	Small ribosomal subunit protein uS9	NZ_LS483405.1:c1759498-1759106	JECDCPOO_01772

DiscRep_SUB:FEATURE_LOCATION_CONFLICT::Coding region xref gene does not exist
prokka_output/45709_F01_Reference/45709_F01_Reference:CDS	Large ribosomal subunit protein uL13	NZ_LS483405.1:c1759955-1759512	JECDCPOO_01773

DiscRep_SUB:FEATURE_LOCATION_CONFLICT::Coding region xref gene does not exist
prokka_output/45709_F01_Reference/45709_F01_Reference:CDS	tRNA pseudouridine synthase A	NZ_LS483405.1:c1760891-1760094	JECDCPOO_01774

DiscRep_SUB:FEATURE_LOCATION_CONFLICT::Coding region xref gene does not exist
prokka_output/45709_F01_Reference/45709_F01_Reference:CDS	Energy-coupling factor transporter transmembrane protein EcfT	NZ_LS483405.1:c1761701-1760901	JECDCPOO_01775

DiscRep_SUB:FEATURE_LOCATION_CONFLICT::Coding region xref gene does not exist
prokka_output/45709_F01_Reference/45709_F01_Reference:CDS	Energy-coupling factor transporter ATP-binding protein EcfA2	NZ_LS483405.1:c1762566-1761694	JECDCPOO_01776

DiscRep_SUB:FEATURE_LOCATION_CONFLICT::Coding region xref gene does not exist
prokka_output/45709_F01_Reference/45709_F01_Reference:CDS	Energy-coupling factor transporter ATP-binding protein EcfA1	NZ_LS483405.1:c1763381-1762542	JECDCPOO_01777

DiscRep_SUB:FEATURE_LOCATION_CONFLICT::Coding region xref gene does not exist
prokka_output/45709_F01_Reference/45709_F01_Reference:CDS	Large ribosomal subunit protein bL17	NZ_LS483405.1:c1764028-1763645	JECDCPOO_01778

DiscRep_SUB:FEATURE_LOCATION_CONFLICT::Coding region xref gene does not exist
prokka_output/45709_F01_Reference/45709_F01_Reference:CDS	DNA-directed RNA polymerase subunit alpha	NZ_LS483405.1:c1765009-1764059	JECDCPOO_01779

DiscRep_SUB:FEATURE_LOCATION_CONFLICT::Coding region xref gene does not exist
prokka_output/45709_F01_Reference/45709_F01_Reference:CDS	Small ribosomal subunit protein uS11	NZ_LS483405.1:c1765486-1765097	JECDCPOO_01780

DiscRep_SUB:FEATURE_LOCATION_CONFLICT::Coding region xref gene does not exist
prokka_output/45709_F01_Reference/45709_F01_Reference:CDS	Small ribosomal subunit protein uS13	NZ_LS483405.1:c1765869-1765504	JECDCPOO_01781

DiscRep_SUB:FEATURE_LOCATION_CONFLICT::Coding region xref gene does not exist
prokka_output/45709_F01_Reference/45709_F01_Reference:CDS	Translation initiation factor IF-1	NZ_LS483405.1:c1766263-1766045	JECDCPOO_01782

DiscRep_SUB:FEATURE_LOCATION_CONFLICT::Coding region xref gene does not exist
prokka_output/45709_F01_Reference/45709_F01_Reference:CDS	Adenylate kinase	NZ_LS483405.1:c1767087-1766428	JECDCPOO_01783

DiscRep_SUB:FEATURE_LOCATION_CONFLICT::Coding region xref gene does not exist
prokka_output/45709_F01_Reference/45709_F01_Reference:CDS	Protein translocase subunit SecY	NZ_LS483405.1:c1768478-1767168	JECDCPOO_01784

DiscRep_SUB:FEATURE_LOCATION_CONFLICT::Coding region xref gene does not exist
prokka_output/45709_F01_Reference/45709_F01_Reference:CDS	Large ribosomal subunit protein uL15	NZ_LS483405.1:c1768912-1768478	JECDCPOO_01785

DiscRep_SUB:FEATURE_LOCATION_CONFLICT::Coding region xref gene does not exist
prokka_output/45709_F01_Reference/45709_F01_Reference:CDS	Large ribosomal subunit protein uL30	NZ_LS483405.1:c1769130-1768948	JECDCPOO_01786

DiscRep_SUB:FEATURE_LOCATION_CONFLICT::Coding region xref gene does not exist
prokka_output/45709_F01_Reference/45709_F01_Reference:CDS	Small ribosomal subunit protein uS5	NZ_LS483405.1:c1769648-1769145	JECDCPOO_01787

DiscRep_SUB:FEATURE_LOCATION_CONFLICT::Coding region xref gene does not exist
prokka_output/45709_F01_Reference/45709_F01_Reference:CDS	Large ribosomal subunit protein uL18	NZ_LS483405.1:c1770027-1769671	JECDCPOO_01788

DiscRep_SUB:FEATURE_LOCATION_CONFLICT::Coding region xref gene does not exist
prokka_output/45709_F01_Reference/45709_F01_Reference:CDS	Large ribosomal subunit protein uL6	NZ_LS483405.1:c1770607-1770071	JECDCPOO_01789

DiscRep_SUB:FEATURE_LOCATION_CONFLICT::Coding region xref gene does not exist
prokka_output/45709_F01_Reference/45709_F01_Reference:CDS	Small ribosomal subunit protein uS8	NZ_LS483405.1:c1771035-1770637	JECDCPOO_01790

DiscRep_SUB:FEATURE_LOCATION_CONFLICT::Coding region xref gene does not exist
prokka_output/45709_F01_Reference/45709_F01_Reference:CDS	Large ribosomal subunit protein uL5	NZ_LS483405.1:c1771815-1771273	JECDCPOO_01791

DiscRep_SUB:FEATURE_LOCATION_CONFLICT::Coding region xref gene does not exist
prokka_output/45709_F01_Reference/45709_F01_Reference:CDS	Large ribosomal subunit protein uL24	NZ_LS483405.1:c1772152-1771841	JECDCPOO_01792

DiscRep_SUB:FEATURE_LOCATION_CONFLICT::Coding region xref gene does not exist
prokka_output/45709_F01_Reference/45709_F01_Reference:CDS	Large ribosomal subunit protein uL14	NZ_LS483405.1:c1772555-1772187	JECDCPOO_01793

DiscRep_SUB:FEATURE_LOCATION_CONFLICT::Coding region xref gene does not exist
prokka_output/45709_F01_Reference/45709_F01_Reference:CDS	Small ribosomal subunit protein uS17	NZ_LS483405.1:c1772872-1772606	JECDCPOO_01794

DiscRep_SUB:FEATURE_LOCATION_CONFLICT::Coding region xref gene does not exist
prokka_output/45709_F01_Reference/45709_F01_Reference:CDS	Large ribosomal subunit protein uL29	NZ_LS483405.1:c1773095-1772901	JECDCPOO_01795

DiscRep_SUB:FEATURE_LOCATION_CONFLICT::Coding region xref gene does not exist
prokka_output/45709_F01_Reference/45709_F01_Reference:CDS	Large ribosomal subunit protein uL16	NZ_LS483405.1:c1773519-1773085	JECDCPOO_01796

DiscRep_SUB:FEATURE_LOCATION_CONFLICT::Coding region xref gene does not exist
prokka_output/45709_F01_Reference/45709_F01_Reference:CDS	Small ribosomal subunit protein uS3	NZ_LS483405.1:c1774180-1773521	JECDCPOO_01797

DiscRep_SUB:FEATURE_LOCATION_CONFLICT::Coding region xref gene does not exist
prokka_output/45709_F01_Reference/45709_F01_Reference:CDS	Large ribosomal subunit protein uL22	NZ_LS483405.1:c1774540-1774184	JECDCPOO_01798

DiscRep_SUB:FEATURE_LOCATION_CONFLICT::Coding region xref gene does not exist
prokka_output/45709_F01_Reference/45709_F01_Reference:CDS	Small ribosomal subunit protein uS19	NZ_LS483405.1:c1774832-1774557	JECDCPOO_01799

DiscRep_SUB:FEATURE_LOCATION_CONFLICT::Coding region xref gene does not exist
prokka_output/45709_F01_Reference/45709_F01_Reference:CDS	Large ribosomal subunit protein uL2	NZ_LS483405.1:c1775759-1774911	JECDCPOO_01800

DiscRep_SUB:FEATURE_LOCATION_CONFLICT::Coding region xref gene does not exist
prokka_output/45709_F01_Reference/45709_F01_Reference:CDS	Large ribosomal subunit protein uL23	NZ_LS483405.1:c1776073-1775786	JECDCPOO_01801

DiscRep_SUB:FEATURE_LOCATION_CONFLICT::Coding region xref gene does not exist
prokka_output/45709_F01_Reference/45709_F01_Reference:CDS	Large ribosomal subunit protein uL4	NZ_LS483405.1:c1776696-1776073	JECDCPOO_01802

DiscRep_SUB:FEATURE_LOCATION_CONFLICT::Coding region xref gene does not exist
prokka_output/45709_F01_Reference/45709_F01_Reference:CDS	Large ribosomal subunit protein uL3	NZ_LS483405.1:c1777368-1776718	JECDCPOO_01803

DiscRep_SUB:FEATURE_LOCATION_CONFLICT::Coding region xref gene does not exist
prokka_output/45709_F01_Reference/45709_F01_Reference:CDS	Small ribosomal subunit protein uS10	NZ_LS483405.1:c1777719-1777411	JECDCPOO_01804

DiscRep_SUB:FEATURE_LOCATION_CONFLICT::Coding region xref gene does not exist
prokka_output/45709_F01_Reference/45709_F01_Reference:CDS	Multidrug export protein MepA	NZ_LS483405.1:c1779339-1778002	JECDCPOO_01805

DiscRep_SUB:FEATURE_LOCATION_CONFLICT::Coding region xref gene does not exist
prokka_output/45709_F01_Reference/45709_F01_Reference:CDS	elongation factor G FusA	NZ_LS483405.1:c1781597-1779498	JECDCPOO_01806

DiscRep_SUB:FEATURE_LOCATION_CONFLICT::Coding region xref gene does not exist
prokka_output/45709_F01_Reference/45709_F01_Reference:CDS	Small ribosomal subunit protein uS7	NZ_LS483405.1:c1782252-1781782	JECDCPOO_01807

DiscRep_SUB:FEATURE_LOCATION_CONFLICT::Coding region xref gene does not exist
prokka_output/45709_F01_Reference/45709_F01_Reference:CDS	Small ribosomal subunit protein uS12	NZ_LS483405.1:c1782741-1782328	JECDCPOO_01808

DiscRep_SUB:FEATURE_LOCATION_CONFLICT::Coding region xref gene does not exist
prokka_output/45709_F01_Reference/45709_F01_Reference:CDS	hypothetical protein	NZ_LS483405.1:1783021-1783668	JECDCPOO_01809

DiscRep_SUB:FEATURE_LOCATION_CONFLICT::Coding region xref gene does not exist
prokka_output/45709_F01_Reference/45709_F01_Reference:CDS	DNA-directed RNA polymerase subunit beta RpoC	NZ_LS483405.1:c1787381-1783734	JECDCPOO_01810

DiscRep_SUB:FEATURE_LOCATION_CONFLICT::Coding region xref gene does not exist
prokka_output/45709_F01_Reference/45709_F01_Reference:CDS	DNA-directed RNA polymerase subunit beta RpoB	NZ_LS483405.1:c1790999-1787403	JECDCPOO_01811

DiscRep_SUB:FEATURE_LOCATION_CONFLICT::Coding region xref gene does not exist
prokka_output/45709_F01_Reference/45709_F01_Reference:CDS	hypothetical protein	NZ_LS483405.1:c1791858-1791253	JECDCPOO_01812

DiscRep_SUB:FEATURE_LOCATION_CONFLICT::Coding region xref gene does not exist
prokka_output/45709_F01_Reference/45709_F01_Reference:CDS	ATP-dependent Clp protease ATP-binding subunit ClpC	NZ_LS483405.1:c1794619-1792133	JECDCPOO_01813

DiscRep_SUB:FEATURE_LOCATION_CONFLICT::Coding region xref gene does not exist
prokka_output/45709_F01_Reference/45709_F01_Reference:CDS	Transcriptional regulator CtsR	NZ_LS483405.1:c1795104-1794637	JECDCPOO_01814

DiscRep_SUB:FEATURE_LOCATION_CONFLICT::Coding region xref gene does not exist
prokka_output/45709_F01_Reference/45709_F01_Reference:CDS	Serine--tRNA ligase	NZ_LS483405.1:c1797694-1796423	JECDCPOO_01823

DiscRep_SUB:FEATURE_LOCATION_CONFLICT::Coding region xref gene does not exist
prokka_output/45709_F01_Reference/45709_F01_Reference:CDS	Deoxyguanosine kinase	NZ_LS483405.1:c1798610-1797978	JECDCPOO_01824

DiscRep_SUB:FEATURE_LOCATION_CONFLICT::Coding region xref gene does not exist
prokka_output/45709_F01_Reference/45709_F01_Reference:CDS	Lysine-specific permease LysP	NZ_LS483405.1:c1800316-1798817	JECDCPOO_01825

DiscRep_SUB:FEATURE_LOCATION_CONFLICT::Coding region xref gene does not exist
prokka_output/45709_F01_Reference/45709_F01_Reference:CDS	hypothetical protein	NZ_LS483405.1:c1801220-1800666	JECDCPOO_01826

DiscRep_SUB:FEATURE_LOCATION_CONFLICT::Coding region xref gene does not exist
prokka_output/45709_F01_Reference/45709_F01_Reference:CDS	Acetylxylan esterase	NZ_LS483405.1:1801304-1802098	JECDCPOO_01827

DiscRep_SUB:FEATURE_LOCATION_CONFLICT::Coding region xref gene does not exist
prokka_output/45709_F01_Reference/45709_F01_Reference:CDS	hypothetical protein	NZ_LS483405.1:c1802870-1802202	JECDCPOO_01828

DiscRep_SUB:FEATURE_LOCATION_CONFLICT::Coding region xref gene does not exist
prokka_output/45709_F01_Reference/45709_F01_Reference:CDS	hypothetical protein	NZ_LS483405.1:c1803431-1802982	JECDCPOO_01829

DiscRep_SUB:FEATURE_LOCATION_CONFLICT::Coding region xref gene does not exist
prokka_output/45709_F01_Reference/45709_F01_Reference:CDS	hypothetical protein	NZ_LS483405.1:c1804209-1803448	JECDCPOO_01830

DiscRep_SUB:FEATURE_LOCATION_CONFLICT::Coding region xref gene does not exist
prokka_output/45709_F01_Reference/45709_F01_Reference:CDS	HTH-type transcriptional regulator MntR	NZ_LS483405.1:c1804981-1804334	JECDCPOO_01831

DiscRep_SUB:FEATURE_LOCATION_CONFLICT::Coding region xref gene does not exist
prokka_output/45709_F01_Reference/45709_F01_Reference:CDS	Cadmium, cobalt and zinc/H(+)-K(+) antiporter	NZ_LS483405.1:c1805939-1805043	JECDCPOO_01832

DiscRep_SUB:FEATURE_LOCATION_CONFLICT::Coding region xref gene does not exist
prokka_output/45709_F01_Reference/45709_F01_Reference:CDS	hypothetical protein	NZ_LS483405.1:c1806674-1806111	JECDCPOO_01833

DiscRep_SUB:FEATURE_LOCATION_CONFLICT::Coding region xref gene does not exist
prokka_output/45709_F01_Reference/45709_F01_Reference:CDS	hypothetical protein	NZ_LS483405.1:c1807642-1807205	JECDCPOO_01834

DiscRep_SUB:FEATURE_LOCATION_CONFLICT::Coding region xref gene does not exist
prokka_output/45709_F01_Reference/45709_F01_Reference:CDS	Multidrug export protein EmrB	NZ_LS483405.1:1807866-1809362	JECDCPOO_01835

DiscRep_SUB:FEATURE_LOCATION_CONFLICT::Coding region xref gene does not exist
prokka_output/45709_F01_Reference/45709_F01_Reference:CDS	hypothetical protein	NZ_LS483405.1:1809362-1810087	JECDCPOO_01836

DiscRep_SUB:FEATURE_LOCATION_CONFLICT::Coding region xref gene does not exist
prokka_output/45709_F01_Reference/45709_F01_Reference:CDS	hypothetical protein	NZ_LS483405.1:c1810458-1810219	JECDCPOO_01837

DiscRep_SUB:FEATURE_LOCATION_CONFLICT::Coding region xref gene does not exist
prokka_output/45709_F01_Reference/45709_F01_Reference:CDS	Inner membrane protein YgaZ	NZ_LS483405.1:1810647-1811357	JECDCPOO_01838

DiscRep_SUB:FEATURE_LOCATION_CONFLICT::Coding region xref gene does not exist
prokka_output/45709_F01_Reference/45709_F01_Reference:CDS	hypothetical protein	NZ_LS483405.1:1811342-1811674	JECDCPOO_01839

DiscRep_SUB:FEATURE_LOCATION_CONFLICT::Coding region xref gene does not exist
prokka_output/45709_F01_Reference/45709_F01_Reference:CDS	Uracil permease	NZ_LS483405.1:c1812995-1811718	JECDCPOO_01840

DiscRep_SUB:FEATURE_LOCATION_CONFLICT::Coding region xref gene does not exist
prokka_output/45709_F01_Reference/45709_F01_Reference:CDS	Enterobactin exporter EntS	NZ_LS483405.1:c1814370-1813177	JECDCPOO_01841

DiscRep_SUB:FEATURE_LOCATION_CONFLICT::Coding region xref gene does not exist
prokka_output/45709_F01_Reference/45709_F01_Reference:CDS	hypothetical protein	NZ_LS483405.1:c1814800-1814402	JECDCPOO_01842

DiscRep_SUB:FEATURE_LOCATION_CONFLICT::Coding region xref gene does not exist
prokka_output/45709_F01_Reference/45709_F01_Reference:CDS	Spermidine/spermine N(1)-acetyltransferase	NZ_LS483405.1:c1815353-1814835	JECDCPOO_01843

DiscRep_SUB:FEATURE_LOCATION_CONFLICT::Coding region xref gene does not exist
prokka_output/45709_F01_Reference/45709_F01_Reference:CDS	hypothetical protein	NZ_LS483405.1:c1815942-1815457	JECDCPOO_01844

DiscRep_SUB:FEATURE_LOCATION_CONFLICT::Coding region xref gene does not exist
prokka_output/45709_F01_Reference/45709_F01_Reference:CDS	[Ribosomal protein bS18]-alanine N-acetyltransferase	NZ_LS483405.1:c1816650-1816063	JECDCPOO_01845

DiscRep_SUB:FEATURE_LOCATION_CONFLICT::Coding region xref gene does not exist
prokka_output/45709_F01_Reference/45709_F01_Reference:CDS	hypothetical protein	NZ_LS483405.1:c1817564-1816788	JECDCPOO_01846

DiscRep_SUB:FEATURE_LOCATION_CONFLICT::Coding region xref gene does not exist
prokka_output/45709_F01_Reference/45709_F01_Reference:CDS	Ribosomal large subunit pseudouridine synthase D	NZ_LS483405.1:c1818456-1817572	JECDCPOO_01847

DiscRep_SUB:FEATURE_LOCATION_CONFLICT::Coding region xref gene does not exist
prokka_output/45709_F01_Reference/45709_F01_Reference:CDS	Glycine cleavage system H protein	NZ_LS483405.1:c1818792-1818475	JECDCPOO_01848

DiscRep_SUB:FEATURE_LOCATION_CONFLICT::Coding region xref gene does not exist
prokka_output/45709_F01_Reference/45709_F01_Reference:CDS	hypothetical protein	NZ_LS483405.1:1818924-1819124	JECDCPOO_01849

DiscRep_SUB:FEATURE_LOCATION_CONFLICT::Coding region xref gene does not exist
prokka_output/45709_F01_Reference/45709_F01_Reference:CDS	hypothetical protein	NZ_LS483405.1:1819340-1819510	JECDCPOO_01850

DiscRep_SUB:FEATURE_LOCATION_CONFLICT::Coding region xref gene does not exist
prokka_output/45709_F01_Reference/45709_F01_Reference:CDS	Maltose O-acetyltransferase	NZ_LS483405.1:c1820154-1819591	JECDCPOO_01851

DiscRep_SUB:FEATURE_LOCATION_CONFLICT::Coding region xref gene does not exist
prokka_output/45709_F01_Reference/45709_F01_Reference:CDS	L-arabinose isomerase	NZ_LS483405.1:c1821655-1820231	JECDCPOO_01852

DiscRep_SUB:FEATURE_LOCATION_CONFLICT::Coding region xref gene does not exist
prokka_output/45709_F01_Reference/45709_F01_Reference:CDS	L-ribulose-5-phosphate 4-epimerase	NZ_LS483405.1:c1822432-1821704	JECDCPOO_01853

DiscRep_SUB:FEATURE_LOCATION_CONFLICT::Coding region xref gene does not exist
prokka_output/45709_F01_Reference/45709_F01_Reference:CDS	Xylulose kinase	NZ_LS483405.1:c1824053-1822452	JECDCPOO_01854

DiscRep_SUB:FEATURE_LOCATION_CONFLICT::Coding region xref gene does not exist
prokka_output/45709_F01_Reference/45709_F01_Reference:CDS	D-xylose transporter	NZ_LS483405.1:c1825482-1824085	JECDCPOO_01855

DiscRep_SUB:FEATURE_LOCATION_CONFLICT::Coding region xref gene does not exist
prokka_output/45709_F01_Reference/45709_F01_Reference:CDS	Arabinose metabolism transcriptional repressor	NZ_LS483405.1:c1826934-1825849	JECDCPOO_01856

DiscRep_SUB:FEATURE_LOCATION_CONFLICT::Coding region xref gene does not exist
prokka_output/45709_F01_Reference/45709_F01_Reference:CDS	Maltose O-acetyltransferase	NZ_LS483405.1:c1827686-1827123	JECDCPOO_01857

DiscRep_SUB:FEATURE_LOCATION_CONFLICT::Coding region xref gene does not exist
prokka_output/45709_F01_Reference/45709_F01_Reference:CDS	hypothetical protein	NZ_LS483405.1:c1828689-1827799	JECDCPOO_01858

DiscRep_SUB:FEATURE_LOCATION_CONFLICT::Coding region xref gene does not exist
prokka_output/45709_F01_Reference/45709_F01_Reference:CDS	Extracellular exo-alpha-(1->5)-L-arabinofuranosidase	NZ_LS483405.1:1828933-1829913	JECDCPOO_01859

DiscRep_SUB:FEATURE_LOCATION_CONFLICT::Coding region xref gene does not exist
prokka_output/45709_F01_Reference/45709_F01_Reference:CDS	Raffinose permease	NZ_LS483405.1:1829927-1831216	JECDCPOO_01860

DiscRep_SUB:FEATURE_LOCATION_CONFLICT::Coding region xref gene does not exist
prokka_output/45709_F01_Reference/45709_F01_Reference:CDS	Intracellular exo-alpha-(1->5)-L-arabinofuranosidase	NZ_LS483405.1:1831282-1832772	JECDCPOO_01861

DiscRep_SUB:FEATURE_LOCATION_CONFLICT::Coding region xref gene does not exist
prokka_output/45709_F01_Reference/45709_F01_Reference:CDS	ATP-dependent DNA helicase RecQ	NZ_LS483405.1:c1834584-1832809	JECDCPOO_01862

DiscRep_SUB:FEATURE_LOCATION_CONFLICT::Coding region xref gene does not exist
prokka_output/45709_F01_Reference/45709_F01_Reference:CDS	Putative HTH-type transcriptional regulator YwnA	NZ_LS483405.1:c1835253-1834831	JECDCPOO_01863

DiscRep_SUB:FEATURE_LOCATION_CONFLICT::Coding region xref gene does not exist
prokka_output/45709_F01_Reference/45709_F01_Reference:CDS	hypothetical protein	NZ_LS483405.1:1835394-1835969	JECDCPOO_01864

DiscRep_SUB:FEATURE_LOCATION_CONFLICT::Coding region xref gene does not exist
prokka_output/45709_F01_Reference/45709_F01_Reference:CDS	Dipeptidase A	NZ_LS483405.1:1836171-1837574	JECDCPOO_01865

DiscRep_SUB:FEATURE_LOCATION_CONFLICT::Coding region xref gene does not exist
prokka_output/45709_F01_Reference/45709_F01_Reference:CDS	Arginine/ornithine antiporter ArcD1	NZ_LS483405.1:c1839281-1837665	JECDCPOO_01866

DiscRep_SUB:FEATURE_LOCATION_CONFLICT::Coding region xref gene does not exist
prokka_output/45709_F01_Reference/45709_F01_Reference:CDS	Aminopeptidase N	NZ_LS483405.1:c1842015-1839481	JECDCPOO_01867

DiscRep_SUB:FEATURE_LOCATION_CONFLICT::Coding region xref gene does not exist
prokka_output/45709_F01_Reference/45709_F01_Reference:CDS	hypothetical protein	NZ_LS483405.1:c1842571-1842173	JECDCPOO_01868

DiscRep_SUB:FEATURE_LOCATION_CONFLICT::Coding region xref gene does not exist
prokka_output/45709_F01_Reference/45709_F01_Reference:CDS	Alpha-galactosidase AgaA	NZ_LS483405.1:c1844860-1842647	JECDCPOO_01869

DiscRep_SUB:FEATURE_LOCATION_CONFLICT::Coding region xref gene does not exist
prokka_output/45709_F01_Reference/45709_F01_Reference:CDS	hypothetical protein	NZ_LS483405.1:c1847305-1845059	JECDCPOO_01870

DiscRep_SUB:FEATURE_LOCATION_CONFLICT::Coding region xref gene does not exist
prokka_output/45709_F01_Reference/45709_F01_Reference:CDS	GMP synthase [glutamine-hydrolyzing]	NZ_LS483405.1:c1849559-1847994	JECDCPOO_01871

DiscRep_SUB:FEATURE_LOCATION_CONFLICT::Coding region xref gene does not exist
prokka_output/45709_F01_Reference/45709_F01_Reference:CDS	hypothetical protein	NZ_LS483405.1:c1850222-1849644	JECDCPOO_01872

DiscRep_SUB:FEATURE_LOCATION_CONFLICT::Coding region xref gene does not exist
prokka_output/45709_F01_Reference/45709_F01_Reference:CDS	Pantothenate kinase	NZ_LS483405.1:c1851159-1850236	JECDCPOO_01873

DiscRep_SUB:FEATURE_LOCATION_CONFLICT::Coding region xref gene does not exist
prokka_output/45709_F01_Reference/45709_F01_Reference:CDS	DNA helicase IV	NZ_LS483405.1:c1854101-1851807	JECDCPOO_01874

DiscRep_SUB:FEATURE_LOCATION_CONFLICT::Coding region xref gene does not exist
prokka_output/45709_F01_Reference/45709_F01_Reference:CDS	hypothetical protein	NZ_LS483405.1:1854446-1856299	JECDCPOO_01875

DiscRep_SUB:FEATURE_LOCATION_CONFLICT::Coding region xref gene does not exist
prokka_output/45709_F01_Reference/45709_F01_Reference:CDS	2,3-bisphosphoglycerate-dependent phosphoglycerate mutase	NZ_LS483405.1:1856345-1856995	JECDCPOO_01876

DiscRep_SUB:FEATURE_LOCATION_CONFLICT::Coding region xref gene does not exist
prokka_output/45709_F01_Reference/45709_F01_Reference:CDS	Oligopeptide transport ATP-binding protein OppF	NZ_LS483405.1:c1858046-1857087	JECDCPOO_01877

DiscRep_SUB:FEATURE_LOCATION_CONFLICT::Coding region xref gene does not exist
prokka_output/45709_F01_Reference/45709_F01_Reference:CDS	Dipeptide transport ATP-binding protein DppD	NZ_LS483405.1:c1859146-1858046	JECDCPOO_01878

DiscRep_SUB:FEATURE_LOCATION_CONFLICT::Coding region xref gene does not exist
prokka_output/45709_F01_Reference/45709_F01_Reference:CDS	Dipeptide transport system permease protein DppC	NZ_LS483405.1:c1860185-1859160	JECDCPOO_01879

DiscRep_SUB:FEATURE_LOCATION_CONFLICT::Coding region xref gene does not exist
prokka_output/45709_F01_Reference/45709_F01_Reference:CDS	Dipeptide transport system permease protein DppB	NZ_LS483405.1:c1861126-1860197	JECDCPOO_01880

DiscRep_SUB:FEATURE_LOCATION_CONFLICT::Coding region xref gene does not exist
prokka_output/45709_F01_Reference/45709_F01_Reference:CDS	hypothetical protein	NZ_LS483405.1:c1861478-1861323	JECDCPOO_01881

DiscRep_SUB:FEATURE_LOCATION_CONFLICT::Coding region xref gene does not exist
prokka_output/45709_F01_Reference/45709_F01_Reference:CDS	Dipeptide-binding protein	NZ_LS483405.1:c1862948-1861557	JECDCPOO_01882

DiscRep_SUB:FEATURE_LOCATION_CONFLICT::Coding region xref gene does not exist
prokka_output/45709_F01_Reference/45709_F01_Reference:CDS	Dipeptide-binding protein	NZ_LS483405.1:c1864946-1863321	JECDCPOO_01883

DiscRep_SUB:FEATURE_LOCATION_CONFLICT::Coding region xref gene does not exist
prokka_output/45709_F01_Reference/45709_F01_Reference:CDS	GTPase HflX	NZ_LS483405.1:1865162-1866439	JECDCPOO_01884

DiscRep_SUB:FEATURE_LOCATION_CONFLICT::Coding region xref gene does not exist
prokka_output/45709_F01_Reference/45709_F01_Reference:CDS	putative glutamine ABC transporter permease protein GlnP	NZ_LS483405.1:c1867160-1866504	JECDCPOO_01885

DiscRep_SUB:FEATURE_LOCATION_CONFLICT::Coding region xref gene does not exist
prokka_output/45709_F01_Reference/45709_F01_Reference:CDS	putative glutamine ABC transporter permease protein GlnM	NZ_LS483405.1:c1867815-1867177	JECDCPOO_01886

DiscRep_SUB:FEATURE_LOCATION_CONFLICT::Coding region xref gene does not exist
prokka_output/45709_F01_Reference/45709_F01_Reference:CDS	ABC transporter glutamine-binding protein GlnH	NZ_LS483405.1:c1868648-1867812	JECDCPOO_01887

DiscRep_SUB:FEATURE_LOCATION_CONFLICT::Coding region xref gene does not exist
prokka_output/45709_F01_Reference/45709_F01_Reference:CDS	Glutamine transport ATP-binding protein GlnQ	NZ_LS483405.1:c1869408-1868668	JECDCPOO_01888

DiscRep_SUB:FEATURE_LOCATION_CONFLICT::Coding region xref gene does not exist
prokka_output/45709_F01_Reference/45709_F01_Reference:CDS	hypothetical protein	NZ_LS483405.1:c1870724-1869792	JECDCPOO_01889

DiscRep_SUB:FEATURE_LOCATION_CONFLICT::Coding region xref gene does not exist
prokka_output/45709_F01_Reference/45709_F01_Reference:CDS	hypothetical protein	NZ_LS483405.1:c1871290-1870745	JECDCPOO_01890

DiscRep_SUB:FEATURE_LOCATION_CONFLICT::Coding region xref gene does not exist
prokka_output/45709_F01_Reference/45709_F01_Reference:CDS	Zinc-specific metallo-regulatory protein	NZ_LS483405.1:c1871823-1871365	JECDCPOO_01891

DiscRep_SUB:FEATURE_LOCATION_CONFLICT::Coding region xref gene does not exist
prokka_output/45709_F01_Reference/45709_F01_Reference:CDS	Guanylate kinase	NZ_LS483405.1:c1872489-1871917	JECDCPOO_01892

DiscRep_SUB:FEATURE_LOCATION_CONFLICT::Coding region xref gene does not exist
prokka_output/45709_F01_Reference/45709_F01_Reference:CDS	hypothetical protein	NZ_LS483405.1:c1872904-1872482	JECDCPOO_01893

DiscRep_SUB:FEATURE_LOCATION_CONFLICT::Coding region xref gene does not exist
prokka_output/45709_F01_Reference/45709_F01_Reference:CDS	Branched-chain amino acid permease BcaP	NZ_LS483405.1:1873077-1874471	JECDCPOO_01894

DiscRep_SUB:FEATURE_LOCATION_CONFLICT::Coding region xref gene does not exist
prokka_output/45709_F01_Reference/45709_F01_Reference:CDS	Xaa-Pro dipeptidyl-peptidase	NZ_LS483405.1:1874508-1876943	JECDCPOO_01895

DiscRep_SUB:FEATURE_LOCATION_CONFLICT::Coding region xref gene does not exist
prokka_output/45709_F01_Reference/45709_F01_Reference:CDS	Proline iminopeptidase	NZ_LS483405.1:1877021-1877932	JECDCPOO_01896

DiscRep_SUB:FEATURE_LOCATION_CONFLICT::Coding region xref gene does not exist
prokka_output/45709_F01_Reference/45709_F01_Reference:CDS	Putative L,D-transpeptidase YciB	NZ_LS483405.1:c1878674-1878075	JECDCPOO_01897

DiscRep_SUB:FEATURE_LOCATION_CONFLICT::Coding region xref gene does not exist
prokka_output/45709_F01_Reference/45709_F01_Reference:CDS	Energy-dependent translational throttle protein EttA	NZ_LS483405.1:c1880332-1878776	JECDCPOO_01898

DiscRep_SUB:FEATURE_LOCATION_CONFLICT::Coding region xref gene does not exist
prokka_output/45709_F01_Reference/45709_F01_Reference:CDS	Virulence protein	NZ_LS483405.1:1880515-1880898	JECDCPOO_01899

DiscRep_SUB:FEATURE_LOCATION_CONFLICT::Coding region xref gene does not exist
prokka_output/45709_F01_Reference/45709_F01_Reference:CDS	hypothetical protein	NZ_LS483405.1:1880910-1881599	JECDCPOO_01900

DiscRep_SUB:FEATURE_LOCATION_CONFLICT::Coding region xref gene does not exist
prokka_output/45709_F01_Reference/45709_F01_Reference:CDS	ABC transporter ATP-binding protein YxdL	NZ_LS483405.1:c1882384-1881686	JECDCPOO_01901

DiscRep_SUB:FEATURE_LOCATION_CONFLICT::Coding region xref gene does not exist
prokka_output/45709_F01_Reference/45709_F01_Reference:CDS	hypothetical protein	NZ_LS483405.1:c1883135-1882392	JECDCPOO_01902

DiscRep_SUB:FEATURE_LOCATION_CONFLICT::Coding region xref gene does not exist
prokka_output/45709_F01_Reference/45709_F01_Reference:CDS	hypothetical protein	NZ_LS483405.1:c1883357-1883148	JECDCPOO_01903

DiscRep_SUB:FEATURE_LOCATION_CONFLICT::Coding region xref gene does not exist
prokka_output/45709_F01_Reference/45709_F01_Reference:CDS	hypothetical protein	NZ_LS483405.1:c1884340-1883375	JECDCPOO_01904

DiscRep_SUB:FEATURE_LOCATION_CONFLICT::Coding region xref gene does not exist
prokka_output/45709_F01_Reference/45709_F01_Reference:CDS	Protein DegV	NZ_LS483405.1:c1885590-1884700	JECDCPOO_01905

DiscRep_SUB:FEATURE_LOCATION_CONFLICT::Coding region xref gene does not exist
prokka_output/45709_F01_Reference/45709_F01_Reference:CDS	hypothetical protein	NZ_LS483405.1:1886146-1887141	JECDCPOO_01906

DiscRep_SUB:FEATURE_LOCATION_CONFLICT::Coding region xref gene does not exist
prokka_output/45709_F01_Reference/45709_F01_Reference:CDS	hypothetical protein	NZ_LS483405.1:1887138-1888040	JECDCPOO_01907

DiscRep_SUB:FEATURE_LOCATION_CONFLICT::Coding region xref gene does not exist
prokka_output/45709_F01_Reference/45709_F01_Reference:CDS	Thiamine import ATP-binding protein ThiQ	NZ_LS483405.1:1888033-1888803	JECDCPOO_01908

DiscRep_SUB:FEATURE_LOCATION_CONFLICT::Coding region xref gene does not exist
prokka_output/45709_F01_Reference/45709_F01_Reference:CDS	hypothetical protein	NZ_LS483405.1:1889040-1889744	JECDCPOO_01909

DiscRep_SUB:FEATURE_LOCATION_CONFLICT::Coding region xref gene does not exist
prokka_output/45709_F01_Reference/45709_F01_Reference:CDS	hypothetical protein	NZ_LS483405.1:1889770-1890462	JECDCPOO_01910

DiscRep_SUB:FEATURE_LOCATION_CONFLICT::Coding region xref gene does not exist
prokka_output/45709_F01_Reference/45709_F01_Reference:CDS	hypothetical protein	NZ_LS483405.1:1890479-1891519	JECDCPOO_01911

DiscRep_SUB:FEATURE_LOCATION_CONFLICT::Coding region xref gene does not exist
prokka_output/45709_F01_Reference/45709_F01_Reference:CDS	hypothetical protein	NZ_LS483405.1:1891542-1891904	JECDCPOO_01912

DiscRep_SUB:FEATURE_LOCATION_CONFLICT::Coding region xref gene does not exist
prokka_output/45709_F01_Reference/45709_F01_Reference:CDS	hypothetical protein	NZ_LS483405.1:1891911-1895030	JECDCPOO_01913

DiscRep_SUB:FEATURE_LOCATION_CONFLICT::Coding region xref gene does not exist
prokka_output/45709_F01_Reference/45709_F01_Reference:CDS	hypothetical protein	NZ_LS483405.1:c1895293-1895096	JECDCPOO_01914

DiscRep_SUB:FEATURE_LOCATION_CONFLICT::Coding region xref gene does not exist
prokka_output/45709_F01_Reference/45709_F01_Reference:CDS	putative oxidoreductase YkwC	NZ_LS483405.1:c1896251-1895385	JECDCPOO_01915

DiscRep_SUB:FEATURE_LOCATION_CONFLICT::Coding region xref gene does not exist
prokka_output/45709_F01_Reference/45709_F01_Reference:CDS	hypothetical protein	NZ_LS483405.1:c1897108-1896359	JECDCPOO_01916

DiscRep_SUB:FEATURE_LOCATION_CONFLICT::Coding region xref gene does not exist
prokka_output/45709_F01_Reference/45709_F01_Reference:CDS	Putative D-alanyl-D-alanine carboxypeptidase	NZ_LS483405.1:1897344-1898657	JECDCPOO_01917

DiscRep_SUB:FEATURE_LOCATION_CONFLICT::Coding region xref gene does not exist
prokka_output/45709_F01_Reference/45709_F01_Reference:CDS	hypothetical protein	NZ_LS483405.1:c1899389-1898766	JECDCPOO_01918

DiscRep_SUB:FEATURE_LOCATION_CONFLICT::Coding region xref gene does not exist
prokka_output/45709_F01_Reference/45709_F01_Reference:CDS	hypothetical protein	NZ_LS483405.1:1899504-1900493	JECDCPOO_01919

DiscRep_SUB:FEATURE_LOCATION_CONFLICT::Coding region xref gene does not exist
prokka_output/45709_F01_Reference/45709_F01_Reference:CDS	Penicillin V acylase	NZ_LS483405.1:c1901467-1900490	JECDCPOO_01920

DiscRep_SUB:FEATURE_LOCATION_CONFLICT::Coding region xref gene does not exist
prokka_output/45709_F01_Reference/45709_F01_Reference:CDS	Diacetyl reductase [(S)-acetoin forming]	NZ_LS483405.1:c1902318-1901557	JECDCPOO_01921

DiscRep_SUB:FEATURE_LOCATION_CONFLICT::Coding region xref gene does not exist
prokka_output/45709_F01_Reference/45709_F01_Reference:CDS	hypothetical protein	NZ_LS483405.1:c1902632-1902396	JECDCPOO_01922

DiscRep_SUB:FEATURE_LOCATION_CONFLICT::Coding region xref gene does not exist
prokka_output/45709_F01_Reference/45709_F01_Reference:CDS	Putative membrane protein YdgH	NZ_LS483405.1:1902835-1905597	JECDCPOO_01923

DiscRep_SUB:FEATURE_LOCATION_CONFLICT::Coding region xref gene does not exist
prokka_output/45709_F01_Reference/45709_F01_Reference:CDS	Riboflavin transporter RibZ	NZ_LS483405.1:c1907090-1905654	JECDCPOO_01924

DiscRep_SUB:FEATURE_LOCATION_CONFLICT::Coding region xref gene does not exist
prokka_output/45709_F01_Reference/45709_F01_Reference:CDS	hypothetical protein	NZ_LS483405.1:c1907629-1907093	JECDCPOO_01925

DiscRep_SUB:FEATURE_LOCATION_CONFLICT::Coding region xref gene does not exist
prokka_output/45709_F01_Reference/45709_F01_Reference:CDS	hypothetical protein	NZ_LS483405.1:c1908328-1907858	JECDCPOO_01926

DiscRep_SUB:FEATURE_LOCATION_CONFLICT::Coding region xref gene does not exist
prokka_output/45709_F01_Reference/45709_F01_Reference:CDS	hypothetical protein	NZ_LS483405.1:1908537-1909007	JECDCPOO_01927

DiscRep_SUB:FEATURE_LOCATION_CONFLICT::Coding region xref gene does not exist
prokka_output/45709_F01_Reference/45709_F01_Reference:CDS	Acetyltransferase	NZ_LS483405.1:c1909622-1909191	JECDCPOO_01928

DiscRep_SUB:FEATURE_LOCATION_CONFLICT::Coding region xref gene does not exist
prokka_output/45709_F01_Reference/45709_F01_Reference:CDS	2,3-bisphosphoglycerate-dependent phosphoglycerate mutase	NZ_LS483405.1:c1910301-1909639	JECDCPOO_01929

DiscRep_SUB:FEATURE_LOCATION_CONFLICT::Coding region xref gene does not exist
prokka_output/45709_F01_Reference/45709_F01_Reference:CDS	Lipoteichoic acid synthase 1	NZ_LS483405.1:1910536-1912668	JECDCPOO_01930

DiscRep_SUB:FEATURE_LOCATION_CONFLICT::Coding region xref gene does not exist
prokka_output/45709_F01_Reference/45709_F01_Reference:CDS	Ferredoxin--NADP reductase 2	NZ_LS483405.1:c1913743-1912748	JECDCPOO_01931

DiscRep_SUB:FEATURE_LOCATION_CONFLICT::Coding region xref gene does not exist
prokka_output/45709_F01_Reference/45709_F01_Reference:CDS	hypothetical protein	NZ_LS483405.1:1913788-1914546	JECDCPOO_01932

DiscRep_SUB:FEATURE_LOCATION_CONFLICT::Coding region xref gene does not exist
prokka_output/45709_F01_Reference/45709_F01_Reference:CDS	hypothetical protein	NZ_LS483405.1:c1915574-1914531	JECDCPOO_01933

DiscRep_SUB:FEATURE_LOCATION_CONFLICT::Coding region xref gene does not exist
prokka_output/45709_F01_Reference/45709_F01_Reference:CDS	Pyrimidine-specific ribonucleoside hydrolase RihA	NZ_LS483405.1:1915743-1916699	JECDCPOO_01934

DiscRep_SUB:FEATURE_LOCATION_CONFLICT::Coding region xref gene does not exist
prokka_output/45709_F01_Reference/45709_F01_Reference:CDS	hypothetical protein	NZ_LS483405.1:1916840-1917187	JECDCPOO_01935

DiscRep_SUB:FEATURE_LOCATION_CONFLICT::Coding region xref gene does not exist
prokka_output/45709_F01_Reference/45709_F01_Reference:CDS	hypothetical protein	NZ_LS483405.1:c1917890-1917228	JECDCPOO_01936

DiscRep_SUB:FEATURE_LOCATION_CONFLICT::Coding region xref gene does not exist
prokka_output/45709_F01_Reference/45709_F01_Reference:CDS	Sugar phosphatase YidA	NZ_LS483405.1:c1918777-1917962	JECDCPOO_01937

DiscRep_SUB:FEATURE_LOCATION_CONFLICT::Coding region xref gene does not exist
prokka_output/45709_F01_Reference/45709_F01_Reference:CDS	hypothetical protein	NZ_LS483405.1:c1919665-1918850	JECDCPOO_01938

DiscRep_SUB:FEATURE_LOCATION_CONFLICT::Coding region xref gene does not exist
prokka_output/45709_F01_Reference/45709_F01_Reference:CDS	Lichenan permease IIC component	NZ_LS483405.1:c1920939-1919662	JECDCPOO_01939

DiscRep_SUB:FEATURE_LOCATION_CONFLICT::Coding region xref gene does not exist
prokka_output/45709_F01_Reference/45709_F01_Reference:CDS	Sugar phosphatase YbiV	NZ_LS483405.1:c1921844-1921023	JECDCPOO_01940

DiscRep_SUB:FEATURE_LOCATION_CONFLICT::Coding region xref gene does not exist
prokka_output/45709_F01_Reference/45709_F01_Reference:CDS	hypothetical protein	NZ_LS483405.1:1922021-1922779	JECDCPOO_01941

DiscRep_SUB:FEATURE_LOCATION_CONFLICT::Coding region xref gene does not exist
prokka_output/45709_F01_Reference/45709_F01_Reference:CDS	hypothetical protein	NZ_LS483405.1:1922776-1923105	JECDCPOO_01942

DiscRep_SUB:FEATURE_LOCATION_CONFLICT::Coding region xref gene does not exist
prokka_output/45709_F01_Reference/45709_F01_Reference:CDS	Chloramphenicol acetyltransferase	NZ_LS483405.1:1923115-1923783	JECDCPOO_01943

DiscRep_SUB:FEATURE_LOCATION_CONFLICT::Coding region xref gene does not exist
prokka_output/45709_F01_Reference/45709_F01_Reference:CDS	hypothetical protein	NZ_LS483405.1:c1925007-1923829	JECDCPOO_01944

DiscRep_SUB:FEATURE_LOCATION_CONFLICT::Coding region xref gene does not exist
prokka_output/45709_F01_Reference/45709_F01_Reference:CDS	D-alanyl-D-alanine carboxypeptidase DacA	NZ_LS483405.1:c1926143-1925229	JECDCPOO_01945

DiscRep_SUB:FEATURE_LOCATION_CONFLICT::Coding region xref gene does not exist
prokka_output/45709_F01_Reference/45709_F01_Reference:CDS	Putative HMP/thiamine permease protein YkoE	NZ_LS483405.1:1926531-1927094	JECDCPOO_01946

DiscRep_SUB:FEATURE_LOCATION_CONFLICT::Coding region xref gene does not exist
prokka_output/45709_F01_Reference/45709_F01_Reference:CDS	Putative HMP/thiamine import ATP-binding protein YkoD	NZ_LS483405.1:1927119-1928528	JECDCPOO_01947

DiscRep_SUB:FEATURE_LOCATION_CONFLICT::Coding region xref gene does not exist
prokka_output/45709_F01_Reference/45709_F01_Reference:CDS	Putative HMP/thiamine permease protein YkoC	NZ_LS483405.1:1928525-1929178	JECDCPOO_01948

DiscRep_SUB:FEATURE_LOCATION_CONFLICT::Coding region xref gene does not exist
prokka_output/45709_F01_Reference/45709_F01_Reference:CDS	Aminopyrimidine aminohydrolase	NZ_LS483405.1:1929203-1929856	JECDCPOO_01949

DiscRep_SUB:FEATURE_LOCATION_CONFLICT::Coding region xref gene does not exist
prokka_output/45709_F01_Reference/45709_F01_Reference:CDS	hypothetical protein	NZ_LS483405.1:1929935-1930300	JECDCPOO_01950

DiscRep_SUB:FEATURE_LOCATION_CONFLICT::Coding region xref gene does not exist
prokka_output/45709_F01_Reference/45709_F01_Reference:CDS	hypothetical protein	NZ_LS483405.1:1931002-1931193	JECDCPOO_01951

DiscRep_SUB:FEATURE_LOCATION_CONFLICT::Coding region xref gene does not exist
prokka_output/45709_F01_Reference/45709_F01_Reference:CDS	hypothetical protein	NZ_LS483405.1:c1931516-1931274	JECDCPOO_01952

DiscRep_SUB:FEATURE_LOCATION_CONFLICT::Coding region xref gene does not exist
prokka_output/45709_F01_Reference/45709_F01_Reference:CDS	hypothetical protein	NZ_LS483405.1:c1931876-1931532	JECDCPOO_01953

DiscRep_SUB:FEATURE_LOCATION_CONFLICT::Coding region xref gene does not exist
prokka_output/45709_F01_Reference/45709_F01_Reference:CDS	hypothetical protein	NZ_LS483405.1:c1933094-1931931	JECDCPOO_01954

DiscRep_SUB:FEATURE_LOCATION_CONFLICT::Coding region xref gene does not exist
prokka_output/45709_F01_Reference/45709_F01_Reference:CDS	hypothetical protein	NZ_LS483405.1:c1934186-1933176	JECDCPOO_01955

DiscRep_SUB:FEATURE_LOCATION_CONFLICT::Coding region xref gene does not exist
prokka_output/45709_F01_Reference/45709_F01_Reference:CDS	hypothetical protein	NZ_LS483405.1:1934242-1934397	JECDCPOO_01956

DiscRep_SUB:FEATURE_LOCATION_CONFLICT::Coding region xref gene does not exist
prokka_output/45709_F01_Reference/45709_F01_Reference:CDS	Uric acid permease PucK	NZ_LS483405.1:1934647-1936050	JECDCPOO_01957

DiscRep_SUB:FEATURE_LOCATION_CONFLICT::Coding region xref gene does not exist
prokka_output/45709_F01_Reference/45709_F01_Reference:CDS	Multidrug efflux system ATP-binding protein	NZ_LS483405.1:1936168-1937061	JECDCPOO_01958

DiscRep_SUB:FEATURE_LOCATION_CONFLICT::Coding region xref gene does not exist
prokka_output/45709_F01_Reference/45709_F01_Reference:CDS	putative protein YhaP	NZ_LS483405.1:1937058-1938278	JECDCPOO_01959

DiscRep_SUB:FEATURE_LOCATION_CONFLICT::Coding region xref gene does not exist
prokka_output/45709_F01_Reference/45709_F01_Reference:CDS	putative threonine/serine exporter	NZ_LS483405.1:c1940091-1938742	JECDCPOO_01961

DiscRep_SUB:FEATURE_LOCATION_CONFLICT::Coding region xref gene does not exist
prokka_output/45709_F01_Reference/45709_F01_Reference:CDS	DegV domain-containing protein	NZ_LS483405.1:c1941060-1940194	JECDCPOO_01962

DiscRep_SUB:FEATURE_LOCATION_CONFLICT::Coding region xref gene does not exist
prokka_output/45709_F01_Reference/45709_F01_Reference:CDS	Aldo-keto reductase/MSMEI_2347	NZ_LS483405.1:1941277-1942083	JECDCPOO_01963

DiscRep_SUB:FEATURE_LOCATION_CONFLICT::Coding region xref gene does not exist
prokka_output/45709_F01_Reference/45709_F01_Reference:CDS	hypothetical protein	NZ_LS483405.1:1942255-1942623	JECDCPOO_01964

DiscRep_SUB:FEATURE_LOCATION_CONFLICT::Coding region xref gene does not exist
prokka_output/45709_F01_Reference/45709_F01_Reference:CDS	hypothetical protein	NZ_LS483405.1:1942635-1942997	JECDCPOO_01965

DiscRep_SUB:FEATURE_LOCATION_CONFLICT::Coding region xref gene does not exist
prokka_output/45709_F01_Reference/45709_F01_Reference:CDS	Glutamate decarboxylase	NZ_LS483405.1:1943086-1944492	JECDCPOO_01966

DiscRep_SUB:FEATURE_LOCATION_CONFLICT::Coding region xref gene does not exist
prokka_output/45709_F01_Reference/45709_F01_Reference:CDS	Lactate racemization regulatory protein	NZ_LS483405.1:c1945269-1944583	JECDCPOO_01967

DiscRep_SUB:FEATURE_LOCATION_CONFLICT::Coding region xref gene does not exist
prokka_output/45709_F01_Reference/45709_F01_Reference:CDS	Lactate racemase	NZ_LS483405.1:1945475-1946755	JECDCPOO_01968

DiscRep_SUB:FEATURE_LOCATION_CONFLICT::Coding region xref gene does not exist
prokka_output/45709_F01_Reference/45709_F01_Reference:CDS	Pyridinium-3,5-biscarboxylic acid mononucleotide synthase	NZ_LS483405.1:1946758-1947519	JECDCPOO_01969

DiscRep_SUB:FEATURE_LOCATION_CONFLICT::Coding region xref gene does not exist
prokka_output/45709_F01_Reference/45709_F01_Reference:CDS	Pyridinium-3,5-bisthiocarboxylic acid mononucleotide nickel insertion protein	NZ_LS483405.1:1947516-1948748	JECDCPOO_01970

DiscRep_SUB:FEATURE_LOCATION_CONFLICT::Coding region xref gene does not exist
prokka_output/45709_F01_Reference/45709_F01_Reference:CDS	Pyridinium-3,5-bisthiocarboxylic acid mononucleotide synthase	NZ_LS483405.1:1948755-1949591	JECDCPOO_01971

DiscRep_SUB:FEATURE_LOCATION_CONFLICT::Coding region xref gene does not exist
prokka_output/45709_F01_Reference/45709_F01_Reference:CDS	Glycerol facilitator-aquaporin gla	NZ_LS483405.1:1949653-1950321	JECDCPOO_01972

DiscRep_SUB:FEATURE_LOCATION_CONFLICT::Coding region xref gene does not exist
prokka_output/45709_F01_Reference/45709_F01_Reference:CDS	Nickel transporter NixA	NZ_LS483405.1:1950408-1951391	JECDCPOO_01973

DiscRep_SUB:FEATURE_LOCATION_CONFLICT::Coding region xref gene does not exist
prokka_output/45709_F01_Reference/45709_F01_Reference:CDS	2-succinyl-6-hydroxy-2,4-cyclohexadiene-1-carboxylate synthase	NZ_LS483405.1:1951533-1952279	JECDCPOO_01974

DiscRep_SUB:FEATURE_LOCATION_CONFLICT::Coding region xref gene does not exist
prokka_output/45709_F01_Reference/45709_F01_Reference:CDS	hypothetical protein	NZ_LS483405.1:1952456-1952875	JECDCPOO_01975

DiscRep_SUB:FEATURE_LOCATION_CONFLICT::Coding region xref gene does not exist
prokka_output/45709_F01_Reference/45709_F01_Reference:CDS	Spermidine/putrescine import ATP-binding protein PotA	NZ_LS483405.1:1953980-1955092	JECDCPOO_01976

DiscRep_SUB:FEATURE_LOCATION_CONFLICT::Coding region xref gene does not exist
prokka_output/45709_F01_Reference/45709_F01_Reference:CDS	Spermidine/putrescine transport system permease protein PotB	NZ_LS483405.1:1955070-1955894	JECDCPOO_01977

DiscRep_SUB:FEATURE_LOCATION_CONFLICT::Coding region xref gene does not exist
prokka_output/45709_F01_Reference/45709_F01_Reference:CDS	Spermidine/putrescine transport system permease protein PotC	NZ_LS483405.1:1955891-1956694	JECDCPOO_01978

DiscRep_SUB:FEATURE_LOCATION_CONFLICT::Coding region xref gene does not exist
prokka_output/45709_F01_Reference/45709_F01_Reference:CDS	Spermidine/putrescine-binding periplasmic protein	NZ_LS483405.1:1956691-1957761	JECDCPOO_01979

DiscRep_SUB:FEATURE_LOCATION_CONFLICT::Coding region xref gene does not exist
prokka_output/45709_F01_Reference/45709_F01_Reference:CDS	Phosphate import ATP-binding protein PstB 3	NZ_LS483405.1:c1958607-1957804	JECDCPOO_01980

DiscRep_SUB:FEATURE_LOCATION_CONFLICT::Coding region xref gene does not exist
prokka_output/45709_F01_Reference/45709_F01_Reference:CDS	Phosphate transport system permease protein PstA	NZ_LS483405.1:c1959510-1958620	JECDCPOO_01981

DiscRep_SUB:FEATURE_LOCATION_CONFLICT::Coding region xref gene does not exist
prokka_output/45709_F01_Reference/45709_F01_Reference:CDS	hypothetical protein	NZ_LS483405.1:c1960453-1959500	JECDCPOO_01982

DiscRep_SUB:FEATURE_LOCATION_CONFLICT::Coding region xref gene does not exist
prokka_output/45709_F01_Reference/45709_F01_Reference:CDS	Phosphate-binding protein PstS 1	NZ_LS483405.1:c1961412-1960522	JECDCPOO_01983

DiscRep_SUB:FEATURE_LOCATION_CONFLICT::Coding region xref gene does not exist
prokka_output/45709_F01_Reference/45709_F01_Reference:CDS	hypothetical protein	NZ_LS483405.1:1961693-1962043	JECDCPOO_01984

DiscRep_SUB:FEATURE_LOCATION_CONFLICT::Coding region xref gene does not exist
prokka_output/45709_F01_Reference/45709_F01_Reference:CDS	hypothetical protein	NZ_LS483405.1:c1962303-1962100	JECDCPOO_01985

DiscRep_SUB:FEATURE_LOCATION_CONFLICT::Coding region xref gene does not exist
prokka_output/45709_F01_Reference/45709_F01_Reference:CDS	hypothetical protein	NZ_LS483405.1:c1962637-1962374	JECDCPOO_01986

DiscRep_SUB:FEATURE_LOCATION_CONFLICT::Coding region xref gene does not exist
prokka_output/45709_F01_Reference/45709_F01_Reference:CDS	3'-5' exonuclease DinG	NZ_LS483405.1:1962790-1965156	JECDCPOO_01987

DiscRep_SUB:FEATURE_LOCATION_CONFLICT::Coding region xref gene does not exist
prokka_output/45709_F01_Reference/45709_F01_Reference:CDS	hypothetical protein	NZ_LS483405.1:1965153-1965845	JECDCPOO_01988

DiscRep_SUB:FEATURE_LOCATION_CONFLICT::Coding region xref gene does not exist
prokka_output/45709_F01_Reference/45709_F01_Reference:CDS	hypothetical protein	NZ_LS483405.1:1965842-1966759	JECDCPOO_01989

DiscRep_SUB:FEATURE_LOCATION_CONFLICT::Coding region xref gene does not exist
prokka_output/45709_F01_Reference/45709_F01_Reference:CDS	6-phosphogluconolactonase	NZ_LS483405.1:c1967926-1966883	JECDCPOO_01990

DiscRep_SUB:FEATURE_LOCATION_CONFLICT::Coding region xref gene does not exist
prokka_output/45709_F01_Reference/45709_F01_Reference:CDS	hypothetical protein	NZ_LS483405.1:1968070-1968516	JECDCPOO_01991

DiscRep_SUB:FEATURE_LOCATION_CONFLICT::Coding region xref gene does not exist
prokka_output/45709_F01_Reference/45709_F01_Reference:CDS	Glutamate/serine transporter AimA	NZ_LS483405.1:c1970166-1968577	JECDCPOO_01992

DiscRep_SUB:FEATURE_LOCATION_CONFLICT::Coding region xref gene does not exist
prokka_output/45709_F01_Reference/45709_F01_Reference:CDS	hypothetical protein	NZ_LS483405.1:c1970958-1970251	JECDCPOO_01993

DiscRep_SUB:FEATURE_LOCATION_CONFLICT::Coding region xref gene does not exist
prokka_output/45709_F01_Reference/45709_F01_Reference:CDS	hypothetical protein	NZ_LS483405.1:c1971659-1970970	JECDCPOO_01994

DiscRep_SUB:FEATURE_LOCATION_CONFLICT::Coding region xref gene does not exist
prokka_output/45709_F01_Reference/45709_F01_Reference:CDS	Peroxide-responsive repressor PerR	NZ_LS483405.1:1971929-1972420	JECDCPOO_01995

DiscRep_SUB:FEATURE_LOCATION_CONFLICT::Coding region xref gene does not exist
prokka_output/45709_F01_Reference/45709_F01_Reference:CDS	hypothetical protein	NZ_LS483405.1:1972742-1973827	JECDCPOO_01996

DiscRep_SUB:FEATURE_LOCATION_CONFLICT::Coding region xref gene does not exist
prokka_output/45709_F01_Reference/45709_F01_Reference:CDS	hypothetical protein	NZ_LS483405.1:c1974702-1973953	JECDCPOO_01997

DiscRep_SUB:FEATURE_LOCATION_CONFLICT::Coding region xref gene does not exist
prokka_output/45709_F01_Reference/45709_F01_Reference:CDS	hypothetical protein	NZ_LS483405.1:c1975514-1974732	JECDCPOO_01998

DiscRep_SUB:FEATURE_LOCATION_CONFLICT::Coding region xref gene does not exist
prokka_output/45709_F01_Reference/45709_F01_Reference:CDS	hypothetical protein	NZ_LS483405.1:c1976626-1975511	JECDCPOO_01999

DiscRep_SUB:FEATURE_LOCATION_CONFLICT::Coding region xref gene does not exist
prokka_output/45709_F01_Reference/45709_F01_Reference:CDS	hypothetical protein	NZ_LS483405.1:1976853-1976969	JECDCPOO_02000

DiscRep_SUB:FEATURE_LOCATION_CONFLICT::Coding region xref gene does not exist
prokka_output/45709_F01_Reference/45709_F01_Reference:CDS	Putative universal stress protein	NZ_LS483405.1:c1977525-1977040	JECDCPOO_02001

DiscRep_SUB:FEATURE_LOCATION_CONFLICT::Coding region xref gene does not exist
prokka_output/45709_F01_Reference/45709_F01_Reference:CDS	hypothetical protein	NZ_LS483405.1:1977683-1978567	JECDCPOO_02002

DiscRep_SUB:FEATURE_LOCATION_CONFLICT::Coding region xref gene does not exist
prokka_output/45709_F01_Reference/45709_F01_Reference:CDS	hypothetical protein	NZ_LS483405.1:1978739-1979485	JECDCPOO_02003

DiscRep_SUB:FEATURE_LOCATION_CONFLICT::Coding region xref gene does not exist
prokka_output/45709_F01_Reference/45709_F01_Reference:CDS	hypothetical protein	NZ_LS483405.1:1979761-1980264	JECDCPOO_02004

DiscRep_SUB:FEATURE_LOCATION_CONFLICT::Coding region xref gene does not exist
prokka_output/45709_F01_Reference/45709_F01_Reference:CDS	Neutral endopeptidase	NZ_LS483405.1:1980401-1982356	JECDCPOO_02005

DiscRep_SUB:FEATURE_LOCATION_CONFLICT::Coding region xref gene does not exist
prokka_output/45709_F01_Reference/45709_F01_Reference:CDS	hypothetical protein	NZ_LS483405.1:c1983280-1982918	JECDCPOO_02006

DiscRep_SUB:FEATURE_LOCATION_CONFLICT::Coding region xref gene does not exist
prokka_output/45709_F01_Reference/45709_F01_Reference:CDS	Corrinoid adenosyltransferase	NZ_LS483405.1:c1983851-1983318	JECDCPOO_02007

DiscRep_SUB:FEATURE_LOCATION_CONFLICT::Coding region xref gene does not exist
prokka_output/45709_F01_Reference/45709_F01_Reference:CDS	hypothetical protein	NZ_LS483405.1:1984238-1985029	JECDCPOO_02008

DiscRep_SUB:FEATURE_LOCATION_CONFLICT::Coding region xref gene does not exist
prokka_output/45709_F01_Reference/45709_F01_Reference:CDS	hypothetical protein	NZ_LS483405.1:1985019-1985708	JECDCPOO_02009

DiscRep_SUB:FEATURE_LOCATION_CONFLICT::Coding region xref gene does not exist
prokka_output/45709_F01_Reference/45709_F01_Reference:CDS	Bacitracin transport ATP-binding protein BcrA	NZ_LS483405.1:1985719-1986411	JECDCPOO_02010

DiscRep_SUB:FEATURE_LOCATION_CONFLICT::Coding region xref gene does not exist
prokka_output/45709_F01_Reference/45709_F01_Reference:CDS	hypothetical protein	NZ_LS483405.1:1986378-1986848	JECDCPOO_02011

DiscRep_SUB:FEATURE_LOCATION_CONFLICT::Coding region xref gene does not exist
prokka_output/45709_F01_Reference/45709_F01_Reference:CDS	Adenosylcobalamin-dependent ribonucleoside-triphosphate reductase	NZ_LS483405.1:c1989205-1986953	JECDCPOO_02012

DiscRep_SUB:FEATURE_LOCATION_CONFLICT::Coding region xref gene does not exist
prokka_output/45709_F01_Reference/45709_F01_Reference:CDS	hypothetical protein	NZ_LS483405.1:c1989859-1989674	JECDCPOO_02013

DiscRep_SUB:FEATURE_LOCATION_CONFLICT::Coding region xref gene does not exist
prokka_output/45709_F01_Reference/45709_F01_Reference:CDS	hypothetical protein	NZ_LS483405.1:c1989975-1989856	JECDCPOO_02014

DiscRep_SUB:FEATURE_LOCATION_CONFLICT::Coding region xref gene does not exist
prokka_output/45709_F01_Reference/45709_F01_Reference:CDS	HTH-type transcriptional regulator GanR	NZ_LS483405.1:c1991917-1990907	JECDCPOO_02015

DiscRep_SUB:FEATURE_LOCATION_CONFLICT::Coding region xref gene does not exist
prokka_output/45709_F01_Reference/45709_F01_Reference:CDS	Galactose-1-phosphate uridylyltransferase	NZ_LS483405.1:c1993403-1991940	JECDCPOO_02016

DiscRep_SUB:FEATURE_LOCATION_CONFLICT::Coding region xref gene does not exist
prokka_output/45709_F01_Reference/45709_F01_Reference:CDS	UDP-glucose 4-epimerase	NZ_LS483405.1:c1994411-1993407	JECDCPOO_02017

DiscRep_SUB:FEATURE_LOCATION_CONFLICT::Coding region xref gene does not exist
prokka_output/45709_F01_Reference/45709_F01_Reference:CDS	Galactokinase	NZ_LS483405.1:c1995658-1994489	JECDCPOO_02018

DiscRep_SUB:FEATURE_LOCATION_CONFLICT::Coding region xref gene does not exist
prokka_output/45709_F01_Reference/45709_F01_Reference:CDS	Lactose permease	NZ_LS483405.1:c1997242-1995818	JECDCPOO_02019

DiscRep_SUB:FEATURE_LOCATION_CONFLICT::Coding region xref gene does not exist
prokka_output/45709_F01_Reference/45709_F01_Reference:CDS	hypothetical protein	NZ_LS483405.1:c1997539-1997294	JECDCPOO_02020

DiscRep_SUB:FEATURE_LOCATION_CONFLICT::Coding region xref gene does not exist
prokka_output/45709_F01_Reference/45709_F01_Reference:CDS	Phosphoglucomutase	NZ_LS483405.1:c1999558-1997828	JECDCPOO_02021

DiscRep_SUB:FEATURE_LOCATION_CONFLICT::Coding region xref gene does not exist
prokka_output/45709_F01_Reference/45709_F01_Reference:CDS	Maltose epimerase	NZ_LS483405.1:c2000602-1999580	JECDCPOO_02022

DiscRep_SUB:FEATURE_LOCATION_CONFLICT::Coding region xref gene does not exist
prokka_output/45709_F01_Reference/45709_F01_Reference:CDS	Acyl-CoA dehydrogenase	NZ_LS483405.1:2000935-2002053	JECDCPOO_02023

DiscRep_SUB:FEATURE_LOCATION_CONFLICT::Coding region xref gene does not exist
prokka_output/45709_F01_Reference/45709_F01_Reference:CDS	Caffeyl-CoA reductase-Etf complex subunit CarD	NZ_LS483405.1:2002063-2002857	JECDCPOO_02024

DiscRep_SUB:FEATURE_LOCATION_CONFLICT::Coding region xref gene does not exist
prokka_output/45709_F01_Reference/45709_F01_Reference:CDS	Caffeyl-CoA reductase-Etf complex subunit CarE	NZ_LS483405.1:2002871-2003836	JECDCPOO_02025

DiscRep_SUB:FEATURE_LOCATION_CONFLICT::Coding region xref gene does not exist
prokka_output/45709_F01_Reference/45709_F01_Reference:CDS	L-threonine 3-dehydrogenase	NZ_LS483405.1:c2004922-2003909	JECDCPOO_02026

DiscRep_SUB:FEATURE_LOCATION_CONFLICT::Coding region xref gene does not exist
prokka_output/45709_F01_Reference/45709_F01_Reference:CDS	hypothetical protein	NZ_LS483405.1:2005083-2005421	JECDCPOO_02027

DiscRep_SUB:FEATURE_LOCATION_CONFLICT::Coding region xref gene does not exist
prokka_output/45709_F01_Reference/45709_F01_Reference:CDS	Protein/nucleic acid deglycase HchA	NZ_LS483405.1:2005418-2006095	JECDCPOO_02028

DiscRep_SUB:FEATURE_LOCATION_CONFLICT::Coding region xref gene does not exist
prokka_output/45709_F01_Reference/45709_F01_Reference:CDS	hypothetical protein	NZ_LS483405.1:c2007872-2006154	JECDCPOO_02029

DiscRep_SUB:FEATURE_LOCATION_CONFLICT::Coding region xref gene does not exist
prokka_output/45709_F01_Reference/45709_F01_Reference:CDS	hypothetical protein	NZ_LS483405.1:c2008827-2007925	JECDCPOO_02030

DiscRep_SUB:FEATURE_LOCATION_CONFLICT::Coding region xref gene does not exist
prokka_output/45709_F01_Reference/45709_F01_Reference:CDS	putative MFS-type transporter YhjX	NZ_LS483405.1:2008984-2010207	JECDCPOO_02031

DiscRep_SUB:FEATURE_LOCATION_CONFLICT::Coding region xref gene does not exist
prokka_output/45709_F01_Reference/45709_F01_Reference:CDS	Shikimate dehydrogenase (NADP(+))	NZ_LS483405.1:2010227-2011087	JECDCPOO_02032

DiscRep_SUB:FEATURE_LOCATION_CONFLICT::Coding region xref gene does not exist
prokka_output/45709_F01_Reference/45709_F01_Reference:CDS	Dihydroanticapsin 7-dehydrogenase	NZ_LS483405.1:2011102-2011920	JECDCPOO_02033

DiscRep_SUB:FEATURE_LOCATION_CONFLICT::Coding region xref gene does not exist
prokka_output/45709_F01_Reference/45709_F01_Reference:CDS	hypothetical protein	NZ_LS483405.1:2012007-2012450	JECDCPOO_02034

DiscRep_SUB:FEATURE_LOCATION_CONFLICT::Coding region xref gene does not exist
prokka_output/45709_F01_Reference/45709_F01_Reference:CDS	Riboflavin transporter RibZ	NZ_LS483405.1:c2013931-2012519	JECDCPOO_02035

DiscRep_SUB:FEATURE_LOCATION_CONFLICT::Coding region xref gene does not exist
prokka_output/45709_F01_Reference/45709_F01_Reference:CDS	hypothetical protein	NZ_LS483405.1:2014111-2014284	JECDCPOO_02036

DiscRep_SUB:FEATURE_LOCATION_CONFLICT::Coding region xref gene does not exist
prokka_output/45709_F01_Reference/45709_F01_Reference:CDS	Methionine aminopeptidase 1	NZ_LS483405.1:2014413-2015210	JECDCPOO_02037

DiscRep_SUB:FEATURE_LOCATION_CONFLICT::Coding region xref gene does not exist
prokka_output/45709_F01_Reference/45709_F01_Reference:CDS	Demethylmenaquinone methyltransferase	NZ_LS483405.1:2015226-2015942	JECDCPOO_02038

DiscRep_SUB:FEATURE_LOCATION_CONFLICT::Coding region xref gene does not exist
prokka_output/45709_F01_Reference/45709_F01_Reference:CDS	hypothetical protein	NZ_LS483405.1:c2017303-2016449	JECDCPOO_02039

DiscRep_SUB:FEATURE_LOCATION_CONFLICT::Coding region xref gene does not exist
prokka_output/45709_F01_Reference/45709_F01_Reference:CDS	Putative 3-methyladenine DNA glycosylase	NZ_LS483405.1:c2017989-2017357	JECDCPOO_02040

DiscRep_SUB:FEATURE_LOCATION_CONFLICT::Coding region xref gene does not exist
prokka_output/45709_F01_Reference/45709_F01_Reference:CDS	hypothetical protein	NZ_LS483405.1:2018051-2018443	JECDCPOO_02041

DiscRep_SUB:FEATURE_LOCATION_CONFLICT::Coding region xref gene does not exist
prokka_output/45709_F01_Reference/45709_F01_Reference:CDS	Beta-phosphoglucomutase	NZ_LS483405.1:c2019074-2018382	JECDCPOO_02042

DiscRep_SUB:FEATURE_LOCATION_CONFLICT::Coding region xref gene does not exist
prokka_output/45709_F01_Reference/45709_F01_Reference:CDS	hypothetical protein	NZ_LS483405.1:c2019668-2019210	JECDCPOO_02043

DiscRep_SUB:FEATURE_LOCATION_CONFLICT::Coding region xref gene does not exist
prokka_output/45709_F01_Reference/45709_F01_Reference:CDS	Glycine betaine transporter BetL	NZ_LS483405.1:c2021359-2019779	JECDCPOO_02044

DiscRep_SUB:FEATURE_LOCATION_CONFLICT::Coding region xref gene does not exist
prokka_output/45709_F01_Reference/45709_F01_Reference:CDS	Maltose O-acetyltransferase	NZ_LS483405.1:c2022369-2021761	JECDCPOO_02045

DiscRep_SUB:FEATURE_LOCATION_CONFLICT::Coding region xref gene does not exist
prokka_output/45709_F01_Reference/45709_F01_Reference:CDS	hypothetical protein	NZ_LS483405.1:c2022878-2022453	JECDCPOO_02046

DiscRep_SUB:FEATURE_LOCATION_CONFLICT::Coding region xref gene does not exist
prokka_output/45709_F01_Reference/45709_F01_Reference:CDS	Ribonuclease H	NZ_LS483405.1:c2023840-2023046	JECDCPOO_02047

DiscRep_SUB:FEATURE_LOCATION_CONFLICT::Coding region xref gene does not exist
prokka_output/45709_F01_Reference/45709_F01_Reference:CDS	hypothetical protein	NZ_LS483405.1:2024114-2024593	JECDCPOO_02048

DiscRep_SUB:FEATURE_LOCATION_CONFLICT::Coding region xref gene does not exist
prokka_output/45709_F01_Reference/45709_F01_Reference:CDS	Cytosine deaminase	NZ_LS483405.1:c2025875-2024637	JECDCPOO_02049

DiscRep_SUB:FEATURE_LOCATION_CONFLICT::Coding region xref gene does not exist
prokka_output/45709_F01_Reference/45709_F01_Reference:CDS	hypothetical protein	NZ_LS483405.1:c2026201-2025905	JECDCPOO_02050

DiscRep_SUB:FEATURE_LOCATION_CONFLICT::Coding region xref gene does not exist
prokka_output/45709_F01_Reference/45709_F01_Reference:CDS	Hydroxymethylpyrimidine/phosphomethylpyrimidine kinase	NZ_LS483405.1:2026410-2027225	JECDCPOO_02051

DiscRep_SUB:FEATURE_LOCATION_CONFLICT::Coding region xref gene does not exist
prokka_output/45709_F01_Reference/45709_F01_Reference:CDS	hypothetical protein	NZ_LS483405.1:c2027510-2027331	JECDCPOO_02052

DiscRep_SUB:FEATURE_LOCATION_CONFLICT::Coding region xref gene does not exist
prokka_output/45709_F01_Reference/45709_F01_Reference:CDS	Glutathione-regulated potassium-efflux system ancillary protein KefG	NZ_LS483405.1:c2028195-2027503	JECDCPOO_02053

DiscRep_SUB:FEATURE_LOCATION_CONFLICT::Coding region xref gene does not exist
prokka_output/45709_F01_Reference/45709_F01_Reference:CDS	hypothetical protein	NZ_LS483405.1:2028540-2028857	JECDCPOO_02055

DiscRep_SUB:FEATURE_LOCATION_CONFLICT::Coding region xref gene does not exist
prokka_output/45709_F01_Reference/45709_F01_Reference:CDS	hypothetical protein	NZ_LS483405.1:2028966-2029115	JECDCPOO_02056

DiscRep_SUB:FEATURE_LOCATION_CONFLICT::Coding region xref gene does not exist
prokka_output/45709_F01_Reference/45709_F01_Reference:CDS	hypothetical protein	NZ_LS483405.1:c2029442-2029203	JECDCPOO_02057

DiscRep_SUB:FEATURE_LOCATION_CONFLICT::Coding region xref gene does not exist
prokka_output/45709_F01_Reference/45709_F01_Reference:CDS	Cold shock protein CspC	NZ_LS483405.1:c2030027-2029824	JECDCPOO_02058

DiscRep_SUB:FEATURE_LOCATION_CONFLICT::Coding region xref gene does not exist
prokka_output/45709_F01_Reference/45709_F01_Reference:CDS	Putative hydrolase MhqD	NZ_LS483405.1:c2030825-2030217	JECDCPOO_02059

DiscRep_SUB:FEATURE_LOCATION_CONFLICT::Coding region xref gene does not exist
prokka_output/45709_F01_Reference/45709_F01_Reference:CDS	hypothetical protein	NZ_LS483405.1:c2031158-2030838	JECDCPOO_02060

DiscRep_SUB:FEATURE_LOCATION_CONFLICT::Coding region xref gene does not exist
prokka_output/45709_F01_Reference/45709_F01_Reference:CDS	Adenine DNA glycosylase	NZ_LS483405.1:c2032359-2031220	JECDCPOO_02061

DiscRep_SUB:FEATURE_LOCATION_CONFLICT::Coding region xref gene does not exist
prokka_output/45709_F01_Reference/45709_F01_Reference:CDS	Dipeptide-binding protein	NZ_LS483405.1:2032494-2034149	JECDCPOO_02062

DiscRep_SUB:FEATURE_LOCATION_CONFLICT::Coding region xref gene does not exist
prokka_output/45709_F01_Reference/45709_F01_Reference:CDS	hypothetical protein	NZ_LS483405.1:c2037550-2034200	JECDCPOO_02063

DiscRep_SUB:FEATURE_LOCATION_CONFLICT::Coding region xref gene does not exist
prokka_output/45709_F01_Reference/45709_F01_Reference:CDS	hypothetical protein	NZ_LS483405.1:c2038345-2038034	JECDCPOO_02064

DiscRep_SUB:FEATURE_LOCATION_CONFLICT::Coding region xref gene does not exist
prokka_output/45709_F01_Reference/45709_F01_Reference:CDS	Lipoate--protein ligase	NZ_LS483405.1:c2039375-2038335	JECDCPOO_02065

DiscRep_SUB:FEATURE_LOCATION_CONFLICT::Coding region xref gene does not exist
prokka_output/45709_F01_Reference/45709_F01_Reference:CDS	Glycine cleavage system H protein	NZ_LS483405.1:2039521-2039895	JECDCPOO_02066

DiscRep_SUB:FEATURE_LOCATION_CONFLICT::Coding region xref gene does not exist
prokka_output/45709_F01_Reference/45709_F01_Reference:CDS	Aldo-keto reductase IolS	NZ_LS483405.1:c2040981-2039998	JECDCPOO_02067

DiscRep_SUB:FEATURE_LOCATION_CONFLICT::Coding region xref gene does not exist
prokka_output/45709_F01_Reference/45709_F01_Reference:CDS	hypothetical protein	NZ_LS483405.1:2041111-2041401	JECDCPOO_02068

DiscRep_SUB:FEATURE_LOCATION_CONFLICT::Coding region xref gene does not exist
prokka_output/45709_F01_Reference/45709_F01_Reference:CDS	putative inner membrane transporter YicL	NZ_LS483405.1:c2042445-2041459	JECDCPOO_02069

DiscRep_SUB:FEATURE_LOCATION_CONFLICT::Coding region xref gene does not exist
prokka_output/45709_F01_Reference/45709_F01_Reference:CDS	Methionine import system permease protein MetP	NZ_LS483405.1:c2043659-2042979	JECDCPOO_02070

DiscRep_SUB:FEATURE_LOCATION_CONFLICT::Coding region xref gene does not exist
prokka_output/45709_F01_Reference/45709_F01_Reference:CDS	Methionine import ATP-binding protein MetN	NZ_LS483405.1:c2044724-2043660	JECDCPOO_02071

DiscRep_SUB:FEATURE_LOCATION_CONFLICT::Coding region xref gene does not exist
prokka_output/45709_F01_Reference/45709_F01_Reference:CDS	D-methionine-binding lipoprotein MetQ	NZ_LS483405.1:c2045592-2044789	JECDCPOO_02072

DiscRep_SUB:FEATURE_LOCATION_CONFLICT::Coding region xref gene does not exist
prokka_output/45709_F01_Reference/45709_F01_Reference:CDS	DNA-3-methyladenine glycosylase 1	NZ_LS483405.1:c2046648-2046100	JECDCPOO_02073

DiscRep_SUB:FEATURE_LOCATION_CONFLICT::Coding region xref gene does not exist
prokka_output/45709_F01_Reference/45709_F01_Reference:CDS	Dipeptide-binding protein	NZ_LS483405.1:c2048376-2046736	JECDCPOO_02074

DiscRep_SUB:FEATURE_LOCATION_CONFLICT::Coding region xref gene does not exist
prokka_output/45709_F01_Reference/45709_F01_Reference:CDS	hypothetical protein	NZ_LS483405.1:c2048627-2048523	JECDCPOO_02075

DiscRep_SUB:FEATURE_LOCATION_CONFLICT::Coding region xref gene does not exist
prokka_output/45709_F01_Reference/45709_F01_Reference:CDS	Thermostable beta-glucosidase B	NZ_LS483405.1:2048874-2051129	JECDCPOO_02076

DiscRep_SUB:FEATURE_LOCATION_CONFLICT::Coding region xref gene does not exist
prokka_output/45709_F01_Reference/45709_F01_Reference:CDS	Penicillin V acylase	NZ_LS483405.1:c2052160-2051177	JECDCPOO_02077

DiscRep_SUB:FEATURE_LOCATION_CONFLICT::Coding region xref gene does not exist
prokka_output/45709_F01_Reference/45709_F01_Reference:CDS	Nuclease SbcCD subunit C	NZ_LS483405.1:c2055803-2052654	JECDCPOO_02078

DiscRep_SUB:FEATURE_LOCATION_CONFLICT::Coding region xref gene does not exist
prokka_output/45709_F01_Reference/45709_F01_Reference:CDS	Nuclease SbcCD subunit D	NZ_LS483405.1:c2056933-2055800	JECDCPOO_02079

DiscRep_SUB:FEATURE_LOCATION_CONFLICT::Coding region xref gene does not exist
prokka_output/45709_F01_Reference/45709_F01_Reference:CDS	DNA-3-methyladenine glycosylase 1	NZ_LS483405.1:c2057505-2056945	JECDCPOO_02080

DiscRep_SUB:FEATURE_LOCATION_CONFLICT::Coding region xref gene does not exist
prokka_output/45709_F01_Reference/45709_F01_Reference:CDS	hypothetical protein	NZ_LS483405.1:2057729-2058655	JECDCPOO_02081

DiscRep_SUB:FEATURE_LOCATION_CONFLICT::Coding region xref gene does not exist
prokka_output/45709_F01_Reference/45709_F01_Reference:CDS	hypothetical protein	NZ_LS483405.1:2058800-2059750	JECDCPOO_02082

DiscRep_SUB:FEATURE_LOCATION_CONFLICT::Coding region xref gene does not exist
prokka_output/45709_F01_Reference/45709_F01_Reference:CDS	Endoglucanase	NZ_LS483405.1:c2060936-2059812	JECDCPOO_02083

DiscRep_SUB:FEATURE_LOCATION_CONFLICT::Coding region xref gene does not exist
prokka_output/45709_F01_Reference/45709_F01_Reference:CDS	hypothetical protein	NZ_LS483405.1:c2061391-2061071	JECDCPOO_02084

DiscRep_SUB:FEATURE_LOCATION_CONFLICT::Coding region xref gene does not exist
prokka_output/45709_F01_Reference/45709_F01_Reference:CDS	hypothetical protein	NZ_LS483405.1:c2061813-2061391	JECDCPOO_02085

DiscRep_SUB:FEATURE_LOCATION_CONFLICT::Coding region xref gene does not exist
prokka_output/45709_F01_Reference/45709_F01_Reference:CDS	hypothetical protein	NZ_LS483405.1:c2062247-2061819	JECDCPOO_02086

DiscRep_SUB:FEATURE_LOCATION_CONFLICT::Coding region xref gene does not exist
prokka_output/45709_F01_Reference/45709_F01_Reference:CDS	putative HTH-type transcriptional regulator	NZ_LS483405.1:c2062996-2062427	JECDCPOO_02087

DiscRep_SUB:FEATURE_LOCATION_CONFLICT::Coding region xref gene does not exist
prokka_output/45709_F01_Reference/45709_F01_Reference:CDS	hypothetical protein	NZ_LS483405.1:c2063831-2063430	JECDCPOO_02088

DiscRep_SUB:FEATURE_LOCATION_CONFLICT::Coding region xref gene does not exist
prokka_output/45709_F01_Reference/45709_F01_Reference:CDS	hypothetical protein	NZ_LS483405.1:c2065435-2064194	JECDCPOO_02089

DiscRep_SUB:FEATURE_LOCATION_CONFLICT::Coding region xref gene does not exist
prokka_output/45709_F01_Reference/45709_F01_Reference:CDS	2,5-diketo-D-gluconic acid reductase B	NZ_LS483405.1:c2066639-2065797	JECDCPOO_02090

DiscRep_SUB:FEATURE_LOCATION_CONFLICT::Coding region xref gene does not exist
prokka_output/45709_F01_Reference/45709_F01_Reference:CDS	Purine efflux pump PbuE	NZ_LS483405.1:c2067883-2066699	JECDCPOO_02091

DiscRep_SUB:FEATURE_LOCATION_CONFLICT::Coding region xref gene does not exist
prokka_output/45709_F01_Reference/45709_F01_Reference:CDS	Purine efflux pump PbuE	NZ_LS483405.1:c2069105-2067909	JECDCPOO_02092

DiscRep_SUB:FEATURE_LOCATION_CONFLICT::Coding region xref gene does not exist
prokka_output/45709_F01_Reference/45709_F01_Reference:CDS	NADH:acrylate oxidoreductase	NZ_LS483405.1:c2070256-2069288	JECDCPOO_02093

DiscRep_SUB:FEATURE_LOCATION_CONFLICT::Coding region xref gene does not exist
prokka_output/45709_F01_Reference/45709_F01_Reference:CDS	Bacterial microcompartment shell vertex protein PduN	NZ_LS483405.1:c2070547-2070281	JECDCPOO_02094

DiscRep_SUB:FEATURE_LOCATION_CONFLICT::Coding region xref gene does not exist
prokka_output/45709_F01_Reference/45709_F01_Reference:CDS	HTH-type transcriptional activator RhaR	NZ_LS483405.1:2070825-2071748	JECDCPOO_02095

DiscRep_SUB:FEATURE_LOCATION_CONFLICT::Coding region xref gene does not exist
prokka_output/45709_F01_Reference/45709_F01_Reference:CDS	hypothetical protein	NZ_LS483405.1:c2072536-2071829	JECDCPOO_02096

DiscRep_SUB:FEATURE_LOCATION_CONFLICT::Coding region xref gene does not exist
prokka_output/45709_F01_Reference/45709_F01_Reference:CDS	hypothetical protein	NZ_LS483405.1:c2073611-2072562	JECDCPOO_02097

DiscRep_SUB:FEATURE_LOCATION_CONFLICT::Coding region xref gene does not exist
prokka_output/45709_F01_Reference/45709_F01_Reference:CDS	hypothetical protein	NZ_LS483405.1:c2074264-2073626	JECDCPOO_02098

DiscRep_SUB:FEATURE_LOCATION_CONFLICT::Coding region xref gene does not exist
prokka_output/45709_F01_Reference/45709_F01_Reference:CDS	Putative HMP/thiamine import ATP-binding protein YkoD	NZ_LS483405.1:c2075976-2074324	JECDCPOO_02099

DiscRep_SUB:FEATURE_LOCATION_CONFLICT::Coding region xref gene does not exist
prokka_output/45709_F01_Reference/45709_F01_Reference:CDS	Energy-coupling factor transporter transmembrane protein EcfT	NZ_LS483405.1:c2076851-2075964	JECDCPOO_02100

DiscRep_SUB:FEATURE_LOCATION_CONFLICT::Coding region xref gene does not exist
prokka_output/45709_F01_Reference/45709_F01_Reference:CDS	Protein LpdD	NZ_LS483405.1:c2077680-2077270	JECDCPOO_02101

DiscRep_SUB:FEATURE_LOCATION_CONFLICT::Coding region xref gene does not exist
prokka_output/45709_F01_Reference/45709_F01_Reference:CDS	Flavin prenyltransferase LpdB	NZ_LS483405.1:c2078246-2077683	JECDCPOO_02102

DiscRep_SUB:FEATURE_LOCATION_CONFLICT::Coding region xref gene does not exist
prokka_output/45709_F01_Reference/45709_F01_Reference:CDS	Gallate decarboxylase	NZ_LS483405.1:c2079727-2078261	JECDCPOO_02103

DiscRep_SUB:FEATURE_LOCATION_CONFLICT::Coding region xref gene does not exist
prokka_output/45709_F01_Reference/45709_F01_Reference:CDS	Transcriptional dual regulator GltC	NZ_LS483405.1:2079845-2080726	JECDCPOO_02104

DiscRep_SUB:FEATURE_LOCATION_CONFLICT::Coding region xref gene does not exist
prokka_output/45709_F01_Reference/45709_F01_Reference:CDS	Peptide deformylase	NZ_LS483405.1:2080818-2081228	JECDCPOO_02105

DiscRep_SUB:FEATURE_LOCATION_CONFLICT::Coding region xref gene does not exist
prokka_output/45709_F01_Reference/45709_F01_Reference:CDS	hypothetical protein	NZ_LS483405.1:2081499-2083223	JECDCPOO_02106

DiscRep_SUB:FEATURE_LOCATION_CONFLICT::Coding region xref gene does not exist
prokka_output/45709_F01_Reference/45709_F01_Reference:CDS	hypothetical protein	NZ_LS483405.1:2083364-2083708	JECDCPOO_02107

DiscRep_SUB:FEATURE_LOCATION_CONFLICT::Coding region xref gene does not exist
prokka_output/45709_F01_Reference/45709_F01_Reference:CDS	Triple specificity protein phosphatase PtpB	NZ_LS483405.1:c2084581-2083793	JECDCPOO_02108

DiscRep_SUB:FEATURE_LOCATION_CONFLICT::Coding region xref gene does not exist
prokka_output/45709_F01_Reference/45709_F01_Reference:CDS	Propanediol utilization protein PduV	NZ_LS483405.1:c2085043-2084600	JECDCPOO_02109

DiscRep_SUB:FEATURE_LOCATION_CONFLICT::Coding region xref gene does not exist
prokka_output/45709_F01_Reference/45709_F01_Reference:CDS	Ethanolamine utilization protein EutJ	NZ_LS483405.1:c2085903-2085058	JECDCPOO_02110

DiscRep_SUB:FEATURE_LOCATION_CONFLICT::Coding region xref gene does not exist
prokka_output/45709_F01_Reference/45709_F01_Reference:CDS	Bacterial microcompartment shell protein PduU	NZ_LS483405.1:c2086321-2085953	JECDCPOO_02111

DiscRep_SUB:FEATURE_LOCATION_CONFLICT::Coding region xref gene does not exist
prokka_output/45709_F01_Reference/45709_F01_Reference:CDS	Acetate kinase EutQ	NZ_LS483405.1:c2086794-2086351	JECDCPOO_02112

DiscRep_SUB:FEATURE_LOCATION_CONFLICT::Coding region xref gene does not exist
prokka_output/45709_F01_Reference/45709_F01_Reference:CDS	putative ethanolamine permease EutH	NZ_LS483405.1:c2087920-2086784	JECDCPOO_02113

DiscRep_SUB:FEATURE_LOCATION_CONFLICT::Coding region xref gene does not exist
prokka_output/45709_F01_Reference/45709_F01_Reference:CDS	Carboxysome shell vertex protein CcmL	NZ_LS483405.1:c2088227-2087952	JECDCPOO_02114

DiscRep_SUB:FEATURE_LOCATION_CONFLICT::Coding region xref gene does not exist
prokka_output/45709_F01_Reference/45709_F01_Reference:CDS	hypothetical protein	NZ_LS483405.1:c2088860-2088249	JECDCPOO_02115

DiscRep_SUB:FEATURE_LOCATION_CONFLICT::Coding region xref gene does not exist
prokka_output/45709_F01_Reference/45709_F01_Reference:CDS	Phosphate propanoyltransferase	NZ_LS483405.1:c2089505-2088870	JECDCPOO_02116

DiscRep_SUB:FEATURE_LOCATION_CONFLICT::Coding region xref gene does not exist
prokka_output/45709_F01_Reference/45709_F01_Reference:CDS	hypothetical protein	NZ_LS483405.1:c2090156-2089506	JECDCPOO_02117

DiscRep_SUB:FEATURE_LOCATION_CONFLICT::Coding region xref gene does not exist
prokka_output/45709_F01_Reference/45709_F01_Reference:CDS	Bacterial microcompartment shell protein EutM	NZ_LS483405.1:c2090503-2090195	JECDCPOO_02118

DiscRep_SUB:FEATURE_LOCATION_CONFLICT::Coding region xref gene does not exist
prokka_output/45709_F01_Reference/45709_F01_Reference:CDS	Bifunctional aldehyde-alcohol dehydrogenase AdhE	NZ_LS483405.1:c2092007-2090532	JECDCPOO_02119

DiscRep_SUB:FEATURE_LOCATION_CONFLICT::Coding region xref gene does not exist
prokka_output/45709_F01_Reference/45709_F01_Reference:CDS	Carboxysome shell protein CcmK	NZ_LS483405.1:c2092597-2092004	JECDCPOO_02120

DiscRep_SUB:FEATURE_LOCATION_CONFLICT::Coding region xref gene does not exist
prokka_output/45709_F01_Reference/45709_F01_Reference:CDS	Bacterial microcompartment shell protein EutL	NZ_LS483405.1:c2093265-2092612	JECDCPOO_02121

DiscRep_SUB:FEATURE_LOCATION_CONFLICT::Coding region xref gene does not exist
prokka_output/45709_F01_Reference/45709_F01_Reference:CDS	Ethanolamine ammonia-lyase small subunit	NZ_LS483405.1:c2094224-2093301	JECDCPOO_02122

DiscRep_SUB:FEATURE_LOCATION_CONFLICT::Coding region xref gene does not exist
prokka_output/45709_F01_Reference/45709_F01_Reference:CDS	Ethanolamine ammonia-lyase large subunit	NZ_LS483405.1:c2095605-2094241	JECDCPOO_02123

DiscRep_SUB:FEATURE_LOCATION_CONFLICT::Coding region xref gene does not exist
prokka_output/45709_F01_Reference/45709_F01_Reference:CDS	Ethanolamine ammonia-lyase reactivase EutA	NZ_LS483405.1:c2097071-2095638	JECDCPOO_02124

DiscRep_SUB:FEATURE_LOCATION_CONFLICT::Coding region xref gene does not exist
prokka_output/45709_F01_Reference/45709_F01_Reference:CDS	hypothetical protein	NZ_LS483405.1:c2098627-2097188	JECDCPOO_02125

DiscRep_SUB:FEATURE_LOCATION_CONFLICT::Coding region xref gene does not exist
prokka_output/45709_F01_Reference/45709_F01_Reference:CDS	Transcriptional regulatory protein PdtaR	NZ_LS483405.1:c2099196-2098627	JECDCPOO_02126

DiscRep_SUB:FEATURE_LOCATION_CONFLICT::Coding region xref gene does not exist
prokka_output/45709_F01_Reference/45709_F01_Reference:CDS	1-propanol dehydrogenase PduQ	NZ_LS483405.1:c2100451-2099315	JECDCPOO_02127

DiscRep_SUB:FEATURE_LOCATION_CONFLICT::Coding region xref gene does not exist
prokka_output/45709_F01_Reference/45709_F01_Reference:CDS	Corrinoid adenosyltransferase	NZ_LS483405.1:c2101462-2100902	JECDCPOO_02128

DiscRep_SUB:FEATURE_LOCATION_CONFLICT::Coding region xref gene does not exist
prokka_output/45709_F01_Reference/45709_F01_Reference:CDS	Aquaporin Z 2	NZ_LS483405.1:c2102292-2101642	JECDCPOO_02129

DiscRep_SUB:FEATURE_LOCATION_CONFLICT::Coding region xref gene does not exist
prokka_output/45709_F01_Reference/45709_F01_Reference:CDS	Pyrrolidone-carboxylate peptidase	NZ_LS483405.1:c2103137-2102523	JECDCPOO_02130

DiscRep_SUB:FEATURE_LOCATION_CONFLICT::Coding region xref gene does not exist
prokka_output/45709_F01_Reference/45709_F01_Reference:CDS	Multidrug resistance ABC transporter ATP-binding and permease protein	NZ_LS483405.1:c2105000-2103231	JECDCPOO_02131

DiscRep_SUB:FEATURE_LOCATION_CONFLICT::Coding region xref gene does not exist
prokka_output/45709_F01_Reference/45709_F01_Reference:CDS	hypothetical protein	NZ_LS483405.1:c2105561-2105028	JECDCPOO_02132

DiscRep_SUB:FEATURE_LOCATION_CONFLICT::Coding region xref gene does not exist
prokka_output/45709_F01_Reference/45709_F01_Reference:CDS	hypothetical protein	NZ_LS483405.1:2105869-2106582	JECDCPOO_02133

DiscRep_SUB:FEATURE_LOCATION_CONFLICT::Coding region xref gene does not exist
prokka_output/45709_F01_Reference/45709_F01_Reference:CDS	hypothetical protein	NZ_LS483405.1:c2107430-2106648	JECDCPOO_02134

DiscRep_SUB:FEATURE_LOCATION_CONFLICT::Coding region xref gene does not exist
prokka_output/45709_F01_Reference/45709_F01_Reference:CDS	hypothetical protein	NZ_LS483405.1:c2108351-2107596	JECDCPOO_02135

DiscRep_SUB:FEATURE_LOCATION_CONFLICT::Coding region xref gene does not exist
prokka_output/45709_F01_Reference/45709_F01_Reference:CDS	ABC transporter ATP-binding protein YtrB	NZ_LS483405.1:c2109054-2108344	JECDCPOO_02136

DiscRep_SUB:FEATURE_LOCATION_CONFLICT::Coding region xref gene does not exist
prokka_output/45709_F01_Reference/45709_F01_Reference:CDS	hypothetical protein	NZ_LS483405.1:c2109421-2109047	JECDCPOO_02137

DiscRep_SUB:FEATURE_LOCATION_CONFLICT::Coding region xref gene does not exist
prokka_output/45709_F01_Reference/45709_F01_Reference:CDS	hypothetical protein	NZ_LS483405.1:2109633-2110595	JECDCPOO_02138

DiscRep_SUB:FEATURE_LOCATION_CONFLICT::Coding region xref gene does not exist
prokka_output/45709_F01_Reference/45709_F01_Reference:CDS	Hydroperoxy fatty acid reductase gpx1	NZ_LS483405.1:c2111134-2110661	JECDCPOO_02139

DiscRep_SUB:FEATURE_LOCATION_CONFLICT::Coding region xref gene does not exist
prokka_output/45709_F01_Reference/45709_F01_Reference:CDS	hypothetical protein	NZ_LS483405.1:c2111975-2111223	JECDCPOO_02140

DiscRep_SUB:FEATURE_LOCATION_CONFLICT::Coding region xref gene does not exist
prokka_output/45709_F01_Reference/45709_F01_Reference:CDS	Multidrug resistance protein MdtL	NZ_LS483405.1:c2113224-2112049	JECDCPOO_02141

DiscRep_SUB:FEATURE_LOCATION_CONFLICT::Coding region xref gene does not exist
prokka_output/45709_F01_Reference/45709_F01_Reference:CDS	Sugar phosphatase YidA	NZ_LS483405.1:c2114248-2113442	JECDCPOO_02142

DiscRep_SUB:FEATURE_LOCATION_CONFLICT::Coding region xref gene does not exist
prokka_output/45709_F01_Reference/45709_F01_Reference:CDS	Methionine aminopeptidase	NZ_LS483405.1:c2115157-2114369	JECDCPOO_02143

DiscRep_SUB:FEATURE_LOCATION_CONFLICT::Coding region xref gene does not exist
prokka_output/45709_F01_Reference/45709_F01_Reference:CDS	hypothetical protein	NZ_LS483405.1:c2115994-2115299	JECDCPOO_02144

DiscRep_SUB:FEATURE_LOCATION_CONFLICT::Coding region xref gene does not exist
prokka_output/45709_F01_Reference/45709_F01_Reference:CDS	putative oxidoreductase	NZ_LS483405.1:c2117269-2116541	JECDCPOO_02145

DiscRep_SUB:FEATURE_LOCATION_CONFLICT::Coding region xref gene does not exist
prokka_output/45709_F01_Reference/45709_F01_Reference:CDS	HTH-type transcriptional activator HxlR	NZ_LS483405.1:2117405-2117767	JECDCPOO_02146

DiscRep_SUB:FEATURE_LOCATION_CONFLICT::Coding region xref gene does not exist
prokka_output/45709_F01_Reference/45709_F01_Reference:CDS	Alkaline shock protein 23	NZ_LS483405.1:c2118288-2117878	JECDCPOO_02147

DiscRep_SUB:FEATURE_LOCATION_CONFLICT::Coding region xref gene does not exist
prokka_output/45709_F01_Reference/45709_F01_Reference:CDS	Alkaline shock protein 23	NZ_LS483405.1:c2118719-2118300	JECDCPOO_02148

DiscRep_SUB:FEATURE_LOCATION_CONFLICT::Coding region xref gene does not exist
prokka_output/45709_F01_Reference/45709_F01_Reference:CDS	hypothetical protein	NZ_LS483405.1:c2118918-2118736	JECDCPOO_02149

DiscRep_SUB:FEATURE_LOCATION_CONFLICT::Coding region xref gene does not exist
prokka_output/45709_F01_Reference/45709_F01_Reference:CDS	hypothetical protein	NZ_LS483405.1:c2119477-2118932	JECDCPOO_02150

DiscRep_SUB:FEATURE_LOCATION_CONFLICT::Coding region xref gene does not exist
prokka_output/45709_F01_Reference/45709_F01_Reference:CDS	hypothetical protein	NZ_LS483405.1:c2119747-2119490	JECDCPOO_02151

DiscRep_SUB:FEATURE_LOCATION_CONFLICT::Coding region xref gene does not exist
prokka_output/45709_F01_Reference/45709_F01_Reference:CDS	hypothetical protein	NZ_LS483405.1:2120001-2120915	JECDCPOO_02152

DiscRep_SUB:FEATURE_LOCATION_CONFLICT::Coding region xref gene does not exist
prokka_output/45709_F01_Reference/45709_F01_Reference:CDS	Asparagine--tRNA ligase	NZ_LS483405.1:c2122566-2121010	JECDCPOO_02153

DiscRep_SUB:FEATURE_LOCATION_CONFLICT::Coding region xref gene does not exist
prokka_output/45709_F01_Reference/45709_F01_Reference:CDS	Multidrug resistance protein Stp	NZ_LS483405.1:c2124320-2122779	JECDCPOO_02154

DiscRep_SUB:FEATURE_LOCATION_CONFLICT::Coding region xref gene does not exist
prokka_output/45709_F01_Reference/45709_F01_Reference:CDS	hypothetical protein	NZ_LS483405.1:c2124883-2124317	JECDCPOO_02155

DiscRep_SUB:FEATURE_LOCATION_CONFLICT::Coding region xref gene does not exist
prokka_output/45709_F01_Reference/45709_F01_Reference:CDS	hypothetical protein	NZ_LS483405.1:2125106-2125507	JECDCPOO_02156

DiscRep_SUB:FEATURE_LOCATION_CONFLICT::Coding region xref gene does not exist
prokka_output/45709_F01_Reference/45709_F01_Reference:CDS	hypothetical protein	NZ_LS483405.1:c2126321-2125605	JECDCPOO_02157

DiscRep_SUB:FEATURE_LOCATION_CONFLICT::Coding region xref gene does not exist
prokka_output/45709_F01_Reference/45709_F01_Reference:CDS	HTH-type transcriptional regulator ArcR	NZ_LS483405.1:c2127089-2126409	JECDCPOO_02158

DiscRep_SUB:FEATURE_LOCATION_CONFLICT::Coding region xref gene does not exist
prokka_output/45709_F01_Reference/45709_F01_Reference:CDS	Carbamate kinase 1	NZ_LS483405.1:c2128110-2127166	JECDCPOO_02159

DiscRep_SUB:FEATURE_LOCATION_CONFLICT::Coding region xref gene does not exist
prokka_output/45709_F01_Reference/45709_F01_Reference:CDS	Capreomycidine synthase	NZ_LS483405.1:c2129247-2128138	JECDCPOO_02160

DiscRep_SUB:FEATURE_LOCATION_CONFLICT::Coding region xref gene does not exist
prokka_output/45709_F01_Reference/45709_F01_Reference:CDS	Arginine/ornithine antiporter ArcD1	NZ_LS483405.1:c2130670-2129258	JECDCPOO_02161

DiscRep_SUB:FEATURE_LOCATION_CONFLICT::Coding region xref gene does not exist
prokka_output/45709_F01_Reference/45709_F01_Reference:CDS	Ornithine carbamoyltransferase, catabolic	NZ_LS483405.1:c2131778-2130747	JECDCPOO_02162

DiscRep_SUB:FEATURE_LOCATION_CONFLICT::Coding region xref gene does not exist
prokka_output/45709_F01_Reference/45709_F01_Reference:CDS	Arginine deiminase	NZ_LS483405.1:c2133053-2131821	JECDCPOO_02163

DiscRep_SUB:FEATURE_LOCATION_CONFLICT::Coding region xref gene does not exist
prokka_output/45709_F01_Reference/45709_F01_Reference:CDS	hypothetical protein	NZ_LS483405.1:c2134945-2133383	JECDCPOO_02164

DiscRep_SUB:FEATURE_LOCATION_CONFLICT::Coding region xref gene does not exist
prokka_output/45709_F01_Reference/45709_F01_Reference:CDS	Sensor histidine kinase GlnK	NZ_LS483405.1:2135046-2136344	JECDCPOO_02165

DiscRep_SUB:FEATURE_LOCATION_CONFLICT::Coding region xref gene does not exist
prokka_output/45709_F01_Reference/45709_F01_Reference:CDS	Protein-glutamate methylesterase/protein-glutamine glutaminase	NZ_LS483405.1:2136341-2137171	JECDCPOO_02166

DiscRep_SUB:FEATURE_LOCATION_CONFLICT::Coding region xref gene does not exist
prokka_output/45709_F01_Reference/45709_F01_Reference:CDS	hypothetical protein	NZ_LS483405.1:2137272-2138786	JECDCPOO_02167

DiscRep_SUB:FEATURE_LOCATION_CONFLICT::Coding region xref gene does not exist
prokka_output/45709_F01_Reference/45709_F01_Reference:CDS	Putative dipeptidase	NZ_LS483405.1:2138813-2140147	JECDCPOO_02168

DiscRep_SUB:FEATURE_LOCATION_CONFLICT::Coding region xref gene does not exist
prokka_output/45709_F01_Reference/45709_F01_Reference:CDS	hypothetical protein	NZ_LS483405.1:c2140430-2140215	JECDCPOO_02169

DiscRep_SUB:FEATURE_LOCATION_CONFLICT::Coding region xref gene does not exist
prokka_output/45709_F01_Reference/45709_F01_Reference:CDS	hypothetical protein	NZ_LS483405.1:2140593-2141759	JECDCPOO_02170

DiscRep_SUB:FEATURE_LOCATION_CONFLICT::Coding region xref gene does not exist
prokka_output/45709_F01_Reference/45709_F01_Reference:CDS	hypothetical protein	NZ_LS483405.1:c2142410-2141808	JECDCPOO_02171

DiscRep_SUB:FEATURE_LOCATION_CONFLICT::Coding region xref gene does not exist
prokka_output/45709_F01_Reference/45709_F01_Reference:CDS	Sodium, potassium, lithium and rubidium/H(+) antiporter	NZ_LS483405.1:2142603-2144615	JECDCPOO_02172

DiscRep_SUB:FEATURE_LOCATION_CONFLICT::Coding region xref gene does not exist
prokka_output/45709_F01_Reference/45709_F01_Reference:CDS	hypothetical protein	NZ_LS483405.1:2144791-2145744	JECDCPOO_02173

DiscRep_SUB:FEATURE_LOCATION_CONFLICT::Coding region xref gene does not exist
prokka_output/45709_F01_Reference/45709_F01_Reference:CDS	hypothetical protein	NZ_LS483405.1:c2148418-2145872	JECDCPOO_02174

DiscRep_SUB:FEATURE_LOCATION_CONFLICT::Coding region xref gene does not exist
prokka_output/45709_F01_Reference/45709_F01_Reference:CDS	Multidrug transporter protein MdtP	NZ_LS483405.1:2148695-2150065	JECDCPOO_02175

DiscRep_SUB:FEATURE_LOCATION_CONFLICT::Coding region xref gene does not exist
prokka_output/45709_F01_Reference/45709_F01_Reference:CDS	Hydroxyacylglutathione hydrolase	NZ_LS483405.1:c2150905-2150192	JECDCPOO_02176

DiscRep_SUB:FEATURE_LOCATION_CONFLICT::Coding region xref gene does not exist
prokka_output/45709_F01_Reference/45709_F01_Reference:CDS	hypothetical protein	NZ_LS483405.1:2151082-2151477	JECDCPOO_02177

DiscRep_SUB:FEATURE_LOCATION_CONFLICT::Coding region xref gene does not exist
prokka_output/45709_F01_Reference/45709_F01_Reference:CDS	hypothetical protein	NZ_LS483405.1:c2151937-2151641	JECDCPOO_02178

DiscRep_SUB:FEATURE_LOCATION_CONFLICT::Coding region xref gene does not exist
prokka_output/45709_F01_Reference/45709_F01_Reference:CDS	hypothetical protein	NZ_LS483405.1:c2152268-2152059	JECDCPOO_02179

DiscRep_SUB:FEATURE_LOCATION_CONFLICT::Coding region xref gene does not exist
prokka_output/45709_F01_Reference/45709_F01_Reference:CDS	hypothetical protein	NZ_LS483405.1:c2153669-2152413	JECDCPOO_02180

DiscRep_SUB:FEATURE_LOCATION_CONFLICT::Coding region xref gene does not exist
prokka_output/45709_F01_Reference/45709_F01_Reference:CDS	6-dehydroglucose reductase	NZ_LS483405.1:c2154877-2153924	JECDCPOO_02181

DiscRep_SUB:FEATURE_LOCATION_CONFLICT::Coding region xref gene does not exist
prokka_output/45709_F01_Reference/45709_F01_Reference:CDS	4-deoxy-4-sulfo-D-erythrose isomerase	NZ_LS483405.1:c2155400-2154921	JECDCPOO_02182

DiscRep_SUB:FEATURE_LOCATION_CONFLICT::Coding region xref gene does not exist
prokka_output/45709_F01_Reference/45709_F01_Reference:CDS	putative HTH-type transcriptional regulator	NZ_LS483405.1:2155700-2156182	JECDCPOO_02183

DiscRep_SUB:FEATURE_LOCATION_CONFLICT::Coding region xref gene does not exist
prokka_output/45709_F01_Reference/45709_F01_Reference:CDS	hypothetical protein	NZ_LS483405.1:c2156576-2156316	JECDCPOO_02184

DiscRep_SUB:FEATURE_LOCATION_CONFLICT::Coding region xref gene does not exist
prokka_output/45709_F01_Reference/45709_F01_Reference:CDS	hypothetical protein	NZ_LS483405.1:c2156817-2156566	JECDCPOO_02185

DiscRep_SUB:FEATURE_LOCATION_CONFLICT::Coding region xref gene does not exist
prokka_output/45709_F01_Reference/45709_F01_Reference:CDS	putative N-acetyltransferase YafP	NZ_LS483405.1:c2157309-2156836	JECDCPOO_02186

DiscRep_SUB:FEATURE_LOCATION_CONFLICT::Coding region xref gene does not exist
prokka_output/45709_F01_Reference/45709_F01_Reference:CDS	2,3-bisphosphoglycerate-dependent phosphoglycerate mutase	NZ_LS483405.1:c2158090-2157398	JECDCPOO_02187

DiscRep_SUB:FEATURE_LOCATION_CONFLICT::Coding region xref gene does not exist
prokka_output/45709_F01_Reference/45709_F01_Reference:CDS	hypothetical protein	NZ_LS483405.1:c2160182-2158227	JECDCPOO_02188

DiscRep_SUB:FEATURE_LOCATION_CONFLICT::Coding region xref gene does not exist
prokka_output/45709_F01_Reference/45709_F01_Reference:CDS	hypothetical protein	NZ_LS483405.1:c2161560-2160469	JECDCPOO_02189

DiscRep_SUB:FEATURE_LOCATION_CONFLICT::Coding region xref gene does not exist
prokka_output/45709_F01_Reference/45709_F01_Reference:CDS	DNA-binding transcriptional dual regulator NagC	NZ_LS483405.1:c2162851-2161688	JECDCPOO_02190

DiscRep_SUB:FEATURE_LOCATION_CONFLICT::Coding region xref gene does not exist
prokka_output/45709_F01_Reference/45709_F01_Reference:CDS	hypothetical protein	NZ_LS483405.1:c2164212-2163304	JECDCPOO_02191

DiscRep_SUB:FEATURE_LOCATION_CONFLICT::Coding region xref gene does not exist
prokka_output/45709_F01_Reference/45709_F01_Reference:CDS	Cyclopropane-fatty-acyl-phospholipid synthase	NZ_LS483405.1:2164426-2165616	JECDCPOO_02192

DiscRep_SUB:FEATURE_LOCATION_CONFLICT::Coding region xref gene does not exist
prokka_output/45709_F01_Reference/45709_F01_Reference:CDS	hypothetical protein	NZ_LS483405.1:c2166113-2165766	JECDCPOO_02193

DiscRep_SUB:FEATURE_LOCATION_CONFLICT::Coding region xref gene does not exist
prokka_output/45709_F01_Reference/45709_F01_Reference:CDS	Inner membrane protein YgaZ	NZ_LS483405.1:c2166931-2166131	JECDCPOO_02194

DiscRep_SUB:FEATURE_LOCATION_CONFLICT::Coding region xref gene does not exist
prokka_output/45709_F01_Reference/45709_F01_Reference:CDS	Putative phosphinothricin acetyltransferase YwnH	NZ_LS483405.1:c2167620-2167123	JECDCPOO_02195

DiscRep_SUB:FEATURE_LOCATION_CONFLICT::Coding region xref gene does not exist
prokka_output/45709_F01_Reference/45709_F01_Reference:CDS	Dihydrolipoyl dehydrogenase	NZ_LS483405.1:c2169036-2167702	JECDCPOO_02196

DiscRep_SUB:FEATURE_LOCATION_CONFLICT::Coding region xref gene does not exist
prokka_output/45709_F01_Reference/45709_F01_Reference:CDS	hypothetical protein	NZ_LS483405.1:2169269-2170591	JECDCPOO_02197

DiscRep_SUB:FEATURE_LOCATION_CONFLICT::Coding region xref gene does not exist
prokka_output/45709_F01_Reference/45709_F01_Reference:CDS	Chromosome partition protein Smc	NZ_LS483405.1:c2173753-2170661	JECDCPOO_02198

DiscRep_SUB:FEATURE_LOCATION_CONFLICT::Coding region xref gene does not exist
prokka_output/45709_F01_Reference/45709_F01_Reference:CDS	D-alanyl-D-alanine carboxypeptidase DacA	NZ_LS483405.1:c2175338-2174019	JECDCPOO_02199

DiscRep_SUB:FEATURE_LOCATION_CONFLICT::Coding region xref gene does not exist
prokka_output/45709_F01_Reference/45709_F01_Reference:CDS	Adaptive-response sensory-kinase SasA	NZ_LS483405.1:c2176550-2175384	JECDCPOO_02200

DiscRep_SUB:FEATURE_LOCATION_CONFLICT::Coding region xref gene does not exist
prokka_output/45709_F01_Reference/45709_F01_Reference:CDS	Regulatory protein VanRc	NZ_LS483405.1:c2177316-2176627	JECDCPOO_02201

DiscRep_SUB:FEATURE_LOCATION_CONFLICT::Coding region xref gene does not exist
prokka_output/45709_F01_Reference/45709_F01_Reference:CDS	Inosine-5'-monophosphate dehydrogenase	NZ_LS483405.1:c2178762-2177623	JECDCPOO_02202

DiscRep_SUB:FEATURE_LOCATION_CONFLICT::Coding region xref gene does not exist
prokka_output/45709_F01_Reference/45709_F01_Reference:CDS	hypothetical protein	NZ_LS483405.1:c2179505-2178918	JECDCPOO_02203

DiscRep_SUB:FEATURE_LOCATION_CONFLICT::Coding region xref gene does not exist
prokka_output/45709_F01_Reference/45709_F01_Reference:CDS	hypothetical protein	NZ_LS483405.1:c2180324-2179593	JECDCPOO_02204

DiscRep_SUB:FEATURE_LOCATION_CONFLICT::Coding region xref gene does not exist
prokka_output/45709_F01_Reference/45709_F01_Reference:CDS	Ribosome-binding ATPase YchF	NZ_LS483405.1:c2181442-2180342	JECDCPOO_02205

DiscRep_SUB:FEATURE_LOCATION_CONFLICT::Coding region xref gene does not exist
prokka_output/45709_F01_Reference/45709_F01_Reference:CDS	hypothetical protein	NZ_LS483405.1:c2181651-2181448	JECDCPOO_02206

DiscRep_SUB:FEATURE_LOCATION_CONFLICT::Coding region xref gene does not exist
prokka_output/45709_F01_Reference/45709_F01_Reference:CDS	Stage 0 sporulation protein J	NZ_LS483405.1:c2182556-2181672	JECDCPOO_02207

DiscRep_SUB:FEATURE_LOCATION_CONFLICT::Coding region xref gene does not exist
prokka_output/45709_F01_Reference/45709_F01_Reference:CDS	Sporulation initiation inhibitor protein Soj	NZ_LS483405.1:c2183313-2182546	JECDCPOO_02208

DiscRep_SUB:FEATURE_LOCATION_CONFLICT::Coding region xref gene does not exist
prokka_output/45709_F01_Reference/45709_F01_Reference:CDS	Nucleoid occlusion protein	NZ_LS483405.1:c2184164-2183328	JECDCPOO_02209

DiscRep_SUB:FEATURE_LOCATION_CONFLICT::Coding region xref gene does not exist
prokka_output/45709_F01_Reference/45709_F01_Reference:CDS	Ribosomal RNA small subunit methyltransferase G	NZ_LS483405.1:c2184912-2184184	JECDCPOO_02210

DiscRep_SUB:FEATURE_LOCATION_CONFLICT::Coding region xref gene does not exist
prokka_output/45709_F01_Reference/45709_F01_Reference:CDS	3',5'-cyclic adenosine monophosphate phosphodiesterase CpdA	NZ_LS483405.1:c2186016-2185150	JECDCPOO_02211

DiscRep_SUB:FEATURE_LOCATION_CONFLICT::Coding region xref gene does not exist
prokka_output/45709_F01_Reference/45709_F01_Reference:CDS	Non-specific ribonucleoside hydrolase RihC	NZ_LS483405.1:c2187348-2186434	JECDCPOO_02212

DiscRep_SUB:FEATURE_LOCATION_CONFLICT::Coding region xref gene does not exist
prokka_output/45709_F01_Reference/45709_F01_Reference:CDS	Nucleobase transporter PlAzg2	NZ_LS483405.1:c2188738-2187425	JECDCPOO_02213

DiscRep_SUB:FEATURE_LOCATION_CONFLICT::Coding region xref gene does not exist
prokka_output/45709_F01_Reference/45709_F01_Reference:CDS	Purine nucleoside transport protein NupG	NZ_LS483405.1:c2190271-2189012	JECDCPOO_02214

DiscRep_SUB:FEATURE_LOCATION_CONFLICT::Coding region xref gene does not exist
prokka_output/45709_F01_Reference/45709_F01_Reference:CDS	Phosphopentomutase	NZ_LS483405.1:c2191385-2190561	JECDCPOO_02215

DiscRep_SUB:FEATURE_LOCATION_CONFLICT::Coding region xref gene does not exist
prokka_output/45709_F01_Reference/45709_F01_Reference:CDS	hypothetical protein	NZ_LS483405.1:c2193328-2192687	JECDCPOO_02216

DiscRep_SUB:FEATURE_LOCATION_CONFLICT::Coding region xref gene does not exist
prokka_output/45709_F01_Reference/45709_F01_Reference:CDS	hypothetical protein	NZ_LS483405.1:c2193762-2193496	JECDCPOO_02217

DiscRep_SUB:FEATURE_LOCATION_CONFLICT::Coding region xref gene does not exist
prokka_output/45709_F01_Reference/45709_F01_Reference:CDS	hypothetical protein	NZ_LS483405.1:2194162-2194740	JECDCPOO_02218

DiscRep_SUB:FEATURE_LOCATION_CONFLICT::Coding region xref gene does not exist
prokka_output/45709_F01_Reference/45709_F01_Reference:CDS	hypothetical protein	NZ_LS483405.1:2194873-2195130	JECDCPOO_02219

DiscRep_SUB:FEATURE_LOCATION_CONFLICT::Coding region xref gene does not exist
prokka_output/45709_F01_Reference/45709_F01_Reference:CDS	hypothetical protein	NZ_LS483405.1:c2195615-2195235	JECDCPOO_02220

DiscRep_SUB:FEATURE_LOCATION_CONFLICT::Coding region xref gene does not exist
prokka_output/45709_F01_Reference/45709_F01_Reference:CDS	hypothetical protein	NZ_LS483405.1:c2196637-2195843	JECDCPOO_02221

DiscRep_SUB:FEATURE_LOCATION_CONFLICT::Coding region xref gene does not exist
prokka_output/45709_F01_Reference/45709_F01_Reference:CDS	hypothetical protein	NZ_LS483405.1:2196922-2197563	JECDCPOO_02222

DiscRep_SUB:FEATURE_LOCATION_CONFLICT::Coding region xref gene does not exist
prokka_output/45709_F01_Reference/45709_F01_Reference:CDS	hypothetical protein	NZ_LS483405.1:c2198342-2197740	JECDCPOO_02223

DiscRep_SUB:FEATURE_LOCATION_CONFLICT::Coding region xref gene does not exist
prokka_output/45709_F01_Reference/45709_F01_Reference:CDS	hypothetical protein	NZ_LS483405.1:c2199690-2198320	JECDCPOO_02224

DiscRep_SUB:FEATURE_LOCATION_CONFLICT::Coding region xref gene does not exist
prokka_output/45709_F01_Reference/45709_F01_Reference:CDS	hypothetical protein	NZ_LS483405.1:c2200974-2200123	JECDCPOO_02225

DiscRep_SUB:FEATURE_LOCATION_CONFLICT::Coding region xref gene does not exist
prokka_output/45709_F01_Reference/45709_F01_Reference:CDS	hypothetical protein	NZ_LS483405.1:c2202833-2201001	JECDCPOO_02226

DiscRep_SUB:FEATURE_LOCATION_CONFLICT::Coding region xref gene does not exist
prokka_output/45709_F01_Reference/45709_F01_Reference:CDS	hypothetical protein	NZ_LS483405.1:c2204939-2203098	JECDCPOO_02227

DiscRep_SUB:FEATURE_LOCATION_CONFLICT::Coding region xref gene does not exist
prokka_output/45709_F01_Reference/45709_F01_Reference:CDS	hypothetical protein	NZ_LS483405.1:c2205629-2205168	JECDCPOO_02228

DiscRep_SUB:FEATURE_LOCATION_CONFLICT::Coding region xref gene does not exist
prokka_output/45709_F01_Reference/45709_F01_Reference:CDS	hypothetical protein	NZ_LS483405.1:c2207277-2205892	JECDCPOO_02229

DiscRep_SUB:FEATURE_LOCATION_CONFLICT::Coding region xref gene does not exist
prokka_output/45709_F01_Reference/45709_F01_Reference:CDS	hypothetical protein	NZ_LS483405.1:c2209073-2207622	JECDCPOO_02230

DiscRep_SUB:FEATURE_LOCATION_CONFLICT::Coding region xref gene does not exist
prokka_output/45709_F01_Reference/45709_F01_Reference:CDS	2-aminoadipate transaminase	NZ_LS483405.1:c2210814-2209597	JECDCPOO_02231

DiscRep_SUB:FEATURE_LOCATION_CONFLICT::Coding region xref gene does not exist
prokka_output/45709_F01_Reference/45709_F01_Reference:CDS	HTH-type transcriptional regulator MetR	NZ_LS483405.1:2211040-2211948	JECDCPOO_02232

DiscRep_SUB:FEATURE_LOCATION_CONFLICT::Coding region xref gene does not exist
prokka_output/45709_F01_Reference/45709_F01_Reference:CDS	hypothetical protein	NZ_LS483405.1:c2212305-2212069	JECDCPOO_02233

DiscRep_SUB:FEATURE_LOCATION_CONFLICT::Coding region xref gene does not exist
prokka_output/45709_F01_Reference/45709_F01_Reference:CDS	hypothetical protein	NZ_LS483405.1:c2212520-2212326	JECDCPOO_02234

DiscRep_SUB:FEATURE_LOCATION_CONFLICT::Coding region xref gene does not exist
prokka_output/45709_F01_Reference/45709_F01_Reference:CDS	hypothetical protein	NZ_LS483405.1:c2213179-2212625	JECDCPOO_02235

DiscRep_SUB:FEATURE_LOCATION_CONFLICT::Coding region xref gene does not exist
prokka_output/45709_F01_Reference/45709_F01_Reference:CDS	hypothetical protein	NZ_LS483405.1:2213495-2214601	JECDCPOO_02236

DiscRep_SUB:FEATURE_LOCATION_CONFLICT::Coding region xref gene does not exist
prokka_output/45709_F01_Reference/45709_F01_Reference:CDS	hypothetical protein	NZ_LS483405.1:c2215212-2214829	JECDCPOO_02237

DiscRep_SUB:FEATURE_LOCATION_CONFLICT::Coding region xref gene does not exist
prokka_output/45709_F01_Reference/45709_F01_Reference:CDS	hypothetical protein	NZ_LS483405.1:c2215549-2215226	JECDCPOO_02238

DiscRep_SUB:FEATURE_LOCATION_CONFLICT::Coding region xref gene does not exist
prokka_output/45709_F01_Reference/45709_F01_Reference:CDS	DNA polymerase IV	NZ_LS483405.1:c2216825-2215527	JECDCPOO_02239

DiscRep_SUB:FEATURE_LOCATION_CONFLICT::Coding region xref gene does not exist
prokka_output/45709_F01_Reference/45709_F01_Reference:CDS	Pyoverdine export ATP-binding/permease protein PvdT	NZ_LS483405.1:c2219234-2217309	JECDCPOO_02240

DiscRep_SUB:FEATURE_LOCATION_CONFLICT::Coding region xref gene does not exist
prokka_output/45709_F01_Reference/45709_F01_Reference:CDS	Thiamine-phosphate synthase	NZ_LS483405.1:c2219964-2219311	JECDCPOO_02241

DiscRep_SUB:FEATURE_LOCATION_CONFLICT::Coding region xref gene does not exist
prokka_output/45709_F01_Reference/45709_F01_Reference:CDS	Hydroxymethylpyrimidine/phosphomethylpyrimidine kinase	NZ_LS483405.1:c2220779-2219964	JECDCPOO_02242

DiscRep_SUB:FEATURE_LOCATION_CONFLICT::Coding region xref gene does not exist
prokka_output/45709_F01_Reference/45709_F01_Reference:CDS	Hydroxyethylthiazole kinase	NZ_LS483405.1:c2221591-2220803	JECDCPOO_02243

DiscRep_SUB:FEATURE_LOCATION_CONFLICT::Coding region xref gene does not exist
prokka_output/45709_F01_Reference/45709_F01_Reference:CDS	3-ketodihydrosphingosine reductase	NZ_LS483405.1:c2222809-2221973	JECDCPOO_02244

DiscRep_SUB:FEATURE_LOCATION_CONFLICT::Coding region xref gene does not exist
prokka_output/45709_F01_Reference/45709_F01_Reference:CDS	putative iron export permease protein FetB	NZ_LS483405.1:c2223592-2222834	JECDCPOO_02245

DiscRep_SUB:FEATURE_LOCATION_CONFLICT::Coding region xref gene does not exist
prokka_output/45709_F01_Reference/45709_F01_Reference:CDS	putative iron export ATP-binding protein FetA	NZ_LS483405.1:c2224239-2223589	JECDCPOO_02246

DiscRep_SUB:FEATURE_LOCATION_CONFLICT::Coding region xref gene does not exist
prokka_output/45709_F01_Reference/45709_F01_Reference:CDS	23S rRNA (uracil-C(5))-methyltransferase RlmCD	NZ_LS483405.1:2224453-2225916	JECDCPOO_02247

DiscRep_SUB:FEATURE_LOCATION_CONFLICT::Coding region xref gene does not exist
prokka_output/45709_F01_Reference/45709_F01_Reference:CDS	hypothetical protein	NZ_LS483405.1:2225941-2226438	JECDCPOO_02248

DiscRep_SUB:FEATURE_LOCATION_CONFLICT::Coding region xref gene does not exist
prokka_output/45709_F01_Reference/45709_F01_Reference:CDS	hypothetical protein	NZ_LS483405.1:c2227369-2227067	JECDCPOO_02249

DiscRep_SUB:FEATURE_LOCATION_CONFLICT::Coding region xref gene does not exist
prokka_output/45709_F01_Reference/45709_F01_Reference:CDS	hypothetical protein	NZ_LS483405.1:c2227610-2227404	JECDCPOO_02250

DiscRep_SUB:FEATURE_LOCATION_CONFLICT::Coding region xref gene does not exist
prokka_output/45709_F01_Reference/45709_F01_Reference:CDS	hypothetical protein	NZ_LS483405.1:c2228104-2227733	JECDCPOO_02251

DiscRep_SUB:FEATURE_LOCATION_CONFLICT::Coding region xref gene does not exist
prokka_output/45709_F01_Reference/45709_F01_Reference:CDS	hypothetical protein	NZ_LS483405.1:c2228554-2228378	JECDCPOO_02252

DiscRep_SUB:FEATURE_LOCATION_CONFLICT::Coding region xref gene does not exist
prokka_output/45709_F01_Reference/45709_F01_Reference:CDS	hypothetical protein	NZ_LS483405.1:c2229198-2228833	JECDCPOO_02253

DiscRep_SUB:FEATURE_LOCATION_CONFLICT::Coding region xref gene does not exist
prokka_output/45709_F01_Reference/45709_F01_Reference:CDS	hypothetical protein	NZ_LS483405.1:c2230416-2229940	JECDCPOO_02254

DiscRep_SUB:FEATURE_LOCATION_CONFLICT::Coding region xref gene does not exist
prokka_output/45709_F01_Reference/45709_F01_Reference:CDS	hypothetical protein	NZ_LS483405.1:c2231349-2230855	JECDCPOO_02255

DiscRep_SUB:FEATURE_LOCATION_CONFLICT::Coding region xref gene does not exist
prokka_output/45709_F01_Reference/45709_F01_Reference:CDS	hypothetical protein	NZ_LS483405.1:c2231891-2231385	JECDCPOO_02256

DiscRep_SUB:FEATURE_LOCATION_CONFLICT::Coding region xref gene does not exist
prokka_output/45709_F01_Reference/45709_F01_Reference:CDS	hypothetical protein	NZ_LS483405.1:2232072-2232926	JECDCPOO_02257

DiscRep_SUB:FEATURE_LOCATION_CONFLICT::Coding region xref gene does not exist
prokka_output/45709_F01_Reference/45709_F01_Reference:CDS	hypothetical protein	NZ_LS483405.1:c2233694-2232969	JECDCPOO_02258

DiscRep_SUB:FEATURE_LOCATION_CONFLICT::Coding region xref gene does not exist
prokka_output/45709_F01_Reference/45709_F01_Reference:CDS	DNA-binding transcriptional dual regulator NagC	NZ_LS483405.1:c2235025-2233832	JECDCPOO_02259

DiscRep_SUB:FEATURE_LOCATION_CONFLICT::Coding region xref gene does not exist
prokka_output/45709_F01_Reference/45709_F01_Reference:CDS	Glyoxal reductase	NZ_LS483405.1:c2236160-2235315	JECDCPOO_02260

DiscRep_SUB:FEATURE_LOCATION_CONFLICT::Coding region xref gene does not exist
prokka_output/45709_F01_Reference/45709_F01_Reference:CDS	Replication-associated recombination protein A	NZ_LS483405.1:c2237498-2236179	JECDCPOO_02261

DiscRep_SUB:FEATURE_LOCATION_CONFLICT::Coding region xref gene does not exist
prokka_output/45709_F01_Reference/45709_F01_Reference:CDS	Ribonuclease Y	NZ_LS483405.1:c2239209-2237602	JECDCPOO_02262

DiscRep_SUB:FEATURE_LOCATION_CONFLICT::Coding region xref gene does not exist
prokka_output/45709_F01_Reference/45709_F01_Reference:CDS	hypothetical protein	NZ_LS483405.1:c2240025-2239327	JECDCPOO_02263

DiscRep_SUB:FEATURE_LOCATION_CONFLICT::Coding region xref gene does not exist
prokka_output/45709_F01_Reference/45709_F01_Reference:CDS	2-succinyl-6-hydroxy-2,4-cyclohexadiene-1-carboxylate synthase	NZ_LS483405.1:c2241343-2240399	JECDCPOO_02264

DiscRep_SUB:FEATURE_LOCATION_CONFLICT::Coding region xref gene does not exist
prokka_output/45709_F01_Reference/45709_F01_Reference:CDS	hypothetical protein	NZ_LS483405.1:2241468-2243276	JECDCPOO_02265

DiscRep_SUB:FEATURE_LOCATION_CONFLICT::Coding region xref gene does not exist
prokka_output/45709_F01_Reference/45709_F01_Reference:CDS	hypothetical protein	NZ_LS483405.1:2243344-2243763	JECDCPOO_02266

DiscRep_SUB:FEATURE_LOCATION_CONFLICT::Coding region xref gene does not exist
prokka_output/45709_F01_Reference/45709_F01_Reference:CDS	hypothetical protein	NZ_LS483405.1:2243842-2244693	JECDCPOO_02267

DiscRep_SUB:FEATURE_LOCATION_CONFLICT::Coding region xref gene does not exist
prokka_output/45709_F01_Reference/45709_F01_Reference:CDS	hypothetical protein	NZ_LS483405.1:c2245837-2244764	JECDCPOO_02268

DiscRep_SUB:FEATURE_LOCATION_CONFLICT::Coding region xref gene does not exist
prokka_output/45709_F01_Reference/45709_F01_Reference:CDS	Branched-chain amino acid permease BrnQ	NZ_LS483405.1:c2247311-2245929	JECDCPOO_02269

DiscRep_SUB:FEATURE_LOCATION_CONFLICT::Coding region xref gene does not exist
prokka_output/45709_F01_Reference/45709_F01_Reference:CDS	Beta-glucoside kinase	NZ_LS483405.1:c2248561-2247668	JECDCPOO_02270

DiscRep_SUB:FEATURE_LOCATION_CONFLICT::Coding region xref gene does not exist
prokka_output/45709_F01_Reference/45709_F01_Reference:CDS	Serine/threonine exchanger SteT	NZ_LS483405.1:c2249911-2248580	JECDCPOO_02271

DiscRep_SUB:FEATURE_LOCATION_CONFLICT::Coding region xref gene does not exist
prokka_output/45709_F01_Reference/45709_F01_Reference:CDS	hypothetical protein	NZ_LS483405.1:2250224-2251066	JECDCPOO_02272

DiscRep_SUB:FEATURE_LOCATION_CONFLICT::Coding region xref gene does not exist
prokka_output/45709_F01_Reference/45709_F01_Reference:CDS	hypothetical protein	NZ_LS483405.1:2251096-2251944	JECDCPOO_02273

DiscRep_SUB:FEATURE_LOCATION_CONFLICT::Coding region xref gene does not exist
prokka_output/45709_F01_Reference/45709_F01_Reference:CDS	hypothetical protein	NZ_LS483405.1:c2252149-2251979	JECDCPOO_02274

DiscRep_SUB:FEATURE_LOCATION_CONFLICT::Coding region xref gene does not exist
prokka_output/45709_F01_Reference/45709_F01_Reference:CDS	hypothetical protein	NZ_LS483405.1:2252419-2253711	JECDCPOO_02275

DiscRep_SUB:FEATURE_LOCATION_CONFLICT::Coding region xref gene does not exist
prokka_output/45709_F01_Reference/45709_F01_Reference:CDS	hypothetical protein	NZ_LS483405.1:c2254755-2254033	JECDCPOO_02276

DiscRep_SUB:FEATURE_LOCATION_CONFLICT::Coding region xref gene does not exist
prokka_output/45709_F01_Reference/45709_F01_Reference:CDS	hypothetical protein	NZ_LS483405.1:c2255283-2254804	JECDCPOO_02277

DiscRep_SUB:FEATURE_LOCATION_CONFLICT::Coding region xref gene does not exist
prokka_output/45709_F01_Reference/45709_F01_Reference:CDS	Putative cryptic C4-dicarboxylate transporter DcuD	NZ_LS483405.1:c2256704-2255298	JECDCPOO_02278

DiscRep_SUB:FEATURE_LOCATION_CONFLICT::Coding region xref gene does not exist
prokka_output/45709_F01_Reference/45709_F01_Reference:CDS	Non-specific ribonucleoside hydrolase RihC	NZ_LS483405.1:c2257660-2256722	JECDCPOO_02279

DiscRep_SUB:FEATURE_LOCATION_CONFLICT::Coding region xref gene does not exist
prokka_output/45709_F01_Reference/45709_F01_Reference:CDS	hypothetical protein	NZ_LS483405.1:c2258772-2258446	JECDCPOO_02281

DiscRep_SUB:FEATURE_LOCATION_CONFLICT::Coding region xref gene does not exist
prokka_output/45709_F01_Reference/45709_F01_Reference:CDS	hypothetical protein	NZ_LS483405.1:2258919-2259371	JECDCPOO_02282

DiscRep_SUB:FEATURE_LOCATION_CONFLICT::Coding region xref gene does not exist
prokka_output/45709_F01_Reference/45709_F01_Reference:CDS	Bifunctional NAD(P)H-hydrate repair enzyme Nnr	NZ_LS483405.1:2259398-2260045	JECDCPOO_02283

DiscRep_SUB:FEATURE_LOCATION_CONFLICT::Coding region xref gene does not exist
prokka_output/45709_F01_Reference/45709_F01_Reference:CDS	hypothetical protein	NZ_LS483405.1:2260244-2260591	JECDCPOO_02284

DiscRep_SUB:FEATURE_LOCATION_CONFLICT::Coding region xref gene does not exist
prokka_output/45709_F01_Reference/45709_F01_Reference:CDS	Putative multidrug resistance protein MdtD	NZ_LS483405.1:2260662-2262221	JECDCPOO_02285

DiscRep_SUB:FEATURE_LOCATION_CONFLICT::Coding region xref gene does not exist
prokka_output/45709_F01_Reference/45709_F01_Reference:CDS	D-alanyl-D-alanine dipeptidase	NZ_LS483405.1:2262306-2262869	JECDCPOO_02286

DiscRep_SUB:FEATURE_LOCATION_CONFLICT::Coding region xref gene does not exist
prokka_output/45709_F01_Reference/45709_F01_Reference:CDS	hypothetical protein	NZ_LS483405.1:c2263612-2262986	JECDCPOO_02287

DiscRep_SUB:FEATURE_LOCATION_CONFLICT::Coding region xref gene does not exist
prokka_output/45709_F01_Reference/45709_F01_Reference:CDS	Penicillin V acylase	NZ_LS483405.1:2263744-2264700	JECDCPOO_02288

DiscRep_SUB:FEATURE_LOCATION_CONFLICT::Coding region xref gene does not exist
prokka_output/45709_F01_Reference/45709_F01_Reference:CDS	hypothetical protein	NZ_LS483405.1:2264859-2265332	JECDCPOO_02289

DiscRep_SUB:FEATURE_LOCATION_CONFLICT::Coding region xref gene does not exist
prokka_output/45709_F01_Reference/45709_F01_Reference:CDS	Lipid II flippase MurJ	NZ_LS483405.1:c2267071-2265467	JECDCPOO_02290

DiscRep_SUB:FEATURE_LOCATION_CONFLICT::Coding region xref gene does not exist
prokka_output/45709_F01_Reference/45709_F01_Reference:CDS	hypothetical protein	NZ_LS483405.1:c2267876-2267514	JECDCPOO_02291

DiscRep_SUB:FEATURE_LOCATION_CONFLICT::Coding region xref gene does not exist
prokka_output/45709_F01_Reference/45709_F01_Reference:CDS	hypothetical protein	NZ_LS483405.1:c2270121-2268151	JECDCPOO_02292

DiscRep_SUB:FEATURE_LOCATION_CONFLICT::Coding region xref gene does not exist
prokka_output/45709_F01_Reference/45709_F01_Reference:CDS	2-dehydropantoate 2-reductase	NZ_LS483405.1:2270283-2271212	JECDCPOO_02293

DiscRep_SUB:FEATURE_LOCATION_CONFLICT::Coding region xref gene does not exist
prokka_output/45709_F01_Reference/45709_F01_Reference:CDS	hypothetical protein	NZ_LS483405.1:2271393-2271677	JECDCPOO_02294

DiscRep_SUB:FEATURE_LOCATION_CONFLICT::Coding region xref gene does not exist
prokka_output/45709_F01_Reference/45709_F01_Reference:CDS	Global transcriptional regulator Spx	NZ_LS483405.1:c2272206-2271808	JECDCPOO_02295

DiscRep_SUB:FEATURE_LOCATION_CONFLICT::Coding region xref gene does not exist
prokka_output/45709_F01_Reference/45709_F01_Reference:CDS	hypothetical protein	NZ_LS483405.1:2272730-2274811	JECDCPOO_02296

DiscRep_SUB:FEATURE_LOCATION_CONFLICT::Coding region xref gene does not exist
prokka_output/45709_F01_Reference/45709_F01_Reference:CDS	Trifunctional nucleotide phosphoesterase protein YfkN	NZ_LS483405.1:2275245-2276822	JECDCPOO_02297

DiscRep_SUB:FEATURE_LOCATION_CONFLICT::Coding region xref gene does not exist
prokka_output/45709_F01_Reference/45709_F01_Reference:CDS	Arylsulfate sulfotransferase AssT	NZ_LS483405.1:2277183-2278877	JECDCPOO_02298

DiscRep_SUB:FEATURE_LOCATION_CONFLICT::Coding region xref gene does not exist
prokka_output/45709_F01_Reference/45709_F01_Reference:CDS	hypothetical protein	NZ_LS483405.1:c2279670-2278990	JECDCPOO_02299

DiscRep_SUB:FEATURE_LOCATION_CONFLICT::Coding region xref gene does not exist
prokka_output/45709_F01_Reference/45709_F01_Reference:CDS	Pyrimidine-specific ribonucleoside hydrolase RihA	NZ_LS483405.1:c2280728-2279796	JECDCPOO_02300

DiscRep_SUB:FEATURE_LOCATION_CONFLICT::Coding region xref gene does not exist
prokka_output/45709_F01_Reference/45709_F01_Reference:CDS	hypothetical protein	NZ_LS483405.1:c2281128-2280745	JECDCPOO_02301

DiscRep_SUB:FEATURE_LOCATION_CONFLICT::Coding region xref gene does not exist
prokka_output/45709_F01_Reference/45709_F01_Reference:CDS	Nucleoside permease NupC	NZ_LS483405.1:c2282324-2281140	JECDCPOO_02302

DiscRep_SUB:FEATURE_LOCATION_CONFLICT::Coding region xref gene does not exist
prokka_output/45709_F01_Reference/45709_F01_Reference:CDS	hypothetical protein	NZ_LS483405.1:c2283509-2282349	JECDCPOO_02303

DiscRep_SUB:FEATURE_LOCATION_CONFLICT::Coding region xref gene does not exist
prokka_output/45709_F01_Reference/45709_F01_Reference:CDS	hypothetical protein	NZ_LS483405.1:c2284149-2283523	JECDCPOO_02304

DiscRep_SUB:FEATURE_LOCATION_CONFLICT::Coding region xref gene does not exist
prokka_output/45709_F01_Reference/45709_F01_Reference:CDS	N-(5'-phosphoribosyl)anthranilate isomerase	NZ_LS483405.1:c2284861-2284169	JECDCPOO_02305

DiscRep_SUB:FEATURE_LOCATION_CONFLICT::Coding region xref gene does not exist
prokka_output/45709_F01_Reference/45709_F01_Reference:CDS	Pseudouridine kinase	NZ_LS483405.1:c2285834-2284878	JECDCPOO_02306

DiscRep_SUB:FEATURE_LOCATION_CONFLICT::Coding region xref gene does not exist
prokka_output/45709_F01_Reference/45709_F01_Reference:CDS	Deoxyribokinase	NZ_LS483405.1:c2287180-2286092	JECDCPOO_02307

DiscRep_SUB:FEATURE_LOCATION_CONFLICT::Coding region xref gene does not exist
prokka_output/45709_F01_Reference/45709_F01_Reference:CDS	Catabolite control protein A	NZ_LS483405.1:2287571-2288548	JECDCPOO_02309

DiscRep_SUB:FEATURE_LOCATION_CONFLICT::Coding region xref gene does not exist
prokka_output/45709_F01_Reference/45709_F01_Reference:CDS	hypothetical protein	NZ_LS483405.1:c2289172-2288540	JECDCPOO_02310

DiscRep_SUB:FEATURE_LOCATION_CONFLICT::Coding region xref gene does not exist
prokka_output/45709_F01_Reference/45709_F01_Reference:CDS	hypothetical protein	NZ_LS483405.1:c2290164-2289604	JECDCPOO_02311

DiscRep_SUB:FEATURE_LOCATION_CONFLICT::Coding region xref gene does not exist
prokka_output/45709_F01_Reference/45709_F01_Reference:CDS	Thiamine precursor transporter HmpT	NZ_LS483405.1:c2290682-2290182	JECDCPOO_02312

DiscRep_SUB:FEATURE_LOCATION_CONFLICT::Coding region xref gene does not exist
prokka_output/45709_F01_Reference/45709_F01_Reference:CDS	Pyridoxine kinase	NZ_LS483405.1:c2291473-2290679	JECDCPOO_02313

DiscRep_SUB:FEATURE_LOCATION_CONFLICT::Coding region xref gene does not exist
prokka_output/45709_F01_Reference/45709_F01_Reference:CDS	HTH-type transcriptional regulator NorG	NZ_LS483405.1:2291595-2292992	JECDCPOO_02314

DiscRep_SUB:FEATURE_LOCATION_CONFLICT::Coding region xref gene does not exist
prokka_output/45709_F01_Reference/45709_F01_Reference:CDS	Polyisoprenyl-teichoic acid--peptidoglycan teichoic acid transferase TagU	NZ_LS483405.1:c2294159-2292999	JECDCPOO_02315

DiscRep_SUB:FEATURE_LOCATION_CONFLICT::Coding region xref gene does not exist
prokka_output/45709_F01_Reference/45709_F01_Reference:CDS	ATP-binding protein Uup	NZ_LS483405.1:c2294951-2294172	JECDCPOO_02316

DiscRep_SUB:FEATURE_LOCATION_CONFLICT::Coding region xref gene does not exist
prokka_output/45709_F01_Reference/45709_F01_Reference:CDS	hypothetical protein	NZ_LS483405.1:c2296710-2294968	JECDCPOO_02317

DiscRep_SUB:FEATURE_LOCATION_CONFLICT::Coding region xref gene does not exist
prokka_output/45709_F01_Reference/45709_F01_Reference:CDS	Peptidoglycan glycosyltransferase RodA	NZ_LS483405.1:c2298348-2297137	JECDCPOO_02318

DiscRep_SUB:FEATURE_LOCATION_CONFLICT::Coding region xref gene does not exist
prokka_output/45709_F01_Reference/45709_F01_Reference:CDS	Purine efflux pump PbuE	NZ_LS483405.1:c2299671-2298481	JECDCPOO_02319

DiscRep_SUB:FEATURE_LOCATION_CONFLICT::Coding region xref gene does not exist
prokka_output/45709_F01_Reference/45709_F01_Reference:CDS	putative HTH-type transcriptional regulator YybR	NZ_LS483405.1:2299795-2300142	JECDCPOO_02320

DiscRep_SUB:FEATURE_LOCATION_CONFLICT::Coding region xref gene does not exist
prokka_output/45709_F01_Reference/45709_F01_Reference:CDS	hypothetical protein	NZ_LS483405.1:2300279-2300830	JECDCPOO_02321

DiscRep_SUB:FEATURE_LOCATION_CONFLICT::Coding region xref gene does not exist
prokka_output/45709_F01_Reference/45709_F01_Reference:CDS	hypothetical protein	NZ_LS483405.1:2300845-2301006	JECDCPOO_02322

DiscRep_SUB:FEATURE_LOCATION_CONFLICT::Coding region xref gene does not exist
prokka_output/45709_F01_Reference/45709_F01_Reference:CDS	hypothetical protein	NZ_LS483405.1:c2301544-2301152	JECDCPOO_02323

DiscRep_SUB:FEATURE_LOCATION_CONFLICT::Coding region xref gene does not exist
prokka_output/45709_F01_Reference/45709_F01_Reference:CDS	hypothetical protein	NZ_LS483405.1:c2302328-2301546	JECDCPOO_02324

DiscRep_SUB:FEATURE_LOCATION_CONFLICT::Coding region xref gene does not exist
prokka_output/45709_F01_Reference/45709_F01_Reference:CDS	2-deoxy-scyllo-inosamine dehydrogenase	NZ_LS483405.1:c2303348-2302347	JECDCPOO_02325

DiscRep_SUB:FEATURE_LOCATION_CONFLICT::Coding region xref gene does not exist
prokka_output/45709_F01_Reference/45709_F01_Reference:CDS	Putative fructokinase	NZ_LS483405.1:c2304241-2303366	JECDCPOO_02326

DiscRep_SUB:FEATURE_LOCATION_CONFLICT::Coding region xref gene does not exist
prokka_output/45709_F01_Reference/45709_F01_Reference:CDS	hypothetical protein	NZ_LS483405.1:2304600-2305022	JECDCPOO_02327

DiscRep_SUB:FEATURE_LOCATION_CONFLICT::Coding region xref gene does not exist
prokka_output/45709_F01_Reference/45709_F01_Reference:CDS	Glycerol dehydrogenase	NZ_LS483405.1:c2306199-2305090	JECDCPOO_02328

DiscRep_SUB:FEATURE_LOCATION_CONFLICT::Coding region xref gene does not exist
prokka_output/45709_F01_Reference/45709_F01_Reference:CDS	hypothetical protein	NZ_LS483405.1:2306507-2306836	JECDCPOO_02329

DiscRep_SUB:FEATURE_LOCATION_CONFLICT::Coding region xref gene does not exist
prokka_output/45709_F01_Reference/45709_F01_Reference:CDS	putative guanidinium efflux system subunit GdnD	NZ_LS483405.1:2306838-2307152	JECDCPOO_02330

DiscRep_SUB:FEATURE_LOCATION_CONFLICT::Coding region xref gene does not exist
prokka_output/45709_F01_Reference/45709_F01_Reference:CDS	hypothetical protein	NZ_LS483405.1:c2307687-2307157	JECDCPOO_02331

DiscRep_SUB:FEATURE_LOCATION_CONFLICT::Coding region xref gene does not exist
prokka_output/45709_F01_Reference/45709_F01_Reference:CDS	2,3-bisphosphoglycerate-dependent phosphoglycerate mutase	NZ_LS483405.1:c2308594-2307761	JECDCPOO_02332

DiscRep_SUB:FEATURE_LOCATION_CONFLICT::Coding region xref gene does not exist
prokka_output/45709_F01_Reference/45709_F01_Reference:CDS	hypothetical protein	NZ_LS483405.1:c2309421-2308855	JECDCPOO_02333

DiscRep_SUB:FEATURE_LOCATION_CONFLICT::Coding region xref gene does not exist
prokka_output/45709_F01_Reference/45709_F01_Reference:CDS	Alpha,alpha-trehalose phosphorylase	NZ_LS483405.1:c2312244-2310034	JECDCPOO_02334

DiscRep_SUB:FEATURE_LOCATION_CONFLICT::Coding region xref gene does not exist
prokka_output/45709_F01_Reference/45709_F01_Reference:CDS	Carboxylesterase NlhH	NZ_LS483405.1:c2313329-2312277	JECDCPOO_02335

DiscRep_SUB:FEATURE_LOCATION_CONFLICT::Coding region xref gene does not exist
prokka_output/45709_F01_Reference/45709_F01_Reference:CDS	Isoprimeverose transporter	NZ_LS483405.1:c2314771-2313392	JECDCPOO_02336

DiscRep_SUB:FEATURE_LOCATION_CONFLICT::Coding region xref gene does not exist
prokka_output/45709_F01_Reference/45709_F01_Reference:CDS	Dipeptide-binding protein	NZ_LS483405.1:2315616-2317259	JECDCPOO_02337

DiscRep_SUB:FEATURE_LOCATION_CONFLICT::Coding region xref gene does not exist
prokka_output/45709_F01_Reference/45709_F01_Reference:CDS	hypothetical protein	NZ_LS483405.1:c2317949-2317449	JECDCPOO_02338

DiscRep_SUB:FEATURE_LOCATION_CONFLICT::Coding region xref gene does not exist
prokka_output/45709_F01_Reference/45709_F01_Reference:CDS	hypothetical protein	NZ_LS483405.1:c2318454-2317966	JECDCPOO_02339

DiscRep_SUB:FEATURE_LOCATION_CONFLICT::Coding region xref gene does not exist
prokka_output/45709_F01_Reference/45709_F01_Reference:CDS	Catabolite control protein A	NZ_LS483405.1:c2319687-2318689	JECDCPOO_02340

DiscRep_SUB:FEATURE_LOCATION_CONFLICT::Coding region xref gene does not exist
prokka_output/45709_F01_Reference/45709_F01_Reference:CDS	hypothetical protein	NZ_LS483405.1:2319882-2321264	JECDCPOO_02341

DiscRep_SUB:FEATURE_LOCATION_CONFLICT::Coding region xref gene does not exist
prokka_output/45709_F01_Reference/45709_F01_Reference:CDS	Oligo-1,6-glucosidase	NZ_LS483405.1:2321285-2322958	JECDCPOO_02342

DiscRep_SUB:FEATURE_LOCATION_CONFLICT::Coding region xref gene does not exist
prokka_output/45709_F01_Reference/45709_F01_Reference:CDS	Zinc-type alcohol dehydrogenase-like protein	NZ_LS483405.1:2323117-2324061	JECDCPOO_02343

DiscRep_SUB:FEATURE_LOCATION_CONFLICT::Coding region xref gene does not exist
prokka_output/45709_F01_Reference/45709_F01_Reference:CDS	hypothetical protein	NZ_LS483405.1:c2324840-2324184	JECDCPOO_02344

DiscRep_SUB:FEATURE_LOCATION_CONFLICT::Coding region xref gene does not exist
prokka_output/45709_F01_Reference/45709_F01_Reference:CDS	putative HTH-type transcriptional regulator	NZ_LS483405.1:2325008-2325430	JECDCPOO_02345

DiscRep_SUB:FEATURE_LOCATION_CONFLICT::Coding region xref gene does not exist
prokka_output/45709_F01_Reference/45709_F01_Reference:CDS	hypothetical protein	NZ_LS483405.1:2325620-2326072	JECDCPOO_02346

DiscRep_SUB:FEATURE_LOCATION_CONFLICT::Coding region xref gene does not exist
prokka_output/45709_F01_Reference/45709_F01_Reference:CDS	hypothetical protein	NZ_LS483405.1:2326175-2327080	JECDCPOO_02347

DiscRep_SUB:FEATURE_LOCATION_CONFLICT::Coding region xref gene does not exist
prokka_output/45709_F01_Reference/45709_F01_Reference:CDS	hypothetical protein	NZ_LS483405.1:2327099-2327629	JECDCPOO_02348

DiscRep_SUB:FEATURE_LOCATION_CONFLICT::Coding region xref gene does not exist
prokka_output/45709_F01_Reference/45709_F01_Reference:CDS	NADH:acrylate oxidoreductase	NZ_LS483405.1:c2328878-2327688	JECDCPOO_02349

DiscRep_SUB:FEATURE_LOCATION_CONFLICT::Coding region xref gene does not exist
prokka_output/45709_F01_Reference/45709_F01_Reference:CDS	hypothetical protein	NZ_LS483405.1:c2329162-2328875	JECDCPOO_02350

DiscRep_SUB:FEATURE_LOCATION_CONFLICT::Coding region xref gene does not exist
prokka_output/45709_F01_Reference/45709_F01_Reference:CDS	putative HTH-type transcriptional regulator YtcD	NZ_LS483405.1:c2329610-2329224	JECDCPOO_02351

DiscRep_SUB:FEATURE_LOCATION_CONFLICT::Coding region xref gene does not exist
prokka_output/45709_F01_Reference/45709_F01_Reference:CDS	Microcin C7 self-immunity protein MccF	NZ_LS483405.1:2329747-2330829	JECDCPOO_02352

DiscRep_SUB:FEATURE_LOCATION_CONFLICT::Coding region xref gene does not exist
prokka_output/45709_F01_Reference/45709_F01_Reference:CDS	Pyrimidine-specific ribonucleoside hydrolase RihB	NZ_LS483405.1:c2331769-2330834	JECDCPOO_02353

DiscRep_SUB:FEATURE_LOCATION_CONFLICT::Coding region xref gene does not exist
prokka_output/45709_F01_Reference/45709_F01_Reference:CDS	Regulatory protein YeiL	NZ_LS483405.1:2331867-2332544	JECDCPOO_02354

DiscRep_SUB:FEATURE_LOCATION_CONFLICT::Coding region xref gene does not exist
prokka_output/45709_F01_Reference/45709_F01_Reference:CDS	Manganese efflux system protein MneS	NZ_LS483405.1:c2333592-2332615	JECDCPOO_02355

DiscRep_SUB:FEATURE_LOCATION_CONFLICT::Coding region xref gene does not exist
prokka_output/45709_F01_Reference/45709_F01_Reference:CDS	1,3-propanediol dehydrogenase	NZ_LS483405.1:2333908-2335080	JECDCPOO_02356

DiscRep_SUB:FEATURE_LOCATION_CONFLICT::Coding region xref gene does not exist
prokka_output/45709_F01_Reference/45709_F01_Reference:CDS	(S)-2-haloacid dehalogenase 4A	NZ_LS483405.1:2335172-2335825	JECDCPOO_02357

DiscRep_SUB:FEATURE_LOCATION_CONFLICT::Coding region xref gene does not exist
prokka_output/45709_F01_Reference/45709_F01_Reference:CDS	hypothetical protein	NZ_LS483405.1:c2336516-2335884	JECDCPOO_02358

DiscRep_SUB:FEATURE_LOCATION_CONFLICT::Coding region xref gene does not exist
prokka_output/45709_F01_Reference/45709_F01_Reference:CDS	hypothetical protein	NZ_LS483405.1:2336631-2337023	JECDCPOO_02359

DiscRep_SUB:FEATURE_LOCATION_CONFLICT::Coding region xref gene does not exist
prokka_output/45709_F01_Reference/45709_F01_Reference:CDS	hypothetical protein	NZ_LS483405.1:c2337618-2337082	JECDCPOO_02360

DiscRep_SUB:FEATURE_LOCATION_CONFLICT::Coding region xref gene does not exist
prokka_output/45709_F01_Reference/45709_F01_Reference:CDS	D-xylose transporter	NZ_LS483405.1:c2339076-2337715	JECDCPOO_02361

DiscRep_SUB:FEATURE_LOCATION_CONFLICT::Coding region xref gene does not exist
prokka_output/45709_F01_Reference/45709_F01_Reference:CDS	Putative hemin import ATP-binding protein HrtA	NZ_LS483405.1:c2340019-2339336	JECDCPOO_02362

DiscRep_SUB:FEATURE_LOCATION_CONFLICT::Coding region xref gene does not exist
prokka_output/45709_F01_Reference/45709_F01_Reference:CDS	hypothetical protein	NZ_LS483405.1:c2341089-2340031	JECDCPOO_02363

DiscRep_SUB:FEATURE_LOCATION_CONFLICT::Coding region xref gene does not exist
prokka_output/45709_F01_Reference/45709_F01_Reference:CDS	hypothetical protein	NZ_LS483405.1:c2341614-2341093	JECDCPOO_02364

DiscRep_SUB:FEATURE_LOCATION_CONFLICT::Coding region xref gene does not exist
prokka_output/45709_F01_Reference/45709_F01_Reference:CDS	putative transporter	NZ_LS483405.1:c2342944-2341754	JECDCPOO_02365

DiscRep_SUB:FEATURE_LOCATION_CONFLICT::Coding region xref gene does not exist
prokka_output/45709_F01_Reference/45709_F01_Reference:CDS	Toxin-antitoxin biofilm protein TabA	NZ_LS483405.1:2343443-2343892	JECDCPOO_02366

DiscRep_SUB:FEATURE_LOCATION_CONFLICT::Coding region xref gene does not exist
prokka_output/45709_F01_Reference/45709_F01_Reference:CDS	Membrane sensor protein UhpC	NZ_LS483405.1:2343904-2345151	JECDCPOO_02367

DiscRep_SUB:FEATURE_LOCATION_CONFLICT::Coding region xref gene does not exist
prokka_output/45709_F01_Reference/45709_F01_Reference:CDS	hypothetical protein	NZ_LS483405.1:2345169-2345636	JECDCPOO_02368

DiscRep_SUB:FEATURE_LOCATION_CONFLICT::Coding region xref gene does not exist
prokka_output/45709_F01_Reference/45709_F01_Reference:CDS	L-ribulose-5-phosphate 4-epimerase	NZ_LS483405.1:c2346721-2345990	JECDCPOO_02369

DiscRep_SUB:FEATURE_LOCATION_CONFLICT::Coding region xref gene does not exist
prokka_output/45709_F01_Reference/45709_F01_Reference:CDS	L-ribulose-5-phosphate 3-epimerase UlaE	NZ_LS483405.1:c2347624-2346737	JECDCPOO_02370

DiscRep_SUB:FEATURE_LOCATION_CONFLICT::Coding region xref gene does not exist
prokka_output/45709_F01_Reference/45709_F01_Reference:CDS	L-xylulose/3-keto-L-gulonate kinase	NZ_LS483405.1:c2349153-2347621	JECDCPOO_02371

DiscRep_SUB:FEATURE_LOCATION_CONFLICT::Coding region xref gene does not exist
prokka_output/45709_F01_Reference/45709_F01_Reference:CDS	hypothetical protein	NZ_LS483405.1:c2350172-2349168	JECDCPOO_02372

DiscRep_SUB:FEATURE_LOCATION_CONFLICT::Coding region xref gene does not exist
prokka_output/45709_F01_Reference/45709_F01_Reference:CDS	Putative 2-hydroxyacid dehydrogenase	NZ_LS483405.1:c2351259-2350303	JECDCPOO_02373

DiscRep_SUB:FEATURE_LOCATION_CONFLICT::Coding region xref gene does not exist
prokka_output/45709_F01_Reference/45709_F01_Reference:CDS	HTH-type transcriptional regulator KdgR	NZ_LS483405.1:2351736-2352743	JECDCPOO_02374

DiscRep_SUB:FEATURE_LOCATION_CONFLICT::Coding region xref gene does not exist
prokka_output/45709_F01_Reference/45709_F01_Reference:CDS	hypothetical protein	NZ_LS483405.1:c2353285-2352791	JECDCPOO_02375

DiscRep_SUB:FEATURE_LOCATION_CONFLICT::Coding region xref gene does not exist
prokka_output/45709_F01_Reference/45709_F01_Reference:CDS	hypothetical protein	NZ_LS483405.1:c2354445-2353474	JECDCPOO_02376

DiscRep_SUB:FEATURE_LOCATION_CONFLICT::Coding region xref gene does not exist
prokka_output/45709_F01_Reference/45709_F01_Reference:CDS	Malolactic enzyme	NZ_LS483405.1:c2356196-2354562	JECDCPOO_02377

DiscRep_SUB:FEATURE_LOCATION_CONFLICT::Coding region xref gene does not exist
prokka_output/45709_F01_Reference/45709_F01_Reference:CDS	Transcriptional dual regulator GltC	NZ_LS483405.1:2356332-2357219	JECDCPOO_02378

DiscRep_SUB:FEATURE_LOCATION_CONFLICT::Coding region xref gene does not exist
prokka_output/45709_F01_Reference/45709_F01_Reference:CDS	hypothetical protein	NZ_LS483405.1:c2358153-2357344	JECDCPOO_02379

DiscRep_SUB:FEATURE_LOCATION_CONFLICT::Coding region xref gene does not exist
prokka_output/45709_F01_Reference/45709_F01_Reference:CDS	Putative agmatine deiminase	NZ_LS483405.1:c2359262-2358150	JECDCPOO_02380

DiscRep_SUB:FEATURE_LOCATION_CONFLICT::Coding region xref gene does not exist
prokka_output/45709_F01_Reference/45709_F01_Reference:CDS	Carbamate kinase 1	NZ_LS483405.1:c2360230-2359286	JECDCPOO_02381

DiscRep_SUB:FEATURE_LOCATION_CONFLICT::Coding region xref gene does not exist
prokka_output/45709_F01_Reference/45709_F01_Reference:CDS	Putative agmatine deiminase	NZ_LS483405.1:c2361391-2360297	JECDCPOO_02382

DiscRep_SUB:FEATURE_LOCATION_CONFLICT::Coding region xref gene does not exist
prokka_output/45709_F01_Reference/45709_F01_Reference:CDS	Glutamate/gamma-aminobutyrate antiporter	NZ_LS483405.1:c2362803-2361418	JECDCPOO_02383

DiscRep_SUB:FEATURE_LOCATION_CONFLICT::Coding region xref gene does not exist
prokka_output/45709_F01_Reference/45709_F01_Reference:CDS	Putrescine carbamoyltransferase	NZ_LS483405.1:c2363891-2362848	JECDCPOO_02384

DiscRep_SUB:FEATURE_LOCATION_CONFLICT::Coding region xref gene does not exist
prokka_output/45709_F01_Reference/45709_F01_Reference:CDS	Na(+)/H(+) antiporter NhaC	NZ_LS483405.1:c2365771-2364341	JECDCPOO_02385

DiscRep_SUB:FEATURE_LOCATION_CONFLICT::Coding region xref gene does not exist
prokka_output/45709_F01_Reference/45709_F01_Reference:CDS	Glutamate/gamma-aminobutyrate antiporter	NZ_LS483405.1:c2367262-2365841	JECDCPOO_02386

DiscRep_SUB:FEATURE_LOCATION_CONFLICT::Coding region xref gene does not exist
prokka_output/45709_F01_Reference/45709_F01_Reference:CDS	L-tyrosine decarboxylase	NZ_LS483405.1:c2369232-2367352	JECDCPOO_02387

DiscRep_SUB:FEATURE_LOCATION_CONFLICT::Coding region xref gene does not exist
prokka_output/45709_F01_Reference/45709_F01_Reference:CDS	Tyrosine--tRNA ligase	NZ_LS483405.1:c2370695-2369439	JECDCPOO_02388

DiscRep_SUB:FEATURE_LOCATION_CONFLICT::Coding region xref gene does not exist
prokka_output/45709_F01_Reference/45709_F01_Reference:CDS	hypothetical protein	NZ_LS483405.1:c2371114-2370866	JECDCPOO_02389

DiscRep_SUB:FEATURE_LOCATION_CONFLICT::Coding region xref gene does not exist
prokka_output/45709_F01_Reference/45709_F01_Reference:CDS	hypothetical protein	NZ_LS483405.1:c2371514-2371254	JECDCPOO_02390

DiscRep_SUB:FEATURE_LOCATION_CONFLICT::Coding region xref gene does not exist
prokka_output/45709_F01_Reference/45709_F01_Reference:CDS	hypothetical protein	NZ_LS483405.1:c2371724-2371566	JECDCPOO_02391

DiscRep_SUB:FEATURE_LOCATION_CONFLICT::Coding region xref gene does not exist
prokka_output/45709_F01_Reference/45709_F01_Reference:CDS	Acetyl-CoA acetyltransferase	NZ_LS483405.1:2372210-2373379	JECDCPOO_02392

DiscRep_SUB:FEATURE_LOCATION_CONFLICT::Coding region xref gene does not exist
prokka_output/45709_F01_Reference/45709_F01_Reference:CDS	hypothetical protein	NZ_LS483405.1:2373430-2373621	JECDCPOO_02393

DiscRep_SUB:FEATURE_LOCATION_CONFLICT::Coding region xref gene does not exist
prokka_output/45709_F01_Reference/45709_F01_Reference:CDS	hypothetical protein	NZ_LS483405.1:c2374581-2373691	JECDCPOO_02394

DiscRep_SUB:FEATURE_LOCATION_CONFLICT::Coding region xref gene does not exist
prokka_output/45709_F01_Reference/45709_F01_Reference:CDS	Intracellular exo-alpha-(1->5)-L-arabinofuranosidase	NZ_LS483405.1:2374766-2376271	JECDCPOO_02395

DiscRep_SUB:FEATURE_LOCATION_CONFLICT::Coding region xref gene does not exist
prokka_output/45709_F01_Reference/45709_F01_Reference:CDS	hypothetical protein	NZ_LS483405.1:c2376591-2376325	JECDCPOO_02396

DiscRep_SUB:FEATURE_LOCATION_CONFLICT::Coding region xref gene does not exist
prokka_output/45709_F01_Reference/45709_F01_Reference:CDS	hypothetical protein	NZ_LS483405.1:c2376856-2376605	JECDCPOO_02397

DiscRep_SUB:FEATURE_LOCATION_CONFLICT::Coding region xref gene does not exist
prokka_output/45709_F01_Reference/45709_F01_Reference:CDS	hypothetical protein	NZ_LS483405.1:c2377481-2377068	JECDCPOO_02398

DiscRep_SUB:FEATURE_LOCATION_CONFLICT::Coding region xref gene does not exist
prokka_output/45709_F01_Reference/45709_F01_Reference:CDS	HTH-type transcriptional activator RhaR	NZ_LS483405.1:c2378520-2377657	JECDCPOO_02399

DiscRep_SUB:FEATURE_LOCATION_CONFLICT::Coding region xref gene does not exist
prokka_output/45709_F01_Reference/45709_F01_Reference:CDS	hypothetical protein	NZ_LS483405.1:2378702-2380234	JECDCPOO_02400

DiscRep_SUB:FEATURE_LOCATION_CONFLICT::Coding region xref gene does not exist
prokka_output/45709_F01_Reference/45709_F01_Reference:CDS	DNA-binding and peroxide stress resistance protein YaaA	NZ_LS483405.1:2380337-2381077	JECDCPOO_02401

DiscRep_SUB:FEATURE_LOCATION_CONFLICT::Coding region xref gene does not exist
prokka_output/45709_F01_Reference/45709_F01_Reference:CDS	Orotate phosphoribosyltransferase	NZ_LS483405.1:c2381741-2381103	JECDCPOO_02402

DiscRep_SUB:FEATURE_LOCATION_CONFLICT::Coding region xref gene does not exist
prokka_output/45709_F01_Reference/45709_F01_Reference:CDS	Orotidine 5'-phosphate decarboxylase	NZ_LS483405.1:c2382451-2381732	JECDCPOO_02403

DiscRep_SUB:FEATURE_LOCATION_CONFLICT::Coding region xref gene does not exist
prokka_output/45709_F01_Reference/45709_F01_Reference:CDS	Niacin transporter NiaP	NZ_LS483405.1:2382750-2383973	JECDCPOO_02404

DiscRep_SUB:FEATURE_LOCATION_CONFLICT::Coding region xref gene does not exist
prokka_output/45709_F01_Reference/45709_F01_Reference:CDS	hypothetical protein	NZ_LS483405.1:c2384784-2384065	JECDCPOO_02405

DiscRep_SUB:FEATURE_LOCATION_CONFLICT::Coding region xref gene does not exist
prokka_output/45709_F01_Reference/45709_F01_Reference:CDS	Proline iminopeptidase	NZ_LS483405.1:c2385676-2384777	JECDCPOO_02406

DiscRep_SUB:FEATURE_LOCATION_CONFLICT::Coding region xref gene does not exist
prokka_output/45709_F01_Reference/45709_F01_Reference:CDS	putative sugar kinase YdjH	NZ_LS483405.1:c2386657-2385779	JECDCPOO_02407

DiscRep_SUB:FEATURE_LOCATION_CONFLICT::Coding region xref gene does not exist
prokka_output/45709_F01_Reference/45709_F01_Reference:CDS	hypothetical protein	NZ_LS483405.1:c2388023-2386650	JECDCPOO_02408

DiscRep_SUB:FEATURE_LOCATION_CONFLICT::Coding region xref gene does not exist
prokka_output/45709_F01_Reference/45709_F01_Reference:CDS	hypothetical protein	NZ_LS483405.1:c2389048-2388044	JECDCPOO_02409

DiscRep_SUB:FEATURE_LOCATION_CONFLICT::Coding region xref gene does not exist
prokka_output/45709_F01_Reference/45709_F01_Reference:CDS	putative fructoselysine utilization operon transcriptional repressor	NZ_LS483405.1:c2389764-2389072	JECDCPOO_02410

DiscRep_SUB:FEATURE_LOCATION_CONFLICT::Coding region xref gene does not exist
prokka_output/45709_F01_Reference/45709_F01_Reference:CDS	putative protein YhaZ	NZ_LS483405.1:c2390367-2389909	JECDCPOO_02411

DiscRep_SUB:FEATURE_LOCATION_CONFLICT::Coding region xref gene does not exist
prokka_output/45709_F01_Reference/45709_F01_Reference:CDS	hypothetical protein	NZ_LS483405.1:c2391027-2390566	JECDCPOO_02412

DiscRep_SUB:FEATURE_LOCATION_CONFLICT::Coding region xref gene does not exist
prokka_output/45709_F01_Reference/45709_F01_Reference:CDS	hypothetical protein	NZ_LS483405.1:c2391572-2391030	JECDCPOO_02413

DiscRep_SUB:FEATURE_LOCATION_CONFLICT::Coding region xref gene does not exist
prokka_output/45709_F01_Reference/45709_F01_Reference:CDS	hypothetical protein	NZ_LS483405.1:c2391856-2391719	JECDCPOO_02414

DiscRep_SUB:FEATURE_LOCATION_CONFLICT::Coding region xref gene does not exist
prokka_output/45709_F01_Reference/45709_F01_Reference:CDS	GMP synthase [glutamine-hydrolyzing]	NZ_LS483405.1:c2392600-2391926	JECDCPOO_02415

DiscRep_SUB:FEATURE_LOCATION_CONFLICT::Coding region xref gene does not exist
prokka_output/45709_F01_Reference/45709_F01_Reference:CDS	Tetracycline resistance protein TetO	NZ_LS483405.1:c2394638-2392683	JECDCPOO_02416

DiscRep_SUB:FEATURE_LOCATION_CONFLICT::Coding region xref gene does not exist
prokka_output/45709_F01_Reference/45709_F01_Reference:CDS	2-aminoadipate transaminase	NZ_LS483405.1:2394865-2396076	JECDCPOO_02417

DiscRep_SUB:FEATURE_LOCATION_CONFLICT::Coding region xref gene does not exist
prokka_output/45709_F01_Reference/45709_F01_Reference:CDS	2,5-dichloro-2,5-cyclohexadiene-1,4-diol dehydrogenase LinX	NZ_LS483405.1:c2396930-2396163	JECDCPOO_02418

DiscRep_SUB:FEATURE_LOCATION_CONFLICT::Coding region xref gene does not exist
prokka_output/45709_F01_Reference/45709_F01_Reference:CDS	hypothetical protein	NZ_LS483405.1:2397063-2397599	JECDCPOO_02419

DiscRep_SUB:FEATURE_LOCATION_CONFLICT::Coding region xref gene does not exist
prokka_output/45709_F01_Reference/45709_F01_Reference:CDS	hypothetical protein	NZ_LS483405.1:2397832-2398248	JECDCPOO_02420

DiscRep_SUB:FEATURE_LOCATION_CONFLICT::Coding region xref gene does not exist
prokka_output/45709_F01_Reference/45709_F01_Reference:CDS	hypothetical protein	NZ_LS483405.1:c2399462-2398299	JECDCPOO_02421

DiscRep_SUB:FEATURE_LOCATION_CONFLICT::Coding region xref gene does not exist
prokka_output/45709_F01_Reference/45709_F01_Reference:CDS	Galactoside O-acetyltransferase	NZ_LS483405.1:c2400384-2399767	JECDCPOO_02422

DiscRep_SUB:FEATURE_LOCATION_CONFLICT::Coding region xref gene does not exist
prokka_output/45709_F01_Reference/45709_F01_Reference:CDS	hypothetical protein	NZ_LS483405.1:c2401688-2400561	JECDCPOO_02423

DiscRep_SUB:FEATURE_LOCATION_CONFLICT::Coding region xref gene does not exist
prokka_output/45709_F01_Reference/45709_F01_Reference:CDS	hypothetical protein	NZ_LS483405.1:2401949-2403112	JECDCPOO_02424

DiscRep_SUB:FEATURE_LOCATION_CONFLICT::Coding region xref gene does not exist
prokka_output/45709_F01_Reference/45709_F01_Reference:CDS	Carbonic anhydrase	NZ_LS483405.1:c2403912-2403274	JECDCPOO_02425

DiscRep_SUB:FEATURE_LOCATION_CONFLICT::Coding region xref gene does not exist
prokka_output/45709_F01_Reference/45709_F01_Reference:CDS	hypothetical protein	NZ_LS483405.1:2404508-2405674	JECDCPOO_02426

DiscRep_SUB:FEATURE_LOCATION_CONFLICT::Coding region xref gene does not exist
prokka_output/45709_F01_Reference/45709_F01_Reference:CDS	hypothetical protein	NZ_LS483405.1:2405815-2406018	JECDCPOO_02427

DiscRep_SUB:FEATURE_LOCATION_CONFLICT::Coding region xref gene does not exist
prokka_output/45709_F01_Reference/45709_F01_Reference:CDS	hypothetical protein	NZ_LS483405.1:2406015-2406449	JECDCPOO_02428

DiscRep_SUB:FEATURE_LOCATION_CONFLICT::Coding region xref gene does not exist
prokka_output/45709_F01_Reference/45709_F01_Reference:CDS	hypothetical protein	NZ_LS483405.1:c2408503-2406557	JECDCPOO_02429

DiscRep_SUB:FEATURE_LOCATION_CONFLICT::Coding region xref gene does not exist
prokka_output/45709_F01_Reference/45709_F01_Reference:CDS	2-hydroxy-1,4-benzoquinone reductase	NZ_LS483405.1:2408755-2409354	JECDCPOO_02430

DiscRep_SUB:FEATURE_LOCATION_CONFLICT::Coding region xref gene does not exist
prokka_output/45709_F01_Reference/45709_F01_Reference:CDS	hypothetical protein	NZ_LS483405.1:c2412131-2409474	JECDCPOO_02431

DiscRep_SUB:FEATURE_LOCATION_CONFLICT::Coding region xref gene does not exist
prokka_output/45709_F01_Reference/45709_F01_Reference:CDS	hypothetical protein	NZ_LS483405.1:c2412981-2412514	JECDCPOO_02432

DiscRep_SUB:FEATURE_LOCATION_CONFLICT::Coding region xref gene does not exist
prokka_output/45709_F01_Reference/45709_F01_Reference:CDS	FMN-dependent NADH:quinone oxidoreductase	NZ_LS483405.1:2413175-2413798	JECDCPOO_02433

DiscRep_SUB:FEATURE_LOCATION_CONFLICT::Coding region xref gene does not exist
prokka_output/45709_F01_Reference/45709_F01_Reference:CDS	Multidrug export protein EmrB	NZ_LS483405.1:2413819-2415252	JECDCPOO_02434

DiscRep_SUB:FEATURE_LOCATION_CONFLICT::Coding region xref gene does not exist
prokka_output/45709_F01_Reference/45709_F01_Reference:CDS	hypothetical protein	NZ_LS483405.1:c2415962-2415369	JECDCPOO_02435

DiscRep_SUB:FEATURE_LOCATION_CONFLICT::Coding region xref gene does not exist
prokka_output/45709_F01_Reference/45709_F01_Reference:CDS	hypothetical protein	NZ_LS483405.1:2416054-2416647	JECDCPOO_02436

DiscRep_SUB:FEATURE_LOCATION_CONFLICT::Coding region xref gene does not exist
prokka_output/45709_F01_Reference/45709_F01_Reference:CDS	hypothetical protein	NZ_LS483405.1:2416812-2417030	JECDCPOO_02437

DiscRep_SUB:FEATURE_LOCATION_CONFLICT::Coding region xref gene does not exist
prokka_output/45709_F01_Reference/45709_F01_Reference:CDS	hypothetical protein	NZ_LS483405.1:2417602-2418078	JECDCPOO_02438

DiscRep_SUB:FEATURE_LOCATION_CONFLICT::Coding region xref gene does not exist
prokka_output/45709_F01_Reference/45709_F01_Reference:CDS	hypothetical protein	NZ_LS483405.1:c2418577-2418347	JECDCPOO_02439

DiscRep_SUB:FEATURE_LOCATION_CONFLICT::Coding region xref gene does not exist
prokka_output/45709_F01_Reference/45709_F01_Reference:CDS	Alcohol dehydrogenase	NZ_LS483405.1:c2419765-2418722	JECDCPOO_02440

DiscRep_SUB:FEATURE_LOCATION_CONFLICT::Coding region xref gene does not exist
prokka_output/45709_F01_Reference/45709_F01_Reference:CDS	hypothetical protein	NZ_LS483405.1:c2420312-2419839	JECDCPOO_02441

DiscRep_SUB:FEATURE_LOCATION_CONFLICT::Coding region xref gene does not exist
prokka_output/45709_F01_Reference/45709_F01_Reference:CDS	HTH-type transcriptional regulator AdhR	NZ_LS483405.1:c2420801-2420352	JECDCPOO_02442

DiscRep_SUB:FEATURE_LOCATION_CONFLICT::Coding region xref gene does not exist
prokka_output/45709_F01_Reference/45709_F01_Reference:CDS	hypothetical protein	NZ_LS483405.1:c2421481-2420828	JECDCPOO_02443

DiscRep_SUB:FEATURE_LOCATION_CONFLICT::Coding region xref gene does not exist
prokka_output/45709_F01_Reference/45709_F01_Reference:CDS	hypothetical protein	NZ_LS483405.1:c2422415-2421558	JECDCPOO_02444

DiscRep_SUB:FEATURE_LOCATION_CONFLICT::Coding region xref gene does not exist
prokka_output/45709_F01_Reference/45709_F01_Reference:CDS	hypothetical protein	NZ_LS483405.1:2422691-2423362	JECDCPOO_02445

DiscRep_SUB:FEATURE_LOCATION_CONFLICT::Coding region xref gene does not exist
prokka_output/45709_F01_Reference/45709_F01_Reference:CDS	HTH-type transcriptional regulator CueR	NZ_LS483405.1:c2423776-2423405	JECDCPOO_02446

DiscRep_SUB:FEATURE_LOCATION_CONFLICT::Coding region xref gene does not exist
prokka_output/45709_F01_Reference/45709_F01_Reference:CDS	hypothetical protein	NZ_LS483405.1:c2424439-2423789	JECDCPOO_02447

DiscRep_SUB:FEATURE_LOCATION_CONFLICT::Coding region xref gene does not exist
prokka_output/45709_F01_Reference/45709_F01_Reference:CDS	hypothetical protein	NZ_LS483405.1:2424534-2425535	JECDCPOO_02448

DiscRep_SUB:FEATURE_LOCATION_CONFLICT::Coding region xref gene does not exist
prokka_output/45709_F01_Reference/45709_F01_Reference:CDS	Beta-galactosidase small subunit	NZ_LS483405.1:c2426577-2425612	JECDCPOO_02449

DiscRep_SUB:FEATURE_LOCATION_CONFLICT::Coding region xref gene does not exist
prokka_output/45709_F01_Reference/45709_F01_Reference:CDS	Beta-galactosidase large subunit	NZ_LS483405.1:c2428447-2426561	JECDCPOO_02450

DiscRep_SUB:FEATURE_LOCATION_CONFLICT::Coding region xref gene does not exist
prokka_output/45709_F01_Reference/45709_F01_Reference:CDS	Putative HTH-type transcriptional regulator YwnA	NZ_LS483405.1:c2429080-2428646	JECDCPOO_02451

DiscRep_SUB:FEATURE_LOCATION_CONFLICT::Coding region xref gene does not exist
prokka_output/45709_F01_Reference/45709_F01_Reference:CDS	Quinone oxidoreductase 2	NZ_LS483405.1:c2429974-2429117	JECDCPOO_02452

DiscRep_SUB:FEATURE_LOCATION_CONFLICT::Coding region xref gene does not exist
prokka_output/45709_F01_Reference/45709_F01_Reference:CDS	hypothetical protein	NZ_LS483405.1:c2432489-2430231	JECDCPOO_02453

DiscRep_SUB:FEATURE_LOCATION_CONFLICT::Coding region xref gene does not exist
prokka_output/45709_F01_Reference/45709_F01_Reference:CDS	HTH-type transcriptional activator RhaR	NZ_LS483405.1:c2433377-2432616	JECDCPOO_02454

DiscRep_SUB:FEATURE_LOCATION_CONFLICT::Coding region xref gene does not exist
prokka_output/45709_F01_Reference/45709_F01_Reference:CDS	hypothetical protein	NZ_LS483405.1:2433792-2434697	JECDCPOO_02455

DiscRep_SUB:FEATURE_LOCATION_CONFLICT::Coding region xref gene does not exist
prokka_output/45709_F01_Reference/45709_F01_Reference:CDS	ATP-dependent helicase/nuclease subunit A	NZ_LS483405.1:c2438577-2434789	JECDCPOO_02456

DiscRep_SUB:FEATURE_LOCATION_CONFLICT::Coding region xref gene does not exist
prokka_output/45709_F01_Reference/45709_F01_Reference:CDS	ATP-dependent helicase/deoxyribonuclease subunit B	NZ_LS483405.1:c2442166-2438561	JECDCPOO_02457

DiscRep_SUB:FEATURE_LOCATION_CONFLICT::Coding region xref gene does not exist
prokka_output/45709_F01_Reference/45709_F01_Reference:CDS	putative succinyl-diaminopimelate desuccinylase	NZ_LS483405.1:2442461-2443603	JECDCPOO_02458

DiscRep_SUB:FEATURE_LOCATION_CONFLICT::Coding region xref gene does not exist
prokka_output/45709_F01_Reference/45709_F01_Reference:CDS	Peptidoglycan-N-acetylglucosamine deacetylase PgdA	NZ_LS483405.1:c2444719-2443706	JECDCPOO_02459

DiscRep_SUB:FEATURE_LOCATION_CONFLICT::Coding region xref gene does not exist
prokka_output/45709_F01_Reference/45709_F01_Reference:CDS	hypothetical protein	NZ_LS483405.1:c2445225-2444851	JECDCPOO_02460

DiscRep_SUB:FEATURE_LOCATION_CONFLICT::Coding region xref gene does not exist
prokka_output/45709_F01_Reference/45709_F01_Reference:CDS	hypothetical protein	NZ_LS483405.1:c2445892-2445293	JECDCPOO_02461

DiscRep_SUB:FEATURE_LOCATION_CONFLICT::Coding region xref gene does not exist
prokka_output/45709_F01_Reference/45709_F01_Reference:CDS	Aldo-keto reductase IolS	NZ_LS483405.1:2446034-2447017	JECDCPOO_02462

DiscRep_SUB:FEATURE_LOCATION_CONFLICT::Coding region xref gene does not exist
prokka_output/45709_F01_Reference/45709_F01_Reference:CDS	Guanine/hypoxanthine permease PbuG	NZ_LS483405.1:2447298-2448608	JECDCPOO_02463

DiscRep_SUB:FEATURE_LOCATION_CONFLICT::Coding region xref gene does not exist
prokka_output/45709_F01_Reference/45709_F01_Reference:CDS	hypothetical protein	NZ_LS483405.1:c2449467-2448937	JECDCPOO_02464

DiscRep_SUB:FEATURE_LOCATION_CONFLICT::Coding region xref gene does not exist
prokka_output/45709_F01_Reference/45709_F01_Reference:CDS	Daunorubicin resistance ATP-binding protein DrrA1	NZ_LS483405.1:2449613-2450587	JECDCPOO_02465

DiscRep_SUB:FEATURE_LOCATION_CONFLICT::Coding region xref gene does not exist
prokka_output/45709_F01_Reference/45709_F01_Reference:CDS	Daunorubicin resistance ABC transporter permease protein DrrB1	NZ_LS483405.1:2450562-2451338	JECDCPOO_02466

DiscRep_SUB:FEATURE_LOCATION_CONFLICT::Coding region xref gene does not exist
prokka_output/45709_F01_Reference/45709_F01_Reference:CDS	1,4-dihydroxy-2-naphthoate octaprenyltransferase	NZ_LS483405.1:c2452410-2451496	JECDCPOO_02467

DiscRep_SUB:FEATURE_LOCATION_CONFLICT::Coding region xref gene does not exist
prokka_output/45709_F01_Reference/45709_F01_Reference:CDS	hypothetical protein	NZ_LS483405.1:c2455628-2452512	JECDCPOO_02468

DiscRep_SUB:FEATURE_LOCATION_CONFLICT::Coding region xref gene does not exist
prokka_output/45709_F01_Reference/45709_F01_Reference:CDS	Queuosine precursor transporter QueT	NZ_LS483405.1:2455889-2456410	JECDCPOO_02469

DiscRep_SUB:FEATURE_LOCATION_CONFLICT::Coding region xref gene does not exist
prokka_output/45709_F01_Reference/45709_F01_Reference:CDS	hypothetical protein	NZ_LS483405.1:2456983-2457609	JECDCPOO_02470

DiscRep_SUB:FEATURE_LOCATION_CONFLICT::Coding region xref gene does not exist
prokka_output/45709_F01_Reference/45709_F01_Reference:CDS	hypothetical protein	NZ_LS483405.1:c2458904-2458254	JECDCPOO_02471

DiscRep_SUB:FEATURE_LOCATION_CONFLICT::Coding region xref gene does not exist
prokka_output/45709_F01_Reference/45709_F01_Reference:CDS	hypothetical protein	NZ_LS483405.1:c2460881-2459061	JECDCPOO_02472

DiscRep_SUB:FEATURE_LOCATION_CONFLICT::Coding region xref gene does not exist
prokka_output/45709_F01_Reference/45709_F01_Reference:CDS	Beta-xylosidase	NZ_LS483405.1:c2463240-2461618	JECDCPOO_02473

DiscRep_SUB:FEATURE_LOCATION_CONFLICT::Coding region xref gene does not exist
prokka_output/45709_F01_Reference/45709_F01_Reference:CDS	Isoprimeverose transporter	NZ_LS483405.1:c2464735-2463260	JECDCPOO_02474

DiscRep_SUB:FEATURE_LOCATION_CONFLICT::Coding region xref gene does not exist
prokka_output/45709_F01_Reference/45709_F01_Reference:CDS	HTH-type transcriptional activator RhaR	NZ_LS483405.1:c2465882-2464977	JECDCPOO_02475

DiscRep_SUB:FEATURE_LOCATION_CONFLICT::Coding region xref gene does not exist
prokka_output/45709_F01_Reference/45709_F01_Reference:CDS	Major cardiolipin synthase ClsA	NZ_LS483405.1:c2467485-2466028	JECDCPOO_02476

DiscRep_SUB:FEATURE_LOCATION_CONFLICT::Coding region xref gene does not exist
prokka_output/45709_F01_Reference/45709_F01_Reference:CDS	hypothetical protein	NZ_LS483405.1:2467601-2467756	JECDCPOO_02477

DiscRep_SUB:FEATURE_LOCATION_CONFLICT::Coding region xref gene does not exist
prokka_output/45709_F01_Reference/45709_F01_Reference:CDS	hypothetical protein	NZ_LS483405.1:c2468649-2467822	JECDCPOO_02478

DiscRep_SUB:FEATURE_LOCATION_CONFLICT::Coding region xref gene does not exist
prokka_output/45709_F01_Reference/45709_F01_Reference:CDS	hypothetical protein	NZ_LS483405.1:2468891-2469430	JECDCPOO_02479

DiscRep_SUB:FEATURE_LOCATION_CONFLICT::Coding region xref gene does not exist
prokka_output/45709_F01_Reference/45709_F01_Reference:CDS	hypothetical protein	NZ_LS483405.1:2469651-2470025	JECDCPOO_02480

DiscRep_SUB:FEATURE_LOCATION_CONFLICT::Coding region xref gene does not exist
prokka_output/45709_F01_Reference/45709_F01_Reference:CDS	hypothetical protein	NZ_LS483405.1:2470627-2470998	JECDCPOO_02481

DiscRep_SUB:FEATURE_LOCATION_CONFLICT::Coding region xref gene does not exist
prokka_output/45709_F01_Reference/45709_F01_Reference:CDS	hypothetical protein	NZ_LS483405.1:c2473183-2471186	JECDCPOO_02482

DiscRep_SUB:FEATURE_LOCATION_CONFLICT::Coding region xref gene does not exist
prokka_output/45709_F01_Reference/45709_F01_Reference:CDS	hypothetical protein	NZ_LS483405.1:c2474603-2473419	JECDCPOO_02483

DiscRep_SUB:FEATURE_LOCATION_CONFLICT::Coding region xref gene does not exist
prokka_output/45709_F01_Reference/45709_F01_Reference:CDS	hypothetical protein	NZ_LS483405.1:2474799-2475104	JECDCPOO_02484

DiscRep_SUB:FEATURE_LOCATION_CONFLICT::Coding region xref gene does not exist
prokka_output/45709_F01_Reference/45709_F01_Reference:CDS	putative phosphatase IndB	NZ_LS483405.1:c2476297-2475653	JECDCPOO_02485

DiscRep_SUB:FEATURE_LOCATION_CONFLICT::Coding region xref gene does not exist
prokka_output/45709_F01_Reference/45709_F01_Reference:CDS	Aminopeptidase E	NZ_LS483405.1:c2477841-2476510	JECDCPOO_02486

DiscRep_SUB:FEATURE_LOCATION_CONFLICT::Coding region xref gene does not exist
prokka_output/45709_F01_Reference/45709_F01_Reference:CDS	hypothetical protein	NZ_LS483405.1:c2478508-2478044	JECDCPOO_02487

DiscRep_SUB:FEATURE_LOCATION_CONFLICT::Coding region xref gene does not exist
prokka_output/45709_F01_Reference/45709_F01_Reference:CDS	Signal peptidase IB	NZ_LS483405.1:c2479252-2478665	JECDCPOO_02488

DiscRep_SUB:FEATURE_LOCATION_CONFLICT::Coding region xref gene does not exist
prokka_output/45709_F01_Reference/45709_F01_Reference:CDS	Bicyclomycin resistance protein	NZ_LS483405.1:2479496-2480752	JECDCPOO_02489

DiscRep_SUB:FEATURE_LOCATION_CONFLICT::Coding region xref gene does not exist
prokka_output/45709_F01_Reference/45709_F01_Reference:CDS	hypothetical protein	NZ_LS483405.1:c2482041-2480833	JECDCPOO_02490

DiscRep_SUB:FEATURE_LOCATION_CONFLICT::Coding region xref gene does not exist
prokka_output/45709_F01_Reference/45709_F01_Reference:CDS	hypothetical protein	NZ_LS483405.1:2482219-2482743	JECDCPOO_02491

DiscRep_SUB:FEATURE_LOCATION_CONFLICT::Coding region xref gene does not exist
prokka_output/45709_F01_Reference/45709_F01_Reference:CDS	hypothetical protein	NZ_LS483405.1:c2483400-2482867	JECDCPOO_02492

DiscRep_SUB:FEATURE_LOCATION_CONFLICT::Coding region xref gene does not exist
prokka_output/45709_F01_Reference/45709_F01_Reference:CDS	hypothetical protein	NZ_LS483405.1:2483521-2484168	JECDCPOO_02493

DiscRep_SUB:FEATURE_LOCATION_CONFLICT::Coding region xref gene does not exist
prokka_output/45709_F01_Reference/45709_F01_Reference:CDS	Branched-chain amino acid permease BrnQ	NZ_LS483405.1:2484251-2485600	JECDCPOO_02494

DiscRep_SUB:FEATURE_LOCATION_CONFLICT::Coding region xref gene does not exist
prokka_output/45709_F01_Reference/45709_F01_Reference:CDS	hypothetical protein	NZ_LS483405.1:2485687-2485950	JECDCPOO_02495

DiscRep_SUB:FEATURE_LOCATION_CONFLICT::Coding region xref gene does not exist
prokka_output/45709_F01_Reference/45709_F01_Reference:CDS	Pyrimidine 5'-nucleotidase PynA	NZ_LS483405.1:2486040-2486723	JECDCPOO_02496

DiscRep_SUB:FEATURE_LOCATION_CONFLICT::Coding region xref gene does not exist
prokka_output/45709_F01_Reference/45709_F01_Reference:CDS	hypothetical protein	NZ_LS483405.1:c2486956-2486720	JECDCPOO_02497

DiscRep_SUB:FEATURE_LOCATION_CONFLICT::Coding region xref gene does not exist
prokka_output/45709_F01_Reference/45709_F01_Reference:CDS	hypothetical protein	NZ_LS483405.1:c2487414-2487025	JECDCPOO_02498

DiscRep_SUB:FEATURE_LOCATION_CONFLICT::Coding region xref gene does not exist
prokka_output/45709_F01_Reference/45709_F01_Reference:CDS	tRNA uridine 5-carboxymethylaminomethyl modification enzyme MnmG	NZ_LS483405.1:c2489724-2487814	JECDCPOO_02499

DiscRep_SUB:FEATURE_LOCATION_CONFLICT::Coding region xref gene does not exist
prokka_output/45709_F01_Reference/45709_F01_Reference:CDS	tRNA modification GTPase MnmE	NZ_LS483405.1:c2491195-2489801	JECDCPOO_02500

DiscRep_SUB:FEATURE_LOCATION_CONFLICT::Coding region xref gene does not exist
prokka_output/45709_F01_Reference/45709_F01_Reference:CDS	RNA-binding protein KhpB	NZ_LS483405.1:c2492174-2491407	JECDCPOO_02501

DiscRep_SUB:FEATURE_LOCATION_CONFLICT::Coding region xref gene does not exist
prokka_output/45709_F01_Reference/45709_F01_Reference:CDS	Membrane protein insertase YidC 2	NZ_LS483405.1:c2493194-2492361	JECDCPOO_02502

DiscRep_SUB:FEATURE_LOCATION_CONFLICT::Coding region xref gene does not exist
prokka_output/45709_F01_Reference/45709_F01_Reference:CDS	Ribonuclease P protein component	NZ_LS483405.1:c2493553-2493197	JECDCPOO_02503

DiscRep_SUB:FEATURE_LOCATION_CONFLICT::Coding region xref gene does not exist
prokka_output/45709_F01_Reference/45709_F01_Reference:CDS	Large ribosomal subunit protein bL34	NZ_LS483405.1:c2493790-2493656	JECDCPOO_02504

DiscRep_SUB:FEATURE_LOCATION_CONFLICT::RNA feature xref gene does not exist
prokka_output/45709_F01_Reference/45709_F01_Reference:tRNA	Lys	NZ_LS483405.1:c41259-41185	JECDCPOO_00034

DiscRep_SUB:FEATURE_LOCATION_CONFLICT::RNA feature xref gene does not exist
prokka_output/45709_F01_Reference/45709_F01_Reference:tRNA	Lys	NZ_LS483405.1:c41558-41483	JECDCPOO_00035

DiscRep_SUB:FEATURE_LOCATION_CONFLICT::RNA feature xref gene does not exist
prokka_output/45709_F01_Reference/45709_F01_Reference:tRNA	Glu	NZ_LS483405.1:94134-94209	JECDCPOO_00085

DiscRep_SUB:FEATURE_LOCATION_CONFLICT::RNA feature xref gene does not exist
prokka_output/45709_F01_Reference/45709_F01_Reference:tRNA	Gln	NZ_LS483405.1:94217-94288	JECDCPOO_00086

DiscRep_SUB:FEATURE_LOCATION_CONFLICT::RNA feature xref gene does not exist
prokka_output/45709_F01_Reference/45709_F01_Reference:rRNA	16S ribosomal RNA	NZ_LS483405.1:103793-105358	JECDCPOO_00095

DiscRep_SUB:FEATURE_LOCATION_CONFLICT::RNA feature xref gene does not exist
prokka_output/45709_F01_Reference/45709_F01_Reference:rRNA	23S ribosomal RNA	NZ_LS483405.1:105575-108493	JECDCPOO_00096

DiscRep_SUB:FEATURE_LOCATION_CONFLICT::RNA feature xref gene does not exist
prokka_output/45709_F01_Reference/45709_F01_Reference:rRNA	5S ribosomal RNA	NZ_LS483405.1:108563-108679	JECDCPOO_00097

DiscRep_SUB:FEATURE_LOCATION_CONFLICT::RNA feature xref gene does not exist
prokka_output/45709_F01_Reference/45709_F01_Reference:rRNA	16S ribosomal RNA	NZ_LS483405.1:503195-504760	JECDCPOO_00461

DiscRep_SUB:FEATURE_LOCATION_CONFLICT::RNA feature xref gene does not exist
prokka_output/45709_F01_Reference/45709_F01_Reference:rRNA	23S ribosomal RNA	NZ_LS483405.1:504977-507895	JECDCPOO_00462

DiscRep_SUB:FEATURE_LOCATION_CONFLICT::RNA feature xref gene does not exist
prokka_output/45709_F01_Reference/45709_F01_Reference:rRNA	5S ribosomal RNA	NZ_LS483405.1:507965-508081	JECDCPOO_00463

DiscRep_SUB:FEATURE_LOCATION_CONFLICT::RNA feature xref gene does not exist
prokka_output/45709_F01_Reference/45709_F01_Reference:tRNA	Thr	NZ_LS483405.1:508156-508228	JECDCPOO_00464

DiscRep_SUB:FEATURE_LOCATION_CONFLICT::RNA feature xref gene does not exist
prokka_output/45709_F01_Reference/45709_F01_Reference:rRNA	16S ribosomal RNA	NZ_LS483405.1:626333-627898	JECDCPOO_00572

DiscRep_SUB:FEATURE_LOCATION_CONFLICT::RNA feature xref gene does not exist
prokka_output/45709_F01_Reference/45709_F01_Reference:tRNA	Ile	NZ_LS483405.1:627979-628055	JECDCPOO_00573

DiscRep_SUB:FEATURE_LOCATION_CONFLICT::RNA feature xref gene does not exist
prokka_output/45709_F01_Reference/45709_F01_Reference:tRNA	Ala	NZ_LS483405.1:628076-628150	JECDCPOO_00574

DiscRep_SUB:FEATURE_LOCATION_CONFLICT::RNA feature xref gene does not exist
prokka_output/45709_F01_Reference/45709_F01_Reference:rRNA	23S ribosomal RNA	NZ_LS483405.1:628317-631235	JECDCPOO_00575

DiscRep_SUB:FEATURE_LOCATION_CONFLICT::RNA feature xref gene does not exist
prokka_output/45709_F01_Reference/45709_F01_Reference:rRNA	5S ribosomal RNA	NZ_LS483405.1:631305-631421	JECDCPOO_00576

DiscRep_SUB:FEATURE_LOCATION_CONFLICT::RNA feature xref gene does not exist
prokka_output/45709_F01_Reference/45709_F01_Reference:tRNA	Asn	NZ_LS483405.1:631427-631502	JECDCPOO_00577

DiscRep_SUB:FEATURE_LOCATION_CONFLICT::RNA feature xref gene does not exist
prokka_output/45709_F01_Reference/45709_F01_Reference:tRNA	Thr	NZ_LS483405.1:631531-631606	JECDCPOO_00578

DiscRep_SUB:FEATURE_LOCATION_CONFLICT::RNA feature xref gene does not exist
prokka_output/45709_F01_Reference/45709_F01_Reference:tRNA	Tyr	NZ_LS483405.1:634951-635035	JECDCPOO_00582

DiscRep_SUB:FEATURE_LOCATION_CONFLICT::RNA feature xref gene does not exist
prokka_output/45709_F01_Reference/45709_F01_Reference:tRNA	Gln	NZ_LS483405.1:635044-635116	JECDCPOO_00583

DiscRep_SUB:FEATURE_LOCATION_CONFLICT::RNA feature xref gene does not exist
prokka_output/45709_F01_Reference/45709_F01_Reference:tRNA	Leu	NZ_LS483405.1:646223-646310	JECDCPOO_00595

DiscRep_SUB:FEATURE_LOCATION_CONFLICT::RNA feature xref gene does not exist
prokka_output/45709_F01_Reference/45709_F01_Reference:tRNA	Arg	NZ_LS483405.1:750286-750360	JECDCPOO_00702

DiscRep_SUB:FEATURE_LOCATION_CONFLICT::RNA feature xref gene does not exist
prokka_output/45709_F01_Reference/45709_F01_Reference:tRNA	Arg	NZ_LS483405.1:751161-751235	JECDCPOO_00704

DiscRep_SUB:FEATURE_LOCATION_CONFLICT::RNA feature xref gene does not exist
prokka_output/45709_F01_Reference/45709_F01_Reference:tmRNA	transfer-messenger RNA, SsrA	NZ_LS483405.1:c819020-818652	JECDCPOO_00772

DiscRep_SUB:FEATURE_LOCATION_CONFLICT::RNA feature xref gene does not exist
prokka_output/45709_F01_Reference/45709_F01_Reference:tRNA	Glu	NZ_LS483405.1:c830337-830262	JECDCPOO_00781

DiscRep_SUB:FEATURE_LOCATION_CONFLICT::RNA feature xref gene does not exist
prokka_output/45709_F01_Reference/45709_F01_Reference:tRNA	Gln	NZ_LS483405.1:830515-830589	JECDCPOO_00782

DiscRep_SUB:FEATURE_LOCATION_CONFLICT::RNA feature xref gene does not exist
prokka_output/45709_F01_Reference/45709_F01_Reference:rRNA	16S ribosomal RNA	NZ_LS483405.1:964462-966027	JECDCPOO_00920

DiscRep_SUB:FEATURE_LOCATION_CONFLICT::RNA feature xref gene does not exist
prokka_output/45709_F01_Reference/45709_F01_Reference:rRNA	23S ribosomal RNA	NZ_LS483405.1:966244-969162	JECDCPOO_00921

DiscRep_SUB:FEATURE_LOCATION_CONFLICT::RNA feature xref gene does not exist
prokka_output/45709_F01_Reference/45709_F01_Reference:rRNA	5S ribosomal RNA	NZ_LS483405.1:969232-969348	JECDCPOO_00922

DiscRep_SUB:FEATURE_LOCATION_CONFLICT::RNA feature xref gene does not exist
prokka_output/45709_F01_Reference/45709_F01_Reference:tRNA	Val	NZ_LS483405.1:969355-969429	JECDCPOO_00923

DiscRep_SUB:FEATURE_LOCATION_CONFLICT::RNA feature xref gene does not exist
prokka_output/45709_F01_Reference/45709_F01_Reference:tRNA	Lys	NZ_LS483405.1:969431-969505	JECDCPOO_00924

DiscRep_SUB:FEATURE_LOCATION_CONFLICT::RNA feature xref gene does not exist
prokka_output/45709_F01_Reference/45709_F01_Reference:tRNA	Thr	NZ_LS483405.1:969553-969627	JECDCPOO_00925

DiscRep_SUB:FEATURE_LOCATION_CONFLICT::RNA feature xref gene does not exist
prokka_output/45709_F01_Reference/45709_F01_Reference:tRNA	Gly	NZ_LS483405.1:969632-969703	JECDCPOO_00926

DiscRep_SUB:FEATURE_LOCATION_CONFLICT::RNA feature xref gene does not exist
prokka_output/45709_F01_Reference/45709_F01_Reference:tRNA	Arg	NZ_LS483405.1:969735-969810	JECDCPOO_00927

DiscRep_SUB:FEATURE_LOCATION_CONFLICT::RNA feature xref gene does not exist
prokka_output/45709_F01_Reference/45709_F01_Reference:tRNA	Pro	NZ_LS483405.1:969816-969889	JECDCPOO_00928

DiscRep_SUB:FEATURE_LOCATION_CONFLICT::RNA feature xref gene does not exist
prokka_output/45709_F01_Reference/45709_F01_Reference:tRNA	Met	NZ_LS483405.1:969915-969990	JECDCPOO_00929

DiscRep_SUB:FEATURE_LOCATION_CONFLICT::RNA feature xref gene does not exist
prokka_output/45709_F01_Reference/45709_F01_Reference:tRNA	Met	NZ_LS483405.1:970003-970078	JECDCPOO_00930

DiscRep_SUB:FEATURE_LOCATION_CONFLICT::RNA feature xref gene does not exist
prokka_output/45709_F01_Reference/45709_F01_Reference:tRNA	Ser	NZ_LS483405.1:970111-970200	JECDCPOO_00931

DiscRep_SUB:FEATURE_LOCATION_CONFLICT::RNA feature xref gene does not exist
prokka_output/45709_F01_Reference/45709_F01_Reference:tRNA	Met	NZ_LS483405.1:970210-970285	JECDCPOO_00932

DiscRep_SUB:FEATURE_LOCATION_CONFLICT::RNA feature xref gene does not exist
prokka_output/45709_F01_Reference/45709_F01_Reference:tRNA	Asp	NZ_LS483405.1:970289-970365	JECDCPOO_00933

DiscRep_SUB:FEATURE_LOCATION_CONFLICT::RNA feature xref gene does not exist
prokka_output/45709_F01_Reference/45709_F01_Reference:tRNA	Phe	NZ_LS483405.1:970416-970490	JECDCPOO_00934

DiscRep_SUB:FEATURE_LOCATION_CONFLICT::RNA feature xref gene does not exist
prokka_output/45709_F01_Reference/45709_F01_Reference:tRNA	Gly	NZ_LS483405.1:970505-970575	JECDCPOO_00935

DiscRep_SUB:FEATURE_LOCATION_CONFLICT::RNA feature xref gene does not exist
prokka_output/45709_F01_Reference/45709_F01_Reference:tRNA	Ile	NZ_LS483405.1:970581-970657	JECDCPOO_00936

DiscRep_SUB:FEATURE_LOCATION_CONFLICT::RNA feature xref gene does not exist
prokka_output/45709_F01_Reference/45709_F01_Reference:tRNA	Ser	NZ_LS483405.1:970660-970749	JECDCPOO_00937

DiscRep_SUB:FEATURE_LOCATION_CONFLICT::RNA feature xref gene does not exist
prokka_output/45709_F01_Reference/45709_F01_Reference:tRNA	Glu	NZ_LS483405.1:970755-970829	JECDCPOO_00938

DiscRep_SUB:FEATURE_LOCATION_CONFLICT::RNA feature xref gene does not exist
prokka_output/45709_F01_Reference/45709_F01_Reference:tRNA	Met	NZ_LS483405.1:970848-970923	JECDCPOO_00939

DiscRep_SUB:FEATURE_LOCATION_CONFLICT::RNA feature xref gene does not exist
prokka_output/45709_F01_Reference/45709_F01_Reference:tRNA	Asp	NZ_LS483405.1:970927-971004	JECDCPOO_00940

DiscRep_SUB:FEATURE_LOCATION_CONFLICT::RNA feature xref gene does not exist
prokka_output/45709_F01_Reference/45709_F01_Reference:tRNA	Ser	NZ_LS483405.1:c1400841-1400754	JECDCPOO_01382

DiscRep_SUB:FEATURE_LOCATION_CONFLICT::RNA feature xref gene does not exist
prokka_output/45709_F01_Reference/45709_F01_Reference:tRNA	Gly	NZ_LS483405.1:c1526550-1526480	JECDCPOO_01505

DiscRep_SUB:FEATURE_LOCATION_CONFLICT::RNA feature xref gene does not exist
prokka_output/45709_F01_Reference/45709_F01_Reference:tRNA	Leu	NZ_LS483405.1:c1553319-1553234	JECDCPOO_01527

DiscRep_SUB:FEATURE_LOCATION_CONFLICT::RNA feature xref gene does not exist
prokka_output/45709_F01_Reference/45709_F01_Reference:tRNA	Met	NZ_LS483405.1:c1608494-1608419	JECDCPOO_01598

DiscRep_SUB:FEATURE_LOCATION_CONFLICT::RNA feature xref gene does not exist
prokka_output/45709_F01_Reference/45709_F01_Reference:tRNA	Met	NZ_LS483405.1:1621517-1621592	JECDCPOO_01632

DiscRep_SUB:FEATURE_LOCATION_CONFLICT::RNA feature xref gene does not exist
prokka_output/45709_F01_Reference/45709_F01_Reference:tRNA	Leu	NZ_LS483405.1:c1624341-1624255	JECDCPOO_01637

DiscRep_SUB:FEATURE_LOCATION_CONFLICT::RNA feature xref gene does not exist
prokka_output/45709_F01_Reference/45709_F01_Reference:tRNA	Cys	NZ_LS483405.1:c1624448-1624378	JECDCPOO_01638

DiscRep_SUB:FEATURE_LOCATION_CONFLICT::RNA feature xref gene does not exist
prokka_output/45709_F01_Reference/45709_F01_Reference:tRNA	His	NZ_LS483405.1:c1624578-1624505	JECDCPOO_01639

DiscRep_SUB:FEATURE_LOCATION_CONFLICT::RNA feature xref gene does not exist
prokka_output/45709_F01_Reference/45709_F01_Reference:tRNA	Trp	NZ_LS483405.1:c1624663-1624591	JECDCPOO_01640

DiscRep_SUB:FEATURE_LOCATION_CONFLICT::RNA feature xref gene does not exist
prokka_output/45709_F01_Reference/45709_F01_Reference:tRNA	Tyr	NZ_LS483405.1:c1624750-1624665	JECDCPOO_01641

DiscRep_SUB:FEATURE_LOCATION_CONFLICT::RNA feature xref gene does not exist
prokka_output/45709_F01_Reference/45709_F01_Reference:tRNA	Phe	NZ_LS483405.1:c1624827-1624753	JECDCPOO_01642

DiscRep_SUB:FEATURE_LOCATION_CONFLICT::RNA feature xref gene does not exist
prokka_output/45709_F01_Reference/45709_F01_Reference:tRNA	Asp	NZ_LS483405.1:c1624949-1624873	JECDCPOO_01643

DiscRep_SUB:FEATURE_LOCATION_CONFLICT::RNA feature xref gene does not exist
prokka_output/45709_F01_Reference/45709_F01_Reference:tRNA	Val	NZ_LS483405.1:c1625041-1624967	JECDCPOO_01644

DiscRep_SUB:FEATURE_LOCATION_CONFLICT::RNA feature xref gene does not exist
prokka_output/45709_F01_Reference/45709_F01_Reference:tRNA	Glu	NZ_LS483405.1:c1625118-1625044	JECDCPOO_01645

DiscRep_SUB:FEATURE_LOCATION_CONFLICT::RNA feature xref gene does not exist
prokka_output/45709_F01_Reference/45709_F01_Reference:tRNA	Ser	NZ_LS483405.1:c1625222-1625130	JECDCPOO_01646

DiscRep_SUB:FEATURE_LOCATION_CONFLICT::RNA feature xref gene does not exist
prokka_output/45709_F01_Reference/45709_F01_Reference:tRNA	Asn	NZ_LS483405.1:c1625303-1625230	JECDCPOO_01647

DiscRep_SUB:FEATURE_LOCATION_CONFLICT::RNA feature xref gene does not exist
prokka_output/45709_F01_Reference/45709_F01_Reference:rRNA	5S ribosomal RNA	NZ_LS483405.1:c1625426-1625310	JECDCPOO_01648

DiscRep_SUB:FEATURE_LOCATION_CONFLICT::RNA feature xref gene does not exist
prokka_output/45709_F01_Reference/45709_F01_Reference:rRNA	23S ribosomal RNA	NZ_LS483405.1:c1628414-1625496	JECDCPOO_01649

DiscRep_SUB:FEATURE_LOCATION_CONFLICT::RNA feature xref gene does not exist
prokka_output/45709_F01_Reference/45709_F01_Reference:tRNA	Ala	NZ_LS483405.1:c1628655-1628581	JECDCPOO_01650

DiscRep_SUB:FEATURE_LOCATION_CONFLICT::RNA feature xref gene does not exist
prokka_output/45709_F01_Reference/45709_F01_Reference:tRNA	Ile	NZ_LS483405.1:c1628752-1628676	JECDCPOO_01651

DiscRep_SUB:FEATURE_LOCATION_CONFLICT::RNA feature xref gene does not exist
prokka_output/45709_F01_Reference/45709_F01_Reference:rRNA	16S ribosomal RNA	NZ_LS483405.1:c1630398-1628833	JECDCPOO_01652

DiscRep_SUB:FEATURE_LOCATION_CONFLICT::RNA feature xref gene does not exist
prokka_output/45709_F01_Reference/45709_F01_Reference:tRNA	Arg	NZ_LS483405.1:c1668834-1668760	JECDCPOO_01685

DiscRep_SUB:FEATURE_LOCATION_CONFLICT::RNA feature xref gene does not exist
prokka_output/45709_F01_Reference/45709_F01_Reference:tRNA	Pro	NZ_LS483405.1:c1795383-1795308	JECDCPOO_01815

DiscRep_SUB:FEATURE_LOCATION_CONFLICT::RNA feature xref gene does not exist
prokka_output/45709_F01_Reference/45709_F01_Reference:tRNA	Pro	NZ_LS483405.1:c1795485-1795410	JECDCPOO_01816

DiscRep_SUB:FEATURE_LOCATION_CONFLICT::RNA feature xref gene does not exist
prokka_output/45709_F01_Reference/45709_F01_Reference:tRNA	Arg	NZ_LS483405.1:c1795593-1795518	JECDCPOO_01817

DiscRep_SUB:FEATURE_LOCATION_CONFLICT::RNA feature xref gene does not exist
prokka_output/45709_F01_Reference/45709_F01_Reference:tRNA	Leu	NZ_LS483405.1:c1795699-1795612	JECDCPOO_01818

DiscRep_SUB:FEATURE_LOCATION_CONFLICT::RNA feature xref gene does not exist
prokka_output/45709_F01_Reference/45709_F01_Reference:tRNA	Gly	NZ_LS483405.1:c1795780-1795709	JECDCPOO_01819

DiscRep_SUB:FEATURE_LOCATION_CONFLICT::RNA feature xref gene does not exist
prokka_output/45709_F01_Reference/45709_F01_Reference:tRNA	Thr	NZ_LS483405.1:c1795880-1795806	JECDCPOO_01820

DiscRep_SUB:FEATURE_LOCATION_CONFLICT::RNA feature xref gene does not exist
prokka_output/45709_F01_Reference/45709_F01_Reference:tRNA	Leu	NZ_LS483405.1:c1795999-1795916	JECDCPOO_01821

DiscRep_SUB:FEATURE_LOCATION_CONFLICT::RNA feature xref gene does not exist
prokka_output/45709_F01_Reference/45709_F01_Reference:tRNA	Val	NZ_LS483405.1:c1796109-1796034	JECDCPOO_01822

DiscRep_SUB:FEATURE_LOCATION_CONFLICT::RNA feature xref gene does not exist
prokka_output/45709_F01_Reference/45709_F01_Reference:tRNA	Ala	NZ_LS483405.1:1938337-1938411	JECDCPOO_01960

DiscRep_SUB:FEATURE_LOCATION_CONFLICT::RNA feature xref gene does not exist
prokka_output/45709_F01_Reference/45709_F01_Reference:tRNA	Arg	NZ_LS483405.1:c2028405-2028332	JECDCPOO_02054

DiscRep_SUB:FEATURE_LOCATION_CONFLICT::RNA feature xref gene does not exist
prokka_output/45709_F01_Reference/45709_F01_Reference:tRNA	Arg	NZ_LS483405.1:c2258395-2258324	JECDCPOO_02280

DiscRep_SUB:FEATURE_LOCATION_CONFLICT::RNA feature xref gene does not exist
prokka_output/45709_F01_Reference/45709_F01_Reference:tRNA	Gln	NZ_LS483405.1:c2287391-2287318	JECDCPOO_02308

DiscRep_ALL:OVERLAPPING_CDS::2 coding regions overlap another coding region with a similar or identical name.
DiscRep_SUB:OVERLAPPING_CDS::2 coding regions overlap another coding region with a similar or identical name that do not have the appropriate note text
prokka_output/45709_F01_Reference/45709_F01_Reference:CDS	GTP pyrophosphokinase	NZ_LS483405.1:c1342316-1341399	JECDCPOO_01320
prokka_output/45709_F01_Reference/45709_F01_Reference:CDS	GTP pyrophosphokinase	NZ_LS483405.1:c1343632-1342313	JECDCPOO_01321

DiscRep_ALL:SUSPECT_PRODUCT_NAMES::9 product_names contain suspect phrase or characters
DiscRep_SUB:SUSPECT_PRODUCT_NAMES::Putative Typo
DiscRep_SUB:SUSPECT_PRODUCT_NAMES::1 features May contain plural
prokka_output/45709_F01_Reference/45709_F01_Reference:CDS	Kumamolisin-As	NZ_LS483405.1:277971-279812	JECDCPOO_00254

DiscRep_SUB:SUSPECT_PRODUCT_NAMES::May contain database identifier more appropriate in note; remove from product name
DiscRep_SUB:SUSPECT_PRODUCT_NAMES::3 features contains three or more numbers together that may be identifiers more appropriate in note
prokka_output/45709_F01_Reference/45709_F01_Reference:CDS	Aldo-keto reductase/MSMEI_2347	NZ_LS483405.1:240292-241155	JECDCPOO_00215
prokka_output/45709_F01_Reference/45709_F01_Reference:CDS	Aldo-keto reductase/MSMEI_2347	NZ_LS483405.1:1179252-1180115	JECDCPOO_01159
prokka_output/45709_F01_Reference/45709_F01_Reference:CDS	Aldo-keto reductase/MSMEI_2347	NZ_LS483405.1:1941277-1942083	JECDCPOO_01963

DiscRep_SUB:SUSPECT_PRODUCT_NAMES::3 features Contains underscore
prokka_output/45709_F01_Reference/45709_F01_Reference:CDS	Aldo-keto reductase/MSMEI_2347	NZ_LS483405.1:240292-241155	JECDCPOO_00215
prokka_output/45709_F01_Reference/45709_F01_Reference:CDS	Aldo-keto reductase/MSMEI_2347	NZ_LS483405.1:1179252-1180115	JECDCPOO_01159
prokka_output/45709_F01_Reference/45709_F01_Reference:CDS	Aldo-keto reductase/MSMEI_2347	NZ_LS483405.1:1941277-1942083	JECDCPOO_01963

DiscRep_SUB:SUSPECT_PRODUCT_NAMES::use protein instead of gene as appropriate
DiscRep_SUB:SUSPECT_PRODUCT_NAMES::1 features contains 'gene'
prokka_output/45709_F01_Reference/45709_F01_Reference:CDS	Accessory gene regulator A	NZ_LS483405.1:206562-207317	JECDCPOO_00184

DiscRep_SUB:SUSPECT_PRODUCT_NAMES::1 features contains 'genes'
prokka_output/45709_F01_Reference/45709_F01_Reference:CDS	Central glycolytic genes regulator	NZ_LS483405.1:751459-752487	JECDCPOO_00705

DiscRep_ALL:DISC_QUALITY_SCORES::Quality scores are missing on all sequences.

DiscRep_ALL:ONCALLER_COMMENT_PRESENT::1 comment descriptors were found (all same)
prokka_output/45709_F01_Reference/45709_F01_Reference:NZ_LS483405.1:Annotated using prokka 1.15.6 from https://github.com/tseemann/prokka

DiscRep_ALL:SHORT_PROT_SEQUENCES::30 protein sequences are shorter than 50 aa.
prokka_output/45709_F01_Reference/45709_F01_Reference:NZ_LS483405.1_23 (length 47)
prokka_output/45709_F01_Reference/45709_F01_Reference:NZ_LS483405.1_137 (length 35)
prokka_output/45709_F01_Reference/45709_F01_Reference:NZ_LS483405.1_181 (length 29)
prokka_output/45709_F01_Reference/45709_F01_Reference:NZ_LS483405.1_293 (length 30)
prokka_output/45709_F01_Reference/45709_F01_Reference:NZ_LS483405.1_344 (length 30)
prokka_output/45709_F01_Reference/45709_F01_Reference:NZ_LS483405.1_547 (length 39)
prokka_output/45709_F01_Reference/45709_F01_Reference:NZ_LS483405.1_669 (length 42)
prokka_output/45709_F01_Reference/45709_F01_Reference:NZ_LS483405.1_709 (length 40)
prokka_output/45709_F01_Reference/45709_F01_Reference:NZ_LS483405.1_733 (length 38)
prokka_output/45709_F01_Reference/45709_F01_Reference:NZ_LS483405.1_747 (length 31)
prokka_output/45709_F01_Reference/45709_F01_Reference:NZ_LS483405.1_748 (length 35)
prokka_output/45709_F01_Reference/45709_F01_Reference:NZ_LS483405.1_969 (length 49)
prokka_output/45709_F01_Reference/45709_F01_Reference:NZ_LS483405.1_1063 (length 38)
prokka_output/45709_F01_Reference/45709_F01_Reference:NZ_LS483405.1_1125 (length 47)
prokka_output/45709_F01_Reference/45709_F01_Reference:NZ_LS483405.1_1127 (length 41)
prokka_output/45709_F01_Reference/45709_F01_Reference:NZ_LS483405.1_1133 (length 41)
prokka_output/45709_F01_Reference/45709_F01_Reference:NZ_LS483405.1_1281 (length 35)
prokka_output/45709_F01_Reference/45709_F01_Reference:NZ_LS483405.1_1291 (length 49)
prokka_output/45709_F01_Reference/45709_F01_Reference:NZ_LS483405.1_1423 (length 40)
prokka_output/45709_F01_Reference/45709_F01_Reference:NZ_LS483405.1_1507 (length 43)
prokka_output/45709_F01_Reference/45709_F01_Reference:NZ_LS483405.1_1547 (length 43)
prokka_output/45709_F01_Reference/45709_F01_Reference:NZ_LS483405.1_1554 (length 39)
prokka_output/45709_F01_Reference/45709_F01_Reference:NZ_LS483405.1_1568 (length 40)
prokka_output/45709_F01_Reference/45709_F01_Reference:NZ_LS483405.1_1574 (length 41)
prokka_output/45709_F01_Reference/45709_F01_Reference:NZ_LS483405.1_1922 (length 38)
prokka_output/45709_F01_Reference/45709_F01_Reference:NZ_LS483405.1_1936 (length 39)
prokka_output/45709_F01_Reference/45709_F01_Reference:NZ_LS483405.1_1977 (length 49)
prokka_output/45709_F01_Reference/45709_F01_Reference:NZ_LS483405.1_1996 (length 34)
prokka_output/45709_F01_Reference/45709_F01_Reference:NZ_LS483405.1_2333 (length 45)
prokka_output/45709_F01_Reference/45709_F01_Reference:NZ_LS483405.1_2423 (length 44)

DiscRep_ALL:MISSING_GENOMEASSEMBLY_COMMENTS::1 bioseqs are missing GenomeAssembly structured comments
prokka_output/45709_F01_Reference/45709_F01_Reference:NZ_LS483405.1 (length 2494328)

DiscRep_ALL:MOLTYPE_NOT_MRNA::1 molecule types are not set as mRNA.
prokka_output/45709_F01_Reference/45709_F01_Reference:NZ_LS483405.1 (length 2494328)

DiscRep_ALL:TECHNIQUE_NOT_TSA::1 technique are not set as TSA
prokka_output/45709_F01_Reference/45709_F01_Reference:NZ_LS483405.1 (length 2494328)

DiscRep_ALL:MISSING_STRUCTURED_COMMENT::1 sequences do not include structured comments.
prokka_output/45709_F01_Reference/45709_F01_Reference:NZ_LS483405.1 (length 2494328)

DiscRep_ALL:MISSING_PROJECT::2424 sequences do not include project.
prokka_output/45709_F01_Reference/45709_F01_Reference:NZ_LS483405.1 (length 2494328)
prokka_output/45709_F01_Reference/45709_F01_Reference:NZ_LS483405.1_1 (length 449)
prokka_output/45709_F01_Reference/45709_F01_Reference:NZ_LS483405.1_2 (length 379)
prokka_output/45709_F01_Reference/45709_F01_Reference:NZ_LS483405.1_3 (length 75)
prokka_output/45709_F01_Reference/45709_F01_Reference:NZ_LS483405.1_4 (length 384)
prokka_output/45709_F01_Reference/45709_F01_Reference:NZ_LS483405.1_5 (length 647)
prokka_output/45709_F01_Reference/45709_F01_Reference:NZ_LS483405.1_6 (length 844)
prokka_output/45709_F01_Reference/45709_F01_Reference:NZ_LS483405.1_7 (length 98)
prokka_output/45709_F01_Reference/45709_F01_Reference:NZ_LS483405.1_8 (length 188)
prokka_output/45709_F01_Reference/45709_F01_Reference:NZ_LS483405.1_9 (length 78)
prokka_output/45709_F01_Reference/45709_F01_Reference:NZ_LS483405.1_10 (length 395)
prokka_output/45709_F01_Reference/45709_F01_Reference:NZ_LS483405.1_11 (length 535)
prokka_output/45709_F01_Reference/45709_F01_Reference:NZ_LS483405.1_12 (length 258)
prokka_output/45709_F01_Reference/45709_F01_Reference:NZ_LS483405.1_13 (length 394)
prokka_output/45709_F01_Reference/45709_F01_Reference:NZ_LS483405.1_14 (length 533)
prokka_output/45709_F01_Reference/45709_F01_Reference:NZ_LS483405.1_15 (length 188)
prokka_output/45709_F01_Reference/45709_F01_Reference:NZ_LS483405.1_16 (length 244)
prokka_output/45709_F01_Reference/45709_F01_Reference:NZ_LS483405.1_17 (length 671)
prokka_output/45709_F01_Reference/45709_F01_Reference:NZ_LS483405.1_18 (length 152)
prokka_output/45709_F01_Reference/45709_F01_Reference:NZ_LS483405.1_19 (length 389)
prokka_output/45709_F01_Reference/45709_F01_Reference:NZ_LS483405.1_20 (length 470)
prokka_output/45709_F01_Reference/45709_F01_Reference:NZ_LS483405.1_21 (length 517)
prokka_output/45709_F01_Reference/45709_F01_Reference:NZ_LS483405.1_22 (length 72)
prokka_output/45709_F01_Reference/45709_F01_Reference:NZ_LS483405.1_23 (length 47)
prokka_output/45709_F01_Reference/45709_F01_Reference:NZ_LS483405.1_24 (length 505)
prokka_output/45709_F01_Reference/45709_F01_Reference:NZ_LS483405.1_25 (length 175)
prokka_output/45709_F01_Reference/45709_F01_Reference:NZ_LS483405.1_26 (length 391)
prokka_output/45709_F01_Reference/45709_F01_Reference:NZ_LS483405.1_27 (length 89)
prokka_output/45709_F01_Reference/45709_F01_Reference:NZ_LS483405.1_28 (length 536)
prokka_output/45709_F01_Reference/45709_F01_Reference:NZ_LS483405.1_29 (length 81)
prokka_output/45709_F01_Reference/45709_F01_Reference:NZ_LS483405.1_30 (length 333)
prokka_output/45709_F01_Reference/45709_F01_Reference:NZ_LS483405.1_31 (length 92)
prokka_output/45709_F01_Reference/45709_F01_Reference:NZ_LS483405.1_32 (length 427)
prokka_output/45709_F01_Reference/45709_F01_Reference:NZ_LS483405.1_33 (length 757)
prokka_output/45709_F01_Reference/45709_F01_Reference:NZ_LS483405.1_34 (length 238)
prokka_output/45709_F01_Reference/45709_F01_Reference:NZ_LS483405.1_35 (length 618)
prokka_output/45709_F01_Reference/45709_F01_Reference:NZ_LS483405.1_36 (length 433)
prokka_output/45709_F01_Reference/45709_F01_Reference:NZ_LS483405.1_37 (length 284)
prokka_output/45709_F01_Reference/45709_F01_Reference:NZ_LS483405.1_38 (length 275)
prokka_output/45709_F01_Reference/45709_F01_Reference:NZ_LS483405.1_39 (length 447)
prokka_output/45709_F01_Reference/45709_F01_Reference:NZ_LS483405.1_40 (length 159)
prokka_output/45709_F01_Reference/45709_F01_Reference:NZ_LS483405.1_41 (length 878)
prokka_output/45709_F01_Reference/45709_F01_Reference:NZ_LS483405.1_42 (length 139)
prokka_output/45709_F01_Reference/45709_F01_Reference:NZ_LS483405.1_43 (length 171)
prokka_output/45709_F01_Reference/45709_F01_Reference:NZ_LS483405.1_44 (length 189)
prokka_output/45709_F01_Reference/45709_F01_Reference:NZ_LS483405.1_45 (length 150)
prokka_output/45709_F01_Reference/45709_F01_Reference:NZ_LS483405.1_46 (length 627)
prokka_output/45709_F01_Reference/45709_F01_Reference:NZ_LS483405.1_47 (length 162)
prokka_output/45709_F01_Reference/45709_F01_Reference:NZ_LS483405.1_48 (length 375)
prokka_output/45709_F01_Reference/45709_F01_Reference:NZ_LS483405.1_49 (length 307)
prokka_output/45709_F01_Reference/45709_F01_Reference:NZ_LS483405.1_50 (length 689)
prokka_output/45709_F01_Reference/45709_F01_Reference:NZ_LS483405.1_51 (length 97)
prokka_output/45709_F01_Reference/45709_F01_Reference:NZ_LS483405.1_52 (length 310)
prokka_output/45709_F01_Reference/45709_F01_Reference:NZ_LS483405.1_53 (length 445)
prokka_output/45709_F01_Reference/45709_F01_Reference:NZ_LS483405.1_54 (length 200)
prokka_output/45709_F01_Reference/45709_F01_Reference:NZ_LS483405.1_55 (length 279)
prokka_output/45709_F01_Reference/45709_F01_Reference:NZ_LS483405.1_56 (length 120)
prokka_output/45709_F01_Reference/45709_F01_Reference:NZ_LS483405.1_57 (length 497)
prokka_output/45709_F01_Reference/45709_F01_Reference:NZ_LS483405.1_58 (length 205)
prokka_output/45709_F01_Reference/45709_F01_Reference:NZ_LS483405.1_59 (length 143)
prokka_output/45709_F01_Reference/45709_F01_Reference:NZ_LS483405.1_60 (length 317)
prokka_output/45709_F01_Reference/45709_F01_Reference:NZ_LS483405.1_61 (length 314)
prokka_output/45709_F01_Reference/45709_F01_Reference:NZ_LS483405.1_62 (length 198)
prokka_output/45709_F01_Reference/45709_F01_Reference:NZ_LS483405.1_63 (length 104)
prokka_output/45709_F01_Reference/45709_F01_Reference:NZ_LS483405.1_64 (length 190)
prokka_output/45709_F01_Reference/45709_F01_Reference:NZ_LS483405.1_65 (length 143)
prokka_output/45709_F01_Reference/45709_F01_Reference:NZ_LS483405.1_66 (length 170)
prokka_output/45709_F01_Reference/45709_F01_Reference:NZ_LS483405.1_67 (length 546)
prokka_output/45709_F01_Reference/45709_F01_Reference:NZ_LS483405.1_68 (length 211)
prokka_output/45709_F01_Reference/45709_F01_Reference:NZ_LS483405.1_69 (length 424)
prokka_output/45709_F01_Reference/45709_F01_Reference:NZ_LS483405.1_70 (length 282)
prokka_output/45709_F01_Reference/45709_F01_Reference:NZ_LS483405.1_71 (length 109)
prokka_output/45709_F01_Reference/45709_F01_Reference:NZ_LS483405.1_72 (length 245)
prokka_output/45709_F01_Reference/45709_F01_Reference:NZ_LS483405.1_73 (length 188)
prokka_output/45709_F01_Reference/45709_F01_Reference:NZ_LS483405.1_74 (length 167)
prokka_output/45709_F01_Reference/45709_F01_Reference:NZ_LS483405.1_75 (length 121)
prokka_output/45709_F01_Reference/45709_F01_Reference:NZ_LS483405.1_76 (length 273)
prokka_output/45709_F01_Reference/45709_F01_Reference:NZ_LS483405.1_77 (length 477)
prokka_output/45709_F01_Reference/45709_F01_Reference:NZ_LS483405.1_78 (length 180)
prokka_output/45709_F01_Reference/45709_F01_Reference:NZ_LS483405.1_79 (length 314)
prokka_output/45709_F01_Reference/45709_F01_Reference:NZ_LS483405.1_80 (length 504)
prokka_output/45709_F01_Reference/45709_F01_Reference:NZ_LS483405.1_81 (length 502)
prokka_output/45709_F01_Reference/45709_F01_Reference:NZ_LS483405.1_82 (length 393)
prokka_output/45709_F01_Reference/45709_F01_Reference:NZ_LS483405.1_83 (length 250)
prokka_output/45709_F01_Reference/45709_F01_Reference:NZ_LS483405.1_84 (length 185)
prokka_output/45709_F01_Reference/45709_F01_Reference:NZ_LS483405.1_85 (length 211)
prokka_output/45709_F01_Reference/45709_F01_Reference:NZ_LS483405.1_86 (length 196)
prokka_output/45709_F01_Reference/45709_F01_Reference:NZ_LS483405.1_87 (length 501)
prokka_output/45709_F01_Reference/45709_F01_Reference:NZ_LS483405.1_88 (length 469)
prokka_output/45709_F01_Reference/45709_F01_Reference:NZ_LS483405.1_89 (length 503)
prokka_output/45709_F01_Reference/45709_F01_Reference:NZ_LS483405.1_90 (length 304)
prokka_output/45709_F01_Reference/45709_F01_Reference:NZ_LS483405.1_91 (length 428)
prokka_output/45709_F01_Reference/45709_F01_Reference:NZ_LS483405.1_92 (length 187)
prokka_output/45709_F01_Reference/45709_F01_Reference:NZ_LS483405.1_93 (length 115)
prokka_output/45709_F01_Reference/45709_F01_Reference:NZ_LS483405.1_94 (length 213)
prokka_output/45709_F01_Reference/45709_F01_Reference:NZ_LS483405.1_95 (length 191)
prokka_output/45709_F01_Reference/45709_F01_Reference:NZ_LS483405.1_96 (length 158)
prokka_output/45709_F01_Reference/45709_F01_Reference:NZ_LS483405.1_97 (length 129)
prokka_output/45709_F01_Reference/45709_F01_Reference:NZ_LS483405.1_98 (length 103)
prokka_output/45709_F01_Reference/45709_F01_Reference:NZ_LS483405.1_99 (length 197)
prokka_output/45709_F01_Reference/45709_F01_Reference:NZ_LS483405.1_100 (length 87)
prokka_output/45709_F01_Reference/45709_F01_Reference:NZ_LS483405.1_101 (length 211)
prokka_output/45709_F01_Reference/45709_F01_Reference:NZ_LS483405.1_102 (length 480)
prokka_output/45709_F01_Reference/45709_F01_Reference:NZ_LS483405.1_103 (length 142)
prokka_output/45709_F01_Reference/45709_F01_Reference:NZ_LS483405.1_104 (length 145)
prokka_output/45709_F01_Reference/45709_F01_Reference:NZ_LS483405.1_105 (length 577)
prokka_output/45709_F01_Reference/45709_F01_Reference:NZ_LS483405.1_106 (length 495)
prokka_output/45709_F01_Reference/45709_F01_Reference:NZ_LS483405.1_107 (length 273)
prokka_output/45709_F01_Reference/45709_F01_Reference:NZ_LS483405.1_108 (length 191)
prokka_output/45709_F01_Reference/45709_F01_Reference:NZ_LS483405.1_109 (length 475)
prokka_output/45709_F01_Reference/45709_F01_Reference:NZ_LS483405.1_110 (length 280)
prokka_output/45709_F01_Reference/45709_F01_Reference:NZ_LS483405.1_111 (length 271)
prokka_output/45709_F01_Reference/45709_F01_Reference:NZ_LS483405.1_112 (length 388)
prokka_output/45709_F01_Reference/45709_F01_Reference:NZ_LS483405.1_113 (length 448)
prokka_output/45709_F01_Reference/45709_F01_Reference:NZ_LS483405.1_114 (length 204)
prokka_output/45709_F01_Reference/45709_F01_Reference:NZ_LS483405.1_115 (length 489)
prokka_output/45709_F01_Reference/45709_F01_Reference:NZ_LS483405.1_116 (length 219)
prokka_output/45709_F01_Reference/45709_F01_Reference:NZ_LS483405.1_117 (length 248)
prokka_output/45709_F01_Reference/45709_F01_Reference:NZ_LS483405.1_118 (length 157)
prokka_output/45709_F01_Reference/45709_F01_Reference:NZ_LS483405.1_119 (length 506)
prokka_output/45709_F01_Reference/45709_F01_Reference:NZ_LS483405.1_120 (length 477)
prokka_output/45709_F01_Reference/45709_F01_Reference:NZ_LS483405.1_121 (length 59)
prokka_output/45709_F01_Reference/45709_F01_Reference:NZ_LS483405.1_122 (length 257)
prokka_output/45709_F01_Reference/45709_F01_Reference:NZ_LS483405.1_123 (length 322)
prokka_output/45709_F01_Reference/45709_F01_Reference:NZ_LS483405.1_124 (length 451)
prokka_output/45709_F01_Reference/45709_F01_Reference:NZ_LS483405.1_125 (length 118)
prokka_output/45709_F01_Reference/45709_F01_Reference:NZ_LS483405.1_126 (length 141)
prokka_output/45709_F01_Reference/45709_F01_Reference:NZ_LS483405.1_127 (length 492)
prokka_output/45709_F01_Reference/45709_F01_Reference:NZ_LS483405.1_128 (length 282)
prokka_output/45709_F01_Reference/45709_F01_Reference:NZ_LS483405.1_129 (length 52)
prokka_output/45709_F01_Reference/45709_F01_Reference:NZ_LS483405.1_130 (length 778)
prokka_output/45709_F01_Reference/45709_F01_Reference:NZ_LS483405.1_131 (length 174)
prokka_output/45709_F01_Reference/45709_F01_Reference:NZ_LS483405.1_132 (length 597)
prokka_output/45709_F01_Reference/45709_F01_Reference:NZ_LS483405.1_133 (length 872)
prokka_output/45709_F01_Reference/45709_F01_Reference:NZ_LS483405.1_134 (length 191)
prokka_output/45709_F01_Reference/45709_F01_Reference:NZ_LS483405.1_135 (length 865)
prokka_output/45709_F01_Reference/45709_F01_Reference:NZ_LS483405.1_136 (length 216)
prokka_output/45709_F01_Reference/45709_F01_Reference:NZ_LS483405.1_137 (length 35)
prokka_output/45709_F01_Reference/45709_F01_Reference:NZ_LS483405.1_138 (length 116)
prokka_output/45709_F01_Reference/45709_F01_Reference:NZ_LS483405.1_139 (length 83)
prokka_output/45709_F01_Reference/45709_F01_Reference:NZ_LS483405.1_140 (length 183)
prokka_output/45709_F01_Reference/45709_F01_Reference:NZ_LS483405.1_141 (length 281)
prokka_output/45709_F01_Reference/45709_F01_Reference:NZ_LS483405.1_142 (length 326)
prokka_output/45709_F01_Reference/45709_F01_Reference:NZ_LS483405.1_143 (length 395)
prokka_output/45709_F01_Reference/45709_F01_Reference:NZ_LS483405.1_144 (length 165)
prokka_output/45709_F01_Reference/45709_F01_Reference:NZ_LS483405.1_145 (length 540)
prokka_output/45709_F01_Reference/45709_F01_Reference:NZ_LS483405.1_146 (length 297)
prokka_output/45709_F01_Reference/45709_F01_Reference:NZ_LS483405.1_147 (length 218)
prokka_output/45709_F01_Reference/45709_F01_Reference:NZ_LS483405.1_148 (length 445)
prokka_output/45709_F01_Reference/45709_F01_Reference:NZ_LS483405.1_149 (length 475)
prokka_output/45709_F01_Reference/45709_F01_Reference:NZ_LS483405.1_150 (length 472)
prokka_output/45709_F01_Reference/45709_F01_Reference:NZ_LS483405.1_151 (length 831)
prokka_output/45709_F01_Reference/45709_F01_Reference:NZ_LS483405.1_152 (length 603)
prokka_output/45709_F01_Reference/45709_F01_Reference:NZ_LS483405.1_153 (length 545)
prokka_output/45709_F01_Reference/45709_F01_Reference:NZ_LS483405.1_154 (length 292)
prokka_output/45709_F01_Reference/45709_F01_Reference:NZ_LS483405.1_155 (length 220)
prokka_output/45709_F01_Reference/45709_F01_Reference:NZ_LS483405.1_156 (length 330)
prokka_output/45709_F01_Reference/45709_F01_Reference:NZ_LS483405.1_157 (length 513)
prokka_output/45709_F01_Reference/45709_F01_Reference:NZ_LS483405.1_158 (length 300)
prokka_output/45709_F01_Reference/45709_F01_Reference:NZ_LS483405.1_159 (length 233)
prokka_output/45709_F01_Reference/45709_F01_Reference:NZ_LS483405.1_160 (length 356)
prokka_output/45709_F01_Reference/45709_F01_Reference:NZ_LS483405.1_161 (length 335)
prokka_output/45709_F01_Reference/45709_F01_Reference:NZ_LS483405.1_162 (length 492)
prokka_output/45709_F01_Reference/45709_F01_Reference:NZ_LS483405.1_163 (length 526)
prokka_output/45709_F01_Reference/45709_F01_Reference:NZ_LS483405.1_164 (length 486)
prokka_output/45709_F01_Reference/45709_F01_Reference:NZ_LS483405.1_165 (length 413)
prokka_output/45709_F01_Reference/45709_F01_Reference:NZ_LS483405.1_166 (length 60)
prokka_output/45709_F01_Reference/45709_F01_Reference:NZ_LS483405.1_167 (length 464)
prokka_output/45709_F01_Reference/45709_F01_Reference:NZ_LS483405.1_168 (length 175)
prokka_output/45709_F01_Reference/45709_F01_Reference:NZ_LS483405.1_169 (length 62)
prokka_output/45709_F01_Reference/45709_F01_Reference:NZ_LS483405.1_170 (length 673)
prokka_output/45709_F01_Reference/45709_F01_Reference:NZ_LS483405.1_171 (length 267)
prokka_output/45709_F01_Reference/45709_F01_Reference:NZ_LS483405.1_172 (length 167)
prokka_output/45709_F01_Reference/45709_F01_Reference:NZ_LS483405.1_173 (length 241)
prokka_output/45709_F01_Reference/45709_F01_Reference:NZ_LS483405.1_174 (length 223)
prokka_output/45709_F01_Reference/45709_F01_Reference:NZ_LS483405.1_175 (length 160)
prokka_output/45709_F01_Reference/45709_F01_Reference:NZ_LS483405.1_176 (length 140)
prokka_output/45709_F01_Reference/45709_F01_Reference:NZ_LS483405.1_177 (length 251)
prokka_output/45709_F01_Reference/45709_F01_Reference:NZ_LS483405.1_178 (length 441)
prokka_output/45709_F01_Reference/45709_F01_Reference:NZ_LS483405.1_179 (length 448)
prokka_output/45709_F01_Reference/45709_F01_Reference:NZ_LS483405.1_180 (length 246)
prokka_output/45709_F01_Reference/45709_F01_Reference:NZ_LS483405.1_181 (length 29)
prokka_output/45709_F01_Reference/45709_F01_Reference:NZ_LS483405.1_182 (length 295)
prokka_output/45709_F01_Reference/45709_F01_Reference:NZ_LS483405.1_183 (length 151)
prokka_output/45709_F01_Reference/45709_F01_Reference:NZ_LS483405.1_184 (length 216)
prokka_output/45709_F01_Reference/45709_F01_Reference:NZ_LS483405.1_185 (length 571)
prokka_output/45709_F01_Reference/45709_F01_Reference:NZ_LS483405.1_186 (length 177)
prokka_output/45709_F01_Reference/45709_F01_Reference:NZ_LS483405.1_187 (length 602)
prokka_output/45709_F01_Reference/45709_F01_Reference:NZ_LS483405.1_188 (length 316)
prokka_output/45709_F01_Reference/45709_F01_Reference:NZ_LS483405.1_189 (length 319)
prokka_output/45709_F01_Reference/45709_F01_Reference:NZ_LS483405.1_190 (length 324)
prokka_output/45709_F01_Reference/45709_F01_Reference:NZ_LS483405.1_191 (length 337)
prokka_output/45709_F01_Reference/45709_F01_Reference:NZ_LS483405.1_192 (length 154)
prokka_output/45709_F01_Reference/45709_F01_Reference:NZ_LS483405.1_193 (length 337)
prokka_output/45709_F01_Reference/45709_F01_Reference:NZ_LS483405.1_194 (length 139)
prokka_output/45709_F01_Reference/45709_F01_Reference:NZ_LS483405.1_195 (length 159)
prokka_output/45709_F01_Reference/45709_F01_Reference:NZ_LS483405.1_196 (length 269)
prokka_output/45709_F01_Reference/45709_F01_Reference:NZ_LS483405.1_197 (length 449)
prokka_output/45709_F01_Reference/45709_F01_Reference:NZ_LS483405.1_198 (length 502)
prokka_output/45709_F01_Reference/45709_F01_Reference:NZ_LS483405.1_199 (length 457)
prokka_output/45709_F01_Reference/45709_F01_Reference:NZ_LS483405.1_200 (length 259)
prokka_output/45709_F01_Reference/45709_F01_Reference:NZ_LS483405.1_201 (length 124)
prokka_output/45709_F01_Reference/45709_F01_Reference:NZ_LS483405.1_202 (length 853)
prokka_output/45709_F01_Reference/45709_F01_Reference:NZ_LS483405.1_203 (length 173)
prokka_output/45709_F01_Reference/45709_F01_Reference:NZ_LS483405.1_204 (length 169)
prokka_output/45709_F01_Reference/45709_F01_Reference:NZ_LS483405.1_205 (length 390)
prokka_output/45709_F01_Reference/45709_F01_Reference:NZ_LS483405.1_206 (length 251)
prokka_output/45709_F01_Reference/45709_F01_Reference:NZ_LS483405.1_207 (length 207)
prokka_output/45709_F01_Reference/45709_F01_Reference:NZ_LS483405.1_208 (length 287)
prokka_output/45709_F01_Reference/45709_F01_Reference:NZ_LS483405.1_209 (length 129)
prokka_output/45709_F01_Reference/45709_F01_Reference:NZ_LS483405.1_210 (length 177)
prokka_output/45709_F01_Reference/45709_F01_Reference:NZ_LS483405.1_211 (length 480)
prokka_output/45709_F01_Reference/45709_F01_Reference:NZ_LS483405.1_212 (length 357)
prokka_output/45709_F01_Reference/45709_F01_Reference:NZ_LS483405.1_213 (length 333)
prokka_output/45709_F01_Reference/45709_F01_Reference:NZ_LS483405.1_214 (length 530)
prokka_output/45709_F01_Reference/45709_F01_Reference:NZ_LS483405.1_215 (length 238)
prokka_output/45709_F01_Reference/45709_F01_Reference:NZ_LS483405.1_216 (length 444)
prokka_output/45709_F01_Reference/45709_F01_Reference:NZ_LS483405.1_217 (length 192)
prokka_output/45709_F01_Reference/45709_F01_Reference:NZ_LS483405.1_218 (length 218)
prokka_output/45709_F01_Reference/45709_F01_Reference:NZ_LS483405.1_219 (length 174)
prokka_output/45709_F01_Reference/45709_F01_Reference:NZ_LS483405.1_220 (length 55)
prokka_output/45709_F01_Reference/45709_F01_Reference:NZ_LS483405.1_221 (length 154)
prokka_output/45709_F01_Reference/45709_F01_Reference:NZ_LS483405.1_222 (length 64)
prokka_output/45709_F01_Reference/45709_F01_Reference:NZ_LS483405.1_223 (length 178)
prokka_output/45709_F01_Reference/45709_F01_Reference:NZ_LS483405.1_224 (length 153)
prokka_output/45709_F01_Reference/45709_F01_Reference:NZ_LS483405.1_225 (length 188)
prokka_output/45709_F01_Reference/45709_F01_Reference:NZ_LS483405.1_226 (length 344)
prokka_output/45709_F01_Reference/45709_F01_Reference:NZ_LS483405.1_227 (length 147)
prokka_output/45709_F01_Reference/45709_F01_Reference:NZ_LS483405.1_228 (length 150)
prokka_output/45709_F01_Reference/45709_F01_Reference:NZ_LS483405.1_229 (length 114)
prokka_output/45709_F01_Reference/45709_F01_Reference:NZ_LS483405.1_230 (length 139)
prokka_output/45709_F01_Reference/45709_F01_Reference:NZ_LS483405.1_231 (length 183)
prokka_output/45709_F01_Reference/45709_F01_Reference:NZ_LS483405.1_232 (length 188)
prokka_output/45709_F01_Reference/45709_F01_Reference:NZ_LS483405.1_233 (length 216)
prokka_output/45709_F01_Reference/45709_F01_Reference:NZ_LS483405.1_234 (length 145)
prokka_output/45709_F01_Reference/45709_F01_Reference:NZ_LS483405.1_235 (length 524)
prokka_output/45709_F01_Reference/45709_F01_Reference:NZ_LS483405.1_236 (length 711)
prokka_output/45709_F01_Reference/45709_F01_Reference:NZ_LS483405.1_237 (length 328)
prokka_output/45709_F01_Reference/45709_F01_Reference:NZ_LS483405.1_238 (length 428)
prokka_output/45709_F01_Reference/45709_F01_Reference:NZ_LS483405.1_239 (length 432)
prokka_output/45709_F01_Reference/45709_F01_Reference:NZ_LS483405.1_240 (length 301)
prokka_output/45709_F01_Reference/45709_F01_Reference:NZ_LS483405.1_241 (length 470)
prokka_output/45709_F01_Reference/45709_F01_Reference:NZ_LS483405.1_242 (length 304)
prokka_output/45709_F01_Reference/45709_F01_Reference:NZ_LS483405.1_243 (length 192)
prokka_output/45709_F01_Reference/45709_F01_Reference:NZ_LS483405.1_244 (length 310)
prokka_output/45709_F01_Reference/45709_F01_Reference:NZ_LS483405.1_245 (length 273)
prokka_output/45709_F01_Reference/45709_F01_Reference:NZ_LS483405.1_246 (length 294)
prokka_output/45709_F01_Reference/45709_F01_Reference:NZ_LS483405.1_247 (length 613)
prokka_output/45709_F01_Reference/45709_F01_Reference:NZ_LS483405.1_248 (length 219)
prokka_output/45709_F01_Reference/45709_F01_Reference:NZ_LS483405.1_249 (length 244)
prokka_output/45709_F01_Reference/45709_F01_Reference:NZ_LS483405.1_250 (length 83)
prokka_output/45709_F01_Reference/45709_F01_Reference:NZ_LS483405.1_251 (length 215)
prokka_output/45709_F01_Reference/45709_F01_Reference:NZ_LS483405.1_252 (length 504)
prokka_output/45709_F01_Reference/45709_F01_Reference:NZ_LS483405.1_253 (length 344)
prokka_output/45709_F01_Reference/45709_F01_Reference:NZ_LS483405.1_254 (length 290)
prokka_output/45709_F01_Reference/45709_F01_Reference:NZ_LS483405.1_255 (length 740)
prokka_output/45709_F01_Reference/45709_F01_Reference:NZ_LS483405.1_256 (length 289)
prokka_output/45709_F01_Reference/45709_F01_Reference:NZ_LS483405.1_257 (length 663)
prokka_output/45709_F01_Reference/45709_F01_Reference:NZ_LS483405.1_258 (length 422)
prokka_output/45709_F01_Reference/45709_F01_Reference:NZ_LS483405.1_259 (length 444)
prokka_output/45709_F01_Reference/45709_F01_Reference:NZ_LS483405.1_260 (length 183)
prokka_output/45709_F01_Reference/45709_F01_Reference:NZ_LS483405.1_261 (length 105)
prokka_output/45709_F01_Reference/45709_F01_Reference:NZ_LS483405.1_262 (length 212)
prokka_output/45709_F01_Reference/45709_F01_Reference:NZ_LS483405.1_263 (length 313)
prokka_output/45709_F01_Reference/45709_F01_Reference:NZ_LS483405.1_264 (length 331)
prokka_output/45709_F01_Reference/45709_F01_Reference:NZ_LS483405.1_265 (length 399)
prokka_output/45709_F01_Reference/45709_F01_Reference:NZ_LS483405.1_266 (length 147)
prokka_output/45709_F01_Reference/45709_F01_Reference:NZ_LS483405.1_267 (length 174)
prokka_output/45709_F01_Reference/45709_F01_Reference:NZ_LS483405.1_268 (length 446)
prokka_output/45709_F01_Reference/45709_F01_Reference:NZ_LS483405.1_269 (length 225)
prokka_output/45709_F01_Reference/45709_F01_Reference:NZ_LS483405.1_270 (length 199)
prokka_output/45709_F01_Reference/45709_F01_Reference:NZ_LS483405.1_271 (length 730)
prokka_output/45709_F01_Reference/45709_F01_Reference:NZ_LS483405.1_272 (length 411)
prokka_output/45709_F01_Reference/45709_F01_Reference:NZ_LS483405.1_273 (length 336)
prokka_output/45709_F01_Reference/45709_F01_Reference:NZ_LS483405.1_274 (length 138)
prokka_output/45709_F01_Reference/45709_F01_Reference:NZ_LS483405.1_275 (length 309)
prokka_output/45709_F01_Reference/45709_F01_Reference:NZ_LS483405.1_276 (length 506)
prokka_output/45709_F01_Reference/45709_F01_Reference:NZ_LS483405.1_277 (length 88)
prokka_output/45709_F01_Reference/45709_F01_Reference:NZ_LS483405.1_278 (length 374)
prokka_output/45709_F01_Reference/45709_F01_Reference:NZ_LS483405.1_279 (length 184)
prokka_output/45709_F01_Reference/45709_F01_Reference:NZ_LS483405.1_280 (length 164)
prokka_output/45709_F01_Reference/45709_F01_Reference:NZ_LS483405.1_281 (length 915)
prokka_output/45709_F01_Reference/45709_F01_Reference:NZ_LS483405.1_282 (length 473)
prokka_output/45709_F01_Reference/45709_F01_Reference:NZ_LS483405.1_283 (length 331)
prokka_output/45709_F01_Reference/45709_F01_Reference:NZ_LS483405.1_284 (length 191)
prokka_output/45709_F01_Reference/45709_F01_Reference:NZ_LS483405.1_285 (length 215)
prokka_output/45709_F01_Reference/45709_F01_Reference:NZ_LS483405.1_286 (length 313)
prokka_output/45709_F01_Reference/45709_F01_Reference:NZ_LS483405.1_287 (length 688)
prokka_output/45709_F01_Reference/45709_F01_Reference:NZ_LS483405.1_288 (length 148)
prokka_output/45709_F01_Reference/45709_F01_Reference:NZ_LS483405.1_289 (length 423)
prokka_output/45709_F01_Reference/45709_F01_Reference:NZ_LS483405.1_290 (length 281)
prokka_output/45709_F01_Reference/45709_F01_Reference:NZ_LS483405.1_291 (length 641)
prokka_output/45709_F01_Reference/45709_F01_Reference:NZ_LS483405.1_292 (length 123)
prokka_output/45709_F01_Reference/45709_F01_Reference:NZ_LS483405.1_293 (length 30)
prokka_output/45709_F01_Reference/45709_F01_Reference:NZ_LS483405.1_294 (length 282)
prokka_output/45709_F01_Reference/45709_F01_Reference:NZ_LS483405.1_295 (length 274)
prokka_output/45709_F01_Reference/45709_F01_Reference:NZ_LS483405.1_296 (length 347)
prokka_output/45709_F01_Reference/45709_F01_Reference:NZ_LS483405.1_297 (length 646)
prokka_output/45709_F01_Reference/45709_F01_Reference:NZ_LS483405.1_298 (length 250)
prokka_output/45709_F01_Reference/45709_F01_Reference:NZ_LS483405.1_299 (length 564)
prokka_output/45709_F01_Reference/45709_F01_Reference:NZ_LS483405.1_300 (length 194)
prokka_output/45709_F01_Reference/45709_F01_Reference:NZ_LS483405.1_301 (length 130)
prokka_output/45709_F01_Reference/45709_F01_Reference:NZ_LS483405.1_302 (length 79)
prokka_output/45709_F01_Reference/45709_F01_Reference:NZ_LS483405.1_303 (length 207)
prokka_output/45709_F01_Reference/45709_F01_Reference:NZ_LS483405.1_304 (length 443)
prokka_output/45709_F01_Reference/45709_F01_Reference:NZ_LS483405.1_305 (length 173)
prokka_output/45709_F01_Reference/45709_F01_Reference:NZ_LS483405.1_306 (length 758)
prokka_output/45709_F01_Reference/45709_F01_Reference:NZ_LS483405.1_307 (length 129)
prokka_output/45709_F01_Reference/45709_F01_Reference:NZ_LS483405.1_308 (length 513)
prokka_output/45709_F01_Reference/45709_F01_Reference:NZ_LS483405.1_309 (length 445)
prokka_output/45709_F01_Reference/45709_F01_Reference:NZ_LS483405.1_310 (length 220)
prokka_output/45709_F01_Reference/45709_F01_Reference:NZ_LS483405.1_311 (length 310)
prokka_output/45709_F01_Reference/45709_F01_Reference:NZ_LS483405.1_312 (length 208)
prokka_output/45709_F01_Reference/45709_F01_Reference:NZ_LS483405.1_313 (length 401)
prokka_output/45709_F01_Reference/45709_F01_Reference:NZ_LS483405.1_314 (length 159)
prokka_output/45709_F01_Reference/45709_F01_Reference:NZ_LS483405.1_315 (length 409)
prokka_output/45709_F01_Reference/45709_F01_Reference:NZ_LS483405.1_316 (length 317)
prokka_output/45709_F01_Reference/45709_F01_Reference:NZ_LS483405.1_317 (length 388)
prokka_output/45709_F01_Reference/45709_F01_Reference:NZ_LS483405.1_318 (length 285)
prokka_output/45709_F01_Reference/45709_F01_Reference:NZ_LS483405.1_319 (length 682)
prokka_output/45709_F01_Reference/45709_F01_Reference:NZ_LS483405.1_320 (length 339)
prokka_output/45709_F01_Reference/45709_F01_Reference:NZ_LS483405.1_321 (length 449)
prokka_output/45709_F01_Reference/45709_F01_Reference:NZ_LS483405.1_322 (length 213)
prokka_output/45709_F01_Reference/45709_F01_Reference:NZ_LS483405.1_323 (length 390)
prokka_output/45709_F01_Reference/45709_F01_Reference:NZ_LS483405.1_324 (length 491)
prokka_output/45709_F01_Reference/45709_F01_Reference:NZ_LS483405.1_325 (length 219)
prokka_output/45709_F01_Reference/45709_F01_Reference:NZ_LS483405.1_326 (length 545)
prokka_output/45709_F01_Reference/45709_F01_Reference:NZ_LS483405.1_327 (length 153)
prokka_output/45709_F01_Reference/45709_F01_Reference:NZ_LS483405.1_328 (length 250)
prokka_output/45709_F01_Reference/45709_F01_Reference:NZ_LS483405.1_329 (length 305)
prokka_output/45709_F01_Reference/45709_F01_Reference:NZ_LS483405.1_330 (length 586)
prokka_output/45709_F01_Reference/45709_F01_Reference:NZ_LS483405.1_331 (length 139)
prokka_output/45709_F01_Reference/45709_F01_Reference:NZ_LS483405.1_332 (length 82)
prokka_output/45709_F01_Reference/45709_F01_Reference:NZ_LS483405.1_333 (length 454)
prokka_output/45709_F01_Reference/45709_F01_Reference:NZ_LS483405.1_334 (length 233)
prokka_output/45709_F01_Reference/45709_F01_Reference:NZ_LS483405.1_335 (length 98)
prokka_output/45709_F01_Reference/45709_F01_Reference:NZ_LS483405.1_336 (length 213)
prokka_output/45709_F01_Reference/45709_F01_Reference:NZ_LS483405.1_337 (length 403)
prokka_output/45709_F01_Reference/45709_F01_Reference:NZ_LS483405.1_338 (length 172)
prokka_output/45709_F01_Reference/45709_F01_Reference:NZ_LS483405.1_339 (length 131)
prokka_output/45709_F01_Reference/45709_F01_Reference:NZ_LS483405.1_340 (length 471)
prokka_output/45709_F01_Reference/45709_F01_Reference:NZ_LS483405.1_341 (length 252)
prokka_output/45709_F01_Reference/45709_F01_Reference:NZ_LS483405.1_342 (length 248)
prokka_output/45709_F01_Reference/45709_F01_Reference:NZ_LS483405.1_343 (length 91)
prokka_output/45709_F01_Reference/45709_F01_Reference:NZ_LS483405.1_344 (length 30)
prokka_output/45709_F01_Reference/45709_F01_Reference:NZ_LS483405.1_345 (length 281)
prokka_output/45709_F01_Reference/45709_F01_Reference:NZ_LS483405.1_346 (length 271)
prokka_output/45709_F01_Reference/45709_F01_Reference:NZ_LS483405.1_347 (length 336)
prokka_output/45709_F01_Reference/45709_F01_Reference:NZ_LS483405.1_348 (length 320)
prokka_output/45709_F01_Reference/45709_F01_Reference:NZ_LS483405.1_349 (length 217)
prokka_output/45709_F01_Reference/45709_F01_Reference:NZ_LS483405.1_350 (length 171)
prokka_output/45709_F01_Reference/45709_F01_Reference:NZ_LS483405.1_351 (length 249)
prokka_output/45709_F01_Reference/45709_F01_Reference:NZ_LS483405.1_352 (length 459)
prokka_output/45709_F01_Reference/45709_F01_Reference:NZ_LS483405.1_353 (length 284)
prokka_output/45709_F01_Reference/45709_F01_Reference:NZ_LS483405.1_354 (length 469)
prokka_output/45709_F01_Reference/45709_F01_Reference:NZ_LS483405.1_355 (length 108)
prokka_output/45709_F01_Reference/45709_F01_Reference:NZ_LS483405.1_356 (length 87)
prokka_output/45709_F01_Reference/45709_F01_Reference:NZ_LS483405.1_357 (length 130)
prokka_output/45709_F01_Reference/45709_F01_Reference:NZ_LS483405.1_358 (length 118)
prokka_output/45709_F01_Reference/45709_F01_Reference:NZ_LS483405.1_359 (length 282)
prokka_output/45709_F01_Reference/45709_F01_Reference:NZ_LS483405.1_360 (length 284)
prokka_output/45709_F01_Reference/45709_F01_Reference:NZ_LS483405.1_361 (length 157)
prokka_output/45709_F01_Reference/45709_F01_Reference:NZ_LS483405.1_362 (length 361)
prokka_output/45709_F01_Reference/45709_F01_Reference:NZ_LS483405.1_363 (length 437)
prokka_output/45709_F01_Reference/45709_F01_Reference:NZ_LS483405.1_364 (length 297)
prokka_output/45709_F01_Reference/45709_F01_Reference:NZ_LS483405.1_365 (length 285)
prokka_output/45709_F01_Reference/45709_F01_Reference:NZ_LS483405.1_366 (length 126)
prokka_output/45709_F01_Reference/45709_F01_Reference:NZ_LS483405.1_367 (length 166)
prokka_output/45709_F01_Reference/45709_F01_Reference:NZ_LS483405.1_368 (length 125)
prokka_output/45709_F01_Reference/45709_F01_Reference:NZ_LS483405.1_369 (length 252)
prokka_output/45709_F01_Reference/45709_F01_Reference:NZ_LS483405.1_370 (length 411)
prokka_output/45709_F01_Reference/45709_F01_Reference:NZ_LS483405.1_371 (length 223)
prokka_output/45709_F01_Reference/45709_F01_Reference:NZ_LS483405.1_372 (length 66)
prokka_output/45709_F01_Reference/45709_F01_Reference:NZ_LS483405.1_373 (length 388)
prokka_output/45709_F01_Reference/45709_F01_Reference:NZ_LS483405.1_374 (length 60)
prokka_output/45709_F01_Reference/45709_F01_Reference:NZ_LS483405.1_375 (length 906)
prokka_output/45709_F01_Reference/45709_F01_Reference:NZ_LS483405.1_376 (length 230)
prokka_output/45709_F01_Reference/45709_F01_Reference:NZ_LS483405.1_377 (length 446)
prokka_output/45709_F01_Reference/45709_F01_Reference:NZ_LS483405.1_378 (length 321)
prokka_output/45709_F01_Reference/45709_F01_Reference:NZ_LS483405.1_379 (length 457)
prokka_output/45709_F01_Reference/45709_F01_Reference:NZ_LS483405.1_380 (length 756)
prokka_output/45709_F01_Reference/45709_F01_Reference:NZ_LS483405.1_381 (length 145)
prokka_output/45709_F01_Reference/45709_F01_Reference:NZ_LS483405.1_382 (length 89)
prokka_output/45709_F01_Reference/45709_F01_Reference:NZ_LS483405.1_383 (length 343)
prokka_output/45709_F01_Reference/45709_F01_Reference:NZ_LS483405.1_384 (length 274)
prokka_output/45709_F01_Reference/45709_F01_Reference:NZ_LS483405.1_385 (length 272)
prokka_output/45709_F01_Reference/45709_F01_Reference:NZ_LS483405.1_386 (length 127)
prokka_output/45709_F01_Reference/45709_F01_Reference:NZ_LS483405.1_387 (length 604)
prokka_output/45709_F01_Reference/45709_F01_Reference:NZ_LS483405.1_388 (length 142)
prokka_output/45709_F01_Reference/45709_F01_Reference:NZ_LS483405.1_389 (length 258)
prokka_output/45709_F01_Reference/45709_F01_Reference:NZ_LS483405.1_390 (length 280)
prokka_output/45709_F01_Reference/45709_F01_Reference:NZ_LS483405.1_391 (length 700)
prokka_output/45709_F01_Reference/45709_F01_Reference:NZ_LS483405.1_392 (length 246)
prokka_output/45709_F01_Reference/45709_F01_Reference:NZ_LS483405.1_393 (length 238)
prokka_output/45709_F01_Reference/45709_F01_Reference:NZ_LS483405.1_394 (length 412)
prokka_output/45709_F01_Reference/45709_F01_Reference:NZ_LS483405.1_395 (length 560)
prokka_output/45709_F01_Reference/45709_F01_Reference:NZ_LS483405.1_396 (length 271)
prokka_output/45709_F01_Reference/45709_F01_Reference:NZ_LS483405.1_397 (length 254)
prokka_output/45709_F01_Reference/45709_F01_Reference:NZ_LS483405.1_398 (length 285)
prokka_output/45709_F01_Reference/45709_F01_Reference:NZ_LS483405.1_399 (length 147)
prokka_output/45709_F01_Reference/45709_F01_Reference:NZ_LS483405.1_400 (length 768)
prokka_output/45709_F01_Reference/45709_F01_Reference:NZ_LS483405.1_401 (length 310)
prokka_output/45709_F01_Reference/45709_F01_Reference:NZ_LS483405.1_402 (length 120)
prokka_output/45709_F01_Reference/45709_F01_Reference:NZ_LS483405.1_403 (length 401)
prokka_output/45709_F01_Reference/45709_F01_Reference:NZ_LS483405.1_404 (length 317)
prokka_output/45709_F01_Reference/45709_F01_Reference:NZ_LS483405.1_405 (length 252)
prokka_output/45709_F01_Reference/45709_F01_Reference:NZ_LS483405.1_406 (length 603)
prokka_output/45709_F01_Reference/45709_F01_Reference:NZ_LS483405.1_407 (length 123)
prokka_output/45709_F01_Reference/45709_F01_Reference:NZ_LS483405.1_408 (length 134)
prokka_output/45709_F01_Reference/45709_F01_Reference:NZ_LS483405.1_409 (length 443)
prokka_output/45709_F01_Reference/45709_F01_Reference:NZ_LS483405.1_410 (length 602)
prokka_output/45709_F01_Reference/45709_F01_Reference:NZ_LS483405.1_411 (length 227)
prokka_output/45709_F01_Reference/45709_F01_Reference:NZ_LS483405.1_412 (length 511)
prokka_output/45709_F01_Reference/45709_F01_Reference:NZ_LS483405.1_413 (length 112)
prokka_output/45709_F01_Reference/45709_F01_Reference:NZ_LS483405.1_414 (length 201)
prokka_output/45709_F01_Reference/45709_F01_Reference:NZ_LS483405.1_415 (length 343)
prokka_output/45709_F01_Reference/45709_F01_Reference:NZ_LS483405.1_416 (length 295)
prokka_output/45709_F01_Reference/45709_F01_Reference:NZ_LS483405.1_417 (length 396)
prokka_output/45709_F01_Reference/45709_F01_Reference:NZ_LS483405.1_418 (length 286)
prokka_output/45709_F01_Reference/45709_F01_Reference:NZ_LS483405.1_419 (length 543)
prokka_output/45709_F01_Reference/45709_F01_Reference:NZ_LS483405.1_420 (length 260)
prokka_output/45709_F01_Reference/45709_F01_Reference:NZ_LS483405.1_421 (length 317)
prokka_output/45709_F01_Reference/45709_F01_Reference:NZ_LS483405.1_422 (length 380)
prokka_output/45709_F01_Reference/45709_F01_Reference:NZ_LS483405.1_423 (length 326)
prokka_output/45709_F01_Reference/45709_F01_Reference:NZ_LS483405.1_424 (length 317)
prokka_output/45709_F01_Reference/45709_F01_Reference:NZ_LS483405.1_425 (length 97)
prokka_output/45709_F01_Reference/45709_F01_Reference:NZ_LS483405.1_426 (length 304)
prokka_output/45709_F01_Reference/45709_F01_Reference:NZ_LS483405.1_427 (length 512)
prokka_output/45709_F01_Reference/45709_F01_Reference:NZ_LS483405.1_428 (length 180)
prokka_output/45709_F01_Reference/45709_F01_Reference:NZ_LS483405.1_429 (length 286)
prokka_output/45709_F01_Reference/45709_F01_Reference:NZ_LS483405.1_430 (length 309)
prokka_output/45709_F01_Reference/45709_F01_Reference:NZ_LS483405.1_431 (length 313)
prokka_output/45709_F01_Reference/45709_F01_Reference:NZ_LS483405.1_432 (length 71)
prokka_output/45709_F01_Reference/45709_F01_Reference:NZ_LS483405.1_433 (length 573)
prokka_output/45709_F01_Reference/45709_F01_Reference:NZ_LS483405.1_434 (length 237)
prokka_output/45709_F01_Reference/45709_F01_Reference:NZ_LS483405.1_435 (length 239)
prokka_output/45709_F01_Reference/45709_F01_Reference:NZ_LS483405.1_436 (length 124)
prokka_output/45709_F01_Reference/45709_F01_Reference:NZ_LS483405.1_437 (length 297)
prokka_output/45709_F01_Reference/45709_F01_Reference:NZ_LS483405.1_438 (length 312)
prokka_output/45709_F01_Reference/45709_F01_Reference:NZ_LS483405.1_439 (length 346)
prokka_output/45709_F01_Reference/45709_F01_Reference:NZ_LS483405.1_440 (length 434)
prokka_output/45709_F01_Reference/45709_F01_Reference:NZ_LS483405.1_441 (length 379)
prokka_output/45709_F01_Reference/45709_F01_Reference:NZ_LS483405.1_442 (length 535)
prokka_output/45709_F01_Reference/45709_F01_Reference:NZ_LS483405.1_443 (length 486)
prokka_output/45709_F01_Reference/45709_F01_Reference:NZ_LS483405.1_444 (length 159)
prokka_output/45709_F01_Reference/45709_F01_Reference:NZ_LS483405.1_445 (length 146)
prokka_output/45709_F01_Reference/45709_F01_Reference:NZ_LS483405.1_446 (length 467)
prokka_output/45709_F01_Reference/45709_F01_Reference:NZ_LS483405.1_447 (length 80)
prokka_output/45709_F01_Reference/45709_F01_Reference:NZ_LS483405.1_448 (length 494)
prokka_output/45709_F01_Reference/45709_F01_Reference:NZ_LS483405.1_449 (length 457)
prokka_output/45709_F01_Reference/45709_F01_Reference:NZ_LS483405.1_450 (length 122)
prokka_output/45709_F01_Reference/45709_F01_Reference:NZ_LS483405.1_451 (length 76)
prokka_output/45709_F01_Reference/45709_F01_Reference:NZ_LS483405.1_452 (length 455)
prokka_output/45709_F01_Reference/45709_F01_Reference:NZ_LS483405.1_453 (length 419)
prokka_output/45709_F01_Reference/45709_F01_Reference:NZ_LS483405.1_454 (length 172)
prokka_output/45709_F01_Reference/45709_F01_Reference:NZ_LS483405.1_455 (length 212)
prokka_output/45709_F01_Reference/45709_F01_Reference:NZ_LS483405.1_456 (length 148)
prokka_output/45709_F01_Reference/45709_F01_Reference:NZ_LS483405.1_457 (length 294)
prokka_output/45709_F01_Reference/45709_F01_Reference:NZ_LS483405.1_458 (length 420)
prokka_output/45709_F01_Reference/45709_F01_Reference:NZ_LS483405.1_459 (length 444)
prokka_output/45709_F01_Reference/45709_F01_Reference:NZ_LS483405.1_460 (length 74)
prokka_output/45709_F01_Reference/45709_F01_Reference:NZ_LS483405.1_461 (length 60)
prokka_output/45709_F01_Reference/45709_F01_Reference:NZ_LS483405.1_462 (length 393)
prokka_output/45709_F01_Reference/45709_F01_Reference:NZ_LS483405.1_463 (length 85)
prokka_output/45709_F01_Reference/45709_F01_Reference:NZ_LS483405.1_464 (length 249)
prokka_output/45709_F01_Reference/45709_F01_Reference:NZ_LS483405.1_465 (length 447)
prokka_output/45709_F01_Reference/45709_F01_Reference:NZ_LS483405.1_466 (length 320)
prokka_output/45709_F01_Reference/45709_F01_Reference:NZ_LS483405.1_467 (length 207)
prokka_output/45709_F01_Reference/45709_F01_Reference:NZ_LS483405.1_468 (length 180)
prokka_output/45709_F01_Reference/45709_F01_Reference:NZ_LS483405.1_469 (length 312)
prokka_output/45709_F01_Reference/45709_F01_Reference:NZ_LS483405.1_470 (length 107)
prokka_output/45709_F01_Reference/45709_F01_Reference:NZ_LS483405.1_471 (length 153)
prokka_output/45709_F01_Reference/45709_F01_Reference:NZ_LS483405.1_472 (length 768)
prokka_output/45709_F01_Reference/45709_F01_Reference:NZ_LS483405.1_473 (length 338)
prokka_output/45709_F01_Reference/45709_F01_Reference:NZ_LS483405.1_474 (length 306)
prokka_output/45709_F01_Reference/45709_F01_Reference:NZ_LS483405.1_475 (length 419)
prokka_output/45709_F01_Reference/45709_F01_Reference:NZ_LS483405.1_476 (length 321)
prokka_output/45709_F01_Reference/45709_F01_Reference:NZ_LS483405.1_477 (length 232)
prokka_output/45709_F01_Reference/45709_F01_Reference:NZ_LS483405.1_478 (length 108)
prokka_output/45709_F01_Reference/45709_F01_Reference:NZ_LS483405.1_479 (length 281)
prokka_output/45709_F01_Reference/45709_F01_Reference:NZ_LS483405.1_480 (length 677)
prokka_output/45709_F01_Reference/45709_F01_Reference:NZ_LS483405.1_481 (length 258)
prokka_output/45709_F01_Reference/45709_F01_Reference:NZ_LS483405.1_482 (length 190)
prokka_output/45709_F01_Reference/45709_F01_Reference:NZ_LS483405.1_483 (length 296)
prokka_output/45709_F01_Reference/45709_F01_Reference:NZ_LS483405.1_484 (length 78)
prokka_output/45709_F01_Reference/45709_F01_Reference:NZ_LS483405.1_485 (length 284)
prokka_output/45709_F01_Reference/45709_F01_Reference:NZ_LS483405.1_486 (length 192)
prokka_output/45709_F01_Reference/45709_F01_Reference:NZ_LS483405.1_487 (length 762)
prokka_output/45709_F01_Reference/45709_F01_Reference:NZ_LS483405.1_488 (length 466)
prokka_output/45709_F01_Reference/45709_F01_Reference:NZ_LS483405.1_489 (length 386)
prokka_output/45709_F01_Reference/45709_F01_Reference:NZ_LS483405.1_490 (length 491)
prokka_output/45709_F01_Reference/45709_F01_Reference:NZ_LS483405.1_491 (length 304)
prokka_output/45709_F01_Reference/45709_F01_Reference:NZ_LS483405.1_492 (length 163)
prokka_output/45709_F01_Reference/45709_F01_Reference:NZ_LS483405.1_493 (length 106)
prokka_output/45709_F01_Reference/45709_F01_Reference:NZ_LS483405.1_494 (length 248)
prokka_output/45709_F01_Reference/45709_F01_Reference:NZ_LS483405.1_495 (length 283)
prokka_output/45709_F01_Reference/45709_F01_Reference:NZ_LS483405.1_496 (length 326)
prokka_output/45709_F01_Reference/45709_F01_Reference:NZ_LS483405.1_497 (length 331)
prokka_output/45709_F01_Reference/45709_F01_Reference:NZ_LS483405.1_498 (length 311)
prokka_output/45709_F01_Reference/45709_F01_Reference:NZ_LS483405.1_499 (length 232)
prokka_output/45709_F01_Reference/45709_F01_Reference:NZ_LS483405.1_500 (length 265)
prokka_output/45709_F01_Reference/45709_F01_Reference:NZ_LS483405.1_501 (length 62)
prokka_output/45709_F01_Reference/45709_F01_Reference:NZ_LS483405.1_502 (length 146)
prokka_output/45709_F01_Reference/45709_F01_Reference:NZ_LS483405.1_503 (length 279)
prokka_output/45709_F01_Reference/45709_F01_Reference:NZ_LS483405.1_504 (length 459)
prokka_output/45709_F01_Reference/45709_F01_Reference:NZ_LS483405.1_505 (length 326)
prokka_output/45709_F01_Reference/45709_F01_Reference:NZ_LS483405.1_506 (length 119)
prokka_output/45709_F01_Reference/45709_F01_Reference:NZ_LS483405.1_507 (length 138)
prokka_output/45709_F01_Reference/45709_F01_Reference:NZ_LS483405.1_508 (length 242)
prokka_output/45709_F01_Reference/45709_F01_Reference:NZ_LS483405.1_509 (length 819)
prokka_output/45709_F01_Reference/45709_F01_Reference:NZ_LS483405.1_510 (length 271)
prokka_output/45709_F01_Reference/45709_F01_Reference:NZ_LS483405.1_511 (length 452)
prokka_output/45709_F01_Reference/45709_F01_Reference:NZ_LS483405.1_512 (length 279)
prokka_output/45709_F01_Reference/45709_F01_Reference:NZ_LS483405.1_513 (length 146)
prokka_output/45709_F01_Reference/45709_F01_Reference:NZ_LS483405.1_514 (length 222)
prokka_output/45709_F01_Reference/45709_F01_Reference:NZ_LS483405.1_515 (length 535)
prokka_output/45709_F01_Reference/45709_F01_Reference:NZ_LS483405.1_516 (length 105)
prokka_output/45709_F01_Reference/45709_F01_Reference:NZ_LS483405.1_517 (length 565)
prokka_output/45709_F01_Reference/45709_F01_Reference:NZ_LS483405.1_518 (length 140)
prokka_output/45709_F01_Reference/45709_F01_Reference:NZ_LS483405.1_519 (length 558)
prokka_output/45709_F01_Reference/45709_F01_Reference:NZ_LS483405.1_520 (length 237)
prokka_output/45709_F01_Reference/45709_F01_Reference:NZ_LS483405.1_521 (length 1544)
prokka_output/45709_F01_Reference/45709_F01_Reference:NZ_LS483405.1_522 (length 428)
prokka_output/45709_F01_Reference/45709_F01_Reference:NZ_LS483405.1_523 (length 83)
prokka_output/45709_F01_Reference/45709_F01_Reference:NZ_LS483405.1_524 (length 237)
prokka_output/45709_F01_Reference/45709_F01_Reference:NZ_LS483405.1_525 (length 191)
prokka_output/45709_F01_Reference/45709_F01_Reference:NZ_LS483405.1_526 (length 207)
prokka_output/45709_F01_Reference/45709_F01_Reference:NZ_LS483405.1_527 (length 210)
prokka_output/45709_F01_Reference/45709_F01_Reference:NZ_LS483405.1_528 (length 809)
prokka_output/45709_F01_Reference/45709_F01_Reference:NZ_LS483405.1_529 (length 140)
prokka_output/45709_F01_Reference/45709_F01_Reference:NZ_LS483405.1_530 (length 227)
prokka_output/45709_F01_Reference/45709_F01_Reference:NZ_LS483405.1_531 (length 224)
prokka_output/45709_F01_Reference/45709_F01_Reference:NZ_LS483405.1_532 (length 347)
prokka_output/45709_F01_Reference/45709_F01_Reference:NZ_LS483405.1_533 (length 711)
prokka_output/45709_F01_Reference/45709_F01_Reference:NZ_LS483405.1_534 (length 716)
prokka_output/45709_F01_Reference/45709_F01_Reference:NZ_LS483405.1_535 (length 156)
prokka_output/45709_F01_Reference/45709_F01_Reference:NZ_LS483405.1_536 (length 191)
prokka_output/45709_F01_Reference/45709_F01_Reference:NZ_LS483405.1_537 (length 298)
prokka_output/45709_F01_Reference/45709_F01_Reference:NZ_LS483405.1_538 (length 261)
prokka_output/45709_F01_Reference/45709_F01_Reference:NZ_LS483405.1_539 (length 461)
prokka_output/45709_F01_Reference/45709_F01_Reference:NZ_LS483405.1_540 (length 523)
prokka_output/45709_F01_Reference/45709_F01_Reference:NZ_LS483405.1_541 (length 380)
prokka_output/45709_F01_Reference/45709_F01_Reference:NZ_LS483405.1_542 (length 122)
prokka_output/45709_F01_Reference/45709_F01_Reference:NZ_LS483405.1_543 (length 373)
prokka_output/45709_F01_Reference/45709_F01_Reference:NZ_LS483405.1_544 (length 75)
prokka_output/45709_F01_Reference/45709_F01_Reference:NZ_LS483405.1_545 (length 126)
prokka_output/45709_F01_Reference/45709_F01_Reference:NZ_LS483405.1_546 (length 213)
prokka_output/45709_F01_Reference/45709_F01_Reference:NZ_LS483405.1_547 (length 39)
prokka_output/45709_F01_Reference/45709_F01_Reference:NZ_LS483405.1_548 (length 462)
prokka_output/45709_F01_Reference/45709_F01_Reference:NZ_LS483405.1_549 (length 318)
prokka_output/45709_F01_Reference/45709_F01_Reference:NZ_LS483405.1_550 (length 185)
prokka_output/45709_F01_Reference/45709_F01_Reference:NZ_LS483405.1_551 (length 1180)
prokka_output/45709_F01_Reference/45709_F01_Reference:NZ_LS483405.1_552 (length 526)
prokka_output/45709_F01_Reference/45709_F01_Reference:NZ_LS483405.1_553 (length 90)
prokka_output/45709_F01_Reference/45709_F01_Reference:NZ_LS483405.1_554 (length 136)
prokka_output/45709_F01_Reference/45709_F01_Reference:NZ_LS483405.1_555 (length 181)
prokka_output/45709_F01_Reference/45709_F01_Reference:NZ_LS483405.1_556 (length 450)
prokka_output/45709_F01_Reference/45709_F01_Reference:NZ_LS483405.1_557 (length 180)
prokka_output/45709_F01_Reference/45709_F01_Reference:NZ_LS483405.1_558 (length 699)
prokka_output/45709_F01_Reference/45709_F01_Reference:NZ_LS483405.1_559 (length 295)
prokka_output/45709_F01_Reference/45709_F01_Reference:NZ_LS483405.1_560 (length 340)
prokka_output/45709_F01_Reference/45709_F01_Reference:NZ_LS483405.1_561 (length 106)
prokka_output/45709_F01_Reference/45709_F01_Reference:NZ_LS483405.1_562 (length 535)
prokka_output/45709_F01_Reference/45709_F01_Reference:NZ_LS483405.1_563 (length 258)
prokka_output/45709_F01_Reference/45709_F01_Reference:NZ_LS483405.1_564 (length 267)
prokka_output/45709_F01_Reference/45709_F01_Reference:NZ_LS483405.1_565 (length 380)
prokka_output/45709_F01_Reference/45709_F01_Reference:NZ_LS483405.1_566 (length 233)
prokka_output/45709_F01_Reference/45709_F01_Reference:NZ_LS483405.1_567 (length 168)
prokka_output/45709_F01_Reference/45709_F01_Reference:NZ_LS483405.1_568 (length 246)
prokka_output/45709_F01_Reference/45709_F01_Reference:NZ_LS483405.1_569 (length 488)
prokka_output/45709_F01_Reference/45709_F01_Reference:NZ_LS483405.1_570 (length 276)
prokka_output/45709_F01_Reference/45709_F01_Reference:NZ_LS483405.1_571 (length 144)
prokka_output/45709_F01_Reference/45709_F01_Reference:NZ_LS483405.1_572 (length 731)
prokka_output/45709_F01_Reference/45709_F01_Reference:NZ_LS483405.1_573 (length 159)
prokka_output/45709_F01_Reference/45709_F01_Reference:NZ_LS483405.1_574 (length 293)
prokka_output/45709_F01_Reference/45709_F01_Reference:NZ_LS483405.1_575 (length 314)
prokka_output/45709_F01_Reference/45709_F01_Reference:NZ_LS483405.1_576 (length 279)
prokka_output/45709_F01_Reference/45709_F01_Reference:NZ_LS483405.1_577 (length 183)
prokka_output/45709_F01_Reference/45709_F01_Reference:NZ_LS483405.1_578 (length 195)
prokka_output/45709_F01_Reference/45709_F01_Reference:NZ_LS483405.1_579 (length 145)
prokka_output/45709_F01_Reference/45709_F01_Reference:NZ_LS483405.1_580 (length 468)
prokka_output/45709_F01_Reference/45709_F01_Reference:NZ_LS483405.1_581 (length 203)
prokka_output/45709_F01_Reference/45709_F01_Reference:NZ_LS483405.1_582 (length 139)
prokka_output/45709_F01_Reference/45709_F01_Reference:NZ_LS483405.1_583 (length 167)
prokka_output/45709_F01_Reference/45709_F01_Reference:NZ_LS483405.1_584 (length 261)
prokka_output/45709_F01_Reference/45709_F01_Reference:NZ_LS483405.1_585 (length 275)
prokka_output/45709_F01_Reference/45709_F01_Reference:NZ_LS483405.1_586 (length 347)
prokka_output/45709_F01_Reference/45709_F01_Reference:NZ_LS483405.1_587 (length 376)
prokka_output/45709_F01_Reference/45709_F01_Reference:NZ_LS483405.1_588 (length 215)
prokka_output/45709_F01_Reference/45709_F01_Reference:NZ_LS483405.1_589 (length 189)
prokka_output/45709_F01_Reference/45709_F01_Reference:NZ_LS483405.1_590 (length 931)
prokka_output/45709_F01_Reference/45709_F01_Reference:NZ_LS483405.1_591 (length 304)
prokka_output/45709_F01_Reference/45709_F01_Reference:NZ_LS483405.1_592 (length 371)
prokka_output/45709_F01_Reference/45709_F01_Reference:NZ_LS483405.1_593 (length 315)
prokka_output/45709_F01_Reference/45709_F01_Reference:NZ_LS483405.1_594 (length 343)
prokka_output/45709_F01_Reference/45709_F01_Reference:NZ_LS483405.1_595 (length 223)
prokka_output/45709_F01_Reference/45709_F01_Reference:NZ_LS483405.1_596 (length 410)
prokka_output/45709_F01_Reference/45709_F01_Reference:NZ_LS483405.1_597 (length 444)
prokka_output/45709_F01_Reference/45709_F01_Reference:NZ_LS483405.1_598 (length 56)
prokka_output/45709_F01_Reference/45709_F01_Reference:NZ_LS483405.1_599 (length 228)
prokka_output/45709_F01_Reference/45709_F01_Reference:NZ_LS483405.1_600 (length 113)
prokka_output/45709_F01_Reference/45709_F01_Reference:NZ_LS483405.1_601 (length 179)
prokka_output/45709_F01_Reference/45709_F01_Reference:NZ_LS483405.1_602 (length 458)
prokka_output/45709_F01_Reference/45709_F01_Reference:NZ_LS483405.1_603 (length 394)
prokka_output/45709_F01_Reference/45709_F01_Reference:NZ_LS483405.1_604 (length 496)
prokka_output/45709_F01_Reference/45709_F01_Reference:NZ_LS483405.1_605 (length 470)
prokka_output/45709_F01_Reference/45709_F01_Reference:NZ_LS483405.1_606 (length 135)
prokka_output/45709_F01_Reference/45709_F01_Reference:NZ_LS483405.1_607 (length 255)
prokka_output/45709_F01_Reference/45709_F01_Reference:NZ_LS483405.1_608 (length 181)
prokka_output/45709_F01_Reference/45709_F01_Reference:NZ_LS483405.1_609 (length 189)
prokka_output/45709_F01_Reference/45709_F01_Reference:NZ_LS483405.1_610 (length 58)
prokka_output/45709_F01_Reference/45709_F01_Reference:NZ_LS483405.1_611 (length 182)
prokka_output/45709_F01_Reference/45709_F01_Reference:NZ_LS483405.1_612 (length 141)
prokka_output/45709_F01_Reference/45709_F01_Reference:NZ_LS483405.1_613 (length 232)
prokka_output/45709_F01_Reference/45709_F01_Reference:NZ_LS483405.1_614 (length 168)
prokka_output/45709_F01_Reference/45709_F01_Reference:NZ_LS483405.1_615 (length 122)
prokka_output/45709_F01_Reference/45709_F01_Reference:NZ_LS483405.1_616 (length 870)
prokka_output/45709_F01_Reference/45709_F01_Reference:NZ_LS483405.1_617 (length 192)
prokka_output/45709_F01_Reference/45709_F01_Reference:NZ_LS483405.1_618 (length 304)
prokka_output/45709_F01_Reference/45709_F01_Reference:NZ_LS483405.1_619 (length 331)
prokka_output/45709_F01_Reference/45709_F01_Reference:NZ_LS483405.1_620 (length 721)
prokka_output/45709_F01_Reference/45709_F01_Reference:NZ_LS483405.1_621 (length 75)
prokka_output/45709_F01_Reference/45709_F01_Reference:NZ_LS483405.1_622 (length 203)
prokka_output/45709_F01_Reference/45709_F01_Reference:NZ_LS483405.1_623 (length 183)
prokka_output/45709_F01_Reference/45709_F01_Reference:NZ_LS483405.1_624 (length 576)
prokka_output/45709_F01_Reference/45709_F01_Reference:NZ_LS483405.1_625 (length 105)
prokka_output/45709_F01_Reference/45709_F01_Reference:NZ_LS483405.1_626 (length 199)
prokka_output/45709_F01_Reference/45709_F01_Reference:NZ_LS483405.1_627 (length 83)
prokka_output/45709_F01_Reference/45709_F01_Reference:NZ_LS483405.1_628 (length 219)
prokka_output/45709_F01_Reference/45709_F01_Reference:NZ_LS483405.1_629 (length 109)
prokka_output/45709_F01_Reference/45709_F01_Reference:NZ_LS483405.1_630 (length 337)
prokka_output/45709_F01_Reference/45709_F01_Reference:NZ_LS483405.1_631 (length 113)
prokka_output/45709_F01_Reference/45709_F01_Reference:NZ_LS483405.1_632 (length 293)
prokka_output/45709_F01_Reference/45709_F01_Reference:NZ_LS483405.1_633 (length 246)
prokka_output/45709_F01_Reference/45709_F01_Reference:NZ_LS483405.1_634 (length 240)
prokka_output/45709_F01_Reference/45709_F01_Reference:NZ_LS483405.1_635 (length 202)
prokka_output/45709_F01_Reference/45709_F01_Reference:NZ_LS483405.1_636 (length 349)
prokka_output/45709_F01_Reference/45709_F01_Reference:NZ_LS483405.1_637 (length 392)
prokka_output/45709_F01_Reference/45709_F01_Reference:NZ_LS483405.1_638 (length 98)
prokka_output/45709_F01_Reference/45709_F01_Reference:NZ_LS483405.1_639 (length 650)
prokka_output/45709_F01_Reference/45709_F01_Reference:NZ_LS483405.1_640 (length 212)
prokka_output/45709_F01_Reference/45709_F01_Reference:NZ_LS483405.1_641 (length 94)
prokka_output/45709_F01_Reference/45709_F01_Reference:NZ_LS483405.1_642 (length 541)
prokka_output/45709_F01_Reference/45709_F01_Reference:NZ_LS483405.1_643 (length 611)
prokka_output/45709_F01_Reference/45709_F01_Reference:NZ_LS483405.1_644 (length 268)
prokka_output/45709_F01_Reference/45709_F01_Reference:NZ_LS483405.1_645 (length 146)
prokka_output/45709_F01_Reference/45709_F01_Reference:NZ_LS483405.1_646 (length 364)
prokka_output/45709_F01_Reference/45709_F01_Reference:NZ_LS483405.1_647 (length 219)
prokka_output/45709_F01_Reference/45709_F01_Reference:NZ_LS483405.1_648 (length 439)
prokka_output/45709_F01_Reference/45709_F01_Reference:NZ_LS483405.1_649 (length 224)
prokka_output/45709_F01_Reference/45709_F01_Reference:NZ_LS483405.1_650 (length 186)
prokka_output/45709_F01_Reference/45709_F01_Reference:NZ_LS483405.1_651 (length 787)
prokka_output/45709_F01_Reference/45709_F01_Reference:NZ_LS483405.1_652 (length 332)
prokka_output/45709_F01_Reference/45709_F01_Reference:NZ_LS483405.1_653 (length 384)
prokka_output/45709_F01_Reference/45709_F01_Reference:NZ_LS483405.1_654 (length 235)
prokka_output/45709_F01_Reference/45709_F01_Reference:NZ_LS483405.1_655 (length 447)
prokka_output/45709_F01_Reference/45709_F01_Reference:NZ_LS483405.1_656 (length 293)
prokka_output/45709_F01_Reference/45709_F01_Reference:NZ_LS483405.1_657 (length 308)
prokka_output/45709_F01_Reference/45709_F01_Reference:NZ_LS483405.1_658 (length 294)
prokka_output/45709_F01_Reference/45709_F01_Reference:NZ_LS483405.1_659 (length 274)
prokka_output/45709_F01_Reference/45709_F01_Reference:NZ_LS483405.1_660 (length 252)
prokka_output/45709_F01_Reference/45709_F01_Reference:NZ_LS483405.1_661 (length 226)
prokka_output/45709_F01_Reference/45709_F01_Reference:NZ_LS483405.1_662 (length 109)
prokka_output/45709_F01_Reference/45709_F01_Reference:NZ_LS483405.1_663 (length 123)
prokka_output/45709_F01_Reference/45709_F01_Reference:NZ_LS483405.1_664 (length 311)
prokka_output/45709_F01_Reference/45709_F01_Reference:NZ_LS483405.1_665 (length 287)
prokka_output/45709_F01_Reference/45709_F01_Reference:NZ_LS483405.1_666 (length 337)
prokka_output/45709_F01_Reference/45709_F01_Reference:NZ_LS483405.1_667 (length 301)
prokka_output/45709_F01_Reference/45709_F01_Reference:NZ_LS483405.1_668 (length 313)
prokka_output/45709_F01_Reference/45709_F01_Reference:NZ_LS483405.1_669 (length 42)
prokka_output/45709_F01_Reference/45709_F01_Reference:NZ_LS483405.1_670 (length 213)
prokka_output/45709_F01_Reference/45709_F01_Reference:NZ_LS483405.1_671 (length 174)
prokka_output/45709_F01_Reference/45709_F01_Reference:NZ_LS483405.1_672 (length 668)
prokka_output/45709_F01_Reference/45709_F01_Reference:NZ_LS483405.1_673 (length 951)
prokka_output/45709_F01_Reference/45709_F01_Reference:NZ_LS483405.1_674 (length 181)
prokka_output/45709_F01_Reference/45709_F01_Reference:NZ_LS483405.1_675 (length 294)
prokka_output/45709_F01_Reference/45709_F01_Reference:NZ_LS483405.1_676 (length 336)
prokka_output/45709_F01_Reference/45709_F01_Reference:NZ_LS483405.1_677 (length 312)
prokka_output/45709_F01_Reference/45709_F01_Reference:NZ_LS483405.1_678 (length 198)
prokka_output/45709_F01_Reference/45709_F01_Reference:NZ_LS483405.1_679 (length 148)
prokka_output/45709_F01_Reference/45709_F01_Reference:NZ_LS483405.1_680 (length 237)
prokka_output/45709_F01_Reference/45709_F01_Reference:NZ_LS483405.1_681 (length 203)
prokka_output/45709_F01_Reference/45709_F01_Reference:NZ_LS483405.1_682 (length 342)
prokka_output/45709_F01_Reference/45709_F01_Reference:NZ_LS483405.1_683 (length 336)
prokka_output/45709_F01_Reference/45709_F01_Reference:NZ_LS483405.1_684 (length 400)
prokka_output/45709_F01_Reference/45709_F01_Reference:NZ_LS483405.1_685 (length 254)
prokka_output/45709_F01_Reference/45709_F01_Reference:NZ_LS483405.1_686 (length 439)
prokka_output/45709_F01_Reference/45709_F01_Reference:NZ_LS483405.1_687 (length 363)
prokka_output/45709_F01_Reference/45709_F01_Reference:NZ_LS483405.1_688 (length 518)
prokka_output/45709_F01_Reference/45709_F01_Reference:NZ_LS483405.1_689 (length 78)
prokka_output/45709_F01_Reference/45709_F01_Reference:NZ_LS483405.1_690 (length 252)
prokka_output/45709_F01_Reference/45709_F01_Reference:NZ_LS483405.1_691 (length 797)
prokka_output/45709_F01_Reference/45709_F01_Reference:NZ_LS483405.1_692 (length 157)
prokka_output/45709_F01_Reference/45709_F01_Reference:NZ_LS483405.1_693 (length 245)
prokka_output/45709_F01_Reference/45709_F01_Reference:NZ_LS483405.1_694 (length 189)
prokka_output/45709_F01_Reference/45709_F01_Reference:NZ_LS483405.1_695 (length 239)
prokka_output/45709_F01_Reference/45709_F01_Reference:NZ_LS483405.1_696 (length 324)
prokka_output/45709_F01_Reference/45709_F01_Reference:NZ_LS483405.1_697 (length 157)
prokka_output/45709_F01_Reference/45709_F01_Reference:NZ_LS483405.1_698 (length 172)
prokka_output/45709_F01_Reference/45709_F01_Reference:NZ_LS483405.1_699 (length 339)
prokka_output/45709_F01_Reference/45709_F01_Reference:NZ_LS483405.1_700 (length 178)
prokka_output/45709_F01_Reference/45709_F01_Reference:NZ_LS483405.1_701 (length 254)
prokka_output/45709_F01_Reference/45709_F01_Reference:NZ_LS483405.1_702 (length 304)
prokka_output/45709_F01_Reference/45709_F01_Reference:NZ_LS483405.1_703 (length 710)
prokka_output/45709_F01_Reference/45709_F01_Reference:NZ_LS483405.1_704 (length 220)
prokka_output/45709_F01_Reference/45709_F01_Reference:NZ_LS483405.1_705 (length 283)
prokka_output/45709_F01_Reference/45709_F01_Reference:NZ_LS483405.1_706 (length 322)
prokka_output/45709_F01_Reference/45709_F01_Reference:NZ_LS483405.1_707 (length 451)
prokka_output/45709_F01_Reference/45709_F01_Reference:NZ_LS483405.1_708 (length 605)
prokka_output/45709_F01_Reference/45709_F01_Reference:NZ_LS483405.1_709 (length 40)
prokka_output/45709_F01_Reference/45709_F01_Reference:NZ_LS483405.1_710 (length 240)
prokka_output/45709_F01_Reference/45709_F01_Reference:NZ_LS483405.1_711 (length 477)
prokka_output/45709_F01_Reference/45709_F01_Reference:NZ_LS483405.1_712 (length 633)
prokka_output/45709_F01_Reference/45709_F01_Reference:NZ_LS483405.1_713 (length 767)
prokka_output/45709_F01_Reference/45709_F01_Reference:NZ_LS483405.1_714 (length 183)
prokka_output/45709_F01_Reference/45709_F01_Reference:NZ_LS483405.1_715 (length 75)
prokka_output/45709_F01_Reference/45709_F01_Reference:NZ_LS483405.1_716 (length 361)
prokka_output/45709_F01_Reference/45709_F01_Reference:NZ_LS483405.1_717 (length 102)
prokka_output/45709_F01_Reference/45709_F01_Reference:NZ_LS483405.1_718 (length 245)
prokka_output/45709_F01_Reference/45709_F01_Reference:NZ_LS483405.1_719 (length 399)
prokka_output/45709_F01_Reference/45709_F01_Reference:NZ_LS483405.1_720 (length 256)
prokka_output/45709_F01_Reference/45709_F01_Reference:NZ_LS483405.1_721 (length 297)
prokka_output/45709_F01_Reference/45709_F01_Reference:NZ_LS483405.1_722 (length 322)
prokka_output/45709_F01_Reference/45709_F01_Reference:NZ_LS483405.1_723 (length 252)
prokka_output/45709_F01_Reference/45709_F01_Reference:NZ_LS483405.1_724 (length 311)
prokka_output/45709_F01_Reference/45709_F01_Reference:NZ_LS483405.1_725 (length 720)
prokka_output/45709_F01_Reference/45709_F01_Reference:NZ_LS483405.1_726 (length 512)
prokka_output/45709_F01_Reference/45709_F01_Reference:NZ_LS483405.1_727 (length 273)
prokka_output/45709_F01_Reference/45709_F01_Reference:NZ_LS483405.1_728 (length 190)
prokka_output/45709_F01_Reference/45709_F01_Reference:NZ_LS483405.1_729 (length 147)
prokka_output/45709_F01_Reference/45709_F01_Reference:NZ_LS483405.1_730 (length 57)
prokka_output/45709_F01_Reference/45709_F01_Reference:NZ_LS483405.1_731 (length 149)
prokka_output/45709_F01_Reference/45709_F01_Reference:NZ_LS483405.1_732 (length 59)
prokka_output/45709_F01_Reference/45709_F01_Reference:NZ_LS483405.1_733 (length 38)
prokka_output/45709_F01_Reference/45709_F01_Reference:NZ_LS483405.1_734 (length 123)
prokka_output/45709_F01_Reference/45709_F01_Reference:NZ_LS483405.1_735 (length 164)
prokka_output/45709_F01_Reference/45709_F01_Reference:NZ_LS483405.1_736 (length 461)
prokka_output/45709_F01_Reference/45709_F01_Reference:NZ_LS483405.1_737 (length 160)
prokka_output/45709_F01_Reference/45709_F01_Reference:NZ_LS483405.1_738 (length 305)
prokka_output/45709_F01_Reference/45709_F01_Reference:NZ_LS483405.1_739 (length 451)
prokka_output/45709_F01_Reference/45709_F01_Reference:NZ_LS483405.1_740 (length 339)
prokka_output/45709_F01_Reference/45709_F01_Reference:NZ_LS483405.1_741 (length 248)
prokka_output/45709_F01_Reference/45709_F01_Reference:NZ_LS483405.1_742 (length 331)
prokka_output/45709_F01_Reference/45709_F01_Reference:NZ_LS483405.1_743 (length 349)
prokka_output/45709_F01_Reference/45709_F01_Reference:NZ_LS483405.1_744 (length 410)
prokka_output/45709_F01_Reference/45709_F01_Reference:NZ_LS483405.1_745 (length 335)
prokka_output/45709_F01_Reference/45709_F01_Reference:NZ_LS483405.1_746 (length 72)
prokka_output/45709_F01_Reference/45709_F01_Reference:NZ_LS483405.1_747 (length 31)
prokka_output/45709_F01_Reference/45709_F01_Reference:NZ_LS483405.1_748 (length 35)
prokka_output/45709_F01_Reference/45709_F01_Reference:NZ_LS483405.1_749 (length 262)
prokka_output/45709_F01_Reference/45709_F01_Reference:NZ_LS483405.1_750 (length 489)
prokka_output/45709_F01_Reference/45709_F01_Reference:NZ_LS483405.1_751 (length 382)
prokka_output/45709_F01_Reference/45709_F01_Reference:NZ_LS483405.1_752 (length 288)
prokka_output/45709_F01_Reference/45709_F01_Reference:NZ_LS483405.1_753 (length 448)
prokka_output/45709_F01_Reference/45709_F01_Reference:NZ_LS483405.1_754 (length 1005)
prokka_output/45709_F01_Reference/45709_F01_Reference:NZ_LS483405.1_755 (length 160)
prokka_output/45709_F01_Reference/45709_F01_Reference:NZ_LS483405.1_756 (length 187)
prokka_output/45709_F01_Reference/45709_F01_Reference:NZ_LS483405.1_757 (length 321)
prokka_output/45709_F01_Reference/45709_F01_Reference:NZ_LS483405.1_758 (length 367)
prokka_output/45709_F01_Reference/45709_F01_Reference:NZ_LS483405.1_759 (length 220)
prokka_output/45709_F01_Reference/45709_F01_Reference:NZ_LS483405.1_760 (length 374)
prokka_output/45709_F01_Reference/45709_F01_Reference:NZ_LS483405.1_761 (length 68)
prokka_output/45709_F01_Reference/45709_F01_Reference:NZ_LS483405.1_762 (length 109)
prokka_output/45709_F01_Reference/45709_F01_Reference:NZ_LS483405.1_763 (length 577)
prokka_output/45709_F01_Reference/45709_F01_Reference:NZ_LS483405.1_764 (length 613)
prokka_output/45709_F01_Reference/45709_F01_Reference:NZ_LS483405.1_765 (length 339)
prokka_output/45709_F01_Reference/45709_F01_Reference:NZ_LS483405.1_766 (length 234)
prokka_output/45709_F01_Reference/45709_F01_Reference:NZ_LS483405.1_767 (length 449)
prokka_output/45709_F01_Reference/45709_F01_Reference:NZ_LS483405.1_768 (length 194)
prokka_output/45709_F01_Reference/45709_F01_Reference:NZ_LS483405.1_769 (length 361)
prokka_output/45709_F01_Reference/45709_F01_Reference:NZ_LS483405.1_770 (length 283)
prokka_output/45709_F01_Reference/45709_F01_Reference:NZ_LS483405.1_771 (length 338)
prokka_output/45709_F01_Reference/45709_F01_Reference:NZ_LS483405.1_772 (length 413)
prokka_output/45709_F01_Reference/45709_F01_Reference:NZ_LS483405.1_773 (length 209)
prokka_output/45709_F01_Reference/45709_F01_Reference:NZ_LS483405.1_774 (length 239)
prokka_output/45709_F01_Reference/45709_F01_Reference:NZ_LS483405.1_775 (length 70)
prokka_output/45709_F01_Reference/45709_F01_Reference:NZ_LS483405.1_776 (length 171)
prokka_output/45709_F01_Reference/45709_F01_Reference:NZ_LS483405.1_777 (length 180)
prokka_output/45709_F01_Reference/45709_F01_Reference:NZ_LS483405.1_778 (length 513)
prokka_output/45709_F01_Reference/45709_F01_Reference:NZ_LS483405.1_779 (length 299)
prokka_output/45709_F01_Reference/45709_F01_Reference:NZ_LS483405.1_780 (length 471)
prokka_output/45709_F01_Reference/45709_F01_Reference:NZ_LS483405.1_781 (length 139)
prokka_output/45709_F01_Reference/45709_F01_Reference:NZ_LS483405.1_782 (length 76)
prokka_output/45709_F01_Reference/45709_F01_Reference:NZ_LS483405.1_783 (length 435)
prokka_output/45709_F01_Reference/45709_F01_Reference:NZ_LS483405.1_784 (length 335)
prokka_output/45709_F01_Reference/45709_F01_Reference:NZ_LS483405.1_785 (length 99)
prokka_output/45709_F01_Reference/45709_F01_Reference:NZ_LS483405.1_786 (length 74)
prokka_output/45709_F01_Reference/45709_F01_Reference:NZ_LS483405.1_787 (length 401)
prokka_output/45709_F01_Reference/45709_F01_Reference:NZ_LS483405.1_788 (length 100)
prokka_output/45709_F01_Reference/45709_F01_Reference:NZ_LS483405.1_789 (length 281)
prokka_output/45709_F01_Reference/45709_F01_Reference:NZ_LS483405.1_790 (length 323)
prokka_output/45709_F01_Reference/45709_F01_Reference:NZ_LS483405.1_791 (length 380)
prokka_output/45709_F01_Reference/45709_F01_Reference:NZ_LS483405.1_792 (length 518)
prokka_output/45709_F01_Reference/45709_F01_Reference:NZ_LS483405.1_793 (length 294)
prokka_output/45709_F01_Reference/45709_F01_Reference:NZ_LS483405.1_794 (length 159)
prokka_output/45709_F01_Reference/45709_F01_Reference:NZ_LS483405.1_795 (length 95)
prokka_output/45709_F01_Reference/45709_F01_Reference:NZ_LS483405.1_796 (length 425)
prokka_output/45709_F01_Reference/45709_F01_Reference:NZ_LS483405.1_797 (length 151)
prokka_output/45709_F01_Reference/45709_F01_Reference:NZ_LS483405.1_798 (length 199)
prokka_output/45709_F01_Reference/45709_F01_Reference:NZ_LS483405.1_799 (length 111)
prokka_output/45709_F01_Reference/45709_F01_Reference:NZ_LS483405.1_800 (length 201)
prokka_output/45709_F01_Reference/45709_F01_Reference:NZ_LS483405.1_801 (length 155)
prokka_output/45709_F01_Reference/45709_F01_Reference:NZ_LS483405.1_802 (length 576)
prokka_output/45709_F01_Reference/45709_F01_Reference:NZ_LS483405.1_803 (length 381)
prokka_output/45709_F01_Reference/45709_F01_Reference:NZ_LS483405.1_804 (length 405)
prokka_output/45709_F01_Reference/45709_F01_Reference:NZ_LS483405.1_805 (length 169)
prokka_output/45709_F01_Reference/45709_F01_Reference:NZ_LS483405.1_806 (length 888)
prokka_output/45709_F01_Reference/45709_F01_Reference:NZ_LS483405.1_807 (length 440)
prokka_output/45709_F01_Reference/45709_F01_Reference:NZ_LS483405.1_808 (length 220)
prokka_output/45709_F01_Reference/45709_F01_Reference:NZ_LS483405.1_809 (length 334)
prokka_output/45709_F01_Reference/45709_F01_Reference:NZ_LS483405.1_810 (length 283)
prokka_output/45709_F01_Reference/45709_F01_Reference:NZ_LS483405.1_811 (length 175)
prokka_output/45709_F01_Reference/45709_F01_Reference:NZ_LS483405.1_812 (length 223)
prokka_output/45709_F01_Reference/45709_F01_Reference:NZ_LS483405.1_813 (length 268)
prokka_output/45709_F01_Reference/45709_F01_Reference:NZ_LS483405.1_814 (length 213)
prokka_output/45709_F01_Reference/45709_F01_Reference:NZ_LS483405.1_815 (length 211)
prokka_output/45709_F01_Reference/45709_F01_Reference:NZ_LS483405.1_816 (length 280)
prokka_output/45709_F01_Reference/45709_F01_Reference:NZ_LS483405.1_817 (length 431)
prokka_output/45709_F01_Reference/45709_F01_Reference:NZ_LS483405.1_818 (length 429)
prokka_output/45709_F01_Reference/45709_F01_Reference:NZ_LS483405.1_819 (length 301)
prokka_output/45709_F01_Reference/45709_F01_Reference:NZ_LS483405.1_820 (length 195)
prokka_output/45709_F01_Reference/45709_F01_Reference:NZ_LS483405.1_821 (length 416)
prokka_output/45709_F01_Reference/45709_F01_Reference:NZ_LS483405.1_822 (length 377)
prokka_output/45709_F01_Reference/45709_F01_Reference:NZ_LS483405.1_823 (length 50)
prokka_output/45709_F01_Reference/45709_F01_Reference:NZ_LS483405.1_824 (length 519)
prokka_output/45709_F01_Reference/45709_F01_Reference:NZ_LS483405.1_825 (length 264)
prokka_output/45709_F01_Reference/45709_F01_Reference:NZ_LS483405.1_826 (length 892)
prokka_output/45709_F01_Reference/45709_F01_Reference:NZ_LS483405.1_827 (length 672)
prokka_output/45709_F01_Reference/45709_F01_Reference:NZ_LS483405.1_828 (length 202)
prokka_output/45709_F01_Reference/45709_F01_Reference:NZ_LS483405.1_829 (length 338)
prokka_output/45709_F01_Reference/45709_F01_Reference:NZ_LS483405.1_830 (length 344)
prokka_output/45709_F01_Reference/45709_F01_Reference:NZ_LS483405.1_831 (length 381)
prokka_output/45709_F01_Reference/45709_F01_Reference:NZ_LS483405.1_832 (length 141)
prokka_output/45709_F01_Reference/45709_F01_Reference:NZ_LS483405.1_833 (length 370)
prokka_output/45709_F01_Reference/45709_F01_Reference:NZ_LS483405.1_834 (length 324)
prokka_output/45709_F01_Reference/45709_F01_Reference:NZ_LS483405.1_835 (length 452)
prokka_output/45709_F01_Reference/45709_F01_Reference:NZ_LS483405.1_836 (length 879)
prokka_output/45709_F01_Reference/45709_F01_Reference:NZ_LS483405.1_837 (length 90)
prokka_output/45709_F01_Reference/45709_F01_Reference:NZ_LS483405.1_838 (length 145)
prokka_output/45709_F01_Reference/45709_F01_Reference:NZ_LS483405.1_839 (length 103)
prokka_output/45709_F01_Reference/45709_F01_Reference:NZ_LS483405.1_840 (length 86)
prokka_output/45709_F01_Reference/45709_F01_Reference:NZ_LS483405.1_841 (length 178)
prokka_output/45709_F01_Reference/45709_F01_Reference:NZ_LS483405.1_842 (length 787)
prokka_output/45709_F01_Reference/45709_F01_Reference:NZ_LS483405.1_843 (length 105)
prokka_output/45709_F01_Reference/45709_F01_Reference:NZ_LS483405.1_844 (length 174)
prokka_output/45709_F01_Reference/45709_F01_Reference:NZ_LS483405.1_845 (length 276)
prokka_output/45709_F01_Reference/45709_F01_Reference:NZ_LS483405.1_846 (length 199)
prokka_output/45709_F01_Reference/45709_F01_Reference:NZ_LS483405.1_847 (length 172)
prokka_output/45709_F01_Reference/45709_F01_Reference:NZ_LS483405.1_848 (length 163)
prokka_output/45709_F01_Reference/45709_F01_Reference:NZ_LS483405.1_849 (length 61)
prokka_output/45709_F01_Reference/45709_F01_Reference:NZ_LS483405.1_850 (length 91)
prokka_output/45709_F01_Reference/45709_F01_Reference:NZ_LS483405.1_851 (length 228)
prokka_output/45709_F01_Reference/45709_F01_Reference:NZ_LS483405.1_852 (length 485)
prokka_output/45709_F01_Reference/45709_F01_Reference:NZ_LS483405.1_853 (length 368)
prokka_output/45709_F01_Reference/45709_F01_Reference:NZ_LS483405.1_854 (length 52)
prokka_output/45709_F01_Reference/45709_F01_Reference:NZ_LS483405.1_855 (length 98)
prokka_output/45709_F01_Reference/45709_F01_Reference:NZ_LS483405.1_856 (length 455)
prokka_output/45709_F01_Reference/45709_F01_Reference:NZ_LS483405.1_857 (length 293)
prokka_output/45709_F01_Reference/45709_F01_Reference:NZ_LS483405.1_858 (length 134)
prokka_output/45709_F01_Reference/45709_F01_Reference:NZ_LS483405.1_859 (length 120)
prokka_output/45709_F01_Reference/45709_F01_Reference:NZ_LS483405.1_860 (length 365)
prokka_output/45709_F01_Reference/45709_F01_Reference:NZ_LS483405.1_861 (length 333)
prokka_output/45709_F01_Reference/45709_F01_Reference:NZ_LS483405.1_862 (length 275)
prokka_output/45709_F01_Reference/45709_F01_Reference:NZ_LS483405.1_863 (length 246)
prokka_output/45709_F01_Reference/45709_F01_Reference:NZ_LS483405.1_864 (length 492)
prokka_output/45709_F01_Reference/45709_F01_Reference:NZ_LS483405.1_865 (length 245)
prokka_output/45709_F01_Reference/45709_F01_Reference:NZ_LS483405.1_866 (length 321)
prokka_output/45709_F01_Reference/45709_F01_Reference:NZ_LS483405.1_867 (length 317)
prokka_output/45709_F01_Reference/45709_F01_Reference:NZ_LS483405.1_868 (length 103)
prokka_output/45709_F01_Reference/45709_F01_Reference:NZ_LS483405.1_869 (length 149)
prokka_output/45709_F01_Reference/45709_F01_Reference:NZ_LS483405.1_870 (length 70)
prokka_output/45709_F01_Reference/45709_F01_Reference:NZ_LS483405.1_871 (length 140)
prokka_output/45709_F01_Reference/45709_F01_Reference:NZ_LS483405.1_872 (length 64)
prokka_output/45709_F01_Reference/45709_F01_Reference:NZ_LS483405.1_873 (length 340)
prokka_output/45709_F01_Reference/45709_F01_Reference:NZ_LS483405.1_874 (length 396)
prokka_output/45709_F01_Reference/45709_F01_Reference:NZ_LS483405.1_875 (length 467)
prokka_output/45709_F01_Reference/45709_F01_Reference:NZ_LS483405.1_876 (length 282)
prokka_output/45709_F01_Reference/45709_F01_Reference:NZ_LS483405.1_877 (length 202)
prokka_output/45709_F01_Reference/45709_F01_Reference:NZ_LS483405.1_878 (length 460)
prokka_output/45709_F01_Reference/45709_F01_Reference:NZ_LS483405.1_879 (length 220)
prokka_output/45709_F01_Reference/45709_F01_Reference:NZ_LS483405.1_880 (length 264)
prokka_output/45709_F01_Reference/45709_F01_Reference:NZ_LS483405.1_881 (length 209)
prokka_output/45709_F01_Reference/45709_F01_Reference:NZ_LS483405.1_882 (length 213)
prokka_output/45709_F01_Reference/45709_F01_Reference:NZ_LS483405.1_883 (length 741)
prokka_output/45709_F01_Reference/45709_F01_Reference:NZ_LS483405.1_884 (length 617)
prokka_output/45709_F01_Reference/45709_F01_Reference:NZ_LS483405.1_885 (length 468)
prokka_output/45709_F01_Reference/45709_F01_Reference:NZ_LS483405.1_886 (length 264)
prokka_output/45709_F01_Reference/45709_F01_Reference:NZ_LS483405.1_887 (length 279)
prokka_output/45709_F01_Reference/45709_F01_Reference:NZ_LS483405.1_888 (length 285)
prokka_output/45709_F01_Reference/45709_F01_Reference:NZ_LS483405.1_889 (length 117)
prokka_output/45709_F01_Reference/45709_F01_Reference:NZ_LS483405.1_890 (length 221)
prokka_output/45709_F01_Reference/45709_F01_Reference:NZ_LS483405.1_891 (length 169)
prokka_output/45709_F01_Reference/45709_F01_Reference:NZ_LS483405.1_892 (length 197)
prokka_output/45709_F01_Reference/45709_F01_Reference:NZ_LS483405.1_893 (length 129)
prokka_output/45709_F01_Reference/45709_F01_Reference:NZ_LS483405.1_894 (length 400)
prokka_output/45709_F01_Reference/45709_F01_Reference:NZ_LS483405.1_895 (length 167)
prokka_output/45709_F01_Reference/45709_F01_Reference:NZ_LS483405.1_896 (length 246)
prokka_output/45709_F01_Reference/45709_F01_Reference:NZ_LS483405.1_897 (length 92)
prokka_output/45709_F01_Reference/45709_F01_Reference:NZ_LS483405.1_898 (length 240)
prokka_output/45709_F01_Reference/45709_F01_Reference:NZ_LS483405.1_899 (length 271)
prokka_output/45709_F01_Reference/45709_F01_Reference:NZ_LS483405.1_900 (length 169)
prokka_output/45709_F01_Reference/45709_F01_Reference:NZ_LS483405.1_901 (length 440)
prokka_output/45709_F01_Reference/45709_F01_Reference:NZ_LS483405.1_902 (length 64)
prokka_output/45709_F01_Reference/45709_F01_Reference:NZ_LS483405.1_903 (length 188)
prokka_output/45709_F01_Reference/45709_F01_Reference:NZ_LS483405.1_904 (length 213)
prokka_output/45709_F01_Reference/45709_F01_Reference:NZ_LS483405.1_905 (length 809)
prokka_output/45709_F01_Reference/45709_F01_Reference:NZ_LS483405.1_906 (length 251)
prokka_output/45709_F01_Reference/45709_F01_Reference:NZ_LS483405.1_907 (length 224)
prokka_output/45709_F01_Reference/45709_F01_Reference:NZ_LS483405.1_908 (length 254)
prokka_output/45709_F01_Reference/45709_F01_Reference:NZ_LS483405.1_909 (length 106)
prokka_output/45709_F01_Reference/45709_F01_Reference:NZ_LS483405.1_910 (length 544)
prokka_output/45709_F01_Reference/45709_F01_Reference:NZ_LS483405.1_911 (length 229)
prokka_output/45709_F01_Reference/45709_F01_Reference:NZ_LS483405.1_912 (length 277)
prokka_output/45709_F01_Reference/45709_F01_Reference:NZ_LS483405.1_913 (length 466)
prokka_output/45709_F01_Reference/45709_F01_Reference:NZ_LS483405.1_914 (length 168)
prokka_output/45709_F01_Reference/45709_F01_Reference:NZ_LS483405.1_915 (length 51)
prokka_output/45709_F01_Reference/45709_F01_Reference:NZ_LS483405.1_916 (length 313)
prokka_output/45709_F01_Reference/45709_F01_Reference:NZ_LS483405.1_917 (length 452)
prokka_output/45709_F01_Reference/45709_F01_Reference:NZ_LS483405.1_918 (length 108)
prokka_output/45709_F01_Reference/45709_F01_Reference:NZ_LS483405.1_919 (length 110)
prokka_output/45709_F01_Reference/45709_F01_Reference:NZ_LS483405.1_920 (length 212)
prokka_output/45709_F01_Reference/45709_F01_Reference:NZ_LS483405.1_921 (length 965)
prokka_output/45709_F01_Reference/45709_F01_Reference:NZ_LS483405.1_922 (length 443)
prokka_output/45709_F01_Reference/45709_F01_Reference:NZ_LS483405.1_923 (length 242)
prokka_output/45709_F01_Reference/45709_F01_Reference:NZ_LS483405.1_924 (length 234)
prokka_output/45709_F01_Reference/45709_F01_Reference:NZ_LS483405.1_925 (length 449)
prokka_output/45709_F01_Reference/45709_F01_Reference:NZ_LS483405.1_926 (length 448)
prokka_output/45709_F01_Reference/45709_F01_Reference:NZ_LS483405.1_927 (length 886)
prokka_output/45709_F01_Reference/45709_F01_Reference:NZ_LS483405.1_928 (length 286)
prokka_output/45709_F01_Reference/45709_F01_Reference:NZ_LS483405.1_929 (length 209)
prokka_output/45709_F01_Reference/45709_F01_Reference:NZ_LS483405.1_930 (length 166)
prokka_output/45709_F01_Reference/45709_F01_Reference:NZ_LS483405.1_931 (length 456)
prokka_output/45709_F01_Reference/45709_F01_Reference:NZ_LS483405.1_932 (length 308)
prokka_output/45709_F01_Reference/45709_F01_Reference:NZ_LS483405.1_933 (length 647)
prokka_output/45709_F01_Reference/45709_F01_Reference:NZ_LS483405.1_934 (length 187)
prokka_output/45709_F01_Reference/45709_F01_Reference:NZ_LS483405.1_935 (length 64)
prokka_output/45709_F01_Reference/45709_F01_Reference:NZ_LS483405.1_936 (length 119)
prokka_output/45709_F01_Reference/45709_F01_Reference:NZ_LS483405.1_937 (length 523)
prokka_output/45709_F01_Reference/45709_F01_Reference:NZ_LS483405.1_938 (length 180)
prokka_output/45709_F01_Reference/45709_F01_Reference:NZ_LS483405.1_939 (length 380)
prokka_output/45709_F01_Reference/45709_F01_Reference:NZ_LS483405.1_940 (length 102)
prokka_output/45709_F01_Reference/45709_F01_Reference:NZ_LS483405.1_941 (length 210)
prokka_output/45709_F01_Reference/45709_F01_Reference:NZ_LS483405.1_942 (length 197)
prokka_output/45709_F01_Reference/45709_F01_Reference:NZ_LS483405.1_943 (length 118)
prokka_output/45709_F01_Reference/45709_F01_Reference:NZ_LS483405.1_944 (length 247)
prokka_output/45709_F01_Reference/45709_F01_Reference:NZ_LS483405.1_945 (length 382)
prokka_output/45709_F01_Reference/45709_F01_Reference:NZ_LS483405.1_946 (length 184)
prokka_output/45709_F01_Reference/45709_F01_Reference:NZ_LS483405.1_947 (length 62)
prokka_output/45709_F01_Reference/45709_F01_Reference:NZ_LS483405.1_948 (length 271)
prokka_output/45709_F01_Reference/45709_F01_Reference:NZ_LS483405.1_949 (length 104)
prokka_output/45709_F01_Reference/45709_F01_Reference:NZ_LS483405.1_950 (length 217)
prokka_output/45709_F01_Reference/45709_F01_Reference:NZ_LS483405.1_951 (length 338)
prokka_output/45709_F01_Reference/45709_F01_Reference:NZ_LS483405.1_952 (length 228)
prokka_output/45709_F01_Reference/45709_F01_Reference:NZ_LS483405.1_953 (length 536)
prokka_output/45709_F01_Reference/45709_F01_Reference:NZ_LS483405.1_954 (length 134)
prokka_output/45709_F01_Reference/45709_F01_Reference:NZ_LS483405.1_955 (length 300)
prokka_output/45709_F01_Reference/45709_F01_Reference:NZ_LS483405.1_956 (length 90)
prokka_output/45709_F01_Reference/45709_F01_Reference:NZ_LS483405.1_957 (length 256)
prokka_output/45709_F01_Reference/45709_F01_Reference:NZ_LS483405.1_958 (length 165)
prokka_output/45709_F01_Reference/45709_F01_Reference:NZ_LS483405.1_959 (length 124)
prokka_output/45709_F01_Reference/45709_F01_Reference:NZ_LS483405.1_960 (length 348)
prokka_output/45709_F01_Reference/45709_F01_Reference:NZ_LS483405.1_961 (length 802)
prokka_output/45709_F01_Reference/45709_F01_Reference:NZ_LS483405.1_962 (length 378)
prokka_output/45709_F01_Reference/45709_F01_Reference:NZ_LS483405.1_963 (length 224)
prokka_output/45709_F01_Reference/45709_F01_Reference:NZ_LS483405.1_964 (length 157)
prokka_output/45709_F01_Reference/45709_F01_Reference:NZ_LS483405.1_965 (length 102)
prokka_output/45709_F01_Reference/45709_F01_Reference:NZ_LS483405.1_966 (length 876)
prokka_output/45709_F01_Reference/45709_F01_Reference:NZ_LS483405.1_967 (length 69)
prokka_output/45709_F01_Reference/45709_F01_Reference:NZ_LS483405.1_968 (length 704)
prokka_output/45709_F01_Reference/45709_F01_Reference:NZ_LS483405.1_969 (length 49)
prokka_output/45709_F01_Reference/45709_F01_Reference:NZ_LS483405.1_970 (length 182)
prokka_output/45709_F01_Reference/45709_F01_Reference:NZ_LS483405.1_971 (length 226)
prokka_output/45709_F01_Reference/45709_F01_Reference:NZ_LS483405.1_972 (length 76)
prokka_output/45709_F01_Reference/45709_F01_Reference:NZ_LS483405.1_973 (length 323)
prokka_output/45709_F01_Reference/45709_F01_Reference:NZ_LS483405.1_974 (length 138)
prokka_output/45709_F01_Reference/45709_F01_Reference:NZ_LS483405.1_975 (length 58)
prokka_output/45709_F01_Reference/45709_F01_Reference:NZ_LS483405.1_976 (length 251)
prokka_output/45709_F01_Reference/45709_F01_Reference:NZ_LS483405.1_977 (length 307)
prokka_output/45709_F01_Reference/45709_F01_Reference:NZ_LS483405.1_978 (length 128)
prokka_output/45709_F01_Reference/45709_F01_Reference:NZ_LS483405.1_979 (length 446)
prokka_output/45709_F01_Reference/45709_F01_Reference:NZ_LS483405.1_980 (length 290)
prokka_output/45709_F01_Reference/45709_F01_Reference:NZ_LS483405.1_981 (length 313)
prokka_output/45709_F01_Reference/45709_F01_Reference:NZ_LS483405.1_982 (length 180)
prokka_output/45709_F01_Reference/45709_F01_Reference:NZ_LS483405.1_983 (length 175)
prokka_output/45709_F01_Reference/45709_F01_Reference:NZ_LS483405.1_984 (length 102)
prokka_output/45709_F01_Reference/45709_F01_Reference:NZ_LS483405.1_985 (length 112)
prokka_output/45709_F01_Reference/45709_F01_Reference:NZ_LS483405.1_986 (length 99)
prokka_output/45709_F01_Reference/45709_F01_Reference:NZ_LS483405.1_987 (length 354)
prokka_output/45709_F01_Reference/45709_F01_Reference:NZ_LS483405.1_988 (length 186)
prokka_output/45709_F01_Reference/45709_F01_Reference:NZ_LS483405.1_989 (length 146)
prokka_output/45709_F01_Reference/45709_F01_Reference:NZ_LS483405.1_990 (length 142)
prokka_output/45709_F01_Reference/45709_F01_Reference:NZ_LS483405.1_991 (length 288)
prokka_output/45709_F01_Reference/45709_F01_Reference:NZ_LS483405.1_992 (length 451)
prokka_output/45709_F01_Reference/45709_F01_Reference:NZ_LS483405.1_993 (length 81)
prokka_output/45709_F01_Reference/45709_F01_Reference:NZ_LS483405.1_994 (length 300)
prokka_output/45709_F01_Reference/45709_F01_Reference:NZ_LS483405.1_995 (length 271)
prokka_output/45709_F01_Reference/45709_F01_Reference:NZ_LS483405.1_996 (length 151)
prokka_output/45709_F01_Reference/45709_F01_Reference:NZ_LS483405.1_997 (length 566)
prokka_output/45709_F01_Reference/45709_F01_Reference:NZ_LS483405.1_998 (length 690)
prokka_output/45709_F01_Reference/45709_F01_Reference:NZ_LS483405.1_999 (length 153)
prokka_output/45709_F01_Reference/45709_F01_Reference:NZ_LS483405.1_1000 (length 107)
prokka_output/45709_F01_Reference/45709_F01_Reference:NZ_LS483405.1_1001 (length 204)
prokka_output/45709_F01_Reference/45709_F01_Reference:NZ_LS483405.1_1002 (length 71)
prokka_output/45709_F01_Reference/45709_F01_Reference:NZ_LS483405.1_1003 (length 403)
prokka_output/45709_F01_Reference/45709_F01_Reference:NZ_LS483405.1_1004 (length 805)
prokka_output/45709_F01_Reference/45709_F01_Reference:NZ_LS483405.1_1005 (length 314)
prokka_output/45709_F01_Reference/45709_F01_Reference:NZ_LS483405.1_1006 (length 447)
prokka_output/45709_F01_Reference/45709_F01_Reference:NZ_LS483405.1_1007 (length 248)
prokka_output/45709_F01_Reference/45709_F01_Reference:NZ_LS483405.1_1008 (length 669)
prokka_output/45709_F01_Reference/45709_F01_Reference:NZ_LS483405.1_1009 (length 298)
prokka_output/45709_F01_Reference/45709_F01_Reference:NZ_LS483405.1_1010 (length 217)
prokka_output/45709_F01_Reference/45709_F01_Reference:NZ_LS483405.1_1011 (length 224)
prokka_output/45709_F01_Reference/45709_F01_Reference:NZ_LS483405.1_1012 (length 61)
prokka_output/45709_F01_Reference/45709_F01_Reference:NZ_LS483405.1_1013 (length 120)
prokka_output/45709_F01_Reference/45709_F01_Reference:NZ_LS483405.1_1014 (length 565)
prokka_output/45709_F01_Reference/45709_F01_Reference:NZ_LS483405.1_1015 (length 677)
prokka_output/45709_F01_Reference/45709_F01_Reference:NZ_LS483405.1_1016 (length 345)
prokka_output/45709_F01_Reference/45709_F01_Reference:NZ_LS483405.1_1017 (length 83)
prokka_output/45709_F01_Reference/45709_F01_Reference:NZ_LS483405.1_1018 (length 229)
prokka_output/45709_F01_Reference/45709_F01_Reference:NZ_LS483405.1_1019 (length 1183)
prokka_output/45709_F01_Reference/45709_F01_Reference:NZ_LS483405.1_1020 (length 487)
prokka_output/45709_F01_Reference/45709_F01_Reference:NZ_LS483405.1_1021 (length 113)
prokka_output/45709_F01_Reference/45709_F01_Reference:NZ_LS483405.1_1022 (length 482)
prokka_output/45709_F01_Reference/45709_F01_Reference:NZ_LS483405.1_1023 (length 882)
prokka_output/45709_F01_Reference/45709_F01_Reference:NZ_LS483405.1_1024 (length 390)
prokka_output/45709_F01_Reference/45709_F01_Reference:NZ_LS483405.1_1025 (length 437)
prokka_output/45709_F01_Reference/45709_F01_Reference:NZ_LS483405.1_1026 (length 97)
prokka_output/45709_F01_Reference/45709_F01_Reference:NZ_LS483405.1_1027 (length 91)
prokka_output/45709_F01_Reference/45709_F01_Reference:NZ_LS483405.1_1028 (length 86)
prokka_output/45709_F01_Reference/45709_F01_Reference:NZ_LS483405.1_1029 (length 172)
prokka_output/45709_F01_Reference/45709_F01_Reference:NZ_LS483405.1_1030 (length 254)
prokka_output/45709_F01_Reference/45709_F01_Reference:NZ_LS483405.1_1031 (length 118)
prokka_output/45709_F01_Reference/45709_F01_Reference:NZ_LS483405.1_1032 (length 530)
prokka_output/45709_F01_Reference/45709_F01_Reference:NZ_LS483405.1_1033 (length 148)
prokka_output/45709_F01_Reference/45709_F01_Reference:NZ_LS483405.1_1034 (length 155)
prokka_output/45709_F01_Reference/45709_F01_Reference:NZ_LS483405.1_1035 (length 327)
prokka_output/45709_F01_Reference/45709_F01_Reference:NZ_LS483405.1_1036 (length 82)
prokka_output/45709_F01_Reference/45709_F01_Reference:NZ_LS483405.1_1037 (length 304)
prokka_output/45709_F01_Reference/45709_F01_Reference:NZ_LS483405.1_1038 (length 241)
prokka_output/45709_F01_Reference/45709_F01_Reference:NZ_LS483405.1_1039 (length 408)
prokka_output/45709_F01_Reference/45709_F01_Reference:NZ_LS483405.1_1040 (length 141)
prokka_output/45709_F01_Reference/45709_F01_Reference:NZ_LS483405.1_1041 (length 136)
prokka_output/45709_F01_Reference/45709_F01_Reference:NZ_LS483405.1_1042 (length 473)
prokka_output/45709_F01_Reference/45709_F01_Reference:NZ_LS483405.1_1043 (length 277)
prokka_output/45709_F01_Reference/45709_F01_Reference:NZ_LS483405.1_1044 (length 255)
prokka_output/45709_F01_Reference/45709_F01_Reference:NZ_LS483405.1_1045 (length 252)
prokka_output/45709_F01_Reference/45709_F01_Reference:NZ_LS483405.1_1046 (length 263)
prokka_output/45709_F01_Reference/45709_F01_Reference:NZ_LS483405.1_1047 (length 173)
prokka_output/45709_F01_Reference/45709_F01_Reference:NZ_LS483405.1_1048 (length 106)
prokka_output/45709_F01_Reference/45709_F01_Reference:NZ_LS483405.1_1049 (length 171)
prokka_output/45709_F01_Reference/45709_F01_Reference:NZ_LS483405.1_1050 (length 278)
prokka_output/45709_F01_Reference/45709_F01_Reference:NZ_LS483405.1_1051 (length 134)
prokka_output/45709_F01_Reference/45709_F01_Reference:NZ_LS483405.1_1052 (length 161)
prokka_output/45709_F01_Reference/45709_F01_Reference:NZ_LS483405.1_1053 (length 477)
prokka_output/45709_F01_Reference/45709_F01_Reference:NZ_LS483405.1_1054 (length 197)
prokka_output/45709_F01_Reference/45709_F01_Reference:NZ_LS483405.1_1055 (length 148)
prokka_output/45709_F01_Reference/45709_F01_Reference:NZ_LS483405.1_1056 (length 148)
prokka_output/45709_F01_Reference/45709_F01_Reference:NZ_LS483405.1_1057 (length 150)
prokka_output/45709_F01_Reference/45709_F01_Reference:NZ_LS483405.1_1058 (length 479)
prokka_output/45709_F01_Reference/45709_F01_Reference:NZ_LS483405.1_1059 (length 103)
prokka_output/45709_F01_Reference/45709_F01_Reference:NZ_LS483405.1_1060 (length 594)
prokka_output/45709_F01_Reference/45709_F01_Reference:NZ_LS483405.1_1061 (length 320)
prokka_output/45709_F01_Reference/45709_F01_Reference:NZ_LS483405.1_1062 (length 76)
prokka_output/45709_F01_Reference/45709_F01_Reference:NZ_LS483405.1_1063 (length 38)
prokka_output/45709_F01_Reference/45709_F01_Reference:NZ_LS483405.1_1064 (length 196)
prokka_output/45709_F01_Reference/45709_F01_Reference:NZ_LS483405.1_1065 (length 117)
prokka_output/45709_F01_Reference/45709_F01_Reference:NZ_LS483405.1_1066 (length 362)
prokka_output/45709_F01_Reference/45709_F01_Reference:NZ_LS483405.1_1067 (length 298)
prokka_output/45709_F01_Reference/45709_F01_Reference:NZ_LS483405.1_1068 (length 340)
prokka_output/45709_F01_Reference/45709_F01_Reference:NZ_LS483405.1_1069 (length 216)
prokka_output/45709_F01_Reference/45709_F01_Reference:NZ_LS483405.1_1070 (length 161)
prokka_output/45709_F01_Reference/45709_F01_Reference:NZ_LS483405.1_1071 (length 488)
prokka_output/45709_F01_Reference/45709_F01_Reference:NZ_LS483405.1_1072 (length 181)
prokka_output/45709_F01_Reference/45709_F01_Reference:NZ_LS483405.1_1073 (length 140)
prokka_output/45709_F01_Reference/45709_F01_Reference:NZ_LS483405.1_1074 (length 420)
prokka_output/45709_F01_Reference/45709_F01_Reference:NZ_LS483405.1_1075 (length 198)
prokka_output/45709_F01_Reference/45709_F01_Reference:NZ_LS483405.1_1076 (length 274)
prokka_output/45709_F01_Reference/45709_F01_Reference:NZ_LS483405.1_1077 (length 502)
prokka_output/45709_F01_Reference/45709_F01_Reference:NZ_LS483405.1_1078 (length 471)
prokka_output/45709_F01_Reference/45709_F01_Reference:NZ_LS483405.1_1079 (length 297)
prokka_output/45709_F01_Reference/45709_F01_Reference:NZ_LS483405.1_1080 (length 62)
prokka_output/45709_F01_Reference/45709_F01_Reference:NZ_LS483405.1_1081 (length 500)
prokka_output/45709_F01_Reference/45709_F01_Reference:NZ_LS483405.1_1082 (length 191)
prokka_output/45709_F01_Reference/45709_F01_Reference:NZ_LS483405.1_1083 (length 67)
prokka_output/45709_F01_Reference/45709_F01_Reference:NZ_LS483405.1_1084 (length 406)
prokka_output/45709_F01_Reference/45709_F01_Reference:NZ_LS483405.1_1085 (length 199)
prokka_output/45709_F01_Reference/45709_F01_Reference:NZ_LS483405.1_1086 (length 453)
prokka_output/45709_F01_Reference/45709_F01_Reference:NZ_LS483405.1_1087 (length 142)
prokka_output/45709_F01_Reference/45709_F01_Reference:NZ_LS483405.1_1088 (length 528)
prokka_output/45709_F01_Reference/45709_F01_Reference:NZ_LS483405.1_1089 (length 667)
prokka_output/45709_F01_Reference/45709_F01_Reference:NZ_LS483405.1_1090 (length 194)
prokka_output/45709_F01_Reference/45709_F01_Reference:NZ_LS483405.1_1091 (length 132)
prokka_output/45709_F01_Reference/45709_F01_Reference:NZ_LS483405.1_1092 (length 83)
prokka_output/45709_F01_Reference/45709_F01_Reference:NZ_LS483405.1_1093 (length 86)
prokka_output/45709_F01_Reference/45709_F01_Reference:NZ_LS483405.1_1094 (length 226)
prokka_output/45709_F01_Reference/45709_F01_Reference:NZ_LS483405.1_1095 (length 85)
prokka_output/45709_F01_Reference/45709_F01_Reference:NZ_LS483405.1_1096 (length 241)
prokka_output/45709_F01_Reference/45709_F01_Reference:NZ_LS483405.1_1097 (length 392)
prokka_output/45709_F01_Reference/45709_F01_Reference:NZ_LS483405.1_1098 (length 212)
prokka_output/45709_F01_Reference/45709_F01_Reference:NZ_LS483405.1_1099 (length 367)
prokka_output/45709_F01_Reference/45709_F01_Reference:NZ_LS483405.1_1100 (length 117)
prokka_output/45709_F01_Reference/45709_F01_Reference:NZ_LS483405.1_1101 (length 658)
prokka_output/45709_F01_Reference/45709_F01_Reference:NZ_LS483405.1_1102 (length 375)
prokka_output/45709_F01_Reference/45709_F01_Reference:NZ_LS483405.1_1103 (length 675)
prokka_output/45709_F01_Reference/45709_F01_Reference:NZ_LS483405.1_1104 (length 319)
prokka_output/45709_F01_Reference/45709_F01_Reference:NZ_LS483405.1_1105 (length 339)
prokka_output/45709_F01_Reference/45709_F01_Reference:NZ_LS483405.1_1106 (length 148)
prokka_output/45709_F01_Reference/45709_F01_Reference:NZ_LS483405.1_1107 (length 142)
prokka_output/45709_F01_Reference/45709_F01_Reference:NZ_LS483405.1_1108 (length 100)
prokka_output/45709_F01_Reference/45709_F01_Reference:NZ_LS483405.1_1109 (length 347)
prokka_output/45709_F01_Reference/45709_F01_Reference:NZ_LS483405.1_1110 (length 290)
prokka_output/45709_F01_Reference/45709_F01_Reference:NZ_LS483405.1_1111 (length 291)
prokka_output/45709_F01_Reference/45709_F01_Reference:NZ_LS483405.1_1112 (length 287)
prokka_output/45709_F01_Reference/45709_F01_Reference:NZ_LS483405.1_1113 (length 154)
prokka_output/45709_F01_Reference/45709_F01_Reference:NZ_LS483405.1_1114 (length 386)
prokka_output/45709_F01_Reference/45709_F01_Reference:NZ_LS483405.1_1115 (length 270)
prokka_output/45709_F01_Reference/45709_F01_Reference:NZ_LS483405.1_1116 (length 453)
prokka_output/45709_F01_Reference/45709_F01_Reference:NZ_LS483405.1_1117 (length 345)
prokka_output/45709_F01_Reference/45709_F01_Reference:NZ_LS483405.1_1118 (length 357)
prokka_output/45709_F01_Reference/45709_F01_Reference:NZ_LS483405.1_1119 (length 324)
prokka_output/45709_F01_Reference/45709_F01_Reference:NZ_LS483405.1_1120 (length 315)
prokka_output/45709_F01_Reference/45709_F01_Reference:NZ_LS483405.1_1121 (length 946)
prokka_output/45709_F01_Reference/45709_F01_Reference:NZ_LS483405.1_1122 (length 167)
prokka_output/45709_F01_Reference/45709_F01_Reference:NZ_LS483405.1_1123 (length 393)
prokka_output/45709_F01_Reference/45709_F01_Reference:NZ_LS483405.1_1124 (length 231)
prokka_output/45709_F01_Reference/45709_F01_Reference:NZ_LS483405.1_1125 (length 47)
prokka_output/45709_F01_Reference/45709_F01_Reference:NZ_LS483405.1_1126 (length 130)
prokka_output/45709_F01_Reference/45709_F01_Reference:NZ_LS483405.1_1127 (length 41)
prokka_output/45709_F01_Reference/45709_F01_Reference:NZ_LS483405.1_1128 (length 247)
prokka_output/45709_F01_Reference/45709_F01_Reference:NZ_LS483405.1_1129 (length 768)
prokka_output/45709_F01_Reference/45709_F01_Reference:NZ_LS483405.1_1130 (length 201)
prokka_output/45709_F01_Reference/45709_F01_Reference:NZ_LS483405.1_1131 (length 189)
prokka_output/45709_F01_Reference/45709_F01_Reference:NZ_LS483405.1_1132 (length 117)
prokka_output/45709_F01_Reference/45709_F01_Reference:NZ_LS483405.1_1133 (length 41)
prokka_output/45709_F01_Reference/45709_F01_Reference:NZ_LS483405.1_1134 (length 380)
prokka_output/45709_F01_Reference/45709_F01_Reference:NZ_LS483405.1_1135 (length 107)
prokka_output/45709_F01_Reference/45709_F01_Reference:NZ_LS483405.1_1136 (length 449)
prokka_output/45709_F01_Reference/45709_F01_Reference:NZ_LS483405.1_1137 (length 66)
prokka_output/45709_F01_Reference/45709_F01_Reference:NZ_LS483405.1_1138 (length 288)
prokka_output/45709_F01_Reference/45709_F01_Reference:NZ_LS483405.1_1139 (length 182)
prokka_output/45709_F01_Reference/45709_F01_Reference:NZ_LS483405.1_1140 (length 100)
prokka_output/45709_F01_Reference/45709_F01_Reference:NZ_LS483405.1_1141 (length 282)
prokka_output/45709_F01_Reference/45709_F01_Reference:NZ_LS483405.1_1142 (length 180)
prokka_output/45709_F01_Reference/45709_F01_Reference:NZ_LS483405.1_1143 (length 116)
prokka_output/45709_F01_Reference/45709_F01_Reference:NZ_LS483405.1_1144 (length 223)
prokka_output/45709_F01_Reference/45709_F01_Reference:NZ_LS483405.1_1145 (length 174)
prokka_output/45709_F01_Reference/45709_F01_Reference:NZ_LS483405.1_1146 (length 200)
prokka_output/45709_F01_Reference/45709_F01_Reference:NZ_LS483405.1_1147 (length 374)
prokka_output/45709_F01_Reference/45709_F01_Reference:NZ_LS483405.1_1148 (length 134)
prokka_output/45709_F01_Reference/45709_F01_Reference:NZ_LS483405.1_1149 (length 114)
prokka_output/45709_F01_Reference/45709_F01_Reference:NZ_LS483405.1_1150 (length 551)
prokka_output/45709_F01_Reference/45709_F01_Reference:NZ_LS483405.1_1151 (length 154)
prokka_output/45709_F01_Reference/45709_F01_Reference:NZ_LS483405.1_1152 (length 307)
prokka_output/45709_F01_Reference/45709_F01_Reference:NZ_LS483405.1_1153 (length 177)
prokka_output/45709_F01_Reference/45709_F01_Reference:NZ_LS483405.1_1154 (length 358)
prokka_output/45709_F01_Reference/45709_F01_Reference:NZ_LS483405.1_1155 (length 858)
prokka_output/45709_F01_Reference/45709_F01_Reference:NZ_LS483405.1_1156 (length 568)
prokka_output/45709_F01_Reference/45709_F01_Reference:NZ_LS483405.1_1157 (length 142)
prokka_output/45709_F01_Reference/45709_F01_Reference:NZ_LS483405.1_1158 (length 337)
prokka_output/45709_F01_Reference/45709_F01_Reference:NZ_LS483405.1_1159 (length 415)
prokka_output/45709_F01_Reference/45709_F01_Reference:NZ_LS483405.1_1160 (length 288)
prokka_output/45709_F01_Reference/45709_F01_Reference:NZ_LS483405.1_1161 (length 177)
prokka_output/45709_F01_Reference/45709_F01_Reference:NZ_LS483405.1_1162 (length 145)
prokka_output/45709_F01_Reference/45709_F01_Reference:NZ_LS483405.1_1163 (length 169)
prokka_output/45709_F01_Reference/45709_F01_Reference:NZ_LS483405.1_1164 (length 168)
prokka_output/45709_F01_Reference/45709_F01_Reference:NZ_LS483405.1_1165 (length 216)
prokka_output/45709_F01_Reference/45709_F01_Reference:NZ_LS483405.1_1166 (length 267)
prokka_output/45709_F01_Reference/45709_F01_Reference:NZ_LS483405.1_1167 (length 314)
prokka_output/45709_F01_Reference/45709_F01_Reference:NZ_LS483405.1_1168 (length 315)
prokka_output/45709_F01_Reference/45709_F01_Reference:NZ_LS483405.1_1169 (length 172)
prokka_output/45709_F01_Reference/45709_F01_Reference:NZ_LS483405.1_1170 (length 245)
prokka_output/45709_F01_Reference/45709_F01_Reference:NZ_LS483405.1_1171 (length 245)
prokka_output/45709_F01_Reference/45709_F01_Reference:NZ_LS483405.1_1172 (length 181)
prokka_output/45709_F01_Reference/45709_F01_Reference:NZ_LS483405.1_1173 (length 189)
prokka_output/45709_F01_Reference/45709_F01_Reference:NZ_LS483405.1_1174 (length 236)
prokka_output/45709_F01_Reference/45709_F01_Reference:NZ_LS483405.1_1175 (length 270)
prokka_output/45709_F01_Reference/45709_F01_Reference:NZ_LS483405.1_1176 (length 322)
prokka_output/45709_F01_Reference/45709_F01_Reference:NZ_LS483405.1_1177 (length 72)
prokka_output/45709_F01_Reference/45709_F01_Reference:NZ_LS483405.1_1178 (length 245)
prokka_output/45709_F01_Reference/45709_F01_Reference:NZ_LS483405.1_1179 (length 310)
prokka_output/45709_F01_Reference/45709_F01_Reference:NZ_LS483405.1_1180 (length 301)
prokka_output/45709_F01_Reference/45709_F01_Reference:NZ_LS483405.1_1181 (length 247)
prokka_output/45709_F01_Reference/45709_F01_Reference:NZ_LS483405.1_1182 (length 212)
prokka_output/45709_F01_Reference/45709_F01_Reference:NZ_LS483405.1_1183 (length 163)
prokka_output/45709_F01_Reference/45709_F01_Reference:NZ_LS483405.1_1184 (length 144)
prokka_output/45709_F01_Reference/45709_F01_Reference:NZ_LS483405.1_1185 (length 424)
prokka_output/45709_F01_Reference/45709_F01_Reference:NZ_LS483405.1_1186 (length 184)
prokka_output/45709_F01_Reference/45709_F01_Reference:NZ_LS483405.1_1187 (length 354)
prokka_output/45709_F01_Reference/45709_F01_Reference:NZ_LS483405.1_1188 (length 146)
prokka_output/45709_F01_Reference/45709_F01_Reference:NZ_LS483405.1_1189 (length 177)
prokka_output/45709_F01_Reference/45709_F01_Reference:NZ_LS483405.1_1190 (length 147)
prokka_output/45709_F01_Reference/45709_F01_Reference:NZ_LS483405.1_1191 (length 191)
prokka_output/45709_F01_Reference/45709_F01_Reference:NZ_LS483405.1_1192 (length 309)
prokka_output/45709_F01_Reference/45709_F01_Reference:NZ_LS483405.1_1193 (length 321)
prokka_output/45709_F01_Reference/45709_F01_Reference:NZ_LS483405.1_1194 (length 815)
prokka_output/45709_F01_Reference/45709_F01_Reference:NZ_LS483405.1_1195 (length 655)
prokka_output/45709_F01_Reference/45709_F01_Reference:NZ_LS483405.1_1196 (length 207)
prokka_output/45709_F01_Reference/45709_F01_Reference:NZ_LS483405.1_1197 (length 290)
prokka_output/45709_F01_Reference/45709_F01_Reference:NZ_LS483405.1_1198 (length 476)
prokka_output/45709_F01_Reference/45709_F01_Reference:NZ_LS483405.1_1199 (length 180)
prokka_output/45709_F01_Reference/45709_F01_Reference:NZ_LS483405.1_1200 (length 311)
prokka_output/45709_F01_Reference/45709_F01_Reference:NZ_LS483405.1_1201 (length 703)
prokka_output/45709_F01_Reference/45709_F01_Reference:NZ_LS483405.1_1202 (length 296)
prokka_output/45709_F01_Reference/45709_F01_Reference:NZ_LS483405.1_1203 (length 267)
prokka_output/45709_F01_Reference/45709_F01_Reference:NZ_LS483405.1_1204 (length 286)
prokka_output/45709_F01_Reference/45709_F01_Reference:NZ_LS483405.1_1205 (length 76)
prokka_output/45709_F01_Reference/45709_F01_Reference:NZ_LS483405.1_1206 (length 118)
prokka_output/45709_F01_Reference/45709_F01_Reference:NZ_LS483405.1_1207 (length 231)
prokka_output/45709_F01_Reference/45709_F01_Reference:NZ_LS483405.1_1208 (length 306)
prokka_output/45709_F01_Reference/45709_F01_Reference:NZ_LS483405.1_1209 (length 502)
prokka_output/45709_F01_Reference/45709_F01_Reference:NZ_LS483405.1_1210 (length 338)
prokka_output/45709_F01_Reference/45709_F01_Reference:NZ_LS483405.1_1211 (length 455)
prokka_output/45709_F01_Reference/45709_F01_Reference:NZ_LS483405.1_1212 (length 73)
prokka_output/45709_F01_Reference/45709_F01_Reference:NZ_LS483405.1_1213 (length 199)
prokka_output/45709_F01_Reference/45709_F01_Reference:NZ_LS483405.1_1214 (length 306)
prokka_output/45709_F01_Reference/45709_F01_Reference:NZ_LS483405.1_1215 (length 283)
prokka_output/45709_F01_Reference/45709_F01_Reference:NZ_LS483405.1_1216 (length 213)
prokka_output/45709_F01_Reference/45709_F01_Reference:NZ_LS483405.1_1217 (length 163)
prokka_output/45709_F01_Reference/45709_F01_Reference:NZ_LS483405.1_1218 (length 316)
prokka_output/45709_F01_Reference/45709_F01_Reference:NZ_LS483405.1_1219 (length 630)
prokka_output/45709_F01_Reference/45709_F01_Reference:NZ_LS483405.1_1220 (length 397)
prokka_output/45709_F01_Reference/45709_F01_Reference:NZ_LS483405.1_1221 (length 312)
prokka_output/45709_F01_Reference/45709_F01_Reference:NZ_LS483405.1_1222 (length 419)
prokka_output/45709_F01_Reference/45709_F01_Reference:NZ_LS483405.1_1223 (length 91)
prokka_output/45709_F01_Reference/45709_F01_Reference:NZ_LS483405.1_1224 (length 435)
prokka_output/45709_F01_Reference/45709_F01_Reference:NZ_LS483405.1_1225 (length 434)
prokka_output/45709_F01_Reference/45709_F01_Reference:NZ_LS483405.1_1226 (length 226)
prokka_output/45709_F01_Reference/45709_F01_Reference:NZ_LS483405.1_1227 (length 204)
prokka_output/45709_F01_Reference/45709_F01_Reference:NZ_LS483405.1_1228 (length 480)
prokka_output/45709_F01_Reference/45709_F01_Reference:NZ_LS483405.1_1229 (length 344)
prokka_output/45709_F01_Reference/45709_F01_Reference:NZ_LS483405.1_1230 (length 193)
prokka_output/45709_F01_Reference/45709_F01_Reference:NZ_LS483405.1_1231 (length 240)
prokka_output/45709_F01_Reference/45709_F01_Reference:NZ_LS483405.1_1232 (length 200)
prokka_output/45709_F01_Reference/45709_F01_Reference:NZ_LS483405.1_1233 (length 262)
prokka_output/45709_F01_Reference/45709_F01_Reference:NZ_LS483405.1_1234 (length 131)
prokka_output/45709_F01_Reference/45709_F01_Reference:NZ_LS483405.1_1235 (length 298)
prokka_output/45709_F01_Reference/45709_F01_Reference:NZ_LS483405.1_1236 (length 293)
prokka_output/45709_F01_Reference/45709_F01_Reference:NZ_LS483405.1_1237 (length 585)
prokka_output/45709_F01_Reference/45709_F01_Reference:NZ_LS483405.1_1238 (length 242)
prokka_output/45709_F01_Reference/45709_F01_Reference:NZ_LS483405.1_1239 (length 1121)
prokka_output/45709_F01_Reference/45709_F01_Reference:NZ_LS483405.1_1240 (length 870)
prokka_output/45709_F01_Reference/45709_F01_Reference:NZ_LS483405.1_1241 (length 413)
prokka_output/45709_F01_Reference/45709_F01_Reference:NZ_LS483405.1_1242 (length 268)
prokka_output/45709_F01_Reference/45709_F01_Reference:NZ_LS483405.1_1243 (length 235)
prokka_output/45709_F01_Reference/45709_F01_Reference:NZ_LS483405.1_1244 (length 1096)
prokka_output/45709_F01_Reference/45709_F01_Reference:NZ_LS483405.1_1245 (length 168)
prokka_output/45709_F01_Reference/45709_F01_Reference:NZ_LS483405.1_1246 (length 374)
prokka_output/45709_F01_Reference/45709_F01_Reference:NZ_LS483405.1_1247 (length 612)
prokka_output/45709_F01_Reference/45709_F01_Reference:NZ_LS483405.1_1248 (length 691)
prokka_output/45709_F01_Reference/45709_F01_Reference:NZ_LS483405.1_1249 (length 307)
prokka_output/45709_F01_Reference/45709_F01_Reference:NZ_LS483405.1_1250 (length 260)
prokka_output/45709_F01_Reference/45709_F01_Reference:NZ_LS483405.1_1251 (length 301)
prokka_output/45709_F01_Reference/45709_F01_Reference:NZ_LS483405.1_1252 (length 131)
prokka_output/45709_F01_Reference/45709_F01_Reference:NZ_LS483405.1_1253 (length 162)
prokka_output/45709_F01_Reference/45709_F01_Reference:NZ_LS483405.1_1254 (length 328)
prokka_output/45709_F01_Reference/45709_F01_Reference:NZ_LS483405.1_1255 (length 148)
prokka_output/45709_F01_Reference/45709_F01_Reference:NZ_LS483405.1_1256 (length 126)
prokka_output/45709_F01_Reference/45709_F01_Reference:NZ_LS483405.1_1257 (length 342)
prokka_output/45709_F01_Reference/45709_F01_Reference:NZ_LS483405.1_1258 (length 62)
prokka_output/45709_F01_Reference/45709_F01_Reference:NZ_LS483405.1_1259 (length 275)
prokka_output/45709_F01_Reference/45709_F01_Reference:NZ_LS483405.1_1260 (length 309)
prokka_output/45709_F01_Reference/45709_F01_Reference:NZ_LS483405.1_1261 (length 407)
prokka_output/45709_F01_Reference/45709_F01_Reference:NZ_LS483405.1_1262 (length 269)
prokka_output/45709_F01_Reference/45709_F01_Reference:NZ_LS483405.1_1263 (length 401)
prokka_output/45709_F01_Reference/45709_F01_Reference:NZ_LS483405.1_1264 (length 291)
prokka_output/45709_F01_Reference/45709_F01_Reference:NZ_LS483405.1_1265 (length 175)
prokka_output/45709_F01_Reference/45709_F01_Reference:NZ_LS483405.1_1266 (length 600)
prokka_output/45709_F01_Reference/45709_F01_Reference:NZ_LS483405.1_1267 (length 431)
prokka_output/45709_F01_Reference/45709_F01_Reference:NZ_LS483405.1_1268 (length 176)
prokka_output/45709_F01_Reference/45709_F01_Reference:NZ_LS483405.1_1269 (length 283)
prokka_output/45709_F01_Reference/45709_F01_Reference:NZ_LS483405.1_1270 (length 288)
prokka_output/45709_F01_Reference/45709_F01_Reference:NZ_LS483405.1_1271 (length 213)
prokka_output/45709_F01_Reference/45709_F01_Reference:NZ_LS483405.1_1272 (length 147)
prokka_output/45709_F01_Reference/45709_F01_Reference:NZ_LS483405.1_1273 (length 305)
prokka_output/45709_F01_Reference/45709_F01_Reference:NZ_LS483405.1_1274 (length 439)
prokka_output/45709_F01_Reference/45709_F01_Reference:NZ_LS483405.1_1275 (length 111)
prokka_output/45709_F01_Reference/45709_F01_Reference:NZ_LS483405.1_1276 (length 250)
prokka_output/45709_F01_Reference/45709_F01_Reference:NZ_LS483405.1_1277 (length 316)
prokka_output/45709_F01_Reference/45709_F01_Reference:NZ_LS483405.1_1278 (length 105)
prokka_output/45709_F01_Reference/45709_F01_Reference:NZ_LS483405.1_1279 (length 127)
prokka_output/45709_F01_Reference/45709_F01_Reference:NZ_LS483405.1_1280 (length 120)
prokka_output/45709_F01_Reference/45709_F01_Reference:NZ_LS483405.1_1281 (length 35)
prokka_output/45709_F01_Reference/45709_F01_Reference:NZ_LS483405.1_1282 (length 83)
prokka_output/45709_F01_Reference/45709_F01_Reference:NZ_LS483405.1_1283 (length 393)
prokka_output/45709_F01_Reference/45709_F01_Reference:NZ_LS483405.1_1284 (length 119)
prokka_output/45709_F01_Reference/45709_F01_Reference:NZ_LS483405.1_1285 (length 69)
prokka_output/45709_F01_Reference/45709_F01_Reference:NZ_LS483405.1_1286 (length 610)
prokka_output/45709_F01_Reference/45709_F01_Reference:NZ_LS483405.1_1287 (length 429)
prokka_output/45709_F01_Reference/45709_F01_Reference:NZ_LS483405.1_1288 (length 77)
prokka_output/45709_F01_Reference/45709_F01_Reference:NZ_LS483405.1_1289 (length 402)
prokka_output/45709_F01_Reference/45709_F01_Reference:NZ_LS483405.1_1290 (length 508)
prokka_output/45709_F01_Reference/45709_F01_Reference:NZ_LS483405.1_1291 (length 49)
prokka_output/45709_F01_Reference/45709_F01_Reference:NZ_LS483405.1_1292 (length 382)
prokka_output/45709_F01_Reference/45709_F01_Reference:NZ_LS483405.1_1293 (length 619)
prokka_output/45709_F01_Reference/45709_F01_Reference:NZ_LS483405.1_1294 (length 194)
prokka_output/45709_F01_Reference/45709_F01_Reference:NZ_LS483405.1_1295 (length 345)
prokka_output/45709_F01_Reference/45709_F01_Reference:NZ_LS483405.1_1296 (length 315)
prokka_output/45709_F01_Reference/45709_F01_Reference:NZ_LS483405.1_1297 (length 303)
prokka_output/45709_F01_Reference/45709_F01_Reference:NZ_LS483405.1_1298 (length 116)
prokka_output/45709_F01_Reference/45709_F01_Reference:NZ_LS483405.1_1299 (length 780)
prokka_output/45709_F01_Reference/45709_F01_Reference:NZ_LS483405.1_1300 (length 100)
prokka_output/45709_F01_Reference/45709_F01_Reference:NZ_LS483405.1_1301 (length 98)
prokka_output/45709_F01_Reference/45709_F01_Reference:NZ_LS483405.1_1302 (length 400)
prokka_output/45709_F01_Reference/45709_F01_Reference:NZ_LS483405.1_1303 (length 157)
prokka_output/45709_F01_Reference/45709_F01_Reference:NZ_LS483405.1_1304 (length 91)
prokka_output/45709_F01_Reference/45709_F01_Reference:NZ_LS483405.1_1305 (length 1445)
prokka_output/45709_F01_Reference/45709_F01_Reference:NZ_LS483405.1_1306 (length 569)
prokka_output/45709_F01_Reference/45709_F01_Reference:NZ_LS483405.1_1307 (length 425)
prokka_output/45709_F01_Reference/45709_F01_Reference:NZ_LS483405.1_1308 (length 263)
prokka_output/45709_F01_Reference/45709_F01_Reference:NZ_LS483405.1_1309 (length 262)
prokka_output/45709_F01_Reference/45709_F01_Reference:NZ_LS483405.1_1310 (length 140)
prokka_output/45709_F01_Reference/45709_F01_Reference:NZ_LS483405.1_1311 (length 185)
prokka_output/45709_F01_Reference/45709_F01_Reference:NZ_LS483405.1_1312 (length 240)
prokka_output/45709_F01_Reference/45709_F01_Reference:NZ_LS483405.1_1313 (length 294)
prokka_output/45709_F01_Reference/45709_F01_Reference:NZ_LS483405.1_1314 (length 267)
prokka_output/45709_F01_Reference/45709_F01_Reference:NZ_LS483405.1_1315 (length 239)
prokka_output/45709_F01_Reference/45709_F01_Reference:NZ_LS483405.1_1316 (length 332)
prokka_output/45709_F01_Reference/45709_F01_Reference:NZ_LS483405.1_1317 (length 89)
prokka_output/45709_F01_Reference/45709_F01_Reference:NZ_LS483405.1_1318 (length 248)
prokka_output/45709_F01_Reference/45709_F01_Reference:NZ_LS483405.1_1319 (length 213)
prokka_output/45709_F01_Reference/45709_F01_Reference:NZ_LS483405.1_1320 (length 597)
prokka_output/45709_F01_Reference/45709_F01_Reference:NZ_LS483405.1_1321 (length 105)
prokka_output/45709_F01_Reference/45709_F01_Reference:NZ_LS483405.1_1322 (length 468)
prokka_output/45709_F01_Reference/45709_F01_Reference:NZ_LS483405.1_1323 (length 74)
prokka_output/45709_F01_Reference/45709_F01_Reference:NZ_LS483405.1_1324 (length 82)
prokka_output/45709_F01_Reference/45709_F01_Reference:NZ_LS483405.1_1325 (length 209)
prokka_output/45709_F01_Reference/45709_F01_Reference:NZ_LS483405.1_1326 (length 146)
prokka_output/45709_F01_Reference/45709_F01_Reference:NZ_LS483405.1_1327 (length 196)
prokka_output/45709_F01_Reference/45709_F01_Reference:NZ_LS483405.1_1328 (length 389)
prokka_output/45709_F01_Reference/45709_F01_Reference:NZ_LS483405.1_1329 (length 293)
prokka_output/45709_F01_Reference/45709_F01_Reference:NZ_LS483405.1_1330 (length 220)
prokka_output/45709_F01_Reference/45709_F01_Reference:NZ_LS483405.1_1331 (length 60)
prokka_output/45709_F01_Reference/45709_F01_Reference:NZ_LS483405.1_1332 (length 154)
prokka_output/45709_F01_Reference/45709_F01_Reference:NZ_LS483405.1_1333 (length 68)
prokka_output/45709_F01_Reference/45709_F01_Reference:NZ_LS483405.1_1334 (length 145)
prokka_output/45709_F01_Reference/45709_F01_Reference:NZ_LS483405.1_1335 (length 132)
prokka_output/45709_F01_Reference/45709_F01_Reference:NZ_LS483405.1_1336 (length 296)
prokka_output/45709_F01_Reference/45709_F01_Reference:NZ_LS483405.1_1337 (length 132)
prokka_output/45709_F01_Reference/45709_F01_Reference:NZ_LS483405.1_1338 (length 70)
prokka_output/45709_F01_Reference/45709_F01_Reference:NZ_LS483405.1_1339 (length 151)
prokka_output/45709_F01_Reference/45709_F01_Reference:NZ_LS483405.1_1340 (length 172)
prokka_output/45709_F01_Reference/45709_F01_Reference:NZ_LS483405.1_1341 (length 773)
prokka_output/45709_F01_Reference/45709_F01_Reference:NZ_LS483405.1_1342 (length 129)
prokka_output/45709_F01_Reference/45709_F01_Reference:NZ_LS483405.1_1343 (length 317)
prokka_output/45709_F01_Reference/45709_F01_Reference:NZ_LS483405.1_1344 (length 91)
prokka_output/45709_F01_Reference/45709_F01_Reference:NZ_LS483405.1_1345 (length 251)
prokka_output/45709_F01_Reference/45709_F01_Reference:NZ_LS483405.1_1346 (length 431)
prokka_output/45709_F01_Reference/45709_F01_Reference:NZ_LS483405.1_1347 (length 605)
prokka_output/45709_F01_Reference/45709_F01_Reference:NZ_LS483405.1_1348 (length 62)
prokka_output/45709_F01_Reference/45709_F01_Reference:NZ_LS483405.1_1349 (length 99)
prokka_output/45709_F01_Reference/45709_F01_Reference:NZ_LS483405.1_1350 (length 197)
prokka_output/45709_F01_Reference/45709_F01_Reference:NZ_LS483405.1_1351 (length 418)
prokka_output/45709_F01_Reference/45709_F01_Reference:NZ_LS483405.1_1352 (length 436)
prokka_output/45709_F01_Reference/45709_F01_Reference:NZ_LS483405.1_1353 (length 396)
prokka_output/45709_F01_Reference/45709_F01_Reference:NZ_LS483405.1_1354 (length 309)
prokka_output/45709_F01_Reference/45709_F01_Reference:NZ_LS483405.1_1355 (length 610)
prokka_output/45709_F01_Reference/45709_F01_Reference:NZ_LS483405.1_1356 (length 89)
prokka_output/45709_F01_Reference/45709_F01_Reference:NZ_LS483405.1_1357 (length 84)
prokka_output/45709_F01_Reference/45709_F01_Reference:NZ_LS483405.1_1358 (length 259)
prokka_output/45709_F01_Reference/45709_F01_Reference:NZ_LS483405.1_1359 (length 176)
prokka_output/45709_F01_Reference/45709_F01_Reference:NZ_LS483405.1_1360 (length 342)
prokka_output/45709_F01_Reference/45709_F01_Reference:NZ_LS483405.1_1361 (length 755)
prokka_output/45709_F01_Reference/45709_F01_Reference:NZ_LS483405.1_1362 (length 159)
prokka_output/45709_F01_Reference/45709_F01_Reference:NZ_LS483405.1_1363 (length 231)
prokka_output/45709_F01_Reference/45709_F01_Reference:NZ_LS483405.1_1364 (length 349)
prokka_output/45709_F01_Reference/45709_F01_Reference:NZ_LS483405.1_1365 (length 161)
prokka_output/45709_F01_Reference/45709_F01_Reference:NZ_LS483405.1_1366 (length 187)
prokka_output/45709_F01_Reference/45709_F01_Reference:NZ_LS483405.1_1367 (length 95)
prokka_output/45709_F01_Reference/45709_F01_Reference:NZ_LS483405.1_1368 (length 384)
prokka_output/45709_F01_Reference/45709_F01_Reference:NZ_LS483405.1_1369 (length 614)
prokka_output/45709_F01_Reference/45709_F01_Reference:NZ_LS483405.1_1370 (length 263)
prokka_output/45709_F01_Reference/45709_F01_Reference:NZ_LS483405.1_1371 (length 93)
prokka_output/45709_F01_Reference/45709_F01_Reference:NZ_LS483405.1_1372 (length 302)
prokka_output/45709_F01_Reference/45709_F01_Reference:NZ_LS483405.1_1373 (length 475)
prokka_output/45709_F01_Reference/45709_F01_Reference:NZ_LS483405.1_1374 (length 439)
prokka_output/45709_F01_Reference/45709_F01_Reference:NZ_LS483405.1_1375 (length 325)
prokka_output/45709_F01_Reference/45709_F01_Reference:NZ_LS483405.1_1376 (length 371)
prokka_output/45709_F01_Reference/45709_F01_Reference:NZ_LS483405.1_1377 (length 186)
prokka_output/45709_F01_Reference/45709_F01_Reference:NZ_LS483405.1_1378 (length 165)
prokka_output/45709_F01_Reference/45709_F01_Reference:NZ_LS483405.1_1379 (length 72)
prokka_output/45709_F01_Reference/45709_F01_Reference:NZ_LS483405.1_1380 (length 559)
prokka_output/45709_F01_Reference/45709_F01_Reference:NZ_LS483405.1_1381 (length 319)
prokka_output/45709_F01_Reference/45709_F01_Reference:NZ_LS483405.1_1382 (length 68)
prokka_output/45709_F01_Reference/45709_F01_Reference:NZ_LS483405.1_1383 (length 532)
prokka_output/45709_F01_Reference/45709_F01_Reference:NZ_LS483405.1_1384 (length 349)
prokka_output/45709_F01_Reference/45709_F01_Reference:NZ_LS483405.1_1385 (length 296)
prokka_output/45709_F01_Reference/45709_F01_Reference:NZ_LS483405.1_1386 (length 674)
prokka_output/45709_F01_Reference/45709_F01_Reference:NZ_LS483405.1_1387 (length 306)
prokka_output/45709_F01_Reference/45709_F01_Reference:NZ_LS483405.1_1388 (length 335)
prokka_output/45709_F01_Reference/45709_F01_Reference:NZ_LS483405.1_1389 (length 329)
prokka_output/45709_F01_Reference/45709_F01_Reference:NZ_LS483405.1_1390 (length 246)
prokka_output/45709_F01_Reference/45709_F01_Reference:NZ_LS483405.1_1391 (length 549)
prokka_output/45709_F01_Reference/45709_F01_Reference:NZ_LS483405.1_1392 (length 495)
prokka_output/45709_F01_Reference/45709_F01_Reference:NZ_LS483405.1_1393 (length 292)
prokka_output/45709_F01_Reference/45709_F01_Reference:NZ_LS483405.1_1394 (length 229)
prokka_output/45709_F01_Reference/45709_F01_Reference:NZ_LS483405.1_1395 (length 230)
prokka_output/45709_F01_Reference/45709_F01_Reference:NZ_LS483405.1_1396 (length 328)
prokka_output/45709_F01_Reference/45709_F01_Reference:NZ_LS483405.1_1397 (length 841)
prokka_output/45709_F01_Reference/45709_F01_Reference:NZ_LS483405.1_1398 (length 226)
prokka_output/45709_F01_Reference/45709_F01_Reference:NZ_LS483405.1_1399 (length 218)
prokka_output/45709_F01_Reference/45709_F01_Reference:NZ_LS483405.1_1400 (length 394)
prokka_output/45709_F01_Reference/45709_F01_Reference:NZ_LS483405.1_1401 (length 113)
prokka_output/45709_F01_Reference/45709_F01_Reference:NZ_LS483405.1_1402 (length 398)
prokka_output/45709_F01_Reference/45709_F01_Reference:NZ_LS483405.1_1403 (length 230)
prokka_output/45709_F01_Reference/45709_F01_Reference:NZ_LS483405.1_1404 (length 97)
prokka_output/45709_F01_Reference/45709_F01_Reference:NZ_LS483405.1_1405 (length 180)
prokka_output/45709_F01_Reference/45709_F01_Reference:NZ_LS483405.1_1406 (length 74)
prokka_output/45709_F01_Reference/45709_F01_Reference:NZ_LS483405.1_1407 (length 937)
prokka_output/45709_F01_Reference/45709_F01_Reference:NZ_LS483405.1_1408 (length 236)
prokka_output/45709_F01_Reference/45709_F01_Reference:NZ_LS483405.1_1409 (length 259)
prokka_output/45709_F01_Reference/45709_F01_Reference:NZ_LS483405.1_1410 (length 94)
prokka_output/45709_F01_Reference/45709_F01_Reference:NZ_LS483405.1_1411 (length 143)
prokka_output/45709_F01_Reference/45709_F01_Reference:NZ_LS483405.1_1412 (length 419)
prokka_output/45709_F01_Reference/45709_F01_Reference:NZ_LS483405.1_1413 (length 442)
prokka_output/45709_F01_Reference/45709_F01_Reference:NZ_LS483405.1_1414 (length 289)
prokka_output/45709_F01_Reference/45709_F01_Reference:NZ_LS483405.1_1415 (length 364)
prokka_output/45709_F01_Reference/45709_F01_Reference:NZ_LS483405.1_1416 (length 459)
prokka_output/45709_F01_Reference/45709_F01_Reference:NZ_LS483405.1_1417 (length 323)
prokka_output/45709_F01_Reference/45709_F01_Reference:NZ_LS483405.1_1418 (length 719)
prokka_output/45709_F01_Reference/45709_F01_Reference:NZ_LS483405.1_1419 (length 131)
prokka_output/45709_F01_Reference/45709_F01_Reference:NZ_LS483405.1_1420 (length 314)
prokka_output/45709_F01_Reference/45709_F01_Reference:NZ_LS483405.1_1421 (length 143)
prokka_output/45709_F01_Reference/45709_F01_Reference:NZ_LS483405.1_1422 (length 117)
prokka_output/45709_F01_Reference/45709_F01_Reference:NZ_LS483405.1_1423 (length 40)
prokka_output/45709_F01_Reference/45709_F01_Reference:NZ_LS483405.1_1424 (length 781)
prokka_output/45709_F01_Reference/45709_F01_Reference:NZ_LS483405.1_1425 (length 170)
prokka_output/45709_F01_Reference/45709_F01_Reference:NZ_LS483405.1_1426 (length 284)
prokka_output/45709_F01_Reference/45709_F01_Reference:NZ_LS483405.1_1427 (length 395)
prokka_output/45709_F01_Reference/45709_F01_Reference:NZ_LS483405.1_1428 (length 210)
prokka_output/45709_F01_Reference/45709_F01_Reference:NZ_LS483405.1_1429 (length 66)
prokka_output/45709_F01_Reference/45709_F01_Reference:NZ_LS483405.1_1430 (length 501)
prokka_output/45709_F01_Reference/45709_F01_Reference:NZ_LS483405.1_1431 (length 507)
prokka_output/45709_F01_Reference/45709_F01_Reference:NZ_LS483405.1_1432 (length 68)
prokka_output/45709_F01_Reference/45709_F01_Reference:NZ_LS483405.1_1433 (length 125)
prokka_output/45709_F01_Reference/45709_F01_Reference:NZ_LS483405.1_1434 (length 118)
prokka_output/45709_F01_Reference/45709_F01_Reference:NZ_LS483405.1_1435 (length 260)
prokka_output/45709_F01_Reference/45709_F01_Reference:NZ_LS483405.1_1436 (length 299)
prokka_output/45709_F01_Reference/45709_F01_Reference:NZ_LS483405.1_1437 (length 267)
prokka_output/45709_F01_Reference/45709_F01_Reference:NZ_LS483405.1_1438 (length 219)
prokka_output/45709_F01_Reference/45709_F01_Reference:NZ_LS483405.1_1439 (length 212)
prokka_output/45709_F01_Reference/45709_F01_Reference:NZ_LS483405.1_1440 (length 287)
prokka_output/45709_F01_Reference/45709_F01_Reference:NZ_LS483405.1_1441 (length 601)
prokka_output/45709_F01_Reference/45709_F01_Reference:NZ_LS483405.1_1442 (length 364)
prokka_output/45709_F01_Reference/45709_F01_Reference:NZ_LS483405.1_1443 (length 215)
prokka_output/45709_F01_Reference/45709_F01_Reference:NZ_LS483405.1_1444 (length 263)
prokka_output/45709_F01_Reference/45709_F01_Reference:NZ_LS483405.1_1445 (length 408)
prokka_output/45709_F01_Reference/45709_F01_Reference:NZ_LS483405.1_1446 (length 244)
prokka_output/45709_F01_Reference/45709_F01_Reference:NZ_LS483405.1_1447 (length 152)
prokka_output/45709_F01_Reference/45709_F01_Reference:NZ_LS483405.1_1448 (length 106)
prokka_output/45709_F01_Reference/45709_F01_Reference:NZ_LS483405.1_1449 (length 305)
prokka_output/45709_F01_Reference/45709_F01_Reference:NZ_LS483405.1_1450 (length 324)
prokka_output/45709_F01_Reference/45709_F01_Reference:NZ_LS483405.1_1451 (length 874)
prokka_output/45709_F01_Reference/45709_F01_Reference:NZ_LS483405.1_1452 (length 404)
prokka_output/45709_F01_Reference/45709_F01_Reference:NZ_LS483405.1_1453 (length 114)
prokka_output/45709_F01_Reference/45709_F01_Reference:NZ_LS483405.1_1454 (length 698)
prokka_output/45709_F01_Reference/45709_F01_Reference:NZ_LS483405.1_1455 (length 155)
prokka_output/45709_F01_Reference/45709_F01_Reference:NZ_LS483405.1_1456 (length 563)
prokka_output/45709_F01_Reference/45709_F01_Reference:NZ_LS483405.1_1457 (length 73)
prokka_output/45709_F01_Reference/45709_F01_Reference:NZ_LS483405.1_1458 (length 419)
prokka_output/45709_F01_Reference/45709_F01_Reference:NZ_LS483405.1_1459 (length 177)
prokka_output/45709_F01_Reference/45709_F01_Reference:NZ_LS483405.1_1460 (length 113)
prokka_output/45709_F01_Reference/45709_F01_Reference:NZ_LS483405.1_1461 (length 683)
prokka_output/45709_F01_Reference/45709_F01_Reference:NZ_LS483405.1_1462 (length 574)
prokka_output/45709_F01_Reference/45709_F01_Reference:NZ_LS483405.1_1463 (length 674)
prokka_output/45709_F01_Reference/45709_F01_Reference:NZ_LS483405.1_1464 (length 455)
prokka_output/45709_F01_Reference/45709_F01_Reference:NZ_LS483405.1_1465 (length 99)
prokka_output/45709_F01_Reference/45709_F01_Reference:NZ_LS483405.1_1466 (length 149)
prokka_output/45709_F01_Reference/45709_F01_Reference:NZ_LS483405.1_1467 (length 237)
prokka_output/45709_F01_Reference/45709_F01_Reference:NZ_LS483405.1_1468 (length 418)
prokka_output/45709_F01_Reference/45709_F01_Reference:NZ_LS483405.1_1469 (length 627)
prokka_output/45709_F01_Reference/45709_F01_Reference:NZ_LS483405.1_1470 (length 232)
prokka_output/45709_F01_Reference/45709_F01_Reference:NZ_LS483405.1_1471 (length 469)
prokka_output/45709_F01_Reference/45709_F01_Reference:NZ_LS483405.1_1472 (length 78)
prokka_output/45709_F01_Reference/45709_F01_Reference:NZ_LS483405.1_1473 (length 600)
prokka_output/45709_F01_Reference/45709_F01_Reference:NZ_LS483405.1_1474 (length 723)
prokka_output/45709_F01_Reference/45709_F01_Reference:NZ_LS483405.1_1475 (length 83)
prokka_output/45709_F01_Reference/45709_F01_Reference:NZ_LS483405.1_1476 (length 142)
prokka_output/45709_F01_Reference/45709_F01_Reference:NZ_LS483405.1_1477 (length 836)
prokka_output/45709_F01_Reference/45709_F01_Reference:NZ_LS483405.1_1478 (length 97)
prokka_output/45709_F01_Reference/45709_F01_Reference:NZ_LS483405.1_1479 (length 172)
prokka_output/45709_F01_Reference/45709_F01_Reference:NZ_LS483405.1_1480 (length 158)
prokka_output/45709_F01_Reference/45709_F01_Reference:NZ_LS483405.1_1481 (length 226)
prokka_output/45709_F01_Reference/45709_F01_Reference:NZ_LS483405.1_1482 (length 81)
prokka_output/45709_F01_Reference/45709_F01_Reference:NZ_LS483405.1_1483 (length 320)
prokka_output/45709_F01_Reference/45709_F01_Reference:NZ_LS483405.1_1484 (length 904)
prokka_output/45709_F01_Reference/45709_F01_Reference:NZ_LS483405.1_1485 (length 223)
prokka_output/45709_F01_Reference/45709_F01_Reference:NZ_LS483405.1_1486 (length 256)
prokka_output/45709_F01_Reference/45709_F01_Reference:NZ_LS483405.1_1487 (length 215)
prokka_output/45709_F01_Reference/45709_F01_Reference:NZ_LS483405.1_1488 (length 108)
prokka_output/45709_F01_Reference/45709_F01_Reference:NZ_LS483405.1_1489 (length 491)
prokka_output/45709_F01_Reference/45709_F01_Reference:NZ_LS483405.1_1490 (length 395)
prokka_output/45709_F01_Reference/45709_F01_Reference:NZ_LS483405.1_1491 (length 235)
prokka_output/45709_F01_Reference/45709_F01_Reference:NZ_LS483405.1_1492 (length 113)
prokka_output/45709_F01_Reference/45709_F01_Reference:NZ_LS483405.1_1493 (length 189)
prokka_output/45709_F01_Reference/45709_F01_Reference:NZ_LS483405.1_1494 (length 107)
prokka_output/45709_F01_Reference/45709_F01_Reference:NZ_LS483405.1_1495 (length 178)
prokka_output/45709_F01_Reference/45709_F01_Reference:NZ_LS483405.1_1496 (length 155)
prokka_output/45709_F01_Reference/45709_F01_Reference:NZ_LS483405.1_1497 (length 83)
prokka_output/45709_F01_Reference/45709_F01_Reference:NZ_LS483405.1_1498 (length 134)
prokka_output/45709_F01_Reference/45709_F01_Reference:NZ_LS483405.1_1499 (length 139)
prokka_output/45709_F01_Reference/45709_F01_Reference:NZ_LS483405.1_1500 (length 60)
prokka_output/45709_F01_Reference/45709_F01_Reference:NZ_LS483405.1_1501 (length 181)
prokka_output/45709_F01_Reference/45709_F01_Reference:NZ_LS483405.1_1502 (length 85)
prokka_output/45709_F01_Reference/45709_F01_Reference:NZ_LS483405.1_1503 (length 350)
prokka_output/45709_F01_Reference/45709_F01_Reference:NZ_LS483405.1_1504 (length 171)
prokka_output/45709_F01_Reference/45709_F01_Reference:NZ_LS483405.1_1505 (length 134)
prokka_output/45709_F01_Reference/45709_F01_Reference:NZ_LS483405.1_1506 (length 56)
prokka_output/45709_F01_Reference/45709_F01_Reference:NZ_LS483405.1_1507 (length 43)
prokka_output/45709_F01_Reference/45709_F01_Reference:NZ_LS483405.1_1508 (length 156)
prokka_output/45709_F01_Reference/45709_F01_Reference:NZ_LS483405.1_1509 (length 160)
prokka_output/45709_F01_Reference/45709_F01_Reference:NZ_LS483405.1_1510 (length 159)
prokka_output/45709_F01_Reference/45709_F01_Reference:NZ_LS483405.1_1511 (length 147)
prokka_output/45709_F01_Reference/45709_F01_Reference:NZ_LS483405.1_1512 (length 164)
prokka_output/45709_F01_Reference/45709_F01_Reference:NZ_LS483405.1_1513 (length 510)
prokka_output/45709_F01_Reference/45709_F01_Reference:NZ_LS483405.1_1514 (length 237)
prokka_output/45709_F01_Reference/45709_F01_Reference:NZ_LS483405.1_1515 (length 382)
prokka_output/45709_F01_Reference/45709_F01_Reference:NZ_LS483405.1_1516 (length 128)
prokka_output/45709_F01_Reference/45709_F01_Reference:NZ_LS483405.1_1517 (length 137)
prokka_output/45709_F01_Reference/45709_F01_Reference:NZ_LS483405.1_1518 (length 417)
prokka_output/45709_F01_Reference/45709_F01_Reference:NZ_LS483405.1_1519 (length 154)
prokka_output/45709_F01_Reference/45709_F01_Reference:NZ_LS483405.1_1520 (length 325)
prokka_output/45709_F01_Reference/45709_F01_Reference:NZ_LS483405.1_1521 (length 1949)
prokka_output/45709_F01_Reference/45709_F01_Reference:NZ_LS483405.1_1522 (length 80)
prokka_output/45709_F01_Reference/45709_F01_Reference:NZ_LS483405.1_1523 (length 132)
prokka_output/45709_F01_Reference/45709_F01_Reference:NZ_LS483405.1_1524 (length 138)
prokka_output/45709_F01_Reference/45709_F01_Reference:NZ_LS483405.1_1525 (length 381)
prokka_output/45709_F01_Reference/45709_F01_Reference:NZ_LS483405.1_1526 (length 162)
prokka_output/45709_F01_Reference/45709_F01_Reference:NZ_LS483405.1_1527 (length 129)
prokka_output/45709_F01_Reference/45709_F01_Reference:NZ_LS483405.1_1528 (length 161)
prokka_output/45709_F01_Reference/45709_F01_Reference:NZ_LS483405.1_1529 (length 112)
prokka_output/45709_F01_Reference/45709_F01_Reference:NZ_LS483405.1_1530 (length 59)
prokka_output/45709_F01_Reference/45709_F01_Reference:NZ_LS483405.1_1531 (length 167)
prokka_output/45709_F01_Reference/45709_F01_Reference:NZ_LS483405.1_1532 (length 385)
prokka_output/45709_F01_Reference/45709_F01_Reference:NZ_LS483405.1_1533 (length 126)
prokka_output/45709_F01_Reference/45709_F01_Reference:NZ_LS483405.1_1534 (length 167)
prokka_output/45709_F01_Reference/45709_F01_Reference:NZ_LS483405.1_1535 (length 309)
prokka_output/45709_F01_Reference/45709_F01_Reference:NZ_LS483405.1_1536 (length 543)
prokka_output/45709_F01_Reference/45709_F01_Reference:NZ_LS483405.1_1537 (length 502)
prokka_output/45709_F01_Reference/45709_F01_Reference:NZ_LS483405.1_1538 (length 276)
prokka_output/45709_F01_Reference/45709_F01_Reference:NZ_LS483405.1_1539 (length 193)
prokka_output/45709_F01_Reference/45709_F01_Reference:NZ_LS483405.1_1540 (length 81)
prokka_output/45709_F01_Reference/45709_F01_Reference:NZ_LS483405.1_1541 (length 103)
prokka_output/45709_F01_Reference/45709_F01_Reference:NZ_LS483405.1_1542 (length 76)
prokka_output/45709_F01_Reference/45709_F01_Reference:NZ_LS483405.1_1543 (length 71)
prokka_output/45709_F01_Reference/45709_F01_Reference:NZ_LS483405.1_1544 (length 180)
prokka_output/45709_F01_Reference/45709_F01_Reference:NZ_LS483405.1_1545 (length 164)
prokka_output/45709_F01_Reference/45709_F01_Reference:NZ_LS483405.1_1546 (length 285)
prokka_output/45709_F01_Reference/45709_F01_Reference:NZ_LS483405.1_1547 (length 43)
prokka_output/45709_F01_Reference/45709_F01_Reference:NZ_LS483405.1_1548 (length 155)
prokka_output/45709_F01_Reference/45709_F01_Reference:NZ_LS483405.1_1549 (length 62)
prokka_output/45709_F01_Reference/45709_F01_Reference:NZ_LS483405.1_1550 (length 205)
prokka_output/45709_F01_Reference/45709_F01_Reference:NZ_LS483405.1_1551 (length 58)
prokka_output/45709_F01_Reference/45709_F01_Reference:NZ_LS483405.1_1552 (length 63)
prokka_output/45709_F01_Reference/45709_F01_Reference:NZ_LS483405.1_1553 (length 141)
prokka_output/45709_F01_Reference/45709_F01_Reference:NZ_LS483405.1_1554 (length 39)
prokka_output/45709_F01_Reference/45709_F01_Reference:NZ_LS483405.1_1555 (length 74)
prokka_output/45709_F01_Reference/45709_F01_Reference:NZ_LS483405.1_1556 (length 70)
prokka_output/45709_F01_Reference/45709_F01_Reference:NZ_LS483405.1_1557 (length 66)
prokka_output/45709_F01_Reference/45709_F01_Reference:NZ_LS483405.1_1558 (length 59)
prokka_output/45709_F01_Reference/45709_F01_Reference:NZ_LS483405.1_1559 (length 87)
prokka_output/45709_F01_Reference/45709_F01_Reference:NZ_LS483405.1_1560 (length 139)
prokka_output/45709_F01_Reference/45709_F01_Reference:NZ_LS483405.1_1561 (length 169)
prokka_output/45709_F01_Reference/45709_F01_Reference:NZ_LS483405.1_1562 (length 63)
prokka_output/45709_F01_Reference/45709_F01_Reference:NZ_LS483405.1_1563 (length 303)
prokka_output/45709_F01_Reference/45709_F01_Reference:NZ_LS483405.1_1564 (length 267)
prokka_output/45709_F01_Reference/45709_F01_Reference:NZ_LS483405.1_1565 (length 289)
prokka_output/45709_F01_Reference/45709_F01_Reference:NZ_LS483405.1_1566 (length 71)
prokka_output/45709_F01_Reference/45709_F01_Reference:NZ_LS483405.1_1567 (length 97)
prokka_output/45709_F01_Reference/45709_F01_Reference:NZ_LS483405.1_1568 (length 40)
prokka_output/45709_F01_Reference/45709_F01_Reference:NZ_LS483405.1_1569 (length 52)
prokka_output/45709_F01_Reference/45709_F01_Reference:NZ_LS483405.1_1570 (length 91)
prokka_output/45709_F01_Reference/45709_F01_Reference:NZ_LS483405.1_1571 (length 169)
prokka_output/45709_F01_Reference/45709_F01_Reference:NZ_LS483405.1_1572 (length 54)
prokka_output/45709_F01_Reference/45709_F01_Reference:NZ_LS483405.1_1573 (length 125)
prokka_output/45709_F01_Reference/45709_F01_Reference:NZ_LS483405.1_1574 (length 41)
prokka_output/45709_F01_Reference/45709_F01_Reference:NZ_LS483405.1_1575 (length 82)
prokka_output/45709_F01_Reference/45709_F01_Reference:NZ_LS483405.1_1576 (length 122)
prokka_output/45709_F01_Reference/45709_F01_Reference:NZ_LS483405.1_1577 (length 126)
prokka_output/45709_F01_Reference/45709_F01_Reference:NZ_LS483405.1_1578 (length 273)
prokka_output/45709_F01_Reference/45709_F01_Reference:NZ_LS483405.1_1579 (length 84)
prokka_output/45709_F01_Reference/45709_F01_Reference:NZ_LS483405.1_1580 (length 111)
prokka_output/45709_F01_Reference/45709_F01_Reference:NZ_LS483405.1_1581 (length 73)
prokka_output/45709_F01_Reference/45709_F01_Reference:NZ_LS483405.1_1582 (length 72)
prokka_output/45709_F01_Reference/45709_F01_Reference:NZ_LS483405.1_1583 (length 83)
prokka_output/45709_F01_Reference/45709_F01_Reference:NZ_LS483405.1_1584 (length 399)
prokka_output/45709_F01_Reference/45709_F01_Reference:NZ_LS483405.1_1585 (length 685)
prokka_output/45709_F01_Reference/45709_F01_Reference:NZ_LS483405.1_1586 (length 78)
prokka_output/45709_F01_Reference/45709_F01_Reference:NZ_LS483405.1_1587 (length 344)
prokka_output/45709_F01_Reference/45709_F01_Reference:NZ_LS483405.1_1588 (length 340)
prokka_output/45709_F01_Reference/45709_F01_Reference:NZ_LS483405.1_1589 (length 392)
prokka_output/45709_F01_Reference/45709_F01_Reference:NZ_LS483405.1_1590 (length 578)
prokka_output/45709_F01_Reference/45709_F01_Reference:NZ_LS483405.1_1591 (length 88)
prokka_output/45709_F01_Reference/45709_F01_Reference:NZ_LS483405.1_1592 (length 66)
prokka_output/45709_F01_Reference/45709_F01_Reference:NZ_LS483405.1_1593 (length 745)
prokka_output/45709_F01_Reference/45709_F01_Reference:NZ_LS483405.1_1594 (length 363)
prokka_output/45709_F01_Reference/45709_F01_Reference:NZ_LS483405.1_1595 (length 868)
prokka_output/45709_F01_Reference/45709_F01_Reference:NZ_LS483405.1_1596 (length 477)
prokka_output/45709_F01_Reference/45709_F01_Reference:NZ_LS483405.1_1597 (length 450)
prokka_output/45709_F01_Reference/45709_F01_Reference:NZ_LS483405.1_1598 (length 705)
prokka_output/45709_F01_Reference/45709_F01_Reference:NZ_LS483405.1_1599 (length 525)
prokka_output/45709_F01_Reference/45709_F01_Reference:NZ_LS483405.1_1600 (length 182)
prokka_output/45709_F01_Reference/45709_F01_Reference:NZ_LS483405.1_1601 (length 674)
prokka_output/45709_F01_Reference/45709_F01_Reference:NZ_LS483405.1_1602 (length 294)
prokka_output/45709_F01_Reference/45709_F01_Reference:NZ_LS483405.1_1603 (length 138)
prokka_output/45709_F01_Reference/45709_F01_Reference:NZ_LS483405.1_1604 (length 380)
prokka_output/45709_F01_Reference/45709_F01_Reference:NZ_LS483405.1_1605 (length 185)
prokka_output/45709_F01_Reference/45709_F01_Reference:NZ_LS483405.1_1606 (length 81)
prokka_output/45709_F01_Reference/45709_F01_Reference:NZ_LS483405.1_1607 (length 392)
prokka_output/45709_F01_Reference/45709_F01_Reference:NZ_LS483405.1_1608 (length 266)
prokka_output/45709_F01_Reference/45709_F01_Reference:NZ_LS483405.1_1609 (length 149)
prokka_output/45709_F01_Reference/45709_F01_Reference:NZ_LS483405.1_1610 (length 303)
prokka_output/45709_F01_Reference/45709_F01_Reference:NZ_LS483405.1_1611 (length 283)
prokka_output/45709_F01_Reference/45709_F01_Reference:NZ_LS483405.1_1612 (length 376)
prokka_output/45709_F01_Reference/45709_F01_Reference:NZ_LS483405.1_1613 (length 313)
prokka_output/45709_F01_Reference/45709_F01_Reference:NZ_LS483405.1_1614 (length 451)
prokka_output/45709_F01_Reference/45709_F01_Reference:NZ_LS483405.1_1615 (length 150)
prokka_output/45709_F01_Reference/45709_F01_Reference:NZ_LS483405.1_1616 (length 62)
prokka_output/45709_F01_Reference/45709_F01_Reference:NZ_LS483405.1_1617 (length 441)
prokka_output/45709_F01_Reference/45709_F01_Reference:NZ_LS483405.1_1618 (length 334)
prokka_output/45709_F01_Reference/45709_F01_Reference:NZ_LS483405.1_1619 (length 120)
prokka_output/45709_F01_Reference/45709_F01_Reference:NZ_LS483405.1_1620 (length 253)
prokka_output/45709_F01_Reference/45709_F01_Reference:NZ_LS483405.1_1621 (length 286)
prokka_output/45709_F01_Reference/45709_F01_Reference:NZ_LS483405.1_1622 (length 515)
prokka_output/45709_F01_Reference/45709_F01_Reference:NZ_LS483405.1_1623 (length 452)
prokka_output/45709_F01_Reference/45709_F01_Reference:NZ_LS483405.1_1624 (length 439)
prokka_output/45709_F01_Reference/45709_F01_Reference:NZ_LS483405.1_1625 (length 449)
prokka_output/45709_F01_Reference/45709_F01_Reference:NZ_LS483405.1_1626 (length 131)
prokka_output/45709_F01_Reference/45709_F01_Reference:NZ_LS483405.1_1627 (length 505)
prokka_output/45709_F01_Reference/45709_F01_Reference:NZ_LS483405.1_1628 (length 432)
prokka_output/45709_F01_Reference/45709_F01_Reference:NZ_LS483405.1_1629 (length 319)
prokka_output/45709_F01_Reference/45709_F01_Reference:NZ_LS483405.1_1630 (length 235)
prokka_output/45709_F01_Reference/45709_F01_Reference:NZ_LS483405.1_1631 (length 395)
prokka_output/45709_F01_Reference/45709_F01_Reference:NZ_LS483405.1_1632 (length 229)
prokka_output/45709_F01_Reference/45709_F01_Reference:NZ_LS483405.1_1633 (length 79)
prokka_output/45709_F01_Reference/45709_F01_Reference:NZ_LS483405.1_1634 (length 118)
prokka_output/45709_F01_Reference/45709_F01_Reference:NZ_LS483405.1_1635 (length 261)
prokka_output/45709_F01_Reference/45709_F01_Reference:NZ_LS483405.1_1636 (length 354)
prokka_output/45709_F01_Reference/45709_F01_Reference:NZ_LS483405.1_1637 (length 114)
prokka_output/45709_F01_Reference/45709_F01_Reference:NZ_LS483405.1_1638 (length 395)
prokka_output/45709_F01_Reference/45709_F01_Reference:NZ_LS483405.1_1639 (length 373)
prokka_output/45709_F01_Reference/45709_F01_Reference:NZ_LS483405.1_1640 (length 477)
prokka_output/45709_F01_Reference/45709_F01_Reference:NZ_LS483405.1_1641 (length 159)
prokka_output/45709_F01_Reference/45709_F01_Reference:NZ_LS483405.1_1642 (length 191)
prokka_output/45709_F01_Reference/45709_F01_Reference:NZ_LS483405.1_1643 (length 90)
prokka_output/45709_F01_Reference/45709_F01_Reference:NZ_LS483405.1_1644 (length 173)
prokka_output/45709_F01_Reference/45709_F01_Reference:NZ_LS483405.1_1645 (length 208)
prokka_output/45709_F01_Reference/45709_F01_Reference:NZ_LS483405.1_1646 (length 96)
prokka_output/45709_F01_Reference/45709_F01_Reference:NZ_LS483405.1_1647 (length 162)
prokka_output/45709_F01_Reference/45709_F01_Reference:NZ_LS483405.1_1648 (length 117)
prokka_output/45709_F01_Reference/45709_F01_Reference:NZ_LS483405.1_1649 (length 616)
prokka_output/45709_F01_Reference/45709_F01_Reference:NZ_LS483405.1_1650 (length 175)
prokka_output/45709_F01_Reference/45709_F01_Reference:NZ_LS483405.1_1651 (length 239)
prokka_output/45709_F01_Reference/45709_F01_Reference:NZ_LS483405.1_1652 (length 558)
prokka_output/45709_F01_Reference/45709_F01_Reference:NZ_LS483405.1_1653 (length 238)
prokka_output/45709_F01_Reference/45709_F01_Reference:NZ_LS483405.1_1654 (length 92)
prokka_output/45709_F01_Reference/45709_F01_Reference:NZ_LS483405.1_1655 (length 362)
prokka_output/45709_F01_Reference/45709_F01_Reference:NZ_LS483405.1_1656 (length 235)
prokka_output/45709_F01_Reference/45709_F01_Reference:NZ_LS483405.1_1657 (length 143)
prokka_output/45709_F01_Reference/45709_F01_Reference:NZ_LS483405.1_1658 (length 455)
prokka_output/45709_F01_Reference/45709_F01_Reference:NZ_LS483405.1_1659 (length 339)
prokka_output/45709_F01_Reference/45709_F01_Reference:NZ_LS483405.1_1660 (length 473)
prokka_output/45709_F01_Reference/45709_F01_Reference:NZ_LS483405.1_1661 (length 489)
prokka_output/45709_F01_Reference/45709_F01_Reference:NZ_LS483405.1_1662 (length 103)
prokka_output/45709_F01_Reference/45709_F01_Reference:NZ_LS483405.1_1663 (length 381)
prokka_output/45709_F01_Reference/45709_F01_Reference:NZ_LS483405.1_1664 (length 676)
prokka_output/45709_F01_Reference/45709_F01_Reference:NZ_LS483405.1_1665 (length 750)
prokka_output/45709_F01_Reference/45709_F01_Reference:NZ_LS483405.1_1666 (length 381)
prokka_output/45709_F01_Reference/45709_F01_Reference:NZ_LS483405.1_1667 (length 192)
prokka_output/45709_F01_Reference/45709_F01_Reference:NZ_LS483405.1_1668 (length 302)
prokka_output/45709_F01_Reference/45709_F01_Reference:NZ_LS483405.1_1669 (length 325)
prokka_output/45709_F01_Reference/45709_F01_Reference:NZ_LS483405.1_1670 (length 579)
prokka_output/45709_F01_Reference/45709_F01_Reference:NZ_LS483405.1_1671 (length 577)
prokka_output/45709_F01_Reference/45709_F01_Reference:NZ_LS483405.1_1672 (length 336)
prokka_output/45709_F01_Reference/45709_F01_Reference:NZ_LS483405.1_1673 (length 483)
prokka_output/45709_F01_Reference/45709_F01_Reference:NZ_LS483405.1_1674 (length 315)
prokka_output/45709_F01_Reference/45709_F01_Reference:NZ_LS483405.1_1675 (length 335)
prokka_output/45709_F01_Reference/45709_F01_Reference:NZ_LS483405.1_1676 (length 355)
prokka_output/45709_F01_Reference/45709_F01_Reference:NZ_LS483405.1_1677 (length 280)
prokka_output/45709_F01_Reference/45709_F01_Reference:NZ_LS483405.1_1678 (length 342)
prokka_output/45709_F01_Reference/45709_F01_Reference:NZ_LS483405.1_1679 (length 193)
prokka_output/45709_F01_Reference/45709_F01_Reference:NZ_LS483405.1_1680 (length 296)
prokka_output/45709_F01_Reference/45709_F01_Reference:NZ_LS483405.1_1681 (length 341)
prokka_output/45709_F01_Reference/45709_F01_Reference:NZ_LS483405.1_1682 (length 224)
prokka_output/45709_F01_Reference/45709_F01_Reference:NZ_LS483405.1_1683 (length 466)
prokka_output/45709_F01_Reference/45709_F01_Reference:NZ_LS483405.1_1684 (length 433)
prokka_output/45709_F01_Reference/45709_F01_Reference:NZ_LS483405.1_1685 (length 316)
prokka_output/45709_F01_Reference/45709_F01_Reference:NZ_LS483405.1_1686 (length 236)
prokka_output/45709_F01_Reference/45709_F01_Reference:NZ_LS483405.1_1687 (length 366)
prokka_output/45709_F01_Reference/45709_F01_Reference:NZ_LS483405.1_1688 (length 222)
prokka_output/45709_F01_Reference/45709_F01_Reference:NZ_LS483405.1_1689 (length 260)
prokka_output/45709_F01_Reference/45709_F01_Reference:NZ_LS483405.1_1690 (length 256)
prokka_output/45709_F01_Reference/45709_F01_Reference:NZ_LS483405.1_1691 (length 263)
prokka_output/45709_F01_Reference/45709_F01_Reference:NZ_LS483405.1_1692 (length 351)
prokka_output/45709_F01_Reference/45709_F01_Reference:NZ_LS483405.1_1693 (length 339)
prokka_output/45709_F01_Reference/45709_F01_Reference:NZ_LS483405.1_1694 (length 470)
prokka_output/45709_F01_Reference/45709_F01_Reference:NZ_LS483405.1_1695 (length 335)
prokka_output/45709_F01_Reference/45709_F01_Reference:NZ_LS483405.1_1696 (length 157)
prokka_output/45709_F01_Reference/45709_F01_Reference:NZ_LS483405.1_1697 (length 399)
prokka_output/45709_F01_Reference/45709_F01_Reference:NZ_LS483405.1_1698 (length 201)
prokka_output/45709_F01_Reference/45709_F01_Reference:NZ_LS483405.1_1699 (length 350)
prokka_output/45709_F01_Reference/45709_F01_Reference:NZ_LS483405.1_1700 (length 220)
prokka_output/45709_F01_Reference/45709_F01_Reference:NZ_LS483405.1_1701 (length 450)
prokka_output/45709_F01_Reference/45709_F01_Reference:NZ_LS483405.1_1702 (length 322)
prokka_output/45709_F01_Reference/45709_F01_Reference:NZ_LS483405.1_1703 (length 130)
prokka_output/45709_F01_Reference/45709_F01_Reference:NZ_LS483405.1_1704 (length 147)
prokka_output/45709_F01_Reference/45709_F01_Reference:NZ_LS483405.1_1705 (length 265)
prokka_output/45709_F01_Reference/45709_F01_Reference:NZ_LS483405.1_1706 (length 266)
prokka_output/45709_F01_Reference/45709_F01_Reference:NZ_LS483405.1_1707 (length 290)
prokka_output/45709_F01_Reference/45709_F01_Reference:NZ_LS483405.1_1708 (length 279)
prokka_output/45709_F01_Reference/45709_F01_Reference:NZ_LS483405.1_1709 (length 127)
prokka_output/45709_F01_Reference/45709_F01_Reference:NZ_LS483405.1_1710 (length 316)
prokka_output/45709_F01_Reference/45709_F01_Reference:NZ_LS483405.1_1711 (length 129)
prokka_output/45709_F01_Reference/45709_F01_Reference:NZ_LS483405.1_1712 (length 121)
prokka_output/45709_F01_Reference/45709_F01_Reference:NZ_LS483405.1_1713 (length 72)
prokka_output/45709_F01_Reference/45709_F01_Reference:NZ_LS483405.1_1714 (length 219)
prokka_output/45709_F01_Reference/45709_F01_Reference:NZ_LS483405.1_1715 (length 436)
prokka_output/45709_F01_Reference/45709_F01_Reference:NZ_LS483405.1_1716 (length 144)
prokka_output/45709_F01_Reference/45709_F01_Reference:NZ_LS483405.1_1717 (length 60)
prokka_output/45709_F01_Reference/45709_F01_Reference:NZ_LS483405.1_1718 (length 167)
prokka_output/45709_F01_Reference/45709_F01_Reference:NZ_LS483405.1_1719 (length 118)
prokka_output/45709_F01_Reference/45709_F01_Reference:NZ_LS483405.1_1720 (length 178)
prokka_output/45709_F01_Reference/45709_F01_Reference:NZ_LS483405.1_1721 (length 132)
prokka_output/45709_F01_Reference/45709_F01_Reference:NZ_LS483405.1_1722 (length 180)
prokka_output/45709_F01_Reference/45709_F01_Reference:NZ_LS483405.1_1723 (length 103)
prokka_output/45709_F01_Reference/45709_F01_Reference:NZ_LS483405.1_1724 (length 122)
prokka_output/45709_F01_Reference/45709_F01_Reference:NZ_LS483405.1_1725 (length 88)
prokka_output/45709_F01_Reference/45709_F01_Reference:NZ_LS483405.1_1726 (length 64)
prokka_output/45709_F01_Reference/45709_F01_Reference:NZ_LS483405.1_1727 (length 144)
prokka_output/45709_F01_Reference/45709_F01_Reference:NZ_LS483405.1_1728 (length 219)
prokka_output/45709_F01_Reference/45709_F01_Reference:NZ_LS483405.1_1729 (length 118)
prokka_output/45709_F01_Reference/45709_F01_Reference:NZ_LS483405.1_1730 (length 91)
prokka_output/45709_F01_Reference/45709_F01_Reference:NZ_LS483405.1_1731 (length 282)
prokka_output/45709_F01_Reference/45709_F01_Reference:NZ_LS483405.1_1732 (length 95)
prokka_output/45709_F01_Reference/45709_F01_Reference:NZ_LS483405.1_1733 (length 207)
prokka_output/45709_F01_Reference/45709_F01_Reference:NZ_LS483405.1_1734 (length 216)
prokka_output/45709_F01_Reference/45709_F01_Reference:NZ_LS483405.1_1735 (length 102)
prokka_output/45709_F01_Reference/45709_F01_Reference:NZ_LS483405.1_1736 (length 445)
prokka_output/45709_F01_Reference/45709_F01_Reference:NZ_LS483405.1_1737 (length 699)
prokka_output/45709_F01_Reference/45709_F01_Reference:NZ_LS483405.1_1738 (length 156)
prokka_output/45709_F01_Reference/45709_F01_Reference:NZ_LS483405.1_1739 (length 137)
prokka_output/45709_F01_Reference/45709_F01_Reference:NZ_LS483405.1_1740 (length 215)
prokka_output/45709_F01_Reference/45709_F01_Reference:NZ_LS483405.1_1741 (length 1215)
prokka_output/45709_F01_Reference/45709_F01_Reference:NZ_LS483405.1_1742 (length 1198)
prokka_output/45709_F01_Reference/45709_F01_Reference:NZ_LS483405.1_1743 (length 201)
prokka_output/45709_F01_Reference/45709_F01_Reference:NZ_LS483405.1_1744 (length 828)
prokka_output/45709_F01_Reference/45709_F01_Reference:NZ_LS483405.1_1745 (length 155)
prokka_output/45709_F01_Reference/45709_F01_Reference:NZ_LS483405.1_1746 (length 423)
prokka_output/45709_F01_Reference/45709_F01_Reference:NZ_LS483405.1_1747 (length 210)
prokka_output/45709_F01_Reference/45709_F01_Reference:NZ_LS483405.1_1748 (length 499)
prokka_output/45709_F01_Reference/45709_F01_Reference:NZ_LS483405.1_1749 (length 184)
prokka_output/45709_F01_Reference/45709_F01_Reference:NZ_LS483405.1_1750 (length 264)
prokka_output/45709_F01_Reference/45709_F01_Reference:NZ_LS483405.1_1751 (length 222)
prokka_output/45709_F01_Reference/45709_F01_Reference:NZ_LS483405.1_1752 (length 149)
prokka_output/45709_F01_Reference/45709_F01_Reference:NZ_LS483405.1_1753 (length 253)
prokka_output/45709_F01_Reference/45709_F01_Reference:NZ_LS483405.1_1754 (length 215)
prokka_output/45709_F01_Reference/45709_F01_Reference:NZ_LS483405.1_1755 (length 298)
prokka_output/45709_F01_Reference/45709_F01_Reference:NZ_LS483405.1_1756 (length 187)
prokka_output/45709_F01_Reference/45709_F01_Reference:NZ_LS483405.1_1757 (length 145)
prokka_output/45709_F01_Reference/45709_F01_Reference:NZ_LS483405.1_1758 (length 498)
prokka_output/45709_F01_Reference/45709_F01_Reference:NZ_LS483405.1_1759 (length 241)
prokka_output/45709_F01_Reference/45709_F01_Reference:NZ_LS483405.1_1760 (length 79)
prokka_output/45709_F01_Reference/45709_F01_Reference:NZ_LS483405.1_1761 (length 236)
prokka_output/45709_F01_Reference/45709_F01_Reference:NZ_LS483405.1_1762 (length 110)
prokka_output/45709_F01_Reference/45709_F01_Reference:NZ_LS483405.1_1763 (length 425)
prokka_output/45709_F01_Reference/45709_F01_Reference:NZ_LS483405.1_1764 (length 397)
prokka_output/45709_F01_Reference/45709_F01_Reference:NZ_LS483405.1_1765 (length 132)
prokka_output/45709_F01_Reference/45709_F01_Reference:NZ_LS483405.1_1766 (length 172)
prokka_output/45709_F01_Reference/45709_F01_Reference:NZ_LS483405.1_1767 (length 161)
prokka_output/45709_F01_Reference/45709_F01_Reference:NZ_LS483405.1_1768 (length 195)
prokka_output/45709_F01_Reference/45709_F01_Reference:NZ_LS483405.1_1769 (length 258)
prokka_output/45709_F01_Reference/45709_F01_Reference:NZ_LS483405.1_1770 (length 294)
prokka_output/45709_F01_Reference/45709_F01_Reference:NZ_LS483405.1_1771 (length 105)
prokka_output/45709_F01_Reference/45709_F01_Reference:NZ_LS483405.1_1772 (length 66)
prokka_output/45709_F01_Reference/45709_F01_Reference:NZ_LS483405.1_1773 (length 56)
prokka_output/45709_F01_Reference/45709_F01_Reference:NZ_LS483405.1_1774 (length 187)
prokka_output/45709_F01_Reference/45709_F01_Reference:NZ_LS483405.1_1775 (length 474)
prokka_output/45709_F01_Reference/45709_F01_Reference:NZ_LS483405.1_1776 (length 242)
prokka_output/45709_F01_Reference/45709_F01_Reference:NZ_LS483405.1_1777 (length 533)
prokka_output/45709_F01_Reference/45709_F01_Reference:NZ_LS483405.1_1778 (length 465)
prokka_output/45709_F01_Reference/45709_F01_Reference:NZ_LS483405.1_1779 (length 361)
prokka_output/45709_F01_Reference/45709_F01_Reference:NZ_LS483405.1_1780 (length 187)
prokka_output/45709_F01_Reference/45709_F01_Reference:NZ_LS483405.1_1781 (length 296)
prokka_output/45709_F01_Reference/45709_F01_Reference:NZ_LS483405.1_1782 (length 326)
prokka_output/45709_F01_Reference/45709_F01_Reference:NZ_LS483405.1_1783 (length 429)
prokka_output/45709_F01_Reference/45709_F01_Reference:NZ_LS483405.1_1784 (length 496)
prokka_output/45709_F01_Reference/45709_F01_Reference:NZ_LS483405.1_1785 (length 591)
prokka_output/45709_F01_Reference/45709_F01_Reference:NZ_LS483405.1_1786 (length 140)
prokka_output/45709_F01_Reference/45709_F01_Reference:NZ_LS483405.1_1787 (length 191)
prokka_output/45709_F01_Reference/45709_F01_Reference:NZ_LS483405.1_1788 (length 467)
prokka_output/45709_F01_Reference/45709_F01_Reference:NZ_LS483405.1_1789 (length 538)
prokka_output/45709_F01_Reference/45709_F01_Reference:NZ_LS483405.1_1790 (length 844)
prokka_output/45709_F01_Reference/45709_F01_Reference:NZ_LS483405.1_1791 (length 132)
prokka_output/45709_F01_Reference/45709_F01_Reference:NZ_LS483405.1_1792 (length 737)
prokka_output/45709_F01_Reference/45709_F01_Reference:NZ_LS483405.1_1793 (length 748)
prokka_output/45709_F01_Reference/45709_F01_Reference:NZ_LS483405.1_1794 (length 521)
prokka_output/45709_F01_Reference/45709_F01_Reference:NZ_LS483405.1_1795 (length 192)
prokka_output/45709_F01_Reference/45709_F01_Reference:NZ_LS483405.1_1796 (length 307)
prokka_output/45709_F01_Reference/45709_F01_Reference:NZ_LS483405.1_1797 (length 764)
prokka_output/45709_F01_Reference/45709_F01_Reference:NZ_LS483405.1_1798 (length 617)
prokka_output/45709_F01_Reference/45709_F01_Reference:NZ_LS483405.1_1799 (length 216)
prokka_output/45709_F01_Reference/45709_F01_Reference:NZ_LS483405.1_1800 (length 319)
prokka_output/45709_F01_Reference/45709_F01_Reference:NZ_LS483405.1_1801 (length 366)
prokka_output/45709_F01_Reference/45709_F01_Reference:NZ_LS483405.1_1802 (length 341)
prokka_output/45709_F01_Reference/45709_F01_Reference:NZ_LS483405.1_1803 (length 309)
prokka_output/45709_F01_Reference/45709_F01_Reference:NZ_LS483405.1_1804 (length 51)
prokka_output/45709_F01_Reference/45709_F01_Reference:NZ_LS483405.1_1805 (length 463)
prokka_output/45709_F01_Reference/45709_F01_Reference:NZ_LS483405.1_1806 (length 541)
prokka_output/45709_F01_Reference/45709_F01_Reference:NZ_LS483405.1_1807 (length 425)
prokka_output/45709_F01_Reference/45709_F01_Reference:NZ_LS483405.1_1808 (length 218)
prokka_output/45709_F01_Reference/45709_F01_Reference:NZ_LS483405.1_1809 (length 212)
prokka_output/45709_F01_Reference/45709_F01_Reference:NZ_LS483405.1_1810 (length 278)
prokka_output/45709_F01_Reference/45709_F01_Reference:NZ_LS483405.1_1811 (length 246)
prokka_output/45709_F01_Reference/45709_F01_Reference:NZ_LS483405.1_1812 (length 310)
prokka_output/45709_F01_Reference/45709_F01_Reference:NZ_LS483405.1_1813 (length 181)
prokka_output/45709_F01_Reference/45709_F01_Reference:NZ_LS483405.1_1814 (length 152)
prokka_output/45709_F01_Reference/45709_F01_Reference:NZ_LS483405.1_1815 (length 190)
prokka_output/45709_F01_Reference/45709_F01_Reference:NZ_LS483405.1_1816 (length 140)
prokka_output/45709_F01_Reference/45709_F01_Reference:NZ_LS483405.1_1817 (length 464)
prokka_output/45709_F01_Reference/45709_F01_Reference:NZ_LS483405.1_1818 (length 811)
prokka_output/45709_F01_Reference/45709_F01_Reference:NZ_LS483405.1_1819 (length 303)
prokka_output/45709_F01_Reference/45709_F01_Reference:NZ_LS483405.1_1820 (length 199)
prokka_output/45709_F01_Reference/45709_F01_Reference:NZ_LS483405.1_1821 (length 518)
prokka_output/45709_F01_Reference/45709_F01_Reference:NZ_LS483405.1_1822 (length 127)
prokka_output/45709_F01_Reference/45709_F01_Reference:NZ_LS483405.1_1823 (length 229)
prokka_output/45709_F01_Reference/45709_F01_Reference:NZ_LS483405.1_1824 (length 232)
prokka_output/45709_F01_Reference/45709_F01_Reference:NZ_LS483405.1_1825 (length 247)
prokka_output/45709_F01_Reference/45709_F01_Reference:NZ_LS483405.1_1826 (length 69)
prokka_output/45709_F01_Reference/45709_F01_Reference:NZ_LS483405.1_1827 (length 321)
prokka_output/45709_F01_Reference/45709_F01_Reference:NZ_LS483405.1_1828 (length 296)
prokka_output/45709_F01_Reference/45709_F01_Reference:NZ_LS483405.1_1829 (length 331)
prokka_output/45709_F01_Reference/45709_F01_Reference:NZ_LS483405.1_1830 (length 300)
prokka_output/45709_F01_Reference/45709_F01_Reference:NZ_LS483405.1_1831 (length 256)
prokka_output/45709_F01_Reference/45709_F01_Reference:NZ_LS483405.1_1832 (length 234)
prokka_output/45709_F01_Reference/45709_F01_Reference:NZ_LS483405.1_1833 (length 230)
prokka_output/45709_F01_Reference/45709_F01_Reference:NZ_LS483405.1_1834 (length 346)
prokka_output/45709_F01_Reference/45709_F01_Reference:NZ_LS483405.1_1835 (length 120)
prokka_output/45709_F01_Reference/45709_F01_Reference:NZ_LS483405.1_1836 (length 1039)
prokka_output/45709_F01_Reference/45709_F01_Reference:NZ_LS483405.1_1837 (length 65)
prokka_output/45709_F01_Reference/45709_F01_Reference:NZ_LS483405.1_1838 (length 288)
prokka_output/45709_F01_Reference/45709_F01_Reference:NZ_LS483405.1_1839 (length 249)
prokka_output/45709_F01_Reference/45709_F01_Reference:NZ_LS483405.1_1840 (length 437)
prokka_output/45709_F01_Reference/45709_F01_Reference:NZ_LS483405.1_1841 (length 207)
prokka_output/45709_F01_Reference/45709_F01_Reference:NZ_LS483405.1_1842 (length 329)
prokka_output/45709_F01_Reference/45709_F01_Reference:NZ_LS483405.1_1843 (length 325)
prokka_output/45709_F01_Reference/45709_F01_Reference:NZ_LS483405.1_1844 (length 253)
prokka_output/45709_F01_Reference/45709_F01_Reference:NZ_LS483405.1_1845 (length 78)
prokka_output/45709_F01_Reference/45709_F01_Reference:NZ_LS483405.1_1846 (length 920)
prokka_output/45709_F01_Reference/45709_F01_Reference:NZ_LS483405.1_1847 (length 478)
prokka_output/45709_F01_Reference/45709_F01_Reference:NZ_LS483405.1_1848 (length 178)
prokka_output/45709_F01_Reference/45709_F01_Reference:NZ_LS483405.1_1849 (length 156)
prokka_output/45709_F01_Reference/45709_F01_Reference:NZ_LS483405.1_1850 (length 156)
prokka_output/45709_F01_Reference/45709_F01_Reference:NZ_LS483405.1_1851 (length 143)
prokka_output/45709_F01_Reference/45709_F01_Reference:NZ_LS483405.1_1852 (length 220)
prokka_output/45709_F01_Reference/45709_F01_Reference:NZ_LS483405.1_1853 (length 710)
prokka_output/45709_F01_Reference/45709_F01_Reference:NZ_LS483405.1_1854 (length 331)
prokka_output/45709_F01_Reference/45709_F01_Reference:NZ_LS483405.1_1855 (length 252)
prokka_output/45709_F01_Reference/45709_F01_Reference:NZ_LS483405.1_1856 (length 347)
prokka_output/45709_F01_Reference/45709_F01_Reference:NZ_LS483405.1_1857 (length 318)
prokka_output/45709_F01_Reference/45709_F01_Reference:NZ_LS483405.1_1858 (length 115)
prokka_output/45709_F01_Reference/45709_F01_Reference:NZ_LS483405.1_1859 (length 220)
prokka_output/45709_F01_Reference/45709_F01_Reference:NZ_LS483405.1_1860 (length 271)
prokka_output/45709_F01_Reference/45709_F01_Reference:NZ_LS483405.1_1861 (length 271)
prokka_output/45709_F01_Reference/45709_F01_Reference:NZ_LS483405.1_1862 (length 425)
prokka_output/45709_F01_Reference/45709_F01_Reference:NZ_LS483405.1_1863 (length 273)
prokka_output/45709_F01_Reference/45709_F01_Reference:NZ_LS483405.1_1864 (length 252)
prokka_output/45709_F01_Reference/45709_F01_Reference:NZ_LS483405.1_1865 (length 109)
prokka_output/45709_F01_Reference/45709_F01_Reference:NZ_LS483405.1_1866 (length 222)
prokka_output/45709_F01_Reference/45709_F01_Reference:NZ_LS483405.1_1867 (length 392)
prokka_output/45709_F01_Reference/45709_F01_Reference:NZ_LS483405.1_1868 (length 304)
prokka_output/45709_F01_Reference/45709_F01_Reference:NZ_LS483405.1_1869 (length 187)
prokka_output/45709_F01_Reference/45709_F01_Reference:NZ_LS483405.1_1870 (length 469)
prokka_output/45709_F01_Reference/45709_F01_Reference:NZ_LS483405.1_1871 (length 217)
prokka_output/45709_F01_Reference/45709_F01_Reference:NZ_LS483405.1_1872 (length 217)
prokka_output/45709_F01_Reference/45709_F01_Reference:NZ_LS483405.1_1873 (length 121)
prokka_output/45709_F01_Reference/45709_F01_Reference:NZ_LS483405.1_1874 (length 63)
prokka_output/45709_F01_Reference/45709_F01_Reference:NZ_LS483405.1_1875 (length 80)
prokka_output/45709_F01_Reference/45709_F01_Reference:NZ_LS483405.1_1876 (length 114)
prokka_output/45709_F01_Reference/45709_F01_Reference:NZ_LS483405.1_1877 (length 387)
prokka_output/45709_F01_Reference/45709_F01_Reference:NZ_LS483405.1_1878 (length 336)
prokka_output/45709_F01_Reference/45709_F01_Reference:NZ_LS483405.1_1879 (length 51)
prokka_output/45709_F01_Reference/45709_F01_Reference:NZ_LS483405.1_1880 (length 467)
prokka_output/45709_F01_Reference/45709_F01_Reference:NZ_LS483405.1_1881 (length 297)
prokka_output/45709_F01_Reference/45709_F01_Reference:NZ_LS483405.1_1882 (length 406)
prokka_output/45709_F01_Reference/45709_F01_Reference:NZ_LS483405.1_1883 (length 449)
prokka_output/45709_F01_Reference/45709_F01_Reference:NZ_LS483405.1_1884 (length 288)
prokka_output/45709_F01_Reference/45709_F01_Reference:NZ_LS483405.1_1885 (length 268)
prokka_output/45709_F01_Reference/45709_F01_Reference:NZ_LS483405.1_1886 (length 122)
prokka_output/45709_F01_Reference/45709_F01_Reference:NZ_LS483405.1_1887 (length 120)
prokka_output/45709_F01_Reference/45709_F01_Reference:NZ_LS483405.1_1888 (length 468)
prokka_output/45709_F01_Reference/45709_F01_Reference:NZ_LS483405.1_1889 (length 228)
prokka_output/45709_F01_Reference/45709_F01_Reference:NZ_LS483405.1_1890 (length 426)
prokka_output/45709_F01_Reference/45709_F01_Reference:NZ_LS483405.1_1891 (length 253)
prokka_output/45709_F01_Reference/45709_F01_Reference:NZ_LS483405.1_1892 (length 410)
prokka_output/45709_F01_Reference/45709_F01_Reference:NZ_LS483405.1_1893 (length 278)
prokka_output/45709_F01_Reference/45709_F01_Reference:NZ_LS483405.1_1894 (length 222)
prokka_output/45709_F01_Reference/45709_F01_Reference:NZ_LS483405.1_1895 (length 327)
prokka_output/45709_F01_Reference/45709_F01_Reference:NZ_LS483405.1_1896 (length 248)
prokka_output/45709_F01_Reference/45709_F01_Reference:NZ_LS483405.1_1897 (length 139)
prokka_output/45709_F01_Reference/45709_F01_Reference:NZ_LS483405.1_1898 (length 370)
prokka_output/45709_F01_Reference/45709_F01_Reference:NZ_LS483405.1_1899 (length 274)
prokka_output/45709_F01_Reference/45709_F01_Reference:NZ_LS483405.1_1900 (length 267)
prokka_output/45709_F01_Reference/45709_F01_Reference:NZ_LS483405.1_1901 (length 356)
prokka_output/45709_F01_Reference/45709_F01_Reference:NZ_LS483405.1_1902 (length 267)
prokka_output/45709_F01_Reference/45709_F01_Reference:NZ_LS483405.1_1903 (length 296)
prokka_output/45709_F01_Reference/45709_F01_Reference:NZ_LS483405.1_1904 (length 317)
prokka_output/45709_F01_Reference/45709_F01_Reference:NZ_LS483405.1_1905 (length 296)
prokka_output/45709_F01_Reference/45709_F01_Reference:NZ_LS483405.1_1906 (length 116)
prokka_output/45709_F01_Reference/45709_F01_Reference:NZ_LS483405.1_1907 (length 67)
prokka_output/45709_F01_Reference/45709_F01_Reference:NZ_LS483405.1_1908 (length 87)
prokka_output/45709_F01_Reference/45709_F01_Reference:NZ_LS483405.1_1909 (length 788)
prokka_output/45709_F01_Reference/45709_F01_Reference:NZ_LS483405.1_1910 (length 230)
prokka_output/45709_F01_Reference/45709_F01_Reference:NZ_LS483405.1_1911 (length 305)
prokka_output/45709_F01_Reference/45709_F01_Reference:NZ_LS483405.1_1912 (length 347)
prokka_output/45709_F01_Reference/45709_F01_Reference:NZ_LS483405.1_1913 (length 148)
prokka_output/45709_F01_Reference/45709_F01_Reference:NZ_LS483405.1_1914 (length 529)
prokka_output/45709_F01_Reference/45709_F01_Reference:NZ_LS483405.1_1915 (length 235)
prokka_output/45709_F01_Reference/45709_F01_Reference:NZ_LS483405.1_1916 (length 229)
prokka_output/45709_F01_Reference/45709_F01_Reference:NZ_LS483405.1_1917 (length 163)
prokka_output/45709_F01_Reference/45709_F01_Reference:NZ_LS483405.1_1918 (length 361)
prokka_output/45709_F01_Reference/45709_F01_Reference:NZ_LS483405.1_1919 (length 249)
prokka_output/45709_F01_Reference/45709_F01_Reference:NZ_LS483405.1_1920 (length 260)
prokka_output/45709_F01_Reference/45709_F01_Reference:NZ_LS483405.1_1921 (length 371)
prokka_output/45709_F01_Reference/45709_F01_Reference:NZ_LS483405.1_1922 (length 38)
prokka_output/45709_F01_Reference/45709_F01_Reference:NZ_LS483405.1_1923 (length 161)
prokka_output/45709_F01_Reference/45709_F01_Reference:NZ_LS483405.1_1924 (length 294)
prokka_output/45709_F01_Reference/45709_F01_Reference:NZ_LS483405.1_1925 (length 248)
prokka_output/45709_F01_Reference/45709_F01_Reference:NZ_LS483405.1_1926 (length 167)
prokka_output/45709_F01_Reference/45709_F01_Reference:NZ_LS483405.1_1927 (length 651)
prokka_output/45709_F01_Reference/45709_F01_Reference:NZ_LS483405.1_1928 (length 120)
prokka_output/45709_F01_Reference/45709_F01_Reference:NZ_LS483405.1_1929 (length 177)
prokka_output/45709_F01_Reference/45709_F01_Reference:NZ_LS483405.1_1930 (length 263)
prokka_output/45709_F01_Reference/45709_F01_Reference:NZ_LS483405.1_1931 (length 229)
prokka_output/45709_F01_Reference/45709_F01_Reference:NZ_LS483405.1_1932 (length 230)
prokka_output/45709_F01_Reference/45709_F01_Reference:NZ_LS483405.1_1933 (length 156)
prokka_output/45709_F01_Reference/45709_F01_Reference:NZ_LS483405.1_1934 (length 750)
prokka_output/45709_F01_Reference/45709_F01_Reference:NZ_LS483405.1_1935 (length 61)
prokka_output/45709_F01_Reference/45709_F01_Reference:NZ_LS483405.1_1936 (length 39)
prokka_output/45709_F01_Reference/45709_F01_Reference:NZ_LS483405.1_1937 (length 336)
prokka_output/45709_F01_Reference/45709_F01_Reference:NZ_LS483405.1_1938 (length 487)
prokka_output/45709_F01_Reference/45709_F01_Reference:NZ_LS483405.1_1939 (length 334)
prokka_output/45709_F01_Reference/45709_F01_Reference:NZ_LS483405.1_1940 (length 389)
prokka_output/45709_F01_Reference/45709_F01_Reference:NZ_LS483405.1_1941 (length 474)
prokka_output/45709_F01_Reference/45709_F01_Reference:NZ_LS483405.1_1942 (length 81)
prokka_output/45709_F01_Reference/45709_F01_Reference:NZ_LS483405.1_1943 (length 576)
prokka_output/45709_F01_Reference/45709_F01_Reference:NZ_LS483405.1_1944 (length 340)
prokka_output/45709_F01_Reference/45709_F01_Reference:NZ_LS483405.1_1945 (length 372)
prokka_output/45709_F01_Reference/45709_F01_Reference:NZ_LS483405.1_1946 (length 264)
prokka_output/45709_F01_Reference/45709_F01_Reference:NZ_LS483405.1_1947 (length 321)
prokka_output/45709_F01_Reference/45709_F01_Reference:NZ_LS483405.1_1948 (length 337)
prokka_output/45709_F01_Reference/45709_F01_Reference:NZ_LS483405.1_1949 (length 112)
prokka_output/45709_F01_Reference/45709_F01_Reference:NZ_LS483405.1_1950 (length 225)
prokka_output/45709_F01_Reference/45709_F01_Reference:NZ_LS483405.1_1951 (length 572)
prokka_output/45709_F01_Reference/45709_F01_Reference:NZ_LS483405.1_1952 (length 300)
prokka_output/45709_F01_Reference/45709_F01_Reference:NZ_LS483405.1_1953 (length 407)
prokka_output/45709_F01_Reference/45709_F01_Reference:NZ_LS483405.1_1954 (length 286)
prokka_output/45709_F01_Reference/45709_F01_Reference:NZ_LS483405.1_1955 (length 272)
prokka_output/45709_F01_Reference/45709_F01_Reference:NZ_LS483405.1_1956 (length 147)
prokka_output/45709_F01_Reference/45709_F01_Reference:NZ_LS483405.1_1957 (length 470)
prokka_output/45709_F01_Reference/45709_F01_Reference:NZ_LS483405.1_1958 (length 57)
prokka_output/45709_F01_Reference/45709_F01_Reference:NZ_LS483405.1_1959 (length 265)
prokka_output/45709_F01_Reference/45709_F01_Reference:NZ_LS483405.1_1960 (length 238)
prokka_output/45709_F01_Reference/45709_F01_Reference:NZ_LS483405.1_1961 (length 284)
prokka_output/45709_F01_Reference/45709_F01_Reference:NZ_LS483405.1_1962 (length 210)
prokka_output/45709_F01_Reference/45709_F01_Reference:NZ_LS483405.1_1963 (length 130)
prokka_output/45709_F01_Reference/45709_F01_Reference:NZ_LS483405.1_1964 (length 230)
prokka_output/45709_F01_Reference/45709_F01_Reference:NZ_LS483405.1_1965 (length 152)
prokka_output/45709_F01_Reference/45709_F01_Reference:NZ_LS483405.1_1966 (length 526)
prokka_output/45709_F01_Reference/45709_F01_Reference:NZ_LS483405.1_1967 (length 202)
prokka_output/45709_F01_Reference/45709_F01_Reference:NZ_LS483405.1_1968 (length 141)
prokka_output/45709_F01_Reference/45709_F01_Reference:NZ_LS483405.1_1969 (length 264)
prokka_output/45709_F01_Reference/45709_F01_Reference:NZ_LS483405.1_1970 (length 159)
prokka_output/45709_F01_Reference/45709_F01_Reference:NZ_LS483405.1_1971 (length 412)
prokka_output/45709_F01_Reference/45709_F01_Reference:NZ_LS483405.1_1972 (length 98)
prokka_output/45709_F01_Reference/45709_F01_Reference:NZ_LS483405.1_1973 (length 271)
prokka_output/45709_F01_Reference/45709_F01_Reference:NZ_LS483405.1_1974 (length 59)
prokka_output/45709_F01_Reference/45709_F01_Reference:NZ_LS483405.1_1975 (length 230)
prokka_output/45709_F01_Reference/45709_F01_Reference:NZ_LS483405.1_1976 (length 105)
prokka_output/45709_F01_Reference/45709_F01_Reference:NZ_LS483405.1_1977 (length 49)
prokka_output/45709_F01_Reference/45709_F01_Reference:NZ_LS483405.1_1978 (length 79)
prokka_output/45709_F01_Reference/45709_F01_Reference:NZ_LS483405.1_1979 (length 67)
prokka_output/45709_F01_Reference/45709_F01_Reference:NZ_LS483405.1_1980 (length 202)
prokka_output/45709_F01_Reference/45709_F01_Reference:NZ_LS483405.1_1981 (length 106)
prokka_output/45709_F01_Reference/45709_F01_Reference:NZ_LS483405.1_1982 (length 379)
prokka_output/45709_F01_Reference/45709_F01_Reference:NZ_LS483405.1_1983 (length 551)
prokka_output/45709_F01_Reference/45709_F01_Reference:NZ_LS483405.1_1984 (length 1116)
prokka_output/45709_F01_Reference/45709_F01_Reference:NZ_LS483405.1_1985 (length 103)
prokka_output/45709_F01_Reference/45709_F01_Reference:NZ_LS483405.1_1986 (length 346)
prokka_output/45709_F01_Reference/45709_F01_Reference:NZ_LS483405.1_1987 (length 124)
prokka_output/45709_F01_Reference/45709_F01_Reference:NZ_LS483405.1_1988 (length 327)
prokka_output/45709_F01_Reference/45709_F01_Reference:NZ_LS483405.1_1989 (length 96)
prokka_output/45709_F01_Reference/45709_F01_Reference:NZ_LS483405.1_1990 (length 328)
prokka_output/45709_F01_Reference/45709_F01_Reference:NZ_LS483405.1_1991 (length 226)
prokka_output/45709_F01_Reference/45709_F01_Reference:NZ_LS483405.1_1992 (length 354)
prokka_output/45709_F01_Reference/45709_F01_Reference:NZ_LS483405.1_1993 (length 267)
prokka_output/45709_F01_Reference/45709_F01_Reference:NZ_LS483405.1_1994 (length 182)
prokka_output/45709_F01_Reference/45709_F01_Reference:NZ_LS483405.1_1995 (length 546)
prokka_output/45709_F01_Reference/45709_F01_Reference:NZ_LS483405.1_1996 (length 34)
prokka_output/45709_F01_Reference/45709_F01_Reference:NZ_LS483405.1_1997 (length 751)
prokka_output/45709_F01_Reference/45709_F01_Reference:NZ_LS483405.1_1998 (length 327)
prokka_output/45709_F01_Reference/45709_F01_Reference:NZ_LS483405.1_1999 (length 1049)
prokka_output/45709_F01_Reference/45709_F01_Reference:NZ_LS483405.1_2000 (length 377)
prokka_output/45709_F01_Reference/45709_F01_Reference:NZ_LS483405.1_2001 (length 186)
prokka_output/45709_F01_Reference/45709_F01_Reference:NZ_LS483405.1_2002 (length 308)
prokka_output/45709_F01_Reference/45709_F01_Reference:NZ_LS483405.1_2003 (length 316)
prokka_output/45709_F01_Reference/45709_F01_Reference:NZ_LS483405.1_2004 (length 374)
prokka_output/45709_F01_Reference/45709_F01_Reference:NZ_LS483405.1_2005 (length 106)
prokka_output/45709_F01_Reference/45709_F01_Reference:NZ_LS483405.1_2006 (length 140)
prokka_output/45709_F01_Reference/45709_F01_Reference:NZ_LS483405.1_2007 (length 142)
prokka_output/45709_F01_Reference/45709_F01_Reference:NZ_LS483405.1_2008 (length 189)
prokka_output/45709_F01_Reference/45709_F01_Reference:NZ_LS483405.1_2009 (length 133)
prokka_output/45709_F01_Reference/45709_F01_Reference:NZ_LS483405.1_2010 (length 413)
prokka_output/45709_F01_Reference/45709_F01_Reference:NZ_LS483405.1_2011 (length 280)
prokka_output/45709_F01_Reference/45709_F01_Reference:NZ_LS483405.1_2012 (length 394)
prokka_output/45709_F01_Reference/45709_F01_Reference:NZ_LS483405.1_2013 (length 398)
prokka_output/45709_F01_Reference/45709_F01_Reference:NZ_LS483405.1_2014 (length 322)
prokka_output/45709_F01_Reference/45709_F01_Reference:NZ_LS483405.1_2015 (length 88)
prokka_output/45709_F01_Reference/45709_F01_Reference:NZ_LS483405.1_2016 (length 307)
prokka_output/45709_F01_Reference/45709_F01_Reference:NZ_LS483405.1_2017 (length 235)
prokka_output/45709_F01_Reference/45709_F01_Reference:NZ_LS483405.1_2018 (length 349)
prokka_output/45709_F01_Reference/45709_F01_Reference:NZ_LS483405.1_2019 (length 212)
prokka_output/45709_F01_Reference/45709_F01_Reference:NZ_LS483405.1_2020 (length 550)
prokka_output/45709_F01_Reference/45709_F01_Reference:NZ_LS483405.1_2021 (length 295)
prokka_output/45709_F01_Reference/45709_F01_Reference:NZ_LS483405.1_2022 (length 136)
prokka_output/45709_F01_Reference/45709_F01_Reference:NZ_LS483405.1_2023 (length 187)
prokka_output/45709_F01_Reference/45709_F01_Reference:NZ_LS483405.1_2024 (length 488)
prokka_output/45709_F01_Reference/45709_F01_Reference:NZ_LS483405.1_2025 (length 293)
prokka_output/45709_F01_Reference/45709_F01_Reference:NZ_LS483405.1_2026 (length 136)
prokka_output/45709_F01_Reference/45709_F01_Reference:NZ_LS483405.1_2027 (length 574)
prokka_output/45709_F01_Reference/45709_F01_Reference:NZ_LS483405.1_2028 (length 114)
prokka_output/45709_F01_Reference/45709_F01_Reference:NZ_LS483405.1_2029 (length 262)
prokka_output/45709_F01_Reference/45709_F01_Reference:NZ_LS483405.1_2030 (length 147)
prokka_output/45709_F01_Reference/45709_F01_Reference:NZ_LS483405.1_2031 (length 281)
prokka_output/45709_F01_Reference/45709_F01_Reference:NZ_LS483405.1_2032 (length 122)
prokka_output/45709_F01_Reference/45709_F01_Reference:NZ_LS483405.1_2033 (length 147)
prokka_output/45709_F01_Reference/45709_F01_Reference:NZ_LS483405.1_2034 (length 378)
prokka_output/45709_F01_Reference/45709_F01_Reference:NZ_LS483405.1_2035 (length 91)
prokka_output/45709_F01_Reference/45709_F01_Reference:NZ_LS483405.1_2036 (length 203)
prokka_output/45709_F01_Reference/45709_F01_Reference:NZ_LS483405.1_2037 (length 211)
prokka_output/45709_F01_Reference/45709_F01_Reference:NZ_LS483405.1_2038 (length 216)
prokka_output/45709_F01_Reference/45709_F01_Reference:NZ_LS483405.1_2039 (length 102)
prokka_output/45709_F01_Reference/45709_F01_Reference:NZ_LS483405.1_2040 (length 491)
prokka_output/45709_F01_Reference/45709_F01_Reference:NZ_LS483405.1_2041 (length 197)
prokka_output/45709_F01_Reference/45709_F01_Reference:NZ_LS483405.1_2042 (length 217)
prokka_output/45709_F01_Reference/45709_F01_Reference:NZ_LS483405.1_2043 (length 307)
prokka_output/45709_F01_Reference/45709_F01_Reference:NZ_LS483405.1_2044 (length 454)
prokka_output/45709_F01_Reference/45709_F01_Reference:NZ_LS483405.1_2045 (length 477)
prokka_output/45709_F01_Reference/45709_F01_Reference:NZ_LS483405.1_2046 (length 479)
prokka_output/45709_F01_Reference/45709_F01_Reference:NZ_LS483405.1_2047 (length 189)
prokka_output/45709_F01_Reference/45709_F01_Reference:NZ_LS483405.1_2048 (length 378)
prokka_output/45709_F01_Reference/45709_F01_Reference:NZ_LS483405.1_2049 (length 186)
prokka_output/45709_F01_Reference/45709_F01_Reference:NZ_LS483405.1_2050 (length 216)
prokka_output/45709_F01_Reference/45709_F01_Reference:NZ_LS483405.1_2051 (length 204)
prokka_output/45709_F01_Reference/45709_F01_Reference:NZ_LS483405.1_2052 (length 589)
prokka_output/45709_F01_Reference/45709_F01_Reference:NZ_LS483405.1_2053 (length 177)
prokka_output/45709_F01_Reference/45709_F01_Reference:NZ_LS483405.1_2054 (length 237)
prokka_output/45709_F01_Reference/45709_F01_Reference:NZ_LS483405.1_2055 (length 260)
prokka_output/45709_F01_Reference/45709_F01_Reference:NZ_LS483405.1_2056 (length 251)
prokka_output/45709_F01_Reference/45709_F01_Reference:NZ_LS483405.1_2057 (length 236)
prokka_output/45709_F01_Reference/45709_F01_Reference:NZ_LS483405.1_2058 (length 124)
prokka_output/45709_F01_Reference/45709_F01_Reference:NZ_LS483405.1_2059 (length 320)
prokka_output/45709_F01_Reference/45709_F01_Reference:NZ_LS483405.1_2060 (length 157)
prokka_output/45709_F01_Reference/45709_F01_Reference:NZ_LS483405.1_2061 (length 250)
prokka_output/45709_F01_Reference/45709_F01_Reference:NZ_LS483405.1_2062 (length 391)
prokka_output/45709_F01_Reference/45709_F01_Reference:NZ_LS483405.1_2063 (length 268)
prokka_output/45709_F01_Reference/45709_F01_Reference:NZ_LS483405.1_2064 (length 262)
prokka_output/45709_F01_Reference/45709_F01_Reference:NZ_LS483405.1_2065 (length 231)
prokka_output/45709_F01_Reference/45709_F01_Reference:NZ_LS483405.1_2066 (length 242)
prokka_output/45709_F01_Reference/45709_F01_Reference:NZ_LS483405.1_2067 (length 120)
prokka_output/45709_F01_Reference/45709_F01_Reference:NZ_LS483405.1_2068 (length 136)
prokka_output/45709_F01_Reference/45709_F01_Reference:NZ_LS483405.1_2069 (length 139)
prokka_output/45709_F01_Reference/45709_F01_Reference:NZ_LS483405.1_2070 (length 60)
prokka_output/45709_F01_Reference/45709_F01_Reference:NZ_LS483405.1_2071 (length 181)
prokka_output/45709_F01_Reference/45709_F01_Reference:NZ_LS483405.1_2072 (length 85)
prokka_output/45709_F01_Reference/45709_F01_Reference:NZ_LS483405.1_2073 (length 304)
prokka_output/45709_F01_Reference/45709_F01_Reference:NZ_LS483405.1_2074 (length 518)
prokka_output/45709_F01_Reference/45709_F01_Reference:NZ_LS483405.1_2075 (length 513)
prokka_output/45709_F01_Reference/45709_F01_Reference:NZ_LS483405.1_2076 (length 188)
prokka_output/45709_F01_Reference/45709_F01_Reference:NZ_LS483405.1_2077 (length 133)
prokka_output/45709_F01_Reference/45709_F01_Reference:NZ_LS483405.1_2078 (length 238)
prokka_output/45709_F01_Reference/45709_F01_Reference:NZ_LS483405.1_2079 (length 226)
prokka_output/45709_F01_Reference/45709_F01_Reference:NZ_LS483405.1_2080 (length 314)
prokka_output/45709_F01_Reference/45709_F01_Reference:NZ_LS483405.1_2081 (length 369)
prokka_output/45709_F01_Reference/45709_F01_Reference:NZ_LS483405.1_2082 (length 470)
prokka_output/45709_F01_Reference/45709_F01_Reference:NZ_LS483405.1_2083 (length 343)
prokka_output/45709_F01_Reference/45709_F01_Reference:NZ_LS483405.1_2084 (length 410)
prokka_output/45709_F01_Reference/45709_F01_Reference:NZ_LS483405.1_2085 (length 520)
prokka_output/45709_F01_Reference/45709_F01_Reference:NZ_LS483405.1_2086 (length 432)
prokka_output/45709_F01_Reference/45709_F01_Reference:NZ_LS483405.1_2087 (length 276)
prokka_output/45709_F01_Reference/45709_F01_Reference:NZ_LS483405.1_2088 (length 504)
prokka_output/45709_F01_Reference/45709_F01_Reference:NZ_LS483405.1_2089 (length 444)
prokka_output/45709_F01_Reference/45709_F01_Reference:NZ_LS483405.1_2090 (length 71)
prokka_output/45709_F01_Reference/45709_F01_Reference:NZ_LS483405.1_2091 (length 388)
prokka_output/45709_F01_Reference/45709_F01_Reference:NZ_LS483405.1_2092 (length 200)
prokka_output/45709_F01_Reference/45709_F01_Reference:NZ_LS483405.1_2093 (length 670)
prokka_output/45709_F01_Reference/45709_F01_Reference:NZ_LS483405.1_2094 (length 317)
prokka_output/45709_F01_Reference/45709_F01_Reference:NZ_LS483405.1_2095 (length 848)
prokka_output/45709_F01_Reference/45709_F01_Reference:NZ_LS483405.1_2096 (length 456)
prokka_output/45709_F01_Reference/45709_F01_Reference:NZ_LS483405.1_2097 (length 237)
prokka_output/45709_F01_Reference/45709_F01_Reference:NZ_LS483405.1_2098 (length 131)
prokka_output/45709_F01_Reference/45709_F01_Reference:NZ_LS483405.1_2099 (length 98)
prokka_output/45709_F01_Reference/45709_F01_Reference:NZ_LS483405.1_2100 (length 69)
prokka_output/45709_F01_Reference/45709_F01_Reference:NZ_LS483405.1_2101 (length 418)
prokka_output/45709_F01_Reference/45709_F01_Reference:NZ_LS483405.1_2102 (length 317)
prokka_output/45709_F01_Reference/45709_F01_Reference:NZ_LS483405.1_2103 (length 159)
prokka_output/45709_F01_Reference/45709_F01_Reference:NZ_LS483405.1_2104 (length 160)
prokka_output/45709_F01_Reference/45709_F01_Reference:NZ_LS483405.1_2105 (length 86)
prokka_output/45709_F01_Reference/45709_F01_Reference:NZ_LS483405.1_2106 (length 83)
prokka_output/45709_F01_Reference/45709_F01_Reference:NZ_LS483405.1_2107 (length 157)
prokka_output/45709_F01_Reference/45709_F01_Reference:NZ_LS483405.1_2108 (length 230)
prokka_output/45709_F01_Reference/45709_F01_Reference:NZ_LS483405.1_2109 (length 651)
prokka_output/45709_F01_Reference/45709_F01_Reference:NZ_LS483405.1_2110 (length 363)
prokka_output/45709_F01_Reference/45709_F01_Reference:NZ_LS483405.1_2111 (length 387)
prokka_output/45709_F01_Reference/45709_F01_Reference:NZ_LS483405.1_2112 (length 302)
prokka_output/45709_F01_Reference/45709_F01_Reference:NZ_LS483405.1_2113 (length 396)
prokka_output/45709_F01_Reference/45709_F01_Reference:NZ_LS483405.1_2114 (length 115)
prokka_output/45709_F01_Reference/45709_F01_Reference:NZ_LS483405.1_2115 (length 266)
prokka_output/45709_F01_Reference/45709_F01_Reference:NZ_LS483405.1_2116 (length 165)
prokka_output/45709_F01_Reference/45709_F01_Reference:NZ_LS483405.1_2117 (length 444)
prokka_output/45709_F01_Reference/45709_F01_Reference:NZ_LS483405.1_2118 (length 440)
prokka_output/45709_F01_Reference/45709_F01_Reference:NZ_LS483405.1_2119 (length 1030)
prokka_output/45709_F01_Reference/45709_F01_Reference:NZ_LS483405.1_2120 (length 439)
prokka_output/45709_F01_Reference/45709_F01_Reference:NZ_LS483405.1_2121 (length 388)
prokka_output/45709_F01_Reference/45709_F01_Reference:NZ_LS483405.1_2122 (length 229)
prokka_output/45709_F01_Reference/45709_F01_Reference:NZ_LS483405.1_2123 (length 379)
prokka_output/45709_F01_Reference/45709_F01_Reference:NZ_LS483405.1_2124 (length 195)
prokka_output/45709_F01_Reference/45709_F01_Reference:NZ_LS483405.1_2125 (length 243)
prokka_output/45709_F01_Reference/45709_F01_Reference:NZ_LS483405.1_2126 (length 366)
prokka_output/45709_F01_Reference/45709_F01_Reference:NZ_LS483405.1_2127 (length 67)
prokka_output/45709_F01_Reference/45709_F01_Reference:NZ_LS483405.1_2128 (length 294)
prokka_output/45709_F01_Reference/45709_F01_Reference:NZ_LS483405.1_2129 (length 255)
prokka_output/45709_F01_Reference/45709_F01_Reference:NZ_LS483405.1_2130 (length 278)
prokka_output/45709_F01_Reference/45709_F01_Reference:NZ_LS483405.1_2131 (length 242)
prokka_output/45709_F01_Reference/45709_F01_Reference:NZ_LS483405.1_2132 (length 288)
prokka_output/45709_F01_Reference/45709_F01_Reference:NZ_LS483405.1_2133 (length 304)
prokka_output/45709_F01_Reference/45709_F01_Reference:NZ_LS483405.1_2134 (length 437)
prokka_output/45709_F01_Reference/45709_F01_Reference:NZ_LS483405.1_2135 (length 419)
prokka_output/45709_F01_Reference/45709_F01_Reference:NZ_LS483405.1_2136 (length 274)
prokka_output/45709_F01_Reference/45709_F01_Reference:NZ_LS483405.1_2137 (length 213)
prokka_output/45709_F01_Reference/45709_F01_Reference:NZ_LS483405.1_2138 (length 88)
prokka_output/45709_F01_Reference/45709_F01_Reference:NZ_LS483405.1_2139 (length 192)
prokka_output/45709_F01_Reference/45709_F01_Reference:NZ_LS483405.1_2140 (length 85)
prokka_output/45709_F01_Reference/45709_F01_Reference:NZ_LS483405.1_2141 (length 126)
prokka_output/45709_F01_Reference/45709_F01_Reference:NZ_LS483405.1_2142 (length 264)
prokka_output/45709_F01_Reference/45709_F01_Reference:NZ_LS483405.1_2143 (length 213)
prokka_output/45709_F01_Reference/45709_F01_Reference:NZ_LS483405.1_2144 (length 200)
prokka_output/45709_F01_Reference/45709_F01_Reference:NZ_LS483405.1_2145 (length 456)
prokka_output/45709_F01_Reference/45709_F01_Reference:NZ_LS483405.1_2146 (length 283)
prokka_output/45709_F01_Reference/45709_F01_Reference:NZ_LS483405.1_2147 (length 610)
prokka_output/45709_F01_Reference/45709_F01_Reference:NZ_LS483405.1_2148 (length 613)
prokka_output/45709_F01_Reference/45709_F01_Reference:NZ_LS483405.1_2149 (length 153)
prokka_output/45709_F01_Reference/45709_F01_Reference:NZ_LS483405.1_2150 (length 461)
prokka_output/45709_F01_Reference/45709_F01_Reference:NZ_LS483405.1_2151 (length 483)
prokka_output/45709_F01_Reference/45709_F01_Reference:NZ_LS483405.1_2152 (length 405)
prokka_output/45709_F01_Reference/45709_F01_Reference:NZ_LS483405.1_2153 (length 302)
prokka_output/45709_F01_Reference/45709_F01_Reference:NZ_LS483405.1_2154 (length 78)
prokka_output/45709_F01_Reference/45709_F01_Reference:NZ_LS483405.1_2155 (length 64)
prokka_output/45709_F01_Reference/45709_F01_Reference:NZ_LS483405.1_2156 (length 184)
prokka_output/45709_F01_Reference/45709_F01_Reference:NZ_LS483405.1_2157 (length 368)
prokka_output/45709_F01_Reference/45709_F01_Reference:NZ_LS483405.1_2158 (length 127)
prokka_output/45709_F01_Reference/45709_F01_Reference:NZ_LS483405.1_2159 (length 107)
prokka_output/45709_F01_Reference/45709_F01_Reference:NZ_LS483405.1_2160 (length 432)
prokka_output/45709_F01_Reference/45709_F01_Reference:NZ_LS483405.1_2161 (length 641)
prokka_output/45709_F01_Reference/45709_F01_Reference:NZ_LS483405.1_2162 (length 217)
prokka_output/45709_F01_Reference/45709_F01_Reference:NZ_LS483405.1_2163 (length 271)
prokka_output/45709_F01_Reference/45709_F01_Reference:NZ_LS483405.1_2164 (length 262)
prokka_output/45709_F01_Reference/45709_F01_Reference:NZ_LS483405.1_2165 (length 278)
prokka_output/45709_F01_Reference/45709_F01_Reference:NZ_LS483405.1_2166 (length 252)
prokka_output/45709_F01_Reference/45709_F01_Reference:NZ_LS483405.1_2167 (length 216)
prokka_output/45709_F01_Reference/45709_F01_Reference:NZ_LS483405.1_2168 (length 487)
prokka_output/45709_F01_Reference/45709_F01_Reference:NZ_LS483405.1_2169 (length 165)
prokka_output/45709_F01_Reference/45709_F01_Reference:NZ_LS483405.1_2170 (length 100)
prokka_output/45709_F01_Reference/45709_F01_Reference:NZ_LS483405.1_2171 (length 68)
prokka_output/45709_F01_Reference/45709_F01_Reference:NZ_LS483405.1_2172 (length 123)
prokka_output/45709_F01_Reference/45709_F01_Reference:NZ_LS483405.1_2173 (length 58)
prokka_output/45709_F01_Reference/45709_F01_Reference:NZ_LS483405.1_2174 (length 121)
prokka_output/45709_F01_Reference/45709_F01_Reference:NZ_LS483405.1_2175 (length 158)
prokka_output/45709_F01_Reference/45709_F01_Reference:NZ_LS483405.1_2176 (length 164)
prokka_output/45709_F01_Reference/45709_F01_Reference:NZ_LS483405.1_2177 (length 168)
prokka_output/45709_F01_Reference/45709_F01_Reference:NZ_LS483405.1_2178 (length 284)
prokka_output/45709_F01_Reference/45709_F01_Reference:NZ_LS483405.1_2179 (length 241)
prokka_output/45709_F01_Reference/45709_F01_Reference:NZ_LS483405.1_2180 (length 397)
prokka_output/45709_F01_Reference/45709_F01_Reference:NZ_LS483405.1_2181 (length 281)
prokka_output/45709_F01_Reference/45709_F01_Reference:NZ_LS483405.1_2182 (length 439)
prokka_output/45709_F01_Reference/45709_F01_Reference:NZ_LS483405.1_2183 (length 535)
prokka_output/45709_F01_Reference/45709_F01_Reference:NZ_LS483405.1_2184 (length 232)
prokka_output/45709_F01_Reference/45709_F01_Reference:NZ_LS483405.1_2185 (length 314)
prokka_output/45709_F01_Reference/45709_F01_Reference:NZ_LS483405.1_2186 (length 602)
prokka_output/45709_F01_Reference/45709_F01_Reference:NZ_LS483405.1_2187 (length 139)
prokka_output/45709_F01_Reference/45709_F01_Reference:NZ_LS483405.1_2188 (length 283)
prokka_output/45709_F01_Reference/45709_F01_Reference:NZ_LS483405.1_2189 (length 357)
prokka_output/45709_F01_Reference/45709_F01_Reference:NZ_LS483405.1_2190 (length 460)
prokka_output/45709_F01_Reference/45709_F01_Reference:NZ_LS483405.1_2191 (length 297)
prokka_output/45709_F01_Reference/45709_F01_Reference:NZ_LS483405.1_2192 (length 443)
prokka_output/45709_F01_Reference/45709_F01_Reference:NZ_LS483405.1_2193 (length 280)
prokka_output/45709_F01_Reference/45709_F01_Reference:NZ_LS483405.1_2194 (length 282)
prokka_output/45709_F01_Reference/45709_F01_Reference:NZ_LS483405.1_2195 (length 56)
prokka_output/45709_F01_Reference/45709_F01_Reference:NZ_LS483405.1_2196 (length 430)
prokka_output/45709_F01_Reference/45709_F01_Reference:NZ_LS483405.1_2197 (length 240)
prokka_output/45709_F01_Reference/45709_F01_Reference:NZ_LS483405.1_2198 (length 159)
prokka_output/45709_F01_Reference/45709_F01_Reference:NZ_LS483405.1_2199 (length 468)
prokka_output/45709_F01_Reference/45709_F01_Reference:NZ_LS483405.1_2200 (length 312)
prokka_output/45709_F01_Reference/45709_F01_Reference:NZ_LS483405.1_2201 (length 108)
prokka_output/45709_F01_Reference/45709_F01_Reference:NZ_LS483405.1_2202 (length 150)
prokka_output/45709_F01_Reference/45709_F01_Reference:NZ_LS483405.1_2203 (length 215)
prokka_output/45709_F01_Reference/45709_F01_Reference:NZ_LS483405.1_2204 (length 115)
prokka_output/45709_F01_Reference/45709_F01_Reference:NZ_LS483405.1_2205 (length 519)
prokka_output/45709_F01_Reference/45709_F01_Reference:NZ_LS483405.1_2206 (length 187)
prokka_output/45709_F01_Reference/45709_F01_Reference:NZ_LS483405.1_2207 (length 208)
prokka_output/45709_F01_Reference/45709_F01_Reference:NZ_LS483405.1_2208 (length 318)
prokka_output/45709_F01_Reference/45709_F01_Reference:NZ_LS483405.1_2209 (length 157)
prokka_output/45709_F01_Reference/45709_F01_Reference:NZ_LS483405.1_2210 (length 534)
prokka_output/45709_F01_Reference/45709_F01_Reference:NZ_LS483405.1_2211 (length 120)
prokka_output/45709_F01_Reference/45709_F01_Reference:NZ_LS483405.1_2212 (length 656)
prokka_output/45709_F01_Reference/45709_F01_Reference:NZ_LS483405.1_2213 (length 309)
prokka_output/45709_F01_Reference/45709_F01_Reference:NZ_LS483405.1_2214 (length 94)
prokka_output/45709_F01_Reference/45709_F01_Reference:NZ_LS483405.1_2215 (length 132)
prokka_output/45709_F01_Reference/45709_F01_Reference:NZ_LS483405.1_2216 (length 693)
prokka_output/45709_F01_Reference/45709_F01_Reference:NZ_LS483405.1_2217 (length 525)
prokka_output/45709_F01_Reference/45709_F01_Reference:NZ_LS483405.1_2218 (length 564)
prokka_output/45709_F01_Reference/45709_F01_Reference:NZ_LS483405.1_2219 (length 226)
prokka_output/45709_F01_Reference/45709_F01_Reference:NZ_LS483405.1_2220 (length 310)
prokka_output/45709_F01_Reference/45709_F01_Reference:NZ_LS483405.1_2221 (length 127)
prokka_output/45709_F01_Reference/45709_F01_Reference:NZ_LS483405.1_2222 (length 394)
prokka_output/45709_F01_Reference/45709_F01_Reference:NZ_LS483405.1_2223 (length 386)
prokka_output/45709_F01_Reference/45709_F01_Reference:NZ_LS483405.1_2224 (length 208)
prokka_output/45709_F01_Reference/45709_F01_Reference:NZ_LS483405.1_2225 (length 230)
prokka_output/45709_F01_Reference/45709_F01_Reference:NZ_LS483405.1_2226 (length 318)
prokka_output/45709_F01_Reference/45709_F01_Reference:NZ_LS483405.1_2227 (length 362)
prokka_output/45709_F01_Reference/45709_F01_Reference:NZ_LS483405.1_2228 (length 325)
prokka_output/45709_F01_Reference/45709_F01_Reference:NZ_LS483405.1_2229 (length 210)
prokka_output/45709_F01_Reference/45709_F01_Reference:NZ_LS483405.1_2230 (length 186)
prokka_output/45709_F01_Reference/45709_F01_Reference:NZ_LS483405.1_2231 (length 166)
prokka_output/45709_F01_Reference/45709_F01_Reference:NZ_LS483405.1_2232 (length 264)
prokka_output/45709_F01_Reference/45709_F01_Reference:NZ_LS483405.1_2233 (length 465)
prokka_output/45709_F01_Reference/45709_F01_Reference:NZ_LS483405.1_2234 (length 386)
prokka_output/45709_F01_Reference/45709_F01_Reference:NZ_LS483405.1_2235 (length 259)
prokka_output/45709_F01_Reference/45709_F01_Reference:NZ_LS483405.1_2236 (length 580)
prokka_output/45709_F01_Reference/45709_F01_Reference:NZ_LS483405.1_2237 (length 403)
prokka_output/45709_F01_Reference/45709_F01_Reference:NZ_LS483405.1_2238 (length 396)
prokka_output/45709_F01_Reference/45709_F01_Reference:NZ_LS483405.1_2239 (length 115)
prokka_output/45709_F01_Reference/45709_F01_Reference:NZ_LS483405.1_2240 (length 183)
prokka_output/45709_F01_Reference/45709_F01_Reference:NZ_LS483405.1_2241 (length 53)
prokka_output/45709_F01_Reference/45709_F01_Reference:NZ_LS483405.1_2242 (length 130)
prokka_output/45709_F01_Reference/45709_F01_Reference:NZ_LS483405.1_2243 (length 260)
prokka_output/45709_F01_Reference/45709_F01_Reference:NZ_LS483405.1_2244 (length 333)
prokka_output/45709_F01_Reference/45709_F01_Reference:NZ_LS483405.1_2245 (length 291)
prokka_output/45709_F01_Reference/45709_F01_Reference:NZ_LS483405.1_2246 (length 140)
prokka_output/45709_F01_Reference/45709_F01_Reference:NZ_LS483405.1_2247 (length 369)
prokka_output/45709_F01_Reference/45709_F01_Reference:NZ_LS483405.1_2248 (length 109)
prokka_output/45709_F01_Reference/45709_F01_Reference:NZ_LS483405.1_2249 (length 104)
prokka_output/45709_F01_Reference/45709_F01_Reference:NZ_LS483405.1_2250 (length 176)
prokka_output/45709_F01_Reference/45709_F01_Reference:NZ_LS483405.1_2251 (length 277)
prokka_output/45709_F01_Reference/45709_F01_Reference:NZ_LS483405.1_2252 (length 188)
prokka_output/45709_F01_Reference/45709_F01_Reference:NZ_LS483405.1_2253 (length 736)
prokka_output/45709_F01_Reference/45709_F01_Reference:NZ_LS483405.1_2254 (length 350)
prokka_output/45709_F01_Reference/45709_F01_Reference:NZ_LS483405.1_2255 (length 459)
prokka_output/45709_F01_Reference/45709_F01_Reference:NZ_LS483405.1_2256 (length 547)
prokka_output/45709_F01_Reference/45709_F01_Reference:NZ_LS483405.1_2257 (length 166)
prokka_output/45709_F01_Reference/45709_F01_Reference:NZ_LS483405.1_2258 (length 162)
prokka_output/45709_F01_Reference/45709_F01_Reference:NZ_LS483405.1_2259 (length 332)
prokka_output/45709_F01_Reference/45709_F01_Reference:NZ_LS483405.1_2260 (length 460)
prokka_output/45709_F01_Reference/45709_F01_Reference:NZ_LS483405.1_2261 (length 557)
prokka_output/45709_F01_Reference/45709_F01_Reference:NZ_LS483405.1_2262 (length 314)
prokka_output/45709_F01_Reference/45709_F01_Reference:NZ_LS483405.1_2263 (length 218)
prokka_output/45709_F01_Reference/45709_F01_Reference:NZ_LS483405.1_2264 (length 140)
prokka_output/45709_F01_Reference/45709_F01_Reference:NZ_LS483405.1_2265 (length 150)
prokka_output/45709_F01_Reference/45709_F01_Reference:NZ_LS483405.1_2266 (length 301)
prokka_output/45709_F01_Reference/45709_F01_Reference:NZ_LS483405.1_2267 (length 176)
prokka_output/45709_F01_Reference/45709_F01_Reference:NZ_LS483405.1_2268 (length 396)
prokka_output/45709_F01_Reference/45709_F01_Reference:NZ_LS483405.1_2269 (length 95)
prokka_output/45709_F01_Reference/45709_F01_Reference:NZ_LS483405.1_2270 (length 128)
prokka_output/45709_F01_Reference/45709_F01_Reference:NZ_LS483405.1_2271 (length 360)
prokka_output/45709_F01_Reference/45709_F01_Reference:NZ_LS483405.1_2272 (length 311)
prokka_output/45709_F01_Reference/45709_F01_Reference:NZ_LS483405.1_2273 (length 225)
prokka_output/45709_F01_Reference/45709_F01_Reference:NZ_LS483405.1_2274 (length 325)
prokka_output/45709_F01_Reference/45709_F01_Reference:NZ_LS483405.1_2275 (length 390)
prokka_output/45709_F01_Reference/45709_F01_Reference:NZ_LS483405.1_2276 (length 217)
prokka_output/45709_F01_Reference/45709_F01_Reference:NZ_LS483405.1_2277 (length 210)
prokka_output/45709_F01_Reference/45709_F01_Reference:NZ_LS483405.1_2278 (length 130)
prokka_output/45709_F01_Reference/45709_F01_Reference:NZ_LS483405.1_2279 (length 178)
prokka_output/45709_F01_Reference/45709_F01_Reference:NZ_LS483405.1_2280 (length 453)
prokka_output/45709_F01_Reference/45709_F01_Reference:NZ_LS483405.1_2281 (length 227)
prokka_output/45709_F01_Reference/45709_F01_Reference:NZ_LS483405.1_2282 (length 352)
prokka_output/45709_F01_Reference/45709_F01_Reference:NZ_LS483405.1_2283 (length 173)
prokka_output/45709_F01_Reference/45709_F01_Reference:NZ_LS483405.1_2284 (length 396)
prokka_output/45709_F01_Reference/45709_F01_Reference:NZ_LS483405.1_2285 (length 149)
prokka_output/45709_F01_Reference/45709_F01_Reference:NZ_LS483405.1_2286 (length 415)
prokka_output/45709_F01_Reference/45709_F01_Reference:NZ_LS483405.1_2287 (length 155)
prokka_output/45709_F01_Reference/45709_F01_Reference:NZ_LS483405.1_2288 (length 243)
prokka_output/45709_F01_Reference/45709_F01_Reference:NZ_LS483405.1_2289 (length 295)
prokka_output/45709_F01_Reference/45709_F01_Reference:NZ_LS483405.1_2290 (length 510)
prokka_output/45709_F01_Reference/45709_F01_Reference:NZ_LS483405.1_2291 (length 334)
prokka_output/45709_F01_Reference/45709_F01_Reference:NZ_LS483405.1_2292 (length 318)
prokka_output/45709_F01_Reference/45709_F01_Reference:NZ_LS483405.1_2293 (length 335)
prokka_output/45709_F01_Reference/45709_F01_Reference:NZ_LS483405.1_2294 (length 164)
prokka_output/45709_F01_Reference/45709_F01_Reference:NZ_LS483405.1_2295 (length 323)
prokka_output/45709_F01_Reference/45709_F01_Reference:NZ_LS483405.1_2296 (length 544)
prokka_output/45709_F01_Reference/45709_F01_Reference:NZ_LS483405.1_2297 (length 295)
prokka_output/45709_F01_Reference/45709_F01_Reference:NZ_LS483405.1_2298 (length 269)
prokka_output/45709_F01_Reference/45709_F01_Reference:NZ_LS483405.1_2299 (length 370)
prokka_output/45709_F01_Reference/45709_F01_Reference:NZ_LS483405.1_2300 (length 314)
prokka_output/45709_F01_Reference/45709_F01_Reference:NZ_LS483405.1_2301 (length 364)
prokka_output/45709_F01_Reference/45709_F01_Reference:NZ_LS483405.1_2302 (length 461)
prokka_output/45709_F01_Reference/45709_F01_Reference:NZ_LS483405.1_2303 (length 347)
prokka_output/45709_F01_Reference/45709_F01_Reference:NZ_LS483405.1_2304 (length 476)
prokka_output/45709_F01_Reference/45709_F01_Reference:NZ_LS483405.1_2305 (length 473)
prokka_output/45709_F01_Reference/45709_F01_Reference:NZ_LS483405.1_2306 (length 626)
prokka_output/45709_F01_Reference/45709_F01_Reference:NZ_LS483405.1_2307 (length 418)
prokka_output/45709_F01_Reference/45709_F01_Reference:NZ_LS483405.1_2308 (length 82)
prokka_output/45709_F01_Reference/45709_F01_Reference:NZ_LS483405.1_2309 (length 86)
prokka_output/45709_F01_Reference/45709_F01_Reference:NZ_LS483405.1_2310 (length 52)
prokka_output/45709_F01_Reference/45709_F01_Reference:NZ_LS483405.1_2311 (length 389)
prokka_output/45709_F01_Reference/45709_F01_Reference:NZ_LS483405.1_2312 (length 63)
prokka_output/45709_F01_Reference/45709_F01_Reference:NZ_LS483405.1_2313 (length 296)
prokka_output/45709_F01_Reference/45709_F01_Reference:NZ_LS483405.1_2314 (length 501)
prokka_output/45709_F01_Reference/45709_F01_Reference:NZ_LS483405.1_2315 (length 88)
prokka_output/45709_F01_Reference/45709_F01_Reference:NZ_LS483405.1_2316 (length 83)
prokka_output/45709_F01_Reference/45709_F01_Reference:NZ_LS483405.1_2317 (length 137)
prokka_output/45709_F01_Reference/45709_F01_Reference:NZ_LS483405.1_2318 (length 287)
prokka_output/45709_F01_Reference/45709_F01_Reference:NZ_LS483405.1_2319 (length 510)
prokka_output/45709_F01_Reference/45709_F01_Reference:NZ_LS483405.1_2320 (length 246)
prokka_output/45709_F01_Reference/45709_F01_Reference:NZ_LS483405.1_2321 (length 212)
prokka_output/45709_F01_Reference/45709_F01_Reference:NZ_LS483405.1_2322 (length 239)
prokka_output/45709_F01_Reference/45709_F01_Reference:NZ_LS483405.1_2323 (length 407)
prokka_output/45709_F01_Reference/45709_F01_Reference:NZ_LS483405.1_2324 (length 239)
prokka_output/45709_F01_Reference/45709_F01_Reference:NZ_LS483405.1_2325 (length 299)
prokka_output/45709_F01_Reference/45709_F01_Reference:NZ_LS483405.1_2326 (length 292)
prokka_output/45709_F01_Reference/45709_F01_Reference:NZ_LS483405.1_2327 (length 457)
prokka_output/45709_F01_Reference/45709_F01_Reference:NZ_LS483405.1_2328 (length 334)
prokka_output/45709_F01_Reference/45709_F01_Reference:NZ_LS483405.1_2329 (length 230)
prokka_output/45709_F01_Reference/45709_F01_Reference:NZ_LS483405.1_2330 (length 152)
prokka_output/45709_F01_Reference/45709_F01_Reference:NZ_LS483405.1_2331 (length 153)
prokka_output/45709_F01_Reference/45709_F01_Reference:NZ_LS483405.1_2332 (length 180)
prokka_output/45709_F01_Reference/45709_F01_Reference:NZ_LS483405.1_2333 (length 45)
prokka_output/45709_F01_Reference/45709_F01_Reference:NZ_LS483405.1_2334 (length 224)
prokka_output/45709_F01_Reference/45709_F01_Reference:NZ_LS483405.1_2335 (length 651)
prokka_output/45709_F01_Reference/45709_F01_Reference:NZ_LS483405.1_2336 (length 403)
prokka_output/45709_F01_Reference/45709_F01_Reference:NZ_LS483405.1_2337 (length 255)
prokka_output/45709_F01_Reference/45709_F01_Reference:NZ_LS483405.1_2338 (length 178)
prokka_output/45709_F01_Reference/45709_F01_Reference:NZ_LS483405.1_2339 (length 138)
prokka_output/45709_F01_Reference/45709_F01_Reference:NZ_LS483405.1_2340 (length 387)
prokka_output/45709_F01_Reference/45709_F01_Reference:NZ_LS483405.1_2341 (length 205)
prokka_output/45709_F01_Reference/45709_F01_Reference:NZ_LS483405.1_2342 (length 375)
prokka_output/45709_F01_Reference/45709_F01_Reference:NZ_LS483405.1_2343 (length 387)
prokka_output/45709_F01_Reference/45709_F01_Reference:NZ_LS483405.1_2344 (length 212)
prokka_output/45709_F01_Reference/45709_F01_Reference:NZ_LS483405.1_2345 (length 388)
prokka_output/45709_F01_Reference/45709_F01_Reference:NZ_LS483405.1_2346 (length 67)
prokka_output/45709_F01_Reference/45709_F01_Reference:NZ_LS483405.1_2347 (length 144)
prokka_output/45709_F01_Reference/45709_F01_Reference:NZ_LS483405.1_2348 (length 648)
prokka_output/45709_F01_Reference/45709_F01_Reference:NZ_LS483405.1_2349 (length 199)
prokka_output/45709_F01_Reference/45709_F01_Reference:NZ_LS483405.1_2350 (length 885)
prokka_output/45709_F01_Reference/45709_F01_Reference:NZ_LS483405.1_2351 (length 155)
prokka_output/45709_F01_Reference/45709_F01_Reference:NZ_LS483405.1_2352 (length 207)
prokka_output/45709_F01_Reference/45709_F01_Reference:NZ_LS483405.1_2353 (length 477)
prokka_output/45709_F01_Reference/45709_F01_Reference:NZ_LS483405.1_2354 (length 197)
prokka_output/45709_F01_Reference/45709_F01_Reference:NZ_LS483405.1_2355 (length 197)
prokka_output/45709_F01_Reference/45709_F01_Reference:NZ_LS483405.1_2356 (length 72)
prokka_output/45709_F01_Reference/45709_F01_Reference:NZ_LS483405.1_2357 (length 158)
prokka_output/45709_F01_Reference/45709_F01_Reference:NZ_LS483405.1_2358 (length 76)
prokka_output/45709_F01_Reference/45709_F01_Reference:NZ_LS483405.1_2359 (length 347)
prokka_output/45709_F01_Reference/45709_F01_Reference:NZ_LS483405.1_2360 (length 157)
prokka_output/45709_F01_Reference/45709_F01_Reference:NZ_LS483405.1_2361 (length 149)
prokka_output/45709_F01_Reference/45709_F01_Reference:NZ_LS483405.1_2362 (length 217)
prokka_output/45709_F01_Reference/45709_F01_Reference:NZ_LS483405.1_2363 (length 285)
prokka_output/45709_F01_Reference/45709_F01_Reference:NZ_LS483405.1_2364 (length 223)
prokka_output/45709_F01_Reference/45709_F01_Reference:NZ_LS483405.1_2365 (length 123)
prokka_output/45709_F01_Reference/45709_F01_Reference:NZ_LS483405.1_2366 (length 216)
prokka_output/45709_F01_Reference/45709_F01_Reference:NZ_LS483405.1_2367 (length 333)
prokka_output/45709_F01_Reference/45709_F01_Reference:NZ_LS483405.1_2368 (length 321)
prokka_output/45709_F01_Reference/45709_F01_Reference:NZ_LS483405.1_2369 (length 628)
prokka_output/45709_F01_Reference/45709_F01_Reference:NZ_LS483405.1_2370 (length 144)
prokka_output/45709_F01_Reference/45709_F01_Reference:NZ_LS483405.1_2371 (length 285)
prokka_output/45709_F01_Reference/45709_F01_Reference:NZ_LS483405.1_2372 (length 752)
prokka_output/45709_F01_Reference/45709_F01_Reference:NZ_LS483405.1_2373 (length 253)
prokka_output/45709_F01_Reference/45709_F01_Reference:NZ_LS483405.1_2374 (length 301)
prokka_output/45709_F01_Reference/45709_F01_Reference:NZ_LS483405.1_2375 (length 1262)
prokka_output/45709_F01_Reference/45709_F01_Reference:NZ_LS483405.1_2376 (length 1201)
prokka_output/45709_F01_Reference/45709_F01_Reference:NZ_LS483405.1_2377 (length 380)
prokka_output/45709_F01_Reference/45709_F01_Reference:NZ_LS483405.1_2378 (length 337)
prokka_output/45709_F01_Reference/45709_F01_Reference:NZ_LS483405.1_2379 (length 124)
prokka_output/45709_F01_Reference/45709_F01_Reference:NZ_LS483405.1_2380 (length 199)
prokka_output/45709_F01_Reference/45709_F01_Reference:NZ_LS483405.1_2381 (length 327)
prokka_output/45709_F01_Reference/45709_F01_Reference:NZ_LS483405.1_2382 (length 436)
prokka_output/45709_F01_Reference/45709_F01_Reference:NZ_LS483405.1_2383 (length 176)
prokka_output/45709_F01_Reference/45709_F01_Reference:NZ_LS483405.1_2384 (length 324)
prokka_output/45709_F01_Reference/45709_F01_Reference:NZ_LS483405.1_2385 (length 258)
prokka_output/45709_F01_Reference/45709_F01_Reference:NZ_LS483405.1_2386 (length 304)
prokka_output/45709_F01_Reference/45709_F01_Reference:NZ_LS483405.1_2387 (length 1038)
prokka_output/45709_F01_Reference/45709_F01_Reference:NZ_LS483405.1_2388 (length 173)
prokka_output/45709_F01_Reference/45709_F01_Reference:NZ_LS483405.1_2389 (length 208)
prokka_output/45709_F01_Reference/45709_F01_Reference:NZ_LS483405.1_2390 (length 216)
prokka_output/45709_F01_Reference/45709_F01_Reference:NZ_LS483405.1_2391 (length 606)
prokka_output/45709_F01_Reference/45709_F01_Reference:NZ_LS483405.1_2392 (length 540)
prokka_output/45709_F01_Reference/45709_F01_Reference:NZ_LS483405.1_2393 (length 491)
prokka_output/45709_F01_Reference/45709_F01_Reference:NZ_LS483405.1_2394 (length 301)
prokka_output/45709_F01_Reference/45709_F01_Reference:NZ_LS483405.1_2395 (length 485)
prokka_output/45709_F01_Reference/45709_F01_Reference:NZ_LS483405.1_2396 (length 51)
prokka_output/45709_F01_Reference/45709_F01_Reference:NZ_LS483405.1_2397 (length 275)
prokka_output/45709_F01_Reference/45709_F01_Reference:NZ_LS483405.1_2398 (length 179)
prokka_output/45709_F01_Reference/45709_F01_Reference:NZ_LS483405.1_2399 (length 124)
prokka_output/45709_F01_Reference/45709_F01_Reference:NZ_LS483405.1_2400 (length 123)
prokka_output/45709_F01_Reference/45709_F01_Reference:NZ_LS483405.1_2401 (length 665)
prokka_output/45709_F01_Reference/45709_F01_Reference:NZ_LS483405.1_2402 (length 394)
prokka_output/45709_F01_Reference/45709_F01_Reference:NZ_LS483405.1_2403 (length 101)
prokka_output/45709_F01_Reference/45709_F01_Reference:NZ_LS483405.1_2404 (length 214)
prokka_output/45709_F01_Reference/45709_F01_Reference:NZ_LS483405.1_2405 (length 443)
prokka_output/45709_F01_Reference/45709_F01_Reference:NZ_LS483405.1_2406 (length 154)
prokka_output/45709_F01_Reference/45709_F01_Reference:NZ_LS483405.1_2407 (length 195)
prokka_output/45709_F01_Reference/45709_F01_Reference:NZ_LS483405.1_2408 (length 418)
prokka_output/45709_F01_Reference/45709_F01_Reference:NZ_LS483405.1_2409 (length 402)
prokka_output/45709_F01_Reference/45709_F01_Reference:NZ_LS483405.1_2410 (length 174)
prokka_output/45709_F01_Reference/45709_F01_Reference:NZ_LS483405.1_2411 (length 177)
prokka_output/45709_F01_Reference/45709_F01_Reference:NZ_LS483405.1_2412 (length 215)
prokka_output/45709_F01_Reference/45709_F01_Reference:NZ_LS483405.1_2413 (length 449)
prokka_output/45709_F01_Reference/45709_F01_Reference:NZ_LS483405.1_2414 (length 87)
prokka_output/45709_F01_Reference/45709_F01_Reference:NZ_LS483405.1_2415 (length 227)
prokka_output/45709_F01_Reference/45709_F01_Reference:NZ_LS483405.1_2416 (length 78)
prokka_output/45709_F01_Reference/45709_F01_Reference:NZ_LS483405.1_2417 (length 129)
prokka_output/45709_F01_Reference/45709_F01_Reference:NZ_LS483405.1_2418 (length 636)
prokka_output/45709_F01_Reference/45709_F01_Reference:NZ_LS483405.1_2419 (length 464)
prokka_output/45709_F01_Reference/45709_F01_Reference:NZ_LS483405.1_2420 (length 255)
prokka_output/45709_F01_Reference/45709_F01_Reference:NZ_LS483405.1_2421 (length 277)
prokka_output/45709_F01_Reference/45709_F01_Reference:NZ_LS483405.1_2422 (length 118)
prokka_output/45709_F01_Reference/45709_F01_Reference:NZ_LS483405.1_2423 (length 44)

DiscRep_ALL:DISC_INCONSISTENT_MOLINFO_TECH::Molinfo Technique Report (some missing, all same)
DiscRep_SUB:DISC_INCONSISTENT_MOLINFO_TECH::technique (all missing)
DiscRep_SUB:DISC_INCONSISTENT_MOLINFO_TECH::1 Molinfos are missing field technique
prokka_output/45709_F01_Reference/45709_F01_Reference:NZ_LS483405.1 (length 2494328)

